[Info] [carb] Logging to file: /home/alessandro/isaacsim/kit/logs/Kit/Isaac-Sim Python/4.5/kit_20260723_105103.log
2026-07-23 09:51:03 [0ms] [Warning] [omni.kit.app.plugin] No crash reporter present, dumps uploading isn't available.
[0.038s] [ext: omni.kit.async_engine-0.0.1] startup
[0.306s] [ext: omni.metrics.core-0.0.1] startup
[0.306s] [ext: omni.client.lib-1.0.0] startup
[0.321s] [ext: omni.blobkey-1.1.2] startup
[0.321s] [ext: omni.stats-1.0.1] startup
[0.322s] [ext: omni.datastore-0.0.0] startup
[0.326s] [ext: omni.client-1.2.2] startup
[0.379s] [ext: omni.ujitso.default-1.0.0] startup
[0.380s] [ext: omni.hsscclient-1.1.1] startup
[0.383s] [ext: omni.gpu_foundation.shadercache.vulkan-1.0.0] startup
[0.385s] [ext: omni.assets.plugins-0.0.0] startup
[0.386s] [ext: omni.gpu_foundation-0.0.0] startup
[0.390s] [ext: carb.windowing.plugins-1.0.0] startup
[0.395s] [ext: omni.kit.renderer.init-0.0.0] startup
2026-07-23 09:51:04 [739ms] [Warning] [gpu.foundation.plugin] Skipping unsupported non-NVIDIA GPU: Intel(R) Graphics (RPL-P)
2026-07-23 09:51:04 [739ms] [Warning] [gpu.foundation.plugin] Skipping unsupported non-NVIDIA GPU: Intel(R) Graphics (RPL-P)

|---------------------------------------------------------------------------------------------|
| Driver Version: 575.57.08     | Graphics API: Vulkan
|=============================================================================================|
| GPU | Name                             | Active | LDA | GPU Memory | Vendor-ID | LUID       |
|     |                                  |        |     |            | Device-ID | UUID       |
|     |                                  |        |     |            | Bus-ID    |            |
|---------------------------------------------------------------------------------------------|
| 0   | NVIDIA GeForce RTX 4080 Laptop.. | Yes: 0 |     | 12282   MB | 10de      | 0          |
|     |                                  |        |     |            | 27e0      | d30f32f4.. |
|     |                                  |        |     |            | 1         |            |
|---------------------------------------------------------------------------------------------|
| 1   | Intel(R) Graphics (RPL-P)        |        |     | 23831   MB | 8086      | 0          |
|     |                                  |        |     |            | a7a0      | 8680a0a7.. |
|     |                                  |        |     |            | 0         |            |
|=============================================================================================|
| OS: 22.04.5 LTS (Jammy Jellyfish) ubuntu, Version: 22.04.5, Kernel: 6.8.0-124-generic
| XServer Vendor: The X.Org Foundation, XServer Version: 12101004 (1.21.1.4)
| Processor: 13th Gen Intel(R) Core(TM) i9-13900HK
| Bare Metal Cores: 14 | Bare Metal Logical Cores: 28
| Available Cores:  20 
|---------------------------------------------------------------------------------------------|
| Total Memory (MB): 31775 | Free Memory: 26236
| Total Page/Swap (MB): 2047 | Free Page/Swap: 2047
|---------------------------------------------------------------------------------------------|
2026-07-23 09:51:04 [1,026ms] [Warning] [gpu.foundation.plugin] IOMMU is enabled.
2026-07-23 09:51:04 [1,026ms] [Warning] [gpu.foundation.plugin] Detected IOMMU is enabled. Running CUDA peer-to-peer bandwidth and latency validation.
Unidirectional P2P=Enabled Bandwidth (P2P Writes) Matrix (GB/s)
   D\D     0 
     0 246.57 
P2P=Enabled Latency (P2P Writes) Matrix (us)
   GPU     0 
     0   1.52 

   CPU     0 
     0   1.32 
[1.167s] [ext: omni.kit.pipapi-0.0.0] startup
[1.168s] [ext: omni.kit.pip_archive-0.0.0] startup
[1.168s] [ext: omni.pip.compute-1.4.5] startup
[1.168s] [ext: omni.materialx.libs-1.0.6] startup
[1.174s] [ext: omni.kit.telemetry-0.5.1] startup
[1.187s] [ext: omni.pip.cloud-1.1.7] startup
[1.190s] [ext: omni.isaac.core_archive-2.3.3] startup
[1.191s] [ext: omni.usd.config-1.0.5] startup
[1.193s] [ext: omni.gpucompute.plugins-0.0.0] startup
[1.193s] [ext: omni.usd.libs-1.0.1] startup
[1.251s] [ext: omni.isaac.ml_archive-2.1.2] startup
[1.252s] [ext: omni.mdl-55.0.1] startup
[1.266s] [ext: omni.iray.libs-0.0.0] startup
[1.269s] [ext: omni.mdl.neuraylib-0.2.10] startup
[1.270s] [ext: omni.kit.usd.mdl-1.0.7] startup
[1.338s] [ext: omni.kit.loop-isaac-1.2.1] startup
[1.339s] [ext: omni.kit.test-1.1.2] startup
[1.373s] [ext: omni.appwindow-1.1.9] startup
[2.127s] [ext: omni.kit.renderer.core-1.0.2] startup
[4.269s] [ext: omni.kit.renderer.capture-0.0.0] startup
[4.271s] [ext: omni.kit.renderer.imgui-1.0.2] startup
[4.324s] [ext: omni.ui-2.26.5] startup
[4.331s] [ext: omni.kit.mainwindow-1.0.3] startup
[4.331s] [ext: carb.audio-0.1.0] startup
[4.333s] [ext: omni.uiaudio-1.0.0] startup
[4.334s] [ext: omni.kit.uiapp-0.0.0] startup
[4.334s] [ext: omni.usd.schema.metrics.assembler-106.5.0] startup
[4.340s] [ext: omni.usd.schema.anim-0.0.0] startup
[4.354s] [ext: omni.usd.schema.isaac-3.0.2] startup
[4.354s] [ext: omni.usd.schema.geospatial-0.0.0] startup
[4.356s] [ext: omni.usd.schema.physx-106.5.7] startup
[4.377s] [ext: omni.usd.schema.audio-0.0.0] startup
[4.379s] [ext: omni.usd.schema.semantics-0.0.0] startup
[4.381s] [ext: omni.usd_resolver-1.0.0] startup
[4.383s] [ext: usdrt.scenegraph-7.5.1] startup
[4.410s] [ext: omni.kit.actions.core-1.0.0] startup
[4.412s] [ext: omni.timeline-1.0.11] startup
[4.413s] [ext: omni.usd.core-1.4.2] startup
[4.415s] [ext: omni.resourcemonitor-107.0.0] startup
[4.416s] [ext: omni.activity.core-1.0.1] startup
[4.417s] [ext: omni.kit.audiodeviceenum-1.0.1] startup
[4.418s] [ext: omni.hydra.usdrt_delegate-7.5.1] startup
[4.425s] [ext: omni.graph.exec-0.9.4] startup
[4.425s] [ext: omni.kit.window.popup_dialog-2.0.24] startup
[4.428s] [ext: omni.kit.exec.core-0.13.4] startup
[4.429s] [ext: omni.kit.widget.nucleus_connector-1.1.10] startup
[4.431s] [ext: omni.kit.usd_undo-0.1.8] startup
[4.431s] [ext: omni.kit.commands-1.4.9] startup
[4.433s] [ext: omni.hydra.scene_delegate-0.3.3] startup
[4.436s] [ext: omni.usd-1.12.4] startup
[4.467s] [ext: omni.kit.asset_converter-2.8.3] startup
[4.475s] [ext: omni.usd.schema.omniscripting-1.0.0] startup
[4.478s] [ext: omni.usd.schema.omnigraph-1.0.0] startup
[4.483s] [ext: omni.usd.schema.forcefield-106.5.7] startup
[4.486s] [ext: isaacsim.robot.schema-3.1.2] startup
[4.492s] [ext: omni.inspect-1.0.1] startup
[4.493s] [ext: omni.kit.notification_manager-1.0.9] startup
[4.494s] [ext: omni.graph.core-2.181.8] startup
[4.495s] [ext: isaacsim.core.deprecation_manager-0.2.2] startup
[4.496s] [ext: omni.index.libs-380600.1777.0] startup
[4.496s] [ext: omni.ujitso.processor.texture-1.0.0] startup
[4.497s] [ext: omni.index-1.0.1] startup
[4.497s] [ext: omni.kit.widget.path_field-2.0.11] startup
[4.498s] [ext: omni.volume-0.5.0] startup
[4.501s] [ext: omni.ujitso.client-0.0.0] startup
[4.502s] [ext: omni.hydra.rtx.shadercache.vulkan-1.0.0] startup
[4.502s] [ext: omni.kit.widget.browser_bar-2.0.10] startup
[4.503s] [ext: omni.kit.clipboard-1.0.5] startup
[4.503s] [ext: omni.hydra.rtx-1.0.0] startup
2026-07-23 09:51:08 [4,492ms] [Warning] [omni.log] Source: omni.hydra was already registered.
[4.519s] [ext: omni.kit.viewport.registry-104.0.6] startup
[4.519s] [ext: omni.kit.helper.file_utils-0.1.9] startup
[4.520s] [ext: omni.kit.widget.options_menu-1.1.6] startup
[4.522s] [ext: omni.kit.menu.core-1.1.2] startup
[4.523s] [ext: omni.kit.widget.filebrowser-2.10.52] startup
[4.526s] [ext: omni.ui.scene-1.11.2] startup
[4.529s] [ext: omni.kit.widget.options_button-1.0.3] startup
[4.529s] [ext: omni.kit.widget.context_menu-1.2.4] startup
[4.530s] [ext: omni.kit.viewport.legacy_gizmos-1.0.16] startup
[4.532s] [ext: omni.kit.usd.layers-2.2.0] startup
[4.537s] [ext: omni.kit.window.filepicker-2.11.7] startup
[4.545s] [ext: omni.kit.hydra_texture-1.4.0] startup
[4.548s] [ext: omni.kit.viewport.scene_camera_model-1.0.5] startup
[4.552s] [ext: omni.kit.context_menu-1.8.3] startup
[4.553s] [ext: omni.kit.window.file_importer-1.1.14] startup
[4.555s] [ext: omni.kit.menu.utils-1.7.7] startup
[4.559s] [ext: omni.kit.widget.viewport-107.0.7] startup
[4.562s] [ext: omni.kit.window.drop_support-1.0.4] startup
[4.562s] [ext: omni.kit.raycast.query-1.0.5] startup
[4.566s] [ext: omni.kit.material.library-1.5.15] startup
[4.569s] [ext: omni.hydra.engine.stats-1.0.3] startup
[4.571s] [ext: omni.kit.viewport.window-107.0.8] startup
[4.583s] [ext: omni.warp.core-1.5.0] startup
[4.764s] [ext: omni.kit.viewport.utility-1.0.18] startup
[4.765s] [ext: omni.kit.hotkeys.core-1.3.10] startup
[4.765s] [ext: omni.kit.widget.prompt-1.0.7] startup
[4.766s] [ext: omni.kit.usd.collect-2.2.22] startup
[4.767s] [ext: omni.kit.window.content_browser_registry-0.0.6] startup
[4.768s] [ext: omni.graph.tools-1.79.1] startup
[4.782s] [ext: omni.kit.window.file_exporter-1.0.31] startup
[4.783s] [ext: omni.kit.stage_template.core-1.1.22] startup
[4.784s] [ext: omni.graph.image.core-0.6.0] startup
[4.784s] [ext: omni.graph.action_core-1.1.7] startup
[4.786s] [ext: omni.graph-1.140.2] startup
[4.816s] [ext: omni.kit.window.file-1.3.57] startup
[4.819s] [ext: omni.kit.widget.filter-1.1.4] startup
[4.821s] [ext: omni.graph.image.nodes-1.3.0] startup
[4.823s] [ext: omni.graph.action_nodes-1.40.1] startup
[4.826s] [ext: omni.kit.window.content_browser-2.10.3] startup
[4.843s] [ext: omni.kvdb-106.5.7] startup
[4.845s] [ext: omni.graph.action-1.120.0] startup
[4.845s] [ext: omni.kit.tool.collect-2.2.16] startup
[4.851s] [ext: omni.graph.nodes-1.162.1] startup
[4.872s] [ext: omni.kit.widget.searchfield-1.1.8] startup
[4.884s] [ext: omni.localcache-106.5.7] startup
[4.886s] [ext: omni.convexdecomposition-106.5.7] startup
[4.890s] [ext: omni.kit.widget.stage_icons-1.0.6] startup
[4.891s] [ext: omni.kit.widget.stage-2.11.6] startup
[4.899s] [ext: omni.usdphysics-106.5.7] startup
[4.902s] [ext: omni.physx.foundation-106.5.7] startup
[4.903s] [ext: omni.physics.tensors-106.5.7] startup
[4.909s] [ext: omni.kit.window.stage-2.5.11] startup
[4.912s] [ext: omni.kit.property.adapter.core-1.0.2] startup
[4.914s] [ext: omni.physx.cooking-106.5.7] startup
[4.920s] [ext: omni.kit.widget.zoombar-1.0.5] startup
[4.921s] [ext: omni.kit.widget.highlight_label-1.0.3] startup
[4.922s] [ext: omni.kit.property.adapter.usd-1.0.2] startup
[4.923s] [ext: omni.kit.property.adapter.fabric-1.0.3] startup
[4.924s] [ext: omni.physx-106.5.7] startup
[4.933s] [ext: omni.kit.browser.core-2.3.11] startup
[4.942s] [ext: omni.kit.window.property-1.11.5] startup
[4.944s] [ext: omni.kit.widget.text_editor-1.0.2] startup
[4.945s] [ext: omni.kit.property.usd-4.2.16] startup
[4.951s] [ext: omni.physx.tensors-106.5.7] startup
[4.956s] [ext: omni.kit.menu.stage-1.2.5] startup
[4.956s] [ext: omni.kit.browser.folder.core-1.10.1] startup
[4.961s] [ext: omni.warp-1.5.0] startup
[4.966s] [ext: isaacsim.examples.browser-0.1.8] startup
[4.969s] [ext: omni.physx.stageupdate-106.5.7] startup
[4.972s] [ext: omni.kit.numpy.common-0.1.2] startup
[4.974s] [ext: isaacsim.core.version-2.0.2] startup
[4.975s] [ext: omni.isaac.dynamic_control-1.3.15] startup
2026-07-23 09:51:08 [4,962ms] [Warning] [omni.isaac.dynamic_control] omni.isaac.dynamic_control is deprecated as of Isaac Sim 4.5. No action is needed from end-users.
[4.980s] [ext: isaacsim.storage.native-1.0.6] startup
[4.982s] [ext: omni.kit.menu.create-1.0.17] startup
[4.984s] [ext: isaacsim.core.utils-2.2.8] startup
[4.988s] [ext: omni.kit.widget.searchable_combobox-1.0.6] startup
[4.998s] [ext: omni.kit.primitive.mesh-1.0.17] startup
[5.017s] [ext: isaacsim.core.simulation_manager-0.3.3] startup
[5.978s] [ext: omni.kit.scripting-106.5.2] startup
[5.982s] [ext: omni.kit.stage_templates-1.2.6] startup
[5.984s] [ext: isaacsim.core.prims-0.3.7] startup
[6.000s] [ext: isaacsim.replicator.behavior-1.0.8] startup
[6.002s] [ext: isaacsim.core.api-4.2.16] startup
[6.009s] [ext: omni.ui_query-1.1.7] startup
[6.011s] [ext: omni.kit.manipulator.viewport-107.0.1] startup
[6.012s] [ext: omni.kit.ui_test-1.3.3] startup
[6.014s] [ext: omni.kit.window.extensions-1.4.25] startup
[6.021s] [ext: omni.graph.visualization.nodes-2.1.1] startup
[6.025s] [ext: omni.kit.tool.asset_importer-2.12.2] startup
[6.035s] [ext: isaacsim.gui.components-1.0.9] startup
[6.039s] [ext: omni.kit.widget.settings-1.2.2] startup
[6.044s] [ext: omni.kit.widget.graph-1.12.17] startup
[6.049s] [ext: omni.kit.window.preferences-1.7.0] startup
[6.054s] [ext: omni.kit.graph.delegate.default-1.2.2] startup
[6.054s] [ext: omni.kit.viewport.menubar.core-107.1.2] startup
[6.064s] [ext: omni.kit.widget.material_preview-1.0.16] startup
[6.065s] [ext: omni.kit.graph.usd.commands-1.3.1] startup
[6.066s] [ext: omni.kit.graph.editor.core-1.5.3] startup
[6.068s] [ext: omni.syntheticdata-0.6.10] startup
[6.089s] [ext: omni.kit.window.material_graph-1.8.19] startup
[6.115s] [ext: omni.graph.scriptnode-1.40.1] startup
[6.116s] [ext: isaacsim.core.cloner-1.3.4] startup
[6.119s] [ext: omni.replicator.core-1.11.35] startup
2026-07-23 09:51:09 [6,173ms] [Warning] [omni.replicator.core.scripts.extension] No material configuration file, adding configuration to material settings directly.
[6.192s] [ext: omni.isaac.cloner-1.0.2] startup
2026-07-23 09:51:09 [6,177ms] [Warning] [omni.isaac.cloner] omni.isaac.cloner has been deprecated in favor of isaacsim.core.cloner. Please update your code accordingly.
[6.195s] [ext: isaacsim.core.nodes-2.1.4] startup
[6.201s] [ext: isaacsim.asset.importer.urdf-2.3.10] startup
[6.270s] [ext: omni.isaac.core-4.0.3] startup
2026-07-23 09:51:09 [6,254ms] [Warning] [omni.isaac.core.physics_context.physics_context] omni.isaac.core.physics_context.physics_context has been deprecated in favor of isaacsim.core.api.physics_context.physics_context. Please update your code accordingly.
2026-07-23 09:51:09 [6,254ms] [Warning] [omni.isaac.core.simulation_context.simulation_context] omni.isaac.core.simulation_context.simulation_context has been deprecated in favor of isaacsim.core.api.simulation_context.simulation_context. Please update your code accordingly.
2026-07-23 09:51:09 [6,255ms] [Warning] [omni.isaac.core.world.world] omni.isaac.core.world.world has been deprecated in favor of isaacsim.core.api.world.world. Please update your code accordingly.
2026-07-23 09:51:09 [6,255ms] [Warning] [omni.isaac.core] omni.isaac.core has been deprecated in favor of isaacsim.core.api. Please update your code accordingly.
[6.273s] [ext: omni.isaac.core_nodes-2.0.2] startup
2026-07-23 09:51:09 [6,258ms] [Warning] [omni.isaac.core_nodes] omni.isaac.core_nodes has been deprecated in favor of isaacsim.core.nodes. Please update your code accordingly.
[6.275s] [ext: omni.anim.curve.core-1.2.0] startup
[6.299s] [ext: isaacsim.robot_motion.lula-4.0.4] startup
[6.307s] [ext: isaacsim.asset.importer.mjcf-2.3.3] startup
[6.320s] [ext: isaacsim.robot_motion.motion_generation-8.0.6] startup
[6.343s] [ext: isaacsim.asset.browser-1.3.4] startup
[6.421s] [ext: isaacsim.robot.surface_gripper-2.0.6] startup
[6.425s] [ext: omni.kit.selection-0.1.5] startup
[6.428s] [ext: isaacsim.robot_motion.lula_test_widget-1.0.5] startup
[6.432s] [ext: omni.isaac.assets_check-0.3.9] startup
2026-07-23 09:51:10 [6,416ms] [Warning] [omni.isaac.assets_check] omni.isaac.assets_check has been deprecated in favor of isaacsim.asset.browser. Please update your code accordingly.
[6.433s] [ext: isaacsim.robot.manipulators-3.0.4] startup
[6.444s] [ext: isaacsim.sensors.physics-0.3.5] startup
[6.452s] [ext: isaacsim.gui.menu-2.0.9] startup
[6.481s] [ext: omni.isaac.lula_test_widget-1.0.2] startup
2026-07-23 09:51:10 [6,465ms] [Warning] [omni.isaac.lula_test_widget] omni.isaac.lula_test_widget has been deprecated in favor of isaacsim.robot_motion.lula_test_widget. Please update your code accordingly.
[6.482s] [ext: omni.sensors.nv.common-2.5.0-coreapi] startup
[6.491s] [ext: omni.isaac.manipulators-3.0.3] startup
2026-07-23 09:51:10 [6,475ms] [Warning] [omni.isaac.manipulators] omni.isaac.manipulators has been deprecated in favor of isaacsim.robot.manipulators. Please update your code accordingly.
2026-07-23 09:51:10 [6,475ms] [Warning] [omni.isaac.manipulators.controllers] omni.isaac.manipulators has been deprecated in favor of isaacsim.robot.manipulators. Please update your code accordingly.
2026-07-23 09:51:10 [6,475ms] [Warning] [omni.isaac.manipulators.controllers.pick_place_controller] omni.isaac.manipulators has been deprecated in favor of isaacsim.robot.manipulators. Please update your code accordingly.
2026-07-23 09:51:10 [6,476ms] [Warning] [omni.isaac.manipulators.controllers.stacking_controller] omni.isaac.manipulators has been deprecated in favor of isaacsim.robot.manipulators. Please update your code accordingly.
2026-07-23 09:51:10 [6,476ms] [Warning] [omni.isaac.manipulators.grippers] omni.isaac.manipulators has been deprecated in favor of isaacsim.robot.manipulators. Please update your code accordingly.
2026-07-23 09:51:10 [6,476ms] [Warning] [omni.isaac.manipulators.grippers.gripper] omni.isaac.manipulators has been deprecated in favor of isaacsim.robot.manipulators. Please update your code accordingly.
2026-07-23 09:51:10 [6,476ms] [Warning] [omni.isaac.manipulators.grippers.parallel_gripper] omni.isaac.manipulators has been deprecated in favor of isaacsim.robot.manipulators. Please update your code accordingly.
2026-07-23 09:51:10 [6,476ms] [Warning] [omni.isaac.manipulators.grippers.surface_gripper] omni.isaac.manipulators has been deprecated in favor of isaacsim.robot.manipulators. Please update your code accordingly.
2026-07-23 09:51:10 [6,476ms] [Warning] [omni.isaac.manipulators.manipulators] omni.isaac.manipulators has been deprecated in favor of isaacsim.robot.manipulators. Please update your code accordingly.
2026-07-23 09:51:10 [6,476ms] [Warning] [omni.isaac.manipulators.manipulators.single_manipulator] omni.isaac.manipulators has been deprecated in favor of isaacsim.robot.manipulators. Please update your code accordingly.
[6.493s] [ext: isaacsim.robot.policy.examples-4.0.3] startup
[6.496s] [ext: omni.isaac.menu-1.0.2] startup
2026-07-23 09:51:10 [6,481ms] [Warning] [omni.isaac.menu] omni.isaac.menu has been deprecated in favor of isaacsim.gui.menu. Please update your code accordingly.
[6.498s] [ext: omni.isaac.motion_generation-8.0.2] startup
2026-07-23 09:51:10 [6,483ms] [Warning] [omni.isaac.motion_generation] omni.isaac.motion_generation has been deprecated in favor of isaacsim.robot_motion.motion_generation. Please update your code accordingly.
2026-07-23 09:51:10 [6,483ms] [Warning] [omni.isaac.motion_generation.articulation_kinematics_solver] omni.isaac.motion_generation has been deprecated in favor of isaacsim.robot_motion.motion_generation. Please update your code accordingly.
2026-07-23 09:51:10 [6,483ms] [Warning] [omni.isaac.motion_generation.articulation_motion_policy] omni.isaac.motion_generation has been deprecated in favor of isaacsim.robot_motion.motion_generation. Please update your code accordingly.
2026-07-23 09:51:10 [6,485ms] [Warning] [omni.isaac.motion_generation.articulation_trajectory] omni.isaac.motion_generation has been deprecated in favor of isaacsim.robot_motion.motion_generation. Please update your code accordingly.
2026-07-23 09:51:10 [6,485ms] [Warning] [omni.isaac.motion_generation.kinematics_interface] omni.isaac.motion_generation has been deprecated in favor of isaacsim.robot_motion.motion_generation. Please update your code accordingly.
2026-07-23 09:51:10 [6,485ms] [Warning] [omni.isaac.motion_generation.lula] omni.isaac.motion_generation has been deprecated in favor of isaacsim.robot_motion.motion_generation. Please update your code accordingly.
2026-07-23 09:51:10 [6,485ms] [Warning] [omni.isaac.motion_generation.lula.kinematics] omni.isaac.motion_generation has been deprecated in favor of isaacsim.robot_motion.motion_generation. Please update your code accordingly.
2026-07-23 09:51:10 [6,485ms] [Warning] [omni.isaac.motion_generation.lula.motion_policies] omni.isaac.motion_generation has been deprecated in favor of isaacsim.robot_motion.motion_generation. Please update your code accordingly.
2026-07-23 09:51:10 [6,485ms] [Warning] [omni.isaac.motion_generation.lula.path_planners] omni.isaac.motion_generation has been deprecated in favor of isaacsim.robot_motion.motion_generation. Please update your code accordingly.
2026-07-23 09:51:10 [6,485ms] [Warning] [omni.isaac.motion_generation.lula.trajectory_generator] omni.isaac.motion_generation has been deprecated in favor of isaacsim.robot_motion.motion_generation. Please update your code accordingly.
2026-07-23 09:51:10 [6,485ms] [Warning] [omni.isaac.motion_generation.motion_policy_controller] omni.isaac.motion_generation has been deprecated in favor of isaacsim.robot_motion.motion_generation. Please update your code accordingly.
2026-07-23 09:51:10 [6,486ms] [Warning] [omni.isaac.motion_generation.motion_policy_interface] omni.isaac.motion_generation has been deprecated in favor of isaacsim.robot_motion.motion_generation. Please update your code accordingly.
2026-07-23 09:51:10 [6,486ms] [Warning] [omni.isaac.motion_generation.path_planner_visualizer] omni.isaac.motion_generation has been deprecated in favor of isaacsim.robot_motion.motion_generation. Please update your code accordingly.
2026-07-23 09:51:10 [6,486ms] [Warning] [omni.isaac.motion_generation.path_planning_interface] omni.isaac.motion_generation has been deprecated in favor of isaacsim.robot_motion.motion_generation. Please update your code accordingly.
2026-07-23 09:51:10 [6,486ms] [Warning] [omni.isaac.motion_generation.trajectory] omni.isaac.motion_generation has been deprecated in favor of isaacsim.robot_motion.motion_generation. Please update your code accordingly.
2026-07-23 09:51:10 [6,486ms] [Warning] [omni.isaac.motion_generation.world_interface] omni.isaac.motion_generation has been deprecated in favor of isaacsim.robot_motion.motion_generation. Please update your code accordingly.
[6.503s] [ext: omni.sensors.nv.materials-1.4.0-coreapi] startup
[6.505s] [ext: omni.isaac.nucleus-1.0.3] startup
2026-07-23 09:51:10 [6,489ms] [Warning] [omni.isaac.nucleus] omni.isaac.nucleus has been deprecated in favor of isaacsim.storage.native. Please update your code accordingly.
2026-07-23 09:51:10 [6,489ms] [Warning] [omni.isaac.nucleus.nucleus] omni.isaac.nucleus.nucleus has been deprecated in favor of isaacsim.storage.native. Please update your code accordingly.
[6.506s] [ext: omni.isaac.quadruped-3.0.2] startup
2026-07-23 09:51:10 [6,489ms] [Warning] [omni.isaac.quadruped] omni.isaac.quadruped has been deprecated in favor of isaacsim.robot.policy.examples. Please update your code accordingly.
[6.507s] [ext: omni.kit.manipulator.selector-1.1.1] startup
[6.508s] [ext: omni.sensors.nv.wpm-2.4.0-coreapi] startup
[6.510s] [ext: omni.sensors.nv.lidar-2.6.3-coreapi] startup
[6.514s] [ext: omni.sensors.nv.ids-1.4.0-coreapi] startup
[6.518s] [ext: isaacsim.robot.manipulators.examples-1.0.3] startup
[6.519s] [ext: isaacsim.util.debug_draw-2.0.2] startup
[6.522s] [ext: omni.sensors.tiled-0.0.6] startup
[6.524s] [ext: omni.sensors.nv.radar-2.6.1-coreapi] startup
[6.529s] [ext: omni.kit.widget.toolbar-1.7.3] startup
[6.534s] [ext: omni.kit.manipulator.transform-106.0.1] startup
[6.537s] [ext: isaacsim.sensors.physx-2.2.4] startup
[6.542s] [ext: isaacsim.sensors.rtx-13.6.3] startup
[6.547s] [ext: isaacsim.sensors.camera-0.2.9] startup
[6.555s] [ext: isaacsim.cortex.framework-1.0.2] startup
[6.557s] [ext: omni.kit.manipulator.tool.snap-1.5.12] startup
[6.569s] [ext: omni.isaac.range_sensor-4.0.2] startup
[6.571s] [ext: omni.isaac.surface_gripper-2.0.2] startup
2026-07-23 09:51:10 [6,554ms] [Warning] [omni.isaac.surface_gripper] omni.isaac.surface_gripper has been deprecated in favor of isaacsim.robot.surface_gripper. Please update your code accordingly.
[6.572s] [ext: omni.isaac.sensor-13.0.3] startup
2026-07-23 09:51:10 [6,556ms] [Warning] [omni.isaac.sensor] omni.isaac.sensor has been deprecated in favor of isaacsim.sensors.camera, isaacsim.sensors.physics, isaacsim.sensors.physx, and isaacsim.sensors.rtx. Please update your code accordingly.
2026-07-23 09:51:10 [6,557ms] [Warning] [omni.isaac.sensor.camera] omni.isaac.sensor.camera has been deprecated in favor of isaacsim.sensors.camera.camera. Please update your code accordingly.
2026-07-23 09:51:10 [6,557ms] [Warning] [omni.isaac.sensor.camera_view] omni.isaac.sensor.camera_view has been deprecated in favor of isaacsim.sensors.camera.camera_view. Please update your code accordingly.
2026-07-23 09:51:10 [6,557ms] [Warning] [omni.isaac.sensor.commands] omni.isaac.sensor.commands has been deprecated in favor of isaacsim.sensors.physics.commands, isaacsim.sensors.physx.commands, and isaacsim.sensors.rtx.commands. Please update your code accordingly.
2026-07-23 09:51:10 [6,557ms] [Warning] [omni.isaac.sensor.contact_sensor] omni.isaac.sensor.contact_sensor has been deprecated in favor of isaacsim.sensors.physics.contact_sensor. Please update your code accordingly.
2026-07-23 09:51:10 [6,557ms] [Warning] [omni.isaac.sensor.imu_sensor] omni.isaac.sensor.imu_sensor has been deprecated in favor of isaacsim.sensors.physics.imu_sensor. Please update your code accordingly.
2026-07-23 09:51:10 [6,557ms] [Warning] [omni.isaac.sensor.lidar_rtx] omni.isaac.sensor.lidar_rtx has been deprecated in favor of isaacsim.sensors.rtx.lidar_rtx. Please update your code accordingly.
2026-07-23 09:51:10 [6,557ms] [Warning] [omni.isaac.sensor.rotating_lidar_physX] omni.isaac.sensor.imu_sensor has been deprecated in favor of isaacsim.sensors.physix.rotating_lidar_physX. Please update your code accordingly.
2026-07-23 09:51:10 [6,558ms] [Warning] [omni.isaac.sensor.scripts.samples.contact_sensor] omni.isaac.sensor.scripts.samples.contact_sensor has been deprecated in favor of isaacsim.sensors.physics.scripts.samples.contact_sensor. Please update your code accordingly.
2026-07-23 09:51:10 [6,558ms] [Warning] [omni.isaac.sensor.scripts.samples.imu_sensor] omni.isaac.sensor.scripts.samples.imu_sensor has been deprecated in favor of isaacsim.sensors.physics.scripts.samples.imu_sensor. Please update your code accordingly.
2026-07-23 09:51:10 [6,558ms] [Warning] [omni.isaac.sensor.scripts.samples.lightbeam_sensor] omni.isaac.sensor.scripts.samples.lightbeam_sensor has been deprecated in favor of isaacsim.sensors.physx.scripts.samples.lightbeam_sensor. Please update your code accordingly.
[6.576s] [ext: omni.isaac.cortex-1.0.2] startup
2026-07-23 09:51:10 [6,560ms] [Warning] [omni.isaac.cortex] omni.isaac.cortex has been deprecated in favor of isaacsim.cortex.framework. Please update your code accordingly.
[6.578s] [ext: omni.kit.viewport.manipulator.transform-107.0.4] startup
[6.586s] [ext: omni.debugdraw-0.1.3] startup
[6.591s] [ext: omni.isaac.universal_robots-1.0.2] startup
2026-07-23 09:51:10 [6,574ms] [Warning] [omni.isaac.universal_robots] omni.isaac.universal_robots has been deprecated in favor of isaacsim.robot.manipulators.examples.universal_robots. Please update your code accordingly.
2026-07-23 09:51:10 [6,575ms] [Warning] [omni.isaac.universal_robots.kinematics_solver] omni.isaac.franka has been deprecated in favor of isaacsim.robot.manipulators.examples.universal_robots. Please update your code accordingly.
2026-07-23 09:51:10 [6,575ms] [Warning] [omni.isaac.universal_robots.ur10] omni.isaac.franka has been deprecated in favor of isaacsim.robot.manipulators.examples.universal_robots. Please update your code accordingly.
[6.592s] [ext: omni.isaac.utils-2.0.2] startup
[6.594s] [ext: omni.kit.manipulator.prim.core-107.0.7] startup
[6.599s] [ext: omni.fabric.commands-1.1.5] startup
[6.601s] [ext: omni.kit.manipulator.selection-106.0.1] startup
[6.602s] [ext: omni.kit.viewport.actions-107.0.0] startup
[6.606s] [ext: omni.kit.manipulator.prim.usd-107.0.3] startup
[6.607s] [ext: omni.kit.manipulator.prim.fabric-107.0.4] startup
[6.608s] [ext: isaacsim.cortex.behaviors-2.0.3] startup
[6.609s] [ext: omni.kit.widget.layers-1.8.2] startup
[6.618s] [ext: omni.kit.viewport.menubar.display-107.0.3] startup
[6.619s] [ext: omni.kit.manipulator.prim-107.0.0] startup
[6.620s] [ext: omni.isaac.cortex.sample_behaviors-2.0.2] startup
2026-07-23 09:51:10 [6,604ms] [Warning] [omni.isaac.cortex.sample_behaviors] omni.isaac.cortex.sample_behaviors has been deprecated in favor of isaacsim.cortex.behaviors. Please update your code accordingly.
[6.621s] [ext: omni.graph.ui_nodes-1.40.1] startup
[6.625s] [ext: omni.usdphysics.ui-106.5.7] startup
[6.648s] [ext: omni.physx.commands-106.5.7] startup
[6.651s] [ext: omni.kit.property.camera-1.0.9] startup
[6.653s] [ext: omni.hydra.scene_api-0.1.2] startup
[6.658s] [ext: omni.kit.property.geometry-1.3.3] startup
[6.662s] [ext: omni.kit.property.light-1.0.11] startup
[6.665s] [ext: omni.physx.ui-106.5.7] startup
[6.685s] [ext: omni.kit.property.material-1.10.17] startup
[6.689s] [ext: omni.kit.property.render-1.1.3] startup
[6.691s] [ext: omni.kit.property.transform-1.5.10] startup
[6.694s] [ext: omni.kit.property.audio-1.0.16] startup
[6.695s] [ext: isaacsim.gui.property-1.0.4] startup
[6.697s] [ext: omni.physx.demos-106.5.7] startup
[6.709s] [ext: omni.kit.property.physx-106.5.7] startup
[6.740s] [ext: omni.isaac.lula-4.0.2] startup
2026-07-23 09:51:10 [6,725ms] [Warning] [omni.isaac.lula] omni.isaac.lula has been deprecated in favor of isaacsim.robot_motion.lula. Please update your code accordingly.
[6.742s] [ext: omni.kit.property.bundle-1.3.2] startup
[6.744s] [ext: omni.kit.property.isaac-1.0.2] startup
2026-07-23 09:51:10 [6,727ms] [Warning] [omni.kit.property.isaac] omni.kit.property.isaac has been deprecated in favor of isaacsim.gui.property. Please update your code accordingly.
2026-07-23 09:51:10 [6,728ms] [Warning] [omni.kit.property.isaac.widgets] omni.kit.property.isaac.widgets has been deprecated in favor of isaacsim.gui.property.widgets. Please update your code accordingly.
[6.745s] [ext: omni.physx.vehicle-106.5.7] startup
[6.760s] [ext: omni.kit.viewport.menubar.camera-107.0.2] startup
[6.765s] [ext: omni.kit.viewport.menubar.lighting-106.0.2] startup
[6.767s] [ext: omni.kit.viewport.menubar.render-107.0.8] startup
[6.769s] [ext: omni.kit.viewport.menubar.settings-107.0.3] startup
[6.772s] [ext: omni.kit.window.console-0.2.14] startup
[6.778s] [ext: omni.physx.camera-106.5.7] startup
[6.787s] [ext: omni.kit.window.toolbar-1.6.2] startup
[6.790s] [ext: omni.isaac.version-2.0.2] startup
2026-07-23 09:51:10 [6,774ms] [Warning] [omni.isaac.version] omni.isaac.version has been deprecated in favor of isaacsim.core.version. Please update your code accordingly.
[6.791s] [ext: isaacsim.robot.wheeled_robots-4.0.3] startup
[6.795s] [ext: omni.physx.cct-106.5.7] startup
[6.806s] [ext: omni.physx.graph-106.5.7] startup
[6.824s] [ext: isaacsim.replicator.writers-1.0.1] startup
[6.845s] [ext: omni.physx.supportui-106.5.7] startup
[6.871s] [ext: omni.physx.telemetry-106.5.7] startup
[6.880s] [ext: omni.isaac.wheeled_robots-3.0.3] startup
2026-07-23 09:51:10 [6,864ms] [Warning] [omni.isaac.wheeled_robots] omni.isaac.wheeled_robots has been deprecated in favor of isaacsim.robot.wheeled_robots. Please update your code accordingly.
2026-07-23 09:51:10 [6,864ms] [Warning] [omni.isaac.wheeled_robots.controllers] omni.isaac.wheeled_robots has been deprecated in favor of isaacsim.robot.wheeled_robots. Please update your code accordingly.
2026-07-23 09:51:10 [6,865ms] [Warning] [omni.isaac.wheeled_robots.controllers.ackermann_controller] omni.isaac.wheeled_robots has been deprecated in favor of isaacsim.robot.wheeled_robots. Please update your code accordingly.
2026-07-23 09:51:10 [6,865ms] [Warning] [omni.isaac.wheeled_robots.controllers.differential_controller] omni.isaac.wheeled_robots has been deprecated in favor of isaacsim.robot.wheeled_robots. Please update your code accordingly.
2026-07-23 09:51:10 [6,865ms] [Warning] [omni.isaac.wheeled_robots.controllers.holonomic_controller] omni.isaac.wheeled_robots has been deprecated in favor of isaacsim.robot.wheeled_robots. Please update your code accordingly.
2026-07-23 09:51:10 [6,865ms] [Warning] [omni.isaac.wheeled_robots.controllers.quintic_path_planner] omni.isaac.wheeled_robots has been deprecated in favor of isaacsim.robot.wheeled_robots. Please update your code accordingly.
2026-07-23 09:51:10 [6,866ms] [Warning] [omni.isaac.wheeled_robots.controllers.stanley_control] omni.isaac.wheeled_robots has been deprecated in favor of isaacsim.robot.wheeled_robots. Please update your code accordingly.
2026-07-23 09:51:10 [6,866ms] [Warning] [omni.isaac.wheeled_robots.controllers.wheel_base_pose_controller] omni.isaac.wheeled_robots has been deprecated in favor of isaacsim.robot.wheeled_robots. Please update your code accordingly.
2026-07-23 09:51:10 [6,866ms] [Warning] [omni.isaac.wheeled_robots.impl] omni.isaac.wheeled_robots has been deprecated in favor of isaacsim.robot.wheeled_robots. Please update your code accordingly.
2026-07-23 09:51:10 [6,866ms] [Warning] [omni.isaac.wheeled_robots.robots] omni.isaac.wheeled_robots has been deprecated in favor of isaacsim.robot.wheeled_robots. Please update your code accordingly.
2026-07-23 09:51:10 [6,866ms] [Warning] [omni.isaac.wheeled_robots.robots.holonomic_robot_usd_setup] omni.isaac.wheeled_robots has been deprecated in favor of isaacsim.robot.wheeled_robots. Please update your code accordingly.
2026-07-23 09:51:10 [6,866ms] [Warning] [omni.isaac.wheeled_robots.robots.wheeled_robot] omni.isaac.wheeled_robots has been deprecated in favor of isaacsim.robot.wheeled_robots. Please update your code accordingly.
[6.885s] [ext: omni.isaac.franka-1.0.2] startup
2026-07-23 09:51:10 [6,869ms] [Warning] [omni.isaac.franka] omni.isaac.franka has been deprecated in favor of isaacsim.robot.manipulators.examples.franka. Please update your code accordingly.
2026-07-23 09:51:10 [6,870ms] [Warning] [omni.isaac.franka.franka] omni.isaac.franka has been deprecated in favor of isaacsim.robot.manipulators.examples.franka. Please update your code accordingly.
2026-07-23 09:51:10 [6,871ms] [Warning] [omni.isaac.franka.kinematics_solver] omni.isaac.franka has been deprecated in favor of isaacsim.robot.manipulators.examples.franka. Please update your code accordingly.
[6.888s] [ext: isaacsim.replicator.domain_randomization-1.0.2] startup
[6.891s] [ext: isaacsim.replicator.examples-1.1.2] startup
[6.894s] [ext: omni.kit.window.status_bar-0.1.7] startup
[6.903s] [ext: omni.rtx.window.settings-0.6.17] startup
[6.911s] [ext: omni.usd.metrics.assembler-106.5.0] startup
[6.919s] [ext: omni.physx.bundle-106.5.7] startup
[6.920s] [ext: isaacsim.app.about-2.0.7] startup
[6.922s] [ext: omni.replicator.isaac-2.0.3] startup
2026-07-23 09:51:10 [6,905ms] [Warning] [omni.replicator.isaac] omni.replicator.isaac has been deprecated in favor of isaacsim.replicator.domain_randomization, isaacsim.replicator.examples, isaacsim.replicator.writers. Please update your code accordingly.
[6.922s] [ext: omni.replicator.replicator_yaml-2.0.10] startup
[6.935s] [ext: omni.rtx.settings.core-0.6.3] startup
[6.941s] [ext: omni.usd.metrics.assembler.ui-106.5.0] startup
[6.946s] [ext: isaacsim.simulation_app-2.4.2] startup
[6.947s] [ext: omni.isaac.window.about-2.0.2] startup
2026-07-23 09:51:10 [6,930ms] [Warning] [omni.isaac.window.about] omni.isaac.window.about has been deprecated in favor of isaacsim.app.about. Please update your code accordingly.
2026-07-23 09:51:10 [6,931ms] [Warning] [omni.isaac.window.about.about] omni.isaac.window.about.about has been deprecated in favor of isaacsim.app.about.about. Please update your code accordingly.
[6.948s] [ext: semantics.schema.editor-0.3.10] startup
[6.950s] [ext: omni.kit.ui.actions-1.0.2] startup
[6.951s] [ext: semantics.schema.property-1.0.5] startup
[6.952s] [ext: omni.kit.manipulator.camera-106.0.3] startup
[6.957s] [ext: omni.isaac.kit-2.0.3] startup
2026-07-23 09:51:10 [6,940ms] [Warning] [omni.isaac.kit] omni.isaac.kit has been deprecated in favor of isaacsim.simulation_app. Please update your code accordingly.
[6.957s] [ext: omni.isaac.asset_browser-1.0.2] startup
2026-07-23 09:51:10 [6,941ms] [Warning] [omni.isaac.asset_browser] omni.isaac.asset_browser has been deprecated in favor of isaacsim.asset.browser. Please update your code accordingly.
[6.958s] [ext: isaacsim.core.throttling-2.0.2] startup
[6.960s] [ext: omni.kit.menu.common-1.1.9] startup
[6.962s] [ext: isaacsim.exp.base-4.5.0] startup
[6.963s] [ext: isaacsim.exp.base.python-4.5.0] startup
[6.964s] Simulation App Starting
[7.382s] app ready
2026-07-23 09:51:10 [7,376ms] [Warning] [rtx.scenedb.plugin] SceneDbContext : TLAS limit buffer size 7508933632
2026-07-23 09:51:10 [7,376ms] [Warning] [rtx.scenedb.plugin] SceneDbContext : TLAS limit : valid false, within: false
2026-07-23 09:51:10 [7,376ms] [Warning] [rtx.scenedb.plugin] SceneDbContext : TLAS limit : decrement: 167690, decrement size: 7433845248
2026-07-23 09:51:10 [7,376ms] [Warning] [rtx.scenedb.plugin] SceneDbContext : New limit 9574251 (slope: 447, intercept: 13179904)
2026-07-23 09:51:10 [7,376ms] [Warning] [rtx.scenedb.plugin] SceneDbContext : TLAS limit buffer size 4287216384
2026-07-23 09:51:10 [7,376ms] [Warning] [rtx.scenedb.plugin] SceneDbContext : TLAS limit : valid true, within: true
2026-07-23 09:51:11 [7,495ms] [Warning] [omni.usd-abi.plugin] No setting was found for '/rtx-defaults-transient/meshlights/forceDisable'
2026-07-23 09:51:11 [7,531ms] [Warning] [omni.usd-abi.plugin] No setting was found for '/rtx-defaults/post/dlss/execMode'
[9.743s] Simulation App Startup Complete
2026-07-23 09:51:14 [10,415ms] [Warning] [omni.physx.plugin] Detected an articulation at /World/Stem with more than 4 velocity iterations being added to a TGS scene.The related behavior changed recently, please consult the changelog. This warning will only print once.
2026-07-23 09:51:14 [11,120ms] [Warning] [omni.physx.plugin] Invalid PhysX transform detected for /World/Stem/SmoothBranch_00.
2026-07-23 09:51:14 [11,120ms] [Warning] [omni.physx.plugin] Invalid PhysX transform detected for /World/Stem/SmoothBranch_01.
2026-07-23 09:51:14 [11,120ms] [Warning] [omni.physx.plugin] Invalid PhysX transform detected for /World/Stem/SmoothBranch_02.
2026-07-23 09:51:14 [11,120ms] [Warning] [omni.physx.plugin] Invalid PhysX transform detected for /World/Stem/SmoothBranch_03.
2026-07-23 09:51:14 [11,120ms] [Warning] [omni.physx.plugin] Invalid PhysX transform detected for /World/Stem/SmoothBranch_04.
2026-07-23 09:51:14 [11,120ms] [Warning] [omni.physx.plugin] Invalid PhysX transform detected for /World/Stem/SmoothBranch_05.
2026-07-23 09:51:14 [11,120ms] [Warning] [omni.physx.plugin] Invalid PhysX transform detected for /World/Stem/SmoothBranch_06.
2026-07-23 09:51:14 [11,120ms] [Warning] [omni.physx.plugin] Invalid PhysX transform detected for /World/Stem/SmoothBranch_07.
2026-07-23 09:51:14 [11,120ms] [Warning] [omni.physx.plugin] Invalid PhysX transform detected for /World/Stem/SmoothBranch_08.
2026-07-23 09:51:14 [11,120ms] [Warning] [omni.physx.plugin] Invalid PhysX transform detected for /World/Stem/SmoothBranch_09.
2026-07-23 09:51:14 [11,120ms] [Warning] [omni.physx.plugin] Invalid PhysX transform detected for /World/Stem/SmoothBranch_10.
2026-07-23 09:51:14 [11,120ms] [Warning] [omni.physx.plugin] Invalid PhysX transform detected for /World/Stem/SmoothBranch_11.
2026-07-23 09:51:14 [11,120ms] [Warning] [omni.physx.plugin] Invalid PhysX transform detected for /World/Stem/SmoothBranch_12.
2026-07-23 09:51:14 [11,120ms] [Warning] [omni.physx.plugin] Invalid PhysX transform detected for /World/Stem/SmoothBranch_13.
2026-07-23 09:51:14 [11,120ms] [Warning] [omni.physx.plugin] Invalid PhysX transform detected for /World/Stem/SmoothBranch_14.
2026-07-23 09:51:14 [11,120ms] [Warning] [omni.physx.plugin] Invalid PhysX transform detected for /World/Stem/SmoothBranch_15.
2026-07-23 09:51:14 [11,120ms] [Warning] [omni.physx.plugin] Invalid PhysX transform detected for /World/Stem/SmoothBranch_16.
2026-07-23 09:51:14 [11,120ms] [Warning] [omni.physx.plugin] Invalid PhysX transform detected for /World/Stem/SmoothBranch_17.
2026-07-23 09:51:14 [11,120ms] [Warning] [omni.physx.plugin] Invalid PhysX transform detected for /World/Stem/SmoothBranch_18.
2026-07-23 09:51:14 [11,120ms] [Warning] [omni.physx.plugin] Invalid PhysX transform detected for /World/Stem/SmoothBranch_19.
2026-07-23 09:51:14 [11,120ms] [Warning] [omni.physx.plugin] Invalid PhysX transform detected for /World/Stem/SmoothBranch_20.
2026-07-23 09:51:14 [11,120ms] [Warning] [omni.physx.plugin] Invalid PhysX transform detected for /World/Stem/SmoothBranch_21.
2026-07-23 09:51:14 [11,120ms] [Warning] [omni.physx.plugin] Invalid PhysX transform detected for /World/Stem/SmoothBranch_22.
2026-07-23 09:51:14 [11,120ms] [Warning] [omni.physx.plugin] Invalid PhysX transform detected for /World/Stem/SmoothBranch_23.
2026-07-23 09:51:14 [11,120ms] [Warning] [omni.physx.plugin] Invalid PhysX transform detected for /World/Stem/SmoothBranch_24.
2026-07-23 09:51:14 [11,120ms] [Warning] [omni.physx.plugin] Invalid PhysX transform detected for /World/Stem/Fruit_Smooth_base.
2026-07-23 09:51:14 [11,120ms] [Warning] [omni.physx.plugin] Invalid PhysX transform detected for /World/Stem/Fruit_Smooth_tip.
2026-07-23 09:51:14 [11,120ms] [Warning] [omni.physx.plugin] Invalid PhysX transform detected for /World/Stem/Fruit_Smooth.
2026-07-23 09:51:14 [11,131ms] [Warning] [omni.physx.plugin] Invalid PhysX transform detected for /World/Stem/SmoothBranch_00.
2026-07-23 09:51:14 [11,131ms] [Warning] [omni.physx.plugin] Invalid PhysX transform detected for /World/Stem/SmoothBranch_01.
2026-07-23 09:51:14 [11,131ms] [Warning] [omni.physx.plugin] Invalid PhysX transform detected for /World/Stem/SmoothBranch_02.
2026-07-23 09:51:14 [11,131ms] [Warning] [omni.physx.plugin] Invalid PhysX transform detected for /World/Stem/SmoothBranch_03.
2026-07-23 09:51:14 [11,131ms] [Warning] [omni.physx.plugin] Invalid PhysX transform detected for /World/Stem/SmoothBranch_04.
2026-07-23 09:51:14 [11,131ms] [Warning] [omni.physx.plugin] Invalid PhysX transform detected for /World/Stem/SmoothBranch_05.
2026-07-23 09:51:14 [11,131ms] [Warning] [omni.physx.plugin] Invalid PhysX transform detected for /World/Stem/SmoothBranch_06.
2026-07-23 09:51:14 [11,131ms] [Warning] [omni.physx.plugin] Invalid PhysX transform detected for /World/Stem/SmoothBranch_07.
2026-07-23 09:51:14 [11,131ms] [Warning] [omni.physx.plugin] Invalid PhysX transform detected for /World/Stem/SmoothBranch_08.
2026-07-23 09:51:14 [11,131ms] [Warning] [omni.physx.plugin] Invalid PhysX transform detected for /World/Stem/SmoothBranch_09.
2026-07-23 09:51:14 [11,131ms] [Warning] [omni.physx.plugin] Invalid PhysX transform detected for /World/Stem/SmoothBranch_10.
2026-07-23 09:51:14 [11,131ms] [Warning] [omni.physx.plugin] Invalid PhysX transform detected for /World/Stem/SmoothBranch_11.
2026-07-23 09:51:14 [11,131ms] [Warning] [omni.physx.plugin] Invalid PhysX transform detected for /World/Stem/SmoothBranch_12.
2026-07-23 09:51:14 [11,131ms] [Warning] [omni.physx.plugin] Invalid PhysX transform detected for /World/Stem/SmoothBranch_13.
2026-07-23 09:51:14 [11,131ms] [Warning] [omni.physx.plugin] Invalid PhysX transform detected for /World/Stem/SmoothBranch_14.
2026-07-23 09:51:14 [11,131ms] [Warning] [omni.physx.plugin] Invalid PhysX transform detected for /World/Stem/SmoothBranch_15.
2026-07-23 09:51:14 [11,131ms] [Warning] [omni.physx.plugin] Invalid PhysX transform detected for /World/Stem/SmoothBranch_16.
2026-07-23 09:51:14 [11,131ms] [Warning] [omni.physx.plugin] Invalid PhysX transform detected for /World/Stem/SmoothBranch_17.
2026-07-23 09:51:14 [11,131ms] [Warning] [omni.physx.plugin] Invalid PhysX transform detected for /World/Stem/SmoothBranch_18.
2026-07-23 09:51:14 [11,131ms] [Warning] [omni.physx.plugin] Invalid PhysX transform detected for /World/Stem/SmoothBranch_19.
2026-07-23 09:51:14 [11,131ms] [Warning] [omni.physx.plugin] Invalid PhysX transform detected for /World/Stem/SmoothBranch_20.
2026-07-23 09:51:14 [11,131ms] [Warning] [omni.physx.plugin] Invalid PhysX transform detected for /World/Stem/SmoothBranch_21.
2026-07-23 09:51:14 [11,131ms] [Warning] [omni.physx.plugin] Invalid PhysX transform detected for /World/Stem/SmoothBranch_22.
2026-07-23 09:51:14 [11,131ms] [Warning] [omni.physx.plugin] Invalid PhysX transform detected for /World/Stem/SmoothBranch_23.
2026-07-23 09:51:14 [11,131ms] [Warning] [omni.physx.plugin] Invalid PhysX transform detected for /World/Stem/SmoothBranch_24.
2026-07-23 09:51:14 [11,131ms] [Warning] [omni.physx.plugin] Invalid PhysX transform detected for /World/Stem/Fruit_Smooth_base.
2026-07-23 09:51:14 [11,131ms] [Warning] [omni.physx.plugin] Invalid PhysX transform detected for /World/Stem/Fruit_Smooth_tip.
2026-07-23 09:51:14 [11,131ms] [Warning] [omni.physx.plugin] Invalid PhysX transform detected for /World/Stem/Fruit_Smooth.
2026-07-23 09:51:14 [11,141ms] [Warning] [omni.physx.plugin] Invalid PhysX transform detected for /World/Stem/SmoothBranch_00.
2026-07-23 09:51:14 [11,141ms] [Warning] [omni.physx.plugin] Invalid PhysX transform detected for /World/Stem/SmoothBranch_01.
2026-07-23 09:51:14 [11,141ms] [Warning] [omni.physx.plugin] Invalid PhysX transform detected for /World/Stem/SmoothBranch_02.
2026-07-23 09:51:14 [11,141ms] [Warning] [omni.physx.plugin] Invalid PhysX transform detected for /World/Stem/SmoothBranch_03.
2026-07-23 09:51:14 [11,141ms] [Warning] [omni.physx.plugin] Invalid PhysX transform detected for /World/Stem/SmoothBranch_04.
2026-07-23 09:51:14 [11,141ms] [Warning] [omni.physx.plugin] Invalid PhysX transform detected for /World/Stem/SmoothBranch_05.
2026-07-23 09:51:14 [11,141ms] [Warning] [omni.physx.plugin] Invalid PhysX transform detected for /World/Stem/SmoothBranch_06.
2026-07-23 09:51:14 [11,141ms] [Warning] [omni.physx.plugin] Invalid PhysX transform detected for /World/Stem/SmoothBranch_07.
2026-07-23 09:51:14 [11,141ms] [Warning] [omni.physx.plugin] Invalid PhysX transform detected for /World/Stem/SmoothBranch_08.
2026-07-23 09:51:14 [11,141ms] [Warning] [omni.physx.plugin] Invalid PhysX transform detected for /World/Stem/SmoothBranch_09.
2026-07-23 09:51:14 [11,141ms] [Warning] [omni.physx.plugin] Invalid PhysX transform detected for /World/Stem/SmoothBranch_10.
2026-07-23 09:51:14 [11,141ms] [Warning] [omni.physx.plugin] Invalid PhysX transform detected for /World/Stem/SmoothBranch_11.
2026-07-23 09:51:14 [11,142ms] [Warning] [omni.physx.plugin] Invalid PhysX transform detected for /World/Stem/SmoothBranch_12.
2026-07-23 09:51:14 [11,142ms] [Warning] [omni.physx.plugin] Invalid PhysX transform detected for /World/Stem/SmoothBranch_13.
2026-07-23 09:51:14 [11,142ms] [Warning] [omni.physx.plugin] Invalid PhysX transform detected for /World/Stem/SmoothBranch_14.
2026-07-23 09:51:14 [11,142ms] [Warning] [omni.physx.plugin] Invalid PhysX transform detected for /World/Stem/SmoothBranch_15.
2026-07-23 09:51:14 [11,142ms] [Warning] [omni.physx.plugin] Invalid PhysX transform detected for /World/Stem/SmoothBranch_16.
2026-07-23 09:51:14 [11,142ms] [Warning] [omni.physx.plugin] Invalid PhysX transform detected for /World/Stem/SmoothBranch_17.
2026-07-23 09:51:14 [11,142ms] [Warning] [omni.physx.plugin] Invalid PhysX transform detected for /World/Stem/SmoothBranch_18.
2026-07-23 09:51:14 [11,142ms] [Warning] [omni.physx.plugin] Invalid PhysX transform detected for /World/Stem/SmoothBranch_19.
2026-07-23 09:51:14 [11,142ms] [Warning] [omni.physx.plugin] Invalid PhysX transform detected for /World/Stem/SmoothBranch_20.
2026-07-23 09:51:14 [11,142ms] [Warning] [omni.physx.plugin] Invalid PhysX transform detected for /World/Stem/SmoothBranch_21.
2026-07-23 09:51:14 [11,142ms] [Warning] [omni.physx.plugin] Invalid PhysX transform detected for /World/Stem/SmoothBranch_22.
2026-07-23 09:51:14 [11,142ms] [Warning] [omni.physx.plugin] Invalid PhysX transform detected for /World/Stem/SmoothBranch_23.
2026-07-23 09:51:14 [11,142ms] [Warning] [omni.physx.plugin] Invalid PhysX transform detected for /World/Stem/SmoothBranch_24.
2026-07-23 09:51:14 [11,142ms] [Warning] [omni.physx.plugin] Invalid PhysX transform detected for /World/Stem/Fruit_Smooth_base.
2026-07-23 09:51:14 [11,142ms] [Warning] [omni.physx.plugin] Invalid PhysX transform detected for /World/Stem/Fruit_Smooth_tip.
2026-07-23 09:51:14 [11,142ms] [Warning] [omni.physx.plugin] Invalid PhysX transform detected for /World/Stem/Fruit_Smooth.
2026-07-23 09:51:14 [11,152ms] [Warning] [omni.physx.plugin] Invalid PhysX transform detected for /World/Stem/SmoothBranch_00.
2026-07-23 09:51:14 [11,152ms] [Warning] [omni.physx.plugin] Invalid PhysX transform detected for /World/Stem/SmoothBranch_01.
2026-07-23 09:51:14 [11,152ms] [Warning] [omni.physx.plugin] Invalid PhysX transform detected for /World/Stem/SmoothBranch_02.
2026-07-23 09:51:14 [11,152ms] [Warning] [omni.physx.plugin] Invalid PhysX transform detected for /World/Stem/SmoothBranch_03.
2026-07-23 09:51:14 [11,152ms] [Warning] [omni.physx.plugin] Invalid PhysX transform detected for /World/Stem/SmoothBranch_04.
2026-07-23 09:51:14 [11,152ms] [Warning] [omni.physx.plugin] Invalid PhysX transform detected for /World/Stem/SmoothBranch_05.
2026-07-23 09:51:14 [11,152ms] [Warning] [omni.physx.plugin] Invalid PhysX transform detected for /World/Stem/SmoothBranch_06.
2026-07-23 09:51:14 [11,152ms] [Warning] [omni.physx.plugin] Invalid PhysX transform detected for /World/Stem/SmoothBranch_07.
2026-07-23 09:51:14 [11,152ms] [Warning] [omni.physx.plugin] Invalid PhysX transform detected for /World/Stem/SmoothBranch_08.
2026-07-23 09:51:14 [11,152ms] [Warning] [omni.physx.plugin] Invalid PhysX transform detected for /World/Stem/SmoothBranch_09.
2026-07-23 09:51:14 [11,152ms] [Warning] [omni.physx.plugin] Invalid PhysX transform detected for /World/Stem/SmoothBranch_10.
2026-07-23 09:51:14 [11,152ms] [Warning] [omni.physx.plugin] Invalid PhysX transform detected for /World/Stem/SmoothBranch_11.
2026-07-23 09:51:14 [11,152ms] [Warning] [omni.physx.plugin] Invalid PhysX transform detected for /World/Stem/SmoothBranch_12.
2026-07-23 09:51:14 [11,152ms] [Warning] [omni.physx.plugin] Invalid PhysX transform detected for /World/Stem/SmoothBranch_13.
2026-07-23 09:51:14 [11,152ms] [Warning] [omni.physx.plugin] Invalid PhysX transform detected for /World/Stem/SmoothBranch_14.
2026-07-23 09:51:14 [11,152ms] [Warning] [omni.physx.plugin] Invalid PhysX transform detected for /World/Stem/SmoothBranch_15.
2026-07-23 09:51:14 [11,152ms] [Warning] [omni.physx.plugin] Invalid PhysX transform detected for /World/Stem/SmoothBranch_16.
2026-07-23 09:51:14 [11,152ms] [Warning] [omni.physx.plugin] Invalid PhysX transform detected for /World/Stem/SmoothBranch_17.
2026-07-23 09:51:14 [11,152ms] [Warning] [omni.physx.plugin] Invalid PhysX transform detected for /World/Stem/SmoothBranch_18.
2026-07-23 09:51:14 [11,152ms] [Warning] [omni.physx.plugin] Invalid PhysX transform detected for /World/Stem/SmoothBranch_19.
2026-07-23 09:51:14 [11,152ms] [Warning] [omni.physx.plugin] Invalid PhysX transform detected for /World/Stem/SmoothBranch_20.
2026-07-23 09:51:14 [11,152ms] [Warning] [omni.physx.plugin] Invalid PhysX transform detected for /World/Stem/SmoothBranch_21.
2026-07-23 09:51:14 [11,152ms] [Warning] [omni.physx.plugin] Invalid PhysX transform detected for /World/Stem/SmoothBranch_22.
2026-07-23 09:51:14 [11,152ms] [Warning] [omni.physx.plugin] Invalid PhysX transform detected for /World/Stem/SmoothBranch_23.
2026-07-23 09:51:14 [11,152ms] [Warning] [omni.physx.plugin] Invalid PhysX transform detected for /World/Stem/SmoothBranch_24.
2026-07-23 09:51:14 [11,152ms] [Warning] [omni.physx.plugin] Invalid PhysX transform detected for /World/Stem/Fruit_Smooth_base.
2026-07-23 09:51:14 [11,152ms] [Warning] [omni.physx.plugin] Invalid PhysX transform detected for /World/Stem/Fruit_Smooth_tip.
2026-07-23 09:51:14 [11,152ms] [Warning] [omni.physx.plugin] Invalid PhysX transform detected for /World/Stem/Fruit_Smooth.
2026-07-23 09:51:14 [11,163ms] [Warning] [omni.physx.plugin] Invalid PhysX transform detected for /World/Stem/SmoothBranch_00.
2026-07-23 09:51:14 [11,163ms] [Warning] [omni.physx.plugin] Invalid PhysX transform detected for /World/Stem/SmoothBranch_01.
2026-07-23 09:51:14 [11,163ms] [Warning] [omni.physx.plugin] Invalid PhysX transform detected for /World/Stem/SmoothBranch_02.
2026-07-23 09:51:14 [11,163ms] [Warning] [omni.physx.plugin] Invalid PhysX transform detected for /World/Stem/SmoothBranch_03.
2026-07-23 09:51:14 [11,163ms] [Warning] [omni.physx.plugin] Invalid PhysX transform detected for /World/Stem/SmoothBranch_04.
2026-07-23 09:51:14 [11,163ms] [Warning] [omni.physx.plugin] Invalid PhysX transform detected for /World/Stem/SmoothBranch_05.
2026-07-23 09:51:14 [11,163ms] [Warning] [omni.physx.plugin] Invalid PhysX transform detected for /World/Stem/SmoothBranch_06.
2026-07-23 09:51:14 [11,163ms] [Warning] [omni.physx.plugin] Invalid PhysX transform detected for /World/Stem/SmoothBranch_07.
2026-07-23 09:51:14 [11,163ms] [Warning] [omni.physx.plugin] Invalid PhysX transform detected for /World/Stem/SmoothBranch_08.
2026-07-23 09:51:14 [11,163ms] [Warning] [omni.physx.plugin] Invalid PhysX transform detected for /World/Stem/SmoothBranch_09.
2026-07-23 09:51:14 [11,163ms] [Warning] [omni.physx.plugin] Invalid PhysX transform detected for /World/Stem/SmoothBranch_10.
2026-07-23 09:51:14 [11,163ms] [Warning] [omni.physx.plugin] Invalid PhysX transform detected for /World/Stem/SmoothBranch_11.
2026-07-23 09:51:14 [11,163ms] [Warning] [omni.physx.plugin] Invalid PhysX transform detected for /World/Stem/SmoothBranch_12.
2026-07-23 09:51:14 [11,163ms] [Warning] [omni.physx.plugin] Invalid PhysX transform detected for /World/Stem/SmoothBranch_13.
2026-07-23 09:51:14 [11,163ms] [Warning] [omni.physx.plugin] Invalid PhysX transform detected for /World/Stem/SmoothBranch_14.
2026-07-23 09:51:14 [11,163ms] [Warning] [omni.physx.plugin] Invalid PhysX transform detected for /World/Stem/SmoothBranch_15.
2026-07-23 09:51:14 [11,163ms] [Warning] [omni.physx.plugin] Invalid PhysX transform detected for /World/Stem/SmoothBranch_16.
2026-07-23 09:51:14 [11,163ms] [Warning] [omni.physx.plugin] Invalid PhysX transform detected for /World/Stem/SmoothBranch_17.
2026-07-23 09:51:14 [11,163ms] [Warning] [omni.physx.plugin] Invalid PhysX transform detected for /World/Stem/SmoothBranch_18.
2026-07-23 09:51:14 [11,163ms] [Warning] [omni.physx.plugin] Invalid PhysX transform detected for /World/Stem/SmoothBranch_19.
2026-07-23 09:51:14 [11,163ms] [Warning] [omni.physx.plugin] Invalid PhysX transform detected for /World/Stem/SmoothBranch_20.
2026-07-23 09:51:14 [11,163ms] [Warning] [omni.physx.plugin] Invalid PhysX transform detected for /World/Stem/SmoothBranch_21.
2026-07-23 09:51:14 [11,163ms] [Warning] [omni.physx.plugin] Invalid PhysX transform detected for /World/Stem/SmoothBranch_22.
2026-07-23 09:51:14 [11,163ms] [Warning] [omni.physx.plugin] Invalid PhysX transform detected for /World/Stem/SmoothBranch_23.
2026-07-23 09:51:14 [11,163ms] [Warning] [omni.physx.plugin] Invalid PhysX transform detected for /World/Stem/SmoothBranch_24.
2026-07-23 09:51:14 [11,163ms] [Warning] [omni.physx.plugin] Invalid PhysX transform detected for /World/Stem/Fruit_Smooth_base.
2026-07-23 09:51:14 [11,163ms] [Warning] [omni.physx.plugin] Invalid PhysX transform detected for /World/Stem/Fruit_Smooth_tip.
2026-07-23 09:51:14 [11,163ms] [Warning] [omni.physx.plugin] Invalid PhysX transform detected for /World/Stem/Fruit_Smooth.
2026-07-23 09:51:14 [11,174ms] [Warning] [omni.physx.plugin] Invalid PhysX transform detected for /World/Stem/SmoothBranch_00.
2026-07-23 09:51:14 [11,174ms] [Warning] [omni.physx.plugin] Invalid PhysX transform detected for /World/Stem/SmoothBranch_01.
2026-07-23 09:51:14 [11,174ms] [Warning] [omni.physx.plugin] Invalid PhysX transform detected for /World/Stem/SmoothBranch_02.
2026-07-23 09:51:14 [11,174ms] [Warning] [omni.physx.plugin] Invalid PhysX transform detected for /World/Stem/SmoothBranch_03.
2026-07-23 09:51:14 [11,174ms] [Warning] [omni.physx.plugin] Invalid PhysX transform detected for /World/Stem/SmoothBranch_04.
2026-07-23 09:51:14 [11,174ms] [Warning] [omni.physx.plugin] Invalid PhysX transform detected for /World/Stem/SmoothBranch_05.
2026-07-23 09:51:14 [11,174ms] [Warning] [omni.physx.plugin] Invalid PhysX transform detected for /World/Stem/SmoothBranch_06.
2026-07-23 09:51:14 [11,174ms] [Warning] [omni.physx.plugin] Invalid PhysX transform detected for /World/Stem/SmoothBranch_07.
2026-07-23 09:51:14 [11,174ms] [Warning] [omni.physx.plugin] Invalid PhysX transform detected for /World/Stem/SmoothBranch_08.
2026-07-23 09:51:14 [11,174ms] [Warning] [omni.physx.plugin] Invalid PhysX transform detected for /World/Stem/SmoothBranch_09.
2026-07-23 09:51:14 [11,174ms] [Warning] [omni.physx.plugin] Invalid PhysX transform detected for /World/Stem/SmoothBranch_10.
2026-07-23 09:51:14 [11,174ms] [Warning] [omni.physx.plugin] Invalid PhysX transform detected for /World/Stem/SmoothBranch_11.
2026-07-23 09:51:14 [11,174ms] [Warning] [omni.physx.plugin] Invalid PhysX transform detected for /World/Stem/SmoothBranch_12.
2026-07-23 09:51:14 [11,174ms] [Warning] [omni.physx.plugin] Invalid PhysX transform detected for /World/Stem/SmoothBranch_13.
2026-07-23 09:51:14 [11,174ms] [Warning] [omni.physx.plugin] Invalid PhysX transform detected for /World/Stem/SmoothBranch_14.
2026-07-23 09:51:14 [11,174ms] [Warning] [omni.physx.plugin] Invalid PhysX transform detected for /World/Stem/SmoothBranch_15.
2026-07-23 09:51:14 [11,174ms] [Warning] [omni.physx.plugin] Invalid PhysX transform detected for /World/Stem/SmoothBranch_16.
2026-07-23 09:51:14 [11,174ms] [Warning] [omni.physx.plugin] Invalid PhysX transform detected for /World/Stem/SmoothBranch_17.
2026-07-23 09:51:14 [11,174ms] [Warning] [omni.physx.plugin] Invalid PhysX transform detected for /World/Stem/SmoothBranch_18.
2026-07-23 09:51:14 [11,174ms] [Warning] [omni.physx.plugin] Invalid PhysX transform detected for /World/Stem/SmoothBranch_19.
2026-07-23 09:51:14 [11,174ms] [Warning] [omni.physx.plugin] Invalid PhysX transform detected for /World/Stem/SmoothBranch_20.
2026-07-23 09:51:14 [11,174ms] [Warning] [omni.physx.plugin] Invalid PhysX transform detected for /World/Stem/SmoothBranch_21.
2026-07-23 09:51:14 [11,174ms] [Warning] [omni.physx.plugin] Invalid PhysX transform detected for /World/Stem/SmoothBranch_22.
2026-07-23 09:51:14 [11,174ms] [Warning] [omni.physx.plugin] Invalid PhysX transform detected for /World/Stem/SmoothBranch_23.
2026-07-23 09:51:14 [11,174ms] [Warning] [omni.physx.plugin] Invalid PhysX transform detected for /World/Stem/SmoothBranch_24.
2026-07-23 09:51:14 [11,174ms] [Warning] [omni.physx.plugin] Invalid PhysX transform detected for /World/Stem/Fruit_Smooth_base.
2026-07-23 09:51:14 [11,174ms] [Warning] [omni.physx.plugin] Invalid PhysX transform detected for /World/Stem/Fruit_Smooth_tip.
2026-07-23 09:51:14 [11,174ms] [Warning] [omni.physx.plugin] Invalid PhysX transform detected for /World/Stem/Fruit_Smooth.
2026-07-23 09:51:14 [11,184ms] [Warning] [omni.physx.plugin] Invalid PhysX transform detected for /World/Stem/SmoothBranch_00.
2026-07-23 09:51:14 [11,184ms] [Warning] [omni.physx.plugin] Invalid PhysX transform detected for /World/Stem/SmoothBranch_01.
2026-07-23 09:51:14 [11,184ms] [Warning] [omni.physx.plugin] Invalid PhysX transform detected for /World/Stem/SmoothBranch_02.
2026-07-23 09:51:14 [11,184ms] [Warning] [omni.physx.plugin] Invalid PhysX transform detected for /World/Stem/SmoothBranch_03.
2026-07-23 09:51:14 [11,184ms] [Warning] [omni.physx.plugin] Invalid PhysX transform detected for /World/Stem/SmoothBranch_04.
2026-07-23 09:51:14 [11,184ms] [Warning] [omni.physx.plugin] Invalid PhysX transform detected for /World/Stem/SmoothBranch_05.
2026-07-23 09:51:14 [11,184ms] [Warning] [omni.physx.plugin] Invalid PhysX transform detected for /World/Stem/SmoothBranch_06.
2026-07-23 09:51:14 [11,184ms] [Warning] [omni.physx.plugin] Invalid PhysX transform detected for /World/Stem/SmoothBranch_07.
2026-07-23 09:51:14 [11,184ms] [Warning] [omni.physx.plugin] Invalid PhysX transform detected for /World/Stem/SmoothBranch_08.
2026-07-23 09:51:14 [11,184ms] [Warning] [omni.physx.plugin] Invalid PhysX transform detected for /World/Stem/SmoothBranch_09.
2026-07-23 09:51:14 [11,184ms] [Warning] [omni.physx.plugin] Invalid PhysX transform detected for /World/Stem/SmoothBranch_10.
2026-07-23 09:51:14 [11,184ms] [Warning] [omni.physx.plugin] Invalid PhysX transform detected for /World/Stem/SmoothBranch_11.
2026-07-23 09:51:14 [11,184ms] [Warning] [omni.physx.plugin] Invalid PhysX transform detected for /World/Stem/SmoothBranch_12.
2026-07-23 09:51:14 [11,184ms] [Warning] [omni.physx.plugin] Invalid PhysX transform detected for /World/Stem/SmoothBranch_13.
2026-07-23 09:51:14 [11,184ms] [Warning] [omni.physx.plugin] Invalid PhysX transform detected for /World/Stem/SmoothBranch_14.
2026-07-23 09:51:14 [11,184ms] [Warning] [omni.physx.plugin] Invalid PhysX transform detected for /World/Stem/SmoothBranch_15.
2026-07-23 09:51:14 [11,184ms] [Warning] [omni.physx.plugin] Invalid PhysX transform detected for /World/Stem/SmoothBranch_16.
2026-07-23 09:51:14 [11,184ms] [Warning] [omni.physx.plugin] Invalid PhysX transform detected for /World/Stem/SmoothBranch_17.
2026-07-23 09:51:14 [11,184ms] [Warning] [omni.physx.plugin] Invalid PhysX transform detected for /World/Stem/SmoothBranch_18.
2026-07-23 09:51:14 [11,184ms] [Warning] [omni.physx.plugin] Invalid PhysX transform detected for /World/Stem/SmoothBranch_19.
2026-07-23 09:51:14 [11,184ms] [Warning] [omni.physx.plugin] Invalid PhysX transform detected for /World/Stem/SmoothBranch_20.
2026-07-23 09:51:14 [11,184ms] [Warning] [omni.physx.plugin] Invalid PhysX transform detected for /World/Stem/SmoothBranch_21.
2026-07-23 09:51:14 [11,184ms] [Warning] [omni.physx.plugin] Invalid PhysX transform detected for /World/Stem/SmoothBranch_22.
2026-07-23 09:51:14 [11,184ms] [Warning] [omni.physx.plugin] Invalid PhysX transform detected for /World/Stem/SmoothBranch_23.
2026-07-23 09:51:14 [11,184ms] [Warning] [omni.physx.plugin] Invalid PhysX transform detected for /World/Stem/SmoothBranch_24.
2026-07-23 09:51:14 [11,184ms] [Warning] [omni.physx.plugin] Invalid PhysX transform detected for /World/Stem/Fruit_Smooth_base.
2026-07-23 09:51:14 [11,184ms] [Warning] [omni.physx.plugin] Invalid PhysX transform detected for /World/Stem/Fruit_Smooth_tip.
2026-07-23 09:51:14 [11,184ms] [Warning] [omni.physx.plugin] Invalid PhysX transform detected for /World/Stem/Fruit_Smooth.
2026-07-23 09:51:14 [11,195ms] [Warning] [omni.physx.plugin] Invalid PhysX transform detected for /World/Stem/SmoothBranch_00.
2026-07-23 09:51:14 [11,195ms] [Warning] [omni.physx.plugin] Invalid PhysX transform detected for /World/Stem/SmoothBranch_01.
2026-07-23 09:51:14 [11,195ms] [Warning] [omni.physx.plugin] Invalid PhysX transform detected for /World/Stem/SmoothBranch_02.
2026-07-23 09:51:14 [11,195ms] [Warning] [omni.physx.plugin] Invalid PhysX transform detected for /World/Stem/SmoothBranch_03.
2026-07-23 09:51:14 [11,195ms] [Warning] [omni.physx.plugin] Invalid PhysX transform detected for /World/Stem/SmoothBranch_04.
2026-07-23 09:51:14 [11,195ms] [Warning] [omni.physx.plugin] Invalid PhysX transform detected for /World/Stem/SmoothBranch_05.
2026-07-23 09:51:14 [11,195ms] [Warning] [omni.physx.plugin] Invalid PhysX transform detected for /World/Stem/SmoothBranch_06.
2026-07-23 09:51:14 [11,195ms] [Warning] [omni.physx.plugin] Invalid PhysX transform detected for /World/Stem/SmoothBranch_07.
2026-07-23 09:51:14 [11,195ms] [Warning] [omni.physx.plugin] Invalid PhysX transform detected for /World/Stem/SmoothBranch_08.
2026-07-23 09:51:14 [11,195ms] [Warning] [omni.physx.plugin] Invalid PhysX transform detected for /World/Stem/SmoothBranch_09.
2026-07-23 09:51:14 [11,195ms] [Warning] [omni.physx.plugin] Invalid PhysX transform detected for /World/Stem/SmoothBranch_10.
2026-07-23 09:51:14 [11,195ms] [Warning] [omni.physx.plugin] Invalid PhysX transform detected for /World/Stem/SmoothBranch_11.
2026-07-23 09:51:14 [11,195ms] [Warning] [omni.physx.plugin] Invalid PhysX transform detected for /World/Stem/SmoothBranch_12.
2026-07-23 09:51:14 [11,195ms] [Warning] [omni.physx.plugin] Invalid PhysX transform detected for /World/Stem/SmoothBranch_13.
2026-07-23 09:51:14 [11,195ms] [Warning] [omni.physx.plugin] Invalid PhysX transform detected for /World/Stem/SmoothBranch_14.
2026-07-23 09:51:14 [11,195ms] [Warning] [omni.physx.plugin] Invalid PhysX transform detected for /World/Stem/SmoothBranch_15.
2026-07-23 09:51:14 [11,195ms] [Warning] [omni.physx.plugin] Invalid PhysX transform detected for /World/Stem/SmoothBranch_16.
2026-07-23 09:51:14 [11,195ms] [Warning] [omni.physx.plugin] Invalid PhysX transform detected for /World/Stem/SmoothBranch_17.
2026-07-23 09:51:14 [11,195ms] [Warning] [omni.physx.plugin] Invalid PhysX transform detected for /World/Stem/SmoothBranch_18.
2026-07-23 09:51:14 [11,195ms] [Warning] [omni.physx.plugin] Invalid PhysX transform detected for /World/Stem/SmoothBranch_19.
2026-07-23 09:51:14 [11,195ms] [Warning] [omni.physx.plugin] Invalid PhysX transform detected for /World/Stem/SmoothBranch_20.
2026-07-23 09:51:14 [11,195ms] [Warning] [omni.physx.plugin] Invalid PhysX transform detected for /World/Stem/SmoothBranch_21.
2026-07-23 09:51:14 [11,195ms] [Warning] [omni.physx.plugin] Invalid PhysX transform detected for /World/Stem/SmoothBranch_22.
2026-07-23 09:51:14 [11,195ms] [Warning] [omni.physx.plugin] Invalid PhysX transform detected for /World/Stem/SmoothBranch_23.
2026-07-23 09:51:14 [11,195ms] [Warning] [omni.physx.plugin] Invalid PhysX transform detected for /World/Stem/SmoothBranch_24.
2026-07-23 09:51:14 [11,195ms] [Warning] [omni.physx.plugin] Invalid PhysX transform detected for /World/Stem/Fruit_Smooth_base.
2026-07-23 09:51:14 [11,195ms] [Warning] [omni.physx.plugin] Invalid PhysX transform detected for /World/Stem/Fruit_Smooth_tip.
2026-07-23 09:51:14 [11,195ms] [Warning] [omni.physx.plugin] Invalid PhysX transform detected for /World/Stem/Fruit_Smooth.
2026-07-23 09:51:14 [11,206ms] [Warning] [omni.physx.plugin] Invalid PhysX transform detected for /World/Stem/SmoothBranch_00.
2026-07-23 09:51:14 [11,206ms] [Warning] [omni.physx.plugin] Invalid PhysX transform detected for /World/Stem/SmoothBranch_01.
2026-07-23 09:51:14 [11,206ms] [Warning] [omni.physx.plugin] Invalid PhysX transform detected for /World/Stem/SmoothBranch_02.
2026-07-23 09:51:14 [11,206ms] [Warning] [omni.physx.plugin] Invalid PhysX transform detected for /World/Stem/SmoothBranch_03.
2026-07-23 09:51:14 [11,206ms] [Warning] [omni.physx.plugin] Invalid PhysX transform detected for /World/Stem/SmoothBranch_04.
2026-07-23 09:51:14 [11,206ms] [Warning] [omni.physx.plugin] Invalid PhysX transform detected for /World/Stem/SmoothBranch_05.
2026-07-23 09:51:14 [11,206ms] [Warning] [omni.physx.plugin] Invalid PhysX transform detected for /World/Stem/SmoothBranch_06.
2026-07-23 09:51:14 [11,206ms] [Warning] [omni.physx.plugin] Invalid PhysX transform detected for /World/Stem/SmoothBranch_07.
2026-07-23 09:51:14 [11,206ms] [Warning] [omni.physx.plugin] Invalid PhysX transform detected for /World/Stem/SmoothBranch_08.
2026-07-23 09:51:14 [11,206ms] [Warning] [omni.physx.plugin] Invalid PhysX transform detected for /World/Stem/SmoothBranch_09.
2026-07-23 09:51:14 [11,206ms] [Warning] [omni.physx.plugin] Invalid PhysX transform detected for /World/Stem/SmoothBranch_10.
2026-07-23 09:51:14 [11,206ms] [Warning] [omni.physx.plugin] Invalid PhysX transform detected for /World/Stem/SmoothBranch_11.
2026-07-23 09:51:14 [11,206ms] [Warning] [omni.physx.plugin] Invalid PhysX transform detected for /World/Stem/SmoothBranch_12.
2026-07-23 09:51:14 [11,206ms] [Warning] [omni.physx.plugin] Invalid PhysX transform detected for /World/Stem/SmoothBranch_13.
2026-07-23 09:51:14 [11,206ms] [Warning] [omni.physx.plugin] Invalid PhysX transform detected for /World/Stem/SmoothBranch_14.
2026-07-23 09:51:14 [11,206ms] [Warning] [omni.physx.plugin] Invalid PhysX transform detected for /World/Stem/SmoothBranch_15.
2026-07-23 09:51:14 [11,206ms] [Warning] [omni.physx.plugin] Invalid PhysX transform detected for /World/Stem/SmoothBranch_16.
2026-07-23 09:51:14 [11,206ms] [Warning] [omni.physx.plugin] Invalid PhysX transform detected for /World/Stem/SmoothBranch_17.
2026-07-23 09:51:14 [11,206ms] [Warning] [omni.physx.plugin] Invalid PhysX transform detected for /World/Stem/SmoothBranch_18.
2026-07-23 09:51:14 [11,206ms] [Warning] [omni.physx.plugin] Invalid PhysX transform detected for /World/Stem/SmoothBranch_19.
2026-07-23 09:51:14 [11,206ms] [Warning] [omni.physx.plugin] Invalid PhysX transform detected for /World/Stem/SmoothBranch_20.
2026-07-23 09:51:14 [11,206ms] [Warning] [omni.physx.plugin] Invalid PhysX transform detected for /World/Stem/SmoothBranch_21.
2026-07-23 09:51:14 [11,206ms] [Warning] [omni.physx.plugin] Invalid PhysX transform detected for /World/Stem/SmoothBranch_22.
2026-07-23 09:51:14 [11,206ms] [Warning] [omni.physx.plugin] Invalid PhysX transform detected for /World/Stem/SmoothBranch_23.
2026-07-23 09:51:14 [11,206ms] [Warning] [omni.physx.plugin] Invalid PhysX transform detected for /World/Stem/SmoothBranch_24.
2026-07-23 09:51:14 [11,206ms] [Warning] [omni.physx.plugin] Invalid PhysX transform detected for /World/Stem/Fruit_Smooth_base.
2026-07-23 09:51:14 [11,206ms] [Warning] [omni.physx.plugin] Invalid PhysX transform detected for /World/Stem/Fruit_Smooth_tip.
2026-07-23 09:51:14 [11,206ms] [Warning] [omni.physx.plugin] Invalid PhysX transform detected for /World/Stem/Fruit_Smooth.
2026-07-23 09:51:14 [11,217ms] [Warning] [omni.physx.plugin] Invalid PhysX transform detected for /World/Stem/SmoothBranch_00.
2026-07-23 09:51:14 [11,217ms] [Warning] [omni.physx.plugin] Invalid PhysX transform detected for /World/Stem/SmoothBranch_01.
2026-07-23 09:51:14 [11,217ms] [Warning] [omni.physx.plugin] Invalid PhysX transform detected for /World/Stem/SmoothBranch_02.
2026-07-23 09:51:14 [11,217ms] [Warning] [omni.physx.plugin] Invalid PhysX transform detected for /World/Stem/SmoothBranch_03.
2026-07-23 09:51:14 [11,217ms] [Warning] [omni.physx.plugin] Invalid PhysX transform detected for /World/Stem/SmoothBranch_04.
2026-07-23 09:51:14 [11,217ms] [Warning] [omni.physx.plugin] Invalid PhysX transform detected for /World/Stem/SmoothBranch_05.
2026-07-23 09:51:14 [11,217ms] [Warning] [omni.physx.plugin] Invalid PhysX transform detected for /World/Stem/SmoothBranch_06.
2026-07-23 09:51:14 [11,217ms] [Warning] [omni.physx.plugin] Invalid PhysX transform detected for /World/Stem/SmoothBranch_07.
2026-07-23 09:51:14 [11,217ms] [Warning] [omni.physx.plugin] Invalid PhysX transform detected for /World/Stem/SmoothBranch_08.
2026-07-23 09:51:14 [11,217ms] [Warning] [omni.physx.plugin] Invalid PhysX transform detected for /World/Stem/SmoothBranch_09.
2026-07-23 09:51:14 [11,217ms] [Warning] [omni.physx.plugin] Invalid PhysX transform detected for /World/Stem/SmoothBranch_10.
2026-07-23 09:51:14 [11,217ms] [Warning] [omni.physx.plugin] Invalid PhysX transform detected for /World/Stem/SmoothBranch_11.
2026-07-23 09:51:14 [11,217ms] [Warning] [omni.physx.plugin] Invalid PhysX transform detected for /World/Stem/SmoothBranch_12.
2026-07-23 09:51:14 [11,217ms] [Warning] [omni.physx.plugin] Invalid PhysX transform detected for /World/Stem/SmoothBranch_13.
2026-07-23 09:51:14 [11,217ms] [Warning] [omni.physx.plugin] Invalid PhysX transform detected for /World/Stem/SmoothBranch_14.
2026-07-23 09:51:14 [11,217ms] [Warning] [omni.physx.plugin] Invalid PhysX transform detected for /World/Stem/SmoothBranch_15.
2026-07-23 09:51:14 [11,217ms] [Warning] [omni.physx.plugin] Invalid PhysX transform detected for /World/Stem/SmoothBranch_16.
2026-07-23 09:51:14 [11,217ms] [Warning] [omni.physx.plugin] Invalid PhysX transform detected for /World/Stem/SmoothBranch_17.
2026-07-23 09:51:14 [11,217ms] [Warning] [omni.physx.plugin] Invalid PhysX transform detected for /World/Stem/SmoothBranch_18.
2026-07-23 09:51:14 [11,217ms] [Warning] [omni.physx.plugin] Invalid PhysX transform detected for /World/Stem/SmoothBranch_19.
2026-07-23 09:51:14 [11,217ms] [Warning] [omni.physx.plugin] Invalid PhysX transform detected for /World/Stem/SmoothBranch_20.
2026-07-23 09:51:14 [11,217ms] [Warning] [omni.physx.plugin] Invalid PhysX transform detected for /World/Stem/SmoothBranch_21.
2026-07-23 09:51:14 [11,217ms] [Warning] [omni.physx.plugin] Invalid PhysX transform detected for /World/Stem/SmoothBranch_22.
2026-07-23 09:51:14 [11,217ms] [Warning] [omni.physx.plugin] Invalid PhysX transform detected for /World/Stem/SmoothBranch_23.
2026-07-23 09:51:14 [11,217ms] [Warning] [omni.physx.plugin] Invalid PhysX transform detected for /World/Stem/SmoothBranch_24.
2026-07-23 09:51:14 [11,217ms] [Warning] [omni.physx.plugin] Invalid PhysX transform detected for /World/Stem/Fruit_Smooth_base.
2026-07-23 09:51:14 [11,217ms] [Warning] [omni.physx.plugin] Invalid PhysX transform detected for /World/Stem/Fruit_Smooth_tip.
2026-07-23 09:51:14 [11,217ms] [Warning] [omni.physx.plugin] Invalid PhysX transform detected for /World/Stem/Fruit_Smooth.
2026-07-23 09:51:14 [11,228ms] [Warning] [omni.physx.plugin] Invalid PhysX transform detected for /World/Stem/SmoothBranch_00.
2026-07-23 09:51:14 [11,228ms] [Warning] [omni.physx.plugin] Invalid PhysX transform detected for /World/Stem/SmoothBranch_01.
2026-07-23 09:51:14 [11,228ms] [Warning] [omni.physx.plugin] Invalid PhysX transform detected for /World/Stem/SmoothBranch_02.
2026-07-23 09:51:14 [11,228ms] [Warning] [omni.physx.plugin] Invalid PhysX transform detected for /World/Stem/SmoothBranch_03.
2026-07-23 09:51:14 [11,228ms] [Warning] [omni.physx.plugin] Invalid PhysX transform detected for /World/Stem/SmoothBranch_04.
2026-07-23 09:51:14 [11,228ms] [Warning] [omni.physx.plugin] Invalid PhysX transform detected for /World/Stem/SmoothBranch_05.
2026-07-23 09:51:14 [11,228ms] [Warning] [omni.physx.plugin] Invalid PhysX transform detected for /World/Stem/SmoothBranch_06.
2026-07-23 09:51:14 [11,228ms] [Warning] [omni.physx.plugin] Invalid PhysX transform detected for /World/Stem/SmoothBranch_07.
2026-07-23 09:51:14 [11,228ms] [Warning] [omni.physx.plugin] Invalid PhysX transform detected for /World/Stem/SmoothBranch_08.
2026-07-23 09:51:14 [11,228ms] [Warning] [omni.physx.plugin] Invalid PhysX transform detected for /World/Stem/SmoothBranch_09.
2026-07-23 09:51:14 [11,228ms] [Warning] [omni.physx.plugin] Invalid PhysX transform detected for /World/Stem/SmoothBranch_10.
2026-07-23 09:51:14 [11,228ms] [Warning] [omni.physx.plugin] Invalid PhysX transform detected for /World/Stem/SmoothBranch_11.
2026-07-23 09:51:14 [11,228ms] [Warning] [omni.physx.plugin] Invalid PhysX transform detected for /World/Stem/SmoothBranch_12.
2026-07-23 09:51:14 [11,228ms] [Warning] [omni.physx.plugin] Invalid PhysX transform detected for /World/Stem/SmoothBranch_13.
2026-07-23 09:51:14 [11,228ms] [Warning] [omni.physx.plugin] Invalid PhysX transform detected for /World/Stem/SmoothBranch_14.
2026-07-23 09:51:14 [11,228ms] [Warning] [omni.physx.plugin] Invalid PhysX transform detected for /World/Stem/SmoothBranch_15.
2026-07-23 09:51:14 [11,228ms] [Warning] [omni.physx.plugin] Invalid PhysX transform detected for /World/Stem/SmoothBranch_16.
2026-07-23 09:51:14 [11,228ms] [Warning] [omni.physx.plugin] Invalid PhysX transform detected for /World/Stem/SmoothBranch_17.
2026-07-23 09:51:14 [11,228ms] [Warning] [omni.physx.plugin] Invalid PhysX transform detected for /World/Stem/SmoothBranch_18.
2026-07-23 09:51:14 [11,228ms] [Warning] [omni.physx.plugin] Invalid PhysX transform detected for /World/Stem/SmoothBranch_19.
2026-07-23 09:51:14 [11,228ms] [Warning] [omni.physx.plugin] Invalid PhysX transform detected for /World/Stem/SmoothBranch_20.
2026-07-23 09:51:14 [11,228ms] [Warning] [omni.physx.plugin] Invalid PhysX transform detected for /World/Stem/SmoothBranch_21.
2026-07-23 09:51:14 [11,228ms] [Warning] [omni.physx.plugin] Invalid PhysX transform detected for /World/Stem/SmoothBranch_22.
2026-07-23 09:51:14 [11,228ms] [Warning] [omni.physx.plugin] Invalid PhysX transform detected for /World/Stem/SmoothBranch_23.
2026-07-23 09:51:14 [11,228ms] [Warning] [omni.physx.plugin] Invalid PhysX transform detected for /World/Stem/SmoothBranch_24.
2026-07-23 09:51:14 [11,228ms] [Warning] [omni.physx.plugin] Invalid PhysX transform detected for /World/Stem/Fruit_Smooth_base.
2026-07-23 09:51:14 [11,228ms] [Warning] [omni.physx.plugin] Invalid PhysX transform detected for /World/Stem/Fruit_Smooth_tip.
2026-07-23 09:51:14 [11,228ms] [Warning] [omni.physx.plugin] Invalid PhysX transform detected for /World/Stem/Fruit_Smooth.
2026-07-23 09:51:14 [11,238ms] [Warning] [omni.physx.plugin] Invalid PhysX transform detected for /World/Stem/SmoothBranch_00.
2026-07-23 09:51:14 [11,238ms] [Warning] [omni.physx.plugin] Invalid PhysX transform detected for /World/Stem/SmoothBranch_01.
2026-07-23 09:51:14 [11,238ms] [Warning] [omni.physx.plugin] Invalid PhysX transform detected for /World/Stem/SmoothBranch_02.
2026-07-23 09:51:14 [11,238ms] [Warning] [omni.physx.plugin] Invalid PhysX transform detected for /World/Stem/SmoothBranch_03.
2026-07-23 09:51:14 [11,238ms] [Warning] [omni.physx.plugin] Invalid PhysX transform detected for /World/Stem/SmoothBranch_04.
2026-07-23 09:51:14 [11,238ms] [Warning] [omni.physx.plugin] Invalid PhysX transform detected for /World/Stem/SmoothBranch_05.
2026-07-23 09:51:14 [11,238ms] [Warning] [omni.physx.plugin] Invalid PhysX transform detected for /World/Stem/SmoothBranch_06.
2026-07-23 09:51:14 [11,238ms] [Warning] [omni.physx.plugin] Invalid PhysX transform detected for /World/Stem/SmoothBranch_07.
2026-07-23 09:51:14 [11,238ms] [Warning] [omni.physx.plugin] Invalid PhysX transform detected for /World/Stem/SmoothBranch_08.
2026-07-23 09:51:14 [11,238ms] [Warning] [omni.physx.plugin] Invalid PhysX transform detected for /World/Stem/SmoothBranch_09.
2026-07-23 09:51:14 [11,238ms] [Warning] [omni.physx.plugin] Invalid PhysX transform detected for /World/Stem/SmoothBranch_10.
2026-07-23 09:51:14 [11,238ms] [Warning] [omni.physx.plugin] Invalid PhysX transform detected for /World/Stem/SmoothBranch_11.
2026-07-23 09:51:14 [11,238ms] [Warning] [omni.physx.plugin] Invalid PhysX transform detected for /World/Stem/SmoothBranch_12.
2026-07-23 09:51:14 [11,238ms] [Warning] [omni.physx.plugin] Invalid PhysX transform detected for /World/Stem/SmoothBranch_13.
2026-07-23 09:51:14 [11,238ms] [Warning] [omni.physx.plugin] Invalid PhysX transform detected for /World/Stem/SmoothBranch_14.
2026-07-23 09:51:14 [11,238ms] [Warning] [omni.physx.plugin] Invalid PhysX transform detected for /World/Stem/SmoothBranch_15.
2026-07-23 09:51:14 [11,238ms] [Warning] [omni.physx.plugin] Invalid PhysX transform detected for /World/Stem/SmoothBranch_16.
2026-07-23 09:51:14 [11,238ms] [Warning] [omni.physx.plugin] Invalid PhysX transform detected for /World/Stem/SmoothBranch_17.
2026-07-23 09:51:14 [11,238ms] [Warning] [omni.physx.plugin] Invalid PhysX transform detected for /World/Stem/SmoothBranch_18.
2026-07-23 09:51:14 [11,238ms] [Warning] [omni.physx.plugin] Invalid PhysX transform detected for /World/Stem/SmoothBranch_19.
2026-07-23 09:51:14 [11,238ms] [Warning] [omni.physx.plugin] Invalid PhysX transform detected for /World/Stem/SmoothBranch_20.
2026-07-23 09:51:14 [11,238ms] [Warning] [omni.physx.plugin] Invalid PhysX transform detected for /World/Stem/SmoothBranch_21.
2026-07-23 09:51:14 [11,238ms] [Warning] [omni.physx.plugin] Invalid PhysX transform detected for /World/Stem/SmoothBranch_22.
2026-07-23 09:51:14 [11,238ms] [Warning] [omni.physx.plugin] Invalid PhysX transform detected for /World/Stem/SmoothBranch_23.
2026-07-23 09:51:14 [11,238ms] [Warning] [omni.physx.plugin] Invalid PhysX transform detected for /World/Stem/SmoothBranch_24.
2026-07-23 09:51:14 [11,238ms] [Warning] [omni.physx.plugin] Invalid PhysX transform detected for /World/Stem/Fruit_Smooth_base.
2026-07-23 09:51:14 [11,238ms] [Warning] [omni.physx.plugin] Invalid PhysX transform detected for /World/Stem/Fruit_Smooth_tip.
2026-07-23 09:51:14 [11,238ms] [Warning] [omni.physx.plugin] Invalid PhysX transform detected for /World/Stem/Fruit_Smooth.
2026-07-23 09:51:14 [11,249ms] [Warning] [omni.physx.plugin] Invalid PhysX transform detected for /World/Stem/SmoothBranch_00.
2026-07-23 09:51:14 [11,249ms] [Warning] [omni.physx.plugin] Invalid PhysX transform detected for /World/Stem/SmoothBranch_01.
2026-07-23 09:51:14 [11,249ms] [Warning] [omni.physx.plugin] Invalid PhysX transform detected for /World/Stem/SmoothBranch_02.
2026-07-23 09:51:14 [11,249ms] [Warning] [omni.physx.plugin] Invalid PhysX transform detected for /World/Stem/SmoothBranch_03.
2026-07-23 09:51:14 [11,249ms] [Warning] [omni.physx.plugin] Invalid PhysX transform detected for /World/Stem/SmoothBranch_04.
2026-07-23 09:51:14 [11,249ms] [Warning] [omni.physx.plugin] Invalid PhysX transform detected for /World/Stem/SmoothBranch_05.
2026-07-23 09:51:14 [11,249ms] [Warning] [omni.physx.plugin] Invalid PhysX transform detected for /World/Stem/SmoothBranch_06.
2026-07-23 09:51:14 [11,249ms] [Warning] [omni.physx.plugin] Invalid PhysX transform detected for /World/Stem/SmoothBranch_07.
2026-07-23 09:51:14 [11,249ms] [Warning] [omni.physx.plugin] Invalid PhysX transform detected for /World/Stem/SmoothBranch_08.
2026-07-23 09:51:14 [11,249ms] [Warning] [omni.physx.plugin] Invalid PhysX transform detected for /World/Stem/SmoothBranch_09.
2026-07-23 09:51:14 [11,249ms] [Warning] [omni.physx.plugin] Invalid PhysX transform detected for /World/Stem/SmoothBranch_10.
2026-07-23 09:51:14 [11,249ms] [Warning] [omni.physx.plugin] Invalid PhysX transform detected for /World/Stem/SmoothBranch_11.
2026-07-23 09:51:14 [11,249ms] [Warning] [omni.physx.plugin] Invalid PhysX transform detected for /World/Stem/SmoothBranch_12.
2026-07-23 09:51:14 [11,249ms] [Warning] [omni.physx.plugin] Invalid PhysX transform detected for /World/Stem/SmoothBranch_13.
2026-07-23 09:51:14 [11,249ms] [Warning] [omni.physx.plugin] Invalid PhysX transform detected for /World/Stem/SmoothBranch_14.
2026-07-23 09:51:14 [11,249ms] [Warning] [omni.physx.plugin] Invalid PhysX transform detected for /World/Stem/SmoothBranch_15.
2026-07-23 09:51:14 [11,249ms] [Warning] [omni.physx.plugin] Invalid PhysX transform detected for /World/Stem/SmoothBranch_16.
2026-07-23 09:51:14 [11,249ms] [Warning] [omni.physx.plugin] Invalid PhysX transform detected for /World/Stem/SmoothBranch_17.
2026-07-23 09:51:14 [11,249ms] [Warning] [omni.physx.plugin] Invalid PhysX transform detected for /World/Stem/SmoothBranch_18.
2026-07-23 09:51:14 [11,249ms] [Warning] [omni.physx.plugin] Invalid PhysX transform detected for /World/Stem/SmoothBranch_19.
2026-07-23 09:51:14 [11,249ms] [Warning] [omni.physx.plugin] Invalid PhysX transform detected for /World/Stem/SmoothBranch_20.
2026-07-23 09:51:14 [11,249ms] [Warning] [omni.physx.plugin] Invalid PhysX transform detected for /World/Stem/SmoothBranch_21.
2026-07-23 09:51:14 [11,249ms] [Warning] [omni.physx.plugin] Invalid PhysX transform detected for /World/Stem/SmoothBranch_22.
2026-07-23 09:51:14 [11,249ms] [Warning] [omni.physx.plugin] Invalid PhysX transform detected for /World/Stem/SmoothBranch_23.
2026-07-23 09:51:14 [11,249ms] [Warning] [omni.physx.plugin] Invalid PhysX transform detected for /World/Stem/SmoothBranch_24.
2026-07-23 09:51:14 [11,249ms] [Warning] [omni.physx.plugin] Invalid PhysX transform detected for /World/Stem/Fruit_Smooth_base.
2026-07-23 09:51:14 [11,249ms] [Warning] [omni.physx.plugin] Invalid PhysX transform detected for /World/Stem/Fruit_Smooth_tip.
2026-07-23 09:51:14 [11,249ms] [Warning] [omni.physx.plugin] Invalid PhysX transform detected for /World/Stem/Fruit_Smooth.
2026-07-23 09:51:14 [11,260ms] [Warning] [omni.physx.plugin] Invalid PhysX transform detected for /World/Stem/SmoothBranch_00.
2026-07-23 09:51:14 [11,260ms] [Warning] [omni.physx.plugin] Invalid PhysX transform detected for /World/Stem/SmoothBranch_01.
2026-07-23 09:51:14 [11,260ms] [Warning] [omni.physx.plugin] Invalid PhysX transform detected for /World/Stem/SmoothBranch_02.
2026-07-23 09:51:14 [11,260ms] [Warning] [omni.physx.plugin] Invalid PhysX transform detected for /World/Stem/SmoothBranch_03.
2026-07-23 09:51:14 [11,260ms] [Warning] [omni.physx.plugin] Invalid PhysX transform detected for /World/Stem/SmoothBranch_04.
2026-07-23 09:51:14 [11,260ms] [Warning] [omni.physx.plugin] Invalid PhysX transform detected for /World/Stem/SmoothBranch_05.
2026-07-23 09:51:14 [11,260ms] [Warning] [omni.physx.plugin] Invalid PhysX transform detected for /World/Stem/SmoothBranch_06.
2026-07-23 09:51:14 [11,260ms] [Warning] [omni.physx.plugin] Invalid PhysX transform detected for /World/Stem/SmoothBranch_07.
2026-07-23 09:51:14 [11,260ms] [Warning] [omni.physx.plugin] Invalid PhysX transform detected for /World/Stem/SmoothBranch_08.
2026-07-23 09:51:14 [11,260ms] [Warning] [omni.physx.plugin] Invalid PhysX transform detected for /World/Stem/SmoothBranch_09.
2026-07-23 09:51:14 [11,260ms] [Warning] [omni.physx.plugin] Invalid PhysX transform detected for /World/Stem/SmoothBranch_10.
2026-07-23 09:51:14 [11,260ms] [Warning] [omni.physx.plugin] Invalid PhysX transform detected for /World/Stem/SmoothBranch_11.
2026-07-23 09:51:14 [11,260ms] [Warning] [omni.physx.plugin] Invalid PhysX transform detected for /World/Stem/SmoothBranch_12.
2026-07-23 09:51:14 [11,260ms] [Warning] [omni.physx.plugin] Invalid PhysX transform detected for /World/Stem/SmoothBranch_13.
2026-07-23 09:51:14 [11,260ms] [Warning] [omni.physx.plugin] Invalid PhysX transform detected for /World/Stem/SmoothBranch_14.
2026-07-23 09:51:14 [11,260ms] [Warning] [omni.physx.plugin] Invalid PhysX transform detected for /World/Stem/SmoothBranch_15.
2026-07-23 09:51:14 [11,260ms] [Warning] [omni.physx.plugin] Invalid PhysX transform detected for /World/Stem/SmoothBranch_16.
2026-07-23 09:51:14 [11,260ms] [Warning] [omni.physx.plugin] Invalid PhysX transform detected for /World/Stem/SmoothBranch_17.
2026-07-23 09:51:14 [11,260ms] [Warning] [omni.physx.plugin] Invalid PhysX transform detected for /World/Stem/SmoothBranch_18.
2026-07-23 09:51:14 [11,260ms] [Warning] [omni.physx.plugin] Invalid PhysX transform detected for /World/Stem/SmoothBranch_19.
2026-07-23 09:51:14 [11,260ms] [Warning] [omni.physx.plugin] Invalid PhysX transform detected for /World/Stem/SmoothBranch_20.
2026-07-23 09:51:14 [11,260ms] [Warning] [omni.physx.plugin] Invalid PhysX transform detected for /World/Stem/SmoothBranch_21.
2026-07-23 09:51:14 [11,260ms] [Warning] [omni.physx.plugin] Invalid PhysX transform detected for /World/Stem/SmoothBranch_22.
2026-07-23 09:51:14 [11,260ms] [Warning] [omni.physx.plugin] Invalid PhysX transform detected for /World/Stem/SmoothBranch_23.
2026-07-23 09:51:14 [11,260ms] [Warning] [omni.physx.plugin] Invalid PhysX transform detected for /World/Stem/SmoothBranch_24.
2026-07-23 09:51:14 [11,260ms] [Warning] [omni.physx.plugin] Invalid PhysX transform detected for /World/Stem/Fruit_Smooth_base.
2026-07-23 09:51:14 [11,260ms] [Warning] [omni.physx.plugin] Invalid PhysX transform detected for /World/Stem/Fruit_Smooth_tip.
2026-07-23 09:51:14 [11,260ms] [Warning] [omni.physx.plugin] Invalid PhysX transform detected for /World/Stem/Fruit_Smooth.
2026-07-23 09:51:14 [11,270ms] [Warning] [omni.physx.plugin] Invalid PhysX transform detected for /World/Stem/SmoothBranch_00.
2026-07-23 09:51:14 [11,270ms] [Warning] [omni.physx.plugin] Invalid PhysX transform detected for /World/Stem/SmoothBranch_01.
2026-07-23 09:51:14 [11,270ms] [Warning] [omni.physx.plugin] Invalid PhysX transform detected for /World/Stem/SmoothBranch_02.
2026-07-23 09:51:14 [11,270ms] [Warning] [omni.physx.plugin] Invalid PhysX transform detected for /World/Stem/SmoothBranch_03.
2026-07-23 09:51:14 [11,270ms] [Warning] [omni.physx.plugin] Invalid PhysX transform detected for /World/Stem/SmoothBranch_04.
2026-07-23 09:51:14 [11,270ms] [Warning] [omni.physx.plugin] Invalid PhysX transform detected for /World/Stem/SmoothBranch_05.
2026-07-23 09:51:14 [11,270ms] [Warning] [omni.physx.plugin] Invalid PhysX transform detected for /World/Stem/SmoothBranch_06.
2026-07-23 09:51:14 [11,270ms] [Warning] [omni.physx.plugin] Invalid PhysX transform detected for /World/Stem/SmoothBranch_07.
2026-07-23 09:51:14 [11,270ms] [Warning] [omni.physx.plugin] Invalid PhysX transform detected for /World/Stem/SmoothBranch_08.
2026-07-23 09:51:14 [11,270ms] [Warning] [omni.physx.plugin] Invalid PhysX transform detected for /World/Stem/SmoothBranch_09.
2026-07-23 09:51:14 [11,270ms] [Warning] [omni.physx.plugin] Invalid PhysX transform detected for /World/Stem/SmoothBranch_10.
2026-07-23 09:51:14 [11,270ms] [Warning] [omni.physx.plugin] Invalid PhysX transform detected for /World/Stem/SmoothBranch_11.
2026-07-23 09:51:14 [11,270ms] [Warning] [omni.physx.plugin] Invalid PhysX transform detected for /World/Stem/SmoothBranch_12.
2026-07-23 09:51:14 [11,270ms] [Warning] [omni.physx.plugin] Invalid PhysX transform detected for /World/Stem/SmoothBranch_13.
2026-07-23 09:51:14 [11,270ms] [Warning] [omni.physx.plugin] Invalid PhysX transform detected for /World/Stem/SmoothBranch_14.
2026-07-23 09:51:14 [11,270ms] [Warning] [omni.physx.plugin] Invalid PhysX transform detected for /World/Stem/SmoothBranch_15.
2026-07-23 09:51:14 [11,270ms] [Warning] [omni.physx.plugin] Invalid PhysX transform detected for /World/Stem/SmoothBranch_16.
2026-07-23 09:51:14 [11,270ms] [Warning] [omni.physx.plugin] Invalid PhysX transform detected for /World/Stem/SmoothBranch_17.
2026-07-23 09:51:14 [11,270ms] [Warning] [omni.physx.plugin] Invalid PhysX transform detected for /World/Stem/SmoothBranch_18.
2026-07-23 09:51:14 [11,270ms] [Warning] [omni.physx.plugin] Invalid PhysX transform detected for /World/Stem/SmoothBranch_19.
2026-07-23 09:51:14 [11,270ms] [Warning] [omni.physx.plugin] Invalid PhysX transform detected for /World/Stem/SmoothBranch_20.
2026-07-23 09:51:14 [11,270ms] [Warning] [omni.physx.plugin] Invalid PhysX transform detected for /World/Stem/SmoothBranch_21.
2026-07-23 09:51:14 [11,270ms] [Warning] [omni.physx.plugin] Invalid PhysX transform detected for /World/Stem/SmoothBranch_22.
2026-07-23 09:51:14 [11,270ms] [Warning] [omni.physx.plugin] Invalid PhysX transform detected for /World/Stem/SmoothBranch_23.
2026-07-23 09:51:14 [11,270ms] [Warning] [omni.physx.plugin] Invalid PhysX transform detected for /World/Stem/SmoothBranch_24.
2026-07-23 09:51:14 [11,270ms] [Warning] [omni.physx.plugin] Invalid PhysX transform detected for /World/Stem/Fruit_Smooth_base.
2026-07-23 09:51:14 [11,270ms] [Warning] [omni.physx.plugin] Invalid PhysX transform detected for /World/Stem/Fruit_Smooth_tip.
2026-07-23 09:51:14 [11,270ms] [Warning] [omni.physx.plugin] Invalid PhysX transform detected for /World/Stem/Fruit_Smooth.
2026-07-23 09:51:14 [11,281ms] [Warning] [omni.physx.plugin] Invalid PhysX transform detected for /World/Stem/SmoothBranch_00.
2026-07-23 09:51:14 [11,281ms] [Warning] [omni.physx.plugin] Invalid PhysX transform detected for /World/Stem/SmoothBranch_01.
2026-07-23 09:51:14 [11,281ms] [Warning] [omni.physx.plugin] Invalid PhysX transform detected for /World/Stem/SmoothBranch_02.
2026-07-23 09:51:14 [11,281ms] [Warning] [omni.physx.plugin] Invalid PhysX transform detected for /World/Stem/SmoothBranch_03.
2026-07-23 09:51:14 [11,281ms] [Warning] [omni.physx.plugin] Invalid PhysX transform detected for /World/Stem/SmoothBranch_04.
2026-07-23 09:51:14 [11,281ms] [Warning] [omni.physx.plugin] Invalid PhysX transform detected for /World/Stem/SmoothBranch_05.
2026-07-23 09:51:14 [11,281ms] [Warning] [omni.physx.plugin] Invalid PhysX transform detected for /World/Stem/SmoothBranch_06.
2026-07-23 09:51:14 [11,281ms] [Warning] [omni.physx.plugin] Invalid PhysX transform detected for /World/Stem/SmoothBranch_07.
2026-07-23 09:51:14 [11,281ms] [Warning] [omni.physx.plugin] Invalid PhysX transform detected for /World/Stem/SmoothBranch_08.
2026-07-23 09:51:14 [11,281ms] [Warning] [omni.physx.plugin] Invalid PhysX transform detected for /World/Stem/SmoothBranch_09.
2026-07-23 09:51:14 [11,281ms] [Warning] [omni.physx.plugin] Invalid PhysX transform detected for /World/Stem/SmoothBranch_10.
2026-07-23 09:51:14 [11,281ms] [Warning] [omni.physx.plugin] Invalid PhysX transform detected for /World/Stem/SmoothBranch_11.
2026-07-23 09:51:14 [11,281ms] [Warning] [omni.physx.plugin] Invalid PhysX transform detected for /World/Stem/SmoothBranch_12.
2026-07-23 09:51:14 [11,281ms] [Warning] [omni.physx.plugin] Invalid PhysX transform detected for /World/Stem/SmoothBranch_13.
2026-07-23 09:51:14 [11,281ms] [Warning] [omni.physx.plugin] Invalid PhysX transform detected for /World/Stem/SmoothBranch_14.
2026-07-23 09:51:14 [11,281ms] [Warning] [omni.physx.plugin] Invalid PhysX transform detected for /World/Stem/SmoothBranch_15.
2026-07-23 09:51:14 [11,281ms] [Warning] [omni.physx.plugin] Invalid PhysX transform detected for /World/Stem/SmoothBranch_16.
2026-07-23 09:51:14 [11,281ms] [Warning] [omni.physx.plugin] Invalid PhysX transform detected for /World/Stem/SmoothBranch_17.
2026-07-23 09:51:14 [11,281ms] [Warning] [omni.physx.plugin] Invalid PhysX transform detected for /World/Stem/SmoothBranch_18.
2026-07-23 09:51:14 [11,281ms] [Warning] [omni.physx.plugin] Invalid PhysX transform detected for /World/Stem/SmoothBranch_19.
2026-07-23 09:51:14 [11,281ms] [Warning] [omni.physx.plugin] Invalid PhysX transform detected for /World/Stem/SmoothBranch_20.
2026-07-23 09:51:14 [11,281ms] [Warning] [omni.physx.plugin] Invalid PhysX transform detected for /World/Stem/SmoothBranch_21.
2026-07-23 09:51:14 [11,281ms] [Warning] [omni.physx.plugin] Invalid PhysX transform detected for /World/Stem/SmoothBranch_22.
2026-07-23 09:51:14 [11,281ms] [Warning] [omni.physx.plugin] Invalid PhysX transform detected for /World/Stem/SmoothBranch_23.
2026-07-23 09:51:14 [11,281ms] [Warning] [omni.physx.plugin] Invalid PhysX transform detected for /World/Stem/SmoothBranch_24.
2026-07-23 09:51:14 [11,281ms] [Warning] [omni.physx.plugin] Invalid PhysX transform detected for /World/Stem/Fruit_Smooth_base.
2026-07-23 09:51:14 [11,281ms] [Warning] [omni.physx.plugin] Invalid PhysX transform detected for /World/Stem/Fruit_Smooth_tip.
2026-07-23 09:51:14 [11,281ms] [Warning] [omni.physx.plugin] Invalid PhysX transform detected for /World/Stem/Fruit_Smooth.
2026-07-23 09:51:14 [11,292ms] [Warning] [omni.physx.plugin] Invalid PhysX transform detected for /World/Stem/SmoothBranch_00.
2026-07-23 09:51:14 [11,292ms] [Warning] [omni.physx.plugin] Invalid PhysX transform detected for /World/Stem/SmoothBranch_01.
2026-07-23 09:51:14 [11,292ms] [Warning] [omni.physx.plugin] Invalid PhysX transform detected for /World/Stem/SmoothBranch_02.
2026-07-23 09:51:14 [11,292ms] [Warning] [omni.physx.plugin] Invalid PhysX transform detected for /World/Stem/SmoothBranch_03.
2026-07-23 09:51:14 [11,292ms] [Warning] [omni.physx.plugin] Invalid PhysX transform detected for /World/Stem/SmoothBranch_04.
2026-07-23 09:51:14 [11,292ms] [Warning] [omni.physx.plugin] Invalid PhysX transform detected for /World/Stem/SmoothBranch_05.
2026-07-23 09:51:14 [11,292ms] [Warning] [omni.physx.plugin] Invalid PhysX transform detected for /World/Stem/SmoothBranch_06.
2026-07-23 09:51:14 [11,292ms] [Warning] [omni.physx.plugin] Invalid PhysX transform detected for /World/Stem/SmoothBranch_07.
2026-07-23 09:51:14 [11,292ms] [Warning] [omni.physx.plugin] Invalid PhysX transform detected for /World/Stem/SmoothBranch_08.
2026-07-23 09:51:14 [11,292ms] [Warning] [omni.physx.plugin] Invalid PhysX transform detected for /World/Stem/SmoothBranch_09.
2026-07-23 09:51:14 [11,292ms] [Warning] [omni.physx.plugin] Invalid PhysX transform detected for /World/Stem/SmoothBranch_10.
2026-07-23 09:51:14 [11,292ms] [Warning] [omni.physx.plugin] Invalid PhysX transform detected for /World/Stem/SmoothBranch_11.
2026-07-23 09:51:14 [11,292ms] [Warning] [omni.physx.plugin] Invalid PhysX transform detected for /World/Stem/SmoothBranch_12.
2026-07-23 09:51:14 [11,292ms] [Warning] [omni.physx.plugin] Invalid PhysX transform detected for /World/Stem/SmoothBranch_13.
2026-07-23 09:51:14 [11,292ms] [Warning] [omni.physx.plugin] Invalid PhysX transform detected for /World/Stem/SmoothBranch_14.
2026-07-23 09:51:14 [11,292ms] [Warning] [omni.physx.plugin] Invalid PhysX transform detected for /World/Stem/SmoothBranch_15.
2026-07-23 09:51:14 [11,292ms] [Warning] [omni.physx.plugin] Invalid PhysX transform detected for /World/Stem/SmoothBranch_16.
2026-07-23 09:51:14 [11,292ms] [Warning] [omni.physx.plugin] Invalid PhysX transform detected for /World/Stem/SmoothBranch_17.
2026-07-23 09:51:14 [11,292ms] [Warning] [omni.physx.plugin] Invalid PhysX transform detected for /World/Stem/SmoothBranch_18.
2026-07-23 09:51:14 [11,292ms] [Warning] [omni.physx.plugin] Invalid PhysX transform detected for /World/Stem/SmoothBranch_19.
2026-07-23 09:51:14 [11,292ms] [Warning] [omni.physx.plugin] Invalid PhysX transform detected for /World/Stem/SmoothBranch_20.
2026-07-23 09:51:14 [11,292ms] [Warning] [omni.physx.plugin] Invalid PhysX transform detected for /World/Stem/SmoothBranch_21.
2026-07-23 09:51:14 [11,292ms] [Warning] [omni.physx.plugin] Invalid PhysX transform detected for /World/Stem/SmoothBranch_22.
2026-07-23 09:51:14 [11,292ms] [Warning] [omni.physx.plugin] Invalid PhysX transform detected for /World/Stem/SmoothBranch_23.
2026-07-23 09:51:14 [11,292ms] [Warning] [omni.physx.plugin] Invalid PhysX transform detected for /World/Stem/SmoothBranch_24.
2026-07-23 09:51:14 [11,292ms] [Warning] [omni.physx.plugin] Invalid PhysX transform detected for /World/Stem/Fruit_Smooth_base.
2026-07-23 09:51:14 [11,292ms] [Warning] [omni.physx.plugin] Invalid PhysX transform detected for /World/Stem/Fruit_Smooth_tip.
2026-07-23 09:51:14 [11,292ms] [Warning] [omni.physx.plugin] Invalid PhysX transform detected for /World/Stem/Fruit_Smooth.
2026-07-23 09:51:14 [11,302ms] [Warning] [omni.physx.plugin] Invalid PhysX transform detected for /World/Stem/SmoothBranch_00.
2026-07-23 09:51:14 [11,302ms] [Warning] [omni.physx.plugin] Invalid PhysX transform detected for /World/Stem/SmoothBranch_01.
2026-07-23 09:51:14 [11,302ms] [Warning] [omni.physx.plugin] Invalid PhysX transform detected for /World/Stem/SmoothBranch_02.
2026-07-23 09:51:14 [11,302ms] [Warning] [omni.physx.plugin] Invalid PhysX transform detected for /World/Stem/SmoothBranch_03.
2026-07-23 09:51:14 [11,302ms] [Warning] [omni.physx.plugin] Invalid PhysX transform detected for /World/Stem/SmoothBranch_04.
2026-07-23 09:51:14 [11,302ms] [Warning] [omni.physx.plugin] Invalid PhysX transform detected for /World/Stem/SmoothBranch_05.
2026-07-23 09:51:14 [11,302ms] [Warning] [omni.physx.plugin] Invalid PhysX transform detected for /World/Stem/SmoothBranch_06.
2026-07-23 09:51:14 [11,302ms] [Warning] [omni.physx.plugin] Invalid PhysX transform detected for /World/Stem/SmoothBranch_07.
2026-07-23 09:51:14 [11,302ms] [Warning] [omni.physx.plugin] Invalid PhysX transform detected for /World/Stem/SmoothBranch_08.
2026-07-23 09:51:14 [11,302ms] [Warning] [omni.physx.plugin] Invalid PhysX transform detected for /World/Stem/SmoothBranch_09.
2026-07-23 09:51:14 [11,302ms] [Warning] [omni.physx.plugin] Invalid PhysX transform detected for /World/Stem/SmoothBranch_10.
2026-07-23 09:51:14 [11,302ms] [Warning] [omni.physx.plugin] Invalid PhysX transform detected for /World/Stem/SmoothBranch_11.
2026-07-23 09:51:14 [11,302ms] [Warning] [omni.physx.plugin] Invalid PhysX transform detected for /World/Stem/SmoothBranch_12.
2026-07-23 09:51:14 [11,302ms] [Warning] [omni.physx.plugin] Invalid PhysX transform detected for /World/Stem/SmoothBranch_13.
2026-07-23 09:51:14 [11,302ms] [Warning] [omni.physx.plugin] Invalid PhysX transform detected for /World/Stem/SmoothBranch_14.
2026-07-23 09:51:14 [11,302ms] [Warning] [omni.physx.plugin] Invalid PhysX transform detected for /World/Stem/SmoothBranch_15.
2026-07-23 09:51:14 [11,302ms] [Warning] [omni.physx.plugin] Invalid PhysX transform detected for /World/Stem/SmoothBranch_16.
2026-07-23 09:51:14 [11,302ms] [Warning] [omni.physx.plugin] Invalid PhysX transform detected for /World/Stem/SmoothBranch_17.
2026-07-23 09:51:14 [11,302ms] [Warning] [omni.physx.plugin] Invalid PhysX transform detected for /World/Stem/SmoothBranch_18.
2026-07-23 09:51:14 [11,302ms] [Warning] [omni.physx.plugin] Invalid PhysX transform detected for /World/Stem/SmoothBranch_19.
2026-07-23 09:51:14 [11,302ms] [Warning] [omni.physx.plugin] Invalid PhysX transform detected for /World/Stem/SmoothBranch_20.
2026-07-23 09:51:14 [11,302ms] [Warning] [omni.physx.plugin] Invalid PhysX transform detected for /World/Stem/SmoothBranch_21.
2026-07-23 09:51:14 [11,302ms] [Warning] [omni.physx.plugin] Invalid PhysX transform detected for /World/Stem/SmoothBranch_22.
2026-07-23 09:51:14 [11,302ms] [Warning] [omni.physx.plugin] Invalid PhysX transform detected for /World/Stem/SmoothBranch_23.
2026-07-23 09:51:14 [11,302ms] [Warning] [omni.physx.plugin] Invalid PhysX transform detected for /World/Stem/SmoothBranch_24.
2026-07-23 09:51:14 [11,302ms] [Warning] [omni.physx.plugin] Invalid PhysX transform detected for /World/Stem/Fruit_Smooth_base.
2026-07-23 09:51:14 [11,302ms] [Warning] [omni.physx.plugin] Invalid PhysX transform detected for /World/Stem/Fruit_Smooth_tip.
2026-07-23 09:51:14 [11,302ms] [Warning] [omni.physx.plugin] Invalid PhysX transform detected for /World/Stem/Fruit_Smooth.
2026-07-23 09:51:14 [11,313ms] [Warning] [omni.physx.plugin] Invalid PhysX transform detected for /World/Stem/SmoothBranch_00.
2026-07-23 09:51:14 [11,313ms] [Warning] [omni.physx.plugin] Invalid PhysX transform detected for /World/Stem/SmoothBranch_01.
2026-07-23 09:51:14 [11,313ms] [Warning] [omni.physx.plugin] Invalid PhysX transform detected for /World/Stem/SmoothBranch_02.
2026-07-23 09:51:14 [11,313ms] [Warning] [omni.physx.plugin] Invalid PhysX transform detected for /World/Stem/SmoothBranch_03.
2026-07-23 09:51:14 [11,313ms] [Warning] [omni.physx.plugin] Invalid PhysX transform detected for /World/Stem/SmoothBranch_04.
2026-07-23 09:51:14 [11,313ms] [Warning] [omni.physx.plugin] Invalid PhysX transform detected for /World/Stem/SmoothBranch_05.
2026-07-23 09:51:14 [11,313ms] [Warning] [omni.physx.plugin] Invalid PhysX transform detected for /World/Stem/SmoothBranch_06.
2026-07-23 09:51:14 [11,313ms] [Warning] [omni.physx.plugin] Invalid PhysX transform detected for /World/Stem/SmoothBranch_07.
2026-07-23 09:51:14 [11,313ms] [Warning] [omni.physx.plugin] Invalid PhysX transform detected for /World/Stem/SmoothBranch_08.
2026-07-23 09:51:14 [11,313ms] [Warning] [omni.physx.plugin] Invalid PhysX transform detected for /World/Stem/SmoothBranch_09.
2026-07-23 09:51:14 [11,313ms] [Warning] [omni.physx.plugin] Invalid PhysX transform detected for /World/Stem/SmoothBranch_10.
2026-07-23 09:51:14 [11,313ms] [Warning] [omni.physx.plugin] Invalid PhysX transform detected for /World/Stem/SmoothBranch_11.
2026-07-23 09:51:14 [11,313ms] [Warning] [omni.physx.plugin] Invalid PhysX transform detected for /World/Stem/SmoothBranch_12.
2026-07-23 09:51:14 [11,313ms] [Warning] [omni.physx.plugin] Invalid PhysX transform detected for /World/Stem/SmoothBranch_13.
2026-07-23 09:51:14 [11,313ms] [Warning] [omni.physx.plugin] Invalid PhysX transform detected for /World/Stem/SmoothBranch_14.
2026-07-23 09:51:14 [11,313ms] [Warning] [omni.physx.plugin] Invalid PhysX transform detected for /World/Stem/SmoothBranch_15.
2026-07-23 09:51:14 [11,313ms] [Warning] [omni.physx.plugin] Invalid PhysX transform detected for /World/Stem/SmoothBranch_16.
2026-07-23 09:51:14 [11,313ms] [Warning] [omni.physx.plugin] Invalid PhysX transform detected for /World/Stem/SmoothBranch_17.
2026-07-23 09:51:14 [11,313ms] [Warning] [omni.physx.plugin] Invalid PhysX transform detected for /World/Stem/SmoothBranch_18.
2026-07-23 09:51:14 [11,313ms] [Warning] [omni.physx.plugin] Invalid PhysX transform detected for /World/Stem/SmoothBranch_19.
2026-07-23 09:51:14 [11,313ms] [Warning] [omni.physx.plugin] Invalid PhysX transform detected for /World/Stem/SmoothBranch_20.
2026-07-23 09:51:14 [11,313ms] [Warning] [omni.physx.plugin] Invalid PhysX transform detected for /World/Stem/SmoothBranch_21.
2026-07-23 09:51:14 [11,313ms] [Warning] [omni.physx.plugin] Invalid PhysX transform detected for /World/Stem/SmoothBranch_22.
2026-07-23 09:51:14 [11,313ms] [Warning] [omni.physx.plugin] Invalid PhysX transform detected for /World/Stem/SmoothBranch_23.
2026-07-23 09:51:14 [11,313ms] [Warning] [omni.physx.plugin] Invalid PhysX transform detected for /World/Stem/SmoothBranch_24.
2026-07-23 09:51:14 [11,313ms] [Warning] [omni.physx.plugin] Invalid PhysX transform detected for /World/Stem/Fruit_Smooth_base.
2026-07-23 09:51:14 [11,313ms] [Warning] [omni.physx.plugin] Invalid PhysX transform detected for /World/Stem/Fruit_Smooth_tip.
2026-07-23 09:51:14 [11,313ms] [Warning] [omni.physx.plugin] Invalid PhysX transform detected for /World/Stem/Fruit_Smooth.
2026-07-23 09:51:14 [11,324ms] [Warning] [omni.physx.plugin] Invalid PhysX transform detected for /World/Stem/SmoothBranch_00.
2026-07-23 09:51:14 [11,324ms] [Warning] [omni.physx.plugin] Invalid PhysX transform detected for /World/Stem/SmoothBranch_01.
2026-07-23 09:51:14 [11,324ms] [Warning] [omni.physx.plugin] Invalid PhysX transform detected for /World/Stem/SmoothBranch_02.
2026-07-23 09:51:14 [11,324ms] [Warning] [omni.physx.plugin] Invalid PhysX transform detected for /World/Stem/SmoothBranch_03.
2026-07-23 09:51:14 [11,324ms] [Warning] [omni.physx.plugin] Invalid PhysX transform detected for /World/Stem/SmoothBranch_04.
2026-07-23 09:51:14 [11,324ms] [Warning] [omni.physx.plugin] Invalid PhysX transform detected for /World/Stem/SmoothBranch_05.
2026-07-23 09:51:14 [11,324ms] [Warning] [omni.physx.plugin] Invalid PhysX transform detected for /World/Stem/SmoothBranch_06.
2026-07-23 09:51:14 [11,324ms] [Warning] [omni.physx.plugin] Invalid PhysX transform detected for /World/Stem/SmoothBranch_07.
2026-07-23 09:51:14 [11,324ms] [Warning] [omni.physx.plugin] Invalid PhysX transform detected for /World/Stem/SmoothBranch_08.
2026-07-23 09:51:14 [11,324ms] [Warning] [omni.physx.plugin] Invalid PhysX transform detected for /World/Stem/SmoothBranch_09.
2026-07-23 09:51:14 [11,324ms] [Warning] [omni.physx.plugin] Invalid PhysX transform detected for /World/Stem/SmoothBranch_10.
2026-07-23 09:51:14 [11,324ms] [Warning] [omni.physx.plugin] Invalid PhysX transform detected for /World/Stem/SmoothBranch_11.
2026-07-23 09:51:14 [11,324ms] [Warning] [omni.physx.plugin] Invalid PhysX transform detected for /World/Stem/SmoothBranch_12.
2026-07-23 09:51:14 [11,324ms] [Warning] [omni.physx.plugin] Invalid PhysX transform detected for /World/Stem/SmoothBranch_13.
2026-07-23 09:51:14 [11,324ms] [Warning] [omni.physx.plugin] Invalid PhysX transform detected for /World/Stem/SmoothBranch_14.
2026-07-23 09:51:14 [11,324ms] [Warning] [omni.physx.plugin] Invalid PhysX transform detected for /World/Stem/SmoothBranch_15.
2026-07-23 09:51:14 [11,324ms] [Warning] [omni.physx.plugin] Invalid PhysX transform detected for /World/Stem/SmoothBranch_16.
2026-07-23 09:51:14 [11,324ms] [Warning] [omni.physx.plugin] Invalid PhysX transform detected for /World/Stem/SmoothBranch_17.
2026-07-23 09:51:14 [11,324ms] [Warning] [omni.physx.plugin] Invalid PhysX transform detected for /World/Stem/SmoothBranch_18.
2026-07-23 09:51:14 [11,324ms] [Warning] [omni.physx.plugin] Invalid PhysX transform detected for /World/Stem/SmoothBranch_19.
2026-07-23 09:51:14 [11,324ms] [Warning] [omni.physx.plugin] Invalid PhysX transform detected for /World/Stem/SmoothBranch_20.
2026-07-23 09:51:14 [11,324ms] [Warning] [omni.physx.plugin] Invalid PhysX transform detected for /World/Stem/SmoothBranch_21.
2026-07-23 09:51:14 [11,324ms] [Warning] [omni.physx.plugin] Invalid PhysX transform detected for /World/Stem/SmoothBranch_22.
2026-07-23 09:51:14 [11,324ms] [Warning] [omni.physx.plugin] Invalid PhysX transform detected for /World/Stem/SmoothBranch_23.
2026-07-23 09:51:14 [11,324ms] [Warning] [omni.physx.plugin] Invalid PhysX transform detected for /World/Stem/SmoothBranch_24.
2026-07-23 09:51:14 [11,324ms] [Warning] [omni.physx.plugin] Invalid PhysX transform detected for /World/Stem/Fruit_Smooth_base.
2026-07-23 09:51:14 [11,324ms] [Warning] [omni.physx.plugin] Invalid PhysX transform detected for /World/Stem/Fruit_Smooth_tip.
2026-07-23 09:51:14 [11,324ms] [Warning] [omni.physx.plugin] Invalid PhysX transform detected for /World/Stem/Fruit_Smooth.
2026-07-23 09:51:14 [11,335ms] [Warning] [omni.physx.plugin] Invalid PhysX transform detected for /World/Stem/SmoothBranch_00.
2026-07-23 09:51:14 [11,335ms] [Warning] [omni.physx.plugin] Invalid PhysX transform detected for /World/Stem/SmoothBranch_01.
2026-07-23 09:51:14 [11,335ms] [Warning] [omni.physx.plugin] Invalid PhysX transform detected for /World/Stem/SmoothBranch_02.
2026-07-23 09:51:14 [11,335ms] [Warning] [omni.physx.plugin] Invalid PhysX transform detected for /World/Stem/SmoothBranch_03.
2026-07-23 09:51:14 [11,335ms] [Warning] [omni.physx.plugin] Invalid PhysX transform detected for /World/Stem/SmoothBranch_04.
2026-07-23 09:51:14 [11,335ms] [Warning] [omni.physx.plugin] Invalid PhysX transform detected for /World/Stem/SmoothBranch_05.
2026-07-23 09:51:14 [11,335ms] [Warning] [omni.physx.plugin] Invalid PhysX transform detected for /World/Stem/SmoothBranch_06.
2026-07-23 09:51:14 [11,335ms] [Warning] [omni.physx.plugin] Invalid PhysX transform detected for /World/Stem/SmoothBranch_07.
2026-07-23 09:51:14 [11,335ms] [Warning] [omni.physx.plugin] Invalid PhysX transform detected for /World/Stem/SmoothBranch_08.
2026-07-23 09:51:14 [11,335ms] [Warning] [omni.physx.plugin] Invalid PhysX transform detected for /World/Stem/SmoothBranch_09.
2026-07-23 09:51:14 [11,335ms] [Warning] [omni.physx.plugin] Invalid PhysX transform detected for /World/Stem/SmoothBranch_10.
2026-07-23 09:51:14 [11,335ms] [Warning] [omni.physx.plugin] Invalid PhysX transform detected for /World/Stem/SmoothBranch_11.
2026-07-23 09:51:14 [11,335ms] [Warning] [omni.physx.plugin] Invalid PhysX transform detected for /World/Stem/SmoothBranch_12.
2026-07-23 09:51:14 [11,335ms] [Warning] [omni.physx.plugin] Invalid PhysX transform detected for /World/Stem/SmoothBranch_13.
2026-07-23 09:51:14 [11,335ms] [Warning] [omni.physx.plugin] Invalid PhysX transform detected for /World/Stem/SmoothBranch_14.
2026-07-23 09:51:14 [11,335ms] [Warning] [omni.physx.plugin] Invalid PhysX transform detected for /World/Stem/SmoothBranch_15.
2026-07-23 09:51:14 [11,335ms] [Warning] [omni.physx.plugin] Invalid PhysX transform detected for /World/Stem/SmoothBranch_16.
2026-07-23 09:51:14 [11,335ms] [Warning] [omni.physx.plugin] Invalid PhysX transform detected for /World/Stem/SmoothBranch_17.
2026-07-23 09:51:14 [11,335ms] [Warning] [omni.physx.plugin] Invalid PhysX transform detected for /World/Stem/SmoothBranch_18.
2026-07-23 09:51:14 [11,335ms] [Warning] [omni.physx.plugin] Invalid PhysX transform detected for /World/Stem/SmoothBranch_19.
2026-07-23 09:51:14 [11,335ms] [Warning] [omni.physx.plugin] Invalid PhysX transform detected for /World/Stem/SmoothBranch_20.
2026-07-23 09:51:14 [11,335ms] [Warning] [omni.physx.plugin] Invalid PhysX transform detected for /World/Stem/SmoothBranch_21.
2026-07-23 09:51:14 [11,335ms] [Warning] [omni.physx.plugin] Invalid PhysX transform detected for /World/Stem/SmoothBranch_22.
2026-07-23 09:51:14 [11,335ms] [Warning] [omni.physx.plugin] Invalid PhysX transform detected for /World/Stem/SmoothBranch_23.
2026-07-23 09:51:14 [11,335ms] [Warning] [omni.physx.plugin] Invalid PhysX transform detected for /World/Stem/SmoothBranch_24.
2026-07-23 09:51:14 [11,335ms] [Warning] [omni.physx.plugin] Invalid PhysX transform detected for /World/Stem/Fruit_Smooth_base.
2026-07-23 09:51:14 [11,335ms] [Warning] [omni.physx.plugin] Invalid PhysX transform detected for /World/Stem/Fruit_Smooth_tip.
2026-07-23 09:51:14 [11,335ms] [Warning] [omni.physx.plugin] Invalid PhysX transform detected for /World/Stem/Fruit_Smooth.
2026-07-23 09:51:14 [11,346ms] [Warning] [omni.physx.plugin] Invalid PhysX transform detected for /World/Stem/SmoothBranch_00.
2026-07-23 09:51:14 [11,346ms] [Warning] [omni.physx.plugin] Invalid PhysX transform detected for /World/Stem/SmoothBranch_01.
2026-07-23 09:51:14 [11,346ms] [Warning] [omni.physx.plugin] Invalid PhysX transform detected for /World/Stem/SmoothBranch_02.
2026-07-23 09:51:14 [11,346ms] [Warning] [omni.physx.plugin] Invalid PhysX transform detected for /World/Stem/SmoothBranch_03.
2026-07-23 09:51:14 [11,346ms] [Warning] [omni.physx.plugin] Invalid PhysX transform detected for /World/Stem/SmoothBranch_04.
2026-07-23 09:51:14 [11,346ms] [Warning] [omni.physx.plugin] Invalid PhysX transform detected for /World/Stem/SmoothBranch_05.
2026-07-23 09:51:14 [11,346ms] [Warning] [omni.physx.plugin] Invalid PhysX transform detected for /World/Stem/SmoothBranch_06.
2026-07-23 09:51:14 [11,346ms] [Warning] [omni.physx.plugin] Invalid PhysX transform detected for /World/Stem/SmoothBranch_07.
2026-07-23 09:51:14 [11,346ms] [Warning] [omni.physx.plugin] Invalid PhysX transform detected for /World/Stem/SmoothBranch_08.
2026-07-23 09:51:14 [11,346ms] [Warning] [omni.physx.plugin] Invalid PhysX transform detected for /World/Stem/SmoothBranch_09.
2026-07-23 09:51:14 [11,346ms] [Warning] [omni.physx.plugin] Invalid PhysX transform detected for /World/Stem/SmoothBranch_10.
2026-07-23 09:51:14 [11,346ms] [Warning] [omni.physx.plugin] Invalid PhysX transform detected for /World/Stem/SmoothBranch_11.
2026-07-23 09:51:14 [11,346ms] [Warning] [omni.physx.plugin] Invalid PhysX transform detected for /World/Stem/SmoothBranch_12.
2026-07-23 09:51:14 [11,346ms] [Warning] [omni.physx.plugin] Invalid PhysX transform detected for /World/Stem/SmoothBranch_13.
2026-07-23 09:51:14 [11,346ms] [Warning] [omni.physx.plugin] Invalid PhysX transform detected for /World/Stem/SmoothBranch_14.
2026-07-23 09:51:14 [11,346ms] [Warning] [omni.physx.plugin] Invalid PhysX transform detected for /World/Stem/SmoothBranch_15.
2026-07-23 09:51:14 [11,346ms] [Warning] [omni.physx.plugin] Invalid PhysX transform detected for /World/Stem/SmoothBranch_16.
2026-07-23 09:51:14 [11,346ms] [Warning] [omni.physx.plugin] Invalid PhysX transform detected for /World/Stem/SmoothBranch_17.
2026-07-23 09:51:14 [11,346ms] [Warning] [omni.physx.plugin] Invalid PhysX transform detected for /World/Stem/SmoothBranch_18.
2026-07-23 09:51:14 [11,346ms] [Warning] [omni.physx.plugin] Invalid PhysX transform detected for /World/Stem/SmoothBranch_19.
2026-07-23 09:51:14 [11,346ms] [Warning] [omni.physx.plugin] Invalid PhysX transform detected for /World/Stem/SmoothBranch_20.
2026-07-23 09:51:14 [11,346ms] [Warning] [omni.physx.plugin] Invalid PhysX transform detected for /World/Stem/SmoothBranch_21.
2026-07-23 09:51:14 [11,346ms] [Warning] [omni.physx.plugin] Invalid PhysX transform detected for /World/Stem/SmoothBranch_22.
2026-07-23 09:51:14 [11,346ms] [Warning] [omni.physx.plugin] Invalid PhysX transform detected for /World/Stem/SmoothBranch_23.
2026-07-23 09:51:14 [11,346ms] [Warning] [omni.physx.plugin] Invalid PhysX transform detected for /World/Stem/SmoothBranch_24.
2026-07-23 09:51:14 [11,346ms] [Warning] [omni.physx.plugin] Invalid PhysX transform detected for /World/Stem/Fruit_Smooth_base.
2026-07-23 09:51:14 [11,346ms] [Warning] [omni.physx.plugin] Invalid PhysX transform detected for /World/Stem/Fruit_Smooth_tip.
2026-07-23 09:51:14 [11,346ms] [Warning] [omni.physx.plugin] Invalid PhysX transform detected for /World/Stem/Fruit_Smooth.
2026-07-23 09:51:14 [11,357ms] [Warning] [omni.physx.plugin] Invalid PhysX transform detected for /World/Stem/SmoothBranch_00.
2026-07-23 09:51:14 [11,357ms] [Warning] [omni.physx.plugin] Invalid PhysX transform detected for /World/Stem/SmoothBranch_01.
2026-07-23 09:51:14 [11,357ms] [Warning] [omni.physx.plugin] Invalid PhysX transform detected for /World/Stem/SmoothBranch_02.
2026-07-23 09:51:14 [11,357ms] [Warning] [omni.physx.plugin] Invalid PhysX transform detected for /World/Stem/SmoothBranch_03.
2026-07-23 09:51:14 [11,357ms] [Warning] [omni.physx.plugin] Invalid PhysX transform detected for /World/Stem/SmoothBranch_04.
2026-07-23 09:51:14 [11,357ms] [Warning] [omni.physx.plugin] Invalid PhysX transform detected for /World/Stem/SmoothBranch_05.
2026-07-23 09:51:14 [11,357ms] [Warning] [omni.physx.plugin] Invalid PhysX transform detected for /World/Stem/SmoothBranch_06.
2026-07-23 09:51:14 [11,357ms] [Warning] [omni.physx.plugin] Invalid PhysX transform detected for /World/Stem/SmoothBranch_07.
2026-07-23 09:51:14 [11,357ms] [Warning] [omni.physx.plugin] Invalid PhysX transform detected for /World/Stem/SmoothBranch_08.
2026-07-23 09:51:14 [11,357ms] [Warning] [omni.physx.plugin] Invalid PhysX transform detected for /World/Stem/SmoothBranch_09.
2026-07-23 09:51:14 [11,357ms] [Warning] [omni.physx.plugin] Invalid PhysX transform detected for /World/Stem/SmoothBranch_10.
2026-07-23 09:51:14 [11,357ms] [Warning] [omni.physx.plugin] Invalid PhysX transform detected for /World/Stem/SmoothBranch_11.
2026-07-23 09:51:14 [11,357ms] [Warning] [omni.physx.plugin] Invalid PhysX transform detected for /World/Stem/SmoothBranch_12.
2026-07-23 09:51:14 [11,357ms] [Warning] [omni.physx.plugin] Invalid PhysX transform detected for /World/Stem/SmoothBranch_13.
2026-07-23 09:51:14 [11,357ms] [Warning] [omni.physx.plugin] Invalid PhysX transform detected for /World/Stem/SmoothBranch_14.
2026-07-23 09:51:14 [11,357ms] [Warning] [omni.physx.plugin] Invalid PhysX transform detected for /World/Stem/SmoothBranch_15.
2026-07-23 09:51:14 [11,357ms] [Warning] [omni.physx.plugin] Invalid PhysX transform detected for /World/Stem/SmoothBranch_16.
2026-07-23 09:51:14 [11,357ms] [Warning] [omni.physx.plugin] Invalid PhysX transform detected for /World/Stem/SmoothBranch_17.
2026-07-23 09:51:14 [11,357ms] [Warning] [omni.physx.plugin] Invalid PhysX transform detected for /World/Stem/SmoothBranch_18.
2026-07-23 09:51:14 [11,357ms] [Warning] [omni.physx.plugin] Invalid PhysX transform detected for /World/Stem/SmoothBranch_19.
2026-07-23 09:51:14 [11,357ms] [Warning] [omni.physx.plugin] Invalid PhysX transform detected for /World/Stem/SmoothBranch_20.
2026-07-23 09:51:14 [11,357ms] [Warning] [omni.physx.plugin] Invalid PhysX transform detected for /World/Stem/SmoothBranch_21.
2026-07-23 09:51:14 [11,357ms] [Warning] [omni.physx.plugin] Invalid PhysX transform detected for /World/Stem/SmoothBranch_22.
2026-07-23 09:51:14 [11,357ms] [Warning] [omni.physx.plugin] Invalid PhysX transform detected for /World/Stem/SmoothBranch_23.
2026-07-23 09:51:14 [11,357ms] [Warning] [omni.physx.plugin] Invalid PhysX transform detected for /World/Stem/SmoothBranch_24.
2026-07-23 09:51:14 [11,357ms] [Warning] [omni.physx.plugin] Invalid PhysX transform detected for /World/Stem/Fruit_Smooth_base.
2026-07-23 09:51:14 [11,357ms] [Warning] [omni.physx.plugin] Invalid PhysX transform detected for /World/Stem/Fruit_Smooth_tip.
2026-07-23 09:51:14 [11,357ms] [Warning] [omni.physx.plugin] Invalid PhysX transform detected for /World/Stem/Fruit_Smooth.
2026-07-23 09:51:14 [11,367ms] [Warning] [omni.physx.plugin] Invalid PhysX transform detected for /World/Stem/SmoothBranch_00.
2026-07-23 09:51:14 [11,367ms] [Warning] [omni.physx.plugin] Invalid PhysX transform detected for /World/Stem/SmoothBranch_01.
2026-07-23 09:51:14 [11,367ms] [Warning] [omni.physx.plugin] Invalid PhysX transform detected for /World/Stem/SmoothBranch_02.
2026-07-23 09:51:14 [11,367ms] [Warning] [omni.physx.plugin] Invalid PhysX transform detected for /World/Stem/SmoothBranch_03.
2026-07-23 09:51:14 [11,367ms] [Warning] [omni.physx.plugin] Invalid PhysX transform detected for /World/Stem/SmoothBranch_04.
2026-07-23 09:51:14 [11,367ms] [Warning] [omni.physx.plugin] Invalid PhysX transform detected for /World/Stem/SmoothBranch_05.
2026-07-23 09:51:14 [11,367ms] [Warning] [omni.physx.plugin] Invalid PhysX transform detected for /World/Stem/SmoothBranch_06.
2026-07-23 09:51:14 [11,367ms] [Warning] [omni.physx.plugin] Invalid PhysX transform detected for /World/Stem/SmoothBranch_07.
2026-07-23 09:51:14 [11,367ms] [Warning] [omni.physx.plugin] Invalid PhysX transform detected for /World/Stem/SmoothBranch_08.
2026-07-23 09:51:14 [11,367ms] [Warning] [omni.physx.plugin] Invalid PhysX transform detected for /World/Stem/SmoothBranch_09.
2026-07-23 09:51:14 [11,367ms] [Warning] [omni.physx.plugin] Invalid PhysX transform detected for /World/Stem/SmoothBranch_10.
2026-07-23 09:51:14 [11,367ms] [Warning] [omni.physx.plugin] Invalid PhysX transform detected for /World/Stem/SmoothBranch_11.
2026-07-23 09:51:14 [11,367ms] [Warning] [omni.physx.plugin] Invalid PhysX transform detected for /World/Stem/SmoothBranch_12.
2026-07-23 09:51:14 [11,367ms] [Warning] [omni.physx.plugin] Invalid PhysX transform detected for /World/Stem/SmoothBranch_13.
2026-07-23 09:51:14 [11,367ms] [Warning] [omni.physx.plugin] Invalid PhysX transform detected for /World/Stem/SmoothBranch_14.
2026-07-23 09:51:14 [11,367ms] [Warning] [omni.physx.plugin] Invalid PhysX transform detected for /World/Stem/SmoothBranch_15.
2026-07-23 09:51:14 [11,367ms] [Warning] [omni.physx.plugin] Invalid PhysX transform detected for /World/Stem/SmoothBranch_16.
2026-07-23 09:51:14 [11,367ms] [Warning] [omni.physx.plugin] Invalid PhysX transform detected for /World/Stem/SmoothBranch_17.
2026-07-23 09:51:14 [11,367ms] [Warning] [omni.physx.plugin] Invalid PhysX transform detected for /World/Stem/SmoothBranch_18.
2026-07-23 09:51:14 [11,367ms] [Warning] [omni.physx.plugin] Invalid PhysX transform detected for /World/Stem/SmoothBranch_19.
2026-07-23 09:51:14 [11,367ms] [Warning] [omni.physx.plugin] Invalid PhysX transform detected for /World/Stem/SmoothBranch_20.
2026-07-23 09:51:14 [11,367ms] [Warning] [omni.physx.plugin] Invalid PhysX transform detected for /World/Stem/SmoothBranch_21.
2026-07-23 09:51:14 [11,367ms] [Warning] [omni.physx.plugin] Invalid PhysX transform detected for /World/Stem/SmoothBranch_22.
2026-07-23 09:51:14 [11,367ms] [Warning] [omni.physx.plugin] Invalid PhysX transform detected for /World/Stem/SmoothBranch_23.
2026-07-23 09:51:14 [11,367ms] [Warning] [omni.physx.plugin] Invalid PhysX transform detected for /World/Stem/SmoothBranch_24.
2026-07-23 09:51:14 [11,367ms] [Warning] [omni.physx.plugin] Invalid PhysX transform detected for /World/Stem/Fruit_Smooth_base.
2026-07-23 09:51:14 [11,367ms] [Warning] [omni.physx.plugin] Invalid PhysX transform detected for /World/Stem/Fruit_Smooth_tip.
2026-07-23 09:51:14 [11,367ms] [Warning] [omni.physx.plugin] Invalid PhysX transform detected for /World/Stem/Fruit_Smooth.
2026-07-23 09:51:14 [11,378ms] [Warning] [omni.physx.plugin] Invalid PhysX transform detected for /World/Stem/SmoothBranch_00.
2026-07-23 09:51:14 [11,378ms] [Warning] [omni.physx.plugin] Invalid PhysX transform detected for /World/Stem/SmoothBranch_01.
2026-07-23 09:51:14 [11,378ms] [Warning] [omni.physx.plugin] Invalid PhysX transform detected for /World/Stem/SmoothBranch_02.
2026-07-23 09:51:14 [11,378ms] [Warning] [omni.physx.plugin] Invalid PhysX transform detected for /World/Stem/SmoothBranch_03.
2026-07-23 09:51:14 [11,378ms] [Warning] [omni.physx.plugin] Invalid PhysX transform detected for /World/Stem/SmoothBranch_04.
2026-07-23 09:51:14 [11,378ms] [Warning] [omni.physx.plugin] Invalid PhysX transform detected for /World/Stem/SmoothBranch_05.
2026-07-23 09:51:14 [11,378ms] [Warning] [omni.physx.plugin] Invalid PhysX transform detected for /World/Stem/SmoothBranch_06.
2026-07-23 09:51:14 [11,378ms] [Warning] [omni.physx.plugin] Invalid PhysX transform detected for /World/Stem/SmoothBranch_07.
2026-07-23 09:51:14 [11,378ms] [Warning] [omni.physx.plugin] Invalid PhysX transform detected for /World/Stem/SmoothBranch_08.
2026-07-23 09:51:14 [11,378ms] [Warning] [omni.physx.plugin] Invalid PhysX transform detected for /World/Stem/SmoothBranch_09.
2026-07-23 09:51:14 [11,378ms] [Warning] [omni.physx.plugin] Invalid PhysX transform detected for /World/Stem/SmoothBranch_10.
2026-07-23 09:51:14 [11,378ms] [Warning] [omni.physx.plugin] Invalid PhysX transform detected for /World/Stem/SmoothBranch_11.
2026-07-23 09:51:14 [11,378ms] [Warning] [omni.physx.plugin] Invalid PhysX transform detected for /World/Stem/SmoothBranch_12.
2026-07-23 09:51:14 [11,378ms] [Warning] [omni.physx.plugin] Invalid PhysX transform detected for /World/Stem/SmoothBranch_13.
2026-07-23 09:51:14 [11,378ms] [Warning] [omni.physx.plugin] Invalid PhysX transform detected for /World/Stem/SmoothBranch_14.
2026-07-23 09:51:14 [11,378ms] [Warning] [omni.physx.plugin] Invalid PhysX transform detected for /World/Stem/SmoothBranch_15.
2026-07-23 09:51:14 [11,378ms] [Warning] [omni.physx.plugin] Invalid PhysX transform detected for /World/Stem/SmoothBranch_16.
2026-07-23 09:51:14 [11,378ms] [Warning] [omni.physx.plugin] Invalid PhysX transform detected for /World/Stem/SmoothBranch_17.
2026-07-23 09:51:14 [11,378ms] [Warning] [omni.physx.plugin] Invalid PhysX transform detected for /World/Stem/SmoothBranch_18.
2026-07-23 09:51:14 [11,378ms] [Warning] [omni.physx.plugin] Invalid PhysX transform detected for /World/Stem/SmoothBranch_19.
2026-07-23 09:51:14 [11,378ms] [Warning] [omni.physx.plugin] Invalid PhysX transform detected for /World/Stem/SmoothBranch_20.
2026-07-23 09:51:14 [11,378ms] [Warning] [omni.physx.plugin] Invalid PhysX transform detected for /World/Stem/SmoothBranch_21.
2026-07-23 09:51:14 [11,378ms] [Warning] [omni.physx.plugin] Invalid PhysX transform detected for /World/Stem/SmoothBranch_22.
2026-07-23 09:51:14 [11,378ms] [Warning] [omni.physx.plugin] Invalid PhysX transform detected for /World/Stem/SmoothBranch_23.
2026-07-23 09:51:14 [11,378ms] [Warning] [omni.physx.plugin] Invalid PhysX transform detected for /World/Stem/SmoothBranch_24.
2026-07-23 09:51:14 [11,378ms] [Warning] [omni.physx.plugin] Invalid PhysX transform detected for /World/Stem/Fruit_Smooth_base.
2026-07-23 09:51:14 [11,378ms] [Warning] [omni.physx.plugin] Invalid PhysX transform detected for /World/Stem/Fruit_Smooth_tip.
2026-07-23 09:51:14 [11,378ms] [Warning] [omni.physx.plugin] Invalid PhysX transform detected for /World/Stem/Fruit_Smooth.
2026-07-23 09:51:14 [11,388ms] [Warning] [omni.physx.plugin] Invalid PhysX transform detected for /World/Stem/SmoothBranch_00.
2026-07-23 09:51:14 [11,388ms] [Warning] [omni.physx.plugin] Invalid PhysX transform detected for /World/Stem/SmoothBranch_01.
2026-07-23 09:51:14 [11,388ms] [Warning] [omni.physx.plugin] Invalid PhysX transform detected for /World/Stem/SmoothBranch_02.
2026-07-23 09:51:14 [11,388ms] [Warning] [omni.physx.plugin] Invalid PhysX transform detected for /World/Stem/SmoothBranch_03.
2026-07-23 09:51:14 [11,388ms] [Warning] [omni.physx.plugin] Invalid PhysX transform detected for /World/Stem/SmoothBranch_04.
2026-07-23 09:51:14 [11,388ms] [Warning] [omni.physx.plugin] Invalid PhysX transform detected for /World/Stem/SmoothBranch_05.
2026-07-23 09:51:14 [11,388ms] [Warning] [omni.physx.plugin] Invalid PhysX transform detected for /World/Stem/SmoothBranch_06.
2026-07-23 09:51:14 [11,388ms] [Warning] [omni.physx.plugin] Invalid PhysX transform detected for /World/Stem/SmoothBranch_07.
2026-07-23 09:51:14 [11,388ms] [Warning] [omni.physx.plugin] Invalid PhysX transform detected for /World/Stem/SmoothBranch_08.
2026-07-23 09:51:14 [11,388ms] [Warning] [omni.physx.plugin] Invalid PhysX transform detected for /World/Stem/SmoothBranch_09.
2026-07-23 09:51:14 [11,388ms] [Warning] [omni.physx.plugin] Invalid PhysX transform detected for /World/Stem/SmoothBranch_10.
2026-07-23 09:51:14 [11,388ms] [Warning] [omni.physx.plugin] Invalid PhysX transform detected for /World/Stem/SmoothBranch_11.
2026-07-23 09:51:14 [11,388ms] [Warning] [omni.physx.plugin] Invalid PhysX transform detected for /World/Stem/SmoothBranch_12.
2026-07-23 09:51:14 [11,388ms] [Warning] [omni.physx.plugin] Invalid PhysX transform detected for /World/Stem/SmoothBranch_13.
2026-07-23 09:51:14 [11,388ms] [Warning] [omni.physx.plugin] Invalid PhysX transform detected for /World/Stem/SmoothBranch_14.
2026-07-23 09:51:14 [11,388ms] [Warning] [omni.physx.plugin] Invalid PhysX transform detected for /World/Stem/SmoothBranch_15.
2026-07-23 09:51:14 [11,388ms] [Warning] [omni.physx.plugin] Invalid PhysX transform detected for /World/Stem/SmoothBranch_16.
2026-07-23 09:51:14 [11,388ms] [Warning] [omni.physx.plugin] Invalid PhysX transform detected for /World/Stem/SmoothBranch_17.
2026-07-23 09:51:14 [11,388ms] [Warning] [omni.physx.plugin] Invalid PhysX transform detected for /World/Stem/SmoothBranch_18.
2026-07-23 09:51:14 [11,388ms] [Warning] [omni.physx.plugin] Invalid PhysX transform detected for /World/Stem/SmoothBranch_19.
2026-07-23 09:51:14 [11,388ms] [Warning] [omni.physx.plugin] Invalid PhysX transform detected for /World/Stem/SmoothBranch_20.
2026-07-23 09:51:14 [11,388ms] [Warning] [omni.physx.plugin] Invalid PhysX transform detected for /World/Stem/SmoothBranch_21.
2026-07-23 09:51:14 [11,388ms] [Warning] [omni.physx.plugin] Invalid PhysX transform detected for /World/Stem/SmoothBranch_22.
2026-07-23 09:51:14 [11,388ms] [Warning] [omni.physx.plugin] Invalid PhysX transform detected for /World/Stem/SmoothBranch_23.
2026-07-23 09:51:14 [11,388ms] [Warning] [omni.physx.plugin] Invalid PhysX transform detected for /World/Stem/SmoothBranch_24.
2026-07-23 09:51:14 [11,388ms] [Warning] [omni.physx.plugin] Invalid PhysX transform detected for /World/Stem/Fruit_Smooth_base.
2026-07-23 09:51:14 [11,388ms] [Warning] [omni.physx.plugin] Invalid PhysX transform detected for /World/Stem/Fruit_Smooth_tip.
2026-07-23 09:51:14 [11,388ms] [Warning] [omni.physx.plugin] Invalid PhysX transform detected for /World/Stem/Fruit_Smooth.
2026-07-23 09:51:14 [11,399ms] [Warning] [omni.physx.plugin] Invalid PhysX transform detected for /World/Stem/SmoothBranch_00.
2026-07-23 09:51:14 [11,399ms] [Warning] [omni.physx.plugin] Invalid PhysX transform detected for /World/Stem/SmoothBranch_01.
2026-07-23 09:51:14 [11,399ms] [Warning] [omni.physx.plugin] Invalid PhysX transform detected for /World/Stem/SmoothBranch_02.
2026-07-23 09:51:14 [11,399ms] [Warning] [omni.physx.plugin] Invalid PhysX transform detected for /World/Stem/SmoothBranch_03.
2026-07-23 09:51:14 [11,399ms] [Warning] [omni.physx.plugin] Invalid PhysX transform detected for /World/Stem/SmoothBranch_04.
2026-07-23 09:51:14 [11,399ms] [Warning] [omni.physx.plugin] Invalid PhysX transform detected for /World/Stem/SmoothBranch_05.
2026-07-23 09:51:14 [11,399ms] [Warning] [omni.physx.plugin] Invalid PhysX transform detected for /World/Stem/SmoothBranch_06.
2026-07-23 09:51:14 [11,399ms] [Warning] [omni.physx.plugin] Invalid PhysX transform detected for /World/Stem/SmoothBranch_07.
2026-07-23 09:51:14 [11,399ms] [Warning] [omni.physx.plugin] Invalid PhysX transform detected for /World/Stem/SmoothBranch_08.
2026-07-23 09:51:14 [11,399ms] [Warning] [omni.physx.plugin] Invalid PhysX transform detected for /World/Stem/SmoothBranch_09.
2026-07-23 09:51:14 [11,399ms] [Warning] [omni.physx.plugin] Invalid PhysX transform detected for /World/Stem/SmoothBranch_10.
2026-07-23 09:51:14 [11,399ms] [Warning] [omni.physx.plugin] Invalid PhysX transform detected for /World/Stem/SmoothBranch_11.
2026-07-23 09:51:14 [11,399ms] [Warning] [omni.physx.plugin] Invalid PhysX transform detected for /World/Stem/SmoothBranch_12.
2026-07-23 09:51:14 [11,399ms] [Warning] [omni.physx.plugin] Invalid PhysX transform detected for /World/Stem/SmoothBranch_13.
2026-07-23 09:51:14 [11,399ms] [Warning] [omni.physx.plugin] Invalid PhysX transform detected for /World/Stem/SmoothBranch_14.
2026-07-23 09:51:14 [11,399ms] [Warning] [omni.physx.plugin] Invalid PhysX transform detected for /World/Stem/SmoothBranch_15.
2026-07-23 09:51:14 [11,399ms] [Warning] [omni.physx.plugin] Invalid PhysX transform detected for /World/Stem/SmoothBranch_16.
2026-07-23 09:51:14 [11,399ms] [Warning] [omni.physx.plugin] Invalid PhysX transform detected for /World/Stem/SmoothBranch_17.
2026-07-23 09:51:14 [11,399ms] [Warning] [omni.physx.plugin] Invalid PhysX transform detected for /World/Stem/SmoothBranch_18.
2026-07-23 09:51:14 [11,399ms] [Warning] [omni.physx.plugin] Invalid PhysX transform detected for /World/Stem/SmoothBranch_19.
2026-07-23 09:51:14 [11,399ms] [Warning] [omni.physx.plugin] Invalid PhysX transform detected for /World/Stem/SmoothBranch_20.
2026-07-23 09:51:14 [11,399ms] [Warning] [omni.physx.plugin] Invalid PhysX transform detected for /World/Stem/SmoothBranch_21.
2026-07-23 09:51:14 [11,399ms] [Warning] [omni.physx.plugin] Invalid PhysX transform detected for /World/Stem/SmoothBranch_22.
2026-07-23 09:51:14 [11,399ms] [Warning] [omni.physx.plugin] Invalid PhysX transform detected for /World/Stem/SmoothBranch_23.
2026-07-23 09:51:14 [11,399ms] [Warning] [omni.physx.plugin] Invalid PhysX transform detected for /World/Stem/SmoothBranch_24.
2026-07-23 09:51:14 [11,399ms] [Warning] [omni.physx.plugin] Invalid PhysX transform detected for /World/Stem/Fruit_Smooth_base.
2026-07-23 09:51:14 [11,399ms] [Warning] [omni.physx.plugin] Invalid PhysX transform detected for /World/Stem/Fruit_Smooth_tip.
2026-07-23 09:51:14 [11,399ms] [Warning] [omni.physx.plugin] Invalid PhysX transform detected for /World/Stem/Fruit_Smooth.
2026-07-23 09:51:14 [11,410ms] [Warning] [omni.physx.plugin] Invalid PhysX transform detected for /World/Stem/SmoothBranch_00.
2026-07-23 09:51:14 [11,410ms] [Warning] [omni.physx.plugin] Invalid PhysX transform detected for /World/Stem/SmoothBranch_01.
2026-07-23 09:51:14 [11,410ms] [Warning] [omni.physx.plugin] Invalid PhysX transform detected for /World/Stem/SmoothBranch_02.
2026-07-23 09:51:14 [11,410ms] [Warning] [omni.physx.plugin] Invalid PhysX transform detected for /World/Stem/SmoothBranch_03.
2026-07-23 09:51:14 [11,410ms] [Warning] [omni.physx.plugin] Invalid PhysX transform detected for /World/Stem/SmoothBranch_04.
2026-07-23 09:51:14 [11,410ms] [Warning] [omni.physx.plugin] Invalid PhysX transform detected for /World/Stem/SmoothBranch_05.
2026-07-23 09:51:14 [11,410ms] [Warning] [omni.physx.plugin] Invalid PhysX transform detected for /World/Stem/SmoothBranch_06.
2026-07-23 09:51:14 [11,410ms] [Warning] [omni.physx.plugin] Invalid PhysX transform detected for /World/Stem/SmoothBranch_07.
2026-07-23 09:51:14 [11,410ms] [Warning] [omni.physx.plugin] Invalid PhysX transform detected for /World/Stem/SmoothBranch_08.
2026-07-23 09:51:14 [11,410ms] [Warning] [omni.physx.plugin] Invalid PhysX transform detected for /World/Stem/SmoothBranch_09.
2026-07-23 09:51:14 [11,410ms] [Warning] [omni.physx.plugin] Invalid PhysX transform detected for /World/Stem/SmoothBranch_10.
2026-07-23 09:51:14 [11,410ms] [Warning] [omni.physx.plugin] Invalid PhysX transform detected for /World/Stem/SmoothBranch_11.
2026-07-23 09:51:14 [11,410ms] [Warning] [omni.physx.plugin] Invalid PhysX transform detected for /World/Stem/SmoothBranch_12.
2026-07-23 09:51:14 [11,410ms] [Warning] [omni.physx.plugin] Invalid PhysX transform detected for /World/Stem/SmoothBranch_13.
2026-07-23 09:51:14 [11,410ms] [Warning] [omni.physx.plugin] Invalid PhysX transform detected for /World/Stem/SmoothBranch_14.
2026-07-23 09:51:14 [11,410ms] [Warning] [omni.physx.plugin] Invalid PhysX transform detected for /World/Stem/SmoothBranch_15.
2026-07-23 09:51:14 [11,410ms] [Warning] [omni.physx.plugin] Invalid PhysX transform detected for /World/Stem/SmoothBranch_16.
2026-07-23 09:51:14 [11,410ms] [Warning] [omni.physx.plugin] Invalid PhysX transform detected for /World/Stem/SmoothBranch_17.
2026-07-23 09:51:14 [11,410ms] [Warning] [omni.physx.plugin] Invalid PhysX transform detected for /World/Stem/SmoothBranch_18.
2026-07-23 09:51:14 [11,410ms] [Warning] [omni.physx.plugin] Invalid PhysX transform detected for /World/Stem/SmoothBranch_19.
2026-07-23 09:51:14 [11,410ms] [Warning] [omni.physx.plugin] Invalid PhysX transform detected for /World/Stem/SmoothBranch_20.
2026-07-23 09:51:14 [11,410ms] [Warning] [omni.physx.plugin] Invalid PhysX transform detected for /World/Stem/SmoothBranch_21.
2026-07-23 09:51:14 [11,410ms] [Warning] [omni.physx.plugin] Invalid PhysX transform detected for /World/Stem/SmoothBranch_22.
2026-07-23 09:51:14 [11,410ms] [Warning] [omni.physx.plugin] Invalid PhysX transform detected for /World/Stem/SmoothBranch_23.
2026-07-23 09:51:14 [11,410ms] [Warning] [omni.physx.plugin] Invalid PhysX transform detected for /World/Stem/SmoothBranch_24.
2026-07-23 09:51:14 [11,410ms] [Warning] [omni.physx.plugin] Invalid PhysX transform detected for /World/Stem/Fruit_Smooth_base.
2026-07-23 09:51:14 [11,410ms] [Warning] [omni.physx.plugin] Invalid PhysX transform detected for /World/Stem/Fruit_Smooth_tip.
2026-07-23 09:51:14 [11,410ms] [Warning] [omni.physx.plugin] Invalid PhysX transform detected for /World/Stem/Fruit_Smooth.
2026-07-23 09:51:15 [11,420ms] [Warning] [omni.physx.plugin] Invalid PhysX transform detected for /World/Stem/SmoothBranch_00.
2026-07-23 09:51:15 [11,420ms] [Warning] [omni.physx.plugin] Invalid PhysX transform detected for /World/Stem/SmoothBranch_01.
2026-07-23 09:51:15 [11,420ms] [Warning] [omni.physx.plugin] Invalid PhysX transform detected for /World/Stem/SmoothBranch_02.
2026-07-23 09:51:15 [11,420ms] [Warning] [omni.physx.plugin] Invalid PhysX transform detected for /World/Stem/SmoothBranch_03.
2026-07-23 09:51:15 [11,420ms] [Warning] [omni.physx.plugin] Invalid PhysX transform detected for /World/Stem/SmoothBranch_04.
2026-07-23 09:51:15 [11,420ms] [Warning] [omni.physx.plugin] Invalid PhysX transform detected for /World/Stem/SmoothBranch_05.
2026-07-23 09:51:15 [11,420ms] [Warning] [omni.physx.plugin] Invalid PhysX transform detected for /World/Stem/SmoothBranch_06.
2026-07-23 09:51:15 [11,420ms] [Warning] [omni.physx.plugin] Invalid PhysX transform detected for /World/Stem/SmoothBranch_07.
2026-07-23 09:51:15 [11,420ms] [Warning] [omni.physx.plugin] Invalid PhysX transform detected for /World/Stem/SmoothBranch_08.
2026-07-23 09:51:15 [11,420ms] [Warning] [omni.physx.plugin] Invalid PhysX transform detected for /World/Stem/SmoothBranch_09.
2026-07-23 09:51:15 [11,420ms] [Warning] [omni.physx.plugin] Invalid PhysX transform detected for /World/Stem/SmoothBranch_10.
2026-07-23 09:51:15 [11,420ms] [Warning] [omni.physx.plugin] Invalid PhysX transform detected for /World/Stem/SmoothBranch_11.
2026-07-23 09:51:15 [11,420ms] [Warning] [omni.physx.plugin] Invalid PhysX transform detected for /World/Stem/SmoothBranch_12.
2026-07-23 09:51:15 [11,420ms] [Warning] [omni.physx.plugin] Invalid PhysX transform detected for /World/Stem/SmoothBranch_13.
2026-07-23 09:51:15 [11,420ms] [Warning] [omni.physx.plugin] Invalid PhysX transform detected for /World/Stem/SmoothBranch_14.
2026-07-23 09:51:15 [11,420ms] [Warning] [omni.physx.plugin] Invalid PhysX transform detected for /World/Stem/SmoothBranch_15.
2026-07-23 09:51:15 [11,420ms] [Warning] [omni.physx.plugin] Invalid PhysX transform detected for /World/Stem/SmoothBranch_16.
2026-07-23 09:51:15 [11,420ms] [Warning] [omni.physx.plugin] Invalid PhysX transform detected for /World/Stem/SmoothBranch_17.
2026-07-23 09:51:15 [11,420ms] [Warning] [omni.physx.plugin] Invalid PhysX transform detected for /World/Stem/SmoothBranch_18.
2026-07-23 09:51:15 [11,420ms] [Warning] [omni.physx.plugin] Invalid PhysX transform detected for /World/Stem/SmoothBranch_19.
2026-07-23 09:51:15 [11,420ms] [Warning] [omni.physx.plugin] Invalid PhysX transform detected for /World/Stem/SmoothBranch_20.
2026-07-23 09:51:15 [11,420ms] [Warning] [omni.physx.plugin] Invalid PhysX transform detected for /World/Stem/SmoothBranch_21.
2026-07-23 09:51:15 [11,420ms] [Warning] [omni.physx.plugin] Invalid PhysX transform detected for /World/Stem/SmoothBranch_22.
2026-07-23 09:51:15 [11,420ms] [Warning] [omni.physx.plugin] Invalid PhysX transform detected for /World/Stem/SmoothBranch_23.
2026-07-23 09:51:15 [11,420ms] [Warning] [omni.physx.plugin] Invalid PhysX transform detected for /World/Stem/SmoothBranch_24.
2026-07-23 09:51:15 [11,420ms] [Warning] [omni.physx.plugin] Invalid PhysX transform detected for /World/Stem/Fruit_Smooth_base.
2026-07-23 09:51:15 [11,420ms] [Warning] [omni.physx.plugin] Invalid PhysX transform detected for /World/Stem/Fruit_Smooth_tip.
2026-07-23 09:51:15 [11,420ms] [Warning] [omni.physx.plugin] Invalid PhysX transform detected for /World/Stem/Fruit_Smooth.
2026-07-23 09:51:15 [11,431ms] [Warning] [omni.physx.plugin] Invalid PhysX transform detected for /World/Stem/SmoothBranch_00.
2026-07-23 09:51:15 [11,431ms] [Warning] [omni.physx.plugin] Invalid PhysX transform detected for /World/Stem/SmoothBranch_01.
2026-07-23 09:51:15 [11,431ms] [Warning] [omni.physx.plugin] Invalid PhysX transform detected for /World/Stem/SmoothBranch_02.
2026-07-23 09:51:15 [11,431ms] [Warning] [omni.physx.plugin] Invalid PhysX transform detected for /World/Stem/SmoothBranch_03.
2026-07-23 09:51:15 [11,431ms] [Warning] [omni.physx.plugin] Invalid PhysX transform detected for /World/Stem/SmoothBranch_04.
2026-07-23 09:51:15 [11,431ms] [Warning] [omni.physx.plugin] Invalid PhysX transform detected for /World/Stem/SmoothBranch_05.
2026-07-23 09:51:15 [11,431ms] [Warning] [omni.physx.plugin] Invalid PhysX transform detected for /World/Stem/SmoothBranch_06.
2026-07-23 09:51:15 [11,431ms] [Warning] [omni.physx.plugin] Invalid PhysX transform detected for /World/Stem/SmoothBranch_07.
2026-07-23 09:51:15 [11,431ms] [Warning] [omni.physx.plugin] Invalid PhysX transform detected for /World/Stem/SmoothBranch_08.
2026-07-23 09:51:15 [11,431ms] [Warning] [omni.physx.plugin] Invalid PhysX transform detected for /World/Stem/SmoothBranch_09.
2026-07-23 09:51:15 [11,431ms] [Warning] [omni.physx.plugin] Invalid PhysX transform detected for /World/Stem/SmoothBranch_10.
2026-07-23 09:51:15 [11,431ms] [Warning] [omni.physx.plugin] Invalid PhysX transform detected for /World/Stem/SmoothBranch_11.
2026-07-23 09:51:15 [11,431ms] [Warning] [omni.physx.plugin] Invalid PhysX transform detected for /World/Stem/SmoothBranch_12.
2026-07-23 09:51:15 [11,431ms] [Warning] [omni.physx.plugin] Invalid PhysX transform detected for /World/Stem/SmoothBranch_13.
2026-07-23 09:51:15 [11,431ms] [Warning] [omni.physx.plugin] Invalid PhysX transform detected for /World/Stem/SmoothBranch_14.
2026-07-23 09:51:15 [11,431ms] [Warning] [omni.physx.plugin] Invalid PhysX transform detected for /World/Stem/SmoothBranch_15.
2026-07-23 09:51:15 [11,431ms] [Warning] [omni.physx.plugin] Invalid PhysX transform detected for /World/Stem/SmoothBranch_16.
2026-07-23 09:51:15 [11,431ms] [Warning] [omni.physx.plugin] Invalid PhysX transform detected for /World/Stem/SmoothBranch_17.
2026-07-23 09:51:15 [11,431ms] [Warning] [omni.physx.plugin] Invalid PhysX transform detected for /World/Stem/SmoothBranch_18.
2026-07-23 09:51:15 [11,431ms] [Warning] [omni.physx.plugin] Invalid PhysX transform detected for /World/Stem/SmoothBranch_19.
2026-07-23 09:51:15 [11,431ms] [Warning] [omni.physx.plugin] Invalid PhysX transform detected for /World/Stem/SmoothBranch_20.
2026-07-23 09:51:15 [11,431ms] [Warning] [omni.physx.plugin] Invalid PhysX transform detected for /World/Stem/SmoothBranch_21.
2026-07-23 09:51:15 [11,431ms] [Warning] [omni.physx.plugin] Invalid PhysX transform detected for /World/Stem/SmoothBranch_22.
2026-07-23 09:51:15 [11,431ms] [Warning] [omni.physx.plugin] Invalid PhysX transform detected for /World/Stem/SmoothBranch_23.
2026-07-23 09:51:15 [11,431ms] [Warning] [omni.physx.plugin] Invalid PhysX transform detected for /World/Stem/SmoothBranch_24.
2026-07-23 09:51:15 [11,431ms] [Warning] [omni.physx.plugin] Invalid PhysX transform detected for /World/Stem/Fruit_Smooth_base.
2026-07-23 09:51:15 [11,431ms] [Warning] [omni.physx.plugin] Invalid PhysX transform detected for /World/Stem/Fruit_Smooth_tip.
2026-07-23 09:51:15 [11,431ms] [Warning] [omni.physx.plugin] Invalid PhysX transform detected for /World/Stem/Fruit_Smooth.
2026-07-23 09:51:15 [11,442ms] [Warning] [omni.physx.plugin] Invalid PhysX transform detected for /World/Stem/SmoothBranch_00.
2026-07-23 09:51:15 [11,442ms] [Warning] [omni.physx.plugin] Invalid PhysX transform detected for /World/Stem/SmoothBranch_01.
2026-07-23 09:51:15 [11,442ms] [Warning] [omni.physx.plugin] Invalid PhysX transform detected for /World/Stem/SmoothBranch_02.
2026-07-23 09:51:15 [11,442ms] [Warning] [omni.physx.plugin] Invalid PhysX transform detected for /World/Stem/SmoothBranch_03.
2026-07-23 09:51:15 [11,442ms] [Warning] [omni.physx.plugin] Invalid PhysX transform detected for /World/Stem/SmoothBranch_04.
2026-07-23 09:51:15 [11,442ms] [Warning] [omni.physx.plugin] Invalid PhysX transform detected for /World/Stem/SmoothBranch_05.
2026-07-23 09:51:15 [11,442ms] [Warning] [omni.physx.plugin] Invalid PhysX transform detected for /World/Stem/SmoothBranch_06.
2026-07-23 09:51:15 [11,442ms] [Warning] [omni.physx.plugin] Invalid PhysX transform detected for /World/Stem/SmoothBranch_07.
2026-07-23 09:51:15 [11,442ms] [Warning] [omni.physx.plugin] Invalid PhysX transform detected for /World/Stem/SmoothBranch_08.
2026-07-23 09:51:15 [11,442ms] [Warning] [omni.physx.plugin] Invalid PhysX transform detected for /World/Stem/SmoothBranch_09.
2026-07-23 09:51:15 [11,442ms] [Warning] [omni.physx.plugin] Invalid PhysX transform detected for /World/Stem/SmoothBranch_10.
2026-07-23 09:51:15 [11,442ms] [Warning] [omni.physx.plugin] Invalid PhysX transform detected for /World/Stem/SmoothBranch_11.
2026-07-23 09:51:15 [11,442ms] [Warning] [omni.physx.plugin] Invalid PhysX transform detected for /World/Stem/SmoothBranch_12.
2026-07-23 09:51:15 [11,442ms] [Warning] [omni.physx.plugin] Invalid PhysX transform detected for /World/Stem/SmoothBranch_13.
2026-07-23 09:51:15 [11,442ms] [Warning] [omni.physx.plugin] Invalid PhysX transform detected for /World/Stem/SmoothBranch_14.
2026-07-23 09:51:15 [11,442ms] [Warning] [omni.physx.plugin] Invalid PhysX transform detected for /World/Stem/SmoothBranch_15.
2026-07-23 09:51:15 [11,442ms] [Warning] [omni.physx.plugin] Invalid PhysX transform detected for /World/Stem/SmoothBranch_16.
2026-07-23 09:51:15 [11,442ms] [Warning] [omni.physx.plugin] Invalid PhysX transform detected for /World/Stem/SmoothBranch_17.
2026-07-23 09:51:15 [11,442ms] [Warning] [omni.physx.plugin] Invalid PhysX transform detected for /World/Stem/SmoothBranch_18.
2026-07-23 09:51:15 [11,442ms] [Warning] [omni.physx.plugin] Invalid PhysX transform detected for /World/Stem/SmoothBranch_19.
2026-07-23 09:51:15 [11,442ms] [Warning] [omni.physx.plugin] Invalid PhysX transform detected for /World/Stem/SmoothBranch_20.
2026-07-23 09:51:15 [11,442ms] [Warning] [omni.physx.plugin] Invalid PhysX transform detected for /World/Stem/SmoothBranch_21.
2026-07-23 09:51:15 [11,442ms] [Warning] [omni.physx.plugin] Invalid PhysX transform detected for /World/Stem/SmoothBranch_22.
2026-07-23 09:51:15 [11,442ms] [Warning] [omni.physx.plugin] Invalid PhysX transform detected for /World/Stem/SmoothBranch_23.
2026-07-23 09:51:15 [11,442ms] [Warning] [omni.physx.plugin] Invalid PhysX transform detected for /World/Stem/SmoothBranch_24.
2026-07-23 09:51:15 [11,442ms] [Warning] [omni.physx.plugin] Invalid PhysX transform detected for /World/Stem/Fruit_Smooth_base.
2026-07-23 09:51:15 [11,442ms] [Warning] [omni.physx.plugin] Invalid PhysX transform detected for /World/Stem/Fruit_Smooth_tip.
2026-07-23 09:51:15 [11,442ms] [Warning] [omni.physx.plugin] Invalid PhysX transform detected for /World/Stem/Fruit_Smooth.
2026-07-23 09:51:15 [11,452ms] [Warning] [omni.physx.plugin] Invalid PhysX transform detected for /World/Stem/SmoothBranch_00.
2026-07-23 09:51:15 [11,452ms] [Warning] [omni.physx.plugin] Invalid PhysX transform detected for /World/Stem/SmoothBranch_01.
2026-07-23 09:51:15 [11,452ms] [Warning] [omni.physx.plugin] Invalid PhysX transform detected for /World/Stem/SmoothBranch_02.
2026-07-23 09:51:15 [11,452ms] [Warning] [omni.physx.plugin] Invalid PhysX transform detected for /World/Stem/SmoothBranch_03.
2026-07-23 09:51:15 [11,452ms] [Warning] [omni.physx.plugin] Invalid PhysX transform detected for /World/Stem/SmoothBranch_04.
2026-07-23 09:51:15 [11,452ms] [Warning] [omni.physx.plugin] Invalid PhysX transform detected for /World/Stem/SmoothBranch_05.
2026-07-23 09:51:15 [11,452ms] [Warning] [omni.physx.plugin] Invalid PhysX transform detected for /World/Stem/SmoothBranch_06.
2026-07-23 09:51:15 [11,452ms] [Warning] [omni.physx.plugin] Invalid PhysX transform detected for /World/Stem/SmoothBranch_07.
2026-07-23 09:51:15 [11,452ms] [Warning] [omni.physx.plugin] Invalid PhysX transform detected for /World/Stem/SmoothBranch_08.
2026-07-23 09:51:15 [11,452ms] [Warning] [omni.physx.plugin] Invalid PhysX transform detected for /World/Stem/SmoothBranch_09.
2026-07-23 09:51:15 [11,452ms] [Warning] [omni.physx.plugin] Invalid PhysX transform detected for /World/Stem/SmoothBranch_10.
2026-07-23 09:51:15 [11,452ms] [Warning] [omni.physx.plugin] Invalid PhysX transform detected for /World/Stem/SmoothBranch_11.
2026-07-23 09:51:15 [11,452ms] [Warning] [omni.physx.plugin] Invalid PhysX transform detected for /World/Stem/SmoothBranch_12.
2026-07-23 09:51:15 [11,452ms] [Warning] [omni.physx.plugin] Invalid PhysX transform detected for /World/Stem/SmoothBranch_13.
2026-07-23 09:51:15 [11,452ms] [Warning] [omni.physx.plugin] Invalid PhysX transform detected for /World/Stem/SmoothBranch_14.
2026-07-23 09:51:15 [11,452ms] [Warning] [omni.physx.plugin] Invalid PhysX transform detected for /World/Stem/SmoothBranch_15.
2026-07-23 09:51:15 [11,452ms] [Warning] [omni.physx.plugin] Invalid PhysX transform detected for /World/Stem/SmoothBranch_16.
2026-07-23 09:51:15 [11,452ms] [Warning] [omni.physx.plugin] Invalid PhysX transform detected for /World/Stem/SmoothBranch_17.
2026-07-23 09:51:15 [11,452ms] [Warning] [omni.physx.plugin] Invalid PhysX transform detected for /World/Stem/SmoothBranch_18.
2026-07-23 09:51:15 [11,452ms] [Warning] [omni.physx.plugin] Invalid PhysX transform detected for /World/Stem/SmoothBranch_19.
2026-07-23 09:51:15 [11,452ms] [Warning] [omni.physx.plugin] Invalid PhysX transform detected for /World/Stem/SmoothBranch_20.
2026-07-23 09:51:15 [11,452ms] [Warning] [omni.physx.plugin] Invalid PhysX transform detected for /World/Stem/SmoothBranch_21.
2026-07-23 09:51:15 [11,452ms] [Warning] [omni.physx.plugin] Invalid PhysX transform detected for /World/Stem/SmoothBranch_22.
2026-07-23 09:51:15 [11,452ms] [Warning] [omni.physx.plugin] Invalid PhysX transform detected for /World/Stem/SmoothBranch_23.
2026-07-23 09:51:15 [11,452ms] [Warning] [omni.physx.plugin] Invalid PhysX transform detected for /World/Stem/SmoothBranch_24.
2026-07-23 09:51:15 [11,452ms] [Warning] [omni.physx.plugin] Invalid PhysX transform detected for /World/Stem/Fruit_Smooth_base.
2026-07-23 09:51:15 [11,452ms] [Warning] [omni.physx.plugin] Invalid PhysX transform detected for /World/Stem/Fruit_Smooth_tip.
2026-07-23 09:51:15 [11,452ms] [Warning] [omni.physx.plugin] Invalid PhysX transform detected for /World/Stem/Fruit_Smooth.
2026-07-23 09:51:15 [11,463ms] [Warning] [omni.physx.plugin] Invalid PhysX transform detected for /World/Stem/SmoothBranch_00.
2026-07-23 09:51:15 [11,463ms] [Warning] [omni.physx.plugin] Invalid PhysX transform detected for /World/Stem/SmoothBranch_01.
2026-07-23 09:51:15 [11,463ms] [Warning] [omni.physx.plugin] Invalid PhysX transform detected for /World/Stem/SmoothBranch_02.
2026-07-23 09:51:15 [11,463ms] [Warning] [omni.physx.plugin] Invalid PhysX transform detected for /World/Stem/SmoothBranch_03.
2026-07-23 09:51:15 [11,463ms] [Warning] [omni.physx.plugin] Invalid PhysX transform detected for /World/Stem/SmoothBranch_04.
2026-07-23 09:51:15 [11,463ms] [Warning] [omni.physx.plugin] Invalid PhysX transform detected for /World/Stem/SmoothBranch_05.
2026-07-23 09:51:15 [11,463ms] [Warning] [omni.physx.plugin] Invalid PhysX transform detected for /World/Stem/SmoothBranch_06.
2026-07-23 09:51:15 [11,463ms] [Warning] [omni.physx.plugin] Invalid PhysX transform detected for /World/Stem/SmoothBranch_07.
2026-07-23 09:51:15 [11,463ms] [Warning] [omni.physx.plugin] Invalid PhysX transform detected for /World/Stem/SmoothBranch_08.
2026-07-23 09:51:15 [11,463ms] [Warning] [omni.physx.plugin] Invalid PhysX transform detected for /World/Stem/SmoothBranch_09.
2026-07-23 09:51:15 [11,463ms] [Warning] [omni.physx.plugin] Invalid PhysX transform detected for /World/Stem/SmoothBranch_10.
2026-07-23 09:51:15 [11,463ms] [Warning] [omni.physx.plugin] Invalid PhysX transform detected for /World/Stem/SmoothBranch_11.
2026-07-23 09:51:15 [11,463ms] [Warning] [omni.physx.plugin] Invalid PhysX transform detected for /World/Stem/SmoothBranch_12.
2026-07-23 09:51:15 [11,463ms] [Warning] [omni.physx.plugin] Invalid PhysX transform detected for /World/Stem/SmoothBranch_13.
2026-07-23 09:51:15 [11,463ms] [Warning] [omni.physx.plugin] Invalid PhysX transform detected for /World/Stem/SmoothBranch_14.
2026-07-23 09:51:15 [11,463ms] [Warning] [omni.physx.plugin] Invalid PhysX transform detected for /World/Stem/SmoothBranch_15.
2026-07-23 09:51:15 [11,463ms] [Warning] [omni.physx.plugin] Invalid PhysX transform detected for /World/Stem/SmoothBranch_16.
2026-07-23 09:51:15 [11,463ms] [Warning] [omni.physx.plugin] Invalid PhysX transform detected for /World/Stem/SmoothBranch_17.
2026-07-23 09:51:15 [11,463ms] [Warning] [omni.physx.plugin] Invalid PhysX transform detected for /World/Stem/SmoothBranch_18.
2026-07-23 09:51:15 [11,463ms] [Warning] [omni.physx.plugin] Invalid PhysX transform detected for /World/Stem/SmoothBranch_19.
2026-07-23 09:51:15 [11,463ms] [Warning] [omni.physx.plugin] Invalid PhysX transform detected for /World/Stem/SmoothBranch_20.
2026-07-23 09:51:15 [11,463ms] [Warning] [omni.physx.plugin] Invalid PhysX transform detected for /World/Stem/SmoothBranch_21.
2026-07-23 09:51:15 [11,463ms] [Warning] [omni.physx.plugin] Invalid PhysX transform detected for /World/Stem/SmoothBranch_22.
2026-07-23 09:51:15 [11,463ms] [Warning] [omni.physx.plugin] Invalid PhysX transform detected for /World/Stem/SmoothBranch_23.
2026-07-23 09:51:15 [11,463ms] [Warning] [omni.physx.plugin] Invalid PhysX transform detected for /World/Stem/SmoothBranch_24.
2026-07-23 09:51:15 [11,463ms] [Warning] [omni.physx.plugin] Invalid PhysX transform detected for /World/Stem/Fruit_Smooth_base.
2026-07-23 09:51:15 [11,463ms] [Warning] [omni.physx.plugin] Invalid PhysX transform detected for /World/Stem/Fruit_Smooth_tip.
2026-07-23 09:51:15 [11,463ms] [Warning] [omni.physx.plugin] Invalid PhysX transform detected for /World/Stem/Fruit_Smooth.
2026-07-23 09:51:15 [11,474ms] [Warning] [omni.physx.plugin] Invalid PhysX transform detected for /World/Stem/SmoothBranch_00.
2026-07-23 09:51:15 [11,474ms] [Warning] [omni.physx.plugin] Invalid PhysX transform detected for /World/Stem/SmoothBranch_01.
2026-07-23 09:51:15 [11,474ms] [Warning] [omni.physx.plugin] Invalid PhysX transform detected for /World/Stem/SmoothBranch_02.
2026-07-23 09:51:15 [11,474ms] [Warning] [omni.physx.plugin] Invalid PhysX transform detected for /World/Stem/SmoothBranch_03.
2026-07-23 09:51:15 [11,474ms] [Warning] [omni.physx.plugin] Invalid PhysX transform detected for /World/Stem/SmoothBranch_04.
2026-07-23 09:51:15 [11,474ms] [Warning] [omni.physx.plugin] Invalid PhysX transform detected for /World/Stem/SmoothBranch_05.
2026-07-23 09:51:15 [11,474ms] [Warning] [omni.physx.plugin] Invalid PhysX transform detected for /World/Stem/SmoothBranch_06.
2026-07-23 09:51:15 [11,474ms] [Warning] [omni.physx.plugin] Invalid PhysX transform detected for /World/Stem/SmoothBranch_07.
2026-07-23 09:51:15 [11,474ms] [Warning] [omni.physx.plugin] Invalid PhysX transform detected for /World/Stem/SmoothBranch_08.
2026-07-23 09:51:15 [11,474ms] [Warning] [omni.physx.plugin] Invalid PhysX transform detected for /World/Stem/SmoothBranch_09.
2026-07-23 09:51:15 [11,474ms] [Warning] [omni.physx.plugin] Invalid PhysX transform detected for /World/Stem/SmoothBranch_10.
2026-07-23 09:51:15 [11,474ms] [Warning] [omni.physx.plugin] Invalid PhysX transform detected for /World/Stem/SmoothBranch_11.
2026-07-23 09:51:15 [11,474ms] [Warning] [omni.physx.plugin] Invalid PhysX transform detected for /World/Stem/SmoothBranch_12.
2026-07-23 09:51:15 [11,474ms] [Warning] [omni.physx.plugin] Invalid PhysX transform detected for /World/Stem/SmoothBranch_13.
2026-07-23 09:51:15 [11,474ms] [Warning] [omni.physx.plugin] Invalid PhysX transform detected for /World/Stem/SmoothBranch_14.
2026-07-23 09:51:15 [11,474ms] [Warning] [omni.physx.plugin] Invalid PhysX transform detected for /World/Stem/SmoothBranch_15.
2026-07-23 09:51:15 [11,474ms] [Warning] [omni.physx.plugin] Invalid PhysX transform detected for /World/Stem/SmoothBranch_16.
2026-07-23 09:51:15 [11,474ms] [Warning] [omni.physx.plugin] Invalid PhysX transform detected for /World/Stem/SmoothBranch_17.
2026-07-23 09:51:15 [11,474ms] [Warning] [omni.physx.plugin] Invalid PhysX transform detected for /World/Stem/SmoothBranch_18.
2026-07-23 09:51:15 [11,474ms] [Warning] [omni.physx.plugin] Invalid PhysX transform detected for /World/Stem/SmoothBranch_19.
2026-07-23 09:51:15 [11,474ms] [Warning] [omni.physx.plugin] Invalid PhysX transform detected for /World/Stem/SmoothBranch_20.
2026-07-23 09:51:15 [11,474ms] [Warning] [omni.physx.plugin] Invalid PhysX transform detected for /World/Stem/SmoothBranch_21.
2026-07-23 09:51:15 [11,474ms] [Warning] [omni.physx.plugin] Invalid PhysX transform detected for /World/Stem/SmoothBranch_22.
2026-07-23 09:51:15 [11,474ms] [Warning] [omni.physx.plugin] Invalid PhysX transform detected for /World/Stem/SmoothBranch_23.
2026-07-23 09:51:15 [11,474ms] [Warning] [omni.physx.plugin] Invalid PhysX transform detected for /World/Stem/SmoothBranch_24.
2026-07-23 09:51:15 [11,474ms] [Warning] [omni.physx.plugin] Invalid PhysX transform detected for /World/Stem/Fruit_Smooth_base.
2026-07-23 09:51:15 [11,474ms] [Warning] [omni.physx.plugin] Invalid PhysX transform detected for /World/Stem/Fruit_Smooth_tip.
2026-07-23 09:51:15 [11,474ms] [Warning] [omni.physx.plugin] Invalid PhysX transform detected for /World/Stem/Fruit_Smooth.
2026-07-23 09:51:15 [11,484ms] [Warning] [omni.physx.plugin] Invalid PhysX transform detected for /World/Stem/SmoothBranch_00.
2026-07-23 09:51:15 [11,484ms] [Warning] [omni.physx.plugin] Invalid PhysX transform detected for /World/Stem/SmoothBranch_01.
2026-07-23 09:51:15 [11,484ms] [Warning] [omni.physx.plugin] Invalid PhysX transform detected for /World/Stem/SmoothBranch_02.
2026-07-23 09:51:15 [11,484ms] [Warning] [omni.physx.plugin] Invalid PhysX transform detected for /World/Stem/SmoothBranch_03.
2026-07-23 09:51:15 [11,484ms] [Warning] [omni.physx.plugin] Invalid PhysX transform detected for /World/Stem/SmoothBranch_04.
2026-07-23 09:51:15 [11,484ms] [Warning] [omni.physx.plugin] Invalid PhysX transform detected for /World/Stem/SmoothBranch_05.
2026-07-23 09:51:15 [11,484ms] [Warning] [omni.physx.plugin] Invalid PhysX transform detected for /World/Stem/SmoothBranch_06.
2026-07-23 09:51:15 [11,484ms] [Warning] [omni.physx.plugin] Invalid PhysX transform detected for /World/Stem/SmoothBranch_07.
2026-07-23 09:51:15 [11,484ms] [Warning] [omni.physx.plugin] Invalid PhysX transform detected for /World/Stem/SmoothBranch_08.
2026-07-23 09:51:15 [11,484ms] [Warning] [omni.physx.plugin] Invalid PhysX transform detected for /World/Stem/SmoothBranch_09.
2026-07-23 09:51:15 [11,484ms] [Warning] [omni.physx.plugin] Invalid PhysX transform detected for /World/Stem/SmoothBranch_10.
2026-07-23 09:51:15 [11,484ms] [Warning] [omni.physx.plugin] Invalid PhysX transform detected for /World/Stem/SmoothBranch_11.
2026-07-23 09:51:15 [11,484ms] [Warning] [omni.physx.plugin] Invalid PhysX transform detected for /World/Stem/SmoothBranch_12.
2026-07-23 09:51:15 [11,484ms] [Warning] [omni.physx.plugin] Invalid PhysX transform detected for /World/Stem/SmoothBranch_13.
2026-07-23 09:51:15 [11,484ms] [Warning] [omni.physx.plugin] Invalid PhysX transform detected for /World/Stem/SmoothBranch_14.
2026-07-23 09:51:15 [11,484ms] [Warning] [omni.physx.plugin] Invalid PhysX transform detected for /World/Stem/SmoothBranch_15.
2026-07-23 09:51:15 [11,484ms] [Warning] [omni.physx.plugin] Invalid PhysX transform detected for /World/Stem/SmoothBranch_16.
2026-07-23 09:51:15 [11,484ms] [Warning] [omni.physx.plugin] Invalid PhysX transform detected for /World/Stem/SmoothBranch_17.
2026-07-23 09:51:15 [11,484ms] [Warning] [omni.physx.plugin] Invalid PhysX transform detected for /World/Stem/SmoothBranch_18.
2026-07-23 09:51:15 [11,484ms] [Warning] [omni.physx.plugin] Invalid PhysX transform detected for /World/Stem/SmoothBranch_19.
2026-07-23 09:51:15 [11,484ms] [Warning] [omni.physx.plugin] Invalid PhysX transform detected for /World/Stem/SmoothBranch_20.
2026-07-23 09:51:15 [11,484ms] [Warning] [omni.physx.plugin] Invalid PhysX transform detected for /World/Stem/SmoothBranch_21.
2026-07-23 09:51:15 [11,484ms] [Warning] [omni.physx.plugin] Invalid PhysX transform detected for /World/Stem/SmoothBranch_22.
2026-07-23 09:51:15 [11,484ms] [Warning] [omni.physx.plugin] Invalid PhysX transform detected for /World/Stem/SmoothBranch_23.
2026-07-23 09:51:15 [11,484ms] [Warning] [omni.physx.plugin] Invalid PhysX transform detected for /World/Stem/SmoothBranch_24.
2026-07-23 09:51:15 [11,484ms] [Warning] [omni.physx.plugin] Invalid PhysX transform detected for /World/Stem/Fruit_Smooth_base.
2026-07-23 09:51:15 [11,484ms] [Warning] [omni.physx.plugin] Invalid PhysX transform detected for /World/Stem/Fruit_Smooth_tip.
2026-07-23 09:51:15 [11,484ms] [Warning] [omni.physx.plugin] Invalid PhysX transform detected for /World/Stem/Fruit_Smooth.
2026-07-23 09:51:15 [11,495ms] [Warning] [omni.physx.plugin] Invalid PhysX transform detected for /World/Stem/SmoothBranch_00.
2026-07-23 09:51:15 [11,495ms] [Warning] [omni.physx.plugin] Invalid PhysX transform detected for /World/Stem/SmoothBranch_01.
2026-07-23 09:51:15 [11,495ms] [Warning] [omni.physx.plugin] Invalid PhysX transform detected for /World/Stem/SmoothBranch_02.
2026-07-23 09:51:15 [11,495ms] [Warning] [omni.physx.plugin] Invalid PhysX transform detected for /World/Stem/SmoothBranch_03.
2026-07-23 09:51:15 [11,495ms] [Warning] [omni.physx.plugin] Invalid PhysX transform detected for /World/Stem/SmoothBranch_04.
2026-07-23 09:51:15 [11,495ms] [Warning] [omni.physx.plugin] Invalid PhysX transform detected for /World/Stem/SmoothBranch_05.
2026-07-23 09:51:15 [11,495ms] [Warning] [omni.physx.plugin] Invalid PhysX transform detected for /World/Stem/SmoothBranch_06.
2026-07-23 09:51:15 [11,495ms] [Warning] [omni.physx.plugin] Invalid PhysX transform detected for /World/Stem/SmoothBranch_07.
2026-07-23 09:51:15 [11,495ms] [Warning] [omni.physx.plugin] Invalid PhysX transform detected for /World/Stem/SmoothBranch_08.
2026-07-23 09:51:15 [11,495ms] [Warning] [omni.physx.plugin] Invalid PhysX transform detected for /World/Stem/SmoothBranch_09.
2026-07-23 09:51:15 [11,495ms] [Warning] [omni.physx.plugin] Invalid PhysX transform detected for /World/Stem/SmoothBranch_10.
2026-07-23 09:51:15 [11,495ms] [Warning] [omni.physx.plugin] Invalid PhysX transform detected for /World/Stem/SmoothBranch_11.
2026-07-23 09:51:15 [11,495ms] [Warning] [omni.physx.plugin] Invalid PhysX transform detected for /World/Stem/SmoothBranch_12.
2026-07-23 09:51:15 [11,495ms] [Warning] [omni.physx.plugin] Invalid PhysX transform detected for /World/Stem/SmoothBranch_13.
2026-07-23 09:51:15 [11,495ms] [Warning] [omni.physx.plugin] Invalid PhysX transform detected for /World/Stem/SmoothBranch_14.
2026-07-23 09:51:15 [11,495ms] [Warning] [omni.physx.plugin] Invalid PhysX transform detected for /World/Stem/SmoothBranch_15.
2026-07-23 09:51:15 [11,495ms] [Warning] [omni.physx.plugin] Invalid PhysX transform detected for /World/Stem/SmoothBranch_16.
2026-07-23 09:51:15 [11,495ms] [Warning] [omni.physx.plugin] Invalid PhysX transform detected for /World/Stem/SmoothBranch_17.
2026-07-23 09:51:15 [11,495ms] [Warning] [omni.physx.plugin] Invalid PhysX transform detected for /World/Stem/SmoothBranch_18.
2026-07-23 09:51:15 [11,495ms] [Warning] [omni.physx.plugin] Invalid PhysX transform detected for /World/Stem/SmoothBranch_19.
2026-07-23 09:51:15 [11,495ms] [Warning] [omni.physx.plugin] Invalid PhysX transform detected for /World/Stem/SmoothBranch_20.
2026-07-23 09:51:15 [11,495ms] [Warning] [omni.physx.plugin] Invalid PhysX transform detected for /World/Stem/SmoothBranch_21.
2026-07-23 09:51:15 [11,495ms] [Warning] [omni.physx.plugin] Invalid PhysX transform detected for /World/Stem/SmoothBranch_22.
2026-07-23 09:51:15 [11,495ms] [Warning] [omni.physx.plugin] Invalid PhysX transform detected for /World/Stem/SmoothBranch_23.
2026-07-23 09:51:15 [11,495ms] [Warning] [omni.physx.plugin] Invalid PhysX transform detected for /World/Stem/SmoothBranch_24.
2026-07-23 09:51:15 [11,495ms] [Warning] [omni.physx.plugin] Invalid PhysX transform detected for /World/Stem/Fruit_Smooth_base.
2026-07-23 09:51:15 [11,495ms] [Warning] [omni.physx.plugin] Invalid PhysX transform detected for /World/Stem/Fruit_Smooth_tip.
2026-07-23 09:51:15 [11,495ms] [Warning] [omni.physx.plugin] Invalid PhysX transform detected for /World/Stem/Fruit_Smooth.
2026-07-23 09:51:15 [11,506ms] [Warning] [omni.physx.plugin] Invalid PhysX transform detected for /World/Stem/SmoothBranch_00.
2026-07-23 09:51:15 [11,506ms] [Warning] [omni.physx.plugin] Invalid PhysX transform detected for /World/Stem/SmoothBranch_01.
2026-07-23 09:51:15 [11,506ms] [Warning] [omni.physx.plugin] Invalid PhysX transform detected for /World/Stem/SmoothBranch_02.
2026-07-23 09:51:15 [11,506ms] [Warning] [omni.physx.plugin] Invalid PhysX transform detected for /World/Stem/SmoothBranch_03.
2026-07-23 09:51:15 [11,506ms] [Warning] [omni.physx.plugin] Invalid PhysX transform detected for /World/Stem/SmoothBranch_04.
2026-07-23 09:51:15 [11,506ms] [Warning] [omni.physx.plugin] Invalid PhysX transform detected for /World/Stem/SmoothBranch_05.
2026-07-23 09:51:15 [11,506ms] [Warning] [omni.physx.plugin] Invalid PhysX transform detected for /World/Stem/SmoothBranch_06.
2026-07-23 09:51:15 [11,506ms] [Warning] [omni.physx.plugin] Invalid PhysX transform detected for /World/Stem/SmoothBranch_07.
2026-07-23 09:51:15 [11,506ms] [Warning] [omni.physx.plugin] Invalid PhysX transform detected for /World/Stem/SmoothBranch_08.
2026-07-23 09:51:15 [11,506ms] [Warning] [omni.physx.plugin] Invalid PhysX transform detected for /World/Stem/SmoothBranch_09.
2026-07-23 09:51:15 [11,506ms] [Warning] [omni.physx.plugin] Invalid PhysX transform detected for /World/Stem/SmoothBranch_10.
2026-07-23 09:51:15 [11,506ms] [Warning] [omni.physx.plugin] Invalid PhysX transform detected for /World/Stem/SmoothBranch_11.
2026-07-23 09:51:15 [11,506ms] [Warning] [omni.physx.plugin] Invalid PhysX transform detected for /World/Stem/SmoothBranch_12.
2026-07-23 09:51:15 [11,506ms] [Warning] [omni.physx.plugin] Invalid PhysX transform detected for /World/Stem/SmoothBranch_13.
2026-07-23 09:51:15 [11,506ms] [Warning] [omni.physx.plugin] Invalid PhysX transform detected for /World/Stem/SmoothBranch_14.
2026-07-23 09:51:15 [11,506ms] [Warning] [omni.physx.plugin] Invalid PhysX transform detected for /World/Stem/SmoothBranch_15.
2026-07-23 09:51:15 [11,506ms] [Warning] [omni.physx.plugin] Invalid PhysX transform detected for /World/Stem/SmoothBranch_16.
2026-07-23 09:51:15 [11,506ms] [Warning] [omni.physx.plugin] Invalid PhysX transform detected for /World/Stem/SmoothBranch_17.
2026-07-23 09:51:15 [11,506ms] [Warning] [omni.physx.plugin] Invalid PhysX transform detected for /World/Stem/SmoothBranch_18.
2026-07-23 09:51:15 [11,506ms] [Warning] [omni.physx.plugin] Invalid PhysX transform detected for /World/Stem/SmoothBranch_19.
2026-07-23 09:51:15 [11,506ms] [Warning] [omni.physx.plugin] Invalid PhysX transform detected for /World/Stem/SmoothBranch_20.
2026-07-23 09:51:15 [11,506ms] [Warning] [omni.physx.plugin] Invalid PhysX transform detected for /World/Stem/SmoothBranch_21.
2026-07-23 09:51:15 [11,506ms] [Warning] [omni.physx.plugin] Invalid PhysX transform detected for /World/Stem/SmoothBranch_22.
2026-07-23 09:51:15 [11,506ms] [Warning] [omni.physx.plugin] Invalid PhysX transform detected for /World/Stem/SmoothBranch_23.
2026-07-23 09:51:15 [11,506ms] [Warning] [omni.physx.plugin] Invalid PhysX transform detected for /World/Stem/SmoothBranch_24.
2026-07-23 09:51:15 [11,506ms] [Warning] [omni.physx.plugin] Invalid PhysX transform detected for /World/Stem/Fruit_Smooth_base.
2026-07-23 09:51:15 [11,506ms] [Warning] [omni.physx.plugin] Invalid PhysX transform detected for /World/Stem/Fruit_Smooth_tip.
2026-07-23 09:51:15 [11,506ms] [Warning] [omni.physx.plugin] Invalid PhysX transform detected for /World/Stem/Fruit_Smooth.
2026-07-23 09:51:15 [11,516ms] [Warning] [omni.physx.plugin] Invalid PhysX transform detected for /World/Stem/SmoothBranch_00.
2026-07-23 09:51:15 [11,516ms] [Warning] [omni.physx.plugin] Invalid PhysX transform detected for /World/Stem/SmoothBranch_01.
2026-07-23 09:51:15 [11,516ms] [Warning] [omni.physx.plugin] Invalid PhysX transform detected for /World/Stem/SmoothBranch_02.
2026-07-23 09:51:15 [11,516ms] [Warning] [omni.physx.plugin] Invalid PhysX transform detected for /World/Stem/SmoothBranch_03.
2026-07-23 09:51:15 [11,516ms] [Warning] [omni.physx.plugin] Invalid PhysX transform detected for /World/Stem/SmoothBranch_04.
2026-07-23 09:51:15 [11,516ms] [Warning] [omni.physx.plugin] Invalid PhysX transform detected for /World/Stem/SmoothBranch_05.
2026-07-23 09:51:15 [11,516ms] [Warning] [omni.physx.plugin] Invalid PhysX transform detected for /World/Stem/SmoothBranch_06.
2026-07-23 09:51:15 [11,516ms] [Warning] [omni.physx.plugin] Invalid PhysX transform detected for /World/Stem/SmoothBranch_07.
2026-07-23 09:51:15 [11,516ms] [Warning] [omni.physx.plugin] Invalid PhysX transform detected for /World/Stem/SmoothBranch_08.
2026-07-23 09:51:15 [11,516ms] [Warning] [omni.physx.plugin] Invalid PhysX transform detected for /World/Stem/SmoothBranch_09.
2026-07-23 09:51:15 [11,516ms] [Warning] [omni.physx.plugin] Invalid PhysX transform detected for /World/Stem/SmoothBranch_10.
2026-07-23 09:51:15 [11,516ms] [Warning] [omni.physx.plugin] Invalid PhysX transform detected for /World/Stem/SmoothBranch_11.
2026-07-23 09:51:15 [11,516ms] [Warning] [omni.physx.plugin] Invalid PhysX transform detected for /World/Stem/SmoothBranch_12.
2026-07-23 09:51:15 [11,516ms] [Warning] [omni.physx.plugin] Invalid PhysX transform detected for /World/Stem/SmoothBranch_13.
2026-07-23 09:51:15 [11,516ms] [Warning] [omni.physx.plugin] Invalid PhysX transform detected for /World/Stem/SmoothBranch_14.
2026-07-23 09:51:15 [11,516ms] [Warning] [omni.physx.plugin] Invalid PhysX transform detected for /World/Stem/SmoothBranch_15.
2026-07-23 09:51:15 [11,516ms] [Warning] [omni.physx.plugin] Invalid PhysX transform detected for /World/Stem/SmoothBranch_16.
2026-07-23 09:51:15 [11,516ms] [Warning] [omni.physx.plugin] Invalid PhysX transform detected for /World/Stem/SmoothBranch_17.
2026-07-23 09:51:15 [11,516ms] [Warning] [omni.physx.plugin] Invalid PhysX transform detected for /World/Stem/SmoothBranch_18.
2026-07-23 09:51:15 [11,516ms] [Warning] [omni.physx.plugin] Invalid PhysX transform detected for /World/Stem/SmoothBranch_19.
2026-07-23 09:51:15 [11,516ms] [Warning] [omni.physx.plugin] Invalid PhysX transform detected for /World/Stem/SmoothBranch_20.
2026-07-23 09:51:15 [11,516ms] [Warning] [omni.physx.plugin] Invalid PhysX transform detected for /World/Stem/SmoothBranch_21.
2026-07-23 09:51:15 [11,516ms] [Warning] [omni.physx.plugin] Invalid PhysX transform detected for /World/Stem/SmoothBranch_22.
2026-07-23 09:51:15 [11,516ms] [Warning] [omni.physx.plugin] Invalid PhysX transform detected for /World/Stem/SmoothBranch_23.
2026-07-23 09:51:15 [11,516ms] [Warning] [omni.physx.plugin] Invalid PhysX transform detected for /World/Stem/SmoothBranch_24.
2026-07-23 09:51:15 [11,516ms] [Warning] [omni.physx.plugin] Invalid PhysX transform detected for /World/Stem/Fruit_Smooth_base.
2026-07-23 09:51:15 [11,516ms] [Warning] [omni.physx.plugin] Invalid PhysX transform detected for /World/Stem/Fruit_Smooth_tip.
2026-07-23 09:51:15 [11,516ms] [Warning] [omni.physx.plugin] Invalid PhysX transform detected for /World/Stem/Fruit_Smooth.
2026-07-23 09:51:15 [11,527ms] [Warning] [omni.physx.plugin] Invalid PhysX transform detected for /World/Stem/SmoothBranch_00.
2026-07-23 09:51:15 [11,527ms] [Warning] [omni.physx.plugin] Invalid PhysX transform detected for /World/Stem/SmoothBranch_01.
2026-07-23 09:51:15 [11,527ms] [Warning] [omni.physx.plugin] Invalid PhysX transform detected for /World/Stem/SmoothBranch_02.
2026-07-23 09:51:15 [11,527ms] [Warning] [omni.physx.plugin] Invalid PhysX transform detected for /World/Stem/SmoothBranch_03.
2026-07-23 09:51:15 [11,527ms] [Warning] [omni.physx.plugin] Invalid PhysX transform detected for /World/Stem/SmoothBranch_04.
2026-07-23 09:51:15 [11,527ms] [Warning] [omni.physx.plugin] Invalid PhysX transform detected for /World/Stem/SmoothBranch_05.
2026-07-23 09:51:15 [11,527ms] [Warning] [omni.physx.plugin] Invalid PhysX transform detected for /World/Stem/SmoothBranch_06.
2026-07-23 09:51:15 [11,527ms] [Warning] [omni.physx.plugin] Invalid PhysX transform detected for /World/Stem/SmoothBranch_07.
2026-07-23 09:51:15 [11,527ms] [Warning] [omni.physx.plugin] Invalid PhysX transform detected for /World/Stem/SmoothBranch_08.
2026-07-23 09:51:15 [11,527ms] [Warning] [omni.physx.plugin] Invalid PhysX transform detected for /World/Stem/SmoothBranch_09.
2026-07-23 09:51:15 [11,527ms] [Warning] [omni.physx.plugin] Invalid PhysX transform detected for /World/Stem/SmoothBranch_10.
2026-07-23 09:51:15 [11,527ms] [Warning] [omni.physx.plugin] Invalid PhysX transform detected for /World/Stem/SmoothBranch_11.
2026-07-23 09:51:15 [11,527ms] [Warning] [omni.physx.plugin] Invalid PhysX transform detected for /World/Stem/SmoothBranch_12.
2026-07-23 09:51:15 [11,527ms] [Warning] [omni.physx.plugin] Invalid PhysX transform detected for /World/Stem/SmoothBranch_13.
2026-07-23 09:51:15 [11,527ms] [Warning] [omni.physx.plugin] Invalid PhysX transform detected for /World/Stem/SmoothBranch_14.
2026-07-23 09:51:15 [11,527ms] [Warning] [omni.physx.plugin] Invalid PhysX transform detected for /World/Stem/SmoothBranch_15.
2026-07-23 09:51:15 [11,527ms] [Warning] [omni.physx.plugin] Invalid PhysX transform detected for /World/Stem/SmoothBranch_16.
2026-07-23 09:51:15 [11,527ms] [Warning] [omni.physx.plugin] Invalid PhysX transform detected for /World/Stem/SmoothBranch_17.
2026-07-23 09:51:15 [11,527ms] [Warning] [omni.physx.plugin] Invalid PhysX transform detected for /World/Stem/SmoothBranch_18.
2026-07-23 09:51:15 [11,527ms] [Warning] [omni.physx.plugin] Invalid PhysX transform detected for /World/Stem/SmoothBranch_19.
2026-07-23 09:51:15 [11,527ms] [Warning] [omni.physx.plugin] Invalid PhysX transform detected for /World/Stem/SmoothBranch_20.
2026-07-23 09:51:15 [11,527ms] [Warning] [omni.physx.plugin] Invalid PhysX transform detected for /World/Stem/SmoothBranch_21.
2026-07-23 09:51:15 [11,527ms] [Warning] [omni.physx.plugin] Invalid PhysX transform detected for /World/Stem/SmoothBranch_22.
2026-07-23 09:51:15 [11,527ms] [Warning] [omni.physx.plugin] Invalid PhysX transform detected for /World/Stem/SmoothBranch_23.
2026-07-23 09:51:15 [11,527ms] [Warning] [omni.physx.plugin] Invalid PhysX transform detected for /World/Stem/SmoothBranch_24.
2026-07-23 09:51:15 [11,527ms] [Warning] [omni.physx.plugin] Invalid PhysX transform detected for /World/Stem/Fruit_Smooth_base.
2026-07-23 09:51:15 [11,527ms] [Warning] [omni.physx.plugin] Invalid PhysX transform detected for /World/Stem/Fruit_Smooth_tip.
2026-07-23 09:51:15 [11,528ms] [Warning] [omni.physx.plugin] Invalid PhysX transform detected for /World/Stem/Fruit_Smooth.
2026-07-23 09:51:15 [11,538ms] [Warning] [omni.physx.plugin] Invalid PhysX transform detected for /World/Stem/SmoothBranch_00.
2026-07-23 09:51:15 [11,538ms] [Warning] [omni.physx.plugin] Invalid PhysX transform detected for /World/Stem/SmoothBranch_01.
2026-07-23 09:51:15 [11,538ms] [Warning] [omni.physx.plugin] Invalid PhysX transform detected for /World/Stem/SmoothBranch_02.
2026-07-23 09:51:15 [11,538ms] [Warning] [omni.physx.plugin] Invalid PhysX transform detected for /World/Stem/SmoothBranch_03.
2026-07-23 09:51:15 [11,538ms] [Warning] [omni.physx.plugin] Invalid PhysX transform detected for /World/Stem/SmoothBranch_04.
2026-07-23 09:51:15 [11,538ms] [Warning] [omni.physx.plugin] Invalid PhysX transform detected for /World/Stem/SmoothBranch_05.
2026-07-23 09:51:15 [11,538ms] [Warning] [omni.physx.plugin] Invalid PhysX transform detected for /World/Stem/SmoothBranch_06.
2026-07-23 09:51:15 [11,538ms] [Warning] [omni.physx.plugin] Invalid PhysX transform detected for /World/Stem/SmoothBranch_07.
2026-07-23 09:51:15 [11,538ms] [Warning] [omni.physx.plugin] Invalid PhysX transform detected for /World/Stem/SmoothBranch_08.
2026-07-23 09:51:15 [11,538ms] [Warning] [omni.physx.plugin] Invalid PhysX transform detected for /World/Stem/SmoothBranch_09.
2026-07-23 09:51:15 [11,538ms] [Warning] [omni.physx.plugin] Invalid PhysX transform detected for /World/Stem/SmoothBranch_10.
2026-07-23 09:51:15 [11,538ms] [Warning] [omni.physx.plugin] Invalid PhysX transform detected for /World/Stem/SmoothBranch_11.
2026-07-23 09:51:15 [11,538ms] [Warning] [omni.physx.plugin] Invalid PhysX transform detected for /World/Stem/SmoothBranch_12.
2026-07-23 09:51:15 [11,538ms] [Warning] [omni.physx.plugin] Invalid PhysX transform detected for /World/Stem/SmoothBranch_13.
2026-07-23 09:51:15 [11,538ms] [Warning] [omni.physx.plugin] Invalid PhysX transform detected for /World/Stem/SmoothBranch_14.
2026-07-23 09:51:15 [11,538ms] [Warning] [omni.physx.plugin] Invalid PhysX transform detected for /World/Stem/SmoothBranch_15.
2026-07-23 09:51:15 [11,538ms] [Warning] [omni.physx.plugin] Invalid PhysX transform detected for /World/Stem/SmoothBranch_16.
2026-07-23 09:51:15 [11,538ms] [Warning] [omni.physx.plugin] Invalid PhysX transform detected for /World/Stem/SmoothBranch_17.
2026-07-23 09:51:15 [11,538ms] [Warning] [omni.physx.plugin] Invalid PhysX transform detected for /World/Stem/SmoothBranch_18.
2026-07-23 09:51:15 [11,538ms] [Warning] [omni.physx.plugin] Invalid PhysX transform detected for /World/Stem/SmoothBranch_19.
2026-07-23 09:51:15 [11,538ms] [Warning] [omni.physx.plugin] Invalid PhysX transform detected for /World/Stem/SmoothBranch_20.
2026-07-23 09:51:15 [11,538ms] [Warning] [omni.physx.plugin] Invalid PhysX transform detected for /World/Stem/SmoothBranch_21.
2026-07-23 09:51:15 [11,538ms] [Warning] [omni.physx.plugin] Invalid PhysX transform detected for /World/Stem/SmoothBranch_22.
2026-07-23 09:51:15 [11,538ms] [Warning] [omni.physx.plugin] Invalid PhysX transform detected for /World/Stem/SmoothBranch_23.
2026-07-23 09:51:15 [11,538ms] [Warning] [omni.physx.plugin] Invalid PhysX transform detected for /World/Stem/SmoothBranch_24.
2026-07-23 09:51:15 [11,538ms] [Warning] [omni.physx.plugin] Invalid PhysX transform detected for /World/Stem/Fruit_Smooth_base.
2026-07-23 09:51:15 [11,538ms] [Warning] [omni.physx.plugin] Invalid PhysX transform detected for /World/Stem/Fruit_Smooth_tip.
2026-07-23 09:51:15 [11,538ms] [Warning] [omni.physx.plugin] Invalid PhysX transform detected for /World/Stem/Fruit_Smooth.
2026-07-23 09:51:15 [11,549ms] [Warning] [omni.physx.plugin] Invalid PhysX transform detected for /World/Stem/SmoothBranch_00.
2026-07-23 09:51:15 [11,549ms] [Warning] [omni.physx.plugin] Invalid PhysX transform detected for /World/Stem/SmoothBranch_01.
2026-07-23 09:51:15 [11,549ms] [Warning] [omni.physx.plugin] Invalid PhysX transform detected for /World/Stem/SmoothBranch_02.
2026-07-23 09:51:15 [11,549ms] [Warning] [omni.physx.plugin] Invalid PhysX transform detected for /World/Stem/SmoothBranch_03.
2026-07-23 09:51:15 [11,549ms] [Warning] [omni.physx.plugin] Invalid PhysX transform detected for /World/Stem/SmoothBranch_04.
2026-07-23 09:51:15 [11,549ms] [Warning] [omni.physx.plugin] Invalid PhysX transform detected for /World/Stem/SmoothBranch_05.
2026-07-23 09:51:15 [11,549ms] [Warning] [omni.physx.plugin] Invalid PhysX transform detected for /World/Stem/SmoothBranch_06.
2026-07-23 09:51:15 [11,549ms] [Warning] [omni.physx.plugin] Invalid PhysX transform detected for /World/Stem/SmoothBranch_07.
2026-07-23 09:51:15 [11,549ms] [Warning] [omni.physx.plugin] Invalid PhysX transform detected for /World/Stem/SmoothBranch_08.
2026-07-23 09:51:15 [11,549ms] [Warning] [omni.physx.plugin] Invalid PhysX transform detected for /World/Stem/SmoothBranch_09.
2026-07-23 09:51:15 [11,549ms] [Warning] [omni.physx.plugin] Invalid PhysX transform detected for /World/Stem/SmoothBranch_10.
2026-07-23 09:51:15 [11,549ms] [Warning] [omni.physx.plugin] Invalid PhysX transform detected for /World/Stem/SmoothBranch_11.
2026-07-23 09:51:15 [11,549ms] [Warning] [omni.physx.plugin] Invalid PhysX transform detected for /World/Stem/SmoothBranch_12.
2026-07-23 09:51:15 [11,549ms] [Warning] [omni.physx.plugin] Invalid PhysX transform detected for /World/Stem/SmoothBranch_13.
2026-07-23 09:51:15 [11,549ms] [Warning] [omni.physx.plugin] Invalid PhysX transform detected for /World/Stem/SmoothBranch_14.
2026-07-23 09:51:15 [11,549ms] [Warning] [omni.physx.plugin] Invalid PhysX transform detected for /World/Stem/SmoothBranch_15.
2026-07-23 09:51:15 [11,549ms] [Warning] [omni.physx.plugin] Invalid PhysX transform detected for /World/Stem/SmoothBranch_16.
2026-07-23 09:51:15 [11,549ms] [Warning] [omni.physx.plugin] Invalid PhysX transform detected for /World/Stem/SmoothBranch_17.
2026-07-23 09:51:15 [11,549ms] [Warning] [omni.physx.plugin] Invalid PhysX transform detected for /World/Stem/SmoothBranch_18.
2026-07-23 09:51:15 [11,549ms] [Warning] [omni.physx.plugin] Invalid PhysX transform detected for /World/Stem/SmoothBranch_19.
2026-07-23 09:51:15 [11,549ms] [Warning] [omni.physx.plugin] Invalid PhysX transform detected for /World/Stem/SmoothBranch_20.
2026-07-23 09:51:15 [11,549ms] [Warning] [omni.physx.plugin] Invalid PhysX transform detected for /World/Stem/SmoothBranch_21.
2026-07-23 09:51:15 [11,549ms] [Warning] [omni.physx.plugin] Invalid PhysX transform detected for /World/Stem/SmoothBranch_22.
2026-07-23 09:51:15 [11,549ms] [Warning] [omni.physx.plugin] Invalid PhysX transform detected for /World/Stem/SmoothBranch_23.
2026-07-23 09:51:15 [11,549ms] [Warning] [omni.physx.plugin] Invalid PhysX transform detected for /World/Stem/SmoothBranch_24.
2026-07-23 09:51:15 [11,549ms] [Warning] [omni.physx.plugin] Invalid PhysX transform detected for /World/Stem/Fruit_Smooth_base.
2026-07-23 09:51:15 [11,549ms] [Warning] [omni.physx.plugin] Invalid PhysX transform detected for /World/Stem/Fruit_Smooth_tip.
2026-07-23 09:51:15 [11,549ms] [Warning] [omni.physx.plugin] Invalid PhysX transform detected for /World/Stem/Fruit_Smooth.
2026-07-23 09:51:15 [11,560ms] [Warning] [omni.physx.plugin] Invalid PhysX transform detected for /World/Stem/SmoothBranch_00.
2026-07-23 09:51:15 [11,560ms] [Warning] [omni.physx.plugin] Invalid PhysX transform detected for /World/Stem/SmoothBranch_01.
2026-07-23 09:51:15 [11,560ms] [Warning] [omni.physx.plugin] Invalid PhysX transform detected for /World/Stem/SmoothBranch_02.
2026-07-23 09:51:15 [11,560ms] [Warning] [omni.physx.plugin] Invalid PhysX transform detected for /World/Stem/SmoothBranch_03.
2026-07-23 09:51:15 [11,560ms] [Warning] [omni.physx.plugin] Invalid PhysX transform detected for /World/Stem/SmoothBranch_04.
2026-07-23 09:51:15 [11,560ms] [Warning] [omni.physx.plugin] Invalid PhysX transform detected for /World/Stem/SmoothBranch_05.
2026-07-23 09:51:15 [11,560ms] [Warning] [omni.physx.plugin] Invalid PhysX transform detected for /World/Stem/SmoothBranch_06.
2026-07-23 09:51:15 [11,560ms] [Warning] [omni.physx.plugin] Invalid PhysX transform detected for /World/Stem/SmoothBranch_07.
2026-07-23 09:51:15 [11,560ms] [Warning] [omni.physx.plugin] Invalid PhysX transform detected for /World/Stem/SmoothBranch_08.
2026-07-23 09:51:15 [11,560ms] [Warning] [omni.physx.plugin] Invalid PhysX transform detected for /World/Stem/SmoothBranch_09.
2026-07-23 09:51:15 [11,560ms] [Warning] [omni.physx.plugin] Invalid PhysX transform detected for /World/Stem/SmoothBranch_10.
2026-07-23 09:51:15 [11,560ms] [Warning] [omni.physx.plugin] Invalid PhysX transform detected for /World/Stem/SmoothBranch_11.
2026-07-23 09:51:15 [11,560ms] [Warning] [omni.physx.plugin] Invalid PhysX transform detected for /World/Stem/SmoothBranch_12.
2026-07-23 09:51:15 [11,560ms] [Warning] [omni.physx.plugin] Invalid PhysX transform detected for /World/Stem/SmoothBranch_13.
2026-07-23 09:51:15 [11,560ms] [Warning] [omni.physx.plugin] Invalid PhysX transform detected for /World/Stem/SmoothBranch_14.
2026-07-23 09:51:15 [11,560ms] [Warning] [omni.physx.plugin] Invalid PhysX transform detected for /World/Stem/SmoothBranch_15.
2026-07-23 09:51:15 [11,560ms] [Warning] [omni.physx.plugin] Invalid PhysX transform detected for /World/Stem/SmoothBranch_16.
2026-07-23 09:51:15 [11,560ms] [Warning] [omni.physx.plugin] Invalid PhysX transform detected for /World/Stem/SmoothBranch_17.
2026-07-23 09:51:15 [11,560ms] [Warning] [omni.physx.plugin] Invalid PhysX transform detected for /World/Stem/SmoothBranch_18.
2026-07-23 09:51:15 [11,560ms] [Warning] [omni.physx.plugin] Invalid PhysX transform detected for /World/Stem/SmoothBranch_19.
2026-07-23 09:51:15 [11,560ms] [Warning] [omni.physx.plugin] Invalid PhysX transform detected for /World/Stem/SmoothBranch_20.
2026-07-23 09:51:15 [11,560ms] [Warning] [omni.physx.plugin] Invalid PhysX transform detected for /World/Stem/SmoothBranch_21.
2026-07-23 09:51:15 [11,560ms] [Warning] [omni.physx.plugin] Invalid PhysX transform detected for /World/Stem/SmoothBranch_22.
2026-07-23 09:51:15 [11,560ms] [Warning] [omni.physx.plugin] Invalid PhysX transform detected for /World/Stem/SmoothBranch_23.
2026-07-23 09:51:15 [11,560ms] [Warning] [omni.physx.plugin] Invalid PhysX transform detected for /World/Stem/SmoothBranch_24.
2026-07-23 09:51:15 [11,560ms] [Warning] [omni.physx.plugin] Invalid PhysX transform detected for /World/Stem/Fruit_Smooth_base.
2026-07-23 09:51:15 [11,560ms] [Warning] [omni.physx.plugin] Invalid PhysX transform detected for /World/Stem/Fruit_Smooth_tip.
2026-07-23 09:51:15 [11,560ms] [Warning] [omni.physx.plugin] Invalid PhysX transform detected for /World/Stem/Fruit_Smooth.
2026-07-23 09:51:15 [11,570ms] [Warning] [omni.physx.plugin] Invalid PhysX transform detected for /World/Stem/SmoothBranch_00.
2026-07-23 09:51:15 [11,570ms] [Warning] [omni.physx.plugin] Invalid PhysX transform detected for /World/Stem/SmoothBranch_01.
2026-07-23 09:51:15 [11,570ms] [Warning] [omni.physx.plugin] Invalid PhysX transform detected for /World/Stem/SmoothBranch_02.
2026-07-23 09:51:15 [11,570ms] [Warning] [omni.physx.plugin] Invalid PhysX transform detected for /World/Stem/SmoothBranch_03.
2026-07-23 09:51:15 [11,570ms] [Warning] [omni.physx.plugin] Invalid PhysX transform detected for /World/Stem/SmoothBranch_04.
2026-07-23 09:51:15 [11,570ms] [Warning] [omni.physx.plugin] Invalid PhysX transform detected for /World/Stem/SmoothBranch_05.
2026-07-23 09:51:15 [11,570ms] [Warning] [omni.physx.plugin] Invalid PhysX transform detected for /World/Stem/SmoothBranch_06.
2026-07-23 09:51:15 [11,570ms] [Warning] [omni.physx.plugin] Invalid PhysX transform detected for /World/Stem/SmoothBranch_07.
2026-07-23 09:51:15 [11,570ms] [Warning] [omni.physx.plugin] Invalid PhysX transform detected for /World/Stem/SmoothBranch_08.
2026-07-23 09:51:15 [11,570ms] [Warning] [omni.physx.plugin] Invalid PhysX transform detected for /World/Stem/SmoothBranch_09.
2026-07-23 09:51:15 [11,570ms] [Warning] [omni.physx.plugin] Invalid PhysX transform detected for /World/Stem/SmoothBranch_10.
2026-07-23 09:51:15 [11,570ms] [Warning] [omni.physx.plugin] Invalid PhysX transform detected for /World/Stem/SmoothBranch_11.
2026-07-23 09:51:15 [11,570ms] [Warning] [omni.physx.plugin] Invalid PhysX transform detected for /World/Stem/SmoothBranch_12.
2026-07-23 09:51:15 [11,570ms] [Warning] [omni.physx.plugin] Invalid PhysX transform detected for /World/Stem/SmoothBranch_13.
2026-07-23 09:51:15 [11,570ms] [Warning] [omni.physx.plugin] Invalid PhysX transform detected for /World/Stem/SmoothBranch_14.
2026-07-23 09:51:15 [11,570ms] [Warning] [omni.physx.plugin] Invalid PhysX transform detected for /World/Stem/SmoothBranch_15.
2026-07-23 09:51:15 [11,570ms] [Warning] [omni.physx.plugin] Invalid PhysX transform detected for /World/Stem/SmoothBranch_16.
2026-07-23 09:51:15 [11,570ms] [Warning] [omni.physx.plugin] Invalid PhysX transform detected for /World/Stem/SmoothBranch_17.
2026-07-23 09:51:15 [11,570ms] [Warning] [omni.physx.plugin] Invalid PhysX transform detected for /World/Stem/SmoothBranch_18.
2026-07-23 09:51:15 [11,570ms] [Warning] [omni.physx.plugin] Invalid PhysX transform detected for /World/Stem/SmoothBranch_19.
2026-07-23 09:51:15 [11,570ms] [Warning] [omni.physx.plugin] Invalid PhysX transform detected for /World/Stem/SmoothBranch_20.
2026-07-23 09:51:15 [11,570ms] [Warning] [omni.physx.plugin] Invalid PhysX transform detected for /World/Stem/SmoothBranch_21.
2026-07-23 09:51:15 [11,570ms] [Warning] [omni.physx.plugin] Invalid PhysX transform detected for /World/Stem/SmoothBranch_22.
2026-07-23 09:51:15 [11,570ms] [Warning] [omni.physx.plugin] Invalid PhysX transform detected for /World/Stem/SmoothBranch_23.
2026-07-23 09:51:15 [11,570ms] [Warning] [omni.physx.plugin] Invalid PhysX transform detected for /World/Stem/SmoothBranch_24.
2026-07-23 09:51:15 [11,570ms] [Warning] [omni.physx.plugin] Invalid PhysX transform detected for /World/Stem/Fruit_Smooth_base.
2026-07-23 09:51:15 [11,570ms] [Warning] [omni.physx.plugin] Invalid PhysX transform detected for /World/Stem/Fruit_Smooth_tip.
2026-07-23 09:51:15 [11,570ms] [Warning] [omni.physx.plugin] Invalid PhysX transform detected for /World/Stem/Fruit_Smooth.
2026-07-23 09:51:15 [11,581ms] [Warning] [omni.physx.plugin] Invalid PhysX transform detected for /World/Stem/SmoothBranch_00.
2026-07-23 09:51:15 [11,581ms] [Warning] [omni.physx.plugin] Invalid PhysX transform detected for /World/Stem/SmoothBranch_01.
2026-07-23 09:51:15 [11,581ms] [Warning] [omni.physx.plugin] Invalid PhysX transform detected for /World/Stem/SmoothBranch_02.
2026-07-23 09:51:15 [11,581ms] [Warning] [omni.physx.plugin] Invalid PhysX transform detected for /World/Stem/SmoothBranch_03.
2026-07-23 09:51:15 [11,581ms] [Warning] [omni.physx.plugin] Invalid PhysX transform detected for /World/Stem/SmoothBranch_04.
2026-07-23 09:51:15 [11,581ms] [Warning] [omni.physx.plugin] Invalid PhysX transform detected for /World/Stem/SmoothBranch_05.
2026-07-23 09:51:15 [11,581ms] [Warning] [omni.physx.plugin] Invalid PhysX transform detected for /World/Stem/SmoothBranch_06.
2026-07-23 09:51:15 [11,581ms] [Warning] [omni.physx.plugin] Invalid PhysX transform detected for /World/Stem/SmoothBranch_07.
2026-07-23 09:51:15 [11,581ms] [Warning] [omni.physx.plugin] Invalid PhysX transform detected for /World/Stem/SmoothBranch_08.
2026-07-23 09:51:15 [11,581ms] [Warning] [omni.physx.plugin] Invalid PhysX transform detected for /World/Stem/SmoothBranch_09.
2026-07-23 09:51:15 [11,581ms] [Warning] [omni.physx.plugin] Invalid PhysX transform detected for /World/Stem/SmoothBranch_10.
2026-07-23 09:51:15 [11,581ms] [Warning] [omni.physx.plugin] Invalid PhysX transform detected for /World/Stem/SmoothBranch_11.
2026-07-23 09:51:15 [11,581ms] [Warning] [omni.physx.plugin] Invalid PhysX transform detected for /World/Stem/SmoothBranch_12.
2026-07-23 09:51:15 [11,581ms] [Warning] [omni.physx.plugin] Invalid PhysX transform detected for /World/Stem/SmoothBranch_13.
2026-07-23 09:51:15 [11,581ms] [Warning] [omni.physx.plugin] Invalid PhysX transform detected for /World/Stem/SmoothBranch_14.
2026-07-23 09:51:15 [11,581ms] [Warning] [omni.physx.plugin] Invalid PhysX transform detected for /World/Stem/SmoothBranch_15.
2026-07-23 09:51:15 [11,581ms] [Warning] [omni.physx.plugin] Invalid PhysX transform detected for /World/Stem/SmoothBranch_16.
2026-07-23 09:51:15 [11,581ms] [Warning] [omni.physx.plugin] Invalid PhysX transform detected for /World/Stem/SmoothBranch_17.
2026-07-23 09:51:15 [11,581ms] [Warning] [omni.physx.plugin] Invalid PhysX transform detected for /World/Stem/SmoothBranch_18.
2026-07-23 09:51:15 [11,581ms] [Warning] [omni.physx.plugin] Invalid PhysX transform detected for /World/Stem/SmoothBranch_19.
2026-07-23 09:51:15 [11,581ms] [Warning] [omni.physx.plugin] Invalid PhysX transform detected for /World/Stem/SmoothBranch_20.
2026-07-23 09:51:15 [11,581ms] [Warning] [omni.physx.plugin] Invalid PhysX transform detected for /World/Stem/SmoothBranch_21.
2026-07-23 09:51:15 [11,581ms] [Warning] [omni.physx.plugin] Invalid PhysX transform detected for /World/Stem/SmoothBranch_22.
2026-07-23 09:51:15 [11,581ms] [Warning] [omni.physx.plugin] Invalid PhysX transform detected for /World/Stem/SmoothBranch_23.
2026-07-23 09:51:15 [11,581ms] [Warning] [omni.physx.plugin] Invalid PhysX transform detected for /World/Stem/SmoothBranch_24.
2026-07-23 09:51:15 [11,581ms] [Warning] [omni.physx.plugin] Invalid PhysX transform detected for /World/Stem/Fruit_Smooth_base.
2026-07-23 09:51:15 [11,581ms] [Warning] [omni.physx.plugin] Invalid PhysX transform detected for /World/Stem/Fruit_Smooth_tip.
2026-07-23 09:51:15 [11,581ms] [Warning] [omni.physx.plugin] Invalid PhysX transform detected for /World/Stem/Fruit_Smooth.
2026-07-23 09:51:15 [11,592ms] [Warning] [omni.physx.plugin] Invalid PhysX transform detected for /World/Stem/SmoothBranch_00.
2026-07-23 09:51:15 [11,592ms] [Warning] [omni.physx.plugin] Invalid PhysX transform detected for /World/Stem/SmoothBranch_01.
2026-07-23 09:51:15 [11,592ms] [Warning] [omni.physx.plugin] Invalid PhysX transform detected for /World/Stem/SmoothBranch_02.
2026-07-23 09:51:15 [11,592ms] [Warning] [omni.physx.plugin] Invalid PhysX transform detected for /World/Stem/SmoothBranch_03.
2026-07-23 09:51:15 [11,592ms] [Warning] [omni.physx.plugin] Invalid PhysX transform detected for /World/Stem/SmoothBranch_04.
2026-07-23 09:51:15 [11,592ms] [Warning] [omni.physx.plugin] Invalid PhysX transform detected for /World/Stem/SmoothBranch_05.
2026-07-23 09:51:15 [11,592ms] [Warning] [omni.physx.plugin] Invalid PhysX transform detected for /World/Stem/SmoothBranch_06.
2026-07-23 09:51:15 [11,592ms] [Warning] [omni.physx.plugin] Invalid PhysX transform detected for /World/Stem/SmoothBranch_07.
2026-07-23 09:51:15 [11,592ms] [Warning] [omni.physx.plugin] Invalid PhysX transform detected for /World/Stem/SmoothBranch_08.
2026-07-23 09:51:15 [11,592ms] [Warning] [omni.physx.plugin] Invalid PhysX transform detected for /World/Stem/SmoothBranch_09.
2026-07-23 09:51:15 [11,592ms] [Warning] [omni.physx.plugin] Invalid PhysX transform detected for /World/Stem/SmoothBranch_10.
2026-07-23 09:51:15 [11,592ms] [Warning] [omni.physx.plugin] Invalid PhysX transform detected for /World/Stem/SmoothBranch_11.
2026-07-23 09:51:15 [11,592ms] [Warning] [omni.physx.plugin] Invalid PhysX transform detected for /World/Stem/SmoothBranch_12.
2026-07-23 09:51:15 [11,592ms] [Warning] [omni.physx.plugin] Invalid PhysX transform detected for /World/Stem/SmoothBranch_13.
2026-07-23 09:51:15 [11,592ms] [Warning] [omni.physx.plugin] Invalid PhysX transform detected for /World/Stem/SmoothBranch_14.
2026-07-23 09:51:15 [11,592ms] [Warning] [omni.physx.plugin] Invalid PhysX transform detected for /World/Stem/SmoothBranch_15.
2026-07-23 09:51:15 [11,592ms] [Warning] [omni.physx.plugin] Invalid PhysX transform detected for /World/Stem/SmoothBranch_16.
2026-07-23 09:51:15 [11,592ms] [Warning] [omni.physx.plugin] Invalid PhysX transform detected for /World/Stem/SmoothBranch_17.
2026-07-23 09:51:15 [11,592ms] [Warning] [omni.physx.plugin] Invalid PhysX transform detected for /World/Stem/SmoothBranch_18.
2026-07-23 09:51:15 [11,592ms] [Warning] [omni.physx.plugin] Invalid PhysX transform detected for /World/Stem/SmoothBranch_19.
2026-07-23 09:51:15 [11,592ms] [Warning] [omni.physx.plugin] Invalid PhysX transform detected for /World/Stem/SmoothBranch_20.
2026-07-23 09:51:15 [11,592ms] [Warning] [omni.physx.plugin] Invalid PhysX transform detected for /World/Stem/SmoothBranch_21.
2026-07-23 09:51:15 [11,592ms] [Warning] [omni.physx.plugin] Invalid PhysX transform detected for /World/Stem/SmoothBranch_22.
2026-07-23 09:51:15 [11,592ms] [Warning] [omni.physx.plugin] Invalid PhysX transform detected for /World/Stem/SmoothBranch_23.
2026-07-23 09:51:15 [11,592ms] [Warning] [omni.physx.plugin] Invalid PhysX transform detected for /World/Stem/SmoothBranch_24.
2026-07-23 09:51:15 [11,592ms] [Warning] [omni.physx.plugin] Invalid PhysX transform detected for /World/Stem/Fruit_Smooth_base.
2026-07-23 09:51:15 [11,592ms] [Warning] [omni.physx.plugin] Invalid PhysX transform detected for /World/Stem/Fruit_Smooth_tip.
2026-07-23 09:51:15 [11,592ms] [Warning] [omni.physx.plugin] Invalid PhysX transform detected for /World/Stem/Fruit_Smooth.
2026-07-23 09:51:15 [11,602ms] [Warning] [omni.physx.plugin] Invalid PhysX transform detected for /World/Stem/SmoothBranch_00.
2026-07-23 09:51:15 [11,602ms] [Warning] [omni.physx.plugin] Invalid PhysX transform detected for /World/Stem/SmoothBranch_01.
2026-07-23 09:51:15 [11,602ms] [Warning] [omni.physx.plugin] Invalid PhysX transform detected for /World/Stem/SmoothBranch_02.
2026-07-23 09:51:15 [11,603ms] [Warning] [omni.physx.plugin] Invalid PhysX transform detected for /World/Stem/SmoothBranch_03.
2026-07-23 09:51:15 [11,603ms] [Warning] [omni.physx.plugin] Invalid PhysX transform detected for /World/Stem/SmoothBranch_04.
2026-07-23 09:51:15 [11,603ms] [Warning] [omni.physx.plugin] Invalid PhysX transform detected for /World/Stem/SmoothBranch_05.
2026-07-23 09:51:15 [11,603ms] [Warning] [omni.physx.plugin] Invalid PhysX transform detected for /World/Stem/SmoothBranch_06.
2026-07-23 09:51:15 [11,603ms] [Warning] [omni.physx.plugin] Invalid PhysX transform detected for /World/Stem/SmoothBranch_07.
2026-07-23 09:51:15 [11,603ms] [Warning] [omni.physx.plugin] Invalid PhysX transform detected for /World/Stem/SmoothBranch_08.
2026-07-23 09:51:15 [11,603ms] [Warning] [omni.physx.plugin] Invalid PhysX transform detected for /World/Stem/SmoothBranch_09.
2026-07-23 09:51:15 [11,603ms] [Warning] [omni.physx.plugin] Invalid PhysX transform detected for /World/Stem/SmoothBranch_10.
2026-07-23 09:51:15 [11,603ms] [Warning] [omni.physx.plugin] Invalid PhysX transform detected for /World/Stem/SmoothBranch_11.
2026-07-23 09:51:15 [11,603ms] [Warning] [omni.physx.plugin] Invalid PhysX transform detected for /World/Stem/SmoothBranch_12.
2026-07-23 09:51:15 [11,603ms] [Warning] [omni.physx.plugin] Invalid PhysX transform detected for /World/Stem/SmoothBranch_13.
2026-07-23 09:51:15 [11,603ms] [Warning] [omni.physx.plugin] Invalid PhysX transform detected for /World/Stem/SmoothBranch_14.
2026-07-23 09:51:15 [11,603ms] [Warning] [omni.physx.plugin] Invalid PhysX transform detected for /World/Stem/SmoothBranch_15.
2026-07-23 09:51:15 [11,603ms] [Warning] [omni.physx.plugin] Invalid PhysX transform detected for /World/Stem/SmoothBranch_16.
2026-07-23 09:51:15 [11,603ms] [Warning] [omni.physx.plugin] Invalid PhysX transform detected for /World/Stem/SmoothBranch_17.
2026-07-23 09:51:15 [11,603ms] [Warning] [omni.physx.plugin] Invalid PhysX transform detected for /World/Stem/SmoothBranch_18.
2026-07-23 09:51:15 [11,603ms] [Warning] [omni.physx.plugin] Invalid PhysX transform detected for /World/Stem/SmoothBranch_19.
2026-07-23 09:51:15 [11,603ms] [Warning] [omni.physx.plugin] Invalid PhysX transform detected for /World/Stem/SmoothBranch_20.
2026-07-23 09:51:15 [11,603ms] [Warning] [omni.physx.plugin] Invalid PhysX transform detected for /World/Stem/SmoothBranch_21.
2026-07-23 09:51:15 [11,603ms] [Warning] [omni.physx.plugin] Invalid PhysX transform detected for /World/Stem/SmoothBranch_22.
2026-07-23 09:51:15 [11,603ms] [Warning] [omni.physx.plugin] Invalid PhysX transform detected for /World/Stem/SmoothBranch_23.
2026-07-23 09:51:15 [11,603ms] [Warning] [omni.physx.plugin] Invalid PhysX transform detected for /World/Stem/SmoothBranch_24.
2026-07-23 09:51:15 [11,603ms] [Warning] [omni.physx.plugin] Invalid PhysX transform detected for /World/Stem/Fruit_Smooth_base.
2026-07-23 09:51:15 [11,603ms] [Warning] [omni.physx.plugin] Invalid PhysX transform detected for /World/Stem/Fruit_Smooth_tip.
2026-07-23 09:51:15 [11,603ms] [Warning] [omni.physx.plugin] Invalid PhysX transform detected for /World/Stem/Fruit_Smooth.
2026-07-23 09:51:15 [11,613ms] [Warning] [omni.physx.plugin] Invalid PhysX transform detected for /World/Stem/SmoothBranch_00.
2026-07-23 09:51:15 [11,613ms] [Warning] [omni.physx.plugin] Invalid PhysX transform detected for /World/Stem/SmoothBranch_01.
2026-07-23 09:51:15 [11,613ms] [Warning] [omni.physx.plugin] Invalid PhysX transform detected for /World/Stem/SmoothBranch_02.
2026-07-23 09:51:15 [11,613ms] [Warning] [omni.physx.plugin] Invalid PhysX transform detected for /World/Stem/SmoothBranch_03.
2026-07-23 09:51:15 [11,613ms] [Warning] [omni.physx.plugin] Invalid PhysX transform detected for /World/Stem/SmoothBranch_04.
2026-07-23 09:51:15 [11,613ms] [Warning] [omni.physx.plugin] Invalid PhysX transform detected for /World/Stem/SmoothBranch_05.
2026-07-23 09:51:15 [11,613ms] [Warning] [omni.physx.plugin] Invalid PhysX transform detected for /World/Stem/SmoothBranch_06.
2026-07-23 09:51:15 [11,613ms] [Warning] [omni.physx.plugin] Invalid PhysX transform detected for /World/Stem/SmoothBranch_07.
2026-07-23 09:51:15 [11,614ms] [Warning] [omni.physx.plugin] Invalid PhysX transform detected for /World/Stem/SmoothBranch_08.
2026-07-23 09:51:15 [11,614ms] [Warning] [omni.physx.plugin] Invalid PhysX transform detected for /World/Stem/SmoothBranch_09.
2026-07-23 09:51:15 [11,614ms] [Warning] [omni.physx.plugin] Invalid PhysX transform detected for /World/Stem/SmoothBranch_10.
2026-07-23 09:51:15 [11,614ms] [Warning] [omni.physx.plugin] Invalid PhysX transform detected for /World/Stem/SmoothBranch_11.
2026-07-23 09:51:15 [11,614ms] [Warning] [omni.physx.plugin] Invalid PhysX transform detected for /World/Stem/SmoothBranch_12.
2026-07-23 09:51:15 [11,614ms] [Warning] [omni.physx.plugin] Invalid PhysX transform detected for /World/Stem/SmoothBranch_13.
2026-07-23 09:51:15 [11,614ms] [Warning] [omni.physx.plugin] Invalid PhysX transform detected for /World/Stem/SmoothBranch_14.
2026-07-23 09:51:15 [11,614ms] [Warning] [omni.physx.plugin] Invalid PhysX transform detected for /World/Stem/SmoothBranch_15.
2026-07-23 09:51:15 [11,614ms] [Warning] [omni.physx.plugin] Invalid PhysX transform detected for /World/Stem/SmoothBranch_16.
2026-07-23 09:51:15 [11,614ms] [Warning] [omni.physx.plugin] Invalid PhysX transform detected for /World/Stem/SmoothBranch_17.
2026-07-23 09:51:15 [11,614ms] [Warning] [omni.physx.plugin] Invalid PhysX transform detected for /World/Stem/SmoothBranch_18.
2026-07-23 09:51:15 [11,614ms] [Warning] [omni.physx.plugin] Invalid PhysX transform detected for /World/Stem/SmoothBranch_19.
2026-07-23 09:51:15 [11,614ms] [Warning] [omni.physx.plugin] Invalid PhysX transform detected for /World/Stem/SmoothBranch_20.
2026-07-23 09:51:15 [11,614ms] [Warning] [omni.physx.plugin] Invalid PhysX transform detected for /World/Stem/SmoothBranch_21.
2026-07-23 09:51:15 [11,614ms] [Warning] [omni.physx.plugin] Invalid PhysX transform detected for /World/Stem/SmoothBranch_22.
2026-07-23 09:51:15 [11,614ms] [Warning] [omni.physx.plugin] Invalid PhysX transform detected for /World/Stem/SmoothBranch_23.
2026-07-23 09:51:15 [11,614ms] [Warning] [omni.physx.plugin] Invalid PhysX transform detected for /World/Stem/SmoothBranch_24.
2026-07-23 09:51:15 [11,614ms] [Warning] [omni.physx.plugin] Invalid PhysX transform detected for /World/Stem/Fruit_Smooth_base.
2026-07-23 09:51:15 [11,614ms] [Warning] [omni.physx.plugin] Invalid PhysX transform detected for /World/Stem/Fruit_Smooth_tip.
2026-07-23 09:51:15 [11,614ms] [Warning] [omni.physx.plugin] Invalid PhysX transform detected for /World/Stem/Fruit_Smooth.
2026-07-23 09:51:15 [11,624ms] [Warning] [omni.physx.plugin] Invalid PhysX transform detected for /World/Stem/SmoothBranch_00.
2026-07-23 09:51:15 [11,624ms] [Warning] [omni.physx.plugin] Invalid PhysX transform detected for /World/Stem/SmoothBranch_01.
2026-07-23 09:51:15 [11,624ms] [Warning] [omni.physx.plugin] Invalid PhysX transform detected for /World/Stem/SmoothBranch_02.
2026-07-23 09:51:15 [11,624ms] [Warning] [omni.physx.plugin] Invalid PhysX transform detected for /World/Stem/SmoothBranch_03.
2026-07-23 09:51:15 [11,624ms] [Warning] [omni.physx.plugin] Invalid PhysX transform detected for /World/Stem/SmoothBranch_04.
2026-07-23 09:51:15 [11,624ms] [Warning] [omni.physx.plugin] Invalid PhysX transform detected for /World/Stem/SmoothBranch_05.
2026-07-23 09:51:15 [11,624ms] [Warning] [omni.physx.plugin] Invalid PhysX transform detected for /World/Stem/SmoothBranch_06.
2026-07-23 09:51:15 [11,624ms] [Warning] [omni.physx.plugin] Invalid PhysX transform detected for /World/Stem/SmoothBranch_07.
2026-07-23 09:51:15 [11,624ms] [Warning] [omni.physx.plugin] Invalid PhysX transform detected for /World/Stem/SmoothBranch_08.
2026-07-23 09:51:15 [11,624ms] [Warning] [omni.physx.plugin] Invalid PhysX transform detected for /World/Stem/SmoothBranch_09.
2026-07-23 09:51:15 [11,624ms] [Warning] [omni.physx.plugin] Invalid PhysX transform detected for /World/Stem/SmoothBranch_10.
2026-07-23 09:51:15 [11,624ms] [Warning] [omni.physx.plugin] Invalid PhysX transform detected for /World/Stem/SmoothBranch_11.
2026-07-23 09:51:15 [11,624ms] [Warning] [omni.physx.plugin] Invalid PhysX transform detected for /World/Stem/SmoothBranch_12.
2026-07-23 09:51:15 [11,624ms] [Warning] [omni.physx.plugin] Invalid PhysX transform detected for /World/Stem/SmoothBranch_13.
2026-07-23 09:51:15 [11,624ms] [Warning] [omni.physx.plugin] Invalid PhysX transform detected for /World/Stem/SmoothBranch_14.
2026-07-23 09:51:15 [11,624ms] [Warning] [omni.physx.plugin] Invalid PhysX transform detected for /World/Stem/SmoothBranch_15.
2026-07-23 09:51:15 [11,624ms] [Warning] [omni.physx.plugin] Invalid PhysX transform detected for /World/Stem/SmoothBranch_16.
2026-07-23 09:51:15 [11,624ms] [Warning] [omni.physx.plugin] Invalid PhysX transform detected for /World/Stem/SmoothBranch_17.
2026-07-23 09:51:15 [11,624ms] [Warning] [omni.physx.plugin] Invalid PhysX transform detected for /World/Stem/SmoothBranch_18.
2026-07-23 09:51:15 [11,624ms] [Warning] [omni.physx.plugin] Invalid PhysX transform detected for /World/Stem/SmoothBranch_19.
2026-07-23 09:51:15 [11,624ms] [Warning] [omni.physx.plugin] Invalid PhysX transform detected for /World/Stem/SmoothBranch_20.
2026-07-23 09:51:15 [11,624ms] [Warning] [omni.physx.plugin] Invalid PhysX transform detected for /World/Stem/SmoothBranch_21.
2026-07-23 09:51:15 [11,624ms] [Warning] [omni.physx.plugin] Invalid PhysX transform detected for /World/Stem/SmoothBranch_22.
2026-07-23 09:51:15 [11,624ms] [Warning] [omni.physx.plugin] Invalid PhysX transform detected for /World/Stem/SmoothBranch_23.
2026-07-23 09:51:15 [11,624ms] [Warning] [omni.physx.plugin] Invalid PhysX transform detected for /World/Stem/SmoothBranch_24.
2026-07-23 09:51:15 [11,624ms] [Warning] [omni.physx.plugin] Invalid PhysX transform detected for /World/Stem/Fruit_Smooth_base.
2026-07-23 09:51:15 [11,624ms] [Warning] [omni.physx.plugin] Invalid PhysX transform detected for /World/Stem/Fruit_Smooth_tip.
2026-07-23 09:51:15 [11,624ms] [Warning] [omni.physx.plugin] Invalid PhysX transform detected for /World/Stem/Fruit_Smooth.
2026-07-23 09:51:15 [11,635ms] [Warning] [omni.physx.plugin] Invalid PhysX transform detected for /World/Stem/SmoothBranch_00.
2026-07-23 09:51:15 [11,635ms] [Warning] [omni.physx.plugin] Invalid PhysX transform detected for /World/Stem/SmoothBranch_01.
2026-07-23 09:51:15 [11,635ms] [Warning] [omni.physx.plugin] Invalid PhysX transform detected for /World/Stem/SmoothBranch_02.
2026-07-23 09:51:15 [11,635ms] [Warning] [omni.physx.plugin] Invalid PhysX transform detected for /World/Stem/SmoothBranch_03.
2026-07-23 09:51:15 [11,635ms] [Warning] [omni.physx.plugin] Invalid PhysX transform detected for /World/Stem/SmoothBranch_04.
2026-07-23 09:51:15 [11,635ms] [Warning] [omni.physx.plugin] Invalid PhysX transform detected for /World/Stem/SmoothBranch_05.
2026-07-23 09:51:15 [11,635ms] [Warning] [omni.physx.plugin] Invalid PhysX transform detected for /World/Stem/SmoothBranch_06.
2026-07-23 09:51:15 [11,635ms] [Warning] [omni.physx.plugin] Invalid PhysX transform detected for /World/Stem/SmoothBranch_07.
2026-07-23 09:51:15 [11,635ms] [Warning] [omni.physx.plugin] Invalid PhysX transform detected for /World/Stem/SmoothBranch_08.
2026-07-23 09:51:15 [11,635ms] [Warning] [omni.physx.plugin] Invalid PhysX transform detected for /World/Stem/SmoothBranch_09.
2026-07-23 09:51:15 [11,635ms] [Warning] [omni.physx.plugin] Invalid PhysX transform detected for /World/Stem/SmoothBranch_10.
2026-07-23 09:51:15 [11,635ms] [Warning] [omni.physx.plugin] Invalid PhysX transform detected for /World/Stem/SmoothBranch_11.
2026-07-23 09:51:15 [11,635ms] [Warning] [omni.physx.plugin] Invalid PhysX transform detected for /World/Stem/SmoothBranch_12.
2026-07-23 09:51:15 [11,635ms] [Warning] [omni.physx.plugin] Invalid PhysX transform detected for /World/Stem/SmoothBranch_13.
2026-07-23 09:51:15 [11,635ms] [Warning] [omni.physx.plugin] Invalid PhysX transform detected for /World/Stem/SmoothBranch_14.
2026-07-23 09:51:15 [11,635ms] [Warning] [omni.physx.plugin] Invalid PhysX transform detected for /World/Stem/SmoothBranch_15.
2026-07-23 09:51:15 [11,635ms] [Warning] [omni.physx.plugin] Invalid PhysX transform detected for /World/Stem/SmoothBranch_16.
2026-07-23 09:51:15 [11,635ms] [Warning] [omni.physx.plugin] Invalid PhysX transform detected for /World/Stem/SmoothBranch_17.
2026-07-23 09:51:15 [11,635ms] [Warning] [omni.physx.plugin] Invalid PhysX transform detected for /World/Stem/SmoothBranch_18.
2026-07-23 09:51:15 [11,635ms] [Warning] [omni.physx.plugin] Invalid PhysX transform detected for /World/Stem/SmoothBranch_19.
2026-07-23 09:51:15 [11,635ms] [Warning] [omni.physx.plugin] Invalid PhysX transform detected for /World/Stem/SmoothBranch_20.
2026-07-23 09:51:15 [11,635ms] [Warning] [omni.physx.plugin] Invalid PhysX transform detected for /World/Stem/SmoothBranch_21.
2026-07-23 09:51:15 [11,635ms] [Warning] [omni.physx.plugin] Invalid PhysX transform detected for /World/Stem/SmoothBranch_22.
2026-07-23 09:51:15 [11,635ms] [Warning] [omni.physx.plugin] Invalid PhysX transform detected for /World/Stem/SmoothBranch_23.
2026-07-23 09:51:15 [11,635ms] [Warning] [omni.physx.plugin] Invalid PhysX transform detected for /World/Stem/SmoothBranch_24.
2026-07-23 09:51:15 [11,635ms] [Warning] [omni.physx.plugin] Invalid PhysX transform detected for /World/Stem/Fruit_Smooth_base.
2026-07-23 09:51:15 [11,635ms] [Warning] [omni.physx.plugin] Invalid PhysX transform detected for /World/Stem/Fruit_Smooth_tip.
2026-07-23 09:51:15 [11,635ms] [Warning] [omni.physx.plugin] Invalid PhysX transform detected for /World/Stem/Fruit_Smooth.
2026-07-23 09:51:15 [11,646ms] [Warning] [omni.physx.plugin] Invalid PhysX transform detected for /World/Stem/SmoothBranch_00.
2026-07-23 09:51:15 [11,646ms] [Warning] [omni.physx.plugin] Invalid PhysX transform detected for /World/Stem/SmoothBranch_01.
2026-07-23 09:51:15 [11,646ms] [Warning] [omni.physx.plugin] Invalid PhysX transform detected for /World/Stem/SmoothBranch_02.
2026-07-23 09:51:15 [11,646ms] [Warning] [omni.physx.plugin] Invalid PhysX transform detected for /World/Stem/SmoothBranch_03.
2026-07-23 09:51:15 [11,646ms] [Warning] [omni.physx.plugin] Invalid PhysX transform detected for /World/Stem/SmoothBranch_04.
2026-07-23 09:51:15 [11,646ms] [Warning] [omni.physx.plugin] Invalid PhysX transform detected for /World/Stem/SmoothBranch_05.
2026-07-23 09:51:15 [11,646ms] [Warning] [omni.physx.plugin] Invalid PhysX transform detected for /World/Stem/SmoothBranch_06.
2026-07-23 09:51:15 [11,646ms] [Warning] [omni.physx.plugin] Invalid PhysX transform detected for /World/Stem/SmoothBranch_07.
2026-07-23 09:51:15 [11,646ms] [Warning] [omni.physx.plugin] Invalid PhysX transform detected for /World/Stem/SmoothBranch_08.
2026-07-23 09:51:15 [11,646ms] [Warning] [omni.physx.plugin] Invalid PhysX transform detected for /World/Stem/SmoothBranch_09.
2026-07-23 09:51:15 [11,646ms] [Warning] [omni.physx.plugin] Invalid PhysX transform detected for /World/Stem/SmoothBranch_10.
2026-07-23 09:51:15 [11,646ms] [Warning] [omni.physx.plugin] Invalid PhysX transform detected for /World/Stem/SmoothBranch_11.
2026-07-23 09:51:15 [11,646ms] [Warning] [omni.physx.plugin] Invalid PhysX transform detected for /World/Stem/SmoothBranch_12.
2026-07-23 09:51:15 [11,646ms] [Warning] [omni.physx.plugin] Invalid PhysX transform detected for /World/Stem/SmoothBranch_13.
2026-07-23 09:51:15 [11,646ms] [Warning] [omni.physx.plugin] Invalid PhysX transform detected for /World/Stem/SmoothBranch_14.
2026-07-23 09:51:15 [11,646ms] [Warning] [omni.physx.plugin] Invalid PhysX transform detected for /World/Stem/SmoothBranch_15.
2026-07-23 09:51:15 [11,646ms] [Warning] [omni.physx.plugin] Invalid PhysX transform detected for /World/Stem/SmoothBranch_16.
2026-07-23 09:51:15 [11,646ms] [Warning] [omni.physx.plugin] Invalid PhysX transform detected for /World/Stem/SmoothBranch_17.
2026-07-23 09:51:15 [11,646ms] [Warning] [omni.physx.plugin] Invalid PhysX transform detected for /World/Stem/SmoothBranch_18.
2026-07-23 09:51:15 [11,646ms] [Warning] [omni.physx.plugin] Invalid PhysX transform detected for /World/Stem/SmoothBranch_19.
2026-07-23 09:51:15 [11,646ms] [Warning] [omni.physx.plugin] Invalid PhysX transform detected for /World/Stem/SmoothBranch_20.
2026-07-23 09:51:15 [11,646ms] [Warning] [omni.physx.plugin] Invalid PhysX transform detected for /World/Stem/SmoothBranch_21.
2026-07-23 09:51:15 [11,646ms] [Warning] [omni.physx.plugin] Invalid PhysX transform detected for /World/Stem/SmoothBranch_22.
2026-07-23 09:51:15 [11,646ms] [Warning] [omni.physx.plugin] Invalid PhysX transform detected for /World/Stem/SmoothBranch_23.
2026-07-23 09:51:15 [11,646ms] [Warning] [omni.physx.plugin] Invalid PhysX transform detected for /World/Stem/SmoothBranch_24.
2026-07-23 09:51:15 [11,646ms] [Warning] [omni.physx.plugin] Invalid PhysX transform detected for /World/Stem/Fruit_Smooth_base.
2026-07-23 09:51:15 [11,646ms] [Warning] [omni.physx.plugin] Invalid PhysX transform detected for /World/Stem/Fruit_Smooth_tip.
2026-07-23 09:51:15 [11,646ms] [Warning] [omni.physx.plugin] Invalid PhysX transform detected for /World/Stem/Fruit_Smooth.
2026-07-23 09:51:15 [11,657ms] [Warning] [omni.physx.plugin] Invalid PhysX transform detected for /World/Stem/SmoothBranch_00.
2026-07-23 09:51:15 [11,657ms] [Warning] [omni.physx.plugin] Invalid PhysX transform detected for /World/Stem/SmoothBranch_01.
2026-07-23 09:51:15 [11,657ms] [Warning] [omni.physx.plugin] Invalid PhysX transform detected for /World/Stem/SmoothBranch_02.
2026-07-23 09:51:15 [11,657ms] [Warning] [omni.physx.plugin] Invalid PhysX transform detected for /World/Stem/SmoothBranch_03.
2026-07-23 09:51:15 [11,657ms] [Warning] [omni.physx.plugin] Invalid PhysX transform detected for /World/Stem/SmoothBranch_04.
2026-07-23 09:51:15 [11,657ms] [Warning] [omni.physx.plugin] Invalid PhysX transform detected for /World/Stem/SmoothBranch_05.
2026-07-23 09:51:15 [11,657ms] [Warning] [omni.physx.plugin] Invalid PhysX transform detected for /World/Stem/SmoothBranch_06.
2026-07-23 09:51:15 [11,657ms] [Warning] [omni.physx.plugin] Invalid PhysX transform detected for /World/Stem/SmoothBranch_07.
2026-07-23 09:51:15 [11,657ms] [Warning] [omni.physx.plugin] Invalid PhysX transform detected for /World/Stem/SmoothBranch_08.
2026-07-23 09:51:15 [11,657ms] [Warning] [omni.physx.plugin] Invalid PhysX transform detected for /World/Stem/SmoothBranch_09.
2026-07-23 09:51:15 [11,657ms] [Warning] [omni.physx.plugin] Invalid PhysX transform detected for /World/Stem/SmoothBranch_10.
2026-07-23 09:51:15 [11,657ms] [Warning] [omni.physx.plugin] Invalid PhysX transform detected for /World/Stem/SmoothBranch_11.
2026-07-23 09:51:15 [11,657ms] [Warning] [omni.physx.plugin] Invalid PhysX transform detected for /World/Stem/SmoothBranch_12.
2026-07-23 09:51:15 [11,657ms] [Warning] [omni.physx.plugin] Invalid PhysX transform detected for /World/Stem/SmoothBranch_13.
2026-07-23 09:51:15 [11,657ms] [Warning] [omni.physx.plugin] Invalid PhysX transform detected for /World/Stem/SmoothBranch_14.
2026-07-23 09:51:15 [11,657ms] [Warning] [omni.physx.plugin] Invalid PhysX transform detected for /World/Stem/SmoothBranch_15.
2026-07-23 09:51:15 [11,657ms] [Warning] [omni.physx.plugin] Invalid PhysX transform detected for /World/Stem/SmoothBranch_16.
2026-07-23 09:51:15 [11,657ms] [Warning] [omni.physx.plugin] Invalid PhysX transform detected for /World/Stem/SmoothBranch_17.
2026-07-23 09:51:15 [11,657ms] [Warning] [omni.physx.plugin] Invalid PhysX transform detected for /World/Stem/SmoothBranch_18.
2026-07-23 09:51:15 [11,657ms] [Warning] [omni.physx.plugin] Invalid PhysX transform detected for /World/Stem/SmoothBranch_19.
2026-07-23 09:51:15 [11,657ms] [Warning] [omni.physx.plugin] Invalid PhysX transform detected for /World/Stem/SmoothBranch_20.
2026-07-23 09:51:15 [11,657ms] [Warning] [omni.physx.plugin] Invalid PhysX transform detected for /World/Stem/SmoothBranch_21.
2026-07-23 09:51:15 [11,657ms] [Warning] [omni.physx.plugin] Invalid PhysX transform detected for /World/Stem/SmoothBranch_22.
2026-07-23 09:51:15 [11,657ms] [Warning] [omni.physx.plugin] Invalid PhysX transform detected for /World/Stem/SmoothBranch_23.
2026-07-23 09:51:15 [11,657ms] [Warning] [omni.physx.plugin] Invalid PhysX transform detected for /World/Stem/SmoothBranch_24.
2026-07-23 09:51:15 [11,657ms] [Warning] [omni.physx.plugin] Invalid PhysX transform detected for /World/Stem/Fruit_Smooth_base.
2026-07-23 09:51:15 [11,657ms] [Warning] [omni.physx.plugin] Invalid PhysX transform detected for /World/Stem/Fruit_Smooth_tip.
2026-07-23 09:51:15 [11,657ms] [Warning] [omni.physx.plugin] Invalid PhysX transform detected for /World/Stem/Fruit_Smooth.
2026-07-23 09:51:15 [11,667ms] [Warning] [omni.physx.plugin] Invalid PhysX transform detected for /World/Stem/SmoothBranch_00.
2026-07-23 09:51:15 [11,667ms] [Warning] [omni.physx.plugin] Invalid PhysX transform detected for /World/Stem/SmoothBranch_01.
2026-07-23 09:51:15 [11,667ms] [Warning] [omni.physx.plugin] Invalid PhysX transform detected for /World/Stem/SmoothBranch_02.
2026-07-23 09:51:15 [11,667ms] [Warning] [omni.physx.plugin] Invalid PhysX transform detected for /World/Stem/SmoothBranch_03.
2026-07-23 09:51:15 [11,667ms] [Warning] [omni.physx.plugin] Invalid PhysX transform detected for /World/Stem/SmoothBranch_04.
2026-07-23 09:51:15 [11,667ms] [Warning] [omni.physx.plugin] Invalid PhysX transform detected for /World/Stem/SmoothBranch_05.
2026-07-23 09:51:15 [11,667ms] [Warning] [omni.physx.plugin] Invalid PhysX transform detected for /World/Stem/SmoothBranch_06.
2026-07-23 09:51:15 [11,667ms] [Warning] [omni.physx.plugin] Invalid PhysX transform detected for /World/Stem/SmoothBranch_07.
2026-07-23 09:51:15 [11,667ms] [Warning] [omni.physx.plugin] Invalid PhysX transform detected for /World/Stem/SmoothBranch_08.
2026-07-23 09:51:15 [11,667ms] [Warning] [omni.physx.plugin] Invalid PhysX transform detected for /World/Stem/SmoothBranch_09.
2026-07-23 09:51:15 [11,667ms] [Warning] [omni.physx.plugin] Invalid PhysX transform detected for /World/Stem/SmoothBranch_10.
2026-07-23 09:51:15 [11,667ms] [Warning] [omni.physx.plugin] Invalid PhysX transform detected for /World/Stem/SmoothBranch_11.
2026-07-23 09:51:15 [11,667ms] [Warning] [omni.physx.plugin] Invalid PhysX transform detected for /World/Stem/SmoothBranch_12.
2026-07-23 09:51:15 [11,667ms] [Warning] [omni.physx.plugin] Invalid PhysX transform detected for /World/Stem/SmoothBranch_13.
2026-07-23 09:51:15 [11,668ms] [Warning] [omni.physx.plugin] Invalid PhysX transform detected for /World/Stem/SmoothBranch_14.
2026-07-23 09:51:15 [11,668ms] [Warning] [omni.physx.plugin] Invalid PhysX transform detected for /World/Stem/SmoothBranch_15.
2026-07-23 09:51:15 [11,668ms] [Warning] [omni.physx.plugin] Invalid PhysX transform detected for /World/Stem/SmoothBranch_16.
2026-07-23 09:51:15 [11,668ms] [Warning] [omni.physx.plugin] Invalid PhysX transform detected for /World/Stem/SmoothBranch_17.
2026-07-23 09:51:15 [11,668ms] [Warning] [omni.physx.plugin] Invalid PhysX transform detected for /World/Stem/SmoothBranch_18.
2026-07-23 09:51:15 [11,668ms] [Warning] [omni.physx.plugin] Invalid PhysX transform detected for /World/Stem/SmoothBranch_19.
2026-07-23 09:51:15 [11,668ms] [Warning] [omni.physx.plugin] Invalid PhysX transform detected for /World/Stem/SmoothBranch_20.
2026-07-23 09:51:15 [11,668ms] [Warning] [omni.physx.plugin] Invalid PhysX transform detected for /World/Stem/SmoothBranch_21.
2026-07-23 09:51:15 [11,668ms] [Warning] [omni.physx.plugin] Invalid PhysX transform detected for /World/Stem/SmoothBranch_22.
2026-07-23 09:51:15 [11,668ms] [Warning] [omni.physx.plugin] Invalid PhysX transform detected for /World/Stem/SmoothBranch_23.
2026-07-23 09:51:15 [11,668ms] [Warning] [omni.physx.plugin] Invalid PhysX transform detected for /World/Stem/SmoothBranch_24.
2026-07-23 09:51:15 [11,668ms] [Warning] [omni.physx.plugin] Invalid PhysX transform detected for /World/Stem/Fruit_Smooth_base.
2026-07-23 09:51:15 [11,668ms] [Warning] [omni.physx.plugin] Invalid PhysX transform detected for /World/Stem/Fruit_Smooth_tip.
2026-07-23 09:51:15 [11,668ms] [Warning] [omni.physx.plugin] Invalid PhysX transform detected for /World/Stem/Fruit_Smooth.
2026-07-23 09:51:15 [11,679ms] [Warning] [omni.physx.plugin] Invalid PhysX transform detected for /World/Stem/SmoothBranch_00.
2026-07-23 09:51:15 [11,679ms] [Warning] [omni.physx.plugin] Invalid PhysX transform detected for /World/Stem/SmoothBranch_01.
2026-07-23 09:51:15 [11,679ms] [Warning] [omni.physx.plugin] Invalid PhysX transform detected for /World/Stem/SmoothBranch_02.
2026-07-23 09:51:15 [11,679ms] [Warning] [omni.physx.plugin] Invalid PhysX transform detected for /World/Stem/SmoothBranch_03.
2026-07-23 09:51:15 [11,679ms] [Warning] [omni.physx.plugin] Invalid PhysX transform detected for /World/Stem/SmoothBranch_04.
2026-07-23 09:51:15 [11,679ms] [Warning] [omni.physx.plugin] Invalid PhysX transform detected for /World/Stem/SmoothBranch_05.
2026-07-23 09:51:15 [11,679ms] [Warning] [omni.physx.plugin] Invalid PhysX transform detected for /World/Stem/SmoothBranch_06.
2026-07-23 09:51:15 [11,679ms] [Warning] [omni.physx.plugin] Invalid PhysX transform detected for /World/Stem/SmoothBranch_07.
2026-07-23 09:51:15 [11,679ms] [Warning] [omni.physx.plugin] Invalid PhysX transform detected for /World/Stem/SmoothBranch_08.
2026-07-23 09:51:15 [11,679ms] [Warning] [omni.physx.plugin] Invalid PhysX transform detected for /World/Stem/SmoothBranch_09.
2026-07-23 09:51:15 [11,679ms] [Warning] [omni.physx.plugin] Invalid PhysX transform detected for /World/Stem/SmoothBranch_10.
2026-07-23 09:51:15 [11,679ms] [Warning] [omni.physx.plugin] Invalid PhysX transform detected for /World/Stem/SmoothBranch_11.
2026-07-23 09:51:15 [11,679ms] [Warning] [omni.physx.plugin] Invalid PhysX transform detected for /World/Stem/SmoothBranch_12.
2026-07-23 09:51:15 [11,679ms] [Warning] [omni.physx.plugin] Invalid PhysX transform detected for /World/Stem/SmoothBranch_13.
2026-07-23 09:51:15 [11,679ms] [Warning] [omni.physx.plugin] Invalid PhysX transform detected for /World/Stem/SmoothBranch_14.
2026-07-23 09:51:15 [11,679ms] [Warning] [omni.physx.plugin] Invalid PhysX transform detected for /World/Stem/SmoothBranch_15.
2026-07-23 09:51:15 [11,679ms] [Warning] [omni.physx.plugin] Invalid PhysX transform detected for /World/Stem/SmoothBranch_16.
2026-07-23 09:51:15 [11,679ms] [Warning] [omni.physx.plugin] Invalid PhysX transform detected for /World/Stem/SmoothBranch_17.
2026-07-23 09:51:15 [11,679ms] [Warning] [omni.physx.plugin] Invalid PhysX transform detected for /World/Stem/SmoothBranch_18.
2026-07-23 09:51:15 [11,679ms] [Warning] [omni.physx.plugin] Invalid PhysX transform detected for /World/Stem/SmoothBranch_19.
2026-07-23 09:51:15 [11,679ms] [Warning] [omni.physx.plugin] Invalid PhysX transform detected for /World/Stem/SmoothBranch_20.
2026-07-23 09:51:15 [11,679ms] [Warning] [omni.physx.plugin] Invalid PhysX transform detected for /World/Stem/SmoothBranch_21.
2026-07-23 09:51:15 [11,679ms] [Warning] [omni.physx.plugin] Invalid PhysX transform detected for /World/Stem/SmoothBranch_22.
2026-07-23 09:51:15 [11,679ms] [Warning] [omni.physx.plugin] Invalid PhysX transform detected for /World/Stem/SmoothBranch_23.
2026-07-23 09:51:15 [11,679ms] [Warning] [omni.physx.plugin] Invalid PhysX transform detected for /World/Stem/SmoothBranch_24.
2026-07-23 09:51:15 [11,679ms] [Warning] [omni.physx.plugin] Invalid PhysX transform detected for /World/Stem/Fruit_Smooth_base.
2026-07-23 09:51:15 [11,679ms] [Warning] [omni.physx.plugin] Invalid PhysX transform detected for /World/Stem/Fruit_Smooth_tip.
2026-07-23 09:51:15 [11,679ms] [Warning] [omni.physx.plugin] Invalid PhysX transform detected for /World/Stem/Fruit_Smooth.
2026-07-23 09:51:15 [11,690ms] [Warning] [omni.physx.plugin] Invalid PhysX transform detected for /World/Stem/SmoothBranch_00.
2026-07-23 09:51:15 [11,690ms] [Warning] [omni.physx.plugin] Invalid PhysX transform detected for /World/Stem/SmoothBranch_01.
2026-07-23 09:51:15 [11,690ms] [Warning] [omni.physx.plugin] Invalid PhysX transform detected for /World/Stem/SmoothBranch_02.
2026-07-23 09:51:15 [11,690ms] [Warning] [omni.physx.plugin] Invalid PhysX transform detected for /World/Stem/SmoothBranch_03.
2026-07-23 09:51:15 [11,690ms] [Warning] [omni.physx.plugin] Invalid PhysX transform detected for /World/Stem/SmoothBranch_04.
2026-07-23 09:51:15 [11,690ms] [Warning] [omni.physx.plugin] Invalid PhysX transform detected for /World/Stem/SmoothBranch_05.
2026-07-23 09:51:15 [11,690ms] [Warning] [omni.physx.plugin] Invalid PhysX transform detected for /World/Stem/SmoothBranch_06.
2026-07-23 09:51:15 [11,690ms] [Warning] [omni.physx.plugin] Invalid PhysX transform detected for /World/Stem/SmoothBranch_07.
2026-07-23 09:51:15 [11,690ms] [Warning] [omni.physx.plugin] Invalid PhysX transform detected for /World/Stem/SmoothBranch_08.
2026-07-23 09:51:15 [11,690ms] [Warning] [omni.physx.plugin] Invalid PhysX transform detected for /World/Stem/SmoothBranch_09.
2026-07-23 09:51:15 [11,690ms] [Warning] [omni.physx.plugin] Invalid PhysX transform detected for /World/Stem/SmoothBranch_10.
2026-07-23 09:51:15 [11,690ms] [Warning] [omni.physx.plugin] Invalid PhysX transform detected for /World/Stem/SmoothBranch_11.
2026-07-23 09:51:15 [11,690ms] [Warning] [omni.physx.plugin] Invalid PhysX transform detected for /World/Stem/SmoothBranch_12.
2026-07-23 09:51:15 [11,690ms] [Warning] [omni.physx.plugin] Invalid PhysX transform detected for /World/Stem/SmoothBranch_13.
2026-07-23 09:51:15 [11,690ms] [Warning] [omni.physx.plugin] Invalid PhysX transform detected for /World/Stem/SmoothBranch_14.
2026-07-23 09:51:15 [11,690ms] [Warning] [omni.physx.plugin] Invalid PhysX transform detected for /World/Stem/SmoothBranch_15.
2026-07-23 09:51:15 [11,690ms] [Warning] [omni.physx.plugin] Invalid PhysX transform detected for /World/Stem/SmoothBranch_16.
2026-07-23 09:51:15 [11,690ms] [Warning] [omni.physx.plugin] Invalid PhysX transform detected for /World/Stem/SmoothBranch_17.
2026-07-23 09:51:15 [11,690ms] [Warning] [omni.physx.plugin] Invalid PhysX transform detected for /World/Stem/SmoothBranch_18.
2026-07-23 09:51:15 [11,690ms] [Warning] [omni.physx.plugin] Invalid PhysX transform detected for /World/Stem/SmoothBranch_19.
2026-07-23 09:51:15 [11,690ms] [Warning] [omni.physx.plugin] Invalid PhysX transform detected for /World/Stem/SmoothBranch_20.
2026-07-23 09:51:15 [11,690ms] [Warning] [omni.physx.plugin] Invalid PhysX transform detected for /World/Stem/SmoothBranch_21.
2026-07-23 09:51:15 [11,690ms] [Warning] [omni.physx.plugin] Invalid PhysX transform detected for /World/Stem/SmoothBranch_22.
2026-07-23 09:51:15 [11,690ms] [Warning] [omni.physx.plugin] Invalid PhysX transform detected for /World/Stem/SmoothBranch_23.
2026-07-23 09:51:15 [11,690ms] [Warning] [omni.physx.plugin] Invalid PhysX transform detected for /World/Stem/SmoothBranch_24.
2026-07-23 09:51:15 [11,690ms] [Warning] [omni.physx.plugin] Invalid PhysX transform detected for /World/Stem/Fruit_Smooth_base.
2026-07-23 09:51:15 [11,690ms] [Warning] [omni.physx.plugin] Invalid PhysX transform detected for /World/Stem/Fruit_Smooth_tip.
2026-07-23 09:51:15 [11,690ms] [Warning] [omni.physx.plugin] Invalid PhysX transform detected for /World/Stem/Fruit_Smooth.
2026-07-23 09:51:15 [11,700ms] [Warning] [omni.physx.plugin] Invalid PhysX transform detected for /World/Stem/SmoothBranch_00.
2026-07-23 09:51:15 [11,700ms] [Warning] [omni.physx.plugin] Invalid PhysX transform detected for /World/Stem/SmoothBranch_01.
2026-07-23 09:51:15 [11,700ms] [Warning] [omni.physx.plugin] Invalid PhysX transform detected for /World/Stem/SmoothBranch_02.
2026-07-23 09:51:15 [11,700ms] [Warning] [omni.physx.plugin] Invalid PhysX transform detected for /World/Stem/SmoothBranch_03.
2026-07-23 09:51:15 [11,700ms] [Warning] [omni.physx.plugin] Invalid PhysX transform detected for /World/Stem/SmoothBranch_04.
2026-07-23 09:51:15 [11,700ms] [Warning] [omni.physx.plugin] Invalid PhysX transform detected for /World/Stem/SmoothBranch_05.
2026-07-23 09:51:15 [11,700ms] [Warning] [omni.physx.plugin] Invalid PhysX transform detected for /World/Stem/SmoothBranch_06.
2026-07-23 09:51:15 [11,700ms] [Warning] [omni.physx.plugin] Invalid PhysX transform detected for /World/Stem/SmoothBranch_07.
2026-07-23 09:51:15 [11,700ms] [Warning] [omni.physx.plugin] Invalid PhysX transform detected for /World/Stem/SmoothBranch_08.
2026-07-23 09:51:15 [11,700ms] [Warning] [omni.physx.plugin] Invalid PhysX transform detected for /World/Stem/SmoothBranch_09.
2026-07-23 09:51:15 [11,700ms] [Warning] [omni.physx.plugin] Invalid PhysX transform detected for /World/Stem/SmoothBranch_10.
2026-07-23 09:51:15 [11,700ms] [Warning] [omni.physx.plugin] Invalid PhysX transform detected for /World/Stem/SmoothBranch_11.
2026-07-23 09:51:15 [11,700ms] [Warning] [omni.physx.plugin] Invalid PhysX transform detected for /World/Stem/SmoothBranch_12.
2026-07-23 09:51:15 [11,701ms] [Warning] [omni.physx.plugin] Invalid PhysX transform detected for /World/Stem/SmoothBranch_13.
2026-07-23 09:51:15 [11,701ms] [Warning] [omni.physx.plugin] Invalid PhysX transform detected for /World/Stem/SmoothBranch_14.
2026-07-23 09:51:15 [11,701ms] [Warning] [omni.physx.plugin] Invalid PhysX transform detected for /World/Stem/SmoothBranch_15.
2026-07-23 09:51:15 [11,701ms] [Warning] [omni.physx.plugin] Invalid PhysX transform detected for /World/Stem/SmoothBranch_16.
2026-07-23 09:51:15 [11,701ms] [Warning] [omni.physx.plugin] Invalid PhysX transform detected for /World/Stem/SmoothBranch_17.
2026-07-23 09:51:15 [11,701ms] [Warning] [omni.physx.plugin] Invalid PhysX transform detected for /World/Stem/SmoothBranch_18.
2026-07-23 09:51:15 [11,701ms] [Warning] [omni.physx.plugin] Invalid PhysX transform detected for /World/Stem/SmoothBranch_19.
2026-07-23 09:51:15 [11,701ms] [Warning] [omni.physx.plugin] Invalid PhysX transform detected for /World/Stem/SmoothBranch_20.
2026-07-23 09:51:15 [11,701ms] [Warning] [omni.physx.plugin] Invalid PhysX transform detected for /World/Stem/SmoothBranch_21.
2026-07-23 09:51:15 [11,701ms] [Warning] [omni.physx.plugin] Invalid PhysX transform detected for /World/Stem/SmoothBranch_22.
2026-07-23 09:51:15 [11,701ms] [Warning] [omni.physx.plugin] Invalid PhysX transform detected for /World/Stem/SmoothBranch_23.
2026-07-23 09:51:15 [11,701ms] [Warning] [omni.physx.plugin] Invalid PhysX transform detected for /World/Stem/SmoothBranch_24.
2026-07-23 09:51:15 [11,701ms] [Warning] [omni.physx.plugin] Invalid PhysX transform detected for /World/Stem/Fruit_Smooth_base.
2026-07-23 09:51:15 [11,701ms] [Warning] [omni.physx.plugin] Invalid PhysX transform detected for /World/Stem/Fruit_Smooth_tip.
2026-07-23 09:51:15 [11,701ms] [Warning] [omni.physx.plugin] Invalid PhysX transform detected for /World/Stem/Fruit_Smooth.
2026-07-23 09:51:15 [11,712ms] [Warning] [omni.physx.plugin] Invalid PhysX transform detected for /World/Stem/SmoothBranch_00.
2026-07-23 09:51:15 [11,712ms] [Warning] [omni.physx.plugin] Invalid PhysX transform detected for /World/Stem/SmoothBranch_01.
2026-07-23 09:51:15 [11,712ms] [Warning] [omni.physx.plugin] Invalid PhysX transform detected for /World/Stem/SmoothBranch_02.
2026-07-23 09:51:15 [11,712ms] [Warning] [omni.physx.plugin] Invalid PhysX transform detected for /World/Stem/SmoothBranch_03.
2026-07-23 09:51:15 [11,712ms] [Warning] [omni.physx.plugin] Invalid PhysX transform detected for /World/Stem/SmoothBranch_04.
2026-07-23 09:51:15 [11,712ms] [Warning] [omni.physx.plugin] Invalid PhysX transform detected for /World/Stem/SmoothBranch_05.
2026-07-23 09:51:15 [11,712ms] [Warning] [omni.physx.plugin] Invalid PhysX transform detected for /World/Stem/SmoothBranch_06.
2026-07-23 09:51:15 [11,712ms] [Warning] [omni.physx.plugin] Invalid PhysX transform detected for /World/Stem/SmoothBranch_07.
2026-07-23 09:51:15 [11,712ms] [Warning] [omni.physx.plugin] Invalid PhysX transform detected for /World/Stem/SmoothBranch_08.
2026-07-23 09:51:15 [11,712ms] [Warning] [omni.physx.plugin] Invalid PhysX transform detected for /World/Stem/SmoothBranch_09.
2026-07-23 09:51:15 [11,712ms] [Warning] [omni.physx.plugin] Invalid PhysX transform detected for /World/Stem/SmoothBranch_10.
2026-07-23 09:51:15 [11,712ms] [Warning] [omni.physx.plugin] Invalid PhysX transform detected for /World/Stem/SmoothBranch_11.
2026-07-23 09:51:15 [11,712ms] [Warning] [omni.physx.plugin] Invalid PhysX transform detected for /World/Stem/SmoothBranch_12.
2026-07-23 09:51:15 [11,712ms] [Warning] [omni.physx.plugin] Invalid PhysX transform detected for /World/Stem/SmoothBranch_13.
2026-07-23 09:51:15 [11,712ms] [Warning] [omni.physx.plugin] Invalid PhysX transform detected for /World/Stem/SmoothBranch_14.
2026-07-23 09:51:15 [11,712ms] [Warning] [omni.physx.plugin] Invalid PhysX transform detected for /World/Stem/SmoothBranch_15.
2026-07-23 09:51:15 [11,712ms] [Warning] [omni.physx.plugin] Invalid PhysX transform detected for /World/Stem/SmoothBranch_16.
2026-07-23 09:51:15 [11,712ms] [Warning] [omni.physx.plugin] Invalid PhysX transform detected for /World/Stem/SmoothBranch_17.
2026-07-23 09:51:15 [11,712ms] [Warning] [omni.physx.plugin] Invalid PhysX transform detected for /World/Stem/SmoothBranch_18.
2026-07-23 09:51:15 [11,712ms] [Warning] [omni.physx.plugin] Invalid PhysX transform detected for /World/Stem/SmoothBranch_19.
2026-07-23 09:51:15 [11,712ms] [Warning] [omni.physx.plugin] Invalid PhysX transform detected for /World/Stem/SmoothBranch_20.
2026-07-23 09:51:15 [11,712ms] [Warning] [omni.physx.plugin] Invalid PhysX transform detected for /World/Stem/SmoothBranch_21.
2026-07-23 09:51:15 [11,712ms] [Warning] [omni.physx.plugin] Invalid PhysX transform detected for /World/Stem/SmoothBranch_22.
2026-07-23 09:51:15 [11,712ms] [Warning] [omni.physx.plugin] Invalid PhysX transform detected for /World/Stem/SmoothBranch_23.
2026-07-23 09:51:15 [11,712ms] [Warning] [omni.physx.plugin] Invalid PhysX transform detected for /World/Stem/SmoothBranch_24.
2026-07-23 09:51:15 [11,712ms] [Warning] [omni.physx.plugin] Invalid PhysX transform detected for /World/Stem/Fruit_Smooth_base.
2026-07-23 09:51:15 [11,712ms] [Warning] [omni.physx.plugin] Invalid PhysX transform detected for /World/Stem/Fruit_Smooth_tip.
2026-07-23 09:51:15 [11,712ms] [Warning] [omni.physx.plugin] Invalid PhysX transform detected for /World/Stem/Fruit_Smooth.
2026-07-23 09:51:15 [11,723ms] [Warning] [omni.physx.plugin] Invalid PhysX transform detected for /World/Stem/SmoothBranch_00.
2026-07-23 09:51:15 [11,723ms] [Warning] [omni.physx.plugin] Invalid PhysX transform detected for /World/Stem/SmoothBranch_01.
2026-07-23 09:51:15 [11,723ms] [Warning] [omni.physx.plugin] Invalid PhysX transform detected for /World/Stem/SmoothBranch_02.
2026-07-23 09:51:15 [11,723ms] [Warning] [omni.physx.plugin] Invalid PhysX transform detected for /World/Stem/SmoothBranch_03.
2026-07-23 09:51:15 [11,723ms] [Warning] [omni.physx.plugin] Invalid PhysX transform detected for /World/Stem/SmoothBranch_04.
2026-07-23 09:51:15 [11,723ms] [Warning] [omni.physx.plugin] Invalid PhysX transform detected for /World/Stem/SmoothBranch_05.
2026-07-23 09:51:15 [11,723ms] [Warning] [omni.physx.plugin] Invalid PhysX transform detected for /World/Stem/SmoothBranch_06.
2026-07-23 09:51:15 [11,723ms] [Warning] [omni.physx.plugin] Invalid PhysX transform detected for /World/Stem/SmoothBranch_07.
2026-07-23 09:51:15 [11,723ms] [Warning] [omni.physx.plugin] Invalid PhysX transform detected for /World/Stem/SmoothBranch_08.
2026-07-23 09:51:15 [11,723ms] [Warning] [omni.physx.plugin] Invalid PhysX transform detected for /World/Stem/SmoothBranch_09.
2026-07-23 09:51:15 [11,723ms] [Warning] [omni.physx.plugin] Invalid PhysX transform detected for /World/Stem/SmoothBranch_10.
2026-07-23 09:51:15 [11,723ms] [Warning] [omni.physx.plugin] Invalid PhysX transform detected for /World/Stem/SmoothBranch_11.
2026-07-23 09:51:15 [11,723ms] [Warning] [omni.physx.plugin] Invalid PhysX transform detected for /World/Stem/SmoothBranch_12.
2026-07-23 09:51:15 [11,723ms] [Warning] [omni.physx.plugin] Invalid PhysX transform detected for /World/Stem/SmoothBranch_13.
2026-07-23 09:51:15 [11,723ms] [Warning] [omni.physx.plugin] Invalid PhysX transform detected for /World/Stem/SmoothBranch_14.
2026-07-23 09:51:15 [11,723ms] [Warning] [omni.physx.plugin] Invalid PhysX transform detected for /World/Stem/SmoothBranch_15.
2026-07-23 09:51:15 [11,723ms] [Warning] [omni.physx.plugin] Invalid PhysX transform detected for /World/Stem/SmoothBranch_16.
2026-07-23 09:51:15 [11,723ms] [Warning] [omni.physx.plugin] Invalid PhysX transform detected for /World/Stem/SmoothBranch_17.
2026-07-23 09:51:15 [11,723ms] [Warning] [omni.physx.plugin] Invalid PhysX transform detected for /World/Stem/SmoothBranch_18.
2026-07-23 09:51:15 [11,723ms] [Warning] [omni.physx.plugin] Invalid PhysX transform detected for /World/Stem/SmoothBranch_19.
2026-07-23 09:51:15 [11,723ms] [Warning] [omni.physx.plugin] Invalid PhysX transform detected for /World/Stem/SmoothBranch_20.
2026-07-23 09:51:15 [11,723ms] [Warning] [omni.physx.plugin] Invalid PhysX transform detected for /World/Stem/SmoothBranch_21.
2026-07-23 09:51:15 [11,723ms] [Warning] [omni.physx.plugin] Invalid PhysX transform detected for /World/Stem/SmoothBranch_22.
2026-07-23 09:51:15 [11,723ms] [Warning] [omni.physx.plugin] Invalid PhysX transform detected for /World/Stem/SmoothBranch_23.
2026-07-23 09:51:15 [11,723ms] [Warning] [omni.physx.plugin] Invalid PhysX transform detected for /World/Stem/SmoothBranch_24.
2026-07-23 09:51:15 [11,723ms] [Warning] [omni.physx.plugin] Invalid PhysX transform detected for /World/Stem/Fruit_Smooth_base.
2026-07-23 09:51:15 [11,723ms] [Warning] [omni.physx.plugin] Invalid PhysX transform detected for /World/Stem/Fruit_Smooth_tip.
2026-07-23 09:51:15 [11,723ms] [Warning] [omni.physx.plugin] Invalid PhysX transform detected for /World/Stem/Fruit_Smooth.
2026-07-23 09:51:15 [11,734ms] [Warning] [omni.physx.plugin] Invalid PhysX transform detected for /World/Stem/SmoothBranch_00.
2026-07-23 09:51:15 [11,734ms] [Warning] [omni.physx.plugin] Invalid PhysX transform detected for /World/Stem/SmoothBranch_01.
2026-07-23 09:51:15 [11,734ms] [Warning] [omni.physx.plugin] Invalid PhysX transform detected for /World/Stem/SmoothBranch_02.
2026-07-23 09:51:15 [11,734ms] [Warning] [omni.physx.plugin] Invalid PhysX transform detected for /World/Stem/SmoothBranch_03.
2026-07-23 09:51:15 [11,734ms] [Warning] [omni.physx.plugin] Invalid PhysX transform detected for /World/Stem/SmoothBranch_04.
2026-07-23 09:51:15 [11,734ms] [Warning] [omni.physx.plugin] Invalid PhysX transform detected for /World/Stem/SmoothBranch_05.
2026-07-23 09:51:15 [11,734ms] [Warning] [omni.physx.plugin] Invalid PhysX transform detected for /World/Stem/SmoothBranch_06.
2026-07-23 09:51:15 [11,734ms] [Warning] [omni.physx.plugin] Invalid PhysX transform detected for /World/Stem/SmoothBranch_07.
2026-07-23 09:51:15 [11,734ms] [Warning] [omni.physx.plugin] Invalid PhysX transform detected for /World/Stem/SmoothBranch_08.
2026-07-23 09:51:15 [11,734ms] [Warning] [omni.physx.plugin] Invalid PhysX transform detected for /World/Stem/SmoothBranch_09.
2026-07-23 09:51:15 [11,734ms] [Warning] [omni.physx.plugin] Invalid PhysX transform detected for /World/Stem/SmoothBranch_10.
2026-07-23 09:51:15 [11,734ms] [Warning] [omni.physx.plugin] Invalid PhysX transform detected for /World/Stem/SmoothBranch_11.
2026-07-23 09:51:15 [11,734ms] [Warning] [omni.physx.plugin] Invalid PhysX transform detected for /World/Stem/SmoothBranch_12.
2026-07-23 09:51:15 [11,734ms] [Warning] [omni.physx.plugin] Invalid PhysX transform detected for /World/Stem/SmoothBranch_13.
2026-07-23 09:51:15 [11,734ms] [Warning] [omni.physx.plugin] Invalid PhysX transform detected for /World/Stem/SmoothBranch_14.
2026-07-23 09:51:15 [11,734ms] [Warning] [omni.physx.plugin] Invalid PhysX transform detected for /World/Stem/SmoothBranch_15.
2026-07-23 09:51:15 [11,734ms] [Warning] [omni.physx.plugin] Invalid PhysX transform detected for /World/Stem/SmoothBranch_16.
2026-07-23 09:51:15 [11,734ms] [Warning] [omni.physx.plugin] Invalid PhysX transform detected for /World/Stem/SmoothBranch_17.
2026-07-23 09:51:15 [11,734ms] [Warning] [omni.physx.plugin] Invalid PhysX transform detected for /World/Stem/SmoothBranch_18.
2026-07-23 09:51:15 [11,734ms] [Warning] [omni.physx.plugin] Invalid PhysX transform detected for /World/Stem/SmoothBranch_19.
2026-07-23 09:51:15 [11,734ms] [Warning] [omni.physx.plugin] Invalid PhysX transform detected for /World/Stem/SmoothBranch_20.
2026-07-23 09:51:15 [11,734ms] [Warning] [omni.physx.plugin] Invalid PhysX transform detected for /World/Stem/SmoothBranch_21.
2026-07-23 09:51:15 [11,734ms] [Warning] [omni.physx.plugin] Invalid PhysX transform detected for /World/Stem/SmoothBranch_22.
2026-07-23 09:51:15 [11,734ms] [Warning] [omni.physx.plugin] Invalid PhysX transform detected for /World/Stem/SmoothBranch_23.
2026-07-23 09:51:15 [11,734ms] [Warning] [omni.physx.plugin] Invalid PhysX transform detected for /World/Stem/SmoothBranch_24.
2026-07-23 09:51:15 [11,734ms] [Warning] [omni.physx.plugin] Invalid PhysX transform detected for /World/Stem/Fruit_Smooth_base.
2026-07-23 09:51:15 [11,734ms] [Warning] [omni.physx.plugin] Invalid PhysX transform detected for /World/Stem/Fruit_Smooth_tip.
2026-07-23 09:51:15 [11,734ms] [Warning] [omni.physx.plugin] Invalid PhysX transform detected for /World/Stem/Fruit_Smooth.
2026-07-23 09:51:15 [11,745ms] [Warning] [omni.physx.plugin] Invalid PhysX transform detected for /World/Stem/SmoothBranch_00.
2026-07-23 09:51:15 [11,745ms] [Warning] [omni.physx.plugin] Invalid PhysX transform detected for /World/Stem/SmoothBranch_01.
2026-07-23 09:51:15 [11,745ms] [Warning] [omni.physx.plugin] Invalid PhysX transform detected for /World/Stem/SmoothBranch_02.
2026-07-23 09:51:15 [11,745ms] [Warning] [omni.physx.plugin] Invalid PhysX transform detected for /World/Stem/SmoothBranch_03.
2026-07-23 09:51:15 [11,745ms] [Warning] [omni.physx.plugin] Invalid PhysX transform detected for /World/Stem/SmoothBranch_04.
2026-07-23 09:51:15 [11,745ms] [Warning] [omni.physx.plugin] Invalid PhysX transform detected for /World/Stem/SmoothBranch_05.
2026-07-23 09:51:15 [11,745ms] [Warning] [omni.physx.plugin] Invalid PhysX transform detected for /World/Stem/SmoothBranch_06.
2026-07-23 09:51:15 [11,745ms] [Warning] [omni.physx.plugin] Invalid PhysX transform detected for /World/Stem/SmoothBranch_07.
2026-07-23 09:51:15 [11,745ms] [Warning] [omni.physx.plugin] Invalid PhysX transform detected for /World/Stem/SmoothBranch_08.
2026-07-23 09:51:15 [11,745ms] [Warning] [omni.physx.plugin] Invalid PhysX transform detected for /World/Stem/SmoothBranch_09.
2026-07-23 09:51:15 [11,745ms] [Warning] [omni.physx.plugin] Invalid PhysX transform detected for /World/Stem/SmoothBranch_10.
2026-07-23 09:51:15 [11,745ms] [Warning] [omni.physx.plugin] Invalid PhysX transform detected for /World/Stem/SmoothBranch_11.
2026-07-23 09:51:15 [11,745ms] [Warning] [omni.physx.plugin] Invalid PhysX transform detected for /World/Stem/SmoothBranch_12.
2026-07-23 09:51:15 [11,745ms] [Warning] [omni.physx.plugin] Invalid PhysX transform detected for /World/Stem/SmoothBranch_13.
2026-07-23 09:51:15 [11,745ms] [Warning] [omni.physx.plugin] Invalid PhysX transform detected for /World/Stem/SmoothBranch_14.
2026-07-23 09:51:15 [11,745ms] [Warning] [omni.physx.plugin] Invalid PhysX transform detected for /World/Stem/SmoothBranch_15.
2026-07-23 09:51:15 [11,745ms] [Warning] [omni.physx.plugin] Invalid PhysX transform detected for /World/Stem/SmoothBranch_16.
2026-07-23 09:51:15 [11,745ms] [Warning] [omni.physx.plugin] Invalid PhysX transform detected for /World/Stem/SmoothBranch_17.
2026-07-23 09:51:15 [11,745ms] [Warning] [omni.physx.plugin] Invalid PhysX transform detected for /World/Stem/SmoothBranch_18.
2026-07-23 09:51:15 [11,745ms] [Warning] [omni.physx.plugin] Invalid PhysX transform detected for /World/Stem/SmoothBranch_19.
2026-07-23 09:51:15 [11,745ms] [Warning] [omni.physx.plugin] Invalid PhysX transform detected for /World/Stem/SmoothBranch_20.
2026-07-23 09:51:15 [11,745ms] [Warning] [omni.physx.plugin] Invalid PhysX transform detected for /World/Stem/SmoothBranch_21.
2026-07-23 09:51:15 [11,745ms] [Warning] [omni.physx.plugin] Invalid PhysX transform detected for /World/Stem/SmoothBranch_22.
2026-07-23 09:51:15 [11,745ms] [Warning] [omni.physx.plugin] Invalid PhysX transform detected for /World/Stem/SmoothBranch_23.
2026-07-23 09:51:15 [11,745ms] [Warning] [omni.physx.plugin] Invalid PhysX transform detected for /World/Stem/SmoothBranch_24.
2026-07-23 09:51:15 [11,745ms] [Warning] [omni.physx.plugin] Invalid PhysX transform detected for /World/Stem/Fruit_Smooth_base.
2026-07-23 09:51:15 [11,745ms] [Warning] [omni.physx.plugin] Invalid PhysX transform detected for /World/Stem/Fruit_Smooth_tip.
2026-07-23 09:51:15 [11,745ms] [Warning] [omni.physx.plugin] Invalid PhysX transform detected for /World/Stem/Fruit_Smooth.
2026-07-23 09:51:15 [11,756ms] [Warning] [omni.physx.plugin] Invalid PhysX transform detected for /World/Stem/SmoothBranch_00.
2026-07-23 09:51:15 [11,756ms] [Warning] [omni.physx.plugin] Invalid PhysX transform detected for /World/Stem/SmoothBranch_01.
2026-07-23 09:51:15 [11,756ms] [Warning] [omni.physx.plugin] Invalid PhysX transform detected for /World/Stem/SmoothBranch_02.
2026-07-23 09:51:15 [11,756ms] [Warning] [omni.physx.plugin] Invalid PhysX transform detected for /World/Stem/SmoothBranch_03.
2026-07-23 09:51:15 [11,756ms] [Warning] [omni.physx.plugin] Invalid PhysX transform detected for /World/Stem/SmoothBranch_04.
2026-07-23 09:51:15 [11,756ms] [Warning] [omni.physx.plugin] Invalid PhysX transform detected for /World/Stem/SmoothBranch_05.
2026-07-23 09:51:15 [11,756ms] [Warning] [omni.physx.plugin] Invalid PhysX transform detected for /World/Stem/SmoothBranch_06.
2026-07-23 09:51:15 [11,756ms] [Warning] [omni.physx.plugin] Invalid PhysX transform detected for /World/Stem/SmoothBranch_07.
2026-07-23 09:51:15 [11,756ms] [Warning] [omni.physx.plugin] Invalid PhysX transform detected for /World/Stem/SmoothBranch_08.
2026-07-23 09:51:15 [11,756ms] [Warning] [omni.physx.plugin] Invalid PhysX transform detected for /World/Stem/SmoothBranch_09.
2026-07-23 09:51:15 [11,756ms] [Warning] [omni.physx.plugin] Invalid PhysX transform detected for /World/Stem/SmoothBranch_10.
2026-07-23 09:51:15 [11,756ms] [Warning] [omni.physx.plugin] Invalid PhysX transform detected for /World/Stem/SmoothBranch_11.
2026-07-23 09:51:15 [11,756ms] [Warning] [omni.physx.plugin] Invalid PhysX transform detected for /World/Stem/SmoothBranch_12.
2026-07-23 09:51:15 [11,756ms] [Warning] [omni.physx.plugin] Invalid PhysX transform detected for /World/Stem/SmoothBranch_13.
2026-07-23 09:51:15 [11,756ms] [Warning] [omni.physx.plugin] Invalid PhysX transform detected for /World/Stem/SmoothBranch_14.
2026-07-23 09:51:15 [11,756ms] [Warning] [omni.physx.plugin] Invalid PhysX transform detected for /World/Stem/SmoothBranch_15.
2026-07-23 09:51:15 [11,756ms] [Warning] [omni.physx.plugin] Invalid PhysX transform detected for /World/Stem/SmoothBranch_16.
2026-07-23 09:51:15 [11,756ms] [Warning] [omni.physx.plugin] Invalid PhysX transform detected for /World/Stem/SmoothBranch_17.
2026-07-23 09:51:15 [11,756ms] [Warning] [omni.physx.plugin] Invalid PhysX transform detected for /World/Stem/SmoothBranch_18.
2026-07-23 09:51:15 [11,756ms] [Warning] [omni.physx.plugin] Invalid PhysX transform detected for /World/Stem/SmoothBranch_19.
2026-07-23 09:51:15 [11,756ms] [Warning] [omni.physx.plugin] Invalid PhysX transform detected for /World/Stem/SmoothBranch_20.
2026-07-23 09:51:15 [11,756ms] [Warning] [omni.physx.plugin] Invalid PhysX transform detected for /World/Stem/SmoothBranch_21.
2026-07-23 09:51:15 [11,756ms] [Warning] [omni.physx.plugin] Invalid PhysX transform detected for /World/Stem/SmoothBranch_22.
2026-07-23 09:51:15 [11,756ms] [Warning] [omni.physx.plugin] Invalid PhysX transform detected for /World/Stem/SmoothBranch_23.
2026-07-23 09:51:15 [11,756ms] [Warning] [omni.physx.plugin] Invalid PhysX transform detected for /World/Stem/SmoothBranch_24.
2026-07-23 09:51:15 [11,756ms] [Warning] [omni.physx.plugin] Invalid PhysX transform detected for /World/Stem/Fruit_Smooth_base.
2026-07-23 09:51:15 [11,756ms] [Warning] [omni.physx.plugin] Invalid PhysX transform detected for /World/Stem/Fruit_Smooth_tip.
2026-07-23 09:51:15 [11,756ms] [Warning] [omni.physx.plugin] Invalid PhysX transform detected for /World/Stem/Fruit_Smooth.
2026-07-23 09:51:15 [11,766ms] [Warning] [omni.physx.plugin] Invalid PhysX transform detected for /World/Stem/SmoothBranch_00.
2026-07-23 09:51:15 [11,766ms] [Warning] [omni.physx.plugin] Invalid PhysX transform detected for /World/Stem/SmoothBranch_01.
2026-07-23 09:51:15 [11,766ms] [Warning] [omni.physx.plugin] Invalid PhysX transform detected for /World/Stem/SmoothBranch_02.
2026-07-23 09:51:15 [11,766ms] [Warning] [omni.physx.plugin] Invalid PhysX transform detected for /World/Stem/SmoothBranch_03.
2026-07-23 09:51:15 [11,766ms] [Warning] [omni.physx.plugin] Invalid PhysX transform detected for /World/Stem/SmoothBranch_04.
2026-07-23 09:51:15 [11,766ms] [Warning] [omni.physx.plugin] Invalid PhysX transform detected for /World/Stem/SmoothBranch_05.
2026-07-23 09:51:15 [11,766ms] [Warning] [omni.physx.plugin] Invalid PhysX transform detected for /World/Stem/SmoothBranch_06.
2026-07-23 09:51:15 [11,766ms] [Warning] [omni.physx.plugin] Invalid PhysX transform detected for /World/Stem/SmoothBranch_07.
2026-07-23 09:51:15 [11,766ms] [Warning] [omni.physx.plugin] Invalid PhysX transform detected for /World/Stem/SmoothBranch_08.
2026-07-23 09:51:15 [11,766ms] [Warning] [omni.physx.plugin] Invalid PhysX transform detected for /World/Stem/SmoothBranch_09.
2026-07-23 09:51:15 [11,766ms] [Warning] [omni.physx.plugin] Invalid PhysX transform detected for /World/Stem/SmoothBranch_10.
2026-07-23 09:51:15 [11,766ms] [Warning] [omni.physx.plugin] Invalid PhysX transform detected for /World/Stem/SmoothBranch_11.
2026-07-23 09:51:15 [11,766ms] [Warning] [omni.physx.plugin] Invalid PhysX transform detected for /World/Stem/SmoothBranch_12.
2026-07-23 09:51:15 [11,766ms] [Warning] [omni.physx.plugin] Invalid PhysX transform detected for /World/Stem/SmoothBranch_13.
2026-07-23 09:51:15 [11,766ms] [Warning] [omni.physx.plugin] Invalid PhysX transform detected for /World/Stem/SmoothBranch_14.
2026-07-23 09:51:15 [11,766ms] [Warning] [omni.physx.plugin] Invalid PhysX transform detected for /World/Stem/SmoothBranch_15.
2026-07-23 09:51:15 [11,766ms] [Warning] [omni.physx.plugin] Invalid PhysX transform detected for /World/Stem/SmoothBranch_16.
2026-07-23 09:51:15 [11,766ms] [Warning] [omni.physx.plugin] Invalid PhysX transform detected for /World/Stem/SmoothBranch_17.
2026-07-23 09:51:15 [11,766ms] [Warning] [omni.physx.plugin] Invalid PhysX transform detected for /World/Stem/SmoothBranch_18.
2026-07-23 09:51:15 [11,766ms] [Warning] [omni.physx.plugin] Invalid PhysX transform detected for /World/Stem/SmoothBranch_19.
2026-07-23 09:51:15 [11,766ms] [Warning] [omni.physx.plugin] Invalid PhysX transform detected for /World/Stem/SmoothBranch_20.
2026-07-23 09:51:15 [11,766ms] [Warning] [omni.physx.plugin] Invalid PhysX transform detected for /World/Stem/SmoothBranch_21.
2026-07-23 09:51:15 [11,766ms] [Warning] [omni.physx.plugin] Invalid PhysX transform detected for /World/Stem/SmoothBranch_22.
2026-07-23 09:51:15 [11,766ms] [Warning] [omni.physx.plugin] Invalid PhysX transform detected for /World/Stem/SmoothBranch_23.
2026-07-23 09:51:15 [11,766ms] [Warning] [omni.physx.plugin] Invalid PhysX transform detected for /World/Stem/SmoothBranch_24.
2026-07-23 09:51:15 [11,766ms] [Warning] [omni.physx.plugin] Invalid PhysX transform detected for /World/Stem/Fruit_Smooth_base.
2026-07-23 09:51:15 [11,766ms] [Warning] [omni.physx.plugin] Invalid PhysX transform detected for /World/Stem/Fruit_Smooth_tip.
2026-07-23 09:51:15 [11,766ms] [Warning] [omni.physx.plugin] Invalid PhysX transform detected for /World/Stem/Fruit_Smooth.
2026-07-23 09:51:15 [11,777ms] [Warning] [omni.physx.plugin] Invalid PhysX transform detected for /World/Stem/SmoothBranch_00.
2026-07-23 09:51:15 [11,777ms] [Warning] [omni.physx.plugin] Invalid PhysX transform detected for /World/Stem/SmoothBranch_01.
2026-07-23 09:51:15 [11,777ms] [Warning] [omni.physx.plugin] Invalid PhysX transform detected for /World/Stem/SmoothBranch_02.
2026-07-23 09:51:15 [11,777ms] [Warning] [omni.physx.plugin] Invalid PhysX transform detected for /World/Stem/SmoothBranch_03.
2026-07-23 09:51:15 [11,777ms] [Warning] [omni.physx.plugin] Invalid PhysX transform detected for /World/Stem/SmoothBranch_04.
2026-07-23 09:51:15 [11,777ms] [Warning] [omni.physx.plugin] Invalid PhysX transform detected for /World/Stem/SmoothBranch_05.
2026-07-23 09:51:15 [11,777ms] [Warning] [omni.physx.plugin] Invalid PhysX transform detected for /World/Stem/SmoothBranch_06.
2026-07-23 09:51:15 [11,777ms] [Warning] [omni.physx.plugin] Invalid PhysX transform detected for /World/Stem/SmoothBranch_07.
2026-07-23 09:51:15 [11,777ms] [Warning] [omni.physx.plugin] Invalid PhysX transform detected for /World/Stem/SmoothBranch_08.
2026-07-23 09:51:15 [11,777ms] [Warning] [omni.physx.plugin] Invalid PhysX transform detected for /World/Stem/SmoothBranch_09.
2026-07-23 09:51:15 [11,777ms] [Warning] [omni.physx.plugin] Invalid PhysX transform detected for /World/Stem/SmoothBranch_10.
2026-07-23 09:51:15 [11,777ms] [Warning] [omni.physx.plugin] Invalid PhysX transform detected for /World/Stem/SmoothBranch_11.
2026-07-23 09:51:15 [11,777ms] [Warning] [omni.physx.plugin] Invalid PhysX transform detected for /World/Stem/SmoothBranch_12.
2026-07-23 09:51:15 [11,777ms] [Warning] [omni.physx.plugin] Invalid PhysX transform detected for /World/Stem/SmoothBranch_13.
2026-07-23 09:51:15 [11,777ms] [Warning] [omni.physx.plugin] Invalid PhysX transform detected for /World/Stem/SmoothBranch_14.
2026-07-23 09:51:15 [11,777ms] [Warning] [omni.physx.plugin] Invalid PhysX transform detected for /World/Stem/SmoothBranch_15.
2026-07-23 09:51:15 [11,777ms] [Warning] [omni.physx.plugin] Invalid PhysX transform detected for /World/Stem/SmoothBranch_16.
2026-07-23 09:51:15 [11,777ms] [Warning] [omni.physx.plugin] Invalid PhysX transform detected for /World/Stem/SmoothBranch_17.
2026-07-23 09:51:15 [11,777ms] [Warning] [omni.physx.plugin] Invalid PhysX transform detected for /World/Stem/SmoothBranch_18.
2026-07-23 09:51:15 [11,777ms] [Warning] [omni.physx.plugin] Invalid PhysX transform detected for /World/Stem/SmoothBranch_19.
2026-07-23 09:51:15 [11,777ms] [Warning] [omni.physx.plugin] Invalid PhysX transform detected for /World/Stem/SmoothBranch_20.
2026-07-23 09:51:15 [11,777ms] [Warning] [omni.physx.plugin] Invalid PhysX transform detected for /World/Stem/SmoothBranch_21.
2026-07-23 09:51:15 [11,777ms] [Warning] [omni.physx.plugin] Invalid PhysX transform detected for /World/Stem/SmoothBranch_22.
2026-07-23 09:51:15 [11,777ms] [Warning] [omni.physx.plugin] Invalid PhysX transform detected for /World/Stem/SmoothBranch_23.
2026-07-23 09:51:15 [11,777ms] [Warning] [omni.physx.plugin] Invalid PhysX transform detected for /World/Stem/SmoothBranch_24.
2026-07-23 09:51:15 [11,777ms] [Warning] [omni.physx.plugin] Invalid PhysX transform detected for /World/Stem/Fruit_Smooth_base.
2026-07-23 09:51:15 [11,777ms] [Warning] [omni.physx.plugin] Invalid PhysX transform detected for /World/Stem/Fruit_Smooth_tip.
2026-07-23 09:51:15 [11,777ms] [Warning] [omni.physx.plugin] Invalid PhysX transform detected for /World/Stem/Fruit_Smooth.
2026-07-23 09:51:15 [11,787ms] [Warning] [omni.physx.plugin] Invalid PhysX transform detected for /World/Stem/SmoothBranch_00.
2026-07-23 09:51:15 [11,787ms] [Warning] [omni.physx.plugin] Invalid PhysX transform detected for /World/Stem/SmoothBranch_01.
2026-07-23 09:51:15 [11,787ms] [Warning] [omni.physx.plugin] Invalid PhysX transform detected for /World/Stem/SmoothBranch_02.
2026-07-23 09:51:15 [11,787ms] [Warning] [omni.physx.plugin] Invalid PhysX transform detected for /World/Stem/SmoothBranch_03.
2026-07-23 09:51:15 [11,787ms] [Warning] [omni.physx.plugin] Invalid PhysX transform detected for /World/Stem/SmoothBranch_04.
2026-07-23 09:51:15 [11,787ms] [Warning] [omni.physx.plugin] Invalid PhysX transform detected for /World/Stem/SmoothBranch_05.
2026-07-23 09:51:15 [11,787ms] [Warning] [omni.physx.plugin] Invalid PhysX transform detected for /World/Stem/SmoothBranch_06.
2026-07-23 09:51:15 [11,787ms] [Warning] [omni.physx.plugin] Invalid PhysX transform detected for /World/Stem/SmoothBranch_07.
2026-07-23 09:51:15 [11,787ms] [Warning] [omni.physx.plugin] Invalid PhysX transform detected for /World/Stem/SmoothBranch_08.
2026-07-23 09:51:15 [11,787ms] [Warning] [omni.physx.plugin] Invalid PhysX transform detected for /World/Stem/SmoothBranch_09.
2026-07-23 09:51:15 [11,787ms] [Warning] [omni.physx.plugin] Invalid PhysX transform detected for /World/Stem/SmoothBranch_10.
2026-07-23 09:51:15 [11,787ms] [Warning] [omni.physx.plugin] Invalid PhysX transform detected for /World/Stem/SmoothBranch_11.
2026-07-23 09:51:15 [11,787ms] [Warning] [omni.physx.plugin] Invalid PhysX transform detected for /World/Stem/SmoothBranch_12.
2026-07-23 09:51:15 [11,787ms] [Warning] [omni.physx.plugin] Invalid PhysX transform detected for /World/Stem/SmoothBranch_13.
2026-07-23 09:51:15 [11,787ms] [Warning] [omni.physx.plugin] Invalid PhysX transform detected for /World/Stem/SmoothBranch_14.
2026-07-23 09:51:15 [11,787ms] [Warning] [omni.physx.plugin] Invalid PhysX transform detected for /World/Stem/SmoothBranch_15.
2026-07-23 09:51:15 [11,787ms] [Warning] [omni.physx.plugin] Invalid PhysX transform detected for /World/Stem/SmoothBranch_16.
2026-07-23 09:51:15 [11,787ms] [Warning] [omni.physx.plugin] Invalid PhysX transform detected for /World/Stem/SmoothBranch_17.
2026-07-23 09:51:15 [11,787ms] [Warning] [omni.physx.plugin] Invalid PhysX transform detected for /World/Stem/SmoothBranch_18.
2026-07-23 09:51:15 [11,787ms] [Warning] [omni.physx.plugin] Invalid PhysX transform detected for /World/Stem/SmoothBranch_19.
2026-07-23 09:51:15 [11,787ms] [Warning] [omni.physx.plugin] Invalid PhysX transform detected for /World/Stem/SmoothBranch_20.
2026-07-23 09:51:15 [11,787ms] [Warning] [omni.physx.plugin] Invalid PhysX transform detected for /World/Stem/SmoothBranch_21.
2026-07-23 09:51:15 [11,788ms] [Warning] [omni.physx.plugin] Invalid PhysX transform detected for /World/Stem/SmoothBranch_22.
2026-07-23 09:51:15 [11,788ms] [Warning] [omni.physx.plugin] Invalid PhysX transform detected for /World/Stem/SmoothBranch_23.
2026-07-23 09:51:15 [11,788ms] [Warning] [omni.physx.plugin] Invalid PhysX transform detected for /World/Stem/SmoothBranch_24.
2026-07-23 09:51:15 [11,788ms] [Warning] [omni.physx.plugin] Invalid PhysX transform detected for /World/Stem/Fruit_Smooth_base.
2026-07-23 09:51:15 [11,788ms] [Warning] [omni.physx.plugin] Invalid PhysX transform detected for /World/Stem/Fruit_Smooth_tip.
2026-07-23 09:51:15 [11,788ms] [Warning] [omni.physx.plugin] Invalid PhysX transform detected for /World/Stem/Fruit_Smooth.
2026-07-23 09:51:15 [11,798ms] [Warning] [omni.physx.plugin] Invalid PhysX transform detected for /World/Stem/SmoothBranch_00.
2026-07-23 09:51:15 [11,798ms] [Warning] [omni.physx.plugin] Invalid PhysX transform detected for /World/Stem/SmoothBranch_01.
2026-07-23 09:51:15 [11,798ms] [Warning] [omni.physx.plugin] Invalid PhysX transform detected for /World/Stem/SmoothBranch_02.
2026-07-23 09:51:15 [11,798ms] [Warning] [omni.physx.plugin] Invalid PhysX transform detected for /World/Stem/SmoothBranch_03.
2026-07-23 09:51:15 [11,798ms] [Warning] [omni.physx.plugin] Invalid PhysX transform detected for /World/Stem/SmoothBranch_04.
2026-07-23 09:51:15 [11,798ms] [Warning] [omni.physx.plugin] Invalid PhysX transform detected for /World/Stem/SmoothBranch_05.
2026-07-23 09:51:15 [11,798ms] [Warning] [omni.physx.plugin] Invalid PhysX transform detected for /World/Stem/SmoothBranch_06.
2026-07-23 09:51:15 [11,798ms] [Warning] [omni.physx.plugin] Invalid PhysX transform detected for /World/Stem/SmoothBranch_07.
2026-07-23 09:51:15 [11,798ms] [Warning] [omni.physx.plugin] Invalid PhysX transform detected for /World/Stem/SmoothBranch_08.
2026-07-23 09:51:15 [11,798ms] [Warning] [omni.physx.plugin] Invalid PhysX transform detected for /World/Stem/SmoothBranch_09.
2026-07-23 09:51:15 [11,798ms] [Warning] [omni.physx.plugin] Invalid PhysX transform detected for /World/Stem/SmoothBranch_10.
2026-07-23 09:51:15 [11,798ms] [Warning] [omni.physx.plugin] Invalid PhysX transform detected for /World/Stem/SmoothBranch_11.
2026-07-23 09:51:15 [11,798ms] [Warning] [omni.physx.plugin] Invalid PhysX transform detected for /World/Stem/SmoothBranch_12.
2026-07-23 09:51:15 [11,798ms] [Warning] [omni.physx.plugin] Invalid PhysX transform detected for /World/Stem/SmoothBranch_13.
2026-07-23 09:51:15 [11,798ms] [Warning] [omni.physx.plugin] Invalid PhysX transform detected for /World/Stem/SmoothBranch_14.
2026-07-23 09:51:15 [11,798ms] [Warning] [omni.physx.plugin] Invalid PhysX transform detected for /World/Stem/SmoothBranch_15.
2026-07-23 09:51:15 [11,798ms] [Warning] [omni.physx.plugin] Invalid PhysX transform detected for /World/Stem/SmoothBranch_16.
2026-07-23 09:51:15 [11,798ms] [Warning] [omni.physx.plugin] Invalid PhysX transform detected for /World/Stem/SmoothBranch_17.
2026-07-23 09:51:15 [11,798ms] [Warning] [omni.physx.plugin] Invalid PhysX transform detected for /World/Stem/SmoothBranch_18.
2026-07-23 09:51:15 [11,798ms] [Warning] [omni.physx.plugin] Invalid PhysX transform detected for /World/Stem/SmoothBranch_19.
2026-07-23 09:51:15 [11,798ms] [Warning] [omni.physx.plugin] Invalid PhysX transform detected for /World/Stem/SmoothBranch_20.
2026-07-23 09:51:15 [11,798ms] [Warning] [omni.physx.plugin] Invalid PhysX transform detected for /World/Stem/SmoothBranch_21.
2026-07-23 09:51:15 [11,798ms] [Warning] [omni.physx.plugin] Invalid PhysX transform detected for /World/Stem/SmoothBranch_22.
2026-07-23 09:51:15 [11,798ms] [Warning] [omni.physx.plugin] Invalid PhysX transform detected for /World/Stem/SmoothBranch_23.
2026-07-23 09:51:15 [11,798ms] [Warning] [omni.physx.plugin] Invalid PhysX transform detected for /World/Stem/SmoothBranch_24.
2026-07-23 09:51:15 [11,798ms] [Warning] [omni.physx.plugin] Invalid PhysX transform detected for /World/Stem/Fruit_Smooth_base.
2026-07-23 09:51:15 [11,798ms] [Warning] [omni.physx.plugin] Invalid PhysX transform detected for /World/Stem/Fruit_Smooth_tip.
2026-07-23 09:51:15 [11,798ms] [Warning] [omni.physx.plugin] Invalid PhysX transform detected for /World/Stem/Fruit_Smooth.
2026-07-23 09:51:15 [11,809ms] [Warning] [omni.physx.plugin] Invalid PhysX transform detected for /World/Stem/SmoothBranch_00.
2026-07-23 09:51:15 [11,809ms] [Warning] [omni.physx.plugin] Invalid PhysX transform detected for /World/Stem/SmoothBranch_01.
2026-07-23 09:51:15 [11,809ms] [Warning] [omni.physx.plugin] Invalid PhysX transform detected for /World/Stem/SmoothBranch_02.
2026-07-23 09:51:15 [11,809ms] [Warning] [omni.physx.plugin] Invalid PhysX transform detected for /World/Stem/SmoothBranch_03.
2026-07-23 09:51:15 [11,809ms] [Warning] [omni.physx.plugin] Invalid PhysX transform detected for /World/Stem/SmoothBranch_04.
2026-07-23 09:51:15 [11,809ms] [Warning] [omni.physx.plugin] Invalid PhysX transform detected for /World/Stem/SmoothBranch_05.
2026-07-23 09:51:15 [11,809ms] [Warning] [omni.physx.plugin] Invalid PhysX transform detected for /World/Stem/SmoothBranch_06.
2026-07-23 09:51:15 [11,809ms] [Warning] [omni.physx.plugin] Invalid PhysX transform detected for /World/Stem/SmoothBranch_07.
2026-07-23 09:51:15 [11,809ms] [Warning] [omni.physx.plugin] Invalid PhysX transform detected for /World/Stem/SmoothBranch_08.
2026-07-23 09:51:15 [11,809ms] [Warning] [omni.physx.plugin] Invalid PhysX transform detected for /World/Stem/SmoothBranch_09.
2026-07-23 09:51:15 [11,809ms] [Warning] [omni.physx.plugin] Invalid PhysX transform detected for /World/Stem/SmoothBranch_10.
2026-07-23 09:51:15 [11,809ms] [Warning] [omni.physx.plugin] Invalid PhysX transform detected for /World/Stem/SmoothBranch_11.
2026-07-23 09:51:15 [11,809ms] [Warning] [omni.physx.plugin] Invalid PhysX transform detected for /World/Stem/SmoothBranch_12.
2026-07-23 09:51:15 [11,809ms] [Warning] [omni.physx.plugin] Invalid PhysX transform detected for /World/Stem/SmoothBranch_13.
2026-07-23 09:51:15 [11,809ms] [Warning] [omni.physx.plugin] Invalid PhysX transform detected for /World/Stem/SmoothBranch_14.
2026-07-23 09:51:15 [11,809ms] [Warning] [omni.physx.plugin] Invalid PhysX transform detected for /World/Stem/SmoothBranch_15.
2026-07-23 09:51:15 [11,809ms] [Warning] [omni.physx.plugin] Invalid PhysX transform detected for /World/Stem/SmoothBranch_16.
2026-07-23 09:51:15 [11,809ms] [Warning] [omni.physx.plugin] Invalid PhysX transform detected for /World/Stem/SmoothBranch_17.
2026-07-23 09:51:15 [11,809ms] [Warning] [omni.physx.plugin] Invalid PhysX transform detected for /World/Stem/SmoothBranch_18.
2026-07-23 09:51:15 [11,809ms] [Warning] [omni.physx.plugin] Invalid PhysX transform detected for /World/Stem/SmoothBranch_19.
2026-07-23 09:51:15 [11,809ms] [Warning] [omni.physx.plugin] Invalid PhysX transform detected for /World/Stem/SmoothBranch_20.
2026-07-23 09:51:15 [11,809ms] [Warning] [omni.physx.plugin] Invalid PhysX transform detected for /World/Stem/SmoothBranch_21.
2026-07-23 09:51:15 [11,809ms] [Warning] [omni.physx.plugin] Invalid PhysX transform detected for /World/Stem/SmoothBranch_22.
2026-07-23 09:51:15 [11,809ms] [Warning] [omni.physx.plugin] Invalid PhysX transform detected for /World/Stem/SmoothBranch_23.
2026-07-23 09:51:15 [11,809ms] [Warning] [omni.physx.plugin] Invalid PhysX transform detected for /World/Stem/SmoothBranch_24.
2026-07-23 09:51:15 [11,809ms] [Warning] [omni.physx.plugin] Invalid PhysX transform detected for /World/Stem/Fruit_Smooth_base.
2026-07-23 09:51:15 [11,809ms] [Warning] [omni.physx.plugin] Invalid PhysX transform detected for /World/Stem/Fruit_Smooth_tip.
2026-07-23 09:51:15 [11,809ms] [Warning] [omni.physx.plugin] Invalid PhysX transform detected for /World/Stem/Fruit_Smooth.
2026-07-23 09:51:15 [11,819ms] [Warning] [omni.physx.plugin] Invalid PhysX transform detected for /World/Stem/SmoothBranch_00.
2026-07-23 09:51:15 [11,819ms] [Warning] [omni.physx.plugin] Invalid PhysX transform detected for /World/Stem/SmoothBranch_01.
2026-07-23 09:51:15 [11,819ms] [Warning] [omni.physx.plugin] Invalid PhysX transform detected for /World/Stem/SmoothBranch_02.
2026-07-23 09:51:15 [11,819ms] [Warning] [omni.physx.plugin] Invalid PhysX transform detected for /World/Stem/SmoothBranch_03.
2026-07-23 09:51:15 [11,819ms] [Warning] [omni.physx.plugin] Invalid PhysX transform detected for /World/Stem/SmoothBranch_04.
2026-07-23 09:51:15 [11,819ms] [Warning] [omni.physx.plugin] Invalid PhysX transform detected for /World/Stem/SmoothBranch_05.
2026-07-23 09:51:15 [11,819ms] [Warning] [omni.physx.plugin] Invalid PhysX transform detected for /World/Stem/SmoothBranch_06.
2026-07-23 09:51:15 [11,819ms] [Warning] [omni.physx.plugin] Invalid PhysX transform detected for /World/Stem/SmoothBranch_07.
2026-07-23 09:51:15 [11,819ms] [Warning] [omni.physx.plugin] Invalid PhysX transform detected for /World/Stem/SmoothBranch_08.
2026-07-23 09:51:15 [11,819ms] [Warning] [omni.physx.plugin] Invalid PhysX transform detected for /World/Stem/SmoothBranch_09.
2026-07-23 09:51:15 [11,819ms] [Warning] [omni.physx.plugin] Invalid PhysX transform detected for /World/Stem/SmoothBranch_10.
2026-07-23 09:51:15 [11,819ms] [Warning] [omni.physx.plugin] Invalid PhysX transform detected for /World/Stem/SmoothBranch_11.
2026-07-23 09:51:15 [11,819ms] [Warning] [omni.physx.plugin] Invalid PhysX transform detected for /World/Stem/SmoothBranch_12.
2026-07-23 09:51:15 [11,819ms] [Warning] [omni.physx.plugin] Invalid PhysX transform detected for /World/Stem/SmoothBranch_13.
2026-07-23 09:51:15 [11,819ms] [Warning] [omni.physx.plugin] Invalid PhysX transform detected for /World/Stem/SmoothBranch_14.
2026-07-23 09:51:15 [11,819ms] [Warning] [omni.physx.plugin] Invalid PhysX transform detected for /World/Stem/SmoothBranch_15.
2026-07-23 09:51:15 [11,819ms] [Warning] [omni.physx.plugin] Invalid PhysX transform detected for /World/Stem/SmoothBranch_16.
2026-07-23 09:51:15 [11,819ms] [Warning] [omni.physx.plugin] Invalid PhysX transform detected for /World/Stem/SmoothBranch_17.
2026-07-23 09:51:15 [11,819ms] [Warning] [omni.physx.plugin] Invalid PhysX transform detected for /World/Stem/SmoothBranch_18.
2026-07-23 09:51:15 [11,819ms] [Warning] [omni.physx.plugin] Invalid PhysX transform detected for /World/Stem/SmoothBranch_19.
2026-07-23 09:51:15 [11,819ms] [Warning] [omni.physx.plugin] Invalid PhysX transform detected for /World/Stem/SmoothBranch_20.
2026-07-23 09:51:15 [11,819ms] [Warning] [omni.physx.plugin] Invalid PhysX transform detected for /World/Stem/SmoothBranch_21.
2026-07-23 09:51:15 [11,819ms] [Warning] [omni.physx.plugin] Invalid PhysX transform detected for /World/Stem/SmoothBranch_22.
2026-07-23 09:51:15 [11,819ms] [Warning] [omni.physx.plugin] Invalid PhysX transform detected for /World/Stem/SmoothBranch_23.
2026-07-23 09:51:15 [11,819ms] [Warning] [omni.physx.plugin] Invalid PhysX transform detected for /World/Stem/SmoothBranch_24.
2026-07-23 09:51:15 [11,819ms] [Warning] [omni.physx.plugin] Invalid PhysX transform detected for /World/Stem/Fruit_Smooth_base.
2026-07-23 09:51:15 [11,819ms] [Warning] [omni.physx.plugin] Invalid PhysX transform detected for /World/Stem/Fruit_Smooth_tip.
2026-07-23 09:51:15 [11,819ms] [Warning] [omni.physx.plugin] Invalid PhysX transform detected for /World/Stem/Fruit_Smooth.
2026-07-23 09:51:15 [11,830ms] [Warning] [omni.physx.plugin] Invalid PhysX transform detected for /World/Stem/SmoothBranch_00.
2026-07-23 09:51:15 [11,830ms] [Warning] [omni.physx.plugin] Invalid PhysX transform detected for /World/Stem/SmoothBranch_01.
2026-07-23 09:51:15 [11,830ms] [Warning] [omni.physx.plugin] Invalid PhysX transform detected for /World/Stem/SmoothBranch_02.
2026-07-23 09:51:15 [11,830ms] [Warning] [omni.physx.plugin] Invalid PhysX transform detected for /World/Stem/SmoothBranch_03.
2026-07-23 09:51:15 [11,830ms] [Warning] [omni.physx.plugin] Invalid PhysX transform detected for /World/Stem/SmoothBranch_04.
2026-07-23 09:51:15 [11,830ms] [Warning] [omni.physx.plugin] Invalid PhysX transform detected for /World/Stem/SmoothBranch_05.
2026-07-23 09:51:15 [11,830ms] [Warning] [omni.physx.plugin] Invalid PhysX transform detected for /World/Stem/SmoothBranch_06.
2026-07-23 09:51:15 [11,830ms] [Warning] [omni.physx.plugin] Invalid PhysX transform detected for /World/Stem/SmoothBranch_07.
2026-07-23 09:51:15 [11,830ms] [Warning] [omni.physx.plugin] Invalid PhysX transform detected for /World/Stem/SmoothBranch_08.
2026-07-23 09:51:15 [11,830ms] [Warning] [omni.physx.plugin] Invalid PhysX transform detected for /World/Stem/SmoothBranch_09.
2026-07-23 09:51:15 [11,830ms] [Warning] [omni.physx.plugin] Invalid PhysX transform detected for /World/Stem/SmoothBranch_10.
2026-07-23 09:51:15 [11,830ms] [Warning] [omni.physx.plugin] Invalid PhysX transform detected for /World/Stem/SmoothBranch_11.
2026-07-23 09:51:15 [11,830ms] [Warning] [omni.physx.plugin] Invalid PhysX transform detected for /World/Stem/SmoothBranch_12.
2026-07-23 09:51:15 [11,830ms] [Warning] [omni.physx.plugin] Invalid PhysX transform detected for /World/Stem/SmoothBranch_13.
2026-07-23 09:51:15 [11,830ms] [Warning] [omni.physx.plugin] Invalid PhysX transform detected for /World/Stem/SmoothBranch_14.
2026-07-23 09:51:15 [11,830ms] [Warning] [omni.physx.plugin] Invalid PhysX transform detected for /World/Stem/SmoothBranch_15.
2026-07-23 09:51:15 [11,830ms] [Warning] [omni.physx.plugin] Invalid PhysX transform detected for /World/Stem/SmoothBranch_16.
2026-07-23 09:51:15 [11,830ms] [Warning] [omni.physx.plugin] Invalid PhysX transform detected for /World/Stem/SmoothBranch_17.
2026-07-23 09:51:15 [11,830ms] [Warning] [omni.physx.plugin] Invalid PhysX transform detected for /World/Stem/SmoothBranch_18.
2026-07-23 09:51:15 [11,830ms] [Warning] [omni.physx.plugin] Invalid PhysX transform detected for /World/Stem/SmoothBranch_19.
2026-07-23 09:51:15 [11,830ms] [Warning] [omni.physx.plugin] Invalid PhysX transform detected for /World/Stem/SmoothBranch_20.
2026-07-23 09:51:15 [11,830ms] [Warning] [omni.physx.plugin] Invalid PhysX transform detected for /World/Stem/SmoothBranch_21.
2026-07-23 09:51:15 [11,830ms] [Warning] [omni.physx.plugin] Invalid PhysX transform detected for /World/Stem/SmoothBranch_22.
2026-07-23 09:51:15 [11,830ms] [Warning] [omni.physx.plugin] Invalid PhysX transform detected for /World/Stem/SmoothBranch_23.
2026-07-23 09:51:15 [11,830ms] [Warning] [omni.physx.plugin] Invalid PhysX transform detected for /World/Stem/SmoothBranch_24.
2026-07-23 09:51:15 [11,830ms] [Warning] [omni.physx.plugin] Invalid PhysX transform detected for /World/Stem/Fruit_Smooth_base.
2026-07-23 09:51:15 [11,830ms] [Warning] [omni.physx.plugin] Invalid PhysX transform detected for /World/Stem/Fruit_Smooth_tip.
2026-07-23 09:51:15 [11,830ms] [Warning] [omni.physx.plugin] Invalid PhysX transform detected for /World/Stem/Fruit_Smooth.
2026-07-23 09:51:15 [11,841ms] [Warning] [omni.physx.plugin] Invalid PhysX transform detected for /World/Stem/SmoothBranch_00.
2026-07-23 09:51:15 [11,841ms] [Warning] [omni.physx.plugin] Invalid PhysX transform detected for /World/Stem/SmoothBranch_01.
2026-07-23 09:51:15 [11,841ms] [Warning] [omni.physx.plugin] Invalid PhysX transform detected for /World/Stem/SmoothBranch_02.
2026-07-23 09:51:15 [11,841ms] [Warning] [omni.physx.plugin] Invalid PhysX transform detected for /World/Stem/SmoothBranch_03.
2026-07-23 09:51:15 [11,841ms] [Warning] [omni.physx.plugin] Invalid PhysX transform detected for /World/Stem/SmoothBranch_04.
2026-07-23 09:51:15 [11,841ms] [Warning] [omni.physx.plugin] Invalid PhysX transform detected for /World/Stem/SmoothBranch_05.
2026-07-23 09:51:15 [11,841ms] [Warning] [omni.physx.plugin] Invalid PhysX transform detected for /World/Stem/SmoothBranch_06.
2026-07-23 09:51:15 [11,841ms] [Warning] [omni.physx.plugin] Invalid PhysX transform detected for /World/Stem/SmoothBranch_07.
2026-07-23 09:51:15 [11,841ms] [Warning] [omni.physx.plugin] Invalid PhysX transform detected for /World/Stem/SmoothBranch_08.
2026-07-23 09:51:15 [11,841ms] [Warning] [omni.physx.plugin] Invalid PhysX transform detected for /World/Stem/SmoothBranch_09.
2026-07-23 09:51:15 [11,841ms] [Warning] [omni.physx.plugin] Invalid PhysX transform detected for /World/Stem/SmoothBranch_10.
2026-07-23 09:51:15 [11,841ms] [Warning] [omni.physx.plugin] Invalid PhysX transform detected for /World/Stem/SmoothBranch_11.
2026-07-23 09:51:15 [11,841ms] [Warning] [omni.physx.plugin] Invalid PhysX transform detected for /World/Stem/SmoothBranch_12.
2026-07-23 09:51:15 [11,841ms] [Warning] [omni.physx.plugin] Invalid PhysX transform detected for /World/Stem/SmoothBranch_13.
2026-07-23 09:51:15 [11,841ms] [Warning] [omni.physx.plugin] Invalid PhysX transform detected for /World/Stem/SmoothBranch_14.
2026-07-23 09:51:15 [11,841ms] [Warning] [omni.physx.plugin] Invalid PhysX transform detected for /World/Stem/SmoothBranch_15.
2026-07-23 09:51:15 [11,841ms] [Warning] [omni.physx.plugin] Invalid PhysX transform detected for /World/Stem/SmoothBranch_16.
2026-07-23 09:51:15 [11,841ms] [Warning] [omni.physx.plugin] Invalid PhysX transform detected for /World/Stem/SmoothBranch_17.
2026-07-23 09:51:15 [11,841ms] [Warning] [omni.physx.plugin] Invalid PhysX transform detected for /World/Stem/SmoothBranch_18.
2026-07-23 09:51:15 [11,841ms] [Warning] [omni.physx.plugin] Invalid PhysX transform detected for /World/Stem/SmoothBranch_19.
2026-07-23 09:51:15 [11,841ms] [Warning] [omni.physx.plugin] Invalid PhysX transform detected for /World/Stem/SmoothBranch_20.
2026-07-23 09:51:15 [11,841ms] [Warning] [omni.physx.plugin] Invalid PhysX transform detected for /World/Stem/SmoothBranch_21.
2026-07-23 09:51:15 [11,841ms] [Warning] [omni.physx.plugin] Invalid PhysX transform detected for /World/Stem/SmoothBranch_22.
2026-07-23 09:51:15 [11,841ms] [Warning] [omni.physx.plugin] Invalid PhysX transform detected for /World/Stem/SmoothBranch_23.
2026-07-23 09:51:15 [11,841ms] [Warning] [omni.physx.plugin] Invalid PhysX transform detected for /World/Stem/SmoothBranch_24.
2026-07-23 09:51:15 [11,841ms] [Warning] [omni.physx.plugin] Invalid PhysX transform detected for /World/Stem/Fruit_Smooth_base.
2026-07-23 09:51:15 [11,841ms] [Warning] [omni.physx.plugin] Invalid PhysX transform detected for /World/Stem/Fruit_Smooth_tip.
2026-07-23 09:51:15 [11,841ms] [Warning] [omni.physx.plugin] Invalid PhysX transform detected for /World/Stem/Fruit_Smooth.
2026-07-23 09:51:15 [11,851ms] [Warning] [omni.physx.plugin] Invalid PhysX transform detected for /World/Stem/SmoothBranch_00.
2026-07-23 09:51:15 [11,851ms] [Warning] [omni.physx.plugin] Invalid PhysX transform detected for /World/Stem/SmoothBranch_01.
2026-07-23 09:51:15 [11,851ms] [Warning] [omni.physx.plugin] Invalid PhysX transform detected for /World/Stem/SmoothBranch_02.
2026-07-23 09:51:15 [11,851ms] [Warning] [omni.physx.plugin] Invalid PhysX transform detected for /World/Stem/SmoothBranch_03.
2026-07-23 09:51:15 [11,851ms] [Warning] [omni.physx.plugin] Invalid PhysX transform detected for /World/Stem/SmoothBranch_04.
2026-07-23 09:51:15 [11,851ms] [Warning] [omni.physx.plugin] Invalid PhysX transform detected for /World/Stem/SmoothBranch_05.
2026-07-23 09:51:15 [11,851ms] [Warning] [omni.physx.plugin] Invalid PhysX transform detected for /World/Stem/SmoothBranch_06.
2026-07-23 09:51:15 [11,851ms] [Warning] [omni.physx.plugin] Invalid PhysX transform detected for /World/Stem/SmoothBranch_07.
2026-07-23 09:51:15 [11,851ms] [Warning] [omni.physx.plugin] Invalid PhysX transform detected for /World/Stem/SmoothBranch_08.
2026-07-23 09:51:15 [11,851ms] [Warning] [omni.physx.plugin] Invalid PhysX transform detected for /World/Stem/SmoothBranch_09.
2026-07-23 09:51:15 [11,851ms] [Warning] [omni.physx.plugin] Invalid PhysX transform detected for /World/Stem/SmoothBranch_10.
2026-07-23 09:51:15 [11,851ms] [Warning] [omni.physx.plugin] Invalid PhysX transform detected for /World/Stem/SmoothBranch_11.
2026-07-23 09:51:15 [11,851ms] [Warning] [omni.physx.plugin] Invalid PhysX transform detected for /World/Stem/SmoothBranch_12.
2026-07-23 09:51:15 [11,851ms] [Warning] [omni.physx.plugin] Invalid PhysX transform detected for /World/Stem/SmoothBranch_13.
2026-07-23 09:51:15 [11,851ms] [Warning] [omni.physx.plugin] Invalid PhysX transform detected for /World/Stem/SmoothBranch_14.
2026-07-23 09:51:15 [11,851ms] [Warning] [omni.physx.plugin] Invalid PhysX transform detected for /World/Stem/SmoothBranch_15.
2026-07-23 09:51:15 [11,851ms] [Warning] [omni.physx.plugin] Invalid PhysX transform detected for /World/Stem/SmoothBranch_16.
2026-07-23 09:51:15 [11,851ms] [Warning] [omni.physx.plugin] Invalid PhysX transform detected for /World/Stem/SmoothBranch_17.
2026-07-23 09:51:15 [11,851ms] [Warning] [omni.physx.plugin] Invalid PhysX transform detected for /World/Stem/SmoothBranch_18.
2026-07-23 09:51:15 [11,851ms] [Warning] [omni.physx.plugin] Invalid PhysX transform detected for /World/Stem/SmoothBranch_19.
2026-07-23 09:51:15 [11,851ms] [Warning] [omni.physx.plugin] Invalid PhysX transform detected for /World/Stem/SmoothBranch_20.
2026-07-23 09:51:15 [11,852ms] [Warning] [omni.physx.plugin] Invalid PhysX transform detected for /World/Stem/SmoothBranch_21.
2026-07-23 09:51:15 [11,852ms] [Warning] [omni.physx.plugin] Invalid PhysX transform detected for /World/Stem/SmoothBranch_22.
2026-07-23 09:51:15 [11,852ms] [Warning] [omni.physx.plugin] Invalid PhysX transform detected for /World/Stem/SmoothBranch_23.
2026-07-23 09:51:15 [11,852ms] [Warning] [omni.physx.plugin] Invalid PhysX transform detected for /World/Stem/SmoothBranch_24.
2026-07-23 09:51:15 [11,852ms] [Warning] [omni.physx.plugin] Invalid PhysX transform detected for /World/Stem/Fruit_Smooth_base.
2026-07-23 09:51:15 [11,852ms] [Warning] [omni.physx.plugin] Invalid PhysX transform detected for /World/Stem/Fruit_Smooth_tip.
2026-07-23 09:51:15 [11,852ms] [Warning] [omni.physx.plugin] Invalid PhysX transform detected for /World/Stem/Fruit_Smooth.
2026-07-23 09:51:15 [11,863ms] [Warning] [omni.physx.plugin] Invalid PhysX transform detected for /World/Stem/SmoothBranch_00.
2026-07-23 09:51:15 [11,863ms] [Warning] [omni.physx.plugin] Invalid PhysX transform detected for /World/Stem/SmoothBranch_01.
2026-07-23 09:51:15 [11,863ms] [Warning] [omni.physx.plugin] Invalid PhysX transform detected for /World/Stem/SmoothBranch_02.
2026-07-23 09:51:15 [11,863ms] [Warning] [omni.physx.plugin] Invalid PhysX transform detected for /World/Stem/SmoothBranch_03.
2026-07-23 09:51:15 [11,863ms] [Warning] [omni.physx.plugin] Invalid PhysX transform detected for /World/Stem/SmoothBranch_04.
2026-07-23 09:51:15 [11,863ms] [Warning] [omni.physx.plugin] Invalid PhysX transform detected for /World/Stem/SmoothBranch_05.
2026-07-23 09:51:15 [11,863ms] [Warning] [omni.physx.plugin] Invalid PhysX transform detected for /World/Stem/SmoothBranch_06.
2026-07-23 09:51:15 [11,863ms] [Warning] [omni.physx.plugin] Invalid PhysX transform detected for /World/Stem/SmoothBranch_07.
2026-07-23 09:51:15 [11,863ms] [Warning] [omni.physx.plugin] Invalid PhysX transform detected for /World/Stem/SmoothBranch_08.
2026-07-23 09:51:15 [11,863ms] [Warning] [omni.physx.plugin] Invalid PhysX transform detected for /World/Stem/SmoothBranch_09.
2026-07-23 09:51:15 [11,863ms] [Warning] [omni.physx.plugin] Invalid PhysX transform detected for /World/Stem/SmoothBranch_10.
2026-07-23 09:51:15 [11,863ms] [Warning] [omni.physx.plugin] Invalid PhysX transform detected for /World/Stem/SmoothBranch_11.
2026-07-23 09:51:15 [11,863ms] [Warning] [omni.physx.plugin] Invalid PhysX transform detected for /World/Stem/SmoothBranch_12.
2026-07-23 09:51:15 [11,863ms] [Warning] [omni.physx.plugin] Invalid PhysX transform detected for /World/Stem/SmoothBranch_13.
2026-07-23 09:51:15 [11,863ms] [Warning] [omni.physx.plugin] Invalid PhysX transform detected for /World/Stem/SmoothBranch_14.
2026-07-23 09:51:15 [11,863ms] [Warning] [omni.physx.plugin] Invalid PhysX transform detected for /World/Stem/SmoothBranch_15.
2026-07-23 09:51:15 [11,863ms] [Warning] [omni.physx.plugin] Invalid PhysX transform detected for /World/Stem/SmoothBranch_16.
2026-07-23 09:51:15 [11,863ms] [Warning] [omni.physx.plugin] Invalid PhysX transform detected for /World/Stem/SmoothBranch_17.
2026-07-23 09:51:15 [11,863ms] [Warning] [omni.physx.plugin] Invalid PhysX transform detected for /World/Stem/SmoothBranch_18.
2026-07-23 09:51:15 [11,863ms] [Warning] [omni.physx.plugin] Invalid PhysX transform detected for /World/Stem/SmoothBranch_19.
2026-07-23 09:51:15 [11,863ms] [Warning] [omni.physx.plugin] Invalid PhysX transform detected for /World/Stem/SmoothBranch_20.
2026-07-23 09:51:15 [11,863ms] [Warning] [omni.physx.plugin] Invalid PhysX transform detected for /World/Stem/SmoothBranch_21.
2026-07-23 09:51:15 [11,863ms] [Warning] [omni.physx.plugin] Invalid PhysX transform detected for /World/Stem/SmoothBranch_22.
2026-07-23 09:51:15 [11,863ms] [Warning] [omni.physx.plugin] Invalid PhysX transform detected for /World/Stem/SmoothBranch_23.
2026-07-23 09:51:15 [11,863ms] [Warning] [omni.physx.plugin] Invalid PhysX transform detected for /World/Stem/SmoothBranch_24.
2026-07-23 09:51:15 [11,863ms] [Warning] [omni.physx.plugin] Invalid PhysX transform detected for /World/Stem/Fruit_Smooth_base.
2026-07-23 09:51:15 [11,863ms] [Warning] [omni.physx.plugin] Invalid PhysX transform detected for /World/Stem/Fruit_Smooth_tip.
2026-07-23 09:51:15 [11,863ms] [Warning] [omni.physx.plugin] Invalid PhysX transform detected for /World/Stem/Fruit_Smooth.
2026-07-23 09:51:15 [11,873ms] [Warning] [omni.physx.plugin] Invalid PhysX transform detected for /World/Stem/SmoothBranch_00.
2026-07-23 09:51:15 [11,873ms] [Warning] [omni.physx.plugin] Invalid PhysX transform detected for /World/Stem/SmoothBranch_01.
2026-07-23 09:51:15 [11,873ms] [Warning] [omni.physx.plugin] Invalid PhysX transform detected for /World/Stem/SmoothBranch_02.
2026-07-23 09:51:15 [11,873ms] [Warning] [omni.physx.plugin] Invalid PhysX transform detected for /World/Stem/SmoothBranch_03.
2026-07-23 09:51:15 [11,873ms] [Warning] [omni.physx.plugin] Invalid PhysX transform detected for /World/Stem/SmoothBranch_04.
2026-07-23 09:51:15 [11,873ms] [Warning] [omni.physx.plugin] Invalid PhysX transform detected for /World/Stem/SmoothBranch_05.
2026-07-23 09:51:15 [11,873ms] [Warning] [omni.physx.plugin] Invalid PhysX transform detected for /World/Stem/SmoothBranch_06.
2026-07-23 09:51:15 [11,873ms] [Warning] [omni.physx.plugin] Invalid PhysX transform detected for /World/Stem/SmoothBranch_07.
2026-07-23 09:51:15 [11,873ms] [Warning] [omni.physx.plugin] Invalid PhysX transform detected for /World/Stem/SmoothBranch_08.
2026-07-23 09:51:15 [11,873ms] [Warning] [omni.physx.plugin] Invalid PhysX transform detected for /World/Stem/SmoothBranch_09.
2026-07-23 09:51:15 [11,873ms] [Warning] [omni.physx.plugin] Invalid PhysX transform detected for /World/Stem/SmoothBranch_10.
2026-07-23 09:51:15 [11,873ms] [Warning] [omni.physx.plugin] Invalid PhysX transform detected for /World/Stem/SmoothBranch_11.
2026-07-23 09:51:15 [11,873ms] [Warning] [omni.physx.plugin] Invalid PhysX transform detected for /World/Stem/SmoothBranch_12.
2026-07-23 09:51:15 [11,873ms] [Warning] [omni.physx.plugin] Invalid PhysX transform detected for /World/Stem/SmoothBranch_13.
2026-07-23 09:51:15 [11,873ms] [Warning] [omni.physx.plugin] Invalid PhysX transform detected for /World/Stem/SmoothBranch_14.
2026-07-23 09:51:15 [11,873ms] [Warning] [omni.physx.plugin] Invalid PhysX transform detected for /World/Stem/SmoothBranch_15.
2026-07-23 09:51:15 [11,873ms] [Warning] [omni.physx.plugin] Invalid PhysX transform detected for /World/Stem/SmoothBranch_16.
2026-07-23 09:51:15 [11,873ms] [Warning] [omni.physx.plugin] Invalid PhysX transform detected for /World/Stem/SmoothBranch_17.
2026-07-23 09:51:15 [11,873ms] [Warning] [omni.physx.plugin] Invalid PhysX transform detected for /World/Stem/SmoothBranch_18.
2026-07-23 09:51:15 [11,873ms] [Warning] [omni.physx.plugin] Invalid PhysX transform detected for /World/Stem/SmoothBranch_19.
2026-07-23 09:51:15 [11,873ms] [Warning] [omni.physx.plugin] Invalid PhysX transform detected for /World/Stem/SmoothBranch_20.
2026-07-23 09:51:15 [11,873ms] [Warning] [omni.physx.plugin] Invalid PhysX transform detected for /World/Stem/SmoothBranch_21.
2026-07-23 09:51:15 [11,873ms] [Warning] [omni.physx.plugin] Invalid PhysX transform detected for /World/Stem/SmoothBranch_22.
2026-07-23 09:51:15 [11,873ms] [Warning] [omni.physx.plugin] Invalid PhysX transform detected for /World/Stem/SmoothBranch_23.
2026-07-23 09:51:15 [11,873ms] [Warning] [omni.physx.plugin] Invalid PhysX transform detected for /World/Stem/SmoothBranch_24.
2026-07-23 09:51:15 [11,873ms] [Warning] [omni.physx.plugin] Invalid PhysX transform detected for /World/Stem/Fruit_Smooth_base.
2026-07-23 09:51:15 [11,873ms] [Warning] [omni.physx.plugin] Invalid PhysX transform detected for /World/Stem/Fruit_Smooth_tip.
2026-07-23 09:51:15 [11,873ms] [Warning] [omni.physx.plugin] Invalid PhysX transform detected for /World/Stem/Fruit_Smooth.
2026-07-23 09:51:15 [11,884ms] [Warning] [omni.physx.plugin] Invalid PhysX transform detected for /World/Stem/SmoothBranch_00.
2026-07-23 09:51:15 [11,884ms] [Warning] [omni.physx.plugin] Invalid PhysX transform detected for /World/Stem/SmoothBranch_01.
2026-07-23 09:51:15 [11,884ms] [Warning] [omni.physx.plugin] Invalid PhysX transform detected for /World/Stem/SmoothBranch_02.
2026-07-23 09:51:15 [11,884ms] [Warning] [omni.physx.plugin] Invalid PhysX transform detected for /World/Stem/SmoothBranch_03.
2026-07-23 09:51:15 [11,884ms] [Warning] [omni.physx.plugin] Invalid PhysX transform detected for /World/Stem/SmoothBranch_04.
2026-07-23 09:51:15 [11,884ms] [Warning] [omni.physx.plugin] Invalid PhysX transform detected for /World/Stem/SmoothBranch_05.
2026-07-23 09:51:15 [11,884ms] [Warning] [omni.physx.plugin] Invalid PhysX transform detected for /World/Stem/SmoothBranch_06.
2026-07-23 09:51:15 [11,884ms] [Warning] [omni.physx.plugin] Invalid PhysX transform detected for /World/Stem/SmoothBranch_07.
2026-07-23 09:51:15 [11,884ms] [Warning] [omni.physx.plugin] Invalid PhysX transform detected for /World/Stem/SmoothBranch_08.
2026-07-23 09:51:15 [11,884ms] [Warning] [omni.physx.plugin] Invalid PhysX transform detected for /World/Stem/SmoothBranch_09.
2026-07-23 09:51:15 [11,884ms] [Warning] [omni.physx.plugin] Invalid PhysX transform detected for /World/Stem/SmoothBranch_10.
2026-07-23 09:51:15 [11,884ms] [Warning] [omni.physx.plugin] Invalid PhysX transform detected for /World/Stem/SmoothBranch_11.
2026-07-23 09:51:15 [11,884ms] [Warning] [omni.physx.plugin] Invalid PhysX transform detected for /World/Stem/SmoothBranch_12.
2026-07-23 09:51:15 [11,884ms] [Warning] [omni.physx.plugin] Invalid PhysX transform detected for /World/Stem/SmoothBranch_13.
2026-07-23 09:51:15 [11,884ms] [Warning] [omni.physx.plugin] Invalid PhysX transform detected for /World/Stem/SmoothBranch_14.
2026-07-23 09:51:15 [11,884ms] [Warning] [omni.physx.plugin] Invalid PhysX transform detected for /World/Stem/SmoothBranch_15.
2026-07-23 09:51:15 [11,884ms] [Warning] [omni.physx.plugin] Invalid PhysX transform detected for /World/Stem/SmoothBranch_16.
2026-07-23 09:51:15 [11,884ms] [Warning] [omni.physx.plugin] Invalid PhysX transform detected for /World/Stem/SmoothBranch_17.
2026-07-23 09:51:15 [11,884ms] [Warning] [omni.physx.plugin] Invalid PhysX transform detected for /World/Stem/SmoothBranch_18.
2026-07-23 09:51:15 [11,884ms] [Warning] [omni.physx.plugin] Invalid PhysX transform detected for /World/Stem/SmoothBranch_19.
2026-07-23 09:51:15 [11,884ms] [Warning] [omni.physx.plugin] Invalid PhysX transform detected for /World/Stem/SmoothBranch_20.
2026-07-23 09:51:15 [11,884ms] [Warning] [omni.physx.plugin] Invalid PhysX transform detected for /World/Stem/SmoothBranch_21.
2026-07-23 09:51:15 [11,884ms] [Warning] [omni.physx.plugin] Invalid PhysX transform detected for /World/Stem/SmoothBranch_22.
2026-07-23 09:51:15 [11,884ms] [Warning] [omni.physx.plugin] Invalid PhysX transform detected for /World/Stem/SmoothBranch_23.
2026-07-23 09:51:15 [11,884ms] [Warning] [omni.physx.plugin] Invalid PhysX transform detected for /World/Stem/SmoothBranch_24.
2026-07-23 09:51:15 [11,884ms] [Warning] [omni.physx.plugin] Invalid PhysX transform detected for /World/Stem/Fruit_Smooth_base.
2026-07-23 09:51:15 [11,884ms] [Warning] [omni.physx.plugin] Invalid PhysX transform detected for /World/Stem/Fruit_Smooth_tip.
2026-07-23 09:51:15 [11,884ms] [Warning] [omni.physx.plugin] Invalid PhysX transform detected for /World/Stem/Fruit_Smooth.
2026-07-23 09:51:15 [11,895ms] [Warning] [omni.physx.plugin] Invalid PhysX transform detected for /World/Stem/SmoothBranch_00.
2026-07-23 09:51:15 [11,895ms] [Warning] [omni.physx.plugin] Invalid PhysX transform detected for /World/Stem/SmoothBranch_01.
2026-07-23 09:51:15 [11,895ms] [Warning] [omni.physx.plugin] Invalid PhysX transform detected for /World/Stem/SmoothBranch_02.
2026-07-23 09:51:15 [11,895ms] [Warning] [omni.physx.plugin] Invalid PhysX transform detected for /World/Stem/SmoothBranch_03.
2026-07-23 09:51:15 [11,895ms] [Warning] [omni.physx.plugin] Invalid PhysX transform detected for /World/Stem/SmoothBranch_04.
2026-07-23 09:51:15 [11,895ms] [Warning] [omni.physx.plugin] Invalid PhysX transform detected for /World/Stem/SmoothBranch_05.
2026-07-23 09:51:15 [11,895ms] [Warning] [omni.physx.plugin] Invalid PhysX transform detected for /World/Stem/SmoothBranch_06.
2026-07-23 09:51:15 [11,895ms] [Warning] [omni.physx.plugin] Invalid PhysX transform detected for /World/Stem/SmoothBranch_07.
2026-07-23 09:51:15 [11,895ms] [Warning] [omni.physx.plugin] Invalid PhysX transform detected for /World/Stem/SmoothBranch_08.
2026-07-23 09:51:15 [11,895ms] [Warning] [omni.physx.plugin] Invalid PhysX transform detected for /World/Stem/SmoothBranch_09.
2026-07-23 09:51:15 [11,895ms] [Warning] [omni.physx.plugin] Invalid PhysX transform detected for /World/Stem/SmoothBranch_10.
2026-07-23 09:51:15 [11,895ms] [Warning] [omni.physx.plugin] Invalid PhysX transform detected for /World/Stem/SmoothBranch_11.
2026-07-23 09:51:15 [11,895ms] [Warning] [omni.physx.plugin] Invalid PhysX transform detected for /World/Stem/SmoothBranch_12.
2026-07-23 09:51:15 [11,895ms] [Warning] [omni.physx.plugin] Invalid PhysX transform detected for /World/Stem/SmoothBranch_13.
2026-07-23 09:51:15 [11,895ms] [Warning] [omni.physx.plugin] Invalid PhysX transform detected for /World/Stem/SmoothBranch_14.
2026-07-23 09:51:15 [11,895ms] [Warning] [omni.physx.plugin] Invalid PhysX transform detected for /World/Stem/SmoothBranch_15.
2026-07-23 09:51:15 [11,895ms] [Warning] [omni.physx.plugin] Invalid PhysX transform detected for /World/Stem/SmoothBranch_16.
2026-07-23 09:51:15 [11,895ms] [Warning] [omni.physx.plugin] Invalid PhysX transform detected for /World/Stem/SmoothBranch_17.
2026-07-23 09:51:15 [11,895ms] [Warning] [omni.physx.plugin] Invalid PhysX transform detected for /World/Stem/SmoothBranch_18.
2026-07-23 09:51:15 [11,895ms] [Warning] [omni.physx.plugin] Invalid PhysX transform detected for /World/Stem/SmoothBranch_19.
2026-07-23 09:51:15 [11,895ms] [Warning] [omni.physx.plugin] Invalid PhysX transform detected for /World/Stem/SmoothBranch_20.
2026-07-23 09:51:15 [11,895ms] [Warning] [omni.physx.plugin] Invalid PhysX transform detected for /World/Stem/SmoothBranch_21.
2026-07-23 09:51:15 [11,895ms] [Warning] [omni.physx.plugin] Invalid PhysX transform detected for /World/Stem/SmoothBranch_22.
2026-07-23 09:51:15 [11,895ms] [Warning] [omni.physx.plugin] Invalid PhysX transform detected for /World/Stem/SmoothBranch_23.
2026-07-23 09:51:15 [11,895ms] [Warning] [omni.physx.plugin] Invalid PhysX transform detected for /World/Stem/SmoothBranch_24.
2026-07-23 09:51:15 [11,895ms] [Warning] [omni.physx.plugin] Invalid PhysX transform detected for /World/Stem/Fruit_Smooth_base.
2026-07-23 09:51:15 [11,895ms] [Warning] [omni.physx.plugin] Invalid PhysX transform detected for /World/Stem/Fruit_Smooth_tip.
2026-07-23 09:51:15 [11,895ms] [Warning] [omni.physx.plugin] Invalid PhysX transform detected for /World/Stem/Fruit_Smooth.
2026-07-23 09:51:15 [11,905ms] [Warning] [omni.physx.plugin] Invalid PhysX transform detected for /World/Stem/SmoothBranch_00.
2026-07-23 09:51:15 [11,905ms] [Warning] [omni.physx.plugin] Invalid PhysX transform detected for /World/Stem/SmoothBranch_01.
2026-07-23 09:51:15 [11,905ms] [Warning] [omni.physx.plugin] Invalid PhysX transform detected for /World/Stem/SmoothBranch_02.
2026-07-23 09:51:15 [11,905ms] [Warning] [omni.physx.plugin] Invalid PhysX transform detected for /World/Stem/SmoothBranch_03.
2026-07-23 09:51:15 [11,905ms] [Warning] [omni.physx.plugin] Invalid PhysX transform detected for /World/Stem/SmoothBranch_04.
2026-07-23 09:51:15 [11,905ms] [Warning] [omni.physx.plugin] Invalid PhysX transform detected for /World/Stem/SmoothBranch_05.
2026-07-23 09:51:15 [11,905ms] [Warning] [omni.physx.plugin] Invalid PhysX transform detected for /World/Stem/SmoothBranch_06.
2026-07-23 09:51:15 [11,905ms] [Warning] [omni.physx.plugin] Invalid PhysX transform detected for /World/Stem/SmoothBranch_07.
2026-07-23 09:51:15 [11,905ms] [Warning] [omni.physx.plugin] Invalid PhysX transform detected for /World/Stem/SmoothBranch_08.
2026-07-23 09:51:15 [11,905ms] [Warning] [omni.physx.plugin] Invalid PhysX transform detected for /World/Stem/SmoothBranch_09.
2026-07-23 09:51:15 [11,905ms] [Warning] [omni.physx.plugin] Invalid PhysX transform detected for /World/Stem/SmoothBranch_10.
2026-07-23 09:51:15 [11,905ms] [Warning] [omni.physx.plugin] Invalid PhysX transform detected for /World/Stem/SmoothBranch_11.
2026-07-23 09:51:15 [11,905ms] [Warning] [omni.physx.plugin] Invalid PhysX transform detected for /World/Stem/SmoothBranch_12.
2026-07-23 09:51:15 [11,905ms] [Warning] [omni.physx.plugin] Invalid PhysX transform detected for /World/Stem/SmoothBranch_13.
2026-07-23 09:51:15 [11,905ms] [Warning] [omni.physx.plugin] Invalid PhysX transform detected for /World/Stem/SmoothBranch_14.
2026-07-23 09:51:15 [11,905ms] [Warning] [omni.physx.plugin] Invalid PhysX transform detected for /World/Stem/SmoothBranch_15.
2026-07-23 09:51:15 [11,905ms] [Warning] [omni.physx.plugin] Invalid PhysX transform detected for /World/Stem/SmoothBranch_16.
2026-07-23 09:51:15 [11,905ms] [Warning] [omni.physx.plugin] Invalid PhysX transform detected for /World/Stem/SmoothBranch_17.
2026-07-23 09:51:15 [11,905ms] [Warning] [omni.physx.plugin] Invalid PhysX transform detected for /World/Stem/SmoothBranch_18.
2026-07-23 09:51:15 [11,905ms] [Warning] [omni.physx.plugin] Invalid PhysX transform detected for /World/Stem/SmoothBranch_19.
2026-07-23 09:51:15 [11,905ms] [Warning] [omni.physx.plugin] Invalid PhysX transform detected for /World/Stem/SmoothBranch_20.
2026-07-23 09:51:15 [11,905ms] [Warning] [omni.physx.plugin] Invalid PhysX transform detected for /World/Stem/SmoothBranch_21.
2026-07-23 09:51:15 [11,905ms] [Warning] [omni.physx.plugin] Invalid PhysX transform detected for /World/Stem/SmoothBranch_22.
2026-07-23 09:51:15 [11,905ms] [Warning] [omni.physx.plugin] Invalid PhysX transform detected for /World/Stem/SmoothBranch_23.
2026-07-23 09:51:15 [11,905ms] [Warning] [omni.physx.plugin] Invalid PhysX transform detected for /World/Stem/SmoothBranch_24.
2026-07-23 09:51:15 [11,905ms] [Warning] [omni.physx.plugin] Invalid PhysX transform detected for /World/Stem/Fruit_Smooth_base.
2026-07-23 09:51:15 [11,905ms] [Warning] [omni.physx.plugin] Invalid PhysX transform detected for /World/Stem/Fruit_Smooth_tip.
2026-07-23 09:51:15 [11,905ms] [Warning] [omni.physx.plugin] Invalid PhysX transform detected for /World/Stem/Fruit_Smooth.
2026-07-23 09:51:15 [11,916ms] [Warning] [omni.physx.plugin] Invalid PhysX transform detected for /World/Stem/SmoothBranch_00.
2026-07-23 09:51:15 [11,916ms] [Warning] [omni.physx.plugin] Invalid PhysX transform detected for /World/Stem/SmoothBranch_01.
2026-07-23 09:51:15 [11,916ms] [Warning] [omni.physx.plugin] Invalid PhysX transform detected for /World/Stem/SmoothBranch_02.
2026-07-23 09:51:15 [11,916ms] [Warning] [omni.physx.plugin] Invalid PhysX transform detected for /World/Stem/SmoothBranch_03.
2026-07-23 09:51:15 [11,916ms] [Warning] [omni.physx.plugin] Invalid PhysX transform detected for /World/Stem/SmoothBranch_04.
2026-07-23 09:51:15 [11,916ms] [Warning] [omni.physx.plugin] Invalid PhysX transform detected for /World/Stem/SmoothBranch_05.
2026-07-23 09:51:15 [11,916ms] [Warning] [omni.physx.plugin] Invalid PhysX transform detected for /World/Stem/SmoothBranch_06.
2026-07-23 09:51:15 [11,916ms] [Warning] [omni.physx.plugin] Invalid PhysX transform detected for /World/Stem/SmoothBranch_07.
2026-07-23 09:51:15 [11,916ms] [Warning] [omni.physx.plugin] Invalid PhysX transform detected for /World/Stem/SmoothBranch_08.
2026-07-23 09:51:15 [11,916ms] [Warning] [omni.physx.plugin] Invalid PhysX transform detected for /World/Stem/SmoothBranch_09.
2026-07-23 09:51:15 [11,916ms] [Warning] [omni.physx.plugin] Invalid PhysX transform detected for /World/Stem/SmoothBranch_10.
2026-07-23 09:51:15 [11,916ms] [Warning] [omni.physx.plugin] Invalid PhysX transform detected for /World/Stem/SmoothBranch_11.
2026-07-23 09:51:15 [11,916ms] [Warning] [omni.physx.plugin] Invalid PhysX transform detected for /World/Stem/SmoothBranch_12.
2026-07-23 09:51:15 [11,916ms] [Warning] [omni.physx.plugin] Invalid PhysX transform detected for /World/Stem/SmoothBranch_13.
2026-07-23 09:51:15 [11,916ms] [Warning] [omni.physx.plugin] Invalid PhysX transform detected for /World/Stem/SmoothBranch_14.
2026-07-23 09:51:15 [11,916ms] [Warning] [omni.physx.plugin] Invalid PhysX transform detected for /World/Stem/SmoothBranch_15.
2026-07-23 09:51:15 [11,916ms] [Warning] [omni.physx.plugin] Invalid PhysX transform detected for /World/Stem/SmoothBranch_16.
2026-07-23 09:51:15 [11,916ms] [Warning] [omni.physx.plugin] Invalid PhysX transform detected for /World/Stem/SmoothBranch_17.
2026-07-23 09:51:15 [11,916ms] [Warning] [omni.physx.plugin] Invalid PhysX transform detected for /World/Stem/SmoothBranch_18.
2026-07-23 09:51:15 [11,916ms] [Warning] [omni.physx.plugin] Invalid PhysX transform detected for /World/Stem/SmoothBranch_19.
2026-07-23 09:51:15 [11,916ms] [Warning] [omni.physx.plugin] Invalid PhysX transform detected for /World/Stem/SmoothBranch_20.
2026-07-23 09:51:15 [11,916ms] [Warning] [omni.physx.plugin] Invalid PhysX transform detected for /World/Stem/SmoothBranch_21.
2026-07-23 09:51:15 [11,916ms] [Warning] [omni.physx.plugin] Invalid PhysX transform detected for /World/Stem/SmoothBranch_22.
2026-07-23 09:51:15 [11,916ms] [Warning] [omni.physx.plugin] Invalid PhysX transform detected for /World/Stem/SmoothBranch_23.
2026-07-23 09:51:15 [11,916ms] [Warning] [omni.physx.plugin] Invalid PhysX transform detected for /World/Stem/SmoothBranch_24.
2026-07-23 09:51:15 [11,916ms] [Warning] [omni.physx.plugin] Invalid PhysX transform detected for /World/Stem/Fruit_Smooth_base.
2026-07-23 09:51:15 [11,916ms] [Warning] [omni.physx.plugin] Invalid PhysX transform detected for /World/Stem/Fruit_Smooth_tip.
2026-07-23 09:51:15 [11,916ms] [Warning] [omni.physx.plugin] Invalid PhysX transform detected for /World/Stem/Fruit_Smooth.
2026-07-23 09:51:15 [11,927ms] [Warning] [omni.physx.plugin] Invalid PhysX transform detected for /World/Stem/SmoothBranch_00.
2026-07-23 09:51:15 [11,927ms] [Warning] [omni.physx.plugin] Invalid PhysX transform detected for /World/Stem/SmoothBranch_01.
2026-07-23 09:51:15 [11,927ms] [Warning] [omni.physx.plugin] Invalid PhysX transform detected for /World/Stem/SmoothBranch_02.
2026-07-23 09:51:15 [11,927ms] [Warning] [omni.physx.plugin] Invalid PhysX transform detected for /World/Stem/SmoothBranch_03.
2026-07-23 09:51:15 [11,927ms] [Warning] [omni.physx.plugin] Invalid PhysX transform detected for /World/Stem/SmoothBranch_04.
2026-07-23 09:51:15 [11,927ms] [Warning] [omni.physx.plugin] Invalid PhysX transform detected for /World/Stem/SmoothBranch_05.
2026-07-23 09:51:15 [11,927ms] [Warning] [omni.physx.plugin] Invalid PhysX transform detected for /World/Stem/SmoothBranch_06.
2026-07-23 09:51:15 [11,927ms] [Warning] [omni.physx.plugin] Invalid PhysX transform detected for /World/Stem/SmoothBranch_07.
2026-07-23 09:51:15 [11,927ms] [Warning] [omni.physx.plugin] Invalid PhysX transform detected for /World/Stem/SmoothBranch_08.
2026-07-23 09:51:15 [11,927ms] [Warning] [omni.physx.plugin] Invalid PhysX transform detected for /World/Stem/SmoothBranch_09.
2026-07-23 09:51:15 [11,927ms] [Warning] [omni.physx.plugin] Invalid PhysX transform detected for /World/Stem/SmoothBranch_10.
2026-07-23 09:51:15 [11,927ms] [Warning] [omni.physx.plugin] Invalid PhysX transform detected for /World/Stem/SmoothBranch_11.
2026-07-23 09:51:15 [11,927ms] [Warning] [omni.physx.plugin] Invalid PhysX transform detected for /World/Stem/SmoothBranch_12.
2026-07-23 09:51:15 [11,927ms] [Warning] [omni.physx.plugin] Invalid PhysX transform detected for /World/Stem/SmoothBranch_13.
2026-07-23 09:51:15 [11,927ms] [Warning] [omni.physx.plugin] Invalid PhysX transform detected for /World/Stem/SmoothBranch_14.
2026-07-23 09:51:15 [11,927ms] [Warning] [omni.physx.plugin] Invalid PhysX transform detected for /World/Stem/SmoothBranch_15.
2026-07-23 09:51:15 [11,927ms] [Warning] [omni.physx.plugin] Invalid PhysX transform detected for /World/Stem/SmoothBranch_16.
2026-07-23 09:51:15 [11,927ms] [Warning] [omni.physx.plugin] Invalid PhysX transform detected for /World/Stem/SmoothBranch_17.
2026-07-23 09:51:15 [11,927ms] [Warning] [omni.physx.plugin] Invalid PhysX transform detected for /World/Stem/SmoothBranch_18.
2026-07-23 09:51:15 [11,927ms] [Warning] [omni.physx.plugin] Invalid PhysX transform detected for /World/Stem/SmoothBranch_19.
2026-07-23 09:51:15 [11,927ms] [Warning] [omni.physx.plugin] Invalid PhysX transform detected for /World/Stem/SmoothBranch_20.
2026-07-23 09:51:15 [11,927ms] [Warning] [omni.physx.plugin] Invalid PhysX transform detected for /World/Stem/SmoothBranch_21.
2026-07-23 09:51:15 [11,927ms] [Warning] [omni.physx.plugin] Invalid PhysX transform detected for /World/Stem/SmoothBranch_22.
2026-07-23 09:51:15 [11,927ms] [Warning] [omni.physx.plugin] Invalid PhysX transform detected for /World/Stem/SmoothBranch_23.
2026-07-23 09:51:15 [11,927ms] [Warning] [omni.physx.plugin] Invalid PhysX transform detected for /World/Stem/SmoothBranch_24.
2026-07-23 09:51:15 [11,927ms] [Warning] [omni.physx.plugin] Invalid PhysX transform detected for /World/Stem/Fruit_Smooth_base.
2026-07-23 09:51:15 [11,927ms] [Warning] [omni.physx.plugin] Invalid PhysX transform detected for /World/Stem/Fruit_Smooth_tip.
2026-07-23 09:51:15 [11,927ms] [Warning] [omni.physx.plugin] Invalid PhysX transform detected for /World/Stem/Fruit_Smooth.
2026-07-23 09:51:15 [11,937ms] [Warning] [omni.physx.plugin] Invalid PhysX transform detected for /World/Stem/SmoothBranch_00.
2026-07-23 09:51:15 [11,937ms] [Warning] [omni.physx.plugin] Invalid PhysX transform detected for /World/Stem/SmoothBranch_01.
2026-07-23 09:51:15 [11,937ms] [Warning] [omni.physx.plugin] Invalid PhysX transform detected for /World/Stem/SmoothBranch_02.
2026-07-23 09:51:15 [11,937ms] [Warning] [omni.physx.plugin] Invalid PhysX transform detected for /World/Stem/SmoothBranch_03.
2026-07-23 09:51:15 [11,937ms] [Warning] [omni.physx.plugin] Invalid PhysX transform detected for /World/Stem/SmoothBranch_04.
2026-07-23 09:51:15 [11,937ms] [Warning] [omni.physx.plugin] Invalid PhysX transform detected for /World/Stem/SmoothBranch_05.
2026-07-23 09:51:15 [11,937ms] [Warning] [omni.physx.plugin] Invalid PhysX transform detected for /World/Stem/SmoothBranch_06.
2026-07-23 09:51:15 [11,937ms] [Warning] [omni.physx.plugin] Invalid PhysX transform detected for /World/Stem/SmoothBranch_07.
2026-07-23 09:51:15 [11,937ms] [Warning] [omni.physx.plugin] Invalid PhysX transform detected for /World/Stem/SmoothBranch_08.
2026-07-23 09:51:15 [11,937ms] [Warning] [omni.physx.plugin] Invalid PhysX transform detected for /World/Stem/SmoothBranch_09.
2026-07-23 09:51:15 [11,937ms] [Warning] [omni.physx.plugin] Invalid PhysX transform detected for /World/Stem/SmoothBranch_10.
2026-07-23 09:51:15 [11,937ms] [Warning] [omni.physx.plugin] Invalid PhysX transform detected for /World/Stem/SmoothBranch_11.
2026-07-23 09:51:15 [11,937ms] [Warning] [omni.physx.plugin] Invalid PhysX transform detected for /World/Stem/SmoothBranch_12.
2026-07-23 09:51:15 [11,937ms] [Warning] [omni.physx.plugin] Invalid PhysX transform detected for /World/Stem/SmoothBranch_13.
2026-07-23 09:51:15 [11,937ms] [Warning] [omni.physx.plugin] Invalid PhysX transform detected for /World/Stem/SmoothBranch_14.
2026-07-23 09:51:15 [11,937ms] [Warning] [omni.physx.plugin] Invalid PhysX transform detected for /World/Stem/SmoothBranch_15.
2026-07-23 09:51:15 [11,937ms] [Warning] [omni.physx.plugin] Invalid PhysX transform detected for /World/Stem/SmoothBranch_16.
2026-07-23 09:51:15 [11,937ms] [Warning] [omni.physx.plugin] Invalid PhysX transform detected for /World/Stem/SmoothBranch_17.
2026-07-23 09:51:15 [11,937ms] [Warning] [omni.physx.plugin] Invalid PhysX transform detected for /World/Stem/SmoothBranch_18.
2026-07-23 09:51:15 [11,937ms] [Warning] [omni.physx.plugin] Invalid PhysX transform detected for /World/Stem/SmoothBranch_19.
2026-07-23 09:51:15 [11,937ms] [Warning] [omni.physx.plugin] Invalid PhysX transform detected for /World/Stem/SmoothBranch_20.
2026-07-23 09:51:15 [11,937ms] [Warning] [omni.physx.plugin] Invalid PhysX transform detected for /World/Stem/SmoothBranch_21.
2026-07-23 09:51:15 [11,937ms] [Warning] [omni.physx.plugin] Invalid PhysX transform detected for /World/Stem/SmoothBranch_22.
2026-07-23 09:51:15 [11,937ms] [Warning] [omni.physx.plugin] Invalid PhysX transform detected for /World/Stem/SmoothBranch_23.
2026-07-23 09:51:15 [11,937ms] [Warning] [omni.physx.plugin] Invalid PhysX transform detected for /World/Stem/SmoothBranch_24.
2026-07-23 09:51:15 [11,937ms] [Warning] [omni.physx.plugin] Invalid PhysX transform detected for /World/Stem/Fruit_Smooth_base.
2026-07-23 09:51:15 [11,937ms] [Warning] [omni.physx.plugin] Invalid PhysX transform detected for /World/Stem/Fruit_Smooth_tip.
2026-07-23 09:51:15 [11,937ms] [Warning] [omni.physx.plugin] Invalid PhysX transform detected for /World/Stem/Fruit_Smooth.
2026-07-23 09:51:15 [11,949ms] [Warning] [omni.physx.plugin] Invalid PhysX transform detected for /World/Stem/SmoothBranch_00.
2026-07-23 09:51:15 [11,949ms] [Warning] [omni.physx.plugin] Invalid PhysX transform detected for /World/Stem/SmoothBranch_01.
2026-07-23 09:51:15 [11,949ms] [Warning] [omni.physx.plugin] Invalid PhysX transform detected for /World/Stem/SmoothBranch_02.
2026-07-23 09:51:15 [11,949ms] [Warning] [omni.physx.plugin] Invalid PhysX transform detected for /World/Stem/SmoothBranch_03.
2026-07-23 09:51:15 [11,949ms] [Warning] [omni.physx.plugin] Invalid PhysX transform detected for /World/Stem/SmoothBranch_04.
2026-07-23 09:51:15 [11,949ms] [Warning] [omni.physx.plugin] Invalid PhysX transform detected for /World/Stem/SmoothBranch_05.
2026-07-23 09:51:15 [11,949ms] [Warning] [omni.physx.plugin] Invalid PhysX transform detected for /World/Stem/SmoothBranch_06.
2026-07-23 09:51:15 [11,949ms] [Warning] [omni.physx.plugin] Invalid PhysX transform detected for /World/Stem/SmoothBranch_07.
2026-07-23 09:51:15 [11,949ms] [Warning] [omni.physx.plugin] Invalid PhysX transform detected for /World/Stem/SmoothBranch_08.
2026-07-23 09:51:15 [11,949ms] [Warning] [omni.physx.plugin] Invalid PhysX transform detected for /World/Stem/SmoothBranch_09.
2026-07-23 09:51:15 [11,949ms] [Warning] [omni.physx.plugin] Invalid PhysX transform detected for /World/Stem/SmoothBranch_10.
2026-07-23 09:51:15 [11,949ms] [Warning] [omni.physx.plugin] Invalid PhysX transform detected for /World/Stem/SmoothBranch_11.
2026-07-23 09:51:15 [11,949ms] [Warning] [omni.physx.plugin] Invalid PhysX transform detected for /World/Stem/SmoothBranch_12.
2026-07-23 09:51:15 [11,949ms] [Warning] [omni.physx.plugin] Invalid PhysX transform detected for /World/Stem/SmoothBranch_13.
2026-07-23 09:51:15 [11,949ms] [Warning] [omni.physx.plugin] Invalid PhysX transform detected for /World/Stem/SmoothBranch_14.
2026-07-23 09:51:15 [11,949ms] [Warning] [omni.physx.plugin] Invalid PhysX transform detected for /World/Stem/SmoothBranch_15.
2026-07-23 09:51:15 [11,949ms] [Warning] [omni.physx.plugin] Invalid PhysX transform detected for /World/Stem/SmoothBranch_16.
2026-07-23 09:51:15 [11,949ms] [Warning] [omni.physx.plugin] Invalid PhysX transform detected for /World/Stem/SmoothBranch_17.
2026-07-23 09:51:15 [11,949ms] [Warning] [omni.physx.plugin] Invalid PhysX transform detected for /World/Stem/SmoothBranch_18.
2026-07-23 09:51:15 [11,949ms] [Warning] [omni.physx.plugin] Invalid PhysX transform detected for /World/Stem/SmoothBranch_19.
2026-07-23 09:51:15 [11,949ms] [Warning] [omni.physx.plugin] Invalid PhysX transform detected for /World/Stem/SmoothBranch_20.
2026-07-23 09:51:15 [11,949ms] [Warning] [omni.physx.plugin] Invalid PhysX transform detected for /World/Stem/SmoothBranch_21.
2026-07-23 09:51:15 [11,949ms] [Warning] [omni.physx.plugin] Invalid PhysX transform detected for /World/Stem/SmoothBranch_22.
2026-07-23 09:51:15 [11,949ms] [Warning] [omni.physx.plugin] Invalid PhysX transform detected for /World/Stem/SmoothBranch_23.
2026-07-23 09:51:15 [11,949ms] [Warning] [omni.physx.plugin] Invalid PhysX transform detected for /World/Stem/SmoothBranch_24.
2026-07-23 09:51:15 [11,949ms] [Warning] [omni.physx.plugin] Invalid PhysX transform detected for /World/Stem/Fruit_Smooth_base.
2026-07-23 09:51:15 [11,949ms] [Warning] [omni.physx.plugin] Invalid PhysX transform detected for /World/Stem/Fruit_Smooth_tip.
2026-07-23 09:51:15 [11,949ms] [Warning] [omni.physx.plugin] Invalid PhysX transform detected for /World/Stem/Fruit_Smooth.
2026-07-23 09:51:15 [11,960ms] [Warning] [omni.physx.plugin] Invalid PhysX transform detected for /World/Stem/SmoothBranch_00.
2026-07-23 09:51:15 [11,960ms] [Warning] [omni.physx.plugin] Invalid PhysX transform detected for /World/Stem/SmoothBranch_01.
2026-07-23 09:51:15 [11,960ms] [Warning] [omni.physx.plugin] Invalid PhysX transform detected for /World/Stem/SmoothBranch_02.
2026-07-23 09:51:15 [11,960ms] [Warning] [omni.physx.plugin] Invalid PhysX transform detected for /World/Stem/SmoothBranch_03.
2026-07-23 09:51:15 [11,960ms] [Warning] [omni.physx.plugin] Invalid PhysX transform detected for /World/Stem/SmoothBranch_04.
2026-07-23 09:51:15 [11,960ms] [Warning] [omni.physx.plugin] Invalid PhysX transform detected for /World/Stem/SmoothBranch_05.
2026-07-23 09:51:15 [11,960ms] [Warning] [omni.physx.plugin] Invalid PhysX transform detected for /World/Stem/SmoothBranch_06.
2026-07-23 09:51:15 [11,960ms] [Warning] [omni.physx.plugin] Invalid PhysX transform detected for /World/Stem/SmoothBranch_07.
2026-07-23 09:51:15 [11,960ms] [Warning] [omni.physx.plugin] Invalid PhysX transform detected for /World/Stem/SmoothBranch_08.
2026-07-23 09:51:15 [11,960ms] [Warning] [omni.physx.plugin] Invalid PhysX transform detected for /World/Stem/SmoothBranch_09.
2026-07-23 09:51:15 [11,960ms] [Warning] [omni.physx.plugin] Invalid PhysX transform detected for /World/Stem/SmoothBranch_10.
2026-07-23 09:51:15 [11,960ms] [Warning] [omni.physx.plugin] Invalid PhysX transform detected for /World/Stem/SmoothBranch_11.
2026-07-23 09:51:15 [11,960ms] [Warning] [omni.physx.plugin] Invalid PhysX transform detected for /World/Stem/SmoothBranch_12.
2026-07-23 09:51:15 [11,960ms] [Warning] [omni.physx.plugin] Invalid PhysX transform detected for /World/Stem/SmoothBranch_13.
2026-07-23 09:51:15 [11,960ms] [Warning] [omni.physx.plugin] Invalid PhysX transform detected for /World/Stem/SmoothBranch_14.
2026-07-23 09:51:15 [11,960ms] [Warning] [omni.physx.plugin] Invalid PhysX transform detected for /World/Stem/SmoothBranch_15.
2026-07-23 09:51:15 [11,960ms] [Warning] [omni.physx.plugin] Invalid PhysX transform detected for /World/Stem/SmoothBranch_16.
2026-07-23 09:51:15 [11,960ms] [Warning] [omni.physx.plugin] Invalid PhysX transform detected for /World/Stem/SmoothBranch_17.
2026-07-23 09:51:15 [11,960ms] [Warning] [omni.physx.plugin] Invalid PhysX transform detected for /World/Stem/SmoothBranch_18.
2026-07-23 09:51:15 [11,960ms] [Warning] [omni.physx.plugin] Invalid PhysX transform detected for /World/Stem/SmoothBranch_19.
2026-07-23 09:51:15 [11,960ms] [Warning] [omni.physx.plugin] Invalid PhysX transform detected for /World/Stem/SmoothBranch_20.
2026-07-23 09:51:15 [11,960ms] [Warning] [omni.physx.plugin] Invalid PhysX transform detected for /World/Stem/SmoothBranch_21.
2026-07-23 09:51:15 [11,960ms] [Warning] [omni.physx.plugin] Invalid PhysX transform detected for /World/Stem/SmoothBranch_22.
2026-07-23 09:51:15 [11,960ms] [Warning] [omni.physx.plugin] Invalid PhysX transform detected for /World/Stem/SmoothBranch_23.
2026-07-23 09:51:15 [11,960ms] [Warning] [omni.physx.plugin] Invalid PhysX transform detected for /World/Stem/SmoothBranch_24.
2026-07-23 09:51:15 [11,960ms] [Warning] [omni.physx.plugin] Invalid PhysX transform detected for /World/Stem/Fruit_Smooth_base.
2026-07-23 09:51:15 [11,960ms] [Warning] [omni.physx.plugin] Invalid PhysX transform detected for /World/Stem/Fruit_Smooth_tip.
2026-07-23 09:51:15 [11,960ms] [Warning] [omni.physx.plugin] Invalid PhysX transform detected for /World/Stem/Fruit_Smooth.
2026-07-23 09:51:15 [11,970ms] [Warning] [omni.physx.plugin] Invalid PhysX transform detected for /World/Stem/SmoothBranch_00.
2026-07-23 09:51:15 [11,970ms] [Warning] [omni.physx.plugin] Invalid PhysX transform detected for /World/Stem/SmoothBranch_01.
2026-07-23 09:51:15 [11,970ms] [Warning] [omni.physx.plugin] Invalid PhysX transform detected for /World/Stem/SmoothBranch_02.
2026-07-23 09:51:15 [11,970ms] [Warning] [omni.physx.plugin] Invalid PhysX transform detected for /World/Stem/SmoothBranch_03.
2026-07-23 09:51:15 [11,970ms] [Warning] [omni.physx.plugin] Invalid PhysX transform detected for /World/Stem/SmoothBranch_04.
2026-07-23 09:51:15 [11,970ms] [Warning] [omni.physx.plugin] Invalid PhysX transform detected for /World/Stem/SmoothBranch_05.
2026-07-23 09:51:15 [11,970ms] [Warning] [omni.physx.plugin] Invalid PhysX transform detected for /World/Stem/SmoothBranch_06.
2026-07-23 09:51:15 [11,970ms] [Warning] [omni.physx.plugin] Invalid PhysX transform detected for /World/Stem/SmoothBranch_07.
2026-07-23 09:51:15 [11,970ms] [Warning] [omni.physx.plugin] Invalid PhysX transform detected for /World/Stem/SmoothBranch_08.
2026-07-23 09:51:15 [11,970ms] [Warning] [omni.physx.plugin] Invalid PhysX transform detected for /World/Stem/SmoothBranch_09.
2026-07-23 09:51:15 [11,970ms] [Warning] [omni.physx.plugin] Invalid PhysX transform detected for /World/Stem/SmoothBranch_10.
2026-07-23 09:51:15 [11,970ms] [Warning] [omni.physx.plugin] Invalid PhysX transform detected for /World/Stem/SmoothBranch_11.
2026-07-23 09:51:15 [11,970ms] [Warning] [omni.physx.plugin] Invalid PhysX transform detected for /World/Stem/SmoothBranch_12.
2026-07-23 09:51:15 [11,970ms] [Warning] [omni.physx.plugin] Invalid PhysX transform detected for /World/Stem/SmoothBranch_13.
2026-07-23 09:51:15 [11,970ms] [Warning] [omni.physx.plugin] Invalid PhysX transform detected for /World/Stem/SmoothBranch_14.
2026-07-23 09:51:15 [11,970ms] [Warning] [omni.physx.plugin] Invalid PhysX transform detected for /World/Stem/SmoothBranch_15.
2026-07-23 09:51:15 [11,970ms] [Warning] [omni.physx.plugin] Invalid PhysX transform detected for /World/Stem/SmoothBranch_16.
2026-07-23 09:51:15 [11,970ms] [Warning] [omni.physx.plugin] Invalid PhysX transform detected for /World/Stem/SmoothBranch_17.
2026-07-23 09:51:15 [11,970ms] [Warning] [omni.physx.plugin] Invalid PhysX transform detected for /World/Stem/SmoothBranch_18.
2026-07-23 09:51:15 [11,970ms] [Warning] [omni.physx.plugin] Invalid PhysX transform detected for /World/Stem/SmoothBranch_19.
2026-07-23 09:51:15 [11,970ms] [Warning] [omni.physx.plugin] Invalid PhysX transform detected for /World/Stem/SmoothBranch_20.
2026-07-23 09:51:15 [11,970ms] [Warning] [omni.physx.plugin] Invalid PhysX transform detected for /World/Stem/SmoothBranch_21.
2026-07-23 09:51:15 [11,970ms] [Warning] [omni.physx.plugin] Invalid PhysX transform detected for /World/Stem/SmoothBranch_22.
2026-07-23 09:51:15 [11,970ms] [Warning] [omni.physx.plugin] Invalid PhysX transform detected for /World/Stem/SmoothBranch_23.
2026-07-23 09:51:15 [11,970ms] [Warning] [omni.physx.plugin] Invalid PhysX transform detected for /World/Stem/SmoothBranch_24.
2026-07-23 09:51:15 [11,970ms] [Warning] [omni.physx.plugin] Invalid PhysX transform detected for /World/Stem/Fruit_Smooth_base.
2026-07-23 09:51:15 [11,970ms] [Warning] [omni.physx.plugin] Invalid PhysX transform detected for /World/Stem/Fruit_Smooth_tip.
2026-07-23 09:51:15 [11,970ms] [Warning] [omni.physx.plugin] Invalid PhysX transform detected for /World/Stem/Fruit_Smooth.
2026-07-23 09:51:15 [11,981ms] [Warning] [omni.physx.plugin] Invalid PhysX transform detected for /World/Stem/SmoothBranch_00.
2026-07-23 09:51:15 [11,981ms] [Warning] [omni.physx.plugin] Invalid PhysX transform detected for /World/Stem/SmoothBranch_01.
2026-07-23 09:51:15 [11,981ms] [Warning] [omni.physx.plugin] Invalid PhysX transform detected for /World/Stem/SmoothBranch_02.
2026-07-23 09:51:15 [11,981ms] [Warning] [omni.physx.plugin] Invalid PhysX transform detected for /World/Stem/SmoothBranch_03.
2026-07-23 09:51:15 [11,981ms] [Warning] [omni.physx.plugin] Invalid PhysX transform detected for /World/Stem/SmoothBranch_04.
2026-07-23 09:51:15 [11,981ms] [Warning] [omni.physx.plugin] Invalid PhysX transform detected for /World/Stem/SmoothBranch_05.
2026-07-23 09:51:15 [11,981ms] [Warning] [omni.physx.plugin] Invalid PhysX transform detected for /World/Stem/SmoothBranch_06.
2026-07-23 09:51:15 [11,981ms] [Warning] [omni.physx.plugin] Invalid PhysX transform detected for /World/Stem/SmoothBranch_07.
2026-07-23 09:51:15 [11,981ms] [Warning] [omni.physx.plugin] Invalid PhysX transform detected for /World/Stem/SmoothBranch_08.
2026-07-23 09:51:15 [11,981ms] [Warning] [omni.physx.plugin] Invalid PhysX transform detected for /World/Stem/SmoothBranch_09.
2026-07-23 09:51:15 [11,981ms] [Warning] [omni.physx.plugin] Invalid PhysX transform detected for /World/Stem/SmoothBranch_10.
2026-07-23 09:51:15 [11,981ms] [Warning] [omni.physx.plugin] Invalid PhysX transform detected for /World/Stem/SmoothBranch_11.
2026-07-23 09:51:15 [11,981ms] [Warning] [omni.physx.plugin] Invalid PhysX transform detected for /World/Stem/SmoothBranch_12.
2026-07-23 09:51:15 [11,981ms] [Warning] [omni.physx.plugin] Invalid PhysX transform detected for /World/Stem/SmoothBranch_13.
2026-07-23 09:51:15 [11,981ms] [Warning] [omni.physx.plugin] Invalid PhysX transform detected for /World/Stem/SmoothBranch_14.
2026-07-23 09:51:15 [11,981ms] [Warning] [omni.physx.plugin] Invalid PhysX transform detected for /World/Stem/SmoothBranch_15.
2026-07-23 09:51:15 [11,981ms] [Warning] [omni.physx.plugin] Invalid PhysX transform detected for /World/Stem/SmoothBranch_16.
2026-07-23 09:51:15 [11,981ms] [Warning] [omni.physx.plugin] Invalid PhysX transform detected for /World/Stem/SmoothBranch_17.
2026-07-23 09:51:15 [11,981ms] [Warning] [omni.physx.plugin] Invalid PhysX transform detected for /World/Stem/SmoothBranch_18.
2026-07-23 09:51:15 [11,981ms] [Warning] [omni.physx.plugin] Invalid PhysX transform detected for /World/Stem/SmoothBranch_19.
2026-07-23 09:51:15 [11,981ms] [Warning] [omni.physx.plugin] Invalid PhysX transform detected for /World/Stem/SmoothBranch_20.
2026-07-23 09:51:15 [11,981ms] [Warning] [omni.physx.plugin] Invalid PhysX transform detected for /World/Stem/SmoothBranch_21.
2026-07-23 09:51:15 [11,981ms] [Warning] [omni.physx.plugin] Invalid PhysX transform detected for /World/Stem/SmoothBranch_22.
2026-07-23 09:51:15 [11,981ms] [Warning] [omni.physx.plugin] Invalid PhysX transform detected for /World/Stem/SmoothBranch_23.
2026-07-23 09:51:15 [11,981ms] [Warning] [omni.physx.plugin] Invalid PhysX transform detected for /World/Stem/SmoothBranch_24.
2026-07-23 09:51:15 [11,981ms] [Warning] [omni.physx.plugin] Invalid PhysX transform detected for /World/Stem/Fruit_Smooth_base.
2026-07-23 09:51:15 [11,981ms] [Warning] [omni.physx.plugin] Invalid PhysX transform detected for /World/Stem/Fruit_Smooth_tip.
2026-07-23 09:51:15 [11,981ms] [Warning] [omni.physx.plugin] Invalid PhysX transform detected for /World/Stem/Fruit_Smooth.
2026-07-23 09:51:15 [11,992ms] [Warning] [omni.physx.plugin] Invalid PhysX transform detected for /World/Stem/SmoothBranch_00.
2026-07-23 09:51:15 [11,992ms] [Warning] [omni.physx.plugin] Invalid PhysX transform detected for /World/Stem/SmoothBranch_01.
2026-07-23 09:51:15 [11,992ms] [Warning] [omni.physx.plugin] Invalid PhysX transform detected for /World/Stem/SmoothBranch_02.
2026-07-23 09:51:15 [11,992ms] [Warning] [omni.physx.plugin] Invalid PhysX transform detected for /World/Stem/SmoothBranch_03.
2026-07-23 09:51:15 [11,992ms] [Warning] [omni.physx.plugin] Invalid PhysX transform detected for /World/Stem/SmoothBranch_04.
2026-07-23 09:51:15 [11,992ms] [Warning] [omni.physx.plugin] Invalid PhysX transform detected for /World/Stem/SmoothBranch_05.
2026-07-23 09:51:15 [11,992ms] [Warning] [omni.physx.plugin] Invalid PhysX transform detected for /World/Stem/SmoothBranch_06.
2026-07-23 09:51:15 [11,992ms] [Warning] [omni.physx.plugin] Invalid PhysX transform detected for /World/Stem/SmoothBranch_07.
2026-07-23 09:51:15 [11,992ms] [Warning] [omni.physx.plugin] Invalid PhysX transform detected for /World/Stem/SmoothBranch_08.
2026-07-23 09:51:15 [11,992ms] [Warning] [omni.physx.plugin] Invalid PhysX transform detected for /World/Stem/SmoothBranch_09.
2026-07-23 09:51:15 [11,992ms] [Warning] [omni.physx.plugin] Invalid PhysX transform detected for /World/Stem/SmoothBranch_10.
2026-07-23 09:51:15 [11,992ms] [Warning] [omni.physx.plugin] Invalid PhysX transform detected for /World/Stem/SmoothBranch_11.
2026-07-23 09:51:15 [11,992ms] [Warning] [omni.physx.plugin] Invalid PhysX transform detected for /World/Stem/SmoothBranch_12.
2026-07-23 09:51:15 [11,992ms] [Warning] [omni.physx.plugin] Invalid PhysX transform detected for /World/Stem/SmoothBranch_13.
2026-07-23 09:51:15 [11,992ms] [Warning] [omni.physx.plugin] Invalid PhysX transform detected for /World/Stem/SmoothBranch_14.
2026-07-23 09:51:15 [11,992ms] [Warning] [omni.physx.plugin] Invalid PhysX transform detected for /World/Stem/SmoothBranch_15.
2026-07-23 09:51:15 [11,992ms] [Warning] [omni.physx.plugin] Invalid PhysX transform detected for /World/Stem/SmoothBranch_16.
2026-07-23 09:51:15 [11,992ms] [Warning] [omni.physx.plugin] Invalid PhysX transform detected for /World/Stem/SmoothBranch_17.
2026-07-23 09:51:15 [11,992ms] [Warning] [omni.physx.plugin] Invalid PhysX transform detected for /World/Stem/SmoothBranch_18.
2026-07-23 09:51:15 [11,992ms] [Warning] [omni.physx.plugin] Invalid PhysX transform detected for /World/Stem/SmoothBranch_19.
2026-07-23 09:51:15 [11,992ms] [Warning] [omni.physx.plugin] Invalid PhysX transform detected for /World/Stem/SmoothBranch_20.
2026-07-23 09:51:15 [11,992ms] [Warning] [omni.physx.plugin] Invalid PhysX transform detected for /World/Stem/SmoothBranch_21.
2026-07-23 09:51:15 [11,992ms] [Warning] [omni.physx.plugin] Invalid PhysX transform detected for /World/Stem/SmoothBranch_22.
2026-07-23 09:51:15 [11,992ms] [Warning] [omni.physx.plugin] Invalid PhysX transform detected for /World/Stem/SmoothBranch_23.
2026-07-23 09:51:15 [11,992ms] [Warning] [omni.physx.plugin] Invalid PhysX transform detected for /World/Stem/SmoothBranch_24.
2026-07-23 09:51:15 [11,992ms] [Warning] [omni.physx.plugin] Invalid PhysX transform detected for /World/Stem/Fruit_Smooth_base.
2026-07-23 09:51:15 [11,992ms] [Warning] [omni.physx.plugin] Invalid PhysX transform detected for /World/Stem/Fruit_Smooth_tip.
2026-07-23 09:51:15 [11,992ms] [Warning] [omni.physx.plugin] Invalid PhysX transform detected for /World/Stem/Fruit_Smooth.
2026-07-23 09:51:15 [12,002ms] [Warning] [omni.physx.plugin] Invalid PhysX transform detected for /World/Stem/SmoothBranch_00.
2026-07-23 09:51:15 [12,002ms] [Warning] [omni.physx.plugin] Invalid PhysX transform detected for /World/Stem/SmoothBranch_01.
2026-07-23 09:51:15 [12,002ms] [Warning] [omni.physx.plugin] Invalid PhysX transform detected for /World/Stem/SmoothBranch_02.
2026-07-23 09:51:15 [12,002ms] [Warning] [omni.physx.plugin] Invalid PhysX transform detected for /World/Stem/SmoothBranch_03.
2026-07-23 09:51:15 [12,002ms] [Warning] [omni.physx.plugin] Invalid PhysX transform detected for /World/Stem/SmoothBranch_04.
2026-07-23 09:51:15 [12,002ms] [Warning] [omni.physx.plugin] Invalid PhysX transform detected for /World/Stem/SmoothBranch_05.
2026-07-23 09:51:15 [12,002ms] [Warning] [omni.physx.plugin] Invalid PhysX transform detected for /World/Stem/SmoothBranch_06.
2026-07-23 09:51:15 [12,002ms] [Warning] [omni.physx.plugin] Invalid PhysX transform detected for /World/Stem/SmoothBranch_07.
2026-07-23 09:51:15 [12,002ms] [Warning] [omni.physx.plugin] Invalid PhysX transform detected for /World/Stem/SmoothBranch_08.
2026-07-23 09:51:15 [12,002ms] [Warning] [omni.physx.plugin] Invalid PhysX transform detected for /World/Stem/SmoothBranch_09.
2026-07-23 09:51:15 [12,002ms] [Warning] [omni.physx.plugin] Invalid PhysX transform detected for /World/Stem/SmoothBranch_10.
2026-07-23 09:51:15 [12,002ms] [Warning] [omni.physx.plugin] Invalid PhysX transform detected for /World/Stem/SmoothBranch_11.
2026-07-23 09:51:15 [12,002ms] [Warning] [omni.physx.plugin] Invalid PhysX transform detected for /World/Stem/SmoothBranch_12.
2026-07-23 09:51:15 [12,002ms] [Warning] [omni.physx.plugin] Invalid PhysX transform detected for /World/Stem/SmoothBranch_13.
2026-07-23 09:51:15 [12,002ms] [Warning] [omni.physx.plugin] Invalid PhysX transform detected for /World/Stem/SmoothBranch_14.
2026-07-23 09:51:15 [12,002ms] [Warning] [omni.physx.plugin] Invalid PhysX transform detected for /World/Stem/SmoothBranch_15.
2026-07-23 09:51:15 [12,002ms] [Warning] [omni.physx.plugin] Invalid PhysX transform detected for /World/Stem/SmoothBranch_16.
2026-07-23 09:51:15 [12,002ms] [Warning] [omni.physx.plugin] Invalid PhysX transform detected for /World/Stem/SmoothBranch_17.
2026-07-23 09:51:15 [12,002ms] [Warning] [omni.physx.plugin] Invalid PhysX transform detected for /World/Stem/SmoothBranch_18.
2026-07-23 09:51:15 [12,002ms] [Warning] [omni.physx.plugin] Invalid PhysX transform detected for /World/Stem/SmoothBranch_19.
2026-07-23 09:51:15 [12,002ms] [Warning] [omni.physx.plugin] Invalid PhysX transform detected for /World/Stem/SmoothBranch_20.
2026-07-23 09:51:15 [12,002ms] [Warning] [omni.physx.plugin] Invalid PhysX transform detected for /World/Stem/SmoothBranch_21.
2026-07-23 09:51:15 [12,002ms] [Warning] [omni.physx.plugin] Invalid PhysX transform detected for /World/Stem/SmoothBranch_22.
2026-07-23 09:51:15 [12,002ms] [Warning] [omni.physx.plugin] Invalid PhysX transform detected for /World/Stem/SmoothBranch_23.
2026-07-23 09:51:15 [12,002ms] [Warning] [omni.physx.plugin] Invalid PhysX transform detected for /World/Stem/SmoothBranch_24.
2026-07-23 09:51:15 [12,002ms] [Warning] [omni.physx.plugin] Invalid PhysX transform detected for /World/Stem/Fruit_Smooth_base.
2026-07-23 09:51:15 [12,002ms] [Warning] [omni.physx.plugin] Invalid PhysX transform detected for /World/Stem/Fruit_Smooth_tip.
2026-07-23 09:51:15 [12,002ms] [Warning] [omni.physx.plugin] Invalid PhysX transform detected for /World/Stem/Fruit_Smooth.
2026-07-23 09:51:15 [12,013ms] [Warning] [omni.physx.plugin] Invalid PhysX transform detected for /World/Stem/SmoothBranch_00.
2026-07-23 09:51:15 [12,013ms] [Warning] [omni.physx.plugin] Invalid PhysX transform detected for /World/Stem/SmoothBranch_01.
2026-07-23 09:51:15 [12,013ms] [Warning] [omni.physx.plugin] Invalid PhysX transform detected for /World/Stem/SmoothBranch_02.
2026-07-23 09:51:15 [12,013ms] [Warning] [omni.physx.plugin] Invalid PhysX transform detected for /World/Stem/SmoothBranch_03.
2026-07-23 09:51:15 [12,013ms] [Warning] [omni.physx.plugin] Invalid PhysX transform detected for /World/Stem/SmoothBranch_04.
2026-07-23 09:51:15 [12,013ms] [Warning] [omni.physx.plugin] Invalid PhysX transform detected for /World/Stem/SmoothBranch_05.
2026-07-23 09:51:15 [12,013ms] [Warning] [omni.physx.plugin] Invalid PhysX transform detected for /World/Stem/SmoothBranch_06.
2026-07-23 09:51:15 [12,013ms] [Warning] [omni.physx.plugin] Invalid PhysX transform detected for /World/Stem/SmoothBranch_07.
2026-07-23 09:51:15 [12,013ms] [Warning] [omni.physx.plugin] Invalid PhysX transform detected for /World/Stem/SmoothBranch_08.
2026-07-23 09:51:15 [12,013ms] [Warning] [omni.physx.plugin] Invalid PhysX transform detected for /World/Stem/SmoothBranch_09.
2026-07-23 09:51:15 [12,013ms] [Warning] [omni.physx.plugin] Invalid PhysX transform detected for /World/Stem/SmoothBranch_10.
2026-07-23 09:51:15 [12,013ms] [Warning] [omni.physx.plugin] Invalid PhysX transform detected for /World/Stem/SmoothBranch_11.
2026-07-23 09:51:15 [12,013ms] [Warning] [omni.physx.plugin] Invalid PhysX transform detected for /World/Stem/SmoothBranch_12.
2026-07-23 09:51:15 [12,013ms] [Warning] [omni.physx.plugin] Invalid PhysX transform detected for /World/Stem/SmoothBranch_13.
2026-07-23 09:51:15 [12,013ms] [Warning] [omni.physx.plugin] Invalid PhysX transform detected for /World/Stem/SmoothBranch_14.
2026-07-23 09:51:15 [12,013ms] [Warning] [omni.physx.plugin] Invalid PhysX transform detected for /World/Stem/SmoothBranch_15.
2026-07-23 09:51:15 [12,013ms] [Warning] [omni.physx.plugin] Invalid PhysX transform detected for /World/Stem/SmoothBranch_16.
2026-07-23 09:51:15 [12,013ms] [Warning] [omni.physx.plugin] Invalid PhysX transform detected for /World/Stem/SmoothBranch_17.
2026-07-23 09:51:15 [12,013ms] [Warning] [omni.physx.plugin] Invalid PhysX transform detected for /World/Stem/SmoothBranch_18.
2026-07-23 09:51:15 [12,013ms] [Warning] [omni.physx.plugin] Invalid PhysX transform detected for /World/Stem/SmoothBranch_19.
2026-07-23 09:51:15 [12,013ms] [Warning] [omni.physx.plugin] Invalid PhysX transform detected for /World/Stem/SmoothBranch_20.
2026-07-23 09:51:15 [12,013ms] [Warning] [omni.physx.plugin] Invalid PhysX transform detected for /World/Stem/SmoothBranch_21.
2026-07-23 09:51:15 [12,013ms] [Warning] [omni.physx.plugin] Invalid PhysX transform detected for /World/Stem/SmoothBranch_22.
2026-07-23 09:51:15 [12,013ms] [Warning] [omni.physx.plugin] Invalid PhysX transform detected for /World/Stem/SmoothBranch_23.
2026-07-23 09:51:15 [12,013ms] [Warning] [omni.physx.plugin] Invalid PhysX transform detected for /World/Stem/SmoothBranch_24.
2026-07-23 09:51:15 [12,013ms] [Warning] [omni.physx.plugin] Invalid PhysX transform detected for /World/Stem/Fruit_Smooth_base.
2026-07-23 09:51:15 [12,013ms] [Warning] [omni.physx.plugin] Invalid PhysX transform detected for /World/Stem/Fruit_Smooth_tip.
2026-07-23 09:51:15 [12,013ms] [Warning] [omni.physx.plugin] Invalid PhysX transform detected for /World/Stem/Fruit_Smooth.
2026-07-23 09:51:15 [12,024ms] [Warning] [omni.physx.plugin] Invalid PhysX transform detected for /World/Stem/SmoothBranch_00.
2026-07-23 09:51:15 [12,024ms] [Warning] [omni.physx.plugin] Invalid PhysX transform detected for /World/Stem/SmoothBranch_01.
2026-07-23 09:51:15 [12,024ms] [Warning] [omni.physx.plugin] Invalid PhysX transform detected for /World/Stem/SmoothBranch_02.
2026-07-23 09:51:15 [12,024ms] [Warning] [omni.physx.plugin] Invalid PhysX transform detected for /World/Stem/SmoothBranch_03.
2026-07-23 09:51:15 [12,024ms] [Warning] [omni.physx.plugin] Invalid PhysX transform detected for /World/Stem/SmoothBranch_04.
2026-07-23 09:51:15 [12,024ms] [Warning] [omni.physx.plugin] Invalid PhysX transform detected for /World/Stem/SmoothBranch_05.
2026-07-23 09:51:15 [12,024ms] [Warning] [omni.physx.plugin] Invalid PhysX transform detected for /World/Stem/SmoothBranch_06.
2026-07-23 09:51:15 [12,024ms] [Warning] [omni.physx.plugin] Invalid PhysX transform detected for /World/Stem/SmoothBranch_07.
2026-07-23 09:51:15 [12,024ms] [Warning] [omni.physx.plugin] Invalid PhysX transform detected for /World/Stem/SmoothBranch_08.
2026-07-23 09:51:15 [12,024ms] [Warning] [omni.physx.plugin] Invalid PhysX transform detected for /World/Stem/SmoothBranch_09.
2026-07-23 09:51:15 [12,024ms] [Warning] [omni.physx.plugin] Invalid PhysX transform detected for /World/Stem/SmoothBranch_10.
2026-07-23 09:51:15 [12,024ms] [Warning] [omni.physx.plugin] Invalid PhysX transform detected for /World/Stem/SmoothBranch_11.
2026-07-23 09:51:15 [12,024ms] [Warning] [omni.physx.plugin] Invalid PhysX transform detected for /World/Stem/SmoothBranch_12.
2026-07-23 09:51:15 [12,024ms] [Warning] [omni.physx.plugin] Invalid PhysX transform detected for /World/Stem/SmoothBranch_13.
2026-07-23 09:51:15 [12,024ms] [Warning] [omni.physx.plugin] Invalid PhysX transform detected for /World/Stem/SmoothBranch_14.
2026-07-23 09:51:15 [12,024ms] [Warning] [omni.physx.plugin] Invalid PhysX transform detected for /World/Stem/SmoothBranch_15.
2026-07-23 09:51:15 [12,024ms] [Warning] [omni.physx.plugin] Invalid PhysX transform detected for /World/Stem/SmoothBranch_16.
2026-07-23 09:51:15 [12,024ms] [Warning] [omni.physx.plugin] Invalid PhysX transform detected for /World/Stem/SmoothBranch_17.
2026-07-23 09:51:15 [12,024ms] [Warning] [omni.physx.plugin] Invalid PhysX transform detected for /World/Stem/SmoothBranch_18.
2026-07-23 09:51:15 [12,024ms] [Warning] [omni.physx.plugin] Invalid PhysX transform detected for /World/Stem/SmoothBranch_19.
2026-07-23 09:51:15 [12,024ms] [Warning] [omni.physx.plugin] Invalid PhysX transform detected for /World/Stem/SmoothBranch_20.
2026-07-23 09:51:15 [12,024ms] [Warning] [omni.physx.plugin] Invalid PhysX transform detected for /World/Stem/SmoothBranch_21.
2026-07-23 09:51:15 [12,024ms] [Warning] [omni.physx.plugin] Invalid PhysX transform detected for /World/Stem/SmoothBranch_22.
2026-07-23 09:51:15 [12,024ms] [Warning] [omni.physx.plugin] Invalid PhysX transform detected for /World/Stem/SmoothBranch_23.
2026-07-23 09:51:15 [12,024ms] [Warning] [omni.physx.plugin] Invalid PhysX transform detected for /World/Stem/SmoothBranch_24.
2026-07-23 09:51:15 [12,024ms] [Warning] [omni.physx.plugin] Invalid PhysX transform detected for /World/Stem/Fruit_Smooth_base.
2026-07-23 09:51:15 [12,024ms] [Warning] [omni.physx.plugin] Invalid PhysX transform detected for /World/Stem/Fruit_Smooth_tip.
2026-07-23 09:51:15 [12,024ms] [Warning] [omni.physx.plugin] Invalid PhysX transform detected for /World/Stem/Fruit_Smooth.
2026-07-23 09:51:15 [12,035ms] [Warning] [omni.physx.plugin] Invalid PhysX transform detected for /World/Stem/SmoothBranch_00.
2026-07-23 09:51:15 [12,035ms] [Warning] [omni.physx.plugin] Invalid PhysX transform detected for /World/Stem/SmoothBranch_01.
2026-07-23 09:51:15 [12,035ms] [Warning] [omni.physx.plugin] Invalid PhysX transform detected for /World/Stem/SmoothBranch_02.
2026-07-23 09:51:15 [12,035ms] [Warning] [omni.physx.plugin] Invalid PhysX transform detected for /World/Stem/SmoothBranch_03.
2026-07-23 09:51:15 [12,035ms] [Warning] [omni.physx.plugin] Invalid PhysX transform detected for /World/Stem/SmoothBranch_04.
2026-07-23 09:51:15 [12,035ms] [Warning] [omni.physx.plugin] Invalid PhysX transform detected for /World/Stem/SmoothBranch_05.
2026-07-23 09:51:15 [12,035ms] [Warning] [omni.physx.plugin] Invalid PhysX transform detected for /World/Stem/SmoothBranch_06.
2026-07-23 09:51:15 [12,035ms] [Warning] [omni.physx.plugin] Invalid PhysX transform detected for /World/Stem/SmoothBranch_07.
2026-07-23 09:51:15 [12,035ms] [Warning] [omni.physx.plugin] Invalid PhysX transform detected for /World/Stem/SmoothBranch_08.
2026-07-23 09:51:15 [12,035ms] [Warning] [omni.physx.plugin] Invalid PhysX transform detected for /World/Stem/SmoothBranch_09.
2026-07-23 09:51:15 [12,035ms] [Warning] [omni.physx.plugin] Invalid PhysX transform detected for /World/Stem/SmoothBranch_10.
2026-07-23 09:51:15 [12,035ms] [Warning] [omni.physx.plugin] Invalid PhysX transform detected for /World/Stem/SmoothBranch_11.
2026-07-23 09:51:15 [12,035ms] [Warning] [omni.physx.plugin] Invalid PhysX transform detected for /World/Stem/SmoothBranch_12.
2026-07-23 09:51:15 [12,035ms] [Warning] [omni.physx.plugin] Invalid PhysX transform detected for /World/Stem/SmoothBranch_13.
2026-07-23 09:51:15 [12,035ms] [Warning] [omni.physx.plugin] Invalid PhysX transform detected for /World/Stem/SmoothBranch_14.
2026-07-23 09:51:15 [12,035ms] [Warning] [omni.physx.plugin] Invalid PhysX transform detected for /World/Stem/SmoothBranch_15.
2026-07-23 09:51:15 [12,035ms] [Warning] [omni.physx.plugin] Invalid PhysX transform detected for /World/Stem/SmoothBranch_16.
2026-07-23 09:51:15 [12,035ms] [Warning] [omni.physx.plugin] Invalid PhysX transform detected for /World/Stem/SmoothBranch_17.
2026-07-23 09:51:15 [12,035ms] [Warning] [omni.physx.plugin] Invalid PhysX transform detected for /World/Stem/SmoothBranch_18.
2026-07-23 09:51:15 [12,035ms] [Warning] [omni.physx.plugin] Invalid PhysX transform detected for /World/Stem/SmoothBranch_19.
2026-07-23 09:51:15 [12,035ms] [Warning] [omni.physx.plugin] Invalid PhysX transform detected for /World/Stem/SmoothBranch_20.
2026-07-23 09:51:15 [12,035ms] [Warning] [omni.physx.plugin] Invalid PhysX transform detected for /World/Stem/SmoothBranch_21.
2026-07-23 09:51:15 [12,035ms] [Warning] [omni.physx.plugin] Invalid PhysX transform detected for /World/Stem/SmoothBranch_22.
2026-07-23 09:51:15 [12,035ms] [Warning] [omni.physx.plugin] Invalid PhysX transform detected for /World/Stem/SmoothBranch_23.
2026-07-23 09:51:15 [12,035ms] [Warning] [omni.physx.plugin] Invalid PhysX transform detected for /World/Stem/SmoothBranch_24.
2026-07-23 09:51:15 [12,035ms] [Warning] [omni.physx.plugin] Invalid PhysX transform detected for /World/Stem/Fruit_Smooth_base.
2026-07-23 09:51:15 [12,035ms] [Warning] [omni.physx.plugin] Invalid PhysX transform detected for /World/Stem/Fruit_Smooth_tip.
2026-07-23 09:51:15 [12,035ms] [Warning] [omni.physx.plugin] Invalid PhysX transform detected for /World/Stem/Fruit_Smooth.
2026-07-23 09:51:15 [12,046ms] [Warning] [omni.physx.plugin] Invalid PhysX transform detected for /World/Stem/SmoothBranch_00.
2026-07-23 09:51:15 [12,046ms] [Warning] [omni.physx.plugin] Invalid PhysX transform detected for /World/Stem/SmoothBranch_01.
2026-07-23 09:51:15 [12,046ms] [Warning] [omni.physx.plugin] Invalid PhysX transform detected for /World/Stem/SmoothBranch_02.
2026-07-23 09:51:15 [12,046ms] [Warning] [omni.physx.plugin] Invalid PhysX transform detected for /World/Stem/SmoothBranch_03.
2026-07-23 09:51:15 [12,046ms] [Warning] [omni.physx.plugin] Invalid PhysX transform detected for /World/Stem/SmoothBranch_04.
2026-07-23 09:51:15 [12,046ms] [Warning] [omni.physx.plugin] Invalid PhysX transform detected for /World/Stem/SmoothBranch_05.
2026-07-23 09:51:15 [12,046ms] [Warning] [omni.physx.plugin] Invalid PhysX transform detected for /World/Stem/SmoothBranch_06.
2026-07-23 09:51:15 [12,046ms] [Warning] [omni.physx.plugin] Invalid PhysX transform detected for /World/Stem/SmoothBranch_07.
2026-07-23 09:51:15 [12,046ms] [Warning] [omni.physx.plugin] Invalid PhysX transform detected for /World/Stem/SmoothBranch_08.
2026-07-23 09:51:15 [12,046ms] [Warning] [omni.physx.plugin] Invalid PhysX transform detected for /World/Stem/SmoothBranch_09.
2026-07-23 09:51:15 [12,046ms] [Warning] [omni.physx.plugin] Invalid PhysX transform detected for /World/Stem/SmoothBranch_10.
2026-07-23 09:51:15 [12,046ms] [Warning] [omni.physx.plugin] Invalid PhysX transform detected for /World/Stem/SmoothBranch_11.
2026-07-23 09:51:15 [12,046ms] [Warning] [omni.physx.plugin] Invalid PhysX transform detected for /World/Stem/SmoothBranch_12.
2026-07-23 09:51:15 [12,046ms] [Warning] [omni.physx.plugin] Invalid PhysX transform detected for /World/Stem/SmoothBranch_13.
2026-07-23 09:51:15 [12,046ms] [Warning] [omni.physx.plugin] Invalid PhysX transform detected for /World/Stem/SmoothBranch_14.
2026-07-23 09:51:15 [12,046ms] [Warning] [omni.physx.plugin] Invalid PhysX transform detected for /World/Stem/SmoothBranch_15.
2026-07-23 09:51:15 [12,046ms] [Warning] [omni.physx.plugin] Invalid PhysX transform detected for /World/Stem/SmoothBranch_16.
2026-07-23 09:51:15 [12,046ms] [Warning] [omni.physx.plugin] Invalid PhysX transform detected for /World/Stem/SmoothBranch_17.
2026-07-23 09:51:15 [12,046ms] [Warning] [omni.physx.plugin] Invalid PhysX transform detected for /World/Stem/SmoothBranch_18.
2026-07-23 09:51:15 [12,046ms] [Warning] [omni.physx.plugin] Invalid PhysX transform detected for /World/Stem/SmoothBranch_19.
2026-07-23 09:51:15 [12,046ms] [Warning] [omni.physx.plugin] Invalid PhysX transform detected for /World/Stem/SmoothBranch_20.
2026-07-23 09:51:15 [12,046ms] [Warning] [omni.physx.plugin] Invalid PhysX transform detected for /World/Stem/SmoothBranch_21.
2026-07-23 09:51:15 [12,046ms] [Warning] [omni.physx.plugin] Invalid PhysX transform detected for /World/Stem/SmoothBranch_22.
2026-07-23 09:51:15 [12,046ms] [Warning] [omni.physx.plugin] Invalid PhysX transform detected for /World/Stem/SmoothBranch_23.
2026-07-23 09:51:15 [12,046ms] [Warning] [omni.physx.plugin] Invalid PhysX transform detected for /World/Stem/SmoothBranch_24.
2026-07-23 09:51:15 [12,046ms] [Warning] [omni.physx.plugin] Invalid PhysX transform detected for /World/Stem/Fruit_Smooth_base.
2026-07-23 09:51:15 [12,046ms] [Warning] [omni.physx.plugin] Invalid PhysX transform detected for /World/Stem/Fruit_Smooth_tip.
2026-07-23 09:51:15 [12,046ms] [Warning] [omni.physx.plugin] Invalid PhysX transform detected for /World/Stem/Fruit_Smooth.
2026-07-23 09:51:15 [12,057ms] [Warning] [omni.physx.plugin] Invalid PhysX transform detected for /World/Stem/SmoothBranch_00.
2026-07-23 09:51:15 [12,057ms] [Warning] [omni.physx.plugin] Invalid PhysX transform detected for /World/Stem/SmoothBranch_01.
2026-07-23 09:51:15 [12,057ms] [Warning] [omni.physx.plugin] Invalid PhysX transform detected for /World/Stem/SmoothBranch_02.
2026-07-23 09:51:15 [12,057ms] [Warning] [omni.physx.plugin] Invalid PhysX transform detected for /World/Stem/SmoothBranch_03.
2026-07-23 09:51:15 [12,057ms] [Warning] [omni.physx.plugin] Invalid PhysX transform detected for /World/Stem/SmoothBranch_04.
2026-07-23 09:51:15 [12,057ms] [Warning] [omni.physx.plugin] Invalid PhysX transform detected for /World/Stem/SmoothBranch_05.
2026-07-23 09:51:15 [12,057ms] [Warning] [omni.physx.plugin] Invalid PhysX transform detected for /World/Stem/SmoothBranch_06.
2026-07-23 09:51:15 [12,057ms] [Warning] [omni.physx.plugin] Invalid PhysX transform detected for /World/Stem/SmoothBranch_07.
2026-07-23 09:51:15 [12,057ms] [Warning] [omni.physx.plugin] Invalid PhysX transform detected for /World/Stem/SmoothBranch_08.
2026-07-23 09:51:15 [12,057ms] [Warning] [omni.physx.plugin] Invalid PhysX transform detected for /World/Stem/SmoothBranch_09.
2026-07-23 09:51:15 [12,057ms] [Warning] [omni.physx.plugin] Invalid PhysX transform detected for /World/Stem/SmoothBranch_10.
2026-07-23 09:51:15 [12,057ms] [Warning] [omni.physx.plugin] Invalid PhysX transform detected for /World/Stem/SmoothBranch_11.
2026-07-23 09:51:15 [12,057ms] [Warning] [omni.physx.plugin] Invalid PhysX transform detected for /World/Stem/SmoothBranch_12.
2026-07-23 09:51:15 [12,057ms] [Warning] [omni.physx.plugin] Invalid PhysX transform detected for /World/Stem/SmoothBranch_13.
2026-07-23 09:51:15 [12,057ms] [Warning] [omni.physx.plugin] Invalid PhysX transform detected for /World/Stem/SmoothBranch_14.
2026-07-23 09:51:15 [12,057ms] [Warning] [omni.physx.plugin] Invalid PhysX transform detected for /World/Stem/SmoothBranch_15.
2026-07-23 09:51:15 [12,057ms] [Warning] [omni.physx.plugin] Invalid PhysX transform detected for /World/Stem/SmoothBranch_16.
2026-07-23 09:51:15 [12,057ms] [Warning] [omni.physx.plugin] Invalid PhysX transform detected for /World/Stem/SmoothBranch_17.
2026-07-23 09:51:15 [12,057ms] [Warning] [omni.physx.plugin] Invalid PhysX transform detected for /World/Stem/SmoothBranch_18.
2026-07-23 09:51:15 [12,057ms] [Warning] [omni.physx.plugin] Invalid PhysX transform detected for /World/Stem/SmoothBranch_19.
2026-07-23 09:51:15 [12,057ms] [Warning] [omni.physx.plugin] Invalid PhysX transform detected for /World/Stem/SmoothBranch_20.
2026-07-23 09:51:15 [12,057ms] [Warning] [omni.physx.plugin] Invalid PhysX transform detected for /World/Stem/SmoothBranch_21.
2026-07-23 09:51:15 [12,057ms] [Warning] [omni.physx.plugin] Invalid PhysX transform detected for /World/Stem/SmoothBranch_22.
2026-07-23 09:51:15 [12,057ms] [Warning] [omni.physx.plugin] Invalid PhysX transform detected for /World/Stem/SmoothBranch_23.
2026-07-23 09:51:15 [12,057ms] [Warning] [omni.physx.plugin] Invalid PhysX transform detected for /World/Stem/SmoothBranch_24.
2026-07-23 09:51:15 [12,057ms] [Warning] [omni.physx.plugin] Invalid PhysX transform detected for /World/Stem/Fruit_Smooth_base.
2026-07-23 09:51:15 [12,057ms] [Warning] [omni.physx.plugin] Invalid PhysX transform detected for /World/Stem/Fruit_Smooth_tip.
2026-07-23 09:51:15 [12,057ms] [Warning] [omni.physx.plugin] Invalid PhysX transform detected for /World/Stem/Fruit_Smooth.
2026-07-23 09:51:15 [12,067ms] [Warning] [omni.physx.plugin] Invalid PhysX transform detected for /World/Stem/SmoothBranch_00.
2026-07-23 09:51:15 [12,067ms] [Warning] [omni.physx.plugin] Invalid PhysX transform detected for /World/Stem/SmoothBranch_01.
2026-07-23 09:51:15 [12,067ms] [Warning] [omni.physx.plugin] Invalid PhysX transform detected for /World/Stem/SmoothBranch_02.
2026-07-23 09:51:15 [12,067ms] [Warning] [omni.physx.plugin] Invalid PhysX transform detected for /World/Stem/SmoothBranch_03.
2026-07-23 09:51:15 [12,067ms] [Warning] [omni.physx.plugin] Invalid PhysX transform detected for /World/Stem/SmoothBranch_04.
2026-07-23 09:51:15 [12,067ms] [Warning] [omni.physx.plugin] Invalid PhysX transform detected for /World/Stem/SmoothBranch_05.
2026-07-23 09:51:15 [12,067ms] [Warning] [omni.physx.plugin] Invalid PhysX transform detected for /World/Stem/SmoothBranch_06.
2026-07-23 09:51:15 [12,067ms] [Warning] [omni.physx.plugin] Invalid PhysX transform detected for /World/Stem/SmoothBranch_07.
2026-07-23 09:51:15 [12,067ms] [Warning] [omni.physx.plugin] Invalid PhysX transform detected for /World/Stem/SmoothBranch_08.
2026-07-23 09:51:15 [12,067ms] [Warning] [omni.physx.plugin] Invalid PhysX transform detected for /World/Stem/SmoothBranch_09.
2026-07-23 09:51:15 [12,067ms] [Warning] [omni.physx.plugin] Invalid PhysX transform detected for /World/Stem/SmoothBranch_10.
2026-07-23 09:51:15 [12,067ms] [Warning] [omni.physx.plugin] Invalid PhysX transform detected for /World/Stem/SmoothBranch_11.
2026-07-23 09:51:15 [12,067ms] [Warning] [omni.physx.plugin] Invalid PhysX transform detected for /World/Stem/SmoothBranch_12.
2026-07-23 09:51:15 [12,067ms] [Warning] [omni.physx.plugin] Invalid PhysX transform detected for /World/Stem/SmoothBranch_13.
2026-07-23 09:51:15 [12,067ms] [Warning] [omni.physx.plugin] Invalid PhysX transform detected for /World/Stem/SmoothBranch_14.
2026-07-23 09:51:15 [12,067ms] [Warning] [omni.physx.plugin] Invalid PhysX transform detected for /World/Stem/SmoothBranch_15.
2026-07-23 09:51:15 [12,067ms] [Warning] [omni.physx.plugin] Invalid PhysX transform detected for /World/Stem/SmoothBranch_16.
2026-07-23 09:51:15 [12,067ms] [Warning] [omni.physx.plugin] Invalid PhysX transform detected for /World/Stem/SmoothBranch_17.
2026-07-23 09:51:15 [12,067ms] [Warning] [omni.physx.plugin] Invalid PhysX transform detected for /World/Stem/SmoothBranch_18.
2026-07-23 09:51:15 [12,067ms] [Warning] [omni.physx.plugin] Invalid PhysX transform detected for /World/Stem/SmoothBranch_19.
2026-07-23 09:51:15 [12,067ms] [Warning] [omni.physx.plugin] Invalid PhysX transform detected for /World/Stem/SmoothBranch_20.
2026-07-23 09:51:15 [12,067ms] [Warning] [omni.physx.plugin] Invalid PhysX transform detected for /World/Stem/SmoothBranch_21.
2026-07-23 09:51:15 [12,067ms] [Warning] [omni.physx.plugin] Invalid PhysX transform detected for /World/Stem/SmoothBranch_22.
2026-07-23 09:51:15 [12,067ms] [Warning] [omni.physx.plugin] Invalid PhysX transform detected for /World/Stem/SmoothBranch_23.
2026-07-23 09:51:15 [12,067ms] [Warning] [omni.physx.plugin] Invalid PhysX transform detected for /World/Stem/SmoothBranch_24.
2026-07-23 09:51:15 [12,067ms] [Warning] [omni.physx.plugin] Invalid PhysX transform detected for /World/Stem/Fruit_Smooth_base.
2026-07-23 09:51:15 [12,067ms] [Warning] [omni.physx.plugin] Invalid PhysX transform detected for /World/Stem/Fruit_Smooth_tip.
2026-07-23 09:51:15 [12,067ms] [Warning] [omni.physx.plugin] Invalid PhysX transform detected for /World/Stem/Fruit_Smooth.
2026-07-23 09:51:15 [12,078ms] [Warning] [omni.physx.plugin] Invalid PhysX transform detected for /World/Stem/SmoothBranch_00.
2026-07-23 09:51:15 [12,078ms] [Warning] [omni.physx.plugin] Invalid PhysX transform detected for /World/Stem/SmoothBranch_01.
2026-07-23 09:51:15 [12,078ms] [Warning] [omni.physx.plugin] Invalid PhysX transform detected for /World/Stem/SmoothBranch_02.
2026-07-23 09:51:15 [12,078ms] [Warning] [omni.physx.plugin] Invalid PhysX transform detected for /World/Stem/SmoothBranch_03.
2026-07-23 09:51:15 [12,078ms] [Warning] [omni.physx.plugin] Invalid PhysX transform detected for /World/Stem/SmoothBranch_04.
2026-07-23 09:51:15 [12,078ms] [Warning] [omni.physx.plugin] Invalid PhysX transform detected for /World/Stem/SmoothBranch_05.
2026-07-23 09:51:15 [12,078ms] [Warning] [omni.physx.plugin] Invalid PhysX transform detected for /World/Stem/SmoothBranch_06.
2026-07-23 09:51:15 [12,078ms] [Warning] [omni.physx.plugin] Invalid PhysX transform detected for /World/Stem/SmoothBranch_07.
2026-07-23 09:51:15 [12,078ms] [Warning] [omni.physx.plugin] Invalid PhysX transform detected for /World/Stem/SmoothBranch_08.
2026-07-23 09:51:15 [12,078ms] [Warning] [omni.physx.plugin] Invalid PhysX transform detected for /World/Stem/SmoothBranch_09.
2026-07-23 09:51:15 [12,078ms] [Warning] [omni.physx.plugin] Invalid PhysX transform detected for /World/Stem/SmoothBranch_10.
2026-07-23 09:51:15 [12,078ms] [Warning] [omni.physx.plugin] Invalid PhysX transform detected for /World/Stem/SmoothBranch_11.
2026-07-23 09:51:15 [12,078ms] [Warning] [omni.physx.plugin] Invalid PhysX transform detected for /World/Stem/SmoothBranch_12.
2026-07-23 09:51:15 [12,078ms] [Warning] [omni.physx.plugin] Invalid PhysX transform detected for /World/Stem/SmoothBranch_13.
2026-07-23 09:51:15 [12,078ms] [Warning] [omni.physx.plugin] Invalid PhysX transform detected for /World/Stem/SmoothBranch_14.
2026-07-23 09:51:15 [12,078ms] [Warning] [omni.physx.plugin] Invalid PhysX transform detected for /World/Stem/SmoothBranch_15.
2026-07-23 09:51:15 [12,078ms] [Warning] [omni.physx.plugin] Invalid PhysX transform detected for /World/Stem/SmoothBranch_16.
2026-07-23 09:51:15 [12,078ms] [Warning] [omni.physx.plugin] Invalid PhysX transform detected for /World/Stem/SmoothBranch_17.
2026-07-23 09:51:15 [12,078ms] [Warning] [omni.physx.plugin] Invalid PhysX transform detected for /World/Stem/SmoothBranch_18.
2026-07-23 09:51:15 [12,078ms] [Warning] [omni.physx.plugin] Invalid PhysX transform detected for /World/Stem/SmoothBranch_19.
2026-07-23 09:51:15 [12,078ms] [Warning] [omni.physx.plugin] Invalid PhysX transform detected for /World/Stem/SmoothBranch_20.
2026-07-23 09:51:15 [12,078ms] [Warning] [omni.physx.plugin] Invalid PhysX transform detected for /World/Stem/SmoothBranch_21.
2026-07-23 09:51:15 [12,078ms] [Warning] [omni.physx.plugin] Invalid PhysX transform detected for /World/Stem/SmoothBranch_22.
2026-07-23 09:51:15 [12,078ms] [Warning] [omni.physx.plugin] Invalid PhysX transform detected for /World/Stem/SmoothBranch_23.
2026-07-23 09:51:15 [12,078ms] [Warning] [omni.physx.plugin] Invalid PhysX transform detected for /World/Stem/SmoothBranch_24.
2026-07-23 09:51:15 [12,078ms] [Warning] [omni.physx.plugin] Invalid PhysX transform detected for /World/Stem/Fruit_Smooth_base.
2026-07-23 09:51:15 [12,078ms] [Warning] [omni.physx.plugin] Invalid PhysX transform detected for /World/Stem/Fruit_Smooth_tip.
2026-07-23 09:51:15 [12,078ms] [Warning] [omni.physx.plugin] Invalid PhysX transform detected for /World/Stem/Fruit_Smooth.
2026-07-23 09:51:15 [12,089ms] [Warning] [omni.physx.plugin] Invalid PhysX transform detected for /World/Stem/SmoothBranch_00.
2026-07-23 09:51:15 [12,089ms] [Warning] [omni.physx.plugin] Invalid PhysX transform detected for /World/Stem/SmoothBranch_01.
2026-07-23 09:51:15 [12,089ms] [Warning] [omni.physx.plugin] Invalid PhysX transform detected for /World/Stem/SmoothBranch_02.
2026-07-23 09:51:15 [12,089ms] [Warning] [omni.physx.plugin] Invalid PhysX transform detected for /World/Stem/SmoothBranch_03.
2026-07-23 09:51:15 [12,089ms] [Warning] [omni.physx.plugin] Invalid PhysX transform detected for /World/Stem/SmoothBranch_04.
2026-07-23 09:51:15 [12,089ms] [Warning] [omni.physx.plugin] Invalid PhysX transform detected for /World/Stem/SmoothBranch_05.
2026-07-23 09:51:15 [12,089ms] [Warning] [omni.physx.plugin] Invalid PhysX transform detected for /World/Stem/SmoothBranch_06.
2026-07-23 09:51:15 [12,089ms] [Warning] [omni.physx.plugin] Invalid PhysX transform detected for /World/Stem/SmoothBranch_07.
2026-07-23 09:51:15 [12,089ms] [Warning] [omni.physx.plugin] Invalid PhysX transform detected for /World/Stem/SmoothBranch_08.
2026-07-23 09:51:15 [12,089ms] [Warning] [omni.physx.plugin] Invalid PhysX transform detected for /World/Stem/SmoothBranch_09.
2026-07-23 09:51:15 [12,089ms] [Warning] [omni.physx.plugin] Invalid PhysX transform detected for /World/Stem/SmoothBranch_10.
2026-07-23 09:51:15 [12,089ms] [Warning] [omni.physx.plugin] Invalid PhysX transform detected for /World/Stem/SmoothBranch_11.
2026-07-23 09:51:15 [12,089ms] [Warning] [omni.physx.plugin] Invalid PhysX transform detected for /World/Stem/SmoothBranch_12.
2026-07-23 09:51:15 [12,089ms] [Warning] [omni.physx.plugin] Invalid PhysX transform detected for /World/Stem/SmoothBranch_13.
2026-07-23 09:51:15 [12,089ms] [Warning] [omni.physx.plugin] Invalid PhysX transform detected for /World/Stem/SmoothBranch_14.
2026-07-23 09:51:15 [12,089ms] [Warning] [omni.physx.plugin] Invalid PhysX transform detected for /World/Stem/SmoothBranch_15.
2026-07-23 09:51:15 [12,089ms] [Warning] [omni.physx.plugin] Invalid PhysX transform detected for /World/Stem/SmoothBranch_16.
2026-07-23 09:51:15 [12,089ms] [Warning] [omni.physx.plugin] Invalid PhysX transform detected for /World/Stem/SmoothBranch_17.
2026-07-23 09:51:15 [12,089ms] [Warning] [omni.physx.plugin] Invalid PhysX transform detected for /World/Stem/SmoothBranch_18.
2026-07-23 09:51:15 [12,089ms] [Warning] [omni.physx.plugin] Invalid PhysX transform detected for /World/Stem/SmoothBranch_19.
2026-07-23 09:51:15 [12,089ms] [Warning] [omni.physx.plugin] Invalid PhysX transform detected for /World/Stem/SmoothBranch_20.
2026-07-23 09:51:15 [12,089ms] [Warning] [omni.physx.plugin] Invalid PhysX transform detected for /World/Stem/SmoothBranch_21.
2026-07-23 09:51:15 [12,089ms] [Warning] [omni.physx.plugin] Invalid PhysX transform detected for /World/Stem/SmoothBranch_22.
2026-07-23 09:51:15 [12,089ms] [Warning] [omni.physx.plugin] Invalid PhysX transform detected for /World/Stem/SmoothBranch_23.
2026-07-23 09:51:15 [12,089ms] [Warning] [omni.physx.plugin] Invalid PhysX transform detected for /World/Stem/SmoothBranch_24.
2026-07-23 09:51:15 [12,089ms] [Warning] [omni.physx.plugin] Invalid PhysX transform detected for /World/Stem/Fruit_Smooth_base.
2026-07-23 09:51:15 [12,089ms] [Warning] [omni.physx.plugin] Invalid PhysX transform detected for /World/Stem/Fruit_Smooth_tip.
2026-07-23 09:51:15 [12,089ms] [Warning] [omni.physx.plugin] Invalid PhysX transform detected for /World/Stem/Fruit_Smooth.
2026-07-23 09:51:15 [12,100ms] [Warning] [omni.physx.plugin] Invalid PhysX transform detected for /World/Stem/SmoothBranch_00.
2026-07-23 09:51:15 [12,100ms] [Warning] [omni.physx.plugin] Invalid PhysX transform detected for /World/Stem/SmoothBranch_01.
2026-07-23 09:51:15 [12,100ms] [Warning] [omni.physx.plugin] Invalid PhysX transform detected for /World/Stem/SmoothBranch_02.
2026-07-23 09:51:15 [12,100ms] [Warning] [omni.physx.plugin] Invalid PhysX transform detected for /World/Stem/SmoothBranch_03.
2026-07-23 09:51:15 [12,100ms] [Warning] [omni.physx.plugin] Invalid PhysX transform detected for /World/Stem/SmoothBranch_04.
2026-07-23 09:51:15 [12,100ms] [Warning] [omni.physx.plugin] Invalid PhysX transform detected for /World/Stem/SmoothBranch_05.
2026-07-23 09:51:15 [12,100ms] [Warning] [omni.physx.plugin] Invalid PhysX transform detected for /World/Stem/SmoothBranch_06.
2026-07-23 09:51:15 [12,100ms] [Warning] [omni.physx.plugin] Invalid PhysX transform detected for /World/Stem/SmoothBranch_07.
2026-07-23 09:51:15 [12,100ms] [Warning] [omni.physx.plugin] Invalid PhysX transform detected for /World/Stem/SmoothBranch_08.
2026-07-23 09:51:15 [12,100ms] [Warning] [omni.physx.plugin] Invalid PhysX transform detected for /World/Stem/SmoothBranch_09.
2026-07-23 09:51:15 [12,100ms] [Warning] [omni.physx.plugin] Invalid PhysX transform detected for /World/Stem/SmoothBranch_10.
2026-07-23 09:51:15 [12,100ms] [Warning] [omni.physx.plugin] Invalid PhysX transform detected for /World/Stem/SmoothBranch_11.
2026-07-23 09:51:15 [12,100ms] [Warning] [omni.physx.plugin] Invalid PhysX transform detected for /World/Stem/SmoothBranch_12.
2026-07-23 09:51:15 [12,100ms] [Warning] [omni.physx.plugin] Invalid PhysX transform detected for /World/Stem/SmoothBranch_13.
2026-07-23 09:51:15 [12,100ms] [Warning] [omni.physx.plugin] Invalid PhysX transform detected for /World/Stem/SmoothBranch_14.
2026-07-23 09:51:15 [12,100ms] [Warning] [omni.physx.plugin] Invalid PhysX transform detected for /World/Stem/SmoothBranch_15.
2026-07-23 09:51:15 [12,100ms] [Warning] [omni.physx.plugin] Invalid PhysX transform detected for /World/Stem/SmoothBranch_16.
2026-07-23 09:51:15 [12,100ms] [Warning] [omni.physx.plugin] Invalid PhysX transform detected for /World/Stem/SmoothBranch_17.
2026-07-23 09:51:15 [12,100ms] [Warning] [omni.physx.plugin] Invalid PhysX transform detected for /World/Stem/SmoothBranch_18.
2026-07-23 09:51:15 [12,100ms] [Warning] [omni.physx.plugin] Invalid PhysX transform detected for /World/Stem/SmoothBranch_19.
2026-07-23 09:51:15 [12,100ms] [Warning] [omni.physx.plugin] Invalid PhysX transform detected for /World/Stem/SmoothBranch_20.
2026-07-23 09:51:15 [12,100ms] [Warning] [omni.physx.plugin] Invalid PhysX transform detected for /World/Stem/SmoothBranch_21.
2026-07-23 09:51:15 [12,100ms] [Warning] [omni.physx.plugin] Invalid PhysX transform detected for /World/Stem/SmoothBranch_22.
2026-07-23 09:51:15 [12,100ms] [Warning] [omni.physx.plugin] Invalid PhysX transform detected for /World/Stem/SmoothBranch_23.
2026-07-23 09:51:15 [12,100ms] [Warning] [omni.physx.plugin] Invalid PhysX transform detected for /World/Stem/SmoothBranch_24.
2026-07-23 09:51:15 [12,100ms] [Warning] [omni.physx.plugin] Invalid PhysX transform detected for /World/Stem/Fruit_Smooth_base.
2026-07-23 09:51:15 [12,100ms] [Warning] [omni.physx.plugin] Invalid PhysX transform detected for /World/Stem/Fruit_Smooth_tip.
2026-07-23 09:51:15 [12,100ms] [Warning] [omni.physx.plugin] Invalid PhysX transform detected for /World/Stem/Fruit_Smooth.
2026-07-23 09:51:15 [12,111ms] [Warning] [omni.physx.plugin] Invalid PhysX transform detected for /World/Stem/SmoothBranch_00.
2026-07-23 09:51:15 [12,111ms] [Warning] [omni.physx.plugin] Invalid PhysX transform detected for /World/Stem/SmoothBranch_01.
2026-07-23 09:51:15 [12,111ms] [Warning] [omni.physx.plugin] Invalid PhysX transform detected for /World/Stem/SmoothBranch_02.
2026-07-23 09:51:15 [12,111ms] [Warning] [omni.physx.plugin] Invalid PhysX transform detected for /World/Stem/SmoothBranch_03.
2026-07-23 09:51:15 [12,111ms] [Warning] [omni.physx.plugin] Invalid PhysX transform detected for /World/Stem/SmoothBranch_04.
2026-07-23 09:51:15 [12,111ms] [Warning] [omni.physx.plugin] Invalid PhysX transform detected for /World/Stem/SmoothBranch_05.
2026-07-23 09:51:15 [12,111ms] [Warning] [omni.physx.plugin] Invalid PhysX transform detected for /World/Stem/SmoothBranch_06.
2026-07-23 09:51:15 [12,111ms] [Warning] [omni.physx.plugin] Invalid PhysX transform detected for /World/Stem/SmoothBranch_07.
2026-07-23 09:51:15 [12,111ms] [Warning] [omni.physx.plugin] Invalid PhysX transform detected for /World/Stem/SmoothBranch_08.
2026-07-23 09:51:15 [12,111ms] [Warning] [omni.physx.plugin] Invalid PhysX transform detected for /World/Stem/SmoothBranch_09.
2026-07-23 09:51:15 [12,111ms] [Warning] [omni.physx.plugin] Invalid PhysX transform detected for /World/Stem/SmoothBranch_10.
2026-07-23 09:51:15 [12,111ms] [Warning] [omni.physx.plugin] Invalid PhysX transform detected for /World/Stem/SmoothBranch_11.
2026-07-23 09:51:15 [12,111ms] [Warning] [omni.physx.plugin] Invalid PhysX transform detected for /World/Stem/SmoothBranch_12.
2026-07-23 09:51:15 [12,111ms] [Warning] [omni.physx.plugin] Invalid PhysX transform detected for /World/Stem/SmoothBranch_13.
2026-07-23 09:51:15 [12,111ms] [Warning] [omni.physx.plugin] Invalid PhysX transform detected for /World/Stem/SmoothBranch_14.
2026-07-23 09:51:15 [12,111ms] [Warning] [omni.physx.plugin] Invalid PhysX transform detected for /World/Stem/SmoothBranch_15.
2026-07-23 09:51:15 [12,111ms] [Warning] [omni.physx.plugin] Invalid PhysX transform detected for /World/Stem/SmoothBranch_16.
2026-07-23 09:51:15 [12,111ms] [Warning] [omni.physx.plugin] Invalid PhysX transform detected for /World/Stem/SmoothBranch_17.
2026-07-23 09:51:15 [12,111ms] [Warning] [omni.physx.plugin] Invalid PhysX transform detected for /World/Stem/SmoothBranch_18.
2026-07-23 09:51:15 [12,111ms] [Warning] [omni.physx.plugin] Invalid PhysX transform detected for /World/Stem/SmoothBranch_19.
2026-07-23 09:51:15 [12,111ms] [Warning] [omni.physx.plugin] Invalid PhysX transform detected for /World/Stem/SmoothBranch_20.
2026-07-23 09:51:15 [12,111ms] [Warning] [omni.physx.plugin] Invalid PhysX transform detected for /World/Stem/SmoothBranch_21.
2026-07-23 09:51:15 [12,111ms] [Warning] [omni.physx.plugin] Invalid PhysX transform detected for /World/Stem/SmoothBranch_22.
2026-07-23 09:51:15 [12,111ms] [Warning] [omni.physx.plugin] Invalid PhysX transform detected for /World/Stem/SmoothBranch_23.
2026-07-23 09:51:15 [12,111ms] [Warning] [omni.physx.plugin] Invalid PhysX transform detected for /World/Stem/SmoothBranch_24.
2026-07-23 09:51:15 [12,111ms] [Warning] [omni.physx.plugin] Invalid PhysX transform detected for /World/Stem/Fruit_Smooth_base.
2026-07-23 09:51:15 [12,111ms] [Warning] [omni.physx.plugin] Invalid PhysX transform detected for /World/Stem/Fruit_Smooth_tip.
2026-07-23 09:51:15 [12,111ms] [Warning] [omni.physx.plugin] Invalid PhysX transform detected for /World/Stem/Fruit_Smooth.
2026-07-23 09:51:15 [12,121ms] [Warning] [omni.physx.plugin] Invalid PhysX transform detected for /World/Stem/SmoothBranch_00.
2026-07-23 09:51:15 [12,121ms] [Warning] [omni.physx.plugin] Invalid PhysX transform detected for /World/Stem/SmoothBranch_01.
2026-07-23 09:51:15 [12,121ms] [Warning] [omni.physx.plugin] Invalid PhysX transform detected for /World/Stem/SmoothBranch_02.
2026-07-23 09:51:15 [12,121ms] [Warning] [omni.physx.plugin] Invalid PhysX transform detected for /World/Stem/SmoothBranch_03.
2026-07-23 09:51:15 [12,121ms] [Warning] [omni.physx.plugin] Invalid PhysX transform detected for /World/Stem/SmoothBranch_04.
2026-07-23 09:51:15 [12,121ms] [Warning] [omni.physx.plugin] Invalid PhysX transform detected for /World/Stem/SmoothBranch_05.
2026-07-23 09:51:15 [12,121ms] [Warning] [omni.physx.plugin] Invalid PhysX transform detected for /World/Stem/SmoothBranch_06.
2026-07-23 09:51:15 [12,121ms] [Warning] [omni.physx.plugin] Invalid PhysX transform detected for /World/Stem/SmoothBranch_07.
2026-07-23 09:51:15 [12,121ms] [Warning] [omni.physx.plugin] Invalid PhysX transform detected for /World/Stem/SmoothBranch_08.
2026-07-23 09:51:15 [12,121ms] [Warning] [omni.physx.plugin] Invalid PhysX transform detected for /World/Stem/SmoothBranch_09.
2026-07-23 09:51:15 [12,121ms] [Warning] [omni.physx.plugin] Invalid PhysX transform detected for /World/Stem/SmoothBranch_10.
2026-07-23 09:51:15 [12,121ms] [Warning] [omni.physx.plugin] Invalid PhysX transform detected for /World/Stem/SmoothBranch_11.
2026-07-23 09:51:15 [12,121ms] [Warning] [omni.physx.plugin] Invalid PhysX transform detected for /World/Stem/SmoothBranch_12.
2026-07-23 09:51:15 [12,121ms] [Warning] [omni.physx.plugin] Invalid PhysX transform detected for /World/Stem/SmoothBranch_13.
2026-07-23 09:51:15 [12,121ms] [Warning] [omni.physx.plugin] Invalid PhysX transform detected for /World/Stem/SmoothBranch_14.
2026-07-23 09:51:15 [12,121ms] [Warning] [omni.physx.plugin] Invalid PhysX transform detected for /World/Stem/SmoothBranch_15.
2026-07-23 09:51:15 [12,121ms] [Warning] [omni.physx.plugin] Invalid PhysX transform detected for /World/Stem/SmoothBranch_16.
2026-07-23 09:51:15 [12,121ms] [Warning] [omni.physx.plugin] Invalid PhysX transform detected for /World/Stem/SmoothBranch_17.
2026-07-23 09:51:15 [12,121ms] [Warning] [omni.physx.plugin] Invalid PhysX transform detected for /World/Stem/SmoothBranch_18.
2026-07-23 09:51:15 [12,121ms] [Warning] [omni.physx.plugin] Invalid PhysX transform detected for /World/Stem/SmoothBranch_19.
2026-07-23 09:51:15 [12,121ms] [Warning] [omni.physx.plugin] Invalid PhysX transform detected for /World/Stem/SmoothBranch_20.
2026-07-23 09:51:15 [12,121ms] [Warning] [omni.physx.plugin] Invalid PhysX transform detected for /World/Stem/SmoothBranch_21.
2026-07-23 09:51:15 [12,121ms] [Warning] [omni.physx.plugin] Invalid PhysX transform detected for /World/Stem/SmoothBranch_22.
2026-07-23 09:51:15 [12,121ms] [Warning] [omni.physx.plugin] Invalid PhysX transform detected for /World/Stem/SmoothBranch_23.
2026-07-23 09:51:15 [12,121ms] [Warning] [omni.physx.plugin] Invalid PhysX transform detected for /World/Stem/SmoothBranch_24.
2026-07-23 09:51:15 [12,121ms] [Warning] [omni.physx.plugin] Invalid PhysX transform detected for /World/Stem/Fruit_Smooth_base.
2026-07-23 09:51:15 [12,121ms] [Warning] [omni.physx.plugin] Invalid PhysX transform detected for /World/Stem/Fruit_Smooth_tip.
2026-07-23 09:51:15 [12,121ms] [Warning] [omni.physx.plugin] Invalid PhysX transform detected for /World/Stem/Fruit_Smooth.
2026-07-23 09:51:15 [12,132ms] [Warning] [omni.physx.plugin] Invalid PhysX transform detected for /World/Stem/SmoothBranch_00.
2026-07-23 09:51:15 [12,132ms] [Warning] [omni.physx.plugin] Invalid PhysX transform detected for /World/Stem/SmoothBranch_01.
2026-07-23 09:51:15 [12,132ms] [Warning] [omni.physx.plugin] Invalid PhysX transform detected for /World/Stem/SmoothBranch_02.
2026-07-23 09:51:15 [12,132ms] [Warning] [omni.physx.plugin] Invalid PhysX transform detected for /World/Stem/SmoothBranch_03.
2026-07-23 09:51:15 [12,132ms] [Warning] [omni.physx.plugin] Invalid PhysX transform detected for /World/Stem/SmoothBranch_04.
2026-07-23 09:51:15 [12,132ms] [Warning] [omni.physx.plugin] Invalid PhysX transform detected for /World/Stem/SmoothBranch_05.
2026-07-23 09:51:15 [12,132ms] [Warning] [omni.physx.plugin] Invalid PhysX transform detected for /World/Stem/SmoothBranch_06.
2026-07-23 09:51:15 [12,132ms] [Warning] [omni.physx.plugin] Invalid PhysX transform detected for /World/Stem/SmoothBranch_07.
2026-07-23 09:51:15 [12,132ms] [Warning] [omni.physx.plugin] Invalid PhysX transform detected for /World/Stem/SmoothBranch_08.
2026-07-23 09:51:15 [12,132ms] [Warning] [omni.physx.plugin] Invalid PhysX transform detected for /World/Stem/SmoothBranch_09.
2026-07-23 09:51:15 [12,133ms] [Warning] [omni.physx.plugin] Invalid PhysX transform detected for /World/Stem/SmoothBranch_10.
2026-07-23 09:51:15 [12,133ms] [Warning] [omni.physx.plugin] Invalid PhysX transform detected for /World/Stem/SmoothBranch_11.
2026-07-23 09:51:15 [12,133ms] [Warning] [omni.physx.plugin] Invalid PhysX transform detected for /World/Stem/SmoothBranch_12.
2026-07-23 09:51:15 [12,133ms] [Warning] [omni.physx.plugin] Invalid PhysX transform detected for /World/Stem/SmoothBranch_13.
2026-07-23 09:51:15 [12,133ms] [Warning] [omni.physx.plugin] Invalid PhysX transform detected for /World/Stem/SmoothBranch_14.
2026-07-23 09:51:15 [12,133ms] [Warning] [omni.physx.plugin] Invalid PhysX transform detected for /World/Stem/SmoothBranch_15.
2026-07-23 09:51:15 [12,133ms] [Warning] [omni.physx.plugin] Invalid PhysX transform detected for /World/Stem/SmoothBranch_16.
2026-07-23 09:51:15 [12,133ms] [Warning] [omni.physx.plugin] Invalid PhysX transform detected for /World/Stem/SmoothBranch_17.
2026-07-23 09:51:15 [12,133ms] [Warning] [omni.physx.plugin] Invalid PhysX transform detected for /World/Stem/SmoothBranch_18.
2026-07-23 09:51:15 [12,133ms] [Warning] [omni.physx.plugin] Invalid PhysX transform detected for /World/Stem/SmoothBranch_19.
2026-07-23 09:51:15 [12,133ms] [Warning] [omni.physx.plugin] Invalid PhysX transform detected for /World/Stem/SmoothBranch_20.
2026-07-23 09:51:15 [12,133ms] [Warning] [omni.physx.plugin] Invalid PhysX transform detected for /World/Stem/SmoothBranch_21.
2026-07-23 09:51:15 [12,133ms] [Warning] [omni.physx.plugin] Invalid PhysX transform detected for /World/Stem/SmoothBranch_22.
2026-07-23 09:51:15 [12,133ms] [Warning] [omni.physx.plugin] Invalid PhysX transform detected for /World/Stem/SmoothBranch_23.
2026-07-23 09:51:15 [12,133ms] [Warning] [omni.physx.plugin] Invalid PhysX transform detected for /World/Stem/SmoothBranch_24.
2026-07-23 09:51:15 [12,133ms] [Warning] [omni.physx.plugin] Invalid PhysX transform detected for /World/Stem/Fruit_Smooth_base.
2026-07-23 09:51:15 [12,133ms] [Warning] [omni.physx.plugin] Invalid PhysX transform detected for /World/Stem/Fruit_Smooth_tip.
2026-07-23 09:51:15 [12,133ms] [Warning] [omni.physx.plugin] Invalid PhysX transform detected for /World/Stem/Fruit_Smooth.
2026-07-23 09:51:15 [12,144ms] [Warning] [omni.physx.plugin] Invalid PhysX transform detected for /World/Stem/SmoothBranch_00.
2026-07-23 09:51:15 [12,144ms] [Warning] [omni.physx.plugin] Invalid PhysX transform detected for /World/Stem/SmoothBranch_01.
2026-07-23 09:51:15 [12,144ms] [Warning] [omni.physx.plugin] Invalid PhysX transform detected for /World/Stem/SmoothBranch_02.
2026-07-23 09:51:15 [12,144ms] [Warning] [omni.physx.plugin] Invalid PhysX transform detected for /World/Stem/SmoothBranch_03.
2026-07-23 09:51:15 [12,144ms] [Warning] [omni.physx.plugin] Invalid PhysX transform detected for /World/Stem/SmoothBranch_04.
2026-07-23 09:51:15 [12,144ms] [Warning] [omni.physx.plugin] Invalid PhysX transform detected for /World/Stem/SmoothBranch_05.
2026-07-23 09:51:15 [12,144ms] [Warning] [omni.physx.plugin] Invalid PhysX transform detected for /World/Stem/SmoothBranch_06.
2026-07-23 09:51:15 [12,144ms] [Warning] [omni.physx.plugin] Invalid PhysX transform detected for /World/Stem/SmoothBranch_07.
2026-07-23 09:51:15 [12,144ms] [Warning] [omni.physx.plugin] Invalid PhysX transform detected for /World/Stem/SmoothBranch_08.
2026-07-23 09:51:15 [12,144ms] [Warning] [omni.physx.plugin] Invalid PhysX transform detected for /World/Stem/SmoothBranch_09.
2026-07-23 09:51:15 [12,144ms] [Warning] [omni.physx.plugin] Invalid PhysX transform detected for /World/Stem/SmoothBranch_10.
2026-07-23 09:51:15 [12,144ms] [Warning] [omni.physx.plugin] Invalid PhysX transform detected for /World/Stem/SmoothBranch_11.
2026-07-23 09:51:15 [12,144ms] [Warning] [omni.physx.plugin] Invalid PhysX transform detected for /World/Stem/SmoothBranch_12.
2026-07-23 09:51:15 [12,144ms] [Warning] [omni.physx.plugin] Invalid PhysX transform detected for /World/Stem/SmoothBranch_13.
2026-07-23 09:51:15 [12,144ms] [Warning] [omni.physx.plugin] Invalid PhysX transform detected for /World/Stem/SmoothBranch_14.
2026-07-23 09:51:15 [12,144ms] [Warning] [omni.physx.plugin] Invalid PhysX transform detected for /World/Stem/SmoothBranch_15.
2026-07-23 09:51:15 [12,144ms] [Warning] [omni.physx.plugin] Invalid PhysX transform detected for /World/Stem/SmoothBranch_16.
2026-07-23 09:51:15 [12,144ms] [Warning] [omni.physx.plugin] Invalid PhysX transform detected for /World/Stem/SmoothBranch_17.
2026-07-23 09:51:15 [12,144ms] [Warning] [omni.physx.plugin] Invalid PhysX transform detected for /World/Stem/SmoothBranch_18.
2026-07-23 09:51:15 [12,144ms] [Warning] [omni.physx.plugin] Invalid PhysX transform detected for /World/Stem/SmoothBranch_19.
2026-07-23 09:51:15 [12,144ms] [Warning] [omni.physx.plugin] Invalid PhysX transform detected for /World/Stem/SmoothBranch_20.
2026-07-23 09:51:15 [12,144ms] [Warning] [omni.physx.plugin] Invalid PhysX transform detected for /World/Stem/SmoothBranch_21.
2026-07-23 09:51:15 [12,144ms] [Warning] [omni.physx.plugin] Invalid PhysX transform detected for /World/Stem/SmoothBranch_22.
2026-07-23 09:51:15 [12,144ms] [Warning] [omni.physx.plugin] Invalid PhysX transform detected for /World/Stem/SmoothBranch_23.
2026-07-23 09:51:15 [12,144ms] [Warning] [omni.physx.plugin] Invalid PhysX transform detected for /World/Stem/SmoothBranch_24.
2026-07-23 09:51:15 [12,144ms] [Warning] [omni.physx.plugin] Invalid PhysX transform detected for /World/Stem/Fruit_Smooth_base.
2026-07-23 09:51:15 [12,144ms] [Warning] [omni.physx.plugin] Invalid PhysX transform detected for /World/Stem/Fruit_Smooth_tip.
2026-07-23 09:51:15 [12,144ms] [Warning] [omni.physx.plugin] Invalid PhysX transform detected for /World/Stem/Fruit_Smooth.
2026-07-23 09:51:15 [12,154ms] [Warning] [omni.physx.plugin] Invalid PhysX transform detected for /World/Stem/SmoothBranch_00.
2026-07-23 09:51:15 [12,154ms] [Warning] [omni.physx.plugin] Invalid PhysX transform detected for /World/Stem/SmoothBranch_01.
2026-07-23 09:51:15 [12,154ms] [Warning] [omni.physx.plugin] Invalid PhysX transform detected for /World/Stem/SmoothBranch_02.
2026-07-23 09:51:15 [12,154ms] [Warning] [omni.physx.plugin] Invalid PhysX transform detected for /World/Stem/SmoothBranch_03.
2026-07-23 09:51:15 [12,154ms] [Warning] [omni.physx.plugin] Invalid PhysX transform detected for /World/Stem/SmoothBranch_04.
2026-07-23 09:51:15 [12,154ms] [Warning] [omni.physx.plugin] Invalid PhysX transform detected for /World/Stem/SmoothBranch_05.
2026-07-23 09:51:15 [12,154ms] [Warning] [omni.physx.plugin] Invalid PhysX transform detected for /World/Stem/SmoothBranch_06.
2026-07-23 09:51:15 [12,154ms] [Warning] [omni.physx.plugin] Invalid PhysX transform detected for /World/Stem/SmoothBranch_07.
2026-07-23 09:51:15 [12,154ms] [Warning] [omni.physx.plugin] Invalid PhysX transform detected for /World/Stem/SmoothBranch_08.
2026-07-23 09:51:15 [12,154ms] [Warning] [omni.physx.plugin] Invalid PhysX transform detected for /World/Stem/SmoothBranch_09.
2026-07-23 09:51:15 [12,154ms] [Warning] [omni.physx.plugin] Invalid PhysX transform detected for /World/Stem/SmoothBranch_10.
2026-07-23 09:51:15 [12,154ms] [Warning] [omni.physx.plugin] Invalid PhysX transform detected for /World/Stem/SmoothBranch_11.
2026-07-23 09:51:15 [12,154ms] [Warning] [omni.physx.plugin] Invalid PhysX transform detected for /World/Stem/SmoothBranch_12.
2026-07-23 09:51:15 [12,154ms] [Warning] [omni.physx.plugin] Invalid PhysX transform detected for /World/Stem/SmoothBranch_13.
2026-07-23 09:51:15 [12,154ms] [Warning] [omni.physx.plugin] Invalid PhysX transform detected for /World/Stem/SmoothBranch_14.
2026-07-23 09:51:15 [12,154ms] [Warning] [omni.physx.plugin] Invalid PhysX transform detected for /World/Stem/SmoothBranch_15.
2026-07-23 09:51:15 [12,154ms] [Warning] [omni.physx.plugin] Invalid PhysX transform detected for /World/Stem/SmoothBranch_16.
2026-07-23 09:51:15 [12,154ms] [Warning] [omni.physx.plugin] Invalid PhysX transform detected for /World/Stem/SmoothBranch_17.
2026-07-23 09:51:15 [12,154ms] [Warning] [omni.physx.plugin] Invalid PhysX transform detected for /World/Stem/SmoothBranch_18.
2026-07-23 09:51:15 [12,154ms] [Warning] [omni.physx.plugin] Invalid PhysX transform detected for /World/Stem/SmoothBranch_19.
2026-07-23 09:51:15 [12,154ms] [Warning] [omni.physx.plugin] Invalid PhysX transform detected for /World/Stem/SmoothBranch_20.
2026-07-23 09:51:15 [12,154ms] [Warning] [omni.physx.plugin] Invalid PhysX transform detected for /World/Stem/SmoothBranch_21.
2026-07-23 09:51:15 [12,154ms] [Warning] [omni.physx.plugin] Invalid PhysX transform detected for /World/Stem/SmoothBranch_22.
2026-07-23 09:51:15 [12,154ms] [Warning] [omni.physx.plugin] Invalid PhysX transform detected for /World/Stem/SmoothBranch_23.
2026-07-23 09:51:15 [12,154ms] [Warning] [omni.physx.plugin] Invalid PhysX transform detected for /World/Stem/SmoothBranch_24.
2026-07-23 09:51:15 [12,154ms] [Warning] [omni.physx.plugin] Invalid PhysX transform detected for /World/Stem/Fruit_Smooth_base.
2026-07-23 09:51:15 [12,154ms] [Warning] [omni.physx.plugin] Invalid PhysX transform detected for /World/Stem/Fruit_Smooth_tip.
2026-07-23 09:51:15 [12,154ms] [Warning] [omni.physx.plugin] Invalid PhysX transform detected for /World/Stem/Fruit_Smooth.
2026-07-23 09:51:15 [12,165ms] [Warning] [omni.physx.plugin] Invalid PhysX transform detected for /World/Stem/SmoothBranch_00.
2026-07-23 09:51:15 [12,165ms] [Warning] [omni.physx.plugin] Invalid PhysX transform detected for /World/Stem/SmoothBranch_01.
2026-07-23 09:51:15 [12,165ms] [Warning] [omni.physx.plugin] Invalid PhysX transform detected for /World/Stem/SmoothBranch_02.
2026-07-23 09:51:15 [12,165ms] [Warning] [omni.physx.plugin] Invalid PhysX transform detected for /World/Stem/SmoothBranch_03.
2026-07-23 09:51:15 [12,165ms] [Warning] [omni.physx.plugin] Invalid PhysX transform detected for /World/Stem/SmoothBranch_04.
2026-07-23 09:51:15 [12,165ms] [Warning] [omni.physx.plugin] Invalid PhysX transform detected for /World/Stem/SmoothBranch_05.
2026-07-23 09:51:15 [12,165ms] [Warning] [omni.physx.plugin] Invalid PhysX transform detected for /World/Stem/SmoothBranch_06.
2026-07-23 09:51:15 [12,165ms] [Warning] [omni.physx.plugin] Invalid PhysX transform detected for /World/Stem/SmoothBranch_07.
2026-07-23 09:51:15 [12,165ms] [Warning] [omni.physx.plugin] Invalid PhysX transform detected for /World/Stem/SmoothBranch_08.
2026-07-23 09:51:15 [12,165ms] [Warning] [omni.physx.plugin] Invalid PhysX transform detected for /World/Stem/SmoothBranch_09.
2026-07-23 09:51:15 [12,165ms] [Warning] [omni.physx.plugin] Invalid PhysX transform detected for /World/Stem/SmoothBranch_10.
2026-07-23 09:51:15 [12,165ms] [Warning] [omni.physx.plugin] Invalid PhysX transform detected for /World/Stem/SmoothBranch_11.
2026-07-23 09:51:15 [12,165ms] [Warning] [omni.physx.plugin] Invalid PhysX transform detected for /World/Stem/SmoothBranch_12.
2026-07-23 09:51:15 [12,165ms] [Warning] [omni.physx.plugin] Invalid PhysX transform detected for /World/Stem/SmoothBranch_13.
2026-07-23 09:51:15 [12,165ms] [Warning] [omni.physx.plugin] Invalid PhysX transform detected for /World/Stem/SmoothBranch_14.
2026-07-23 09:51:15 [12,165ms] [Warning] [omni.physx.plugin] Invalid PhysX transform detected for /World/Stem/SmoothBranch_15.
2026-07-23 09:51:15 [12,165ms] [Warning] [omni.physx.plugin] Invalid PhysX transform detected for /World/Stem/SmoothBranch_16.
2026-07-23 09:51:15 [12,165ms] [Warning] [omni.physx.plugin] Invalid PhysX transform detected for /World/Stem/SmoothBranch_17.
2026-07-23 09:51:15 [12,165ms] [Warning] [omni.physx.plugin] Invalid PhysX transform detected for /World/Stem/SmoothBranch_18.
2026-07-23 09:51:15 [12,165ms] [Warning] [omni.physx.plugin] Invalid PhysX transform detected for /World/Stem/SmoothBranch_19.
2026-07-23 09:51:15 [12,165ms] [Warning] [omni.physx.plugin] Invalid PhysX transform detected for /World/Stem/SmoothBranch_20.
2026-07-23 09:51:15 [12,165ms] [Warning] [omni.physx.plugin] Invalid PhysX transform detected for /World/Stem/SmoothBranch_21.
2026-07-23 09:51:15 [12,165ms] [Warning] [omni.physx.plugin] Invalid PhysX transform detected for /World/Stem/SmoothBranch_22.
2026-07-23 09:51:15 [12,165ms] [Warning] [omni.physx.plugin] Invalid PhysX transform detected for /World/Stem/SmoothBranch_23.
2026-07-23 09:51:15 [12,165ms] [Warning] [omni.physx.plugin] Invalid PhysX transform detected for /World/Stem/SmoothBranch_24.
2026-07-23 09:51:15 [12,165ms] [Warning] [omni.physx.plugin] Invalid PhysX transform detected for /World/Stem/Fruit_Smooth_base.
2026-07-23 09:51:15 [12,165ms] [Warning] [omni.physx.plugin] Invalid PhysX transform detected for /World/Stem/Fruit_Smooth_tip.
2026-07-23 09:51:15 [12,165ms] [Warning] [omni.physx.plugin] Invalid PhysX transform detected for /World/Stem/Fruit_Smooth.
2026-07-23 09:51:15 [12,176ms] [Warning] [omni.physx.plugin] Invalid PhysX transform detected for /World/Stem/SmoothBranch_00.
2026-07-23 09:51:15 [12,176ms] [Warning] [omni.physx.plugin] Invalid PhysX transform detected for /World/Stem/SmoothBranch_01.
2026-07-23 09:51:15 [12,176ms] [Warning] [omni.physx.plugin] Invalid PhysX transform detected for /World/Stem/SmoothBranch_02.
2026-07-23 09:51:15 [12,176ms] [Warning] [omni.physx.plugin] Invalid PhysX transform detected for /World/Stem/SmoothBranch_03.
2026-07-23 09:51:15 [12,176ms] [Warning] [omni.physx.plugin] Invalid PhysX transform detected for /World/Stem/SmoothBranch_04.
2026-07-23 09:51:15 [12,176ms] [Warning] [omni.physx.plugin] Invalid PhysX transform detected for /World/Stem/SmoothBranch_05.
2026-07-23 09:51:15 [12,176ms] [Warning] [omni.physx.plugin] Invalid PhysX transform detected for /World/Stem/SmoothBranch_06.
2026-07-23 09:51:15 [12,176ms] [Warning] [omni.physx.plugin] Invalid PhysX transform detected for /World/Stem/SmoothBranch_07.
2026-07-23 09:51:15 [12,176ms] [Warning] [omni.physx.plugin] Invalid PhysX transform detected for /World/Stem/SmoothBranch_08.
2026-07-23 09:51:15 [12,176ms] [Warning] [omni.physx.plugin] Invalid PhysX transform detected for /World/Stem/SmoothBranch_09.
2026-07-23 09:51:15 [12,176ms] [Warning] [omni.physx.plugin] Invalid PhysX transform detected for /World/Stem/SmoothBranch_10.
2026-07-23 09:51:15 [12,176ms] [Warning] [omni.physx.plugin] Invalid PhysX transform detected for /World/Stem/SmoothBranch_11.
2026-07-23 09:51:15 [12,176ms] [Warning] [omni.physx.plugin] Invalid PhysX transform detected for /World/Stem/SmoothBranch_12.
2026-07-23 09:51:15 [12,176ms] [Warning] [omni.physx.plugin] Invalid PhysX transform detected for /World/Stem/SmoothBranch_13.
2026-07-23 09:51:15 [12,176ms] [Warning] [omni.physx.plugin] Invalid PhysX transform detected for /World/Stem/SmoothBranch_14.
2026-07-23 09:51:15 [12,176ms] [Warning] [omni.physx.plugin] Invalid PhysX transform detected for /World/Stem/SmoothBranch_15.
2026-07-23 09:51:15 [12,176ms] [Warning] [omni.physx.plugin] Invalid PhysX transform detected for /World/Stem/SmoothBranch_16.
2026-07-23 09:51:15 [12,176ms] [Warning] [omni.physx.plugin] Invalid PhysX transform detected for /World/Stem/SmoothBranch_17.
2026-07-23 09:51:15 [12,176ms] [Warning] [omni.physx.plugin] Invalid PhysX transform detected for /World/Stem/SmoothBranch_18.
2026-07-23 09:51:15 [12,176ms] [Warning] [omni.physx.plugin] Invalid PhysX transform detected for /World/Stem/SmoothBranch_19.
2026-07-23 09:51:15 [12,176ms] [Warning] [omni.physx.plugin] Invalid PhysX transform detected for /World/Stem/SmoothBranch_20.
2026-07-23 09:51:15 [12,176ms] [Warning] [omni.physx.plugin] Invalid PhysX transform detected for /World/Stem/SmoothBranch_21.
2026-07-23 09:51:15 [12,176ms] [Warning] [omni.physx.plugin] Invalid PhysX transform detected for /World/Stem/SmoothBranch_22.
2026-07-23 09:51:15 [12,176ms] [Warning] [omni.physx.plugin] Invalid PhysX transform detected for /World/Stem/SmoothBranch_23.
2026-07-23 09:51:15 [12,176ms] [Warning] [omni.physx.plugin] Invalid PhysX transform detected for /World/Stem/SmoothBranch_24.
2026-07-23 09:51:15 [12,176ms] [Warning] [omni.physx.plugin] Invalid PhysX transform detected for /World/Stem/Fruit_Smooth_base.
2026-07-23 09:51:15 [12,176ms] [Warning] [omni.physx.plugin] Invalid PhysX transform detected for /World/Stem/Fruit_Smooth_tip.
2026-07-23 09:51:15 [12,176ms] [Warning] [omni.physx.plugin] Invalid PhysX transform detected for /World/Stem/Fruit_Smooth.
2026-07-23 09:51:15 [12,186ms] [Warning] [omni.physx.plugin] Invalid PhysX transform detected for /World/Stem/SmoothBranch_00.
2026-07-23 09:51:15 [12,186ms] [Warning] [omni.physx.plugin] Invalid PhysX transform detected for /World/Stem/SmoothBranch_01.
2026-07-23 09:51:15 [12,186ms] [Warning] [omni.physx.plugin] Invalid PhysX transform detected for /World/Stem/SmoothBranch_02.
2026-07-23 09:51:15 [12,186ms] [Warning] [omni.physx.plugin] Invalid PhysX transform detected for /World/Stem/SmoothBranch_03.
2026-07-23 09:51:15 [12,186ms] [Warning] [omni.physx.plugin] Invalid PhysX transform detected for /World/Stem/SmoothBranch_04.
2026-07-23 09:51:15 [12,186ms] [Warning] [omni.physx.plugin] Invalid PhysX transform detected for /World/Stem/SmoothBranch_05.
2026-07-23 09:51:15 [12,186ms] [Warning] [omni.physx.plugin] Invalid PhysX transform detected for /World/Stem/SmoothBranch_06.
2026-07-23 09:51:15 [12,186ms] [Warning] [omni.physx.plugin] Invalid PhysX transform detected for /World/Stem/SmoothBranch_07.
2026-07-23 09:51:15 [12,186ms] [Warning] [omni.physx.plugin] Invalid PhysX transform detected for /World/Stem/SmoothBranch_08.
2026-07-23 09:51:15 [12,186ms] [Warning] [omni.physx.plugin] Invalid PhysX transform detected for /World/Stem/SmoothBranch_09.
2026-07-23 09:51:15 [12,186ms] [Warning] [omni.physx.plugin] Invalid PhysX transform detected for /World/Stem/SmoothBranch_10.
2026-07-23 09:51:15 [12,186ms] [Warning] [omni.physx.plugin] Invalid PhysX transform detected for /World/Stem/SmoothBranch_11.
2026-07-23 09:51:15 [12,186ms] [Warning] [omni.physx.plugin] Invalid PhysX transform detected for /World/Stem/SmoothBranch_12.
2026-07-23 09:51:15 [12,186ms] [Warning] [omni.physx.plugin] Invalid PhysX transform detected for /World/Stem/SmoothBranch_13.
2026-07-23 09:51:15 [12,186ms] [Warning] [omni.physx.plugin] Invalid PhysX transform detected for /World/Stem/SmoothBranch_14.
2026-07-23 09:51:15 [12,186ms] [Warning] [omni.physx.plugin] Invalid PhysX transform detected for /World/Stem/SmoothBranch_15.
2026-07-23 09:51:15 [12,186ms] [Warning] [omni.physx.plugin] Invalid PhysX transform detected for /World/Stem/SmoothBranch_16.
2026-07-23 09:51:15 [12,186ms] [Warning] [omni.physx.plugin] Invalid PhysX transform detected for /World/Stem/SmoothBranch_17.
2026-07-23 09:51:15 [12,186ms] [Warning] [omni.physx.plugin] Invalid PhysX transform detected for /World/Stem/SmoothBranch_18.
2026-07-23 09:51:15 [12,186ms] [Warning] [omni.physx.plugin] Invalid PhysX transform detected for /World/Stem/SmoothBranch_19.
2026-07-23 09:51:15 [12,186ms] [Warning] [omni.physx.plugin] Invalid PhysX transform detected for /World/Stem/SmoothBranch_20.
2026-07-23 09:51:15 [12,186ms] [Warning] [omni.physx.plugin] Invalid PhysX transform detected for /World/Stem/SmoothBranch_21.
2026-07-23 09:51:15 [12,186ms] [Warning] [omni.physx.plugin] Invalid PhysX transform detected for /World/Stem/SmoothBranch_22.
2026-07-23 09:51:15 [12,186ms] [Warning] [omni.physx.plugin] Invalid PhysX transform detected for /World/Stem/SmoothBranch_23.
2026-07-23 09:51:15 [12,186ms] [Warning] [omni.physx.plugin] Invalid PhysX transform detected for /World/Stem/SmoothBranch_24.
2026-07-23 09:51:15 [12,186ms] [Warning] [omni.physx.plugin] Invalid PhysX transform detected for /World/Stem/Fruit_Smooth_base.
2026-07-23 09:51:15 [12,186ms] [Warning] [omni.physx.plugin] Invalid PhysX transform detected for /World/Stem/Fruit_Smooth_tip.
2026-07-23 09:51:15 [12,186ms] [Warning] [omni.physx.plugin] Invalid PhysX transform detected for /World/Stem/Fruit_Smooth.
2026-07-23 09:51:15 [12,198ms] [Warning] [omni.physx.plugin] Invalid PhysX transform detected for /World/Stem/SmoothBranch_00.
2026-07-23 09:51:15 [12,198ms] [Warning] [omni.physx.plugin] Invalid PhysX transform detected for /World/Stem/SmoothBranch_01.
2026-07-23 09:51:15 [12,198ms] [Warning] [omni.physx.plugin] Invalid PhysX transform detected for /World/Stem/SmoothBranch_02.
2026-07-23 09:51:15 [12,198ms] [Warning] [omni.physx.plugin] Invalid PhysX transform detected for /World/Stem/SmoothBranch_03.
2026-07-23 09:51:15 [12,198ms] [Warning] [omni.physx.plugin] Invalid PhysX transform detected for /World/Stem/SmoothBranch_04.
2026-07-23 09:51:15 [12,198ms] [Warning] [omni.physx.plugin] Invalid PhysX transform detected for /World/Stem/SmoothBranch_05.
2026-07-23 09:51:15 [12,198ms] [Warning] [omni.physx.plugin] Invalid PhysX transform detected for /World/Stem/SmoothBranch_06.
2026-07-23 09:51:15 [12,198ms] [Warning] [omni.physx.plugin] Invalid PhysX transform detected for /World/Stem/SmoothBranch_07.
2026-07-23 09:51:15 [12,198ms] [Warning] [omni.physx.plugin] Invalid PhysX transform detected for /World/Stem/SmoothBranch_08.
2026-07-23 09:51:15 [12,198ms] [Warning] [omni.physx.plugin] Invalid PhysX transform detected for /World/Stem/SmoothBranch_09.
2026-07-23 09:51:15 [12,198ms] [Warning] [omni.physx.plugin] Invalid PhysX transform detected for /World/Stem/SmoothBranch_10.
2026-07-23 09:51:15 [12,198ms] [Warning] [omni.physx.plugin] Invalid PhysX transform detected for /World/Stem/SmoothBranch_11.
2026-07-23 09:51:15 [12,198ms] [Warning] [omni.physx.plugin] Invalid PhysX transform detected for /World/Stem/SmoothBranch_12.
2026-07-23 09:51:15 [12,198ms] [Warning] [omni.physx.plugin] Invalid PhysX transform detected for /World/Stem/SmoothBranch_13.
2026-07-23 09:51:15 [12,198ms] [Warning] [omni.physx.plugin] Invalid PhysX transform detected for /World/Stem/SmoothBranch_14.
2026-07-23 09:51:15 [12,198ms] [Warning] [omni.physx.plugin] Invalid PhysX transform detected for /World/Stem/SmoothBranch_15.
2026-07-23 09:51:15 [12,198ms] [Warning] [omni.physx.plugin] Invalid PhysX transform detected for /World/Stem/SmoothBranch_16.
2026-07-23 09:51:15 [12,198ms] [Warning] [omni.physx.plugin] Invalid PhysX transform detected for /World/Stem/SmoothBranch_17.
2026-07-23 09:51:15 [12,198ms] [Warning] [omni.physx.plugin] Invalid PhysX transform detected for /World/Stem/SmoothBranch_18.
2026-07-23 09:51:15 [12,198ms] [Warning] [omni.physx.plugin] Invalid PhysX transform detected for /World/Stem/SmoothBranch_19.
2026-07-23 09:51:15 [12,198ms] [Warning] [omni.physx.plugin] Invalid PhysX transform detected for /World/Stem/SmoothBranch_20.
2026-07-23 09:51:15 [12,198ms] [Warning] [omni.physx.plugin] Invalid PhysX transform detected for /World/Stem/SmoothBranch_21.
2026-07-23 09:51:15 [12,198ms] [Warning] [omni.physx.plugin] Invalid PhysX transform detected for /World/Stem/SmoothBranch_22.
2026-07-23 09:51:15 [12,198ms] [Warning] [omni.physx.plugin] Invalid PhysX transform detected for /World/Stem/SmoothBranch_23.
2026-07-23 09:51:15 [12,198ms] [Warning] [omni.physx.plugin] Invalid PhysX transform detected for /World/Stem/SmoothBranch_24.
2026-07-23 09:51:15 [12,198ms] [Warning] [omni.physx.plugin] Invalid PhysX transform detected for /World/Stem/Fruit_Smooth_base.
2026-07-23 09:51:15 [12,198ms] [Warning] [omni.physx.plugin] Invalid PhysX transform detected for /World/Stem/Fruit_Smooth_tip.
2026-07-23 09:51:15 [12,198ms] [Warning] [omni.physx.plugin] Invalid PhysX transform detected for /World/Stem/Fruit_Smooth.
2026-07-23 09:51:15 [12,210ms] [Warning] [omni.physx.plugin] Invalid PhysX transform detected for /World/Stem/SmoothBranch_00.
2026-07-23 09:51:15 [12,210ms] [Warning] [omni.physx.plugin] Invalid PhysX transform detected for /World/Stem/SmoothBranch_01.
2026-07-23 09:51:15 [12,210ms] [Warning] [omni.physx.plugin] Invalid PhysX transform detected for /World/Stem/SmoothBranch_02.
2026-07-23 09:51:15 [12,210ms] [Warning] [omni.physx.plugin] Invalid PhysX transform detected for /World/Stem/SmoothBranch_03.
2026-07-23 09:51:15 [12,210ms] [Warning] [omni.physx.plugin] Invalid PhysX transform detected for /World/Stem/SmoothBranch_04.
2026-07-23 09:51:15 [12,210ms] [Warning] [omni.physx.plugin] Invalid PhysX transform detected for /World/Stem/SmoothBranch_05.
2026-07-23 09:51:15 [12,210ms] [Warning] [omni.physx.plugin] Invalid PhysX transform detected for /World/Stem/SmoothBranch_06.
2026-07-23 09:51:15 [12,210ms] [Warning] [omni.physx.plugin] Invalid PhysX transform detected for /World/Stem/SmoothBranch_07.
2026-07-23 09:51:15 [12,210ms] [Warning] [omni.physx.plugin] Invalid PhysX transform detected for /World/Stem/SmoothBranch_08.
2026-07-23 09:51:15 [12,210ms] [Warning] [omni.physx.plugin] Invalid PhysX transform detected for /World/Stem/SmoothBranch_09.
2026-07-23 09:51:15 [12,210ms] [Warning] [omni.physx.plugin] Invalid PhysX transform detected for /World/Stem/SmoothBranch_10.
2026-07-23 09:51:15 [12,210ms] [Warning] [omni.physx.plugin] Invalid PhysX transform detected for /World/Stem/SmoothBranch_11.
2026-07-23 09:51:15 [12,210ms] [Warning] [omni.physx.plugin] Invalid PhysX transform detected for /World/Stem/SmoothBranch_12.
2026-07-23 09:51:15 [12,210ms] [Warning] [omni.physx.plugin] Invalid PhysX transform detected for /World/Stem/SmoothBranch_13.
2026-07-23 09:51:15 [12,210ms] [Warning] [omni.physx.plugin] Invalid PhysX transform detected for /World/Stem/SmoothBranch_14.
2026-07-23 09:51:15 [12,210ms] [Warning] [omni.physx.plugin] Invalid PhysX transform detected for /World/Stem/SmoothBranch_15.
2026-07-23 09:51:15 [12,210ms] [Warning] [omni.physx.plugin] Invalid PhysX transform detected for /World/Stem/SmoothBranch_16.
2026-07-23 09:51:15 [12,210ms] [Warning] [omni.physx.plugin] Invalid PhysX transform detected for /World/Stem/SmoothBranch_17.
2026-07-23 09:51:15 [12,210ms] [Warning] [omni.physx.plugin] Invalid PhysX transform detected for /World/Stem/SmoothBranch_18.
2026-07-23 09:51:15 [12,210ms] [Warning] [omni.physx.plugin] Invalid PhysX transform detected for /World/Stem/SmoothBranch_19.
2026-07-23 09:51:15 [12,210ms] [Warning] [omni.physx.plugin] Invalid PhysX transform detected for /World/Stem/SmoothBranch_20.
2026-07-23 09:51:15 [12,210ms] [Warning] [omni.physx.plugin] Invalid PhysX transform detected for /World/Stem/SmoothBranch_21.
2026-07-23 09:51:15 [12,210ms] [Warning] [omni.physx.plugin] Invalid PhysX transform detected for /World/Stem/SmoothBranch_22.
2026-07-23 09:51:15 [12,210ms] [Warning] [omni.physx.plugin] Invalid PhysX transform detected for /World/Stem/SmoothBranch_23.
2026-07-23 09:51:15 [12,210ms] [Warning] [omni.physx.plugin] Invalid PhysX transform detected for /World/Stem/SmoothBranch_24.
2026-07-23 09:51:15 [12,210ms] [Warning] [omni.physx.plugin] Invalid PhysX transform detected for /World/Stem/Fruit_Smooth_base.
2026-07-23 09:51:15 [12,210ms] [Warning] [omni.physx.plugin] Invalid PhysX transform detected for /World/Stem/Fruit_Smooth_tip.
2026-07-23 09:51:15 [12,210ms] [Warning] [omni.physx.plugin] Invalid PhysX transform detected for /World/Stem/Fruit_Smooth.
2026-07-23 09:51:15 [12,220ms] [Warning] [omni.physx.plugin] Invalid PhysX transform detected for /World/Stem/SmoothBranch_00.
2026-07-23 09:51:15 [12,220ms] [Warning] [omni.physx.plugin] Invalid PhysX transform detected for /World/Stem/SmoothBranch_01.
2026-07-23 09:51:15 [12,220ms] [Warning] [omni.physx.plugin] Invalid PhysX transform detected for /World/Stem/SmoothBranch_02.
2026-07-23 09:51:15 [12,220ms] [Warning] [omni.physx.plugin] Invalid PhysX transform detected for /World/Stem/SmoothBranch_03.
2026-07-23 09:51:15 [12,220ms] [Warning] [omni.physx.plugin] Invalid PhysX transform detected for /World/Stem/SmoothBranch_04.
2026-07-23 09:51:15 [12,220ms] [Warning] [omni.physx.plugin] Invalid PhysX transform detected for /World/Stem/SmoothBranch_05.
2026-07-23 09:51:15 [12,220ms] [Warning] [omni.physx.plugin] Invalid PhysX transform detected for /World/Stem/SmoothBranch_06.
2026-07-23 09:51:15 [12,220ms] [Warning] [omni.physx.plugin] Invalid PhysX transform detected for /World/Stem/SmoothBranch_07.
2026-07-23 09:51:15 [12,220ms] [Warning] [omni.physx.plugin] Invalid PhysX transform detected for /World/Stem/SmoothBranch_08.
2026-07-23 09:51:15 [12,220ms] [Warning] [omni.physx.plugin] Invalid PhysX transform detected for /World/Stem/SmoothBranch_09.
2026-07-23 09:51:15 [12,220ms] [Warning] [omni.physx.plugin] Invalid PhysX transform detected for /World/Stem/SmoothBranch_10.
2026-07-23 09:51:15 [12,220ms] [Warning] [omni.physx.plugin] Invalid PhysX transform detected for /World/Stem/SmoothBranch_11.
2026-07-23 09:51:15 [12,220ms] [Warning] [omni.physx.plugin] Invalid PhysX transform detected for /World/Stem/SmoothBranch_12.
2026-07-23 09:51:15 [12,220ms] [Warning] [omni.physx.plugin] Invalid PhysX transform detected for /World/Stem/SmoothBranch_13.
2026-07-23 09:51:15 [12,220ms] [Warning] [omni.physx.plugin] Invalid PhysX transform detected for /World/Stem/SmoothBranch_14.
2026-07-23 09:51:15 [12,220ms] [Warning] [omni.physx.plugin] Invalid PhysX transform detected for /World/Stem/SmoothBranch_15.
2026-07-23 09:51:15 [12,220ms] [Warning] [omni.physx.plugin] Invalid PhysX transform detected for /World/Stem/SmoothBranch_16.
2026-07-23 09:51:15 [12,220ms] [Warning] [omni.physx.plugin] Invalid PhysX transform detected for /World/Stem/SmoothBranch_17.
2026-07-23 09:51:15 [12,220ms] [Warning] [omni.physx.plugin] Invalid PhysX transform detected for /World/Stem/SmoothBranch_18.
2026-07-23 09:51:15 [12,220ms] [Warning] [omni.physx.plugin] Invalid PhysX transform detected for /World/Stem/SmoothBranch_19.
2026-07-23 09:51:15 [12,220ms] [Warning] [omni.physx.plugin] Invalid PhysX transform detected for /World/Stem/SmoothBranch_20.
2026-07-23 09:51:15 [12,220ms] [Warning] [omni.physx.plugin] Invalid PhysX transform detected for /World/Stem/SmoothBranch_21.
2026-07-23 09:51:15 [12,220ms] [Warning] [omni.physx.plugin] Invalid PhysX transform detected for /World/Stem/SmoothBranch_22.
2026-07-23 09:51:15 [12,220ms] [Warning] [omni.physx.plugin] Invalid PhysX transform detected for /World/Stem/SmoothBranch_23.
2026-07-23 09:51:15 [12,220ms] [Warning] [omni.physx.plugin] Invalid PhysX transform detected for /World/Stem/SmoothBranch_24.
2026-07-23 09:51:15 [12,220ms] [Warning] [omni.physx.plugin] Invalid PhysX transform detected for /World/Stem/Fruit_Smooth_base.
2026-07-23 09:51:15 [12,220ms] [Warning] [omni.physx.plugin] Invalid PhysX transform detected for /World/Stem/Fruit_Smooth_tip.
2026-07-23 09:51:15 [12,220ms] [Warning] [omni.physx.plugin] Invalid PhysX transform detected for /World/Stem/Fruit_Smooth.
2026-07-23 09:51:15 [12,231ms] [Warning] [omni.physx.plugin] Invalid PhysX transform detected for /World/Stem/SmoothBranch_00.
2026-07-23 09:51:15 [12,231ms] [Warning] [omni.physx.plugin] Invalid PhysX transform detected for /World/Stem/SmoothBranch_01.
2026-07-23 09:51:15 [12,231ms] [Warning] [omni.physx.plugin] Invalid PhysX transform detected for /World/Stem/SmoothBranch_02.
2026-07-23 09:51:15 [12,231ms] [Warning] [omni.physx.plugin] Invalid PhysX transform detected for /World/Stem/SmoothBranch_03.
2026-07-23 09:51:15 [12,231ms] [Warning] [omni.physx.plugin] Invalid PhysX transform detected for /World/Stem/SmoothBranch_04.
2026-07-23 09:51:15 [12,231ms] [Warning] [omni.physx.plugin] Invalid PhysX transform detected for /World/Stem/SmoothBranch_05.
2026-07-23 09:51:15 [12,231ms] [Warning] [omni.physx.plugin] Invalid PhysX transform detected for /World/Stem/SmoothBranch_06.
2026-07-23 09:51:15 [12,231ms] [Warning] [omni.physx.plugin] Invalid PhysX transform detected for /World/Stem/SmoothBranch_07.
2026-07-23 09:51:15 [12,231ms] [Warning] [omni.physx.plugin] Invalid PhysX transform detected for /World/Stem/SmoothBranch_08.
2026-07-23 09:51:15 [12,231ms] [Warning] [omni.physx.plugin] Invalid PhysX transform detected for /World/Stem/SmoothBranch_09.
2026-07-23 09:51:15 [12,231ms] [Warning] [omni.physx.plugin] Invalid PhysX transform detected for /World/Stem/SmoothBranch_10.
2026-07-23 09:51:15 [12,231ms] [Warning] [omni.physx.plugin] Invalid PhysX transform detected for /World/Stem/SmoothBranch_11.
2026-07-23 09:51:15 [12,231ms] [Warning] [omni.physx.plugin] Invalid PhysX transform detected for /World/Stem/SmoothBranch_12.
2026-07-23 09:51:15 [12,231ms] [Warning] [omni.physx.plugin] Invalid PhysX transform detected for /World/Stem/SmoothBranch_13.
2026-07-23 09:51:15 [12,231ms] [Warning] [omni.physx.plugin] Invalid PhysX transform detected for /World/Stem/SmoothBranch_14.
2026-07-23 09:51:15 [12,231ms] [Warning] [omni.physx.plugin] Invalid PhysX transform detected for /World/Stem/SmoothBranch_15.
2026-07-23 09:51:15 [12,231ms] [Warning] [omni.physx.plugin] Invalid PhysX transform detected for /World/Stem/SmoothBranch_16.
2026-07-23 09:51:15 [12,231ms] [Warning] [omni.physx.plugin] Invalid PhysX transform detected for /World/Stem/SmoothBranch_17.
2026-07-23 09:51:15 [12,231ms] [Warning] [omni.physx.plugin] Invalid PhysX transform detected for /World/Stem/SmoothBranch_18.
2026-07-23 09:51:15 [12,231ms] [Warning] [omni.physx.plugin] Invalid PhysX transform detected for /World/Stem/SmoothBranch_19.
2026-07-23 09:51:15 [12,231ms] [Warning] [omni.physx.plugin] Invalid PhysX transform detected for /World/Stem/SmoothBranch_20.
2026-07-23 09:51:15 [12,231ms] [Warning] [omni.physx.plugin] Invalid PhysX transform detected for /World/Stem/SmoothBranch_21.
2026-07-23 09:51:15 [12,231ms] [Warning] [omni.physx.plugin] Invalid PhysX transform detected for /World/Stem/SmoothBranch_22.
2026-07-23 09:51:15 [12,231ms] [Warning] [omni.physx.plugin] Invalid PhysX transform detected for /World/Stem/SmoothBranch_23.
2026-07-23 09:51:15 [12,231ms] [Warning] [omni.physx.plugin] Invalid PhysX transform detected for /World/Stem/SmoothBranch_24.
2026-07-23 09:51:15 [12,231ms] [Warning] [omni.physx.plugin] Invalid PhysX transform detected for /World/Stem/Fruit_Smooth_base.
2026-07-23 09:51:15 [12,231ms] [Warning] [omni.physx.plugin] Invalid PhysX transform detected for /World/Stem/Fruit_Smooth_tip.
2026-07-23 09:51:15 [12,231ms] [Warning] [omni.physx.plugin] Invalid PhysX transform detected for /World/Stem/Fruit_Smooth.
2026-07-23 09:51:15 [12,242ms] [Warning] [omni.physx.plugin] Invalid PhysX transform detected for /World/Stem/SmoothBranch_00.
2026-07-23 09:51:15 [12,242ms] [Warning] [omni.physx.plugin] Invalid PhysX transform detected for /World/Stem/SmoothBranch_01.
2026-07-23 09:51:15 [12,242ms] [Warning] [omni.physx.plugin] Invalid PhysX transform detected for /World/Stem/SmoothBranch_02.
2026-07-23 09:51:15 [12,242ms] [Warning] [omni.physx.plugin] Invalid PhysX transform detected for /World/Stem/SmoothBranch_03.
2026-07-23 09:51:15 [12,242ms] [Warning] [omni.physx.plugin] Invalid PhysX transform detected for /World/Stem/SmoothBranch_04.
2026-07-23 09:51:15 [12,242ms] [Warning] [omni.physx.plugin] Invalid PhysX transform detected for /World/Stem/SmoothBranch_05.
2026-07-23 09:51:15 [12,242ms] [Warning] [omni.physx.plugin] Invalid PhysX transform detected for /World/Stem/SmoothBranch_06.
2026-07-23 09:51:15 [12,242ms] [Warning] [omni.physx.plugin] Invalid PhysX transform detected for /World/Stem/SmoothBranch_07.
2026-07-23 09:51:15 [12,242ms] [Warning] [omni.physx.plugin] Invalid PhysX transform detected for /World/Stem/SmoothBranch_08.
2026-07-23 09:51:15 [12,242ms] [Warning] [omni.physx.plugin] Invalid PhysX transform detected for /World/Stem/SmoothBranch_09.
2026-07-23 09:51:15 [12,242ms] [Warning] [omni.physx.plugin] Invalid PhysX transform detected for /World/Stem/SmoothBranch_10.
2026-07-23 09:51:15 [12,242ms] [Warning] [omni.physx.plugin] Invalid PhysX transform detected for /World/Stem/SmoothBranch_11.
2026-07-23 09:51:15 [12,242ms] [Warning] [omni.physx.plugin] Invalid PhysX transform detected for /World/Stem/SmoothBranch_12.
2026-07-23 09:51:15 [12,242ms] [Warning] [omni.physx.plugin] Invalid PhysX transform detected for /World/Stem/SmoothBranch_13.
2026-07-23 09:51:15 [12,242ms] [Warning] [omni.physx.plugin] Invalid PhysX transform detected for /World/Stem/SmoothBranch_14.
2026-07-23 09:51:15 [12,242ms] [Warning] [omni.physx.plugin] Invalid PhysX transform detected for /World/Stem/SmoothBranch_15.
2026-07-23 09:51:15 [12,242ms] [Warning] [omni.physx.plugin] Invalid PhysX transform detected for /World/Stem/SmoothBranch_16.
2026-07-23 09:51:15 [12,242ms] [Warning] [omni.physx.plugin] Invalid PhysX transform detected for /World/Stem/SmoothBranch_17.
2026-07-23 09:51:15 [12,242ms] [Warning] [omni.physx.plugin] Invalid PhysX transform detected for /World/Stem/SmoothBranch_18.
2026-07-23 09:51:15 [12,242ms] [Warning] [omni.physx.plugin] Invalid PhysX transform detected for /World/Stem/SmoothBranch_19.
2026-07-23 09:51:15 [12,242ms] [Warning] [omni.physx.plugin] Invalid PhysX transform detected for /World/Stem/SmoothBranch_20.
2026-07-23 09:51:15 [12,242ms] [Warning] [omni.physx.plugin] Invalid PhysX transform detected for /World/Stem/SmoothBranch_21.
2026-07-23 09:51:15 [12,242ms] [Warning] [omni.physx.plugin] Invalid PhysX transform detected for /World/Stem/SmoothBranch_22.
2026-07-23 09:51:15 [12,242ms] [Warning] [omni.physx.plugin] Invalid PhysX transform detected for /World/Stem/SmoothBranch_23.
2026-07-23 09:51:15 [12,242ms] [Warning] [omni.physx.plugin] Invalid PhysX transform detected for /World/Stem/SmoothBranch_24.
2026-07-23 09:51:15 [12,242ms] [Warning] [omni.physx.plugin] Invalid PhysX transform detected for /World/Stem/Fruit_Smooth_base.
2026-07-23 09:51:15 [12,242ms] [Warning] [omni.physx.plugin] Invalid PhysX transform detected for /World/Stem/Fruit_Smooth_tip.
2026-07-23 09:51:15 [12,242ms] [Warning] [omni.physx.plugin] Invalid PhysX transform detected for /World/Stem/Fruit_Smooth.
2026-07-23 09:51:15 [12,252ms] [Warning] [omni.physx.plugin] Invalid PhysX transform detected for /World/Stem/SmoothBranch_00.
2026-07-23 09:51:15 [12,252ms] [Warning] [omni.physx.plugin] Invalid PhysX transform detected for /World/Stem/SmoothBranch_01.
2026-07-23 09:51:15 [12,252ms] [Warning] [omni.physx.plugin] Invalid PhysX transform detected for /World/Stem/SmoothBranch_02.
2026-07-23 09:51:15 [12,252ms] [Warning] [omni.physx.plugin] Invalid PhysX transform detected for /World/Stem/SmoothBranch_03.
2026-07-23 09:51:15 [12,252ms] [Warning] [omni.physx.plugin] Invalid PhysX transform detected for /World/Stem/SmoothBranch_04.
2026-07-23 09:51:15 [12,252ms] [Warning] [omni.physx.plugin] Invalid PhysX transform detected for /World/Stem/SmoothBranch_05.
2026-07-23 09:51:15 [12,252ms] [Warning] [omni.physx.plugin] Invalid PhysX transform detected for /World/Stem/SmoothBranch_06.
2026-07-23 09:51:15 [12,252ms] [Warning] [omni.physx.plugin] Invalid PhysX transform detected for /World/Stem/SmoothBranch_07.
2026-07-23 09:51:15 [12,252ms] [Warning] [omni.physx.plugin] Invalid PhysX transform detected for /World/Stem/SmoothBranch_08.
2026-07-23 09:51:15 [12,252ms] [Warning] [omni.physx.plugin] Invalid PhysX transform detected for /World/Stem/SmoothBranch_09.
2026-07-23 09:51:15 [12,252ms] [Warning] [omni.physx.plugin] Invalid PhysX transform detected for /World/Stem/SmoothBranch_10.
2026-07-23 09:51:15 [12,252ms] [Warning] [omni.physx.plugin] Invalid PhysX transform detected for /World/Stem/SmoothBranch_11.
2026-07-23 09:51:15 [12,252ms] [Warning] [omni.physx.plugin] Invalid PhysX transform detected for /World/Stem/SmoothBranch_12.
2026-07-23 09:51:15 [12,252ms] [Warning] [omni.physx.plugin] Invalid PhysX transform detected for /World/Stem/SmoothBranch_13.
2026-07-23 09:51:15 [12,252ms] [Warning] [omni.physx.plugin] Invalid PhysX transform detected for /World/Stem/SmoothBranch_14.
2026-07-23 09:51:15 [12,252ms] [Warning] [omni.physx.plugin] Invalid PhysX transform detected for /World/Stem/SmoothBranch_15.
2026-07-23 09:51:15 [12,252ms] [Warning] [omni.physx.plugin] Invalid PhysX transform detected for /World/Stem/SmoothBranch_16.
2026-07-23 09:51:15 [12,252ms] [Warning] [omni.physx.plugin] Invalid PhysX transform detected for /World/Stem/SmoothBranch_17.
2026-07-23 09:51:15 [12,252ms] [Warning] [omni.physx.plugin] Invalid PhysX transform detected for /World/Stem/SmoothBranch_18.
2026-07-23 09:51:15 [12,252ms] [Warning] [omni.physx.plugin] Invalid PhysX transform detected for /World/Stem/SmoothBranch_19.
2026-07-23 09:51:15 [12,252ms] [Warning] [omni.physx.plugin] Invalid PhysX transform detected for /World/Stem/SmoothBranch_20.
2026-07-23 09:51:15 [12,252ms] [Warning] [omni.physx.plugin] Invalid PhysX transform detected for /World/Stem/SmoothBranch_21.
2026-07-23 09:51:15 [12,252ms] [Warning] [omni.physx.plugin] Invalid PhysX transform detected for /World/Stem/SmoothBranch_22.
2026-07-23 09:51:15 [12,252ms] [Warning] [omni.physx.plugin] Invalid PhysX transform detected for /World/Stem/SmoothBranch_23.
2026-07-23 09:51:15 [12,252ms] [Warning] [omni.physx.plugin] Invalid PhysX transform detected for /World/Stem/SmoothBranch_24.
2026-07-23 09:51:15 [12,252ms] [Warning] [omni.physx.plugin] Invalid PhysX transform detected for /World/Stem/Fruit_Smooth_base.
2026-07-23 09:51:15 [12,252ms] [Warning] [omni.physx.plugin] Invalid PhysX transform detected for /World/Stem/Fruit_Smooth_tip.
2026-07-23 09:51:15 [12,252ms] [Warning] [omni.physx.plugin] Invalid PhysX transform detected for /World/Stem/Fruit_Smooth.
2026-07-23 09:51:15 [12,263ms] [Warning] [omni.physx.plugin] Invalid PhysX transform detected for /World/Stem/SmoothBranch_00.
2026-07-23 09:51:15 [12,263ms] [Warning] [omni.physx.plugin] Invalid PhysX transform detected for /World/Stem/SmoothBranch_01.
2026-07-23 09:51:15 [12,263ms] [Warning] [omni.physx.plugin] Invalid PhysX transform detected for /World/Stem/SmoothBranch_02.
2026-07-23 09:51:15 [12,263ms] [Warning] [omni.physx.plugin] Invalid PhysX transform detected for /World/Stem/SmoothBranch_03.
2026-07-23 09:51:15 [12,263ms] [Warning] [omni.physx.plugin] Invalid PhysX transform detected for /World/Stem/SmoothBranch_04.
2026-07-23 09:51:15 [12,263ms] [Warning] [omni.physx.plugin] Invalid PhysX transform detected for /World/Stem/SmoothBranch_05.
2026-07-23 09:51:15 [12,263ms] [Warning] [omni.physx.plugin] Invalid PhysX transform detected for /World/Stem/SmoothBranch_06.
2026-07-23 09:51:15 [12,263ms] [Warning] [omni.physx.plugin] Invalid PhysX transform detected for /World/Stem/SmoothBranch_07.
2026-07-23 09:51:15 [12,263ms] [Warning] [omni.physx.plugin] Invalid PhysX transform detected for /World/Stem/SmoothBranch_08.
2026-07-23 09:51:15 [12,263ms] [Warning] [omni.physx.plugin] Invalid PhysX transform detected for /World/Stem/SmoothBranch_09.
2026-07-23 09:51:15 [12,263ms] [Warning] [omni.physx.plugin] Invalid PhysX transform detected for /World/Stem/SmoothBranch_10.
2026-07-23 09:51:15 [12,263ms] [Warning] [omni.physx.plugin] Invalid PhysX transform detected for /World/Stem/SmoothBranch_11.
2026-07-23 09:51:15 [12,263ms] [Warning] [omni.physx.plugin] Invalid PhysX transform detected for /World/Stem/SmoothBranch_12.
2026-07-23 09:51:15 [12,263ms] [Warning] [omni.physx.plugin] Invalid PhysX transform detected for /World/Stem/SmoothBranch_13.
2026-07-23 09:51:15 [12,263ms] [Warning] [omni.physx.plugin] Invalid PhysX transform detected for /World/Stem/SmoothBranch_14.
2026-07-23 09:51:15 [12,263ms] [Warning] [omni.physx.plugin] Invalid PhysX transform detected for /World/Stem/SmoothBranch_15.
2026-07-23 09:51:15 [12,263ms] [Warning] [omni.physx.plugin] Invalid PhysX transform detected for /World/Stem/SmoothBranch_16.
2026-07-23 09:51:15 [12,263ms] [Warning] [omni.physx.plugin] Invalid PhysX transform detected for /World/Stem/SmoothBranch_17.
2026-07-23 09:51:15 [12,263ms] [Warning] [omni.physx.plugin] Invalid PhysX transform detected for /World/Stem/SmoothBranch_18.
2026-07-23 09:51:15 [12,263ms] [Warning] [omni.physx.plugin] Invalid PhysX transform detected for /World/Stem/SmoothBranch_19.
2026-07-23 09:51:15 [12,263ms] [Warning] [omni.physx.plugin] Invalid PhysX transform detected for /World/Stem/SmoothBranch_20.
2026-07-23 09:51:15 [12,263ms] [Warning] [omni.physx.plugin] Invalid PhysX transform detected for /World/Stem/SmoothBranch_21.
2026-07-23 09:51:15 [12,263ms] [Warning] [omni.physx.plugin] Invalid PhysX transform detected for /World/Stem/SmoothBranch_22.
2026-07-23 09:51:15 [12,263ms] [Warning] [omni.physx.plugin] Invalid PhysX transform detected for /World/Stem/SmoothBranch_23.
2026-07-23 09:51:15 [12,263ms] [Warning] [omni.physx.plugin] Invalid PhysX transform detected for /World/Stem/SmoothBranch_24.
2026-07-23 09:51:15 [12,263ms] [Warning] [omni.physx.plugin] Invalid PhysX transform detected for /World/Stem/Fruit_Smooth_base.
2026-07-23 09:51:15 [12,263ms] [Warning] [omni.physx.plugin] Invalid PhysX transform detected for /World/Stem/Fruit_Smooth_tip.
2026-07-23 09:51:15 [12,263ms] [Warning] [omni.physx.plugin] Invalid PhysX transform detected for /World/Stem/Fruit_Smooth.
2026-07-23 09:51:15 [12,274ms] [Warning] [omni.physx.plugin] Invalid PhysX transform detected for /World/Stem/SmoothBranch_00.
2026-07-23 09:51:15 [12,274ms] [Warning] [omni.physx.plugin] Invalid PhysX transform detected for /World/Stem/SmoothBranch_01.
2026-07-23 09:51:15 [12,274ms] [Warning] [omni.physx.plugin] Invalid PhysX transform detected for /World/Stem/SmoothBranch_02.
2026-07-23 09:51:15 [12,274ms] [Warning] [omni.physx.plugin] Invalid PhysX transform detected for /World/Stem/SmoothBranch_03.
2026-07-23 09:51:15 [12,274ms] [Warning] [omni.physx.plugin] Invalid PhysX transform detected for /World/Stem/SmoothBranch_04.
2026-07-23 09:51:15 [12,274ms] [Warning] [omni.physx.plugin] Invalid PhysX transform detected for /World/Stem/SmoothBranch_05.
2026-07-23 09:51:15 [12,274ms] [Warning] [omni.physx.plugin] Invalid PhysX transform detected for /World/Stem/SmoothBranch_06.
2026-07-23 09:51:15 [12,274ms] [Warning] [omni.physx.plugin] Invalid PhysX transform detected for /World/Stem/SmoothBranch_07.
2026-07-23 09:51:15 [12,274ms] [Warning] [omni.physx.plugin] Invalid PhysX transform detected for /World/Stem/SmoothBranch_08.
2026-07-23 09:51:15 [12,274ms] [Warning] [omni.physx.plugin] Invalid PhysX transform detected for /World/Stem/SmoothBranch_09.
2026-07-23 09:51:15 [12,274ms] [Warning] [omni.physx.plugin] Invalid PhysX transform detected for /World/Stem/SmoothBranch_10.
2026-07-23 09:51:15 [12,274ms] [Warning] [omni.physx.plugin] Invalid PhysX transform detected for /World/Stem/SmoothBranch_11.
2026-07-23 09:51:15 [12,274ms] [Warning] [omni.physx.plugin] Invalid PhysX transform detected for /World/Stem/SmoothBranch_12.
2026-07-23 09:51:15 [12,274ms] [Warning] [omni.physx.plugin] Invalid PhysX transform detected for /World/Stem/SmoothBranch_13.
2026-07-23 09:51:15 [12,274ms] [Warning] [omni.physx.plugin] Invalid PhysX transform detected for /World/Stem/SmoothBranch_14.
2026-07-23 09:51:15 [12,274ms] [Warning] [omni.physx.plugin] Invalid PhysX transform detected for /World/Stem/SmoothBranch_15.
2026-07-23 09:51:15 [12,274ms] [Warning] [omni.physx.plugin] Invalid PhysX transform detected for /World/Stem/SmoothBranch_16.
2026-07-23 09:51:15 [12,274ms] [Warning] [omni.physx.plugin] Invalid PhysX transform detected for /World/Stem/SmoothBranch_17.
2026-07-23 09:51:15 [12,274ms] [Warning] [omni.physx.plugin] Invalid PhysX transform detected for /World/Stem/SmoothBranch_18.
2026-07-23 09:51:15 [12,274ms] [Warning] [omni.physx.plugin] Invalid PhysX transform detected for /World/Stem/SmoothBranch_19.
2026-07-23 09:51:15 [12,274ms] [Warning] [omni.physx.plugin] Invalid PhysX transform detected for /World/Stem/SmoothBranch_20.
2026-07-23 09:51:15 [12,274ms] [Warning] [omni.physx.plugin] Invalid PhysX transform detected for /World/Stem/SmoothBranch_21.
2026-07-23 09:51:15 [12,274ms] [Warning] [omni.physx.plugin] Invalid PhysX transform detected for /World/Stem/SmoothBranch_22.
2026-07-23 09:51:15 [12,274ms] [Warning] [omni.physx.plugin] Invalid PhysX transform detected for /World/Stem/SmoothBranch_23.
2026-07-23 09:51:15 [12,274ms] [Warning] [omni.physx.plugin] Invalid PhysX transform detected for /World/Stem/SmoothBranch_24.
2026-07-23 09:51:15 [12,274ms] [Warning] [omni.physx.plugin] Invalid PhysX transform detected for /World/Stem/Fruit_Smooth_base.
2026-07-23 09:51:15 [12,274ms] [Warning] [omni.physx.plugin] Invalid PhysX transform detected for /World/Stem/Fruit_Smooth_tip.
2026-07-23 09:51:15 [12,274ms] [Warning] [omni.physx.plugin] Invalid PhysX transform detected for /World/Stem/Fruit_Smooth.
2026-07-23 09:51:15 [12,284ms] [Warning] [omni.physx.plugin] Invalid PhysX transform detected for /World/Stem/SmoothBranch_00.
2026-07-23 09:51:15 [12,284ms] [Warning] [omni.physx.plugin] Invalid PhysX transform detected for /World/Stem/SmoothBranch_01.
2026-07-23 09:51:15 [12,284ms] [Warning] [omni.physx.plugin] Invalid PhysX transform detected for /World/Stem/SmoothBranch_02.
2026-07-23 09:51:15 [12,284ms] [Warning] [omni.physx.plugin] Invalid PhysX transform detected for /World/Stem/SmoothBranch_03.
2026-07-23 09:51:15 [12,284ms] [Warning] [omni.physx.plugin] Invalid PhysX transform detected for /World/Stem/SmoothBranch_04.
2026-07-23 09:51:15 [12,284ms] [Warning] [omni.physx.plugin] Invalid PhysX transform detected for /World/Stem/SmoothBranch_05.
2026-07-23 09:51:15 [12,284ms] [Warning] [omni.physx.plugin] Invalid PhysX transform detected for /World/Stem/SmoothBranch_06.
2026-07-23 09:51:15 [12,284ms] [Warning] [omni.physx.plugin] Invalid PhysX transform detected for /World/Stem/SmoothBranch_07.
2026-07-23 09:51:15 [12,284ms] [Warning] [omni.physx.plugin] Invalid PhysX transform detected for /World/Stem/SmoothBranch_08.
2026-07-23 09:51:15 [12,284ms] [Warning] [omni.physx.plugin] Invalid PhysX transform detected for /World/Stem/SmoothBranch_09.
2026-07-23 09:51:15 [12,284ms] [Warning] [omni.physx.plugin] Invalid PhysX transform detected for /World/Stem/SmoothBranch_10.
2026-07-23 09:51:15 [12,284ms] [Warning] [omni.physx.plugin] Invalid PhysX transform detected for /World/Stem/SmoothBranch_11.
2026-07-23 09:51:15 [12,284ms] [Warning] [omni.physx.plugin] Invalid PhysX transform detected for /World/Stem/SmoothBranch_12.
2026-07-23 09:51:15 [12,284ms] [Warning] [omni.physx.plugin] Invalid PhysX transform detected for /World/Stem/SmoothBranch_13.
2026-07-23 09:51:15 [12,284ms] [Warning] [omni.physx.plugin] Invalid PhysX transform detected for /World/Stem/SmoothBranch_14.
2026-07-23 09:51:15 [12,284ms] [Warning] [omni.physx.plugin] Invalid PhysX transform detected for /World/Stem/SmoothBranch_15.
2026-07-23 09:51:15 [12,284ms] [Warning] [omni.physx.plugin] Invalid PhysX transform detected for /World/Stem/SmoothBranch_16.
2026-07-23 09:51:15 [12,284ms] [Warning] [omni.physx.plugin] Invalid PhysX transform detected for /World/Stem/SmoothBranch_17.
2026-07-23 09:51:15 [12,284ms] [Warning] [omni.physx.plugin] Invalid PhysX transform detected for /World/Stem/SmoothBranch_18.
2026-07-23 09:51:15 [12,284ms] [Warning] [omni.physx.plugin] Invalid PhysX transform detected for /World/Stem/SmoothBranch_19.
2026-07-23 09:51:15 [12,284ms] [Warning] [omni.physx.plugin] Invalid PhysX transform detected for /World/Stem/SmoothBranch_20.
2026-07-23 09:51:15 [12,284ms] [Warning] [omni.physx.plugin] Invalid PhysX transform detected for /World/Stem/SmoothBranch_21.
2026-07-23 09:51:15 [12,284ms] [Warning] [omni.physx.plugin] Invalid PhysX transform detected for /World/Stem/SmoothBranch_22.
2026-07-23 09:51:15 [12,284ms] [Warning] [omni.physx.plugin] Invalid PhysX transform detected for /World/Stem/SmoothBranch_23.
2026-07-23 09:51:15 [12,284ms] [Warning] [omni.physx.plugin] Invalid PhysX transform detected for /World/Stem/SmoothBranch_24.
2026-07-23 09:51:15 [12,284ms] [Warning] [omni.physx.plugin] Invalid PhysX transform detected for /World/Stem/Fruit_Smooth_base.
2026-07-23 09:51:15 [12,284ms] [Warning] [omni.physx.plugin] Invalid PhysX transform detected for /World/Stem/Fruit_Smooth_tip.
2026-07-23 09:51:15 [12,284ms] [Warning] [omni.physx.plugin] Invalid PhysX transform detected for /World/Stem/Fruit_Smooth.
2026-07-23 09:51:15 [12,295ms] [Warning] [omni.physx.plugin] Invalid PhysX transform detected for /World/Stem/SmoothBranch_00.
2026-07-23 09:51:15 [12,295ms] [Warning] [omni.physx.plugin] Invalid PhysX transform detected for /World/Stem/SmoothBranch_01.
2026-07-23 09:51:15 [12,295ms] [Warning] [omni.physx.plugin] Invalid PhysX transform detected for /World/Stem/SmoothBranch_02.
2026-07-23 09:51:15 [12,295ms] [Warning] [omni.physx.plugin] Invalid PhysX transform detected for /World/Stem/SmoothBranch_03.
2026-07-23 09:51:15 [12,295ms] [Warning] [omni.physx.plugin] Invalid PhysX transform detected for /World/Stem/SmoothBranch_04.
2026-07-23 09:51:15 [12,295ms] [Warning] [omni.physx.plugin] Invalid PhysX transform detected for /World/Stem/SmoothBranch_05.
2026-07-23 09:51:15 [12,295ms] [Warning] [omni.physx.plugin] Invalid PhysX transform detected for /World/Stem/SmoothBranch_06.
2026-07-23 09:51:15 [12,295ms] [Warning] [omni.physx.plugin] Invalid PhysX transform detected for /World/Stem/SmoothBranch_07.
2026-07-23 09:51:15 [12,295ms] [Warning] [omni.physx.plugin] Invalid PhysX transform detected for /World/Stem/SmoothBranch_08.
2026-07-23 09:51:15 [12,295ms] [Warning] [omni.physx.plugin] Invalid PhysX transform detected for /World/Stem/SmoothBranch_09.
2026-07-23 09:51:15 [12,295ms] [Warning] [omni.physx.plugin] Invalid PhysX transform detected for /World/Stem/SmoothBranch_10.
2026-07-23 09:51:15 [12,295ms] [Warning] [omni.physx.plugin] Invalid PhysX transform detected for /World/Stem/SmoothBranch_11.
2026-07-23 09:51:15 [12,295ms] [Warning] [omni.physx.plugin] Invalid PhysX transform detected for /World/Stem/SmoothBranch_12.
2026-07-23 09:51:15 [12,295ms] [Warning] [omni.physx.plugin] Invalid PhysX transform detected for /World/Stem/SmoothBranch_13.
2026-07-23 09:51:15 [12,295ms] [Warning] [omni.physx.plugin] Invalid PhysX transform detected for /World/Stem/SmoothBranch_14.
2026-07-23 09:51:15 [12,295ms] [Warning] [omni.physx.plugin] Invalid PhysX transform detected for /World/Stem/SmoothBranch_15.
2026-07-23 09:51:15 [12,295ms] [Warning] [omni.physx.plugin] Invalid PhysX transform detected for /World/Stem/SmoothBranch_16.
2026-07-23 09:51:15 [12,295ms] [Warning] [omni.physx.plugin] Invalid PhysX transform detected for /World/Stem/SmoothBranch_17.
2026-07-23 09:51:15 [12,295ms] [Warning] [omni.physx.plugin] Invalid PhysX transform detected for /World/Stem/SmoothBranch_18.
2026-07-23 09:51:15 [12,295ms] [Warning] [omni.physx.plugin] Invalid PhysX transform detected for /World/Stem/SmoothBranch_19.
2026-07-23 09:51:15 [12,295ms] [Warning] [omni.physx.plugin] Invalid PhysX transform detected for /World/Stem/SmoothBranch_20.
2026-07-23 09:51:15 [12,295ms] [Warning] [omni.physx.plugin] Invalid PhysX transform detected for /World/Stem/SmoothBranch_21.
2026-07-23 09:51:15 [12,295ms] [Warning] [omni.physx.plugin] Invalid PhysX transform detected for /World/Stem/SmoothBranch_22.
2026-07-23 09:51:15 [12,295ms] [Warning] [omni.physx.plugin] Invalid PhysX transform detected for /World/Stem/SmoothBranch_23.
2026-07-23 09:51:15 [12,295ms] [Warning] [omni.physx.plugin] Invalid PhysX transform detected for /World/Stem/SmoothBranch_24.
2026-07-23 09:51:15 [12,295ms] [Warning] [omni.physx.plugin] Invalid PhysX transform detected for /World/Stem/Fruit_Smooth_base.
2026-07-23 09:51:15 [12,295ms] [Warning] [omni.physx.plugin] Invalid PhysX transform detected for /World/Stem/Fruit_Smooth_tip.
2026-07-23 09:51:15 [12,295ms] [Warning] [omni.physx.plugin] Invalid PhysX transform detected for /World/Stem/Fruit_Smooth.
2026-07-23 09:51:15 [12,305ms] [Warning] [omni.physx.plugin] Invalid PhysX transform detected for /World/Stem/SmoothBranch_00.
2026-07-23 09:51:15 [12,305ms] [Warning] [omni.physx.plugin] Invalid PhysX transform detected for /World/Stem/SmoothBranch_01.
2026-07-23 09:51:15 [12,305ms] [Warning] [omni.physx.plugin] Invalid PhysX transform detected for /World/Stem/SmoothBranch_02.
2026-07-23 09:51:15 [12,305ms] [Warning] [omni.physx.plugin] Invalid PhysX transform detected for /World/Stem/SmoothBranch_03.
2026-07-23 09:51:15 [12,305ms] [Warning] [omni.physx.plugin] Invalid PhysX transform detected for /World/Stem/SmoothBranch_04.
2026-07-23 09:51:15 [12,305ms] [Warning] [omni.physx.plugin] Invalid PhysX transform detected for /World/Stem/SmoothBranch_05.
2026-07-23 09:51:15 [12,305ms] [Warning] [omni.physx.plugin] Invalid PhysX transform detected for /World/Stem/SmoothBranch_06.
2026-07-23 09:51:15 [12,305ms] [Warning] [omni.physx.plugin] Invalid PhysX transform detected for /World/Stem/SmoothBranch_07.
2026-07-23 09:51:15 [12,305ms] [Warning] [omni.physx.plugin] Invalid PhysX transform detected for /World/Stem/SmoothBranch_08.
2026-07-23 09:51:15 [12,305ms] [Warning] [omni.physx.plugin] Invalid PhysX transform detected for /World/Stem/SmoothBranch_09.
2026-07-23 09:51:15 [12,305ms] [Warning] [omni.physx.plugin] Invalid PhysX transform detected for /World/Stem/SmoothBranch_10.
2026-07-23 09:51:15 [12,305ms] [Warning] [omni.physx.plugin] Invalid PhysX transform detected for /World/Stem/SmoothBranch_11.
2026-07-23 09:51:15 [12,305ms] [Warning] [omni.physx.plugin] Invalid PhysX transform detected for /World/Stem/SmoothBranch_12.
2026-07-23 09:51:15 [12,305ms] [Warning] [omni.physx.plugin] Invalid PhysX transform detected for /World/Stem/SmoothBranch_13.
2026-07-23 09:51:15 [12,305ms] [Warning] [omni.physx.plugin] Invalid PhysX transform detected for /World/Stem/SmoothBranch_14.
2026-07-23 09:51:15 [12,305ms] [Warning] [omni.physx.plugin] Invalid PhysX transform detected for /World/Stem/SmoothBranch_15.
2026-07-23 09:51:15 [12,305ms] [Warning] [omni.physx.plugin] Invalid PhysX transform detected for /World/Stem/SmoothBranch_16.
2026-07-23 09:51:15 [12,305ms] [Warning] [omni.physx.plugin] Invalid PhysX transform detected for /World/Stem/SmoothBranch_17.
2026-07-23 09:51:15 [12,305ms] [Warning] [omni.physx.plugin] Invalid PhysX transform detected for /World/Stem/SmoothBranch_18.
2026-07-23 09:51:15 [12,305ms] [Warning] [omni.physx.plugin] Invalid PhysX transform detected for /World/Stem/SmoothBranch_19.
2026-07-23 09:51:15 [12,305ms] [Warning] [omni.physx.plugin] Invalid PhysX transform detected for /World/Stem/SmoothBranch_20.
2026-07-23 09:51:15 [12,305ms] [Warning] [omni.physx.plugin] Invalid PhysX transform detected for /World/Stem/SmoothBranch_21.
2026-07-23 09:51:15 [12,305ms] [Warning] [omni.physx.plugin] Invalid PhysX transform detected for /World/Stem/SmoothBranch_22.
2026-07-23 09:51:15 [12,305ms] [Warning] [omni.physx.plugin] Invalid PhysX transform detected for /World/Stem/SmoothBranch_23.
2026-07-23 09:51:15 [12,305ms] [Warning] [omni.physx.plugin] Invalid PhysX transform detected for /World/Stem/SmoothBranch_24.
2026-07-23 09:51:15 [12,305ms] [Warning] [omni.physx.plugin] Invalid PhysX transform detected for /World/Stem/Fruit_Smooth_base.
2026-07-23 09:51:15 [12,305ms] [Warning] [omni.physx.plugin] Invalid PhysX transform detected for /World/Stem/Fruit_Smooth_tip.
2026-07-23 09:51:15 [12,305ms] [Warning] [omni.physx.plugin] Invalid PhysX transform detected for /World/Stem/Fruit_Smooth.
2026-07-23 09:51:15 [12,316ms] [Warning] [omni.physx.plugin] Invalid PhysX transform detected for /World/Stem/SmoothBranch_00.
2026-07-23 09:51:15 [12,316ms] [Warning] [omni.physx.plugin] Invalid PhysX transform detected for /World/Stem/SmoothBranch_01.
2026-07-23 09:51:15 [12,316ms] [Warning] [omni.physx.plugin] Invalid PhysX transform detected for /World/Stem/SmoothBranch_02.
2026-07-23 09:51:15 [12,316ms] [Warning] [omni.physx.plugin] Invalid PhysX transform detected for /World/Stem/SmoothBranch_03.
2026-07-23 09:51:15 [12,316ms] [Warning] [omni.physx.plugin] Invalid PhysX transform detected for /World/Stem/SmoothBranch_04.
2026-07-23 09:51:15 [12,316ms] [Warning] [omni.physx.plugin] Invalid PhysX transform detected for /World/Stem/SmoothBranch_05.
2026-07-23 09:51:15 [12,316ms] [Warning] [omni.physx.plugin] Invalid PhysX transform detected for /World/Stem/SmoothBranch_06.
2026-07-23 09:51:15 [12,316ms] [Warning] [omni.physx.plugin] Invalid PhysX transform detected for /World/Stem/SmoothBranch_07.
2026-07-23 09:51:15 [12,316ms] [Warning] [omni.physx.plugin] Invalid PhysX transform detected for /World/Stem/SmoothBranch_08.
2026-07-23 09:51:15 [12,316ms] [Warning] [omni.physx.plugin] Invalid PhysX transform detected for /World/Stem/SmoothBranch_09.
2026-07-23 09:51:15 [12,316ms] [Warning] [omni.physx.plugin] Invalid PhysX transform detected for /World/Stem/SmoothBranch_10.
2026-07-23 09:51:15 [12,316ms] [Warning] [omni.physx.plugin] Invalid PhysX transform detected for /World/Stem/SmoothBranch_11.
2026-07-23 09:51:15 [12,316ms] [Warning] [omni.physx.plugin] Invalid PhysX transform detected for /World/Stem/SmoothBranch_12.
2026-07-23 09:51:15 [12,316ms] [Warning] [omni.physx.plugin] Invalid PhysX transform detected for /World/Stem/SmoothBranch_13.
2026-07-23 09:51:15 [12,316ms] [Warning] [omni.physx.plugin] Invalid PhysX transform detected for /World/Stem/SmoothBranch_14.
2026-07-23 09:51:15 [12,316ms] [Warning] [omni.physx.plugin] Invalid PhysX transform detected for /World/Stem/SmoothBranch_15.
2026-07-23 09:51:15 [12,316ms] [Warning] [omni.physx.plugin] Invalid PhysX transform detected for /World/Stem/SmoothBranch_16.
2026-07-23 09:51:15 [12,316ms] [Warning] [omni.physx.plugin] Invalid PhysX transform detected for /World/Stem/SmoothBranch_17.
2026-07-23 09:51:15 [12,316ms] [Warning] [omni.physx.plugin] Invalid PhysX transform detected for /World/Stem/SmoothBranch_18.
2026-07-23 09:51:15 [12,316ms] [Warning] [omni.physx.plugin] Invalid PhysX transform detected for /World/Stem/SmoothBranch_19.
2026-07-23 09:51:15 [12,316ms] [Warning] [omni.physx.plugin] Invalid PhysX transform detected for /World/Stem/SmoothBranch_20.
2026-07-23 09:51:15 [12,316ms] [Warning] [omni.physx.plugin] Invalid PhysX transform detected for /World/Stem/SmoothBranch_21.
2026-07-23 09:51:15 [12,316ms] [Warning] [omni.physx.plugin] Invalid PhysX transform detected for /World/Stem/SmoothBranch_22.
2026-07-23 09:51:15 [12,316ms] [Warning] [omni.physx.plugin] Invalid PhysX transform detected for /World/Stem/SmoothBranch_23.
2026-07-23 09:51:15 [12,316ms] [Warning] [omni.physx.plugin] Invalid PhysX transform detected for /World/Stem/SmoothBranch_24.
2026-07-23 09:51:15 [12,316ms] [Warning] [omni.physx.plugin] Invalid PhysX transform detected for /World/Stem/Fruit_Smooth_base.
2026-07-23 09:51:15 [12,316ms] [Warning] [omni.physx.plugin] Invalid PhysX transform detected for /World/Stem/Fruit_Smooth_tip.
2026-07-23 09:51:15 [12,316ms] [Warning] [omni.physx.plugin] Invalid PhysX transform detected for /World/Stem/Fruit_Smooth.
2026-07-23 09:51:15 [12,327ms] [Warning] [omni.physx.plugin] Invalid PhysX transform detected for /World/Stem/SmoothBranch_00.
2026-07-23 09:51:15 [12,327ms] [Warning] [omni.physx.plugin] Invalid PhysX transform detected for /World/Stem/SmoothBranch_01.
2026-07-23 09:51:15 [12,327ms] [Warning] [omni.physx.plugin] Invalid PhysX transform detected for /World/Stem/SmoothBranch_02.
2026-07-23 09:51:15 [12,327ms] [Warning] [omni.physx.plugin] Invalid PhysX transform detected for /World/Stem/SmoothBranch_03.
2026-07-23 09:51:15 [12,327ms] [Warning] [omni.physx.plugin] Invalid PhysX transform detected for /World/Stem/SmoothBranch_04.
2026-07-23 09:51:15 [12,327ms] [Warning] [omni.physx.plugin] Invalid PhysX transform detected for /World/Stem/SmoothBranch_05.
2026-07-23 09:51:15 [12,327ms] [Warning] [omni.physx.plugin] Invalid PhysX transform detected for /World/Stem/SmoothBranch_06.
2026-07-23 09:51:15 [12,327ms] [Warning] [omni.physx.plugin] Invalid PhysX transform detected for /World/Stem/SmoothBranch_07.
2026-07-23 09:51:15 [12,327ms] [Warning] [omni.physx.plugin] Invalid PhysX transform detected for /World/Stem/SmoothBranch_08.
2026-07-23 09:51:15 [12,327ms] [Warning] [omni.physx.plugin] Invalid PhysX transform detected for /World/Stem/SmoothBranch_09.
2026-07-23 09:51:15 [12,327ms] [Warning] [omni.physx.plugin] Invalid PhysX transform detected for /World/Stem/SmoothBranch_10.
2026-07-23 09:51:15 [12,327ms] [Warning] [omni.physx.plugin] Invalid PhysX transform detected for /World/Stem/SmoothBranch_11.
2026-07-23 09:51:15 [12,327ms] [Warning] [omni.physx.plugin] Invalid PhysX transform detected for /World/Stem/SmoothBranch_12.
2026-07-23 09:51:15 [12,327ms] [Warning] [omni.physx.plugin] Invalid PhysX transform detected for /World/Stem/SmoothBranch_13.
2026-07-23 09:51:15 [12,327ms] [Warning] [omni.physx.plugin] Invalid PhysX transform detected for /World/Stem/SmoothBranch_14.
2026-07-23 09:51:15 [12,327ms] [Warning] [omni.physx.plugin] Invalid PhysX transform detected for /World/Stem/SmoothBranch_15.
2026-07-23 09:51:15 [12,327ms] [Warning] [omni.physx.plugin] Invalid PhysX transform detected for /World/Stem/SmoothBranch_16.
2026-07-23 09:51:15 [12,327ms] [Warning] [omni.physx.plugin] Invalid PhysX transform detected for /World/Stem/SmoothBranch_17.
2026-07-23 09:51:15 [12,327ms] [Warning] [omni.physx.plugin] Invalid PhysX transform detected for /World/Stem/SmoothBranch_18.
2026-07-23 09:51:15 [12,327ms] [Warning] [omni.physx.plugin] Invalid PhysX transform detected for /World/Stem/SmoothBranch_19.
2026-07-23 09:51:15 [12,327ms] [Warning] [omni.physx.plugin] Invalid PhysX transform detected for /World/Stem/SmoothBranch_20.
2026-07-23 09:51:15 [12,327ms] [Warning] [omni.physx.plugin] Invalid PhysX transform detected for /World/Stem/SmoothBranch_21.
2026-07-23 09:51:15 [12,327ms] [Warning] [omni.physx.plugin] Invalid PhysX transform detected for /World/Stem/SmoothBranch_22.
2026-07-23 09:51:15 [12,327ms] [Warning] [omni.physx.plugin] Invalid PhysX transform detected for /World/Stem/SmoothBranch_23.
2026-07-23 09:51:15 [12,327ms] [Warning] [omni.physx.plugin] Invalid PhysX transform detected for /World/Stem/SmoothBranch_24.
2026-07-23 09:51:15 [12,327ms] [Warning] [omni.physx.plugin] Invalid PhysX transform detected for /World/Stem/Fruit_Smooth_base.
2026-07-23 09:51:15 [12,327ms] [Warning] [omni.physx.plugin] Invalid PhysX transform detected for /World/Stem/Fruit_Smooth_tip.
2026-07-23 09:51:15 [12,327ms] [Warning] [omni.physx.plugin] Invalid PhysX transform detected for /World/Stem/Fruit_Smooth.
2026-07-23 09:51:15 [12,337ms] [Warning] [omni.physx.plugin] Invalid PhysX transform detected for /World/Stem/SmoothBranch_00.
2026-07-23 09:51:15 [12,337ms] [Warning] [omni.physx.plugin] Invalid PhysX transform detected for /World/Stem/SmoothBranch_01.
2026-07-23 09:51:15 [12,337ms] [Warning] [omni.physx.plugin] Invalid PhysX transform detected for /World/Stem/SmoothBranch_02.
2026-07-23 09:51:15 [12,337ms] [Warning] [omni.physx.plugin] Invalid PhysX transform detected for /World/Stem/SmoothBranch_03.
2026-07-23 09:51:15 [12,337ms] [Warning] [omni.physx.plugin] Invalid PhysX transform detected for /World/Stem/SmoothBranch_04.
2026-07-23 09:51:15 [12,337ms] [Warning] [omni.physx.plugin] Invalid PhysX transform detected for /World/Stem/SmoothBranch_05.
2026-07-23 09:51:15 [12,337ms] [Warning] [omni.physx.plugin] Invalid PhysX transform detected for /World/Stem/SmoothBranch_06.
2026-07-23 09:51:15 [12,337ms] [Warning] [omni.physx.plugin] Invalid PhysX transform detected for /World/Stem/SmoothBranch_07.
2026-07-23 09:51:15 [12,337ms] [Warning] [omni.physx.plugin] Invalid PhysX transform detected for /World/Stem/SmoothBranch_08.
2026-07-23 09:51:15 [12,337ms] [Warning] [omni.physx.plugin] Invalid PhysX transform detected for /World/Stem/SmoothBranch_09.
2026-07-23 09:51:15 [12,337ms] [Warning] [omni.physx.plugin] Invalid PhysX transform detected for /World/Stem/SmoothBranch_10.
2026-07-23 09:51:15 [12,337ms] [Warning] [omni.physx.plugin] Invalid PhysX transform detected for /World/Stem/SmoothBranch_11.
2026-07-23 09:51:15 [12,337ms] [Warning] [omni.physx.plugin] Invalid PhysX transform detected for /World/Stem/SmoothBranch_12.
2026-07-23 09:51:15 [12,337ms] [Warning] [omni.physx.plugin] Invalid PhysX transform detected for /World/Stem/SmoothBranch_13.
2026-07-23 09:51:15 [12,337ms] [Warning] [omni.physx.plugin] Invalid PhysX transform detected for /World/Stem/SmoothBranch_14.
2026-07-23 09:51:15 [12,337ms] [Warning] [omni.physx.plugin] Invalid PhysX transform detected for /World/Stem/SmoothBranch_15.
2026-07-23 09:51:15 [12,337ms] [Warning] [omni.physx.plugin] Invalid PhysX transform detected for /World/Stem/SmoothBranch_16.
2026-07-23 09:51:15 [12,337ms] [Warning] [omni.physx.plugin] Invalid PhysX transform detected for /World/Stem/SmoothBranch_17.
2026-07-23 09:51:15 [12,337ms] [Warning] [omni.physx.plugin] Invalid PhysX transform detected for /World/Stem/SmoothBranch_18.
2026-07-23 09:51:15 [12,337ms] [Warning] [omni.physx.plugin] Invalid PhysX transform detected for /World/Stem/SmoothBranch_19.
2026-07-23 09:51:15 [12,337ms] [Warning] [omni.physx.plugin] Invalid PhysX transform detected for /World/Stem/SmoothBranch_20.
2026-07-23 09:51:15 [12,337ms] [Warning] [omni.physx.plugin] Invalid PhysX transform detected for /World/Stem/SmoothBranch_21.
2026-07-23 09:51:15 [12,337ms] [Warning] [omni.physx.plugin] Invalid PhysX transform detected for /World/Stem/SmoothBranch_22.
2026-07-23 09:51:15 [12,337ms] [Warning] [omni.physx.plugin] Invalid PhysX transform detected for /World/Stem/SmoothBranch_23.
2026-07-23 09:51:15 [12,337ms] [Warning] [omni.physx.plugin] Invalid PhysX transform detected for /World/Stem/SmoothBranch_24.
2026-07-23 09:51:15 [12,337ms] [Warning] [omni.physx.plugin] Invalid PhysX transform detected for /World/Stem/Fruit_Smooth_base.
2026-07-23 09:51:15 [12,337ms] [Warning] [omni.physx.plugin] Invalid PhysX transform detected for /World/Stem/Fruit_Smooth_tip.
2026-07-23 09:51:15 [12,337ms] [Warning] [omni.physx.plugin] Invalid PhysX transform detected for /World/Stem/Fruit_Smooth.
2026-07-23 09:51:15 [12,348ms] [Warning] [omni.physx.plugin] Invalid PhysX transform detected for /World/Stem/SmoothBranch_00.
2026-07-23 09:51:15 [12,348ms] [Warning] [omni.physx.plugin] Invalid PhysX transform detected for /World/Stem/SmoothBranch_01.
2026-07-23 09:51:15 [12,348ms] [Warning] [omni.physx.plugin] Invalid PhysX transform detected for /World/Stem/SmoothBranch_02.
2026-07-23 09:51:15 [12,348ms] [Warning] [omni.physx.plugin] Invalid PhysX transform detected for /World/Stem/SmoothBranch_03.
2026-07-23 09:51:15 [12,348ms] [Warning] [omni.physx.plugin] Invalid PhysX transform detected for /World/Stem/SmoothBranch_04.
2026-07-23 09:51:15 [12,348ms] [Warning] [omni.physx.plugin] Invalid PhysX transform detected for /World/Stem/SmoothBranch_05.
2026-07-23 09:51:15 [12,348ms] [Warning] [omni.physx.plugin] Invalid PhysX transform detected for /World/Stem/SmoothBranch_06.
2026-07-23 09:51:15 [12,348ms] [Warning] [omni.physx.plugin] Invalid PhysX transform detected for /World/Stem/SmoothBranch_07.
2026-07-23 09:51:15 [12,348ms] [Warning] [omni.physx.plugin] Invalid PhysX transform detected for /World/Stem/SmoothBranch_08.
2026-07-23 09:51:15 [12,348ms] [Warning] [omni.physx.plugin] Invalid PhysX transform detected for /World/Stem/SmoothBranch_09.
2026-07-23 09:51:15 [12,348ms] [Warning] [omni.physx.plugin] Invalid PhysX transform detected for /World/Stem/SmoothBranch_10.
2026-07-23 09:51:15 [12,348ms] [Warning] [omni.physx.plugin] Invalid PhysX transform detected for /World/Stem/SmoothBranch_11.
2026-07-23 09:51:15 [12,348ms] [Warning] [omni.physx.plugin] Invalid PhysX transform detected for /World/Stem/SmoothBranch_12.
2026-07-23 09:51:15 [12,348ms] [Warning] [omni.physx.plugin] Invalid PhysX transform detected for /World/Stem/SmoothBranch_13.
2026-07-23 09:51:15 [12,348ms] [Warning] [omni.physx.plugin] Invalid PhysX transform detected for /World/Stem/SmoothBranch_14.
2026-07-23 09:51:15 [12,348ms] [Warning] [omni.physx.plugin] Invalid PhysX transform detected for /World/Stem/SmoothBranch_15.
2026-07-23 09:51:15 [12,348ms] [Warning] [omni.physx.plugin] Invalid PhysX transform detected for /World/Stem/SmoothBranch_16.
2026-07-23 09:51:15 [12,348ms] [Warning] [omni.physx.plugin] Invalid PhysX transform detected for /World/Stem/SmoothBranch_17.
2026-07-23 09:51:15 [12,348ms] [Warning] [omni.physx.plugin] Invalid PhysX transform detected for /World/Stem/SmoothBranch_18.
2026-07-23 09:51:15 [12,348ms] [Warning] [omni.physx.plugin] Invalid PhysX transform detected for /World/Stem/SmoothBranch_19.
2026-07-23 09:51:15 [12,348ms] [Warning] [omni.physx.plugin] Invalid PhysX transform detected for /World/Stem/SmoothBranch_20.
2026-07-23 09:51:15 [12,348ms] [Warning] [omni.physx.plugin] Invalid PhysX transform detected for /World/Stem/SmoothBranch_21.
2026-07-23 09:51:15 [12,348ms] [Warning] [omni.physx.plugin] Invalid PhysX transform detected for /World/Stem/SmoothBranch_22.
2026-07-23 09:51:15 [12,348ms] [Warning] [omni.physx.plugin] Invalid PhysX transform detected for /World/Stem/SmoothBranch_23.
2026-07-23 09:51:15 [12,348ms] [Warning] [omni.physx.plugin] Invalid PhysX transform detected for /World/Stem/SmoothBranch_24.
2026-07-23 09:51:15 [12,348ms] [Warning] [omni.physx.plugin] Invalid PhysX transform detected for /World/Stem/Fruit_Smooth_base.
2026-07-23 09:51:15 [12,348ms] [Warning] [omni.physx.plugin] Invalid PhysX transform detected for /World/Stem/Fruit_Smooth_tip.
2026-07-23 09:51:15 [12,348ms] [Warning] [omni.physx.plugin] Invalid PhysX transform detected for /World/Stem/Fruit_Smooth.
2026-07-23 09:51:15 [12,359ms] [Warning] [omni.physx.plugin] Invalid PhysX transform detected for /World/Stem/SmoothBranch_00.
2026-07-23 09:51:15 [12,359ms] [Warning] [omni.physx.plugin] Invalid PhysX transform detected for /World/Stem/SmoothBranch_01.
2026-07-23 09:51:15 [12,359ms] [Warning] [omni.physx.plugin] Invalid PhysX transform detected for /World/Stem/SmoothBranch_02.
2026-07-23 09:51:15 [12,359ms] [Warning] [omni.physx.plugin] Invalid PhysX transform detected for /World/Stem/SmoothBranch_03.
2026-07-23 09:51:15 [12,359ms] [Warning] [omni.physx.plugin] Invalid PhysX transform detected for /World/Stem/SmoothBranch_04.
2026-07-23 09:51:15 [12,359ms] [Warning] [omni.physx.plugin] Invalid PhysX transform detected for /World/Stem/SmoothBranch_05.
2026-07-23 09:51:15 [12,359ms] [Warning] [omni.physx.plugin] Invalid PhysX transform detected for /World/Stem/SmoothBranch_06.
2026-07-23 09:51:15 [12,359ms] [Warning] [omni.physx.plugin] Invalid PhysX transform detected for /World/Stem/SmoothBranch_07.
2026-07-23 09:51:15 [12,359ms] [Warning] [omni.physx.plugin] Invalid PhysX transform detected for /World/Stem/SmoothBranch_08.
2026-07-23 09:51:15 [12,359ms] [Warning] [omni.physx.plugin] Invalid PhysX transform detected for /World/Stem/SmoothBranch_09.
2026-07-23 09:51:15 [12,359ms] [Warning] [omni.physx.plugin] Invalid PhysX transform detected for /World/Stem/SmoothBranch_10.
2026-07-23 09:51:15 [12,359ms] [Warning] [omni.physx.plugin] Invalid PhysX transform detected for /World/Stem/SmoothBranch_11.
2026-07-23 09:51:15 [12,359ms] [Warning] [omni.physx.plugin] Invalid PhysX transform detected for /World/Stem/SmoothBranch_12.
2026-07-23 09:51:15 [12,359ms] [Warning] [omni.physx.plugin] Invalid PhysX transform detected for /World/Stem/SmoothBranch_13.
2026-07-23 09:51:15 [12,359ms] [Warning] [omni.physx.plugin] Invalid PhysX transform detected for /World/Stem/SmoothBranch_14.
2026-07-23 09:51:15 [12,359ms] [Warning] [omni.physx.plugin] Invalid PhysX transform detected for /World/Stem/SmoothBranch_15.
2026-07-23 09:51:15 [12,359ms] [Warning] [omni.physx.plugin] Invalid PhysX transform detected for /World/Stem/SmoothBranch_16.
2026-07-23 09:51:15 [12,359ms] [Warning] [omni.physx.plugin] Invalid PhysX transform detected for /World/Stem/SmoothBranch_17.
2026-07-23 09:51:15 [12,359ms] [Warning] [omni.physx.plugin] Invalid PhysX transform detected for /World/Stem/SmoothBranch_18.
2026-07-23 09:51:15 [12,359ms] [Warning] [omni.physx.plugin] Invalid PhysX transform detected for /World/Stem/SmoothBranch_19.
2026-07-23 09:51:15 [12,359ms] [Warning] [omni.physx.plugin] Invalid PhysX transform detected for /World/Stem/SmoothBranch_20.
2026-07-23 09:51:15 [12,359ms] [Warning] [omni.physx.plugin] Invalid PhysX transform detected for /World/Stem/SmoothBranch_21.
2026-07-23 09:51:15 [12,359ms] [Warning] [omni.physx.plugin] Invalid PhysX transform detected for /World/Stem/SmoothBranch_22.
2026-07-23 09:51:15 [12,359ms] [Warning] [omni.physx.plugin] Invalid PhysX transform detected for /World/Stem/SmoothBranch_23.
2026-07-23 09:51:15 [12,359ms] [Warning] [omni.physx.plugin] Invalid PhysX transform detected for /World/Stem/SmoothBranch_24.
2026-07-23 09:51:15 [12,359ms] [Warning] [omni.physx.plugin] Invalid PhysX transform detected for /World/Stem/Fruit_Smooth_base.
2026-07-23 09:51:15 [12,359ms] [Warning] [omni.physx.plugin] Invalid PhysX transform detected for /World/Stem/Fruit_Smooth_tip.
2026-07-23 09:51:15 [12,359ms] [Warning] [omni.physx.plugin] Invalid PhysX transform detected for /World/Stem/Fruit_Smooth.
2026-07-23 09:51:15 [12,369ms] [Warning] [omni.physx.plugin] Invalid PhysX transform detected for /World/Stem/SmoothBranch_00.
2026-07-23 09:51:15 [12,369ms] [Warning] [omni.physx.plugin] Invalid PhysX transform detected for /World/Stem/SmoothBranch_01.
2026-07-23 09:51:15 [12,369ms] [Warning] [omni.physx.plugin] Invalid PhysX transform detected for /World/Stem/SmoothBranch_02.
2026-07-23 09:51:15 [12,369ms] [Warning] [omni.physx.plugin] Invalid PhysX transform detected for /World/Stem/SmoothBranch_03.
2026-07-23 09:51:15 [12,369ms] [Warning] [omni.physx.plugin] Invalid PhysX transform detected for /World/Stem/SmoothBranch_04.
2026-07-23 09:51:15 [12,369ms] [Warning] [omni.physx.plugin] Invalid PhysX transform detected for /World/Stem/SmoothBranch_05.
2026-07-23 09:51:15 [12,369ms] [Warning] [omni.physx.plugin] Invalid PhysX transform detected for /World/Stem/SmoothBranch_06.
2026-07-23 09:51:15 [12,369ms] [Warning] [omni.physx.plugin] Invalid PhysX transform detected for /World/Stem/SmoothBranch_07.
2026-07-23 09:51:15 [12,369ms] [Warning] [omni.physx.plugin] Invalid PhysX transform detected for /World/Stem/SmoothBranch_08.
2026-07-23 09:51:15 [12,369ms] [Warning] [omni.physx.plugin] Invalid PhysX transform detected for /World/Stem/SmoothBranch_09.
2026-07-23 09:51:15 [12,369ms] [Warning] [omni.physx.plugin] Invalid PhysX transform detected for /World/Stem/SmoothBranch_10.
2026-07-23 09:51:15 [12,369ms] [Warning] [omni.physx.plugin] Invalid PhysX transform detected for /World/Stem/SmoothBranch_11.
2026-07-23 09:51:15 [12,369ms] [Warning] [omni.physx.plugin] Invalid PhysX transform detected for /World/Stem/SmoothBranch_12.
2026-07-23 09:51:15 [12,369ms] [Warning] [omni.physx.plugin] Invalid PhysX transform detected for /World/Stem/SmoothBranch_13.
2026-07-23 09:51:15 [12,369ms] [Warning] [omni.physx.plugin] Invalid PhysX transform detected for /World/Stem/SmoothBranch_14.
2026-07-23 09:51:15 [12,369ms] [Warning] [omni.physx.plugin] Invalid PhysX transform detected for /World/Stem/SmoothBranch_15.
2026-07-23 09:51:15 [12,369ms] [Warning] [omni.physx.plugin] Invalid PhysX transform detected for /World/Stem/SmoothBranch_16.
2026-07-23 09:51:15 [12,369ms] [Warning] [omni.physx.plugin] Invalid PhysX transform detected for /World/Stem/SmoothBranch_17.
2026-07-23 09:51:15 [12,369ms] [Warning] [omni.physx.plugin] Invalid PhysX transform detected for /World/Stem/SmoothBranch_18.
2026-07-23 09:51:15 [12,369ms] [Warning] [omni.physx.plugin] Invalid PhysX transform detected for /World/Stem/SmoothBranch_19.
2026-07-23 09:51:15 [12,369ms] [Warning] [omni.physx.plugin] Invalid PhysX transform detected for /World/Stem/SmoothBranch_20.
2026-07-23 09:51:15 [12,369ms] [Warning] [omni.physx.plugin] Invalid PhysX transform detected for /World/Stem/SmoothBranch_21.
2026-07-23 09:51:15 [12,369ms] [Warning] [omni.physx.plugin] Invalid PhysX transform detected for /World/Stem/SmoothBranch_22.
2026-07-23 09:51:15 [12,369ms] [Warning] [omni.physx.plugin] Invalid PhysX transform detected for /World/Stem/SmoothBranch_23.
2026-07-23 09:51:15 [12,369ms] [Warning] [omni.physx.plugin] Invalid PhysX transform detected for /World/Stem/SmoothBranch_24.
2026-07-23 09:51:15 [12,369ms] [Warning] [omni.physx.plugin] Invalid PhysX transform detected for /World/Stem/Fruit_Smooth_base.
2026-07-23 09:51:15 [12,369ms] [Warning] [omni.physx.plugin] Invalid PhysX transform detected for /World/Stem/Fruit_Smooth_tip.
2026-07-23 09:51:15 [12,369ms] [Warning] [omni.physx.plugin] Invalid PhysX transform detected for /World/Stem/Fruit_Smooth.
2026-07-23 09:51:15 [12,380ms] [Warning] [omni.physx.plugin] Invalid PhysX transform detected for /World/Stem/SmoothBranch_00.
2026-07-23 09:51:15 [12,380ms] [Warning] [omni.physx.plugin] Invalid PhysX transform detected for /World/Stem/SmoothBranch_01.
2026-07-23 09:51:15 [12,380ms] [Warning] [omni.physx.plugin] Invalid PhysX transform detected for /World/Stem/SmoothBranch_02.
2026-07-23 09:51:15 [12,380ms] [Warning] [omni.physx.plugin] Invalid PhysX transform detected for /World/Stem/SmoothBranch_03.
2026-07-23 09:51:15 [12,380ms] [Warning] [omni.physx.plugin] Invalid PhysX transform detected for /World/Stem/SmoothBranch_04.
2026-07-23 09:51:15 [12,380ms] [Warning] [omni.physx.plugin] Invalid PhysX transform detected for /World/Stem/SmoothBranch_05.
2026-07-23 09:51:15 [12,380ms] [Warning] [omni.physx.plugin] Invalid PhysX transform detected for /World/Stem/SmoothBranch_06.
2026-07-23 09:51:15 [12,380ms] [Warning] [omni.physx.plugin] Invalid PhysX transform detected for /World/Stem/SmoothBranch_07.
2026-07-23 09:51:15 [12,380ms] [Warning] [omni.physx.plugin] Invalid PhysX transform detected for /World/Stem/SmoothBranch_08.
2026-07-23 09:51:15 [12,380ms] [Warning] [omni.physx.plugin] Invalid PhysX transform detected for /World/Stem/SmoothBranch_09.
2026-07-23 09:51:15 [12,380ms] [Warning] [omni.physx.plugin] Invalid PhysX transform detected for /World/Stem/SmoothBranch_10.
2026-07-23 09:51:15 [12,380ms] [Warning] [omni.physx.plugin] Invalid PhysX transform detected for /World/Stem/SmoothBranch_11.
2026-07-23 09:51:15 [12,380ms] [Warning] [omni.physx.plugin] Invalid PhysX transform detected for /World/Stem/SmoothBranch_12.
2026-07-23 09:51:15 [12,380ms] [Warning] [omni.physx.plugin] Invalid PhysX transform detected for /World/Stem/SmoothBranch_13.
2026-07-23 09:51:15 [12,380ms] [Warning] [omni.physx.plugin] Invalid PhysX transform detected for /World/Stem/SmoothBranch_14.
2026-07-23 09:51:15 [12,380ms] [Warning] [omni.physx.plugin] Invalid PhysX transform detected for /World/Stem/SmoothBranch_15.
2026-07-23 09:51:15 [12,380ms] [Warning] [omni.physx.plugin] Invalid PhysX transform detected for /World/Stem/SmoothBranch_16.
2026-07-23 09:51:15 [12,380ms] [Warning] [omni.physx.plugin] Invalid PhysX transform detected for /World/Stem/SmoothBranch_17.
2026-07-23 09:51:15 [12,380ms] [Warning] [omni.physx.plugin] Invalid PhysX transform detected for /World/Stem/SmoothBranch_18.
2026-07-23 09:51:15 [12,380ms] [Warning] [omni.physx.plugin] Invalid PhysX transform detected for /World/Stem/SmoothBranch_19.
2026-07-23 09:51:15 [12,380ms] [Warning] [omni.physx.plugin] Invalid PhysX transform detected for /World/Stem/SmoothBranch_20.
2026-07-23 09:51:15 [12,380ms] [Warning] [omni.physx.plugin] Invalid PhysX transform detected for /World/Stem/SmoothBranch_21.
2026-07-23 09:51:15 [12,381ms] [Warning] [omni.physx.plugin] Invalid PhysX transform detected for /World/Stem/SmoothBranch_22.
2026-07-23 09:51:15 [12,381ms] [Warning] [omni.physx.plugin] Invalid PhysX transform detected for /World/Stem/SmoothBranch_23.
2026-07-23 09:51:15 [12,381ms] [Warning] [omni.physx.plugin] Invalid PhysX transform detected for /World/Stem/SmoothBranch_24.
2026-07-23 09:51:15 [12,381ms] [Warning] [omni.physx.plugin] Invalid PhysX transform detected for /World/Stem/Fruit_Smooth_base.
2026-07-23 09:51:15 [12,381ms] [Warning] [omni.physx.plugin] Invalid PhysX transform detected for /World/Stem/Fruit_Smooth_tip.
2026-07-23 09:51:15 [12,381ms] [Warning] [omni.physx.plugin] Invalid PhysX transform detected for /World/Stem/Fruit_Smooth.
2026-07-23 09:51:15 [12,391ms] [Warning] [omni.physx.plugin] Invalid PhysX transform detected for /World/Stem/SmoothBranch_00.
2026-07-23 09:51:15 [12,391ms] [Warning] [omni.physx.plugin] Invalid PhysX transform detected for /World/Stem/SmoothBranch_01.
2026-07-23 09:51:15 [12,391ms] [Warning] [omni.physx.plugin] Invalid PhysX transform detected for /World/Stem/SmoothBranch_02.
2026-07-23 09:51:15 [12,391ms] [Warning] [omni.physx.plugin] Invalid PhysX transform detected for /World/Stem/SmoothBranch_03.
2026-07-23 09:51:15 [12,391ms] [Warning] [omni.physx.plugin] Invalid PhysX transform detected for /World/Stem/SmoothBranch_04.
2026-07-23 09:51:15 [12,391ms] [Warning] [omni.physx.plugin] Invalid PhysX transform detected for /World/Stem/SmoothBranch_05.
2026-07-23 09:51:15 [12,391ms] [Warning] [omni.physx.plugin] Invalid PhysX transform detected for /World/Stem/SmoothBranch_06.
2026-07-23 09:51:15 [12,391ms] [Warning] [omni.physx.plugin] Invalid PhysX transform detected for /World/Stem/SmoothBranch_07.
2026-07-23 09:51:15 [12,391ms] [Warning] [omni.physx.plugin] Invalid PhysX transform detected for /World/Stem/SmoothBranch_08.
2026-07-23 09:51:15 [12,391ms] [Warning] [omni.physx.plugin] Invalid PhysX transform detected for /World/Stem/SmoothBranch_09.
2026-07-23 09:51:15 [12,391ms] [Warning] [omni.physx.plugin] Invalid PhysX transform detected for /World/Stem/SmoothBranch_10.
2026-07-23 09:51:15 [12,391ms] [Warning] [omni.physx.plugin] Invalid PhysX transform detected for /World/Stem/SmoothBranch_11.
2026-07-23 09:51:15 [12,391ms] [Warning] [omni.physx.plugin] Invalid PhysX transform detected for /World/Stem/SmoothBranch_12.
2026-07-23 09:51:15 [12,391ms] [Warning] [omni.physx.plugin] Invalid PhysX transform detected for /World/Stem/SmoothBranch_13.
2026-07-23 09:51:15 [12,391ms] [Warning] [omni.physx.plugin] Invalid PhysX transform detected for /World/Stem/SmoothBranch_14.
2026-07-23 09:51:15 [12,391ms] [Warning] [omni.physx.plugin] Invalid PhysX transform detected for /World/Stem/SmoothBranch_15.
2026-07-23 09:51:15 [12,391ms] [Warning] [omni.physx.plugin] Invalid PhysX transform detected for /World/Stem/SmoothBranch_16.
2026-07-23 09:51:15 [12,391ms] [Warning] [omni.physx.plugin] Invalid PhysX transform detected for /World/Stem/SmoothBranch_17.
2026-07-23 09:51:15 [12,391ms] [Warning] [omni.physx.plugin] Invalid PhysX transform detected for /World/Stem/SmoothBranch_18.
2026-07-23 09:51:15 [12,391ms] [Warning] [omni.physx.plugin] Invalid PhysX transform detected for /World/Stem/SmoothBranch_19.
2026-07-23 09:51:15 [12,391ms] [Warning] [omni.physx.plugin] Invalid PhysX transform detected for /World/Stem/SmoothBranch_20.
2026-07-23 09:51:15 [12,391ms] [Warning] [omni.physx.plugin] Invalid PhysX transform detected for /World/Stem/SmoothBranch_21.
2026-07-23 09:51:15 [12,391ms] [Warning] [omni.physx.plugin] Invalid PhysX transform detected for /World/Stem/SmoothBranch_22.
2026-07-23 09:51:15 [12,391ms] [Warning] [omni.physx.plugin] Invalid PhysX transform detected for /World/Stem/SmoothBranch_23.
2026-07-23 09:51:15 [12,391ms] [Warning] [omni.physx.plugin] Invalid PhysX transform detected for /World/Stem/SmoothBranch_24.
2026-07-23 09:51:15 [12,391ms] [Warning] [omni.physx.plugin] Invalid PhysX transform detected for /World/Stem/Fruit_Smooth_base.
2026-07-23 09:51:15 [12,391ms] [Warning] [omni.physx.plugin] Invalid PhysX transform detected for /World/Stem/Fruit_Smooth_tip.
2026-07-23 09:51:15 [12,391ms] [Warning] [omni.physx.plugin] Invalid PhysX transform detected for /World/Stem/Fruit_Smooth.
2026-07-23 09:51:15 [12,402ms] [Warning] [omni.physx.plugin] Invalid PhysX transform detected for /World/Stem/SmoothBranch_00.
2026-07-23 09:51:15 [12,402ms] [Warning] [omni.physx.plugin] Invalid PhysX transform detected for /World/Stem/SmoothBranch_01.
2026-07-23 09:51:15 [12,402ms] [Warning] [omni.physx.plugin] Invalid PhysX transform detected for /World/Stem/SmoothBranch_02.
2026-07-23 09:51:15 [12,402ms] [Warning] [omni.physx.plugin] Invalid PhysX transform detected for /World/Stem/SmoothBranch_03.
2026-07-23 09:51:15 [12,402ms] [Warning] [omni.physx.plugin] Invalid PhysX transform detected for /World/Stem/SmoothBranch_04.
2026-07-23 09:51:15 [12,402ms] [Warning] [omni.physx.plugin] Invalid PhysX transform detected for /World/Stem/SmoothBranch_05.
2026-07-23 09:51:15 [12,402ms] [Warning] [omni.physx.plugin] Invalid PhysX transform detected for /World/Stem/SmoothBranch_06.
2026-07-23 09:51:15 [12,402ms] [Warning] [omni.physx.plugin] Invalid PhysX transform detected for /World/Stem/SmoothBranch_07.
2026-07-23 09:51:15 [12,402ms] [Warning] [omni.physx.plugin] Invalid PhysX transform detected for /World/Stem/SmoothBranch_08.
2026-07-23 09:51:15 [12,402ms] [Warning] [omni.physx.plugin] Invalid PhysX transform detected for /World/Stem/SmoothBranch_09.
2026-07-23 09:51:15 [12,402ms] [Warning] [omni.physx.plugin] Invalid PhysX transform detected for /World/Stem/SmoothBranch_10.
2026-07-23 09:51:15 [12,402ms] [Warning] [omni.physx.plugin] Invalid PhysX transform detected for /World/Stem/SmoothBranch_11.
2026-07-23 09:51:15 [12,402ms] [Warning] [omni.physx.plugin] Invalid PhysX transform detected for /World/Stem/SmoothBranch_12.
2026-07-23 09:51:15 [12,402ms] [Warning] [omni.physx.plugin] Invalid PhysX transform detected for /World/Stem/SmoothBranch_13.
2026-07-23 09:51:15 [12,402ms] [Warning] [omni.physx.plugin] Invalid PhysX transform detected for /World/Stem/SmoothBranch_14.
2026-07-23 09:51:15 [12,402ms] [Warning] [omni.physx.plugin] Invalid PhysX transform detected for /World/Stem/SmoothBranch_15.
2026-07-23 09:51:15 [12,402ms] [Warning] [omni.physx.plugin] Invalid PhysX transform detected for /World/Stem/SmoothBranch_16.
2026-07-23 09:51:15 [12,402ms] [Warning] [omni.physx.plugin] Invalid PhysX transform detected for /World/Stem/SmoothBranch_17.
2026-07-23 09:51:15 [12,402ms] [Warning] [omni.physx.plugin] Invalid PhysX transform detected for /World/Stem/SmoothBranch_18.
2026-07-23 09:51:15 [12,402ms] [Warning] [omni.physx.plugin] Invalid PhysX transform detected for /World/Stem/SmoothBranch_19.
2026-07-23 09:51:15 [12,402ms] [Warning] [omni.physx.plugin] Invalid PhysX transform detected for /World/Stem/SmoothBranch_20.
2026-07-23 09:51:15 [12,402ms] [Warning] [omni.physx.plugin] Invalid PhysX transform detected for /World/Stem/SmoothBranch_21.
2026-07-23 09:51:15 [12,402ms] [Warning] [omni.physx.plugin] Invalid PhysX transform detected for /World/Stem/SmoothBranch_22.
2026-07-23 09:51:15 [12,402ms] [Warning] [omni.physx.plugin] Invalid PhysX transform detected for /World/Stem/SmoothBranch_23.
2026-07-23 09:51:15 [12,402ms] [Warning] [omni.physx.plugin] Invalid PhysX transform detected for /World/Stem/SmoothBranch_24.
2026-07-23 09:51:15 [12,402ms] [Warning] [omni.physx.plugin] Invalid PhysX transform detected for /World/Stem/Fruit_Smooth_base.
2026-07-23 09:51:15 [12,402ms] [Warning] [omni.physx.plugin] Invalid PhysX transform detected for /World/Stem/Fruit_Smooth_tip.
2026-07-23 09:51:15 [12,402ms] [Warning] [omni.physx.plugin] Invalid PhysX transform detected for /World/Stem/Fruit_Smooth.
2026-07-23 09:51:16 [12,413ms] [Warning] [omni.physx.plugin] Invalid PhysX transform detected for /World/Stem/SmoothBranch_00.
2026-07-23 09:51:16 [12,413ms] [Warning] [omni.physx.plugin] Invalid PhysX transform detected for /World/Stem/SmoothBranch_01.
2026-07-23 09:51:16 [12,413ms] [Warning] [omni.physx.plugin] Invalid PhysX transform detected for /World/Stem/SmoothBranch_02.
2026-07-23 09:51:16 [12,413ms] [Warning] [omni.physx.plugin] Invalid PhysX transform detected for /World/Stem/SmoothBranch_03.
2026-07-23 09:51:16 [12,413ms] [Warning] [omni.physx.plugin] Invalid PhysX transform detected for /World/Stem/SmoothBranch_04.
2026-07-23 09:51:16 [12,413ms] [Warning] [omni.physx.plugin] Invalid PhysX transform detected for /World/Stem/SmoothBranch_05.
2026-07-23 09:51:16 [12,413ms] [Warning] [omni.physx.plugin] Invalid PhysX transform detected for /World/Stem/SmoothBranch_06.
2026-07-23 09:51:16 [12,413ms] [Warning] [omni.physx.plugin] Invalid PhysX transform detected for /World/Stem/SmoothBranch_07.
2026-07-23 09:51:16 [12,413ms] [Warning] [omni.physx.plugin] Invalid PhysX transform detected for /World/Stem/SmoothBranch_08.
2026-07-23 09:51:16 [12,413ms] [Warning] [omni.physx.plugin] Invalid PhysX transform detected for /World/Stem/SmoothBranch_09.
2026-07-23 09:51:16 [12,413ms] [Warning] [omni.physx.plugin] Invalid PhysX transform detected for /World/Stem/SmoothBranch_10.
2026-07-23 09:51:16 [12,413ms] [Warning] [omni.physx.plugin] Invalid PhysX transform detected for /World/Stem/SmoothBranch_11.
2026-07-23 09:51:16 [12,413ms] [Warning] [omni.physx.plugin] Invalid PhysX transform detected for /World/Stem/SmoothBranch_12.
2026-07-23 09:51:16 [12,413ms] [Warning] [omni.physx.plugin] Invalid PhysX transform detected for /World/Stem/SmoothBranch_13.
2026-07-23 09:51:16 [12,413ms] [Warning] [omni.physx.plugin] Invalid PhysX transform detected for /World/Stem/SmoothBranch_14.
2026-07-23 09:51:16 [12,413ms] [Warning] [omni.physx.plugin] Invalid PhysX transform detected for /World/Stem/SmoothBranch_15.
2026-07-23 09:51:16 [12,413ms] [Warning] [omni.physx.plugin] Invalid PhysX transform detected for /World/Stem/SmoothBranch_16.
2026-07-23 09:51:16 [12,413ms] [Warning] [omni.physx.plugin] Invalid PhysX transform detected for /World/Stem/SmoothBranch_17.
2026-07-23 09:51:16 [12,413ms] [Warning] [omni.physx.plugin] Invalid PhysX transform detected for /World/Stem/SmoothBranch_18.
2026-07-23 09:51:16 [12,413ms] [Warning] [omni.physx.plugin] Invalid PhysX transform detected for /World/Stem/SmoothBranch_19.
2026-07-23 09:51:16 [12,413ms] [Warning] [omni.physx.plugin] Invalid PhysX transform detected for /World/Stem/SmoothBranch_20.
2026-07-23 09:51:16 [12,413ms] [Warning] [omni.physx.plugin] Invalid PhysX transform detected for /World/Stem/SmoothBranch_21.
2026-07-23 09:51:16 [12,413ms] [Warning] [omni.physx.plugin] Invalid PhysX transform detected for /World/Stem/SmoothBranch_22.
2026-07-23 09:51:16 [12,413ms] [Warning] [omni.physx.plugin] Invalid PhysX transform detected for /World/Stem/SmoothBranch_23.
2026-07-23 09:51:16 [12,413ms] [Warning] [omni.physx.plugin] Invalid PhysX transform detected for /World/Stem/SmoothBranch_24.
2026-07-23 09:51:16 [12,413ms] [Warning] [omni.physx.plugin] Invalid PhysX transform detected for /World/Stem/Fruit_Smooth_base.
2026-07-23 09:51:16 [12,413ms] [Warning] [omni.physx.plugin] Invalid PhysX transform detected for /World/Stem/Fruit_Smooth_tip.
2026-07-23 09:51:16 [12,413ms] [Warning] [omni.physx.plugin] Invalid PhysX transform detected for /World/Stem/Fruit_Smooth.
2026-07-23 09:51:16 [12,423ms] [Warning] [omni.physx.plugin] Invalid PhysX transform detected for /World/Stem/SmoothBranch_00.
2026-07-23 09:51:16 [12,423ms] [Warning] [omni.physx.plugin] Invalid PhysX transform detected for /World/Stem/SmoothBranch_01.
2026-07-23 09:51:16 [12,423ms] [Warning] [omni.physx.plugin] Invalid PhysX transform detected for /World/Stem/SmoothBranch_02.
2026-07-23 09:51:16 [12,423ms] [Warning] [omni.physx.plugin] Invalid PhysX transform detected for /World/Stem/SmoothBranch_03.
2026-07-23 09:51:16 [12,423ms] [Warning] [omni.physx.plugin] Invalid PhysX transform detected for /World/Stem/SmoothBranch_04.
2026-07-23 09:51:16 [12,423ms] [Warning] [omni.physx.plugin] Invalid PhysX transform detected for /World/Stem/SmoothBranch_05.
2026-07-23 09:51:16 [12,423ms] [Warning] [omni.physx.plugin] Invalid PhysX transform detected for /World/Stem/SmoothBranch_06.
2026-07-23 09:51:16 [12,423ms] [Warning] [omni.physx.plugin] Invalid PhysX transform detected for /World/Stem/SmoothBranch_07.
2026-07-23 09:51:16 [12,423ms] [Warning] [omni.physx.plugin] Invalid PhysX transform detected for /World/Stem/SmoothBranch_08.
2026-07-23 09:51:16 [12,423ms] [Warning] [omni.physx.plugin] Invalid PhysX transform detected for /World/Stem/SmoothBranch_09.
2026-07-23 09:51:16 [12,423ms] [Warning] [omni.physx.plugin] Invalid PhysX transform detected for /World/Stem/SmoothBranch_10.
2026-07-23 09:51:16 [12,423ms] [Warning] [omni.physx.plugin] Invalid PhysX transform detected for /World/Stem/SmoothBranch_11.
2026-07-23 09:51:16 [12,423ms] [Warning] [omni.physx.plugin] Invalid PhysX transform detected for /World/Stem/SmoothBranch_12.
2026-07-23 09:51:16 [12,423ms] [Warning] [omni.physx.plugin] Invalid PhysX transform detected for /World/Stem/SmoothBranch_13.
2026-07-23 09:51:16 [12,423ms] [Warning] [omni.physx.plugin] Invalid PhysX transform detected for /World/Stem/SmoothBranch_14.
2026-07-23 09:51:16 [12,423ms] [Warning] [omni.physx.plugin] Invalid PhysX transform detected for /World/Stem/SmoothBranch_15.
2026-07-23 09:51:16 [12,423ms] [Warning] [omni.physx.plugin] Invalid PhysX transform detected for /World/Stem/SmoothBranch_16.
2026-07-23 09:51:16 [12,423ms] [Warning] [omni.physx.plugin] Invalid PhysX transform detected for /World/Stem/SmoothBranch_17.
2026-07-23 09:51:16 [12,423ms] [Warning] [omni.physx.plugin] Invalid PhysX transform detected for /World/Stem/SmoothBranch_18.
2026-07-23 09:51:16 [12,423ms] [Warning] [omni.physx.plugin] Invalid PhysX transform detected for /World/Stem/SmoothBranch_19.
2026-07-23 09:51:16 [12,423ms] [Warning] [omni.physx.plugin] Invalid PhysX transform detected for /World/Stem/SmoothBranch_20.
2026-07-23 09:51:16 [12,423ms] [Warning] [omni.physx.plugin] Invalid PhysX transform detected for /World/Stem/SmoothBranch_21.
2026-07-23 09:51:16 [12,423ms] [Warning] [omni.physx.plugin] Invalid PhysX transform detected for /World/Stem/SmoothBranch_22.
2026-07-23 09:51:16 [12,423ms] [Warning] [omni.physx.plugin] Invalid PhysX transform detected for /World/Stem/SmoothBranch_23.
2026-07-23 09:51:16 [12,423ms] [Warning] [omni.physx.plugin] Invalid PhysX transform detected for /World/Stem/SmoothBranch_24.
2026-07-23 09:51:16 [12,424ms] [Warning] [omni.physx.plugin] Invalid PhysX transform detected for /World/Stem/Fruit_Smooth_base.
2026-07-23 09:51:16 [12,424ms] [Warning] [omni.physx.plugin] Invalid PhysX transform detected for /World/Stem/Fruit_Smooth_tip.
2026-07-23 09:51:16 [12,424ms] [Warning] [omni.physx.plugin] Invalid PhysX transform detected for /World/Stem/Fruit_Smooth.
2026-07-23 09:51:16 [12,434ms] [Warning] [omni.physx.plugin] Invalid PhysX transform detected for /World/Stem/SmoothBranch_00.
2026-07-23 09:51:16 [12,434ms] [Warning] [omni.physx.plugin] Invalid PhysX transform detected for /World/Stem/SmoothBranch_01.
2026-07-23 09:51:16 [12,434ms] [Warning] [omni.physx.plugin] Invalid PhysX transform detected for /World/Stem/SmoothBranch_02.
2026-07-23 09:51:16 [12,434ms] [Warning] [omni.physx.plugin] Invalid PhysX transform detected for /World/Stem/SmoothBranch_03.
2026-07-23 09:51:16 [12,434ms] [Warning] [omni.physx.plugin] Invalid PhysX transform detected for /World/Stem/SmoothBranch_04.
2026-07-23 09:51:16 [12,434ms] [Warning] [omni.physx.plugin] Invalid PhysX transform detected for /World/Stem/SmoothBranch_05.
2026-07-23 09:51:16 [12,434ms] [Warning] [omni.physx.plugin] Invalid PhysX transform detected for /World/Stem/SmoothBranch_06.
2026-07-23 09:51:16 [12,434ms] [Warning] [omni.physx.plugin] Invalid PhysX transform detected for /World/Stem/SmoothBranch_07.
2026-07-23 09:51:16 [12,434ms] [Warning] [omni.physx.plugin] Invalid PhysX transform detected for /World/Stem/SmoothBranch_08.
2026-07-23 09:51:16 [12,434ms] [Warning] [omni.physx.plugin] Invalid PhysX transform detected for /World/Stem/SmoothBranch_09.
2026-07-23 09:51:16 [12,434ms] [Warning] [omni.physx.plugin] Invalid PhysX transform detected for /World/Stem/SmoothBranch_10.
2026-07-23 09:51:16 [12,434ms] [Warning] [omni.physx.plugin] Invalid PhysX transform detected for /World/Stem/SmoothBranch_11.
2026-07-23 09:51:16 [12,434ms] [Warning] [omni.physx.plugin] Invalid PhysX transform detected for /World/Stem/SmoothBranch_12.
2026-07-23 09:51:16 [12,434ms] [Warning] [omni.physx.plugin] Invalid PhysX transform detected for /World/Stem/SmoothBranch_13.
2026-07-23 09:51:16 [12,434ms] [Warning] [omni.physx.plugin] Invalid PhysX transform detected for /World/Stem/SmoothBranch_14.
2026-07-23 09:51:16 [12,434ms] [Warning] [omni.physx.plugin] Invalid PhysX transform detected for /World/Stem/SmoothBranch_15.
2026-07-23 09:51:16 [12,434ms] [Warning] [omni.physx.plugin] Invalid PhysX transform detected for /World/Stem/SmoothBranch_16.
2026-07-23 09:51:16 [12,434ms] [Warning] [omni.physx.plugin] Invalid PhysX transform detected for /World/Stem/SmoothBranch_17.
2026-07-23 09:51:16 [12,434ms] [Warning] [omni.physx.plugin] Invalid PhysX transform detected for /World/Stem/SmoothBranch_18.
2026-07-23 09:51:16 [12,434ms] [Warning] [omni.physx.plugin] Invalid PhysX transform detected for /World/Stem/SmoothBranch_19.
2026-07-23 09:51:16 [12,434ms] [Warning] [omni.physx.plugin] Invalid PhysX transform detected for /World/Stem/SmoothBranch_20.
2026-07-23 09:51:16 [12,434ms] [Warning] [omni.physx.plugin] Invalid PhysX transform detected for /World/Stem/SmoothBranch_21.
2026-07-23 09:51:16 [12,434ms] [Warning] [omni.physx.plugin] Invalid PhysX transform detected for /World/Stem/SmoothBranch_22.
2026-07-23 09:51:16 [12,434ms] [Warning] [omni.physx.plugin] Invalid PhysX transform detected for /World/Stem/SmoothBranch_23.
2026-07-23 09:51:16 [12,434ms] [Warning] [omni.physx.plugin] Invalid PhysX transform detected for /World/Stem/SmoothBranch_24.
2026-07-23 09:51:16 [12,434ms] [Warning] [omni.physx.plugin] Invalid PhysX transform detected for /World/Stem/Fruit_Smooth_base.
2026-07-23 09:51:16 [12,434ms] [Warning] [omni.physx.plugin] Invalid PhysX transform detected for /World/Stem/Fruit_Smooth_tip.
2026-07-23 09:51:16 [12,434ms] [Warning] [omni.physx.plugin] Invalid PhysX transform detected for /World/Stem/Fruit_Smooth.
2026-07-23 09:51:16 [12,445ms] [Warning] [omni.physx.plugin] Invalid PhysX transform detected for /World/Stem/SmoothBranch_00.
2026-07-23 09:51:16 [12,445ms] [Warning] [omni.physx.plugin] Invalid PhysX transform detected for /World/Stem/SmoothBranch_01.
2026-07-23 09:51:16 [12,445ms] [Warning] [omni.physx.plugin] Invalid PhysX transform detected for /World/Stem/SmoothBranch_02.
2026-07-23 09:51:16 [12,445ms] [Warning] [omni.physx.plugin] Invalid PhysX transform detected for /World/Stem/SmoothBranch_03.
2026-07-23 09:51:16 [12,445ms] [Warning] [omni.physx.plugin] Invalid PhysX transform detected for /World/Stem/SmoothBranch_04.
2026-07-23 09:51:16 [12,445ms] [Warning] [omni.physx.plugin] Invalid PhysX transform detected for /World/Stem/SmoothBranch_05.
2026-07-23 09:51:16 [12,445ms] [Warning] [omni.physx.plugin] Invalid PhysX transform detected for /World/Stem/SmoothBranch_06.
2026-07-23 09:51:16 [12,445ms] [Warning] [omni.physx.plugin] Invalid PhysX transform detected for /World/Stem/SmoothBranch_07.
2026-07-23 09:51:16 [12,445ms] [Warning] [omni.physx.plugin] Invalid PhysX transform detected for /World/Stem/SmoothBranch_08.
2026-07-23 09:51:16 [12,445ms] [Warning] [omni.physx.plugin] Invalid PhysX transform detected for /World/Stem/SmoothBranch_09.
2026-07-23 09:51:16 [12,445ms] [Warning] [omni.physx.plugin] Invalid PhysX transform detected for /World/Stem/SmoothBranch_10.
2026-07-23 09:51:16 [12,445ms] [Warning] [omni.physx.plugin] Invalid PhysX transform detected for /World/Stem/SmoothBranch_11.
2026-07-23 09:51:16 [12,445ms] [Warning] [omni.physx.plugin] Invalid PhysX transform detected for /World/Stem/SmoothBranch_12.
2026-07-23 09:51:16 [12,445ms] [Warning] [omni.physx.plugin] Invalid PhysX transform detected for /World/Stem/SmoothBranch_13.
2026-07-23 09:51:16 [12,445ms] [Warning] [omni.physx.plugin] Invalid PhysX transform detected for /World/Stem/SmoothBranch_14.
2026-07-23 09:51:16 [12,445ms] [Warning] [omni.physx.plugin] Invalid PhysX transform detected for /World/Stem/SmoothBranch_15.
2026-07-23 09:51:16 [12,445ms] [Warning] [omni.physx.plugin] Invalid PhysX transform detected for /World/Stem/SmoothBranch_16.
2026-07-23 09:51:16 [12,445ms] [Warning] [omni.physx.plugin] Invalid PhysX transform detected for /World/Stem/SmoothBranch_17.
2026-07-23 09:51:16 [12,445ms] [Warning] [omni.physx.plugin] Invalid PhysX transform detected for /World/Stem/SmoothBranch_18.
2026-07-23 09:51:16 [12,446ms] [Warning] [omni.physx.plugin] Invalid PhysX transform detected for /World/Stem/SmoothBranch_19.
2026-07-23 09:51:16 [12,446ms] [Warning] [omni.physx.plugin] Invalid PhysX transform detected for /World/Stem/SmoothBranch_20.
2026-07-23 09:51:16 [12,446ms] [Warning] [omni.physx.plugin] Invalid PhysX transform detected for /World/Stem/SmoothBranch_21.
2026-07-23 09:51:16 [12,446ms] [Warning] [omni.physx.plugin] Invalid PhysX transform detected for /World/Stem/SmoothBranch_22.
2026-07-23 09:51:16 [12,446ms] [Warning] [omni.physx.plugin] Invalid PhysX transform detected for /World/Stem/SmoothBranch_23.
2026-07-23 09:51:16 [12,446ms] [Warning] [omni.physx.plugin] Invalid PhysX transform detected for /World/Stem/SmoothBranch_24.
2026-07-23 09:51:16 [12,446ms] [Warning] [omni.physx.plugin] Invalid PhysX transform detected for /World/Stem/Fruit_Smooth_base.
2026-07-23 09:51:16 [12,446ms] [Warning] [omni.physx.plugin] Invalid PhysX transform detected for /World/Stem/Fruit_Smooth_tip.
2026-07-23 09:51:16 [12,446ms] [Warning] [omni.physx.plugin] Invalid PhysX transform detected for /World/Stem/Fruit_Smooth.
2026-07-23 09:51:16 [12,456ms] [Warning] [omni.physx.plugin] Invalid PhysX transform detected for /World/Stem/SmoothBranch_00.
2026-07-23 09:51:16 [12,456ms] [Warning] [omni.physx.plugin] Invalid PhysX transform detected for /World/Stem/SmoothBranch_01.
2026-07-23 09:51:16 [12,456ms] [Warning] [omni.physx.plugin] Invalid PhysX transform detected for /World/Stem/SmoothBranch_02.
2026-07-23 09:51:16 [12,456ms] [Warning] [omni.physx.plugin] Invalid PhysX transform detected for /World/Stem/SmoothBranch_03.
2026-07-23 09:51:16 [12,456ms] [Warning] [omni.physx.plugin] Invalid PhysX transform detected for /World/Stem/SmoothBranch_04.
2026-07-23 09:51:16 [12,456ms] [Warning] [omni.physx.plugin] Invalid PhysX transform detected for /World/Stem/SmoothBranch_05.
2026-07-23 09:51:16 [12,456ms] [Warning] [omni.physx.plugin] Invalid PhysX transform detected for /World/Stem/SmoothBranch_06.
2026-07-23 09:51:16 [12,456ms] [Warning] [omni.physx.plugin] Invalid PhysX transform detected for /World/Stem/SmoothBranch_07.
2026-07-23 09:51:16 [12,456ms] [Warning] [omni.physx.plugin] Invalid PhysX transform detected for /World/Stem/SmoothBranch_08.
2026-07-23 09:51:16 [12,456ms] [Warning] [omni.physx.plugin] Invalid PhysX transform detected for /World/Stem/SmoothBranch_09.
2026-07-23 09:51:16 [12,456ms] [Warning] [omni.physx.plugin] Invalid PhysX transform detected for /World/Stem/SmoothBranch_10.
2026-07-23 09:51:16 [12,456ms] [Warning] [omni.physx.plugin] Invalid PhysX transform detected for /World/Stem/SmoothBranch_11.
2026-07-23 09:51:16 [12,456ms] [Warning] [omni.physx.plugin] Invalid PhysX transform detected for /World/Stem/SmoothBranch_12.
2026-07-23 09:51:16 [12,456ms] [Warning] [omni.physx.plugin] Invalid PhysX transform detected for /World/Stem/SmoothBranch_13.
2026-07-23 09:51:16 [12,456ms] [Warning] [omni.physx.plugin] Invalid PhysX transform detected for /World/Stem/SmoothBranch_14.
2026-07-23 09:51:16 [12,456ms] [Warning] [omni.physx.plugin] Invalid PhysX transform detected for /World/Stem/SmoothBranch_15.
2026-07-23 09:51:16 [12,456ms] [Warning] [omni.physx.plugin] Invalid PhysX transform detected for /World/Stem/SmoothBranch_16.
2026-07-23 09:51:16 [12,456ms] [Warning] [omni.physx.plugin] Invalid PhysX transform detected for /World/Stem/SmoothBranch_17.
2026-07-23 09:51:16 [12,456ms] [Warning] [omni.physx.plugin] Invalid PhysX transform detected for /World/Stem/SmoothBranch_18.
2026-07-23 09:51:16 [12,456ms] [Warning] [omni.physx.plugin] Invalid PhysX transform detected for /World/Stem/SmoothBranch_19.
2026-07-23 09:51:16 [12,456ms] [Warning] [omni.physx.plugin] Invalid PhysX transform detected for /World/Stem/SmoothBranch_20.
2026-07-23 09:51:16 [12,456ms] [Warning] [omni.physx.plugin] Invalid PhysX transform detected for /World/Stem/SmoothBranch_21.
2026-07-23 09:51:16 [12,456ms] [Warning] [omni.physx.plugin] Invalid PhysX transform detected for /World/Stem/SmoothBranch_22.
2026-07-23 09:51:16 [12,456ms] [Warning] [omni.physx.plugin] Invalid PhysX transform detected for /World/Stem/SmoothBranch_23.
2026-07-23 09:51:16 [12,456ms] [Warning] [omni.physx.plugin] Invalid PhysX transform detected for /World/Stem/SmoothBranch_24.
2026-07-23 09:51:16 [12,456ms] [Warning] [omni.physx.plugin] Invalid PhysX transform detected for /World/Stem/Fruit_Smooth_base.
2026-07-23 09:51:16 [12,456ms] [Warning] [omni.physx.plugin] Invalid PhysX transform detected for /World/Stem/Fruit_Smooth_tip.
2026-07-23 09:51:16 [12,456ms] [Warning] [omni.physx.plugin] Invalid PhysX transform detected for /World/Stem/Fruit_Smooth.
2026-07-23 09:51:16 [12,467ms] [Warning] [omni.physx.plugin] Invalid PhysX transform detected for /World/Stem/SmoothBranch_00.
2026-07-23 09:51:16 [12,467ms] [Warning] [omni.physx.plugin] Invalid PhysX transform detected for /World/Stem/SmoothBranch_01.
2026-07-23 09:51:16 [12,467ms] [Warning] [omni.physx.plugin] Invalid PhysX transform detected for /World/Stem/SmoothBranch_02.
2026-07-23 09:51:16 [12,467ms] [Warning] [omni.physx.plugin] Invalid PhysX transform detected for /World/Stem/SmoothBranch_03.
2026-07-23 09:51:16 [12,467ms] [Warning] [omni.physx.plugin] Invalid PhysX transform detected for /World/Stem/SmoothBranch_04.
2026-07-23 09:51:16 [12,467ms] [Warning] [omni.physx.plugin] Invalid PhysX transform detected for /World/Stem/SmoothBranch_05.
2026-07-23 09:51:16 [12,467ms] [Warning] [omni.physx.plugin] Invalid PhysX transform detected for /World/Stem/SmoothBranch_06.
2026-07-23 09:51:16 [12,467ms] [Warning] [omni.physx.plugin] Invalid PhysX transform detected for /World/Stem/SmoothBranch_07.
2026-07-23 09:51:16 [12,467ms] [Warning] [omni.physx.plugin] Invalid PhysX transform detected for /World/Stem/SmoothBranch_08.
2026-07-23 09:51:16 [12,467ms] [Warning] [omni.physx.plugin] Invalid PhysX transform detected for /World/Stem/SmoothBranch_09.
2026-07-23 09:51:16 [12,467ms] [Warning] [omni.physx.plugin] Invalid PhysX transform detected for /World/Stem/SmoothBranch_10.
2026-07-23 09:51:16 [12,467ms] [Warning] [omni.physx.plugin] Invalid PhysX transform detected for /World/Stem/SmoothBranch_11.
2026-07-23 09:51:16 [12,467ms] [Warning] [omni.physx.plugin] Invalid PhysX transform detected for /World/Stem/SmoothBranch_12.
2026-07-23 09:51:16 [12,467ms] [Warning] [omni.physx.plugin] Invalid PhysX transform detected for /World/Stem/SmoothBranch_13.
2026-07-23 09:51:16 [12,467ms] [Warning] [omni.physx.plugin] Invalid PhysX transform detected for /World/Stem/SmoothBranch_14.
2026-07-23 09:51:16 [12,467ms] [Warning] [omni.physx.plugin] Invalid PhysX transform detected for /World/Stem/SmoothBranch_15.
2026-07-23 09:51:16 [12,467ms] [Warning] [omni.physx.plugin] Invalid PhysX transform detected for /World/Stem/SmoothBranch_16.
2026-07-23 09:51:16 [12,467ms] [Warning] [omni.physx.plugin] Invalid PhysX transform detected for /World/Stem/SmoothBranch_17.
2026-07-23 09:51:16 [12,467ms] [Warning] [omni.physx.plugin] Invalid PhysX transform detected for /World/Stem/SmoothBranch_18.
2026-07-23 09:51:16 [12,467ms] [Warning] [omni.physx.plugin] Invalid PhysX transform detected for /World/Stem/SmoothBranch_19.
2026-07-23 09:51:16 [12,467ms] [Warning] [omni.physx.plugin] Invalid PhysX transform detected for /World/Stem/SmoothBranch_20.
2026-07-23 09:51:16 [12,467ms] [Warning] [omni.physx.plugin] Invalid PhysX transform detected for /World/Stem/SmoothBranch_21.
2026-07-23 09:51:16 [12,467ms] [Warning] [omni.physx.plugin] Invalid PhysX transform detected for /World/Stem/SmoothBranch_22.
2026-07-23 09:51:16 [12,467ms] [Warning] [omni.physx.plugin] Invalid PhysX transform detected for /World/Stem/SmoothBranch_23.
2026-07-23 09:51:16 [12,467ms] [Warning] [omni.physx.plugin] Invalid PhysX transform detected for /World/Stem/SmoothBranch_24.
2026-07-23 09:51:16 [12,467ms] [Warning] [omni.physx.plugin] Invalid PhysX transform detected for /World/Stem/Fruit_Smooth_base.
2026-07-23 09:51:16 [12,467ms] [Warning] [omni.physx.plugin] Invalid PhysX transform detected for /World/Stem/Fruit_Smooth_tip.
2026-07-23 09:51:16 [12,467ms] [Warning] [omni.physx.plugin] Invalid PhysX transform detected for /World/Stem/Fruit_Smooth.
2026-07-23 09:51:16 [12,478ms] [Warning] [omni.physx.plugin] Invalid PhysX transform detected for /World/Stem/SmoothBranch_00.
2026-07-23 09:51:16 [12,478ms] [Warning] [omni.physx.plugin] Invalid PhysX transform detected for /World/Stem/SmoothBranch_01.
2026-07-23 09:51:16 [12,478ms] [Warning] [omni.physx.plugin] Invalid PhysX transform detected for /World/Stem/SmoothBranch_02.
2026-07-23 09:51:16 [12,478ms] [Warning] [omni.physx.plugin] Invalid PhysX transform detected for /World/Stem/SmoothBranch_03.
2026-07-23 09:51:16 [12,478ms] [Warning] [omni.physx.plugin] Invalid PhysX transform detected for /World/Stem/SmoothBranch_04.
2026-07-23 09:51:16 [12,478ms] [Warning] [omni.physx.plugin] Invalid PhysX transform detected for /World/Stem/SmoothBranch_05.
2026-07-23 09:51:16 [12,478ms] [Warning] [omni.physx.plugin] Invalid PhysX transform detected for /World/Stem/SmoothBranch_06.
2026-07-23 09:51:16 [12,478ms] [Warning] [omni.physx.plugin] Invalid PhysX transform detected for /World/Stem/SmoothBranch_07.
2026-07-23 09:51:16 [12,478ms] [Warning] [omni.physx.plugin] Invalid PhysX transform detected for /World/Stem/SmoothBranch_08.
2026-07-23 09:51:16 [12,478ms] [Warning] [omni.physx.plugin] Invalid PhysX transform detected for /World/Stem/SmoothBranch_09.
2026-07-23 09:51:16 [12,478ms] [Warning] [omni.physx.plugin] Invalid PhysX transform detected for /World/Stem/SmoothBranch_10.
2026-07-23 09:51:16 [12,478ms] [Warning] [omni.physx.plugin] Invalid PhysX transform detected for /World/Stem/SmoothBranch_11.
2026-07-23 09:51:16 [12,478ms] [Warning] [omni.physx.plugin] Invalid PhysX transform detected for /World/Stem/SmoothBranch_12.
2026-07-23 09:51:16 [12,478ms] [Warning] [omni.physx.plugin] Invalid PhysX transform detected for /World/Stem/SmoothBranch_13.
2026-07-23 09:51:16 [12,478ms] [Warning] [omni.physx.plugin] Invalid PhysX transform detected for /World/Stem/SmoothBranch_14.
2026-07-23 09:51:16 [12,478ms] [Warning] [omni.physx.plugin] Invalid PhysX transform detected for /World/Stem/SmoothBranch_15.
2026-07-23 09:51:16 [12,478ms] [Warning] [omni.physx.plugin] Invalid PhysX transform detected for /World/Stem/SmoothBranch_16.
2026-07-23 09:51:16 [12,478ms] [Warning] [omni.physx.plugin] Invalid PhysX transform detected for /World/Stem/SmoothBranch_17.
2026-07-23 09:51:16 [12,478ms] [Warning] [omni.physx.plugin] Invalid PhysX transform detected for /World/Stem/SmoothBranch_18.
2026-07-23 09:51:16 [12,478ms] [Warning] [omni.physx.plugin] Invalid PhysX transform detected for /World/Stem/SmoothBranch_19.
2026-07-23 09:51:16 [12,478ms] [Warning] [omni.physx.plugin] Invalid PhysX transform detected for /World/Stem/SmoothBranch_20.
2026-07-23 09:51:16 [12,478ms] [Warning] [omni.physx.plugin] Invalid PhysX transform detected for /World/Stem/SmoothBranch_21.
2026-07-23 09:51:16 [12,478ms] [Warning] [omni.physx.plugin] Invalid PhysX transform detected for /World/Stem/SmoothBranch_22.
2026-07-23 09:51:16 [12,478ms] [Warning] [omni.physx.plugin] Invalid PhysX transform detected for /World/Stem/SmoothBranch_23.
2026-07-23 09:51:16 [12,478ms] [Warning] [omni.physx.plugin] Invalid PhysX transform detected for /World/Stem/SmoothBranch_24.
2026-07-23 09:51:16 [12,478ms] [Warning] [omni.physx.plugin] Invalid PhysX transform detected for /World/Stem/Fruit_Smooth_base.
2026-07-23 09:51:16 [12,478ms] [Warning] [omni.physx.plugin] Invalid PhysX transform detected for /World/Stem/Fruit_Smooth_tip.
2026-07-23 09:51:16 [12,478ms] [Warning] [omni.physx.plugin] Invalid PhysX transform detected for /World/Stem/Fruit_Smooth.
2026-07-23 09:51:16 [12,489ms] [Warning] [omni.physx.plugin] Invalid PhysX transform detected for /World/Stem/SmoothBranch_00.
2026-07-23 09:51:16 [12,489ms] [Warning] [omni.physx.plugin] Invalid PhysX transform detected for /World/Stem/SmoothBranch_01.
2026-07-23 09:51:16 [12,489ms] [Warning] [omni.physx.plugin] Invalid PhysX transform detected for /World/Stem/SmoothBranch_02.
2026-07-23 09:51:16 [12,489ms] [Warning] [omni.physx.plugin] Invalid PhysX transform detected for /World/Stem/SmoothBranch_03.
2026-07-23 09:51:16 [12,489ms] [Warning] [omni.physx.plugin] Invalid PhysX transform detected for /World/Stem/SmoothBranch_04.
2026-07-23 09:51:16 [12,489ms] [Warning] [omni.physx.plugin] Invalid PhysX transform detected for /World/Stem/SmoothBranch_05.
2026-07-23 09:51:16 [12,489ms] [Warning] [omni.physx.plugin] Invalid PhysX transform detected for /World/Stem/SmoothBranch_06.
2026-07-23 09:51:16 [12,489ms] [Warning] [omni.physx.plugin] Invalid PhysX transform detected for /World/Stem/SmoothBranch_07.
2026-07-23 09:51:16 [12,489ms] [Warning] [omni.physx.plugin] Invalid PhysX transform detected for /World/Stem/SmoothBranch_08.
2026-07-23 09:51:16 [12,489ms] [Warning] [omni.physx.plugin] Invalid PhysX transform detected for /World/Stem/SmoothBranch_09.
2026-07-23 09:51:16 [12,489ms] [Warning] [omni.physx.plugin] Invalid PhysX transform detected for /World/Stem/SmoothBranch_10.
2026-07-23 09:51:16 [12,489ms] [Warning] [omni.physx.plugin] Invalid PhysX transform detected for /World/Stem/SmoothBranch_11.
2026-07-23 09:51:16 [12,489ms] [Warning] [omni.physx.plugin] Invalid PhysX transform detected for /World/Stem/SmoothBranch_12.
2026-07-23 09:51:16 [12,489ms] [Warning] [omni.physx.plugin] Invalid PhysX transform detected for /World/Stem/SmoothBranch_13.
2026-07-23 09:51:16 [12,489ms] [Warning] [omni.physx.plugin] Invalid PhysX transform detected for /World/Stem/SmoothBranch_14.
2026-07-23 09:51:16 [12,489ms] [Warning] [omni.physx.plugin] Invalid PhysX transform detected for /World/Stem/SmoothBranch_15.
2026-07-23 09:51:16 [12,489ms] [Warning] [omni.physx.plugin] Invalid PhysX transform detected for /World/Stem/SmoothBranch_16.
2026-07-23 09:51:16 [12,489ms] [Warning] [omni.physx.plugin] Invalid PhysX transform detected for /World/Stem/SmoothBranch_17.
2026-07-23 09:51:16 [12,489ms] [Warning] [omni.physx.plugin] Invalid PhysX transform detected for /World/Stem/SmoothBranch_18.
2026-07-23 09:51:16 [12,489ms] [Warning] [omni.physx.plugin] Invalid PhysX transform detected for /World/Stem/SmoothBranch_19.
2026-07-23 09:51:16 [12,489ms] [Warning] [omni.physx.plugin] Invalid PhysX transform detected for /World/Stem/SmoothBranch_20.
2026-07-23 09:51:16 [12,489ms] [Warning] [omni.physx.plugin] Invalid PhysX transform detected for /World/Stem/SmoothBranch_21.
2026-07-23 09:51:16 [12,489ms] [Warning] [omni.physx.plugin] Invalid PhysX transform detected for /World/Stem/SmoothBranch_22.
2026-07-23 09:51:16 [12,489ms] [Warning] [omni.physx.plugin] Invalid PhysX transform detected for /World/Stem/SmoothBranch_23.
2026-07-23 09:51:16 [12,489ms] [Warning] [omni.physx.plugin] Invalid PhysX transform detected for /World/Stem/SmoothBranch_24.
2026-07-23 09:51:16 [12,489ms] [Warning] [omni.physx.plugin] Invalid PhysX transform detected for /World/Stem/Fruit_Smooth_base.
2026-07-23 09:51:16 [12,489ms] [Warning] [omni.physx.plugin] Invalid PhysX transform detected for /World/Stem/Fruit_Smooth_tip.
2026-07-23 09:51:16 [12,489ms] [Warning] [omni.physx.plugin] Invalid PhysX transform detected for /World/Stem/Fruit_Smooth.
2026-07-23 09:51:16 [12,499ms] [Warning] [omni.physx.plugin] Invalid PhysX transform detected for /World/Stem/SmoothBranch_00.
2026-07-23 09:51:16 [12,499ms] [Warning] [omni.physx.plugin] Invalid PhysX transform detected for /World/Stem/SmoothBranch_01.
2026-07-23 09:51:16 [12,499ms] [Warning] [omni.physx.plugin] Invalid PhysX transform detected for /World/Stem/SmoothBranch_02.
2026-07-23 09:51:16 [12,499ms] [Warning] [omni.physx.plugin] Invalid PhysX transform detected for /World/Stem/SmoothBranch_03.
2026-07-23 09:51:16 [12,499ms] [Warning] [omni.physx.plugin] Invalid PhysX transform detected for /World/Stem/SmoothBranch_04.
2026-07-23 09:51:16 [12,499ms] [Warning] [omni.physx.plugin] Invalid PhysX transform detected for /World/Stem/SmoothBranch_05.
2026-07-23 09:51:16 [12,499ms] [Warning] [omni.physx.plugin] Invalid PhysX transform detected for /World/Stem/SmoothBranch_06.
2026-07-23 09:51:16 [12,499ms] [Warning] [omni.physx.plugin] Invalid PhysX transform detected for /World/Stem/SmoothBranch_07.
2026-07-23 09:51:16 [12,499ms] [Warning] [omni.physx.plugin] Invalid PhysX transform detected for /World/Stem/SmoothBranch_08.
2026-07-23 09:51:16 [12,499ms] [Warning] [omni.physx.plugin] Invalid PhysX transform detected for /World/Stem/SmoothBranch_09.
2026-07-23 09:51:16 [12,499ms] [Warning] [omni.physx.plugin] Invalid PhysX transform detected for /World/Stem/SmoothBranch_10.
2026-07-23 09:51:16 [12,499ms] [Warning] [omni.physx.plugin] Invalid PhysX transform detected for /World/Stem/SmoothBranch_11.
2026-07-23 09:51:16 [12,499ms] [Warning] [omni.physx.plugin] Invalid PhysX transform detected for /World/Stem/SmoothBranch_12.
2026-07-23 09:51:16 [12,499ms] [Warning] [omni.physx.plugin] Invalid PhysX transform detected for /World/Stem/SmoothBranch_13.
2026-07-23 09:51:16 [12,499ms] [Warning] [omni.physx.plugin] Invalid PhysX transform detected for /World/Stem/SmoothBranch_14.
2026-07-23 09:51:16 [12,499ms] [Warning] [omni.physx.plugin] Invalid PhysX transform detected for /World/Stem/SmoothBranch_15.
2026-07-23 09:51:16 [12,499ms] [Warning] [omni.physx.plugin] Invalid PhysX transform detected for /World/Stem/SmoothBranch_16.
2026-07-23 09:51:16 [12,499ms] [Warning] [omni.physx.plugin] Invalid PhysX transform detected for /World/Stem/SmoothBranch_17.
2026-07-23 09:51:16 [12,500ms] [Warning] [omni.physx.plugin] Invalid PhysX transform detected for /World/Stem/SmoothBranch_18.
2026-07-23 09:51:16 [12,500ms] [Warning] [omni.physx.plugin] Invalid PhysX transform detected for /World/Stem/SmoothBranch_19.
2026-07-23 09:51:16 [12,500ms] [Warning] [omni.physx.plugin] Invalid PhysX transform detected for /World/Stem/SmoothBranch_20.
2026-07-23 09:51:16 [12,500ms] [Warning] [omni.physx.plugin] Invalid PhysX transform detected for /World/Stem/SmoothBranch_21.
2026-07-23 09:51:16 [12,500ms] [Warning] [omni.physx.plugin] Invalid PhysX transform detected for /World/Stem/SmoothBranch_22.
2026-07-23 09:51:16 [12,500ms] [Warning] [omni.physx.plugin] Invalid PhysX transform detected for /World/Stem/SmoothBranch_23.
2026-07-23 09:51:16 [12,500ms] [Warning] [omni.physx.plugin] Invalid PhysX transform detected for /World/Stem/SmoothBranch_24.
2026-07-23 09:51:16 [12,500ms] [Warning] [omni.physx.plugin] Invalid PhysX transform detected for /World/Stem/Fruit_Smooth_base.
2026-07-23 09:51:16 [12,500ms] [Warning] [omni.physx.plugin] Invalid PhysX transform detected for /World/Stem/Fruit_Smooth_tip.
2026-07-23 09:51:16 [12,500ms] [Warning] [omni.physx.plugin] Invalid PhysX transform detected for /World/Stem/Fruit_Smooth.
2026-07-23 09:51:16 [12,510ms] [Warning] [omni.physx.plugin] Invalid PhysX transform detected for /World/Stem/SmoothBranch_00.
2026-07-23 09:51:16 [12,510ms] [Warning] [omni.physx.plugin] Invalid PhysX transform detected for /World/Stem/SmoothBranch_01.
2026-07-23 09:51:16 [12,510ms] [Warning] [omni.physx.plugin] Invalid PhysX transform detected for /World/Stem/SmoothBranch_02.
2026-07-23 09:51:16 [12,510ms] [Warning] [omni.physx.plugin] Invalid PhysX transform detected for /World/Stem/SmoothBranch_03.
2026-07-23 09:51:16 [12,510ms] [Warning] [omni.physx.plugin] Invalid PhysX transform detected for /World/Stem/SmoothBranch_04.
2026-07-23 09:51:16 [12,510ms] [Warning] [omni.physx.plugin] Invalid PhysX transform detected for /World/Stem/SmoothBranch_05.
2026-07-23 09:51:16 [12,510ms] [Warning] [omni.physx.plugin] Invalid PhysX transform detected for /World/Stem/SmoothBranch_06.
2026-07-23 09:51:16 [12,510ms] [Warning] [omni.physx.plugin] Invalid PhysX transform detected for /World/Stem/SmoothBranch_07.
2026-07-23 09:51:16 [12,510ms] [Warning] [omni.physx.plugin] Invalid PhysX transform detected for /World/Stem/SmoothBranch_08.
2026-07-23 09:51:16 [12,510ms] [Warning] [omni.physx.plugin] Invalid PhysX transform detected for /World/Stem/SmoothBranch_09.
2026-07-23 09:51:16 [12,510ms] [Warning] [omni.physx.plugin] Invalid PhysX transform detected for /World/Stem/SmoothBranch_10.
2026-07-23 09:51:16 [12,510ms] [Warning] [omni.physx.plugin] Invalid PhysX transform detected for /World/Stem/SmoothBranch_11.
2026-07-23 09:51:16 [12,510ms] [Warning] [omni.physx.plugin] Invalid PhysX transform detected for /World/Stem/SmoothBranch_12.
2026-07-23 09:51:16 [12,510ms] [Warning] [omni.physx.plugin] Invalid PhysX transform detected for /World/Stem/SmoothBranch_13.
2026-07-23 09:51:16 [12,510ms] [Warning] [omni.physx.plugin] Invalid PhysX transform detected for /World/Stem/SmoothBranch_14.
2026-07-23 09:51:16 [12,510ms] [Warning] [omni.physx.plugin] Invalid PhysX transform detected for /World/Stem/SmoothBranch_15.
2026-07-23 09:51:16 [12,510ms] [Warning] [omni.physx.plugin] Invalid PhysX transform detected for /World/Stem/SmoothBranch_16.
2026-07-23 09:51:16 [12,510ms] [Warning] [omni.physx.plugin] Invalid PhysX transform detected for /World/Stem/SmoothBranch_17.
2026-07-23 09:51:16 [12,510ms] [Warning] [omni.physx.plugin] Invalid PhysX transform detected for /World/Stem/SmoothBranch_18.
2026-07-23 09:51:16 [12,510ms] [Warning] [omni.physx.plugin] Invalid PhysX transform detected for /World/Stem/SmoothBranch_19.
2026-07-23 09:51:16 [12,510ms] [Warning] [omni.physx.plugin] Invalid PhysX transform detected for /World/Stem/SmoothBranch_20.
2026-07-23 09:51:16 [12,510ms] [Warning] [omni.physx.plugin] Invalid PhysX transform detected for /World/Stem/SmoothBranch_21.
2026-07-23 09:51:16 [12,510ms] [Warning] [omni.physx.plugin] Invalid PhysX transform detected for /World/Stem/SmoothBranch_22.
2026-07-23 09:51:16 [12,511ms] [Warning] [omni.physx.plugin] Invalid PhysX transform detected for /World/Stem/SmoothBranch_23.
2026-07-23 09:51:16 [12,511ms] [Warning] [omni.physx.plugin] Invalid PhysX transform detected for /World/Stem/SmoothBranch_24.
2026-07-23 09:51:16 [12,511ms] [Warning] [omni.physx.plugin] Invalid PhysX transform detected for /World/Stem/Fruit_Smooth_base.
2026-07-23 09:51:16 [12,511ms] [Warning] [omni.physx.plugin] Invalid PhysX transform detected for /World/Stem/Fruit_Smooth_tip.
2026-07-23 09:51:16 [12,511ms] [Warning] [omni.physx.plugin] Invalid PhysX transform detected for /World/Stem/Fruit_Smooth.
2026-07-23 09:51:16 [12,521ms] [Warning] [omni.physx.plugin] Invalid PhysX transform detected for /World/Stem/SmoothBranch_00.
2026-07-23 09:51:16 [12,521ms] [Warning] [omni.physx.plugin] Invalid PhysX transform detected for /World/Stem/SmoothBranch_01.
2026-07-23 09:51:16 [12,521ms] [Warning] [omni.physx.plugin] Invalid PhysX transform detected for /World/Stem/SmoothBranch_02.
2026-07-23 09:51:16 [12,521ms] [Warning] [omni.physx.plugin] Invalid PhysX transform detected for /World/Stem/SmoothBranch_03.
2026-07-23 09:51:16 [12,521ms] [Warning] [omni.physx.plugin] Invalid PhysX transform detected for /World/Stem/SmoothBranch_04.
2026-07-23 09:51:16 [12,521ms] [Warning] [omni.physx.plugin] Invalid PhysX transform detected for /World/Stem/SmoothBranch_05.
2026-07-23 09:51:16 [12,521ms] [Warning] [omni.physx.plugin] Invalid PhysX transform detected for /World/Stem/SmoothBranch_06.
2026-07-23 09:51:16 [12,521ms] [Warning] [omni.physx.plugin] Invalid PhysX transform detected for /World/Stem/SmoothBranch_07.
2026-07-23 09:51:16 [12,521ms] [Warning] [omni.physx.plugin] Invalid PhysX transform detected for /World/Stem/SmoothBranch_08.
2026-07-23 09:51:16 [12,521ms] [Warning] [omni.physx.plugin] Invalid PhysX transform detected for /World/Stem/SmoothBranch_09.
2026-07-23 09:51:16 [12,521ms] [Warning] [omni.physx.plugin] Invalid PhysX transform detected for /World/Stem/SmoothBranch_10.
2026-07-23 09:51:16 [12,521ms] [Warning] [omni.physx.plugin] Invalid PhysX transform detected for /World/Stem/SmoothBranch_11.
2026-07-23 09:51:16 [12,521ms] [Warning] [omni.physx.plugin] Invalid PhysX transform detected for /World/Stem/SmoothBranch_12.
2026-07-23 09:51:16 [12,521ms] [Warning] [omni.physx.plugin] Invalid PhysX transform detected for /World/Stem/SmoothBranch_13.
2026-07-23 09:51:16 [12,521ms] [Warning] [omni.physx.plugin] Invalid PhysX transform detected for /World/Stem/SmoothBranch_14.
2026-07-23 09:51:16 [12,521ms] [Warning] [omni.physx.plugin] Invalid PhysX transform detected for /World/Stem/SmoothBranch_15.
2026-07-23 09:51:16 [12,521ms] [Warning] [omni.physx.plugin] Invalid PhysX transform detected for /World/Stem/SmoothBranch_16.
2026-07-23 09:51:16 [12,521ms] [Warning] [omni.physx.plugin] Invalid PhysX transform detected for /World/Stem/SmoothBranch_17.
2026-07-23 09:51:16 [12,521ms] [Warning] [omni.physx.plugin] Invalid PhysX transform detected for /World/Stem/SmoothBranch_18.
2026-07-23 09:51:16 [12,521ms] [Warning] [omni.physx.plugin] Invalid PhysX transform detected for /World/Stem/SmoothBranch_19.
2026-07-23 09:51:16 [12,521ms] [Warning] [omni.physx.plugin] Invalid PhysX transform detected for /World/Stem/SmoothBranch_20.
2026-07-23 09:51:16 [12,521ms] [Warning] [omni.physx.plugin] Invalid PhysX transform detected for /World/Stem/SmoothBranch_21.
2026-07-23 09:51:16 [12,521ms] [Warning] [omni.physx.plugin] Invalid PhysX transform detected for /World/Stem/SmoothBranch_22.
2026-07-23 09:51:16 [12,521ms] [Warning] [omni.physx.plugin] Invalid PhysX transform detected for /World/Stem/SmoothBranch_23.
2026-07-23 09:51:16 [12,521ms] [Warning] [omni.physx.plugin] Invalid PhysX transform detected for /World/Stem/SmoothBranch_24.
2026-07-23 09:51:16 [12,521ms] [Warning] [omni.physx.plugin] Invalid PhysX transform detected for /World/Stem/Fruit_Smooth_base.
2026-07-23 09:51:16 [12,521ms] [Warning] [omni.physx.plugin] Invalid PhysX transform detected for /World/Stem/Fruit_Smooth_tip.
2026-07-23 09:51:16 [12,521ms] [Warning] [omni.physx.plugin] Invalid PhysX transform detected for /World/Stem/Fruit_Smooth.
2026-07-23 09:51:16 [12,532ms] [Warning] [omni.physx.plugin] Invalid PhysX transform detected for /World/Stem/SmoothBranch_00.
2026-07-23 09:51:16 [12,532ms] [Warning] [omni.physx.plugin] Invalid PhysX transform detected for /World/Stem/SmoothBranch_01.
2026-07-23 09:51:16 [12,532ms] [Warning] [omni.physx.plugin] Invalid PhysX transform detected for /World/Stem/SmoothBranch_02.
2026-07-23 09:51:16 [12,532ms] [Warning] [omni.physx.plugin] Invalid PhysX transform detected for /World/Stem/SmoothBranch_03.
2026-07-23 09:51:16 [12,532ms] [Warning] [omni.physx.plugin] Invalid PhysX transform detected for /World/Stem/SmoothBranch_04.
2026-07-23 09:51:16 [12,532ms] [Warning] [omni.physx.plugin] Invalid PhysX transform detected for /World/Stem/SmoothBranch_05.
2026-07-23 09:51:16 [12,532ms] [Warning] [omni.physx.plugin] Invalid PhysX transform detected for /World/Stem/SmoothBranch_06.
2026-07-23 09:51:16 [12,532ms] [Warning] [omni.physx.plugin] Invalid PhysX transform detected for /World/Stem/SmoothBranch_07.
2026-07-23 09:51:16 [12,532ms] [Warning] [omni.physx.plugin] Invalid PhysX transform detected for /World/Stem/SmoothBranch_08.
2026-07-23 09:51:16 [12,532ms] [Warning] [omni.physx.plugin] Invalid PhysX transform detected for /World/Stem/SmoothBranch_09.
2026-07-23 09:51:16 [12,532ms] [Warning] [omni.physx.plugin] Invalid PhysX transform detected for /World/Stem/SmoothBranch_10.
2026-07-23 09:51:16 [12,532ms] [Warning] [omni.physx.plugin] Invalid PhysX transform detected for /World/Stem/SmoothBranch_11.
2026-07-23 09:51:16 [12,532ms] [Warning] [omni.physx.plugin] Invalid PhysX transform detected for /World/Stem/SmoothBranch_12.
2026-07-23 09:51:16 [12,532ms] [Warning] [omni.physx.plugin] Invalid PhysX transform detected for /World/Stem/SmoothBranch_13.
2026-07-23 09:51:16 [12,532ms] [Warning] [omni.physx.plugin] Invalid PhysX transform detected for /World/Stem/SmoothBranch_14.
2026-07-23 09:51:16 [12,532ms] [Warning] [omni.physx.plugin] Invalid PhysX transform detected for /World/Stem/SmoothBranch_15.
2026-07-23 09:51:16 [12,532ms] [Warning] [omni.physx.plugin] Invalid PhysX transform detected for /World/Stem/SmoothBranch_16.
2026-07-23 09:51:16 [12,532ms] [Warning] [omni.physx.plugin] Invalid PhysX transform detected for /World/Stem/SmoothBranch_17.
2026-07-23 09:51:16 [12,532ms] [Warning] [omni.physx.plugin] Invalid PhysX transform detected for /World/Stem/SmoothBranch_18.
2026-07-23 09:51:16 [12,532ms] [Warning] [omni.physx.plugin] Invalid PhysX transform detected for /World/Stem/SmoothBranch_19.
2026-07-23 09:51:16 [12,532ms] [Warning] [omni.physx.plugin] Invalid PhysX transform detected for /World/Stem/SmoothBranch_20.
2026-07-23 09:51:16 [12,532ms] [Warning] [omni.physx.plugin] Invalid PhysX transform detected for /World/Stem/SmoothBranch_21.
2026-07-23 09:51:16 [12,532ms] [Warning] [omni.physx.plugin] Invalid PhysX transform detected for /World/Stem/SmoothBranch_22.
2026-07-23 09:51:16 [12,532ms] [Warning] [omni.physx.plugin] Invalid PhysX transform detected for /World/Stem/SmoothBranch_23.
2026-07-23 09:51:16 [12,532ms] [Warning] [omni.physx.plugin] Invalid PhysX transform detected for /World/Stem/SmoothBranch_24.
2026-07-23 09:51:16 [12,532ms] [Warning] [omni.physx.plugin] Invalid PhysX transform detected for /World/Stem/Fruit_Smooth_base.
2026-07-23 09:51:16 [12,532ms] [Warning] [omni.physx.plugin] Invalid PhysX transform detected for /World/Stem/Fruit_Smooth_tip.
2026-07-23 09:51:16 [12,532ms] [Warning] [omni.physx.plugin] Invalid PhysX transform detected for /World/Stem/Fruit_Smooth.
2026-07-23 09:51:16 [12,542ms] [Warning] [omni.physx.plugin] Invalid PhysX transform detected for /World/Stem/SmoothBranch_00.
2026-07-23 09:51:16 [12,542ms] [Warning] [omni.physx.plugin] Invalid PhysX transform detected for /World/Stem/SmoothBranch_01.
2026-07-23 09:51:16 [12,542ms] [Warning] [omni.physx.plugin] Invalid PhysX transform detected for /World/Stem/SmoothBranch_02.
2026-07-23 09:51:16 [12,542ms] [Warning] [omni.physx.plugin] Invalid PhysX transform detected for /World/Stem/SmoothBranch_03.
2026-07-23 09:51:16 [12,542ms] [Warning] [omni.physx.plugin] Invalid PhysX transform detected for /World/Stem/SmoothBranch_04.
2026-07-23 09:51:16 [12,542ms] [Warning] [omni.physx.plugin] Invalid PhysX transform detected for /World/Stem/SmoothBranch_05.
2026-07-23 09:51:16 [12,542ms] [Warning] [omni.physx.plugin] Invalid PhysX transform detected for /World/Stem/SmoothBranch_06.
2026-07-23 09:51:16 [12,542ms] [Warning] [omni.physx.plugin] Invalid PhysX transform detected for /World/Stem/SmoothBranch_07.
2026-07-23 09:51:16 [12,542ms] [Warning] [omni.physx.plugin] Invalid PhysX transform detected for /World/Stem/SmoothBranch_08.
2026-07-23 09:51:16 [12,542ms] [Warning] [omni.physx.plugin] Invalid PhysX transform detected for /World/Stem/SmoothBranch_09.
2026-07-23 09:51:16 [12,542ms] [Warning] [omni.physx.plugin] Invalid PhysX transform detected for /World/Stem/SmoothBranch_10.
2026-07-23 09:51:16 [12,542ms] [Warning] [omni.physx.plugin] Invalid PhysX transform detected for /World/Stem/SmoothBranch_11.
2026-07-23 09:51:16 [12,542ms] [Warning] [omni.physx.plugin] Invalid PhysX transform detected for /World/Stem/SmoothBranch_12.
2026-07-23 09:51:16 [12,542ms] [Warning] [omni.physx.plugin] Invalid PhysX transform detected for /World/Stem/SmoothBranch_13.
2026-07-23 09:51:16 [12,542ms] [Warning] [omni.physx.plugin] Invalid PhysX transform detected for /World/Stem/SmoothBranch_14.
2026-07-23 09:51:16 [12,542ms] [Warning] [omni.physx.plugin] Invalid PhysX transform detected for /World/Stem/SmoothBranch_15.
2026-07-23 09:51:16 [12,542ms] [Warning] [omni.physx.plugin] Invalid PhysX transform detected for /World/Stem/SmoothBranch_16.
2026-07-23 09:51:16 [12,542ms] [Warning] [omni.physx.plugin] Invalid PhysX transform detected for /World/Stem/SmoothBranch_17.
2026-07-23 09:51:16 [12,542ms] [Warning] [omni.physx.plugin] Invalid PhysX transform detected for /World/Stem/SmoothBranch_18.
2026-07-23 09:51:16 [12,542ms] [Warning] [omni.physx.plugin] Invalid PhysX transform detected for /World/Stem/SmoothBranch_19.
2026-07-23 09:51:16 [12,542ms] [Warning] [omni.physx.plugin] Invalid PhysX transform detected for /World/Stem/SmoothBranch_20.
2026-07-23 09:51:16 [12,542ms] [Warning] [omni.physx.plugin] Invalid PhysX transform detected for /World/Stem/SmoothBranch_21.
2026-07-23 09:51:16 [12,542ms] [Warning] [omni.physx.plugin] Invalid PhysX transform detected for /World/Stem/SmoothBranch_22.
2026-07-23 09:51:16 [12,542ms] [Warning] [omni.physx.plugin] Invalid PhysX transform detected for /World/Stem/SmoothBranch_23.
2026-07-23 09:51:16 [12,542ms] [Warning] [omni.physx.plugin] Invalid PhysX transform detected for /World/Stem/SmoothBranch_24.
2026-07-23 09:51:16 [12,543ms] [Warning] [omni.physx.plugin] Invalid PhysX transform detected for /World/Stem/Fruit_Smooth_base.
2026-07-23 09:51:16 [12,543ms] [Warning] [omni.physx.plugin] Invalid PhysX transform detected for /World/Stem/Fruit_Smooth_tip.
2026-07-23 09:51:16 [12,543ms] [Warning] [omni.physx.plugin] Invalid PhysX transform detected for /World/Stem/Fruit_Smooth.
2026-07-23 09:51:16 [12,553ms] [Warning] [omni.physx.plugin] Invalid PhysX transform detected for /World/Stem/SmoothBranch_00.
2026-07-23 09:51:16 [12,553ms] [Warning] [omni.physx.plugin] Invalid PhysX transform detected for /World/Stem/SmoothBranch_01.
2026-07-23 09:51:16 [12,553ms] [Warning] [omni.physx.plugin] Invalid PhysX transform detected for /World/Stem/SmoothBranch_02.
2026-07-23 09:51:16 [12,553ms] [Warning] [omni.physx.plugin] Invalid PhysX transform detected for /World/Stem/SmoothBranch_03.
2026-07-23 09:51:16 [12,553ms] [Warning] [omni.physx.plugin] Invalid PhysX transform detected for /World/Stem/SmoothBranch_04.
2026-07-23 09:51:16 [12,553ms] [Warning] [omni.physx.plugin] Invalid PhysX transform detected for /World/Stem/SmoothBranch_05.
2026-07-23 09:51:16 [12,553ms] [Warning] [omni.physx.plugin] Invalid PhysX transform detected for /World/Stem/SmoothBranch_06.
2026-07-23 09:51:16 [12,553ms] [Warning] [omni.physx.plugin] Invalid PhysX transform detected for /World/Stem/SmoothBranch_07.
2026-07-23 09:51:16 [12,553ms] [Warning] [omni.physx.plugin] Invalid PhysX transform detected for /World/Stem/SmoothBranch_08.
2026-07-23 09:51:16 [12,553ms] [Warning] [omni.physx.plugin] Invalid PhysX transform detected for /World/Stem/SmoothBranch_09.
2026-07-23 09:51:16 [12,553ms] [Warning] [omni.physx.plugin] Invalid PhysX transform detected for /World/Stem/SmoothBranch_10.
2026-07-23 09:51:16 [12,553ms] [Warning] [omni.physx.plugin] Invalid PhysX transform detected for /World/Stem/SmoothBranch_11.
2026-07-23 09:51:16 [12,553ms] [Warning] [omni.physx.plugin] Invalid PhysX transform detected for /World/Stem/SmoothBranch_12.
2026-07-23 09:51:16 [12,553ms] [Warning] [omni.physx.plugin] Invalid PhysX transform detected for /World/Stem/SmoothBranch_13.
2026-07-23 09:51:16 [12,553ms] [Warning] [omni.physx.plugin] Invalid PhysX transform detected for /World/Stem/SmoothBranch_14.
2026-07-23 09:51:16 [12,553ms] [Warning] [omni.physx.plugin] Invalid PhysX transform detected for /World/Stem/SmoothBranch_15.
2026-07-23 09:51:16 [12,553ms] [Warning] [omni.physx.plugin] Invalid PhysX transform detected for /World/Stem/SmoothBranch_16.
2026-07-23 09:51:16 [12,553ms] [Warning] [omni.physx.plugin] Invalid PhysX transform detected for /World/Stem/SmoothBranch_17.
2026-07-23 09:51:16 [12,553ms] [Warning] [omni.physx.plugin] Invalid PhysX transform detected for /World/Stem/SmoothBranch_18.
2026-07-23 09:51:16 [12,553ms] [Warning] [omni.physx.plugin] Invalid PhysX transform detected for /World/Stem/SmoothBranch_19.
2026-07-23 09:51:16 [12,553ms] [Warning] [omni.physx.plugin] Invalid PhysX transform detected for /World/Stem/SmoothBranch_20.
2026-07-23 09:51:16 [12,553ms] [Warning] [omni.physx.plugin] Invalid PhysX transform detected for /World/Stem/SmoothBranch_21.
2026-07-23 09:51:16 [12,553ms] [Warning] [omni.physx.plugin] Invalid PhysX transform detected for /World/Stem/SmoothBranch_22.
2026-07-23 09:51:16 [12,553ms] [Warning] [omni.physx.plugin] Invalid PhysX transform detected for /World/Stem/SmoothBranch_23.
2026-07-23 09:51:16 [12,553ms] [Warning] [omni.physx.plugin] Invalid PhysX transform detected for /World/Stem/SmoothBranch_24.
2026-07-23 09:51:16 [12,553ms] [Warning] [omni.physx.plugin] Invalid PhysX transform detected for /World/Stem/Fruit_Smooth_base.
2026-07-23 09:51:16 [12,553ms] [Warning] [omni.physx.plugin] Invalid PhysX transform detected for /World/Stem/Fruit_Smooth_tip.
2026-07-23 09:51:16 [12,553ms] [Warning] [omni.physx.plugin] Invalid PhysX transform detected for /World/Stem/Fruit_Smooth.
2026-07-23 09:51:16 [12,564ms] [Warning] [omni.physx.plugin] Invalid PhysX transform detected for /World/Stem/SmoothBranch_00.
2026-07-23 09:51:16 [12,564ms] [Warning] [omni.physx.plugin] Invalid PhysX transform detected for /World/Stem/SmoothBranch_01.
2026-07-23 09:51:16 [12,564ms] [Warning] [omni.physx.plugin] Invalid PhysX transform detected for /World/Stem/SmoothBranch_02.
2026-07-23 09:51:16 [12,564ms] [Warning] [omni.physx.plugin] Invalid PhysX transform detected for /World/Stem/SmoothBranch_03.
2026-07-23 09:51:16 [12,564ms] [Warning] [omni.physx.plugin] Invalid PhysX transform detected for /World/Stem/SmoothBranch_04.
2026-07-23 09:51:16 [12,564ms] [Warning] [omni.physx.plugin] Invalid PhysX transform detected for /World/Stem/SmoothBranch_05.
2026-07-23 09:51:16 [12,564ms] [Warning] [omni.physx.plugin] Invalid PhysX transform detected for /World/Stem/SmoothBranch_06.
2026-07-23 09:51:16 [12,564ms] [Warning] [omni.physx.plugin] Invalid PhysX transform detected for /World/Stem/SmoothBranch_07.
2026-07-23 09:51:16 [12,564ms] [Warning] [omni.physx.plugin] Invalid PhysX transform detected for /World/Stem/SmoothBranch_08.
2026-07-23 09:51:16 [12,564ms] [Warning] [omni.physx.plugin] Invalid PhysX transform detected for /World/Stem/SmoothBranch_09.
2026-07-23 09:51:16 [12,564ms] [Warning] [omni.physx.plugin] Invalid PhysX transform detected for /World/Stem/SmoothBranch_10.
2026-07-23 09:51:16 [12,564ms] [Warning] [omni.physx.plugin] Invalid PhysX transform detected for /World/Stem/SmoothBranch_11.
2026-07-23 09:51:16 [12,564ms] [Warning] [omni.physx.plugin] Invalid PhysX transform detected for /World/Stem/SmoothBranch_12.
2026-07-23 09:51:16 [12,564ms] [Warning] [omni.physx.plugin] Invalid PhysX transform detected for /World/Stem/SmoothBranch_13.
2026-07-23 09:51:16 [12,564ms] [Warning] [omni.physx.plugin] Invalid PhysX transform detected for /World/Stem/SmoothBranch_14.
2026-07-23 09:51:16 [12,564ms] [Warning] [omni.physx.plugin] Invalid PhysX transform detected for /World/Stem/SmoothBranch_15.
2026-07-23 09:51:16 [12,564ms] [Warning] [omni.physx.plugin] Invalid PhysX transform detected for /World/Stem/SmoothBranch_16.
2026-07-23 09:51:16 [12,564ms] [Warning] [omni.physx.plugin] Invalid PhysX transform detected for /World/Stem/SmoothBranch_17.
2026-07-23 09:51:16 [12,564ms] [Warning] [omni.physx.plugin] Invalid PhysX transform detected for /World/Stem/SmoothBranch_18.
2026-07-23 09:51:16 [12,564ms] [Warning] [omni.physx.plugin] Invalid PhysX transform detected for /World/Stem/SmoothBranch_19.
2026-07-23 09:51:16 [12,564ms] [Warning] [omni.physx.plugin] Invalid PhysX transform detected for /World/Stem/SmoothBranch_20.
2026-07-23 09:51:16 [12,564ms] [Warning] [omni.physx.plugin] Invalid PhysX transform detected for /World/Stem/SmoothBranch_21.
2026-07-23 09:51:16 [12,564ms] [Warning] [omni.physx.plugin] Invalid PhysX transform detected for /World/Stem/SmoothBranch_22.
2026-07-23 09:51:16 [12,564ms] [Warning] [omni.physx.plugin] Invalid PhysX transform detected for /World/Stem/SmoothBranch_23.
2026-07-23 09:51:16 [12,564ms] [Warning] [omni.physx.plugin] Invalid PhysX transform detected for /World/Stem/SmoothBranch_24.
2026-07-23 09:51:16 [12,564ms] [Warning] [omni.physx.plugin] Invalid PhysX transform detected for /World/Stem/Fruit_Smooth_base.
2026-07-23 09:51:16 [12,564ms] [Warning] [omni.physx.plugin] Invalid PhysX transform detected for /World/Stem/Fruit_Smooth_tip.
2026-07-23 09:51:16 [12,564ms] [Warning] [omni.physx.plugin] Invalid PhysX transform detected for /World/Stem/Fruit_Smooth.
2026-07-23 09:51:16 [12,574ms] [Warning] [omni.physx.plugin] Invalid PhysX transform detected for /World/Stem/SmoothBranch_00.
2026-07-23 09:51:16 [12,574ms] [Warning] [omni.physx.plugin] Invalid PhysX transform detected for /World/Stem/SmoothBranch_01.
2026-07-23 09:51:16 [12,574ms] [Warning] [omni.physx.plugin] Invalid PhysX transform detected for /World/Stem/SmoothBranch_02.
2026-07-23 09:51:16 [12,574ms] [Warning] [omni.physx.plugin] Invalid PhysX transform detected for /World/Stem/SmoothBranch_03.
2026-07-23 09:51:16 [12,574ms] [Warning] [omni.physx.plugin] Invalid PhysX transform detected for /World/Stem/SmoothBranch_04.
2026-07-23 09:51:16 [12,574ms] [Warning] [omni.physx.plugin] Invalid PhysX transform detected for /World/Stem/SmoothBranch_05.
2026-07-23 09:51:16 [12,574ms] [Warning] [omni.physx.plugin] Invalid PhysX transform detected for /World/Stem/SmoothBranch_06.
2026-07-23 09:51:16 [12,574ms] [Warning] [omni.physx.plugin] Invalid PhysX transform detected for /World/Stem/SmoothBranch_07.
2026-07-23 09:51:16 [12,574ms] [Warning] [omni.physx.plugin] Invalid PhysX transform detected for /World/Stem/SmoothBranch_08.
2026-07-23 09:51:16 [12,574ms] [Warning] [omni.physx.plugin] Invalid PhysX transform detected for /World/Stem/SmoothBranch_09.
2026-07-23 09:51:16 [12,574ms] [Warning] [omni.physx.plugin] Invalid PhysX transform detected for /World/Stem/SmoothBranch_10.
2026-07-23 09:51:16 [12,574ms] [Warning] [omni.physx.plugin] Invalid PhysX transform detected for /World/Stem/SmoothBranch_11.
2026-07-23 09:51:16 [12,574ms] [Warning] [omni.physx.plugin] Invalid PhysX transform detected for /World/Stem/SmoothBranch_12.
2026-07-23 09:51:16 [12,574ms] [Warning] [omni.physx.plugin] Invalid PhysX transform detected for /World/Stem/SmoothBranch_13.
2026-07-23 09:51:16 [12,574ms] [Warning] [omni.physx.plugin] Invalid PhysX transform detected for /World/Stem/SmoothBranch_14.
2026-07-23 09:51:16 [12,574ms] [Warning] [omni.physx.plugin] Invalid PhysX transform detected for /World/Stem/SmoothBranch_15.
2026-07-23 09:51:16 [12,574ms] [Warning] [omni.physx.plugin] Invalid PhysX transform detected for /World/Stem/SmoothBranch_16.
2026-07-23 09:51:16 [12,574ms] [Warning] [omni.physx.plugin] Invalid PhysX transform detected for /World/Stem/SmoothBranch_17.
2026-07-23 09:51:16 [12,574ms] [Warning] [omni.physx.plugin] Invalid PhysX transform detected for /World/Stem/SmoothBranch_18.
2026-07-23 09:51:16 [12,574ms] [Warning] [omni.physx.plugin] Invalid PhysX transform detected for /World/Stem/SmoothBranch_19.
2026-07-23 09:51:16 [12,574ms] [Warning] [omni.physx.plugin] Invalid PhysX transform detected for /World/Stem/SmoothBranch_20.
2026-07-23 09:51:16 [12,574ms] [Warning] [omni.physx.plugin] Invalid PhysX transform detected for /World/Stem/SmoothBranch_21.
2026-07-23 09:51:16 [12,574ms] [Warning] [omni.physx.plugin] Invalid PhysX transform detected for /World/Stem/SmoothBranch_22.
2026-07-23 09:51:16 [12,574ms] [Warning] [omni.physx.plugin] Invalid PhysX transform detected for /World/Stem/SmoothBranch_23.
2026-07-23 09:51:16 [12,574ms] [Warning] [omni.physx.plugin] Invalid PhysX transform detected for /World/Stem/SmoothBranch_24.
2026-07-23 09:51:16 [12,574ms] [Warning] [omni.physx.plugin] Invalid PhysX transform detected for /World/Stem/Fruit_Smooth_base.
2026-07-23 09:51:16 [12,574ms] [Warning] [omni.physx.plugin] Invalid PhysX transform detected for /World/Stem/Fruit_Smooth_tip.
2026-07-23 09:51:16 [12,574ms] [Warning] [omni.physx.plugin] Invalid PhysX transform detected for /World/Stem/Fruit_Smooth.
2026-07-23 09:51:16 [12,585ms] [Warning] [omni.physx.plugin] Invalid PhysX transform detected for /World/Stem/SmoothBranch_00.
2026-07-23 09:51:16 [12,585ms] [Warning] [omni.physx.plugin] Invalid PhysX transform detected for /World/Stem/SmoothBranch_01.
2026-07-23 09:51:16 [12,585ms] [Warning] [omni.physx.plugin] Invalid PhysX transform detected for /World/Stem/SmoothBranch_02.
2026-07-23 09:51:16 [12,585ms] [Warning] [omni.physx.plugin] Invalid PhysX transform detected for /World/Stem/SmoothBranch_03.
2026-07-23 09:51:16 [12,585ms] [Warning] [omni.physx.plugin] Invalid PhysX transform detected for /World/Stem/SmoothBranch_04.
2026-07-23 09:51:16 [12,585ms] [Warning] [omni.physx.plugin] Invalid PhysX transform detected for /World/Stem/SmoothBranch_05.
2026-07-23 09:51:16 [12,585ms] [Warning] [omni.physx.plugin] Invalid PhysX transform detected for /World/Stem/SmoothBranch_06.
2026-07-23 09:51:16 [12,585ms] [Warning] [omni.physx.plugin] Invalid PhysX transform detected for /World/Stem/SmoothBranch_07.
2026-07-23 09:51:16 [12,585ms] [Warning] [omni.physx.plugin] Invalid PhysX transform detected for /World/Stem/SmoothBranch_08.
2026-07-23 09:51:16 [12,585ms] [Warning] [omni.physx.plugin] Invalid PhysX transform detected for /World/Stem/SmoothBranch_09.
2026-07-23 09:51:16 [12,585ms] [Warning] [omni.physx.plugin] Invalid PhysX transform detected for /World/Stem/SmoothBranch_10.
2026-07-23 09:51:16 [12,585ms] [Warning] [omni.physx.plugin] Invalid PhysX transform detected for /World/Stem/SmoothBranch_11.
2026-07-23 09:51:16 [12,585ms] [Warning] [omni.physx.plugin] Invalid PhysX transform detected for /World/Stem/SmoothBranch_12.
2026-07-23 09:51:16 [12,585ms] [Warning] [omni.physx.plugin] Invalid PhysX transform detected for /World/Stem/SmoothBranch_13.
2026-07-23 09:51:16 [12,585ms] [Warning] [omni.physx.plugin] Invalid PhysX transform detected for /World/Stem/SmoothBranch_14.
2026-07-23 09:51:16 [12,585ms] [Warning] [omni.physx.plugin] Invalid PhysX transform detected for /World/Stem/SmoothBranch_15.
2026-07-23 09:51:16 [12,585ms] [Warning] [omni.physx.plugin] Invalid PhysX transform detected for /World/Stem/SmoothBranch_16.
2026-07-23 09:51:16 [12,585ms] [Warning] [omni.physx.plugin] Invalid PhysX transform detected for /World/Stem/SmoothBranch_17.
2026-07-23 09:51:16 [12,585ms] [Warning] [omni.physx.plugin] Invalid PhysX transform detected for /World/Stem/SmoothBranch_18.
2026-07-23 09:51:16 [12,585ms] [Warning] [omni.physx.plugin] Invalid PhysX transform detected for /World/Stem/SmoothBranch_19.
2026-07-23 09:51:16 [12,585ms] [Warning] [omni.physx.plugin] Invalid PhysX transform detected for /World/Stem/SmoothBranch_20.
2026-07-23 09:51:16 [12,585ms] [Warning] [omni.physx.plugin] Invalid PhysX transform detected for /World/Stem/SmoothBranch_21.
2026-07-23 09:51:16 [12,585ms] [Warning] [omni.physx.plugin] Invalid PhysX transform detected for /World/Stem/SmoothBranch_22.
2026-07-23 09:51:16 [12,585ms] [Warning] [omni.physx.plugin] Invalid PhysX transform detected for /World/Stem/SmoothBranch_23.
2026-07-23 09:51:16 [12,585ms] [Warning] [omni.physx.plugin] Invalid PhysX transform detected for /World/Stem/SmoothBranch_24.
2026-07-23 09:51:16 [12,585ms] [Warning] [omni.physx.plugin] Invalid PhysX transform detected for /World/Stem/Fruit_Smooth_base.
2026-07-23 09:51:16 [12,585ms] [Warning] [omni.physx.plugin] Invalid PhysX transform detected for /World/Stem/Fruit_Smooth_tip.
2026-07-23 09:51:16 [12,585ms] [Warning] [omni.physx.plugin] Invalid PhysX transform detected for /World/Stem/Fruit_Smooth.
2026-07-23 09:51:16 [12,596ms] [Warning] [omni.physx.plugin] Invalid PhysX transform detected for /World/Stem/SmoothBranch_00.
2026-07-23 09:51:16 [12,596ms] [Warning] [omni.physx.plugin] Invalid PhysX transform detected for /World/Stem/SmoothBranch_01.
2026-07-23 09:51:16 [12,596ms] [Warning] [omni.physx.plugin] Invalid PhysX transform detected for /World/Stem/SmoothBranch_02.
2026-07-23 09:51:16 [12,596ms] [Warning] [omni.physx.plugin] Invalid PhysX transform detected for /World/Stem/SmoothBranch_03.
2026-07-23 09:51:16 [12,596ms] [Warning] [omni.physx.plugin] Invalid PhysX transform detected for /World/Stem/SmoothBranch_04.
2026-07-23 09:51:16 [12,596ms] [Warning] [omni.physx.plugin] Invalid PhysX transform detected for /World/Stem/SmoothBranch_05.
2026-07-23 09:51:16 [12,596ms] [Warning] [omni.physx.plugin] Invalid PhysX transform detected for /World/Stem/SmoothBranch_06.
2026-07-23 09:51:16 [12,596ms] [Warning] [omni.physx.plugin] Invalid PhysX transform detected for /World/Stem/SmoothBranch_07.
2026-07-23 09:51:16 [12,596ms] [Warning] [omni.physx.plugin] Invalid PhysX transform detected for /World/Stem/SmoothBranch_08.
2026-07-23 09:51:16 [12,596ms] [Warning] [omni.physx.plugin] Invalid PhysX transform detected for /World/Stem/SmoothBranch_09.
2026-07-23 09:51:16 [12,596ms] [Warning] [omni.physx.plugin] Invalid PhysX transform detected for /World/Stem/SmoothBranch_10.
2026-07-23 09:51:16 [12,596ms] [Warning] [omni.physx.plugin] Invalid PhysX transform detected for /World/Stem/SmoothBranch_11.
2026-07-23 09:51:16 [12,596ms] [Warning] [omni.physx.plugin] Invalid PhysX transform detected for /World/Stem/SmoothBranch_12.
2026-07-23 09:51:16 [12,596ms] [Warning] [omni.physx.plugin] Invalid PhysX transform detected for /World/Stem/SmoothBranch_13.
2026-07-23 09:51:16 [12,596ms] [Warning] [omni.physx.plugin] Invalid PhysX transform detected for /World/Stem/SmoothBranch_14.
2026-07-23 09:51:16 [12,596ms] [Warning] [omni.physx.plugin] Invalid PhysX transform detected for /World/Stem/SmoothBranch_15.
2026-07-23 09:51:16 [12,596ms] [Warning] [omni.physx.plugin] Invalid PhysX transform detected for /World/Stem/SmoothBranch_16.
2026-07-23 09:51:16 [12,596ms] [Warning] [omni.physx.plugin] Invalid PhysX transform detected for /World/Stem/SmoothBranch_17.
2026-07-23 09:51:16 [12,596ms] [Warning] [omni.physx.plugin] Invalid PhysX transform detected for /World/Stem/SmoothBranch_18.
2026-07-23 09:51:16 [12,596ms] [Warning] [omni.physx.plugin] Invalid PhysX transform detected for /World/Stem/SmoothBranch_19.
2026-07-23 09:51:16 [12,596ms] [Warning] [omni.physx.plugin] Invalid PhysX transform detected for /World/Stem/SmoothBranch_20.
2026-07-23 09:51:16 [12,596ms] [Warning] [omni.physx.plugin] Invalid PhysX transform detected for /World/Stem/SmoothBranch_21.
2026-07-23 09:51:16 [12,596ms] [Warning] [omni.physx.plugin] Invalid PhysX transform detected for /World/Stem/SmoothBranch_22.
2026-07-23 09:51:16 [12,596ms] [Warning] [omni.physx.plugin] Invalid PhysX transform detected for /World/Stem/SmoothBranch_23.
2026-07-23 09:51:16 [12,596ms] [Warning] [omni.physx.plugin] Invalid PhysX transform detected for /World/Stem/SmoothBranch_24.
2026-07-23 09:51:16 [12,596ms] [Warning] [omni.physx.plugin] Invalid PhysX transform detected for /World/Stem/Fruit_Smooth_base.
2026-07-23 09:51:16 [12,596ms] [Warning] [omni.physx.plugin] Invalid PhysX transform detected for /World/Stem/Fruit_Smooth_tip.
2026-07-23 09:51:16 [12,596ms] [Warning] [omni.physx.plugin] Invalid PhysX transform detected for /World/Stem/Fruit_Smooth.
2026-07-23 09:51:16 [12,606ms] [Warning] [omni.physx.plugin] Invalid PhysX transform detected for /World/Stem/SmoothBranch_00.
2026-07-23 09:51:16 [12,606ms] [Warning] [omni.physx.plugin] Invalid PhysX transform detected for /World/Stem/SmoothBranch_01.
2026-07-23 09:51:16 [12,606ms] [Warning] [omni.physx.plugin] Invalid PhysX transform detected for /World/Stem/SmoothBranch_02.
2026-07-23 09:51:16 [12,606ms] [Warning] [omni.physx.plugin] Invalid PhysX transform detected for /World/Stem/SmoothBranch_03.
2026-07-23 09:51:16 [12,606ms] [Warning] [omni.physx.plugin] Invalid PhysX transform detected for /World/Stem/SmoothBranch_04.
2026-07-23 09:51:16 [12,606ms] [Warning] [omni.physx.plugin] Invalid PhysX transform detected for /World/Stem/SmoothBranch_05.
2026-07-23 09:51:16 [12,606ms] [Warning] [omni.physx.plugin] Invalid PhysX transform detected for /World/Stem/SmoothBranch_06.
2026-07-23 09:51:16 [12,606ms] [Warning] [omni.physx.plugin] Invalid PhysX transform detected for /World/Stem/SmoothBranch_07.
2026-07-23 09:51:16 [12,606ms] [Warning] [omni.physx.plugin] Invalid PhysX transform detected for /World/Stem/SmoothBranch_08.
2026-07-23 09:51:16 [12,606ms] [Warning] [omni.physx.plugin] Invalid PhysX transform detected for /World/Stem/SmoothBranch_09.
2026-07-23 09:51:16 [12,606ms] [Warning] [omni.physx.plugin] Invalid PhysX transform detected for /World/Stem/SmoothBranch_10.
2026-07-23 09:51:16 [12,606ms] [Warning] [omni.physx.plugin] Invalid PhysX transform detected for /World/Stem/SmoothBranch_11.
2026-07-23 09:51:16 [12,606ms] [Warning] [omni.physx.plugin] Invalid PhysX transform detected for /World/Stem/SmoothBranch_12.
2026-07-23 09:51:16 [12,606ms] [Warning] [omni.physx.plugin] Invalid PhysX transform detected for /World/Stem/SmoothBranch_13.
2026-07-23 09:51:16 [12,606ms] [Warning] [omni.physx.plugin] Invalid PhysX transform detected for /World/Stem/SmoothBranch_14.
2026-07-23 09:51:16 [12,606ms] [Warning] [omni.physx.plugin] Invalid PhysX transform detected for /World/Stem/SmoothBranch_15.
2026-07-23 09:51:16 [12,606ms] [Warning] [omni.physx.plugin] Invalid PhysX transform detected for /World/Stem/SmoothBranch_16.
2026-07-23 09:51:16 [12,606ms] [Warning] [omni.physx.plugin] Invalid PhysX transform detected for /World/Stem/SmoothBranch_17.
2026-07-23 09:51:16 [12,606ms] [Warning] [omni.physx.plugin] Invalid PhysX transform detected for /World/Stem/SmoothBranch_18.
2026-07-23 09:51:16 [12,606ms] [Warning] [omni.physx.plugin] Invalid PhysX transform detected for /World/Stem/SmoothBranch_19.
2026-07-23 09:51:16 [12,606ms] [Warning] [omni.physx.plugin] Invalid PhysX transform detected for /World/Stem/SmoothBranch_20.
2026-07-23 09:51:16 [12,606ms] [Warning] [omni.physx.plugin] Invalid PhysX transform detected for /World/Stem/SmoothBranch_21.
2026-07-23 09:51:16 [12,606ms] [Warning] [omni.physx.plugin] Invalid PhysX transform detected for /World/Stem/SmoothBranch_22.
2026-07-23 09:51:16 [12,606ms] [Warning] [omni.physx.plugin] Invalid PhysX transform detected for /World/Stem/SmoothBranch_23.
2026-07-23 09:51:16 [12,606ms] [Warning] [omni.physx.plugin] Invalid PhysX transform detected for /World/Stem/SmoothBranch_24.
2026-07-23 09:51:16 [12,606ms] [Warning] [omni.physx.plugin] Invalid PhysX transform detected for /World/Stem/Fruit_Smooth_base.
2026-07-23 09:51:16 [12,606ms] [Warning] [omni.physx.plugin] Invalid PhysX transform detected for /World/Stem/Fruit_Smooth_tip.
2026-07-23 09:51:16 [12,606ms] [Warning] [omni.physx.plugin] Invalid PhysX transform detected for /World/Stem/Fruit_Smooth.
2026-07-23 09:51:16 [12,617ms] [Warning] [omni.physx.plugin] Invalid PhysX transform detected for /World/Stem/SmoothBranch_00.
2026-07-23 09:51:16 [12,617ms] [Warning] [omni.physx.plugin] Invalid PhysX transform detected for /World/Stem/SmoothBranch_01.
2026-07-23 09:51:16 [12,617ms] [Warning] [omni.physx.plugin] Invalid PhysX transform detected for /World/Stem/SmoothBranch_02.
2026-07-23 09:51:16 [12,617ms] [Warning] [omni.physx.plugin] Invalid PhysX transform detected for /World/Stem/SmoothBranch_03.
2026-07-23 09:51:16 [12,617ms] [Warning] [omni.physx.plugin] Invalid PhysX transform detected for /World/Stem/SmoothBranch_04.
2026-07-23 09:51:16 [12,617ms] [Warning] [omni.physx.plugin] Invalid PhysX transform detected for /World/Stem/SmoothBranch_05.
2026-07-23 09:51:16 [12,617ms] [Warning] [omni.physx.plugin] Invalid PhysX transform detected for /World/Stem/SmoothBranch_06.
2026-07-23 09:51:16 [12,617ms] [Warning] [omni.physx.plugin] Invalid PhysX transform detected for /World/Stem/SmoothBranch_07.
2026-07-23 09:51:16 [12,617ms] [Warning] [omni.physx.plugin] Invalid PhysX transform detected for /World/Stem/SmoothBranch_08.
2026-07-23 09:51:16 [12,617ms] [Warning] [omni.physx.plugin] Invalid PhysX transform detected for /World/Stem/SmoothBranch_09.
2026-07-23 09:51:16 [12,617ms] [Warning] [omni.physx.plugin] Invalid PhysX transform detected for /World/Stem/SmoothBranch_10.
2026-07-23 09:51:16 [12,617ms] [Warning] [omni.physx.plugin] Invalid PhysX transform detected for /World/Stem/SmoothBranch_11.
2026-07-23 09:51:16 [12,617ms] [Warning] [omni.physx.plugin] Invalid PhysX transform detected for /World/Stem/SmoothBranch_12.
2026-07-23 09:51:16 [12,617ms] [Warning] [omni.physx.plugin] Invalid PhysX transform detected for /World/Stem/SmoothBranch_13.
2026-07-23 09:51:16 [12,617ms] [Warning] [omni.physx.plugin] Invalid PhysX transform detected for /World/Stem/SmoothBranch_14.
2026-07-23 09:51:16 [12,617ms] [Warning] [omni.physx.plugin] Invalid PhysX transform detected for /World/Stem/SmoothBranch_15.
2026-07-23 09:51:16 [12,617ms] [Warning] [omni.physx.plugin] Invalid PhysX transform detected for /World/Stem/SmoothBranch_16.
2026-07-23 09:51:16 [12,617ms] [Warning] [omni.physx.plugin] Invalid PhysX transform detected for /World/Stem/SmoothBranch_17.
2026-07-23 09:51:16 [12,617ms] [Warning] [omni.physx.plugin] Invalid PhysX transform detected for /World/Stem/SmoothBranch_18.
2026-07-23 09:51:16 [12,617ms] [Warning] [omni.physx.plugin] Invalid PhysX transform detected for /World/Stem/SmoothBranch_19.
2026-07-23 09:51:16 [12,617ms] [Warning] [omni.physx.plugin] Invalid PhysX transform detected for /World/Stem/SmoothBranch_20.
2026-07-23 09:51:16 [12,617ms] [Warning] [omni.physx.plugin] Invalid PhysX transform detected for /World/Stem/SmoothBranch_21.
2026-07-23 09:51:16 [12,617ms] [Warning] [omni.physx.plugin] Invalid PhysX transform detected for /World/Stem/SmoothBranch_22.
2026-07-23 09:51:16 [12,617ms] [Warning] [omni.physx.plugin] Invalid PhysX transform detected for /World/Stem/SmoothBranch_23.
2026-07-23 09:51:16 [12,617ms] [Warning] [omni.physx.plugin] Invalid PhysX transform detected for /World/Stem/SmoothBranch_24.
2026-07-23 09:51:16 [12,617ms] [Warning] [omni.physx.plugin] Invalid PhysX transform detected for /World/Stem/Fruit_Smooth_base.
2026-07-23 09:51:16 [12,617ms] [Warning] [omni.physx.plugin] Invalid PhysX transform detected for /World/Stem/Fruit_Smooth_tip.
2026-07-23 09:51:16 [12,617ms] [Warning] [omni.physx.plugin] Invalid PhysX transform detected for /World/Stem/Fruit_Smooth.
2026-07-23 09:51:16 [12,628ms] [Warning] [omni.physx.plugin] Invalid PhysX transform detected for /World/Stem/SmoothBranch_00.
2026-07-23 09:51:16 [12,628ms] [Warning] [omni.physx.plugin] Invalid PhysX transform detected for /World/Stem/SmoothBranch_01.
2026-07-23 09:51:16 [12,628ms] [Warning] [omni.physx.plugin] Invalid PhysX transform detected for /World/Stem/SmoothBranch_02.
2026-07-23 09:51:16 [12,628ms] [Warning] [omni.physx.plugin] Invalid PhysX transform detected for /World/Stem/SmoothBranch_03.
2026-07-23 09:51:16 [12,628ms] [Warning] [omni.physx.plugin] Invalid PhysX transform detected for /World/Stem/SmoothBranch_04.
2026-07-23 09:51:16 [12,628ms] [Warning] [omni.physx.plugin] Invalid PhysX transform detected for /World/Stem/SmoothBranch_05.
2026-07-23 09:51:16 [12,628ms] [Warning] [omni.physx.plugin] Invalid PhysX transform detected for /World/Stem/SmoothBranch_06.
2026-07-23 09:51:16 [12,628ms] [Warning] [omni.physx.plugin] Invalid PhysX transform detected for /World/Stem/SmoothBranch_07.
2026-07-23 09:51:16 [12,628ms] [Warning] [omni.physx.plugin] Invalid PhysX transform detected for /World/Stem/SmoothBranch_08.
2026-07-23 09:51:16 [12,628ms] [Warning] [omni.physx.plugin] Invalid PhysX transform detected for /World/Stem/SmoothBranch_09.
2026-07-23 09:51:16 [12,629ms] [Warning] [omni.physx.plugin] Invalid PhysX transform detected for /World/Stem/SmoothBranch_10.
2026-07-23 09:51:16 [12,629ms] [Warning] [omni.physx.plugin] Invalid PhysX transform detected for /World/Stem/SmoothBranch_11.
2026-07-23 09:51:16 [12,629ms] [Warning] [omni.physx.plugin] Invalid PhysX transform detected for /World/Stem/SmoothBranch_12.
2026-07-23 09:51:16 [12,629ms] [Warning] [omni.physx.plugin] Invalid PhysX transform detected for /World/Stem/SmoothBranch_13.
2026-07-23 09:51:16 [12,629ms] [Warning] [omni.physx.plugin] Invalid PhysX transform detected for /World/Stem/SmoothBranch_14.
2026-07-23 09:51:16 [12,629ms] [Warning] [omni.physx.plugin] Invalid PhysX transform detected for /World/Stem/SmoothBranch_15.
2026-07-23 09:51:16 [12,629ms] [Warning] [omni.physx.plugin] Invalid PhysX transform detected for /World/Stem/SmoothBranch_16.
2026-07-23 09:51:16 [12,629ms] [Warning] [omni.physx.plugin] Invalid PhysX transform detected for /World/Stem/SmoothBranch_17.
2026-07-23 09:51:16 [12,629ms] [Warning] [omni.physx.plugin] Invalid PhysX transform detected for /World/Stem/SmoothBranch_18.
2026-07-23 09:51:16 [12,629ms] [Warning] [omni.physx.plugin] Invalid PhysX transform detected for /World/Stem/SmoothBranch_19.
2026-07-23 09:51:16 [12,629ms] [Warning] [omni.physx.plugin] Invalid PhysX transform detected for /World/Stem/SmoothBranch_20.
2026-07-23 09:51:16 [12,629ms] [Warning] [omni.physx.plugin] Invalid PhysX transform detected for /World/Stem/SmoothBranch_21.
2026-07-23 09:51:16 [12,629ms] [Warning] [omni.physx.plugin] Invalid PhysX transform detected for /World/Stem/SmoothBranch_22.
2026-07-23 09:51:16 [12,629ms] [Warning] [omni.physx.plugin] Invalid PhysX transform detected for /World/Stem/SmoothBranch_23.
2026-07-23 09:51:16 [12,629ms] [Warning] [omni.physx.plugin] Invalid PhysX transform detected for /World/Stem/SmoothBranch_24.
2026-07-23 09:51:16 [12,629ms] [Warning] [omni.physx.plugin] Invalid PhysX transform detected for /World/Stem/Fruit_Smooth_base.
2026-07-23 09:51:16 [12,629ms] [Warning] [omni.physx.plugin] Invalid PhysX transform detected for /World/Stem/Fruit_Smooth_tip.
2026-07-23 09:51:16 [12,629ms] [Warning] [omni.physx.plugin] Invalid PhysX transform detected for /World/Stem/Fruit_Smooth.
2026-07-23 09:51:16 [12,639ms] [Warning] [omni.physx.plugin] Invalid PhysX transform detected for /World/Stem/SmoothBranch_00.
2026-07-23 09:51:16 [12,639ms] [Warning] [omni.physx.plugin] Invalid PhysX transform detected for /World/Stem/SmoothBranch_01.
2026-07-23 09:51:16 [12,639ms] [Warning] [omni.physx.plugin] Invalid PhysX transform detected for /World/Stem/SmoothBranch_02.
2026-07-23 09:51:16 [12,639ms] [Warning] [omni.physx.plugin] Invalid PhysX transform detected for /World/Stem/SmoothBranch_03.
2026-07-23 09:51:16 [12,639ms] [Warning] [omni.physx.plugin] Invalid PhysX transform detected for /World/Stem/SmoothBranch_04.
2026-07-23 09:51:16 [12,639ms] [Warning] [omni.physx.plugin] Invalid PhysX transform detected for /World/Stem/SmoothBranch_05.
2026-07-23 09:51:16 [12,639ms] [Warning] [omni.physx.plugin] Invalid PhysX transform detected for /World/Stem/SmoothBranch_06.
2026-07-23 09:51:16 [12,639ms] [Warning] [omni.physx.plugin] Invalid PhysX transform detected for /World/Stem/SmoothBranch_07.
2026-07-23 09:51:16 [12,639ms] [Warning] [omni.physx.plugin] Invalid PhysX transform detected for /World/Stem/SmoothBranch_08.
2026-07-23 09:51:16 [12,639ms] [Warning] [omni.physx.plugin] Invalid PhysX transform detected for /World/Stem/SmoothBranch_09.
2026-07-23 09:51:16 [12,639ms] [Warning] [omni.physx.plugin] Invalid PhysX transform detected for /World/Stem/SmoothBranch_10.
2026-07-23 09:51:16 [12,639ms] [Warning] [omni.physx.plugin] Invalid PhysX transform detected for /World/Stem/SmoothBranch_11.
2026-07-23 09:51:16 [12,639ms] [Warning] [omni.physx.plugin] Invalid PhysX transform detected for /World/Stem/SmoothBranch_12.
2026-07-23 09:51:16 [12,639ms] [Warning] [omni.physx.plugin] Invalid PhysX transform detected for /World/Stem/SmoothBranch_13.
2026-07-23 09:51:16 [12,639ms] [Warning] [omni.physx.plugin] Invalid PhysX transform detected for /World/Stem/SmoothBranch_14.
2026-07-23 09:51:16 [12,639ms] [Warning] [omni.physx.plugin] Invalid PhysX transform detected for /World/Stem/SmoothBranch_15.
2026-07-23 09:51:16 [12,639ms] [Warning] [omni.physx.plugin] Invalid PhysX transform detected for /World/Stem/SmoothBranch_16.
2026-07-23 09:51:16 [12,639ms] [Warning] [omni.physx.plugin] Invalid PhysX transform detected for /World/Stem/SmoothBranch_17.
2026-07-23 09:51:16 [12,639ms] [Warning] [omni.physx.plugin] Invalid PhysX transform detected for /World/Stem/SmoothBranch_18.
2026-07-23 09:51:16 [12,639ms] [Warning] [omni.physx.plugin] Invalid PhysX transform detected for /World/Stem/SmoothBranch_19.
2026-07-23 09:51:16 [12,639ms] [Warning] [omni.physx.plugin] Invalid PhysX transform detected for /World/Stem/SmoothBranch_20.
2026-07-23 09:51:16 [12,639ms] [Warning] [omni.physx.plugin] Invalid PhysX transform detected for /World/Stem/SmoothBranch_21.
2026-07-23 09:51:16 [12,639ms] [Warning] [omni.physx.plugin] Invalid PhysX transform detected for /World/Stem/SmoothBranch_22.
2026-07-23 09:51:16 [12,639ms] [Warning] [omni.physx.plugin] Invalid PhysX transform detected for /World/Stem/SmoothBranch_23.
2026-07-23 09:51:16 [12,639ms] [Warning] [omni.physx.plugin] Invalid PhysX transform detected for /World/Stem/SmoothBranch_24.
2026-07-23 09:51:16 [12,639ms] [Warning] [omni.physx.plugin] Invalid PhysX transform detected for /World/Stem/Fruit_Smooth_base.
2026-07-23 09:51:16 [12,639ms] [Warning] [omni.physx.plugin] Invalid PhysX transform detected for /World/Stem/Fruit_Smooth_tip.
2026-07-23 09:51:16 [12,639ms] [Warning] [omni.physx.plugin] Invalid PhysX transform detected for /World/Stem/Fruit_Smooth.
2026-07-23 09:51:16 [12,650ms] [Warning] [omni.physx.plugin] Invalid PhysX transform detected for /World/Stem/SmoothBranch_00.
2026-07-23 09:51:16 [12,650ms] [Warning] [omni.physx.plugin] Invalid PhysX transform detected for /World/Stem/SmoothBranch_01.
2026-07-23 09:51:16 [12,650ms] [Warning] [omni.physx.plugin] Invalid PhysX transform detected for /World/Stem/SmoothBranch_02.
2026-07-23 09:51:16 [12,650ms] [Warning] [omni.physx.plugin] Invalid PhysX transform detected for /World/Stem/SmoothBranch_03.
2026-07-23 09:51:16 [12,650ms] [Warning] [omni.physx.plugin] Invalid PhysX transform detected for /World/Stem/SmoothBranch_04.
2026-07-23 09:51:16 [12,650ms] [Warning] [omni.physx.plugin] Invalid PhysX transform detected for /World/Stem/SmoothBranch_05.
2026-07-23 09:51:16 [12,650ms] [Warning] [omni.physx.plugin] Invalid PhysX transform detected for /World/Stem/SmoothBranch_06.
2026-07-23 09:51:16 [12,650ms] [Warning] [omni.physx.plugin] Invalid PhysX transform detected for /World/Stem/SmoothBranch_07.
2026-07-23 09:51:16 [12,650ms] [Warning] [omni.physx.plugin] Invalid PhysX transform detected for /World/Stem/SmoothBranch_08.
2026-07-23 09:51:16 [12,650ms] [Warning] [omni.physx.plugin] Invalid PhysX transform detected for /World/Stem/SmoothBranch_09.
2026-07-23 09:51:16 [12,650ms] [Warning] [omni.physx.plugin] Invalid PhysX transform detected for /World/Stem/SmoothBranch_10.
2026-07-23 09:51:16 [12,650ms] [Warning] [omni.physx.plugin] Invalid PhysX transform detected for /World/Stem/SmoothBranch_11.
2026-07-23 09:51:16 [12,650ms] [Warning] [omni.physx.plugin] Invalid PhysX transform detected for /World/Stem/SmoothBranch_12.
2026-07-23 09:51:16 [12,650ms] [Warning] [omni.physx.plugin] Invalid PhysX transform detected for /World/Stem/SmoothBranch_13.
2026-07-23 09:51:16 [12,650ms] [Warning] [omni.physx.plugin] Invalid PhysX transform detected for /World/Stem/SmoothBranch_14.
2026-07-23 09:51:16 [12,650ms] [Warning] [omni.physx.plugin] Invalid PhysX transform detected for /World/Stem/SmoothBranch_15.
2026-07-23 09:51:16 [12,650ms] [Warning] [omni.physx.plugin] Invalid PhysX transform detected for /World/Stem/SmoothBranch_16.
2026-07-23 09:51:16 [12,650ms] [Warning] [omni.physx.plugin] Invalid PhysX transform detected for /World/Stem/SmoothBranch_17.
2026-07-23 09:51:16 [12,650ms] [Warning] [omni.physx.plugin] Invalid PhysX transform detected for /World/Stem/SmoothBranch_18.
2026-07-23 09:51:16 [12,650ms] [Warning] [omni.physx.plugin] Invalid PhysX transform detected for /World/Stem/SmoothBranch_19.
2026-07-23 09:51:16 [12,650ms] [Warning] [omni.physx.plugin] Invalid PhysX transform detected for /World/Stem/SmoothBranch_20.
2026-07-23 09:51:16 [12,650ms] [Warning] [omni.physx.plugin] Invalid PhysX transform detected for /World/Stem/SmoothBranch_21.
2026-07-23 09:51:16 [12,650ms] [Warning] [omni.physx.plugin] Invalid PhysX transform detected for /World/Stem/SmoothBranch_22.
2026-07-23 09:51:16 [12,650ms] [Warning] [omni.physx.plugin] Invalid PhysX transform detected for /World/Stem/SmoothBranch_23.
2026-07-23 09:51:16 [12,650ms] [Warning] [omni.physx.plugin] Invalid PhysX transform detected for /World/Stem/SmoothBranch_24.
2026-07-23 09:51:16 [12,650ms] [Warning] [omni.physx.plugin] Invalid PhysX transform detected for /World/Stem/Fruit_Smooth_base.
2026-07-23 09:51:16 [12,650ms] [Warning] [omni.physx.plugin] Invalid PhysX transform detected for /World/Stem/Fruit_Smooth_tip.
2026-07-23 09:51:16 [12,650ms] [Warning] [omni.physx.plugin] Invalid PhysX transform detected for /World/Stem/Fruit_Smooth.
2026-07-23 09:51:16 [12,660ms] [Warning] [omni.physx.plugin] Invalid PhysX transform detected for /World/Stem/SmoothBranch_00.
2026-07-23 09:51:16 [12,660ms] [Warning] [omni.physx.plugin] Invalid PhysX transform detected for /World/Stem/SmoothBranch_01.
2026-07-23 09:51:16 [12,660ms] [Warning] [omni.physx.plugin] Invalid PhysX transform detected for /World/Stem/SmoothBranch_02.
2026-07-23 09:51:16 [12,660ms] [Warning] [omni.physx.plugin] Invalid PhysX transform detected for /World/Stem/SmoothBranch_03.
2026-07-23 09:51:16 [12,660ms] [Warning] [omni.physx.plugin] Invalid PhysX transform detected for /World/Stem/SmoothBranch_04.
2026-07-23 09:51:16 [12,660ms] [Warning] [omni.physx.plugin] Invalid PhysX transform detected for /World/Stem/SmoothBranch_05.
2026-07-23 09:51:16 [12,660ms] [Warning] [omni.physx.plugin] Invalid PhysX transform detected for /World/Stem/SmoothBranch_06.
2026-07-23 09:51:16 [12,660ms] [Warning] [omni.physx.plugin] Invalid PhysX transform detected for /World/Stem/SmoothBranch_07.
2026-07-23 09:51:16 [12,660ms] [Warning] [omni.physx.plugin] Invalid PhysX transform detected for /World/Stem/SmoothBranch_08.
2026-07-23 09:51:16 [12,660ms] [Warning] [omni.physx.plugin] Invalid PhysX transform detected for /World/Stem/SmoothBranch_09.
2026-07-23 09:51:16 [12,660ms] [Warning] [omni.physx.plugin] Invalid PhysX transform detected for /World/Stem/SmoothBranch_10.
2026-07-23 09:51:16 [12,660ms] [Warning] [omni.physx.plugin] Invalid PhysX transform detected for /World/Stem/SmoothBranch_11.
2026-07-23 09:51:16 [12,660ms] [Warning] [omni.physx.plugin] Invalid PhysX transform detected for /World/Stem/SmoothBranch_12.
2026-07-23 09:51:16 [12,660ms] [Warning] [omni.physx.plugin] Invalid PhysX transform detected for /World/Stem/SmoothBranch_13.
2026-07-23 09:51:16 [12,660ms] [Warning] [omni.physx.plugin] Invalid PhysX transform detected for /World/Stem/SmoothBranch_14.
2026-07-23 09:51:16 [12,660ms] [Warning] [omni.physx.plugin] Invalid PhysX transform detected for /World/Stem/SmoothBranch_15.
2026-07-23 09:51:16 [12,660ms] [Warning] [omni.physx.plugin] Invalid PhysX transform detected for /World/Stem/SmoothBranch_16.
2026-07-23 09:51:16 [12,660ms] [Warning] [omni.physx.plugin] Invalid PhysX transform detected for /World/Stem/SmoothBranch_17.
2026-07-23 09:51:16 [12,660ms] [Warning] [omni.physx.plugin] Invalid PhysX transform detected for /World/Stem/SmoothBranch_18.
2026-07-23 09:51:16 [12,660ms] [Warning] [omni.physx.plugin] Invalid PhysX transform detected for /World/Stem/SmoothBranch_19.
2026-07-23 09:51:16 [12,660ms] [Warning] [omni.physx.plugin] Invalid PhysX transform detected for /World/Stem/SmoothBranch_20.
2026-07-23 09:51:16 [12,660ms] [Warning] [omni.physx.plugin] Invalid PhysX transform detected for /World/Stem/SmoothBranch_21.
2026-07-23 09:51:16 [12,660ms] [Warning] [omni.physx.plugin] Invalid PhysX transform detected for /World/Stem/SmoothBranch_22.
2026-07-23 09:51:16 [12,660ms] [Warning] [omni.physx.plugin] Invalid PhysX transform detected for /World/Stem/SmoothBranch_23.
2026-07-23 09:51:16 [12,660ms] [Warning] [omni.physx.plugin] Invalid PhysX transform detected for /World/Stem/SmoothBranch_24.
2026-07-23 09:51:16 [12,660ms] [Warning] [omni.physx.plugin] Invalid PhysX transform detected for /World/Stem/Fruit_Smooth_base.
2026-07-23 09:51:16 [12,661ms] [Warning] [omni.physx.plugin] Invalid PhysX transform detected for /World/Stem/Fruit_Smooth_tip.
2026-07-23 09:51:16 [12,661ms] [Warning] [omni.physx.plugin] Invalid PhysX transform detected for /World/Stem/Fruit_Smooth.
2026-07-23 09:51:16 [12,671ms] [Warning] [omni.physx.plugin] Invalid PhysX transform detected for /World/Stem/SmoothBranch_00.
2026-07-23 09:51:16 [12,671ms] [Warning] [omni.physx.plugin] Invalid PhysX transform detected for /World/Stem/SmoothBranch_01.
2026-07-23 09:51:16 [12,671ms] [Warning] [omni.physx.plugin] Invalid PhysX transform detected for /World/Stem/SmoothBranch_02.
2026-07-23 09:51:16 [12,671ms] [Warning] [omni.physx.plugin] Invalid PhysX transform detected for /World/Stem/SmoothBranch_03.
2026-07-23 09:51:16 [12,671ms] [Warning] [omni.physx.plugin] Invalid PhysX transform detected for /World/Stem/SmoothBranch_04.
2026-07-23 09:51:16 [12,671ms] [Warning] [omni.physx.plugin] Invalid PhysX transform detected for /World/Stem/SmoothBranch_05.
2026-07-23 09:51:16 [12,671ms] [Warning] [omni.physx.plugin] Invalid PhysX transform detected for /World/Stem/SmoothBranch_06.
2026-07-23 09:51:16 [12,671ms] [Warning] [omni.physx.plugin] Invalid PhysX transform detected for /World/Stem/SmoothBranch_07.
2026-07-23 09:51:16 [12,671ms] [Warning] [omni.physx.plugin] Invalid PhysX transform detected for /World/Stem/SmoothBranch_08.
2026-07-23 09:51:16 [12,671ms] [Warning] [omni.physx.plugin] Invalid PhysX transform detected for /World/Stem/SmoothBranch_09.
2026-07-23 09:51:16 [12,671ms] [Warning] [omni.physx.plugin] Invalid PhysX transform detected for /World/Stem/SmoothBranch_10.
2026-07-23 09:51:16 [12,671ms] [Warning] [omni.physx.plugin] Invalid PhysX transform detected for /World/Stem/SmoothBranch_11.
2026-07-23 09:51:16 [12,671ms] [Warning] [omni.physx.plugin] Invalid PhysX transform detected for /World/Stem/SmoothBranch_12.
2026-07-23 09:51:16 [12,671ms] [Warning] [omni.physx.plugin] Invalid PhysX transform detected for /World/Stem/SmoothBranch_13.
2026-07-23 09:51:16 [12,671ms] [Warning] [omni.physx.plugin] Invalid PhysX transform detected for /World/Stem/SmoothBranch_14.
2026-07-23 09:51:16 [12,671ms] [Warning] [omni.physx.plugin] Invalid PhysX transform detected for /World/Stem/SmoothBranch_15.
2026-07-23 09:51:16 [12,671ms] [Warning] [omni.physx.plugin] Invalid PhysX transform detected for /World/Stem/SmoothBranch_16.
2026-07-23 09:51:16 [12,671ms] [Warning] [omni.physx.plugin] Invalid PhysX transform detected for /World/Stem/SmoothBranch_17.
2026-07-23 09:51:16 [12,671ms] [Warning] [omni.physx.plugin] Invalid PhysX transform detected for /World/Stem/SmoothBranch_18.
2026-07-23 09:51:16 [12,671ms] [Warning] [omni.physx.plugin] Invalid PhysX transform detected for /World/Stem/SmoothBranch_19.
2026-07-23 09:51:16 [12,671ms] [Warning] [omni.physx.plugin] Invalid PhysX transform detected for /World/Stem/SmoothBranch_20.
2026-07-23 09:51:16 [12,671ms] [Warning] [omni.physx.plugin] Invalid PhysX transform detected for /World/Stem/SmoothBranch_21.
2026-07-23 09:51:16 [12,671ms] [Warning] [omni.physx.plugin] Invalid PhysX transform detected for /World/Stem/SmoothBranch_22.
2026-07-23 09:51:16 [12,671ms] [Warning] [omni.physx.plugin] Invalid PhysX transform detected for /World/Stem/SmoothBranch_23.
2026-07-23 09:51:16 [12,671ms] [Warning] [omni.physx.plugin] Invalid PhysX transform detected for /World/Stem/SmoothBranch_24.
2026-07-23 09:51:16 [12,671ms] [Warning] [omni.physx.plugin] Invalid PhysX transform detected for /World/Stem/Fruit_Smooth_base.
2026-07-23 09:51:16 [12,671ms] [Warning] [omni.physx.plugin] Invalid PhysX transform detected for /World/Stem/Fruit_Smooth_tip.
2026-07-23 09:51:16 [12,671ms] [Warning] [omni.physx.plugin] Invalid PhysX transform detected for /World/Stem/Fruit_Smooth.
2026-07-23 09:51:16 [12,682ms] [Warning] [omni.physx.plugin] Invalid PhysX transform detected for /World/Stem/SmoothBranch_00.
2026-07-23 09:51:16 [12,682ms] [Warning] [omni.physx.plugin] Invalid PhysX transform detected for /World/Stem/SmoothBranch_01.
2026-07-23 09:51:16 [12,682ms] [Warning] [omni.physx.plugin] Invalid PhysX transform detected for /World/Stem/SmoothBranch_02.
2026-07-23 09:51:16 [12,682ms] [Warning] [omni.physx.plugin] Invalid PhysX transform detected for /World/Stem/SmoothBranch_03.
2026-07-23 09:51:16 [12,682ms] [Warning] [omni.physx.plugin] Invalid PhysX transform detected for /World/Stem/SmoothBranch_04.
2026-07-23 09:51:16 [12,682ms] [Warning] [omni.physx.plugin] Invalid PhysX transform detected for /World/Stem/SmoothBranch_05.
2026-07-23 09:51:16 [12,682ms] [Warning] [omni.physx.plugin] Invalid PhysX transform detected for /World/Stem/SmoothBranch_06.
2026-07-23 09:51:16 [12,682ms] [Warning] [omni.physx.plugin] Invalid PhysX transform detected for /World/Stem/SmoothBranch_07.
2026-07-23 09:51:16 [12,682ms] [Warning] [omni.physx.plugin] Invalid PhysX transform detected for /World/Stem/SmoothBranch_08.
2026-07-23 09:51:16 [12,682ms] [Warning] [omni.physx.plugin] Invalid PhysX transform detected for /World/Stem/SmoothBranch_09.
2026-07-23 09:51:16 [12,682ms] [Warning] [omni.physx.plugin] Invalid PhysX transform detected for /World/Stem/SmoothBranch_10.
2026-07-23 09:51:16 [12,682ms] [Warning] [omni.physx.plugin] Invalid PhysX transform detected for /World/Stem/SmoothBranch_11.
2026-07-23 09:51:16 [12,682ms] [Warning] [omni.physx.plugin] Invalid PhysX transform detected for /World/Stem/SmoothBranch_12.
2026-07-23 09:51:16 [12,682ms] [Warning] [omni.physx.plugin] Invalid PhysX transform detected for /World/Stem/SmoothBranch_13.
2026-07-23 09:51:16 [12,682ms] [Warning] [omni.physx.plugin] Invalid PhysX transform detected for /World/Stem/SmoothBranch_14.
2026-07-23 09:51:16 [12,682ms] [Warning] [omni.physx.plugin] Invalid PhysX transform detected for /World/Stem/SmoothBranch_15.
2026-07-23 09:51:16 [12,682ms] [Warning] [omni.physx.plugin] Invalid PhysX transform detected for /World/Stem/SmoothBranch_16.
2026-07-23 09:51:16 [12,682ms] [Warning] [omni.physx.plugin] Invalid PhysX transform detected for /World/Stem/SmoothBranch_17.
2026-07-23 09:51:16 [12,682ms] [Warning] [omni.physx.plugin] Invalid PhysX transform detected for /World/Stem/SmoothBranch_18.
2026-07-23 09:51:16 [12,682ms] [Warning] [omni.physx.plugin] Invalid PhysX transform detected for /World/Stem/SmoothBranch_19.
2026-07-23 09:51:16 [12,682ms] [Warning] [omni.physx.plugin] Invalid PhysX transform detected for /World/Stem/SmoothBranch_20.
2026-07-23 09:51:16 [12,682ms] [Warning] [omni.physx.plugin] Invalid PhysX transform detected for /World/Stem/SmoothBranch_21.
2026-07-23 09:51:16 [12,682ms] [Warning] [omni.physx.plugin] Invalid PhysX transform detected for /World/Stem/SmoothBranch_22.
2026-07-23 09:51:16 [12,682ms] [Warning] [omni.physx.plugin] Invalid PhysX transform detected for /World/Stem/SmoothBranch_23.
2026-07-23 09:51:16 [12,682ms] [Warning] [omni.physx.plugin] Invalid PhysX transform detected for /World/Stem/SmoothBranch_24.
2026-07-23 09:51:16 [12,682ms] [Warning] [omni.physx.plugin] Invalid PhysX transform detected for /World/Stem/Fruit_Smooth_base.
2026-07-23 09:51:16 [12,682ms] [Warning] [omni.physx.plugin] Invalid PhysX transform detected for /World/Stem/Fruit_Smooth_tip.
2026-07-23 09:51:16 [12,682ms] [Warning] [omni.physx.plugin] Invalid PhysX transform detected for /World/Stem/Fruit_Smooth.
2026-07-23 09:51:16 [12,692ms] [Warning] [omni.physx.plugin] Invalid PhysX transform detected for /World/Stem/SmoothBranch_00.
2026-07-23 09:51:16 [12,692ms] [Warning] [omni.physx.plugin] Invalid PhysX transform detected for /World/Stem/SmoothBranch_01.
2026-07-23 09:51:16 [12,692ms] [Warning] [omni.physx.plugin] Invalid PhysX transform detected for /World/Stem/SmoothBranch_02.
2026-07-23 09:51:16 [12,692ms] [Warning] [omni.physx.plugin] Invalid PhysX transform detected for /World/Stem/SmoothBranch_03.
2026-07-23 09:51:16 [12,692ms] [Warning] [omni.physx.plugin] Invalid PhysX transform detected for /World/Stem/SmoothBranch_04.
2026-07-23 09:51:16 [12,692ms] [Warning] [omni.physx.plugin] Invalid PhysX transform detected for /World/Stem/SmoothBranch_05.
2026-07-23 09:51:16 [12,692ms] [Warning] [omni.physx.plugin] Invalid PhysX transform detected for /World/Stem/SmoothBranch_06.
2026-07-23 09:51:16 [12,692ms] [Warning] [omni.physx.plugin] Invalid PhysX transform detected for /World/Stem/SmoothBranch_07.
2026-07-23 09:51:16 [12,692ms] [Warning] [omni.physx.plugin] Invalid PhysX transform detected for /World/Stem/SmoothBranch_08.
2026-07-23 09:51:16 [12,692ms] [Warning] [omni.physx.plugin] Invalid PhysX transform detected for /World/Stem/SmoothBranch_09.
2026-07-23 09:51:16 [12,692ms] [Warning] [omni.physx.plugin] Invalid PhysX transform detected for /World/Stem/SmoothBranch_10.
2026-07-23 09:51:16 [12,692ms] [Warning] [omni.physx.plugin] Invalid PhysX transform detected for /World/Stem/SmoothBranch_11.
2026-07-23 09:51:16 [12,692ms] [Warning] [omni.physx.plugin] Invalid PhysX transform detected for /World/Stem/SmoothBranch_12.
2026-07-23 09:51:16 [12,692ms] [Warning] [omni.physx.plugin] Invalid PhysX transform detected for /World/Stem/SmoothBranch_13.
2026-07-23 09:51:16 [12,692ms] [Warning] [omni.physx.plugin] Invalid PhysX transform detected for /World/Stem/SmoothBranch_14.
2026-07-23 09:51:16 [12,692ms] [Warning] [omni.physx.plugin] Invalid PhysX transform detected for /World/Stem/SmoothBranch_15.
2026-07-23 09:51:16 [12,692ms] [Warning] [omni.physx.plugin] Invalid PhysX transform detected for /World/Stem/SmoothBranch_16.
2026-07-23 09:51:16 [12,692ms] [Warning] [omni.physx.plugin] Invalid PhysX transform detected for /World/Stem/SmoothBranch_17.
2026-07-23 09:51:16 [12,692ms] [Warning] [omni.physx.plugin] Invalid PhysX transform detected for /World/Stem/SmoothBranch_18.
2026-07-23 09:51:16 [12,692ms] [Warning] [omni.physx.plugin] Invalid PhysX transform detected for /World/Stem/SmoothBranch_19.
2026-07-23 09:51:16 [12,692ms] [Warning] [omni.physx.plugin] Invalid PhysX transform detected for /World/Stem/SmoothBranch_20.
2026-07-23 09:51:16 [12,692ms] [Warning] [omni.physx.plugin] Invalid PhysX transform detected for /World/Stem/SmoothBranch_21.
2026-07-23 09:51:16 [12,692ms] [Warning] [omni.physx.plugin] Invalid PhysX transform detected for /World/Stem/SmoothBranch_22.
2026-07-23 09:51:16 [12,692ms] [Warning] [omni.physx.plugin] Invalid PhysX transform detected for /World/Stem/SmoothBranch_23.
2026-07-23 09:51:16 [12,692ms] [Warning] [omni.physx.plugin] Invalid PhysX transform detected for /World/Stem/SmoothBranch_24.
2026-07-23 09:51:16 [12,692ms] [Warning] [omni.physx.plugin] Invalid PhysX transform detected for /World/Stem/Fruit_Smooth_base.
2026-07-23 09:51:16 [12,692ms] [Warning] [omni.physx.plugin] Invalid PhysX transform detected for /World/Stem/Fruit_Smooth_tip.
2026-07-23 09:51:16 [12,692ms] [Warning] [omni.physx.plugin] Invalid PhysX transform detected for /World/Stem/Fruit_Smooth.
2026-07-23 09:51:16 [12,703ms] [Warning] [omni.physx.plugin] Invalid PhysX transform detected for /World/Stem/SmoothBranch_00.
2026-07-23 09:51:16 [12,703ms] [Warning] [omni.physx.plugin] Invalid PhysX transform detected for /World/Stem/SmoothBranch_01.
2026-07-23 09:51:16 [12,703ms] [Warning] [omni.physx.plugin] Invalid PhysX transform detected for /World/Stem/SmoothBranch_02.
2026-07-23 09:51:16 [12,703ms] [Warning] [omni.physx.plugin] Invalid PhysX transform detected for /World/Stem/SmoothBranch_03.
2026-07-23 09:51:16 [12,703ms] [Warning] [omni.physx.plugin] Invalid PhysX transform detected for /World/Stem/SmoothBranch_04.
2026-07-23 09:51:16 [12,703ms] [Warning] [omni.physx.plugin] Invalid PhysX transform detected for /World/Stem/SmoothBranch_05.
2026-07-23 09:51:16 [12,703ms] [Warning] [omni.physx.plugin] Invalid PhysX transform detected for /World/Stem/SmoothBranch_06.
2026-07-23 09:51:16 [12,703ms] [Warning] [omni.physx.plugin] Invalid PhysX transform detected for /World/Stem/SmoothBranch_07.
2026-07-23 09:51:16 [12,703ms] [Warning] [omni.physx.plugin] Invalid PhysX transform detected for /World/Stem/SmoothBranch_08.
2026-07-23 09:51:16 [12,703ms] [Warning] [omni.physx.plugin] Invalid PhysX transform detected for /World/Stem/SmoothBranch_09.
2026-07-23 09:51:16 [12,703ms] [Warning] [omni.physx.plugin] Invalid PhysX transform detected for /World/Stem/SmoothBranch_10.
2026-07-23 09:51:16 [12,703ms] [Warning] [omni.physx.plugin] Invalid PhysX transform detected for /World/Stem/SmoothBranch_11.
2026-07-23 09:51:16 [12,703ms] [Warning] [omni.physx.plugin] Invalid PhysX transform detected for /World/Stem/SmoothBranch_12.
2026-07-23 09:51:16 [12,703ms] [Warning] [omni.physx.plugin] Invalid PhysX transform detected for /World/Stem/SmoothBranch_13.
2026-07-23 09:51:16 [12,703ms] [Warning] [omni.physx.plugin] Invalid PhysX transform detected for /World/Stem/SmoothBranch_14.
2026-07-23 09:51:16 [12,703ms] [Warning] [omni.physx.plugin] Invalid PhysX transform detected for /World/Stem/SmoothBranch_15.
2026-07-23 09:51:16 [12,703ms] [Warning] [omni.physx.plugin] Invalid PhysX transform detected for /World/Stem/SmoothBranch_16.
2026-07-23 09:51:16 [12,703ms] [Warning] [omni.physx.plugin] Invalid PhysX transform detected for /World/Stem/SmoothBranch_17.
2026-07-23 09:51:16 [12,703ms] [Warning] [omni.physx.plugin] Invalid PhysX transform detected for /World/Stem/SmoothBranch_18.
2026-07-23 09:51:16 [12,703ms] [Warning] [omni.physx.plugin] Invalid PhysX transform detected for /World/Stem/SmoothBranch_19.
2026-07-23 09:51:16 [12,703ms] [Warning] [omni.physx.plugin] Invalid PhysX transform detected for /World/Stem/SmoothBranch_20.
2026-07-23 09:51:16 [12,703ms] [Warning] [omni.physx.plugin] Invalid PhysX transform detected for /World/Stem/SmoothBranch_21.
2026-07-23 09:51:16 [12,703ms] [Warning] [omni.physx.plugin] Invalid PhysX transform detected for /World/Stem/SmoothBranch_22.
2026-07-23 09:51:16 [12,703ms] [Warning] [omni.physx.plugin] Invalid PhysX transform detected for /World/Stem/SmoothBranch_23.
2026-07-23 09:51:16 [12,703ms] [Warning] [omni.physx.plugin] Invalid PhysX transform detected for /World/Stem/SmoothBranch_24.
2026-07-23 09:51:16 [12,703ms] [Warning] [omni.physx.plugin] Invalid PhysX transform detected for /World/Stem/Fruit_Smooth_base.
2026-07-23 09:51:16 [12,703ms] [Warning] [omni.physx.plugin] Invalid PhysX transform detected for /World/Stem/Fruit_Smooth_tip.
2026-07-23 09:51:16 [12,703ms] [Warning] [omni.physx.plugin] Invalid PhysX transform detected for /World/Stem/Fruit_Smooth.
2026-07-23 09:51:16 [12,714ms] [Warning] [omni.physx.plugin] Invalid PhysX transform detected for /World/Stem/SmoothBranch_00.
2026-07-23 09:51:16 [12,714ms] [Warning] [omni.physx.plugin] Invalid PhysX transform detected for /World/Stem/SmoothBranch_01.
2026-07-23 09:51:16 [12,714ms] [Warning] [omni.physx.plugin] Invalid PhysX transform detected for /World/Stem/SmoothBranch_02.
2026-07-23 09:51:16 [12,714ms] [Warning] [omni.physx.plugin] Invalid PhysX transform detected for /World/Stem/SmoothBranch_03.
2026-07-23 09:51:16 [12,714ms] [Warning] [omni.physx.plugin] Invalid PhysX transform detected for /World/Stem/SmoothBranch_04.
2026-07-23 09:51:16 [12,714ms] [Warning] [omni.physx.plugin] Invalid PhysX transform detected for /World/Stem/SmoothBranch_05.
2026-07-23 09:51:16 [12,714ms] [Warning] [omni.physx.plugin] Invalid PhysX transform detected for /World/Stem/SmoothBranch_06.
2026-07-23 09:51:16 [12,714ms] [Warning] [omni.physx.plugin] Invalid PhysX transform detected for /World/Stem/SmoothBranch_07.
2026-07-23 09:51:16 [12,714ms] [Warning] [omni.physx.plugin] Invalid PhysX transform detected for /World/Stem/SmoothBranch_08.
2026-07-23 09:51:16 [12,714ms] [Warning] [omni.physx.plugin] Invalid PhysX transform detected for /World/Stem/SmoothBranch_09.
2026-07-23 09:51:16 [12,714ms] [Warning] [omni.physx.plugin] Invalid PhysX transform detected for /World/Stem/SmoothBranch_10.
2026-07-23 09:51:16 [12,714ms] [Warning] [omni.physx.plugin] Invalid PhysX transform detected for /World/Stem/SmoothBranch_11.
2026-07-23 09:51:16 [12,714ms] [Warning] [omni.physx.plugin] Invalid PhysX transform detected for /World/Stem/SmoothBranch_12.
2026-07-23 09:51:16 [12,714ms] [Warning] [omni.physx.plugin] Invalid PhysX transform detected for /World/Stem/SmoothBranch_13.
2026-07-23 09:51:16 [12,714ms] [Warning] [omni.physx.plugin] Invalid PhysX transform detected for /World/Stem/SmoothBranch_14.
2026-07-23 09:51:16 [12,714ms] [Warning] [omni.physx.plugin] Invalid PhysX transform detected for /World/Stem/SmoothBranch_15.
2026-07-23 09:51:16 [12,714ms] [Warning] [omni.physx.plugin] Invalid PhysX transform detected for /World/Stem/SmoothBranch_16.
2026-07-23 09:51:16 [12,714ms] [Warning] [omni.physx.plugin] Invalid PhysX transform detected for /World/Stem/SmoothBranch_17.
2026-07-23 09:51:16 [12,714ms] [Warning] [omni.physx.plugin] Invalid PhysX transform detected for /World/Stem/SmoothBranch_18.
2026-07-23 09:51:16 [12,714ms] [Warning] [omni.physx.plugin] Invalid PhysX transform detected for /World/Stem/SmoothBranch_19.
2026-07-23 09:51:16 [12,714ms] [Warning] [omni.physx.plugin] Invalid PhysX transform detected for /World/Stem/SmoothBranch_20.
2026-07-23 09:51:16 [12,714ms] [Warning] [omni.physx.plugin] Invalid PhysX transform detected for /World/Stem/SmoothBranch_21.
2026-07-23 09:51:16 [12,714ms] [Warning] [omni.physx.plugin] Invalid PhysX transform detected for /World/Stem/SmoothBranch_22.
2026-07-23 09:51:16 [12,714ms] [Warning] [omni.physx.plugin] Invalid PhysX transform detected for /World/Stem/SmoothBranch_23.
2026-07-23 09:51:16 [12,714ms] [Warning] [omni.physx.plugin] Invalid PhysX transform detected for /World/Stem/SmoothBranch_24.
2026-07-23 09:51:16 [12,714ms] [Warning] [omni.physx.plugin] Invalid PhysX transform detected for /World/Stem/Fruit_Smooth_base.
2026-07-23 09:51:16 [12,714ms] [Warning] [omni.physx.plugin] Invalid PhysX transform detected for /World/Stem/Fruit_Smooth_tip.
2026-07-23 09:51:16 [12,714ms] [Warning] [omni.physx.plugin] Invalid PhysX transform detected for /World/Stem/Fruit_Smooth.
2026-07-23 09:51:16 [12,725ms] [Warning] [omni.physx.plugin] Invalid PhysX transform detected for /World/Stem/SmoothBranch_00.
2026-07-23 09:51:16 [12,725ms] [Warning] [omni.physx.plugin] Invalid PhysX transform detected for /World/Stem/SmoothBranch_01.
2026-07-23 09:51:16 [12,725ms] [Warning] [omni.physx.plugin] Invalid PhysX transform detected for /World/Stem/SmoothBranch_02.
2026-07-23 09:51:16 [12,725ms] [Warning] [omni.physx.plugin] Invalid PhysX transform detected for /World/Stem/SmoothBranch_03.
2026-07-23 09:51:16 [12,725ms] [Warning] [omni.physx.plugin] Invalid PhysX transform detected for /World/Stem/SmoothBranch_04.
2026-07-23 09:51:16 [12,725ms] [Warning] [omni.physx.plugin] Invalid PhysX transform detected for /World/Stem/SmoothBranch_05.
2026-07-23 09:51:16 [12,725ms] [Warning] [omni.physx.plugin] Invalid PhysX transform detected for /World/Stem/SmoothBranch_06.
2026-07-23 09:51:16 [12,725ms] [Warning] [omni.physx.plugin] Invalid PhysX transform detected for /World/Stem/SmoothBranch_07.
2026-07-23 09:51:16 [12,725ms] [Warning] [omni.physx.plugin] Invalid PhysX transform detected for /World/Stem/SmoothBranch_08.
2026-07-23 09:51:16 [12,725ms] [Warning] [omni.physx.plugin] Invalid PhysX transform detected for /World/Stem/SmoothBranch_09.
2026-07-23 09:51:16 [12,725ms] [Warning] [omni.physx.plugin] Invalid PhysX transform detected for /World/Stem/SmoothBranch_10.
2026-07-23 09:51:16 [12,725ms] [Warning] [omni.physx.plugin] Invalid PhysX transform detected for /World/Stem/SmoothBranch_11.
2026-07-23 09:51:16 [12,725ms] [Warning] [omni.physx.plugin] Invalid PhysX transform detected for /World/Stem/SmoothBranch_12.
2026-07-23 09:51:16 [12,725ms] [Warning] [omni.physx.plugin] Invalid PhysX transform detected for /World/Stem/SmoothBranch_13.
2026-07-23 09:51:16 [12,725ms] [Warning] [omni.physx.plugin] Invalid PhysX transform detected for /World/Stem/SmoothBranch_14.
2026-07-23 09:51:16 [12,725ms] [Warning] [omni.physx.plugin] Invalid PhysX transform detected for /World/Stem/SmoothBranch_15.
2026-07-23 09:51:16 [12,725ms] [Warning] [omni.physx.plugin] Invalid PhysX transform detected for /World/Stem/SmoothBranch_16.
2026-07-23 09:51:16 [12,725ms] [Warning] [omni.physx.plugin] Invalid PhysX transform detected for /World/Stem/SmoothBranch_17.
2026-07-23 09:51:16 [12,725ms] [Warning] [omni.physx.plugin] Invalid PhysX transform detected for /World/Stem/SmoothBranch_18.
2026-07-23 09:51:16 [12,725ms] [Warning] [omni.physx.plugin] Invalid PhysX transform detected for /World/Stem/SmoothBranch_19.
2026-07-23 09:51:16 [12,725ms] [Warning] [omni.physx.plugin] Invalid PhysX transform detected for /World/Stem/SmoothBranch_20.
2026-07-23 09:51:16 [12,725ms] [Warning] [omni.physx.plugin] Invalid PhysX transform detected for /World/Stem/SmoothBranch_21.
2026-07-23 09:51:16 [12,725ms] [Warning] [omni.physx.plugin] Invalid PhysX transform detected for /World/Stem/SmoothBranch_22.
2026-07-23 09:51:16 [12,725ms] [Warning] [omni.physx.plugin] Invalid PhysX transform detected for /World/Stem/SmoothBranch_23.
2026-07-23 09:51:16 [12,725ms] [Warning] [omni.physx.plugin] Invalid PhysX transform detected for /World/Stem/SmoothBranch_24.
2026-07-23 09:51:16 [12,725ms] [Warning] [omni.physx.plugin] Invalid PhysX transform detected for /World/Stem/Fruit_Smooth_base.
2026-07-23 09:51:16 [12,725ms] [Warning] [omni.physx.plugin] Invalid PhysX transform detected for /World/Stem/Fruit_Smooth_tip.
2026-07-23 09:51:16 [12,725ms] [Warning] [omni.physx.plugin] Invalid PhysX transform detected for /World/Stem/Fruit_Smooth.
2026-07-23 09:51:16 [12,735ms] [Warning] [omni.physx.plugin] Invalid PhysX transform detected for /World/Stem/SmoothBranch_00.
2026-07-23 09:51:16 [12,735ms] [Warning] [omni.physx.plugin] Invalid PhysX transform detected for /World/Stem/SmoothBranch_01.
2026-07-23 09:51:16 [12,735ms] [Warning] [omni.physx.plugin] Invalid PhysX transform detected for /World/Stem/SmoothBranch_02.
2026-07-23 09:51:16 [12,735ms] [Warning] [omni.physx.plugin] Invalid PhysX transform detected for /World/Stem/SmoothBranch_03.
2026-07-23 09:51:16 [12,735ms] [Warning] [omni.physx.plugin] Invalid PhysX transform detected for /World/Stem/SmoothBranch_04.
2026-07-23 09:51:16 [12,735ms] [Warning] [omni.physx.plugin] Invalid PhysX transform detected for /World/Stem/SmoothBranch_05.
2026-07-23 09:51:16 [12,735ms] [Warning] [omni.physx.plugin] Invalid PhysX transform detected for /World/Stem/SmoothBranch_06.
2026-07-23 09:51:16 [12,735ms] [Warning] [omni.physx.plugin] Invalid PhysX transform detected for /World/Stem/SmoothBranch_07.
2026-07-23 09:51:16 [12,735ms] [Warning] [omni.physx.plugin] Invalid PhysX transform detected for /World/Stem/SmoothBranch_08.
2026-07-23 09:51:16 [12,735ms] [Warning] [omni.physx.plugin] Invalid PhysX transform detected for /World/Stem/SmoothBranch_09.
2026-07-23 09:51:16 [12,735ms] [Warning] [omni.physx.plugin] Invalid PhysX transform detected for /World/Stem/SmoothBranch_10.
2026-07-23 09:51:16 [12,735ms] [Warning] [omni.physx.plugin] Invalid PhysX transform detected for /World/Stem/SmoothBranch_11.
2026-07-23 09:51:16 [12,735ms] [Warning] [omni.physx.plugin] Invalid PhysX transform detected for /World/Stem/SmoothBranch_12.
2026-07-23 09:51:16 [12,735ms] [Warning] [omni.physx.plugin] Invalid PhysX transform detected for /World/Stem/SmoothBranch_13.
2026-07-23 09:51:16 [12,735ms] [Warning] [omni.physx.plugin] Invalid PhysX transform detected for /World/Stem/SmoothBranch_14.
2026-07-23 09:51:16 [12,735ms] [Warning] [omni.physx.plugin] Invalid PhysX transform detected for /World/Stem/SmoothBranch_15.
2026-07-23 09:51:16 [12,735ms] [Warning] [omni.physx.plugin] Invalid PhysX transform detected for /World/Stem/SmoothBranch_16.
2026-07-23 09:51:16 [12,735ms] [Warning] [omni.physx.plugin] Invalid PhysX transform detected for /World/Stem/SmoothBranch_17.
2026-07-23 09:51:16 [12,735ms] [Warning] [omni.physx.plugin] Invalid PhysX transform detected for /World/Stem/SmoothBranch_18.
2026-07-23 09:51:16 [12,735ms] [Warning] [omni.physx.plugin] Invalid PhysX transform detected for /World/Stem/SmoothBranch_19.
2026-07-23 09:51:16 [12,735ms] [Warning] [omni.physx.plugin] Invalid PhysX transform detected for /World/Stem/SmoothBranch_20.
2026-07-23 09:51:16 [12,735ms] [Warning] [omni.physx.plugin] Invalid PhysX transform detected for /World/Stem/SmoothBranch_21.
2026-07-23 09:51:16 [12,735ms] [Warning] [omni.physx.plugin] Invalid PhysX transform detected for /World/Stem/SmoothBranch_22.
2026-07-23 09:51:16 [12,735ms] [Warning] [omni.physx.plugin] Invalid PhysX transform detected for /World/Stem/SmoothBranch_23.
2026-07-23 09:51:16 [12,735ms] [Warning] [omni.physx.plugin] Invalid PhysX transform detected for /World/Stem/SmoothBranch_24.
2026-07-23 09:51:16 [12,735ms] [Warning] [omni.physx.plugin] Invalid PhysX transform detected for /World/Stem/Fruit_Smooth_base.
2026-07-23 09:51:16 [12,735ms] [Warning] [omni.physx.plugin] Invalid PhysX transform detected for /World/Stem/Fruit_Smooth_tip.
2026-07-23 09:51:16 [12,735ms] [Warning] [omni.physx.plugin] Invalid PhysX transform detected for /World/Stem/Fruit_Smooth.
2026-07-23 09:51:16 [12,746ms] [Warning] [omni.physx.plugin] Invalid PhysX transform detected for /World/Stem/SmoothBranch_00.
2026-07-23 09:51:16 [12,746ms] [Warning] [omni.physx.plugin] Invalid PhysX transform detected for /World/Stem/SmoothBranch_01.
2026-07-23 09:51:16 [12,746ms] [Warning] [omni.physx.plugin] Invalid PhysX transform detected for /World/Stem/SmoothBranch_02.
2026-07-23 09:51:16 [12,746ms] [Warning] [omni.physx.plugin] Invalid PhysX transform detected for /World/Stem/SmoothBranch_03.
2026-07-23 09:51:16 [12,746ms] [Warning] [omni.physx.plugin] Invalid PhysX transform detected for /World/Stem/SmoothBranch_04.
2026-07-23 09:51:16 [12,746ms] [Warning] [omni.physx.plugin] Invalid PhysX transform detected for /World/Stem/SmoothBranch_05.
2026-07-23 09:51:16 [12,746ms] [Warning] [omni.physx.plugin] Invalid PhysX transform detected for /World/Stem/SmoothBranch_06.
2026-07-23 09:51:16 [12,746ms] [Warning] [omni.physx.plugin] Invalid PhysX transform detected for /World/Stem/SmoothBranch_07.
2026-07-23 09:51:16 [12,746ms] [Warning] [omni.physx.plugin] Invalid PhysX transform detected for /World/Stem/SmoothBranch_08.
2026-07-23 09:51:16 [12,746ms] [Warning] [omni.physx.plugin] Invalid PhysX transform detected for /World/Stem/SmoothBranch_09.
2026-07-23 09:51:16 [12,746ms] [Warning] [omni.physx.plugin] Invalid PhysX transform detected for /World/Stem/SmoothBranch_10.
2026-07-23 09:51:16 [12,746ms] [Warning] [omni.physx.plugin] Invalid PhysX transform detected for /World/Stem/SmoothBranch_11.
2026-07-23 09:51:16 [12,746ms] [Warning] [omni.physx.plugin] Invalid PhysX transform detected for /World/Stem/SmoothBranch_12.
2026-07-23 09:51:16 [12,746ms] [Warning] [omni.physx.plugin] Invalid PhysX transform detected for /World/Stem/SmoothBranch_13.
2026-07-23 09:51:16 [12,746ms] [Warning] [omni.physx.plugin] Invalid PhysX transform detected for /World/Stem/SmoothBranch_14.
2026-07-23 09:51:16 [12,746ms] [Warning] [omni.physx.plugin] Invalid PhysX transform detected for /World/Stem/SmoothBranch_15.
2026-07-23 09:51:16 [12,746ms] [Warning] [omni.physx.plugin] Invalid PhysX transform detected for /World/Stem/SmoothBranch_16.
2026-07-23 09:51:16 [12,746ms] [Warning] [omni.physx.plugin] Invalid PhysX transform detected for /World/Stem/SmoothBranch_17.
2026-07-23 09:51:16 [12,746ms] [Warning] [omni.physx.plugin] Invalid PhysX transform detected for /World/Stem/SmoothBranch_18.
2026-07-23 09:51:16 [12,746ms] [Warning] [omni.physx.plugin] Invalid PhysX transform detected for /World/Stem/SmoothBranch_19.
2026-07-23 09:51:16 [12,746ms] [Warning] [omni.physx.plugin] Invalid PhysX transform detected for /World/Stem/SmoothBranch_20.
2026-07-23 09:51:16 [12,747ms] [Warning] [omni.physx.plugin] Invalid PhysX transform detected for /World/Stem/SmoothBranch_21.
2026-07-23 09:51:16 [12,747ms] [Warning] [omni.physx.plugin] Invalid PhysX transform detected for /World/Stem/SmoothBranch_22.
2026-07-23 09:51:16 [12,747ms] [Warning] [omni.physx.plugin] Invalid PhysX transform detected for /World/Stem/SmoothBranch_23.
2026-07-23 09:51:16 [12,747ms] [Warning] [omni.physx.plugin] Invalid PhysX transform detected for /World/Stem/SmoothBranch_24.
2026-07-23 09:51:16 [12,747ms] [Warning] [omni.physx.plugin] Invalid PhysX transform detected for /World/Stem/Fruit_Smooth_base.
2026-07-23 09:51:16 [12,747ms] [Warning] [omni.physx.plugin] Invalid PhysX transform detected for /World/Stem/Fruit_Smooth_tip.
2026-07-23 09:51:16 [12,747ms] [Warning] [omni.physx.plugin] Invalid PhysX transform detected for /World/Stem/Fruit_Smooth.
2026-07-23 09:51:16 [12,757ms] [Warning] [omni.physx.plugin] Invalid PhysX transform detected for /World/Stem/SmoothBranch_00.
2026-07-23 09:51:16 [12,757ms] [Warning] [omni.physx.plugin] Invalid PhysX transform detected for /World/Stem/SmoothBranch_01.
2026-07-23 09:51:16 [12,757ms] [Warning] [omni.physx.plugin] Invalid PhysX transform detected for /World/Stem/SmoothBranch_02.
2026-07-23 09:51:16 [12,757ms] [Warning] [omni.physx.plugin] Invalid PhysX transform detected for /World/Stem/SmoothBranch_03.
2026-07-23 09:51:16 [12,757ms] [Warning] [omni.physx.plugin] Invalid PhysX transform detected for /World/Stem/SmoothBranch_04.
2026-07-23 09:51:16 [12,757ms] [Warning] [omni.physx.plugin] Invalid PhysX transform detected for /World/Stem/SmoothBranch_05.
2026-07-23 09:51:16 [12,757ms] [Warning] [omni.physx.plugin] Invalid PhysX transform detected for /World/Stem/SmoothBranch_06.
2026-07-23 09:51:16 [12,757ms] [Warning] [omni.physx.plugin] Invalid PhysX transform detected for /World/Stem/SmoothBranch_07.
2026-07-23 09:51:16 [12,757ms] [Warning] [omni.physx.plugin] Invalid PhysX transform detected for /World/Stem/SmoothBranch_08.
2026-07-23 09:51:16 [12,757ms] [Warning] [omni.physx.plugin] Invalid PhysX transform detected for /World/Stem/SmoothBranch_09.
2026-07-23 09:51:16 [12,757ms] [Warning] [omni.physx.plugin] Invalid PhysX transform detected for /World/Stem/SmoothBranch_10.
2026-07-23 09:51:16 [12,757ms] [Warning] [omni.physx.plugin] Invalid PhysX transform detected for /World/Stem/SmoothBranch_11.
2026-07-23 09:51:16 [12,757ms] [Warning] [omni.physx.plugin] Invalid PhysX transform detected for /World/Stem/SmoothBranch_12.
2026-07-23 09:51:16 [12,757ms] [Warning] [omni.physx.plugin] Invalid PhysX transform detected for /World/Stem/SmoothBranch_13.
2026-07-23 09:51:16 [12,757ms] [Warning] [omni.physx.plugin] Invalid PhysX transform detected for /World/Stem/SmoothBranch_14.
2026-07-23 09:51:16 [12,757ms] [Warning] [omni.physx.plugin] Invalid PhysX transform detected for /World/Stem/SmoothBranch_15.
2026-07-23 09:51:16 [12,757ms] [Warning] [omni.physx.plugin] Invalid PhysX transform detected for /World/Stem/SmoothBranch_16.
2026-07-23 09:51:16 [12,757ms] [Warning] [omni.physx.plugin] Invalid PhysX transform detected for /World/Stem/SmoothBranch_17.
2026-07-23 09:51:16 [12,757ms] [Warning] [omni.physx.plugin] Invalid PhysX transform detected for /World/Stem/SmoothBranch_18.
2026-07-23 09:51:16 [12,757ms] [Warning] [omni.physx.plugin] Invalid PhysX transform detected for /World/Stem/SmoothBranch_19.
2026-07-23 09:51:16 [12,757ms] [Warning] [omni.physx.plugin] Invalid PhysX transform detected for /World/Stem/SmoothBranch_20.
2026-07-23 09:51:16 [12,757ms] [Warning] [omni.physx.plugin] Invalid PhysX transform detected for /World/Stem/SmoothBranch_21.
2026-07-23 09:51:16 [12,757ms] [Warning] [omni.physx.plugin] Invalid PhysX transform detected for /World/Stem/SmoothBranch_22.
2026-07-23 09:51:16 [12,757ms] [Warning] [omni.physx.plugin] Invalid PhysX transform detected for /World/Stem/SmoothBranch_23.
2026-07-23 09:51:16 [12,757ms] [Warning] [omni.physx.plugin] Invalid PhysX transform detected for /World/Stem/SmoothBranch_24.
2026-07-23 09:51:16 [12,757ms] [Warning] [omni.physx.plugin] Invalid PhysX transform detected for /World/Stem/Fruit_Smooth_base.
2026-07-23 09:51:16 [12,757ms] [Warning] [omni.physx.plugin] Invalid PhysX transform detected for /World/Stem/Fruit_Smooth_tip.
2026-07-23 09:51:16 [12,757ms] [Warning] [omni.physx.plugin] Invalid PhysX transform detected for /World/Stem/Fruit_Smooth.
2026-07-23 09:51:16 [12,768ms] [Warning] [omni.physx.plugin] Invalid PhysX transform detected for /World/Stem/SmoothBranch_00.
2026-07-23 09:51:16 [12,768ms] [Warning] [omni.physx.plugin] Invalid PhysX transform detected for /World/Stem/SmoothBranch_01.
2026-07-23 09:51:16 [12,768ms] [Warning] [omni.physx.plugin] Invalid PhysX transform detected for /World/Stem/SmoothBranch_02.
2026-07-23 09:51:16 [12,768ms] [Warning] [omni.physx.plugin] Invalid PhysX transform detected for /World/Stem/SmoothBranch_03.
2026-07-23 09:51:16 [12,768ms] [Warning] [omni.physx.plugin] Invalid PhysX transform detected for /World/Stem/SmoothBranch_04.
2026-07-23 09:51:16 [12,768ms] [Warning] [omni.physx.plugin] Invalid PhysX transform detected for /World/Stem/SmoothBranch_05.
2026-07-23 09:51:16 [12,768ms] [Warning] [omni.physx.plugin] Invalid PhysX transform detected for /World/Stem/SmoothBranch_06.
2026-07-23 09:51:16 [12,768ms] [Warning] [omni.physx.plugin] Invalid PhysX transform detected for /World/Stem/SmoothBranch_07.
2026-07-23 09:51:16 [12,768ms] [Warning] [omni.physx.plugin] Invalid PhysX transform detected for /World/Stem/SmoothBranch_08.
2026-07-23 09:51:16 [12,768ms] [Warning] [omni.physx.plugin] Invalid PhysX transform detected for /World/Stem/SmoothBranch_09.
2026-07-23 09:51:16 [12,768ms] [Warning] [omni.physx.plugin] Invalid PhysX transform detected for /World/Stem/SmoothBranch_10.
2026-07-23 09:51:16 [12,768ms] [Warning] [omni.physx.plugin] Invalid PhysX transform detected for /World/Stem/SmoothBranch_11.
2026-07-23 09:51:16 [12,768ms] [Warning] [omni.physx.plugin] Invalid PhysX transform detected for /World/Stem/SmoothBranch_12.
2026-07-23 09:51:16 [12,768ms] [Warning] [omni.physx.plugin] Invalid PhysX transform detected for /World/Stem/SmoothBranch_13.
2026-07-23 09:51:16 [12,768ms] [Warning] [omni.physx.plugin] Invalid PhysX transform detected for /World/Stem/SmoothBranch_14.
2026-07-23 09:51:16 [12,768ms] [Warning] [omni.physx.plugin] Invalid PhysX transform detected for /World/Stem/SmoothBranch_15.
2026-07-23 09:51:16 [12,768ms] [Warning] [omni.physx.plugin] Invalid PhysX transform detected for /World/Stem/SmoothBranch_16.
2026-07-23 09:51:16 [12,768ms] [Warning] [omni.physx.plugin] Invalid PhysX transform detected for /World/Stem/SmoothBranch_17.
2026-07-23 09:51:16 [12,768ms] [Warning] [omni.physx.plugin] Invalid PhysX transform detected for /World/Stem/SmoothBranch_18.
2026-07-23 09:51:16 [12,768ms] [Warning] [omni.physx.plugin] Invalid PhysX transform detected for /World/Stem/SmoothBranch_19.
2026-07-23 09:51:16 [12,768ms] [Warning] [omni.physx.plugin] Invalid PhysX transform detected for /World/Stem/SmoothBranch_20.
2026-07-23 09:51:16 [12,768ms] [Warning] [omni.physx.plugin] Invalid PhysX transform detected for /World/Stem/SmoothBranch_21.
2026-07-23 09:51:16 [12,768ms] [Warning] [omni.physx.plugin] Invalid PhysX transform detected for /World/Stem/SmoothBranch_22.
2026-07-23 09:51:16 [12,768ms] [Warning] [omni.physx.plugin] Invalid PhysX transform detected for /World/Stem/SmoothBranch_23.
2026-07-23 09:51:16 [12,768ms] [Warning] [omni.physx.plugin] Invalid PhysX transform detected for /World/Stem/SmoothBranch_24.
2026-07-23 09:51:16 [12,768ms] [Warning] [omni.physx.plugin] Invalid PhysX transform detected for /World/Stem/Fruit_Smooth_base.
2026-07-23 09:51:16 [12,768ms] [Warning] [omni.physx.plugin] Invalid PhysX transform detected for /World/Stem/Fruit_Smooth_tip.
2026-07-23 09:51:16 [12,768ms] [Warning] [omni.physx.plugin] Invalid PhysX transform detected for /World/Stem/Fruit_Smooth.
2026-07-23 09:51:16 [12,778ms] [Warning] [omni.physx.plugin] Invalid PhysX transform detected for /World/Stem/SmoothBranch_00.
2026-07-23 09:51:16 [12,778ms] [Warning] [omni.physx.plugin] Invalid PhysX transform detected for /World/Stem/SmoothBranch_01.
2026-07-23 09:51:16 [12,778ms] [Warning] [omni.physx.plugin] Invalid PhysX transform detected for /World/Stem/SmoothBranch_02.
2026-07-23 09:51:16 [12,778ms] [Warning] [omni.physx.plugin] Invalid PhysX transform detected for /World/Stem/SmoothBranch_03.
2026-07-23 09:51:16 [12,778ms] [Warning] [omni.physx.plugin] Invalid PhysX transform detected for /World/Stem/SmoothBranch_04.
2026-07-23 09:51:16 [12,778ms] [Warning] [omni.physx.plugin] Invalid PhysX transform detected for /World/Stem/SmoothBranch_05.
2026-07-23 09:51:16 [12,778ms] [Warning] [omni.physx.plugin] Invalid PhysX transform detected for /World/Stem/SmoothBranch_06.
2026-07-23 09:51:16 [12,778ms] [Warning] [omni.physx.plugin] Invalid PhysX transform detected for /World/Stem/SmoothBranch_07.
2026-07-23 09:51:16 [12,778ms] [Warning] [omni.physx.plugin] Invalid PhysX transform detected for /World/Stem/SmoothBranch_08.
2026-07-23 09:51:16 [12,778ms] [Warning] [omni.physx.plugin] Invalid PhysX transform detected for /World/Stem/SmoothBranch_09.
2026-07-23 09:51:16 [12,778ms] [Warning] [omni.physx.plugin] Invalid PhysX transform detected for /World/Stem/SmoothBranch_10.
2026-07-23 09:51:16 [12,778ms] [Warning] [omni.physx.plugin] Invalid PhysX transform detected for /World/Stem/SmoothBranch_11.
2026-07-23 09:51:16 [12,778ms] [Warning] [omni.physx.plugin] Invalid PhysX transform detected for /World/Stem/SmoothBranch_12.
2026-07-23 09:51:16 [12,778ms] [Warning] [omni.physx.plugin] Invalid PhysX transform detected for /World/Stem/SmoothBranch_13.
2026-07-23 09:51:16 [12,778ms] [Warning] [omni.physx.plugin] Invalid PhysX transform detected for /World/Stem/SmoothBranch_14.
2026-07-23 09:51:16 [12,778ms] [Warning] [omni.physx.plugin] Invalid PhysX transform detected for /World/Stem/SmoothBranch_15.
2026-07-23 09:51:16 [12,778ms] [Warning] [omni.physx.plugin] Invalid PhysX transform detected for /World/Stem/SmoothBranch_16.
2026-07-23 09:51:16 [12,778ms] [Warning] [omni.physx.plugin] Invalid PhysX transform detected for /World/Stem/SmoothBranch_17.
2026-07-23 09:51:16 [12,778ms] [Warning] [omni.physx.plugin] Invalid PhysX transform detected for /World/Stem/SmoothBranch_18.
2026-07-23 09:51:16 [12,778ms] [Warning] [omni.physx.plugin] Invalid PhysX transform detected for /World/Stem/SmoothBranch_19.
2026-07-23 09:51:16 [12,778ms] [Warning] [omni.physx.plugin] Invalid PhysX transform detected for /World/Stem/SmoothBranch_20.
2026-07-23 09:51:16 [12,778ms] [Warning] [omni.physx.plugin] Invalid PhysX transform detected for /World/Stem/SmoothBranch_21.
2026-07-23 09:51:16 [12,778ms] [Warning] [omni.physx.plugin] Invalid PhysX transform detected for /World/Stem/SmoothBranch_22.
2026-07-23 09:51:16 [12,778ms] [Warning] [omni.physx.plugin] Invalid PhysX transform detected for /World/Stem/SmoothBranch_23.
2026-07-23 09:51:16 [12,778ms] [Warning] [omni.physx.plugin] Invalid PhysX transform detected for /World/Stem/SmoothBranch_24.
2026-07-23 09:51:16 [12,778ms] [Warning] [omni.physx.plugin] Invalid PhysX transform detected for /World/Stem/Fruit_Smooth_base.
2026-07-23 09:51:16 [12,778ms] [Warning] [omni.physx.plugin] Invalid PhysX transform detected for /World/Stem/Fruit_Smooth_tip.
2026-07-23 09:51:16 [12,779ms] [Warning] [omni.physx.plugin] Invalid PhysX transform detected for /World/Stem/Fruit_Smooth.
2026-07-23 09:51:16 [12,788ms] [Warning] [omni.physx.plugin] Invalid PhysX transform detected for /World/Stem/SmoothBranch_00.
2026-07-23 09:51:16 [12,788ms] [Warning] [omni.physx.plugin] Invalid PhysX transform detected for /World/Stem/SmoothBranch_01.
2026-07-23 09:51:16 [12,788ms] [Warning] [omni.physx.plugin] Invalid PhysX transform detected for /World/Stem/SmoothBranch_02.
2026-07-23 09:51:16 [12,788ms] [Warning] [omni.physx.plugin] Invalid PhysX transform detected for /World/Stem/SmoothBranch_03.
2026-07-23 09:51:16 [12,788ms] [Warning] [omni.physx.plugin] Invalid PhysX transform detected for /World/Stem/SmoothBranch_04.
2026-07-23 09:51:16 [12,788ms] [Warning] [omni.physx.plugin] Invalid PhysX transform detected for /World/Stem/SmoothBranch_05.
2026-07-23 09:51:16 [12,788ms] [Warning] [omni.physx.plugin] Invalid PhysX transform detected for /World/Stem/SmoothBranch_06.
2026-07-23 09:51:16 [12,788ms] [Warning] [omni.physx.plugin] Invalid PhysX transform detected for /World/Stem/SmoothBranch_07.
2026-07-23 09:51:16 [12,788ms] [Warning] [omni.physx.plugin] Invalid PhysX transform detected for /World/Stem/SmoothBranch_08.
2026-07-23 09:51:16 [12,788ms] [Warning] [omni.physx.plugin] Invalid PhysX transform detected for /World/Stem/SmoothBranch_09.
2026-07-23 09:51:16 [12,788ms] [Warning] [omni.physx.plugin] Invalid PhysX transform detected for /World/Stem/SmoothBranch_10.
2026-07-23 09:51:16 [12,788ms] [Warning] [omni.physx.plugin] Invalid PhysX transform detected for /World/Stem/SmoothBranch_11.
2026-07-23 09:51:16 [12,788ms] [Warning] [omni.physx.plugin] Invalid PhysX transform detected for /World/Stem/SmoothBranch_12.
2026-07-23 09:51:16 [12,789ms] [Warning] [omni.physx.plugin] Invalid PhysX transform detected for /World/Stem/SmoothBranch_13.
2026-07-23 09:51:16 [12,789ms] [Warning] [omni.physx.plugin] Invalid PhysX transform detected for /World/Stem/SmoothBranch_14.
2026-07-23 09:51:16 [12,789ms] [Warning] [omni.physx.plugin] Invalid PhysX transform detected for /World/Stem/SmoothBranch_15.
2026-07-23 09:51:16 [12,789ms] [Warning] [omni.physx.plugin] Invalid PhysX transform detected for /World/Stem/SmoothBranch_16.
2026-07-23 09:51:16 [12,789ms] [Warning] [omni.physx.plugin] Invalid PhysX transform detected for /World/Stem/SmoothBranch_17.
2026-07-23 09:51:16 [12,789ms] [Warning] [omni.physx.plugin] Invalid PhysX transform detected for /World/Stem/SmoothBranch_18.
2026-07-23 09:51:16 [12,789ms] [Warning] [omni.physx.plugin] Invalid PhysX transform detected for /World/Stem/SmoothBranch_19.
2026-07-23 09:51:16 [12,789ms] [Warning] [omni.physx.plugin] Invalid PhysX transform detected for /World/Stem/SmoothBranch_20.
2026-07-23 09:51:16 [12,789ms] [Warning] [omni.physx.plugin] Invalid PhysX transform detected for /World/Stem/SmoothBranch_21.
2026-07-23 09:51:16 [12,789ms] [Warning] [omni.physx.plugin] Invalid PhysX transform detected for /World/Stem/SmoothBranch_22.
2026-07-23 09:51:16 [12,789ms] [Warning] [omni.physx.plugin] Invalid PhysX transform detected for /World/Stem/SmoothBranch_23.
2026-07-23 09:51:16 [12,789ms] [Warning] [omni.physx.plugin] Invalid PhysX transform detected for /World/Stem/SmoothBranch_24.
2026-07-23 09:51:16 [12,789ms] [Warning] [omni.physx.plugin] Invalid PhysX transform detected for /World/Stem/Fruit_Smooth_base.
2026-07-23 09:51:16 [12,789ms] [Warning] [omni.physx.plugin] Invalid PhysX transform detected for /World/Stem/Fruit_Smooth_tip.
2026-07-23 09:51:16 [12,789ms] [Warning] [omni.physx.plugin] Invalid PhysX transform detected for /World/Stem/Fruit_Smooth.
2026-07-23 09:51:16 [12,800ms] [Warning] [omni.physx.plugin] Invalid PhysX transform detected for /World/Stem/SmoothBranch_00.
2026-07-23 09:51:16 [12,800ms] [Warning] [omni.physx.plugin] Invalid PhysX transform detected for /World/Stem/SmoothBranch_01.
2026-07-23 09:51:16 [12,800ms] [Warning] [omni.physx.plugin] Invalid PhysX transform detected for /World/Stem/SmoothBranch_02.
2026-07-23 09:51:16 [12,800ms] [Warning] [omni.physx.plugin] Invalid PhysX transform detected for /World/Stem/SmoothBranch_03.
2026-07-23 09:51:16 [12,800ms] [Warning] [omni.physx.plugin] Invalid PhysX transform detected for /World/Stem/SmoothBranch_04.
2026-07-23 09:51:16 [12,800ms] [Warning] [omni.physx.plugin] Invalid PhysX transform detected for /World/Stem/SmoothBranch_05.
2026-07-23 09:51:16 [12,800ms] [Warning] [omni.physx.plugin] Invalid PhysX transform detected for /World/Stem/SmoothBranch_06.
2026-07-23 09:51:16 [12,800ms] [Warning] [omni.physx.plugin] Invalid PhysX transform detected for /World/Stem/SmoothBranch_07.
2026-07-23 09:51:16 [12,800ms] [Warning] [omni.physx.plugin] Invalid PhysX transform detected for /World/Stem/SmoothBranch_08.
2026-07-23 09:51:16 [12,800ms] [Warning] [omni.physx.plugin] Invalid PhysX transform detected for /World/Stem/SmoothBranch_09.
2026-07-23 09:51:16 [12,800ms] [Warning] [omni.physx.plugin] Invalid PhysX transform detected for /World/Stem/SmoothBranch_10.
2026-07-23 09:51:16 [12,800ms] [Warning] [omni.physx.plugin] Invalid PhysX transform detected for /World/Stem/SmoothBranch_11.
2026-07-23 09:51:16 [12,800ms] [Warning] [omni.physx.plugin] Invalid PhysX transform detected for /World/Stem/SmoothBranch_12.
2026-07-23 09:51:16 [12,800ms] [Warning] [omni.physx.plugin] Invalid PhysX transform detected for /World/Stem/SmoothBranch_13.
2026-07-23 09:51:16 [12,800ms] [Warning] [omni.physx.plugin] Invalid PhysX transform detected for /World/Stem/SmoothBranch_14.
2026-07-23 09:51:16 [12,800ms] [Warning] [omni.physx.plugin] Invalid PhysX transform detected for /World/Stem/SmoothBranch_15.
2026-07-23 09:51:16 [12,800ms] [Warning] [omni.physx.plugin] Invalid PhysX transform detected for /World/Stem/SmoothBranch_16.
2026-07-23 09:51:16 [12,800ms] [Warning] [omni.physx.plugin] Invalid PhysX transform detected for /World/Stem/SmoothBranch_17.
2026-07-23 09:51:16 [12,800ms] [Warning] [omni.physx.plugin] Invalid PhysX transform detected for /World/Stem/SmoothBranch_18.
2026-07-23 09:51:16 [12,800ms] [Warning] [omni.physx.plugin] Invalid PhysX transform detected for /World/Stem/SmoothBranch_19.
2026-07-23 09:51:16 [12,800ms] [Warning] [omni.physx.plugin] Invalid PhysX transform detected for /World/Stem/SmoothBranch_20.
2026-07-23 09:51:16 [12,800ms] [Warning] [omni.physx.plugin] Invalid PhysX transform detected for /World/Stem/SmoothBranch_21.
2026-07-23 09:51:16 [12,800ms] [Warning] [omni.physx.plugin] Invalid PhysX transform detected for /World/Stem/SmoothBranch_22.
2026-07-23 09:51:16 [12,800ms] [Warning] [omni.physx.plugin] Invalid PhysX transform detected for /World/Stem/SmoothBranch_23.
2026-07-23 09:51:16 [12,800ms] [Warning] [omni.physx.plugin] Invalid PhysX transform detected for /World/Stem/SmoothBranch_24.
2026-07-23 09:51:16 [12,800ms] [Warning] [omni.physx.plugin] Invalid PhysX transform detected for /World/Stem/Fruit_Smooth_base.
2026-07-23 09:51:16 [12,800ms] [Warning] [omni.physx.plugin] Invalid PhysX transform detected for /World/Stem/Fruit_Smooth_tip.
2026-07-23 09:51:16 [12,800ms] [Warning] [omni.physx.plugin] Invalid PhysX transform detected for /World/Stem/Fruit_Smooth.
2026-07-23 09:51:16 [12,811ms] [Warning] [omni.physx.plugin] Invalid PhysX transform detected for /World/Stem/SmoothBranch_00.
2026-07-23 09:51:16 [12,811ms] [Warning] [omni.physx.plugin] Invalid PhysX transform detected for /World/Stem/SmoothBranch_01.
2026-07-23 09:51:16 [12,811ms] [Warning] [omni.physx.plugin] Invalid PhysX transform detected for /World/Stem/SmoothBranch_02.
2026-07-23 09:51:16 [12,811ms] [Warning] [omni.physx.plugin] Invalid PhysX transform detected for /World/Stem/SmoothBranch_03.
2026-07-23 09:51:16 [12,811ms] [Warning] [omni.physx.plugin] Invalid PhysX transform detected for /World/Stem/SmoothBranch_04.
2026-07-23 09:51:16 [12,811ms] [Warning] [omni.physx.plugin] Invalid PhysX transform detected for /World/Stem/SmoothBranch_05.
2026-07-23 09:51:16 [12,811ms] [Warning] [omni.physx.plugin] Invalid PhysX transform detected for /World/Stem/SmoothBranch_06.
2026-07-23 09:51:16 [12,811ms] [Warning] [omni.physx.plugin] Invalid PhysX transform detected for /World/Stem/SmoothBranch_07.
2026-07-23 09:51:16 [12,811ms] [Warning] [omni.physx.plugin] Invalid PhysX transform detected for /World/Stem/SmoothBranch_08.
2026-07-23 09:51:16 [12,811ms] [Warning] [omni.physx.plugin] Invalid PhysX transform detected for /World/Stem/SmoothBranch_09.
2026-07-23 09:51:16 [12,811ms] [Warning] [omni.physx.plugin] Invalid PhysX transform detected for /World/Stem/SmoothBranch_10.
2026-07-23 09:51:16 [12,811ms] [Warning] [omni.physx.plugin] Invalid PhysX transform detected for /World/Stem/SmoothBranch_11.
2026-07-23 09:51:16 [12,811ms] [Warning] [omni.physx.plugin] Invalid PhysX transform detected for /World/Stem/SmoothBranch_12.
2026-07-23 09:51:16 [12,811ms] [Warning] [omni.physx.plugin] Invalid PhysX transform detected for /World/Stem/SmoothBranch_13.
2026-07-23 09:51:16 [12,811ms] [Warning] [omni.physx.plugin] Invalid PhysX transform detected for /World/Stem/SmoothBranch_14.
2026-07-23 09:51:16 [12,811ms] [Warning] [omni.physx.plugin] Invalid PhysX transform detected for /World/Stem/SmoothBranch_15.
2026-07-23 09:51:16 [12,811ms] [Warning] [omni.physx.plugin] Invalid PhysX transform detected for /World/Stem/SmoothBranch_16.
2026-07-23 09:51:16 [12,811ms] [Warning] [omni.physx.plugin] Invalid PhysX transform detected for /World/Stem/SmoothBranch_17.
2026-07-23 09:51:16 [12,811ms] [Warning] [omni.physx.plugin] Invalid PhysX transform detected for /World/Stem/SmoothBranch_18.
2026-07-23 09:51:16 [12,811ms] [Warning] [omni.physx.plugin] Invalid PhysX transform detected for /World/Stem/SmoothBranch_19.
2026-07-23 09:51:16 [12,811ms] [Warning] [omni.physx.plugin] Invalid PhysX transform detected for /World/Stem/SmoothBranch_20.
2026-07-23 09:51:16 [12,811ms] [Warning] [omni.physx.plugin] Invalid PhysX transform detected for /World/Stem/SmoothBranch_21.
2026-07-23 09:51:16 [12,811ms] [Warning] [omni.physx.plugin] Invalid PhysX transform detected for /World/Stem/SmoothBranch_22.
2026-07-23 09:51:16 [12,811ms] [Warning] [omni.physx.plugin] Invalid PhysX transform detected for /World/Stem/SmoothBranch_23.
2026-07-23 09:51:16 [12,811ms] [Warning] [omni.physx.plugin] Invalid PhysX transform detected for /World/Stem/SmoothBranch_24.
2026-07-23 09:51:16 [12,811ms] [Warning] [omni.physx.plugin] Invalid PhysX transform detected for /World/Stem/Fruit_Smooth_base.
2026-07-23 09:51:16 [12,811ms] [Warning] [omni.physx.plugin] Invalid PhysX transform detected for /World/Stem/Fruit_Smooth_tip.
2026-07-23 09:51:16 [12,811ms] [Warning] [omni.physx.plugin] Invalid PhysX transform detected for /World/Stem/Fruit_Smooth.
2026-07-23 09:51:16 [12,821ms] [Warning] [omni.physx.plugin] Invalid PhysX transform detected for /World/Stem/SmoothBranch_00.
2026-07-23 09:51:16 [12,821ms] [Warning] [omni.physx.plugin] Invalid PhysX transform detected for /World/Stem/SmoothBranch_01.
2026-07-23 09:51:16 [12,821ms] [Warning] [omni.physx.plugin] Invalid PhysX transform detected for /World/Stem/SmoothBranch_02.
2026-07-23 09:51:16 [12,821ms] [Warning] [omni.physx.plugin] Invalid PhysX transform detected for /World/Stem/SmoothBranch_03.
2026-07-23 09:51:16 [12,821ms] [Warning] [omni.physx.plugin] Invalid PhysX transform detected for /World/Stem/SmoothBranch_04.
2026-07-23 09:51:16 [12,821ms] [Warning] [omni.physx.plugin] Invalid PhysX transform detected for /World/Stem/SmoothBranch_05.
2026-07-23 09:51:16 [12,821ms] [Warning] [omni.physx.plugin] Invalid PhysX transform detected for /World/Stem/SmoothBranch_06.
2026-07-23 09:51:16 [12,821ms] [Warning] [omni.physx.plugin] Invalid PhysX transform detected for /World/Stem/SmoothBranch_07.
2026-07-23 09:51:16 [12,821ms] [Warning] [omni.physx.plugin] Invalid PhysX transform detected for /World/Stem/SmoothBranch_08.
2026-07-23 09:51:16 [12,821ms] [Warning] [omni.physx.plugin] Invalid PhysX transform detected for /World/Stem/SmoothBranch_09.
2026-07-23 09:51:16 [12,821ms] [Warning] [omni.physx.plugin] Invalid PhysX transform detected for /World/Stem/SmoothBranch_10.
2026-07-23 09:51:16 [12,821ms] [Warning] [omni.physx.plugin] Invalid PhysX transform detected for /World/Stem/SmoothBranch_11.
2026-07-23 09:51:16 [12,821ms] [Warning] [omni.physx.plugin] Invalid PhysX transform detected for /World/Stem/SmoothBranch_12.
2026-07-23 09:51:16 [12,821ms] [Warning] [omni.physx.plugin] Invalid PhysX transform detected for /World/Stem/SmoothBranch_13.
2026-07-23 09:51:16 [12,821ms] [Warning] [omni.physx.plugin] Invalid PhysX transform detected for /World/Stem/SmoothBranch_14.
2026-07-23 09:51:16 [12,821ms] [Warning] [omni.physx.plugin] Invalid PhysX transform detected for /World/Stem/SmoothBranch_15.
2026-07-23 09:51:16 [12,821ms] [Warning] [omni.physx.plugin] Invalid PhysX transform detected for /World/Stem/SmoothBranch_16.
2026-07-23 09:51:16 [12,821ms] [Warning] [omni.physx.plugin] Invalid PhysX transform detected for /World/Stem/SmoothBranch_17.
2026-07-23 09:51:16 [12,821ms] [Warning] [omni.physx.plugin] Invalid PhysX transform detected for /World/Stem/SmoothBranch_18.
2026-07-23 09:51:16 [12,821ms] [Warning] [omni.physx.plugin] Invalid PhysX transform detected for /World/Stem/SmoothBranch_19.
2026-07-23 09:51:16 [12,821ms] [Warning] [omni.physx.plugin] Invalid PhysX transform detected for /World/Stem/SmoothBranch_20.
2026-07-23 09:51:16 [12,821ms] [Warning] [omni.physx.plugin] Invalid PhysX transform detected for /World/Stem/SmoothBranch_21.
2026-07-23 09:51:16 [12,821ms] [Warning] [omni.physx.plugin] Invalid PhysX transform detected for /World/Stem/SmoothBranch_22.
2026-07-23 09:51:16 [12,821ms] [Warning] [omni.physx.plugin] Invalid PhysX transform detected for /World/Stem/SmoothBranch_23.
2026-07-23 09:51:16 [12,821ms] [Warning] [omni.physx.plugin] Invalid PhysX transform detected for /World/Stem/SmoothBranch_24.
2026-07-23 09:51:16 [12,821ms] [Warning] [omni.physx.plugin] Invalid PhysX transform detected for /World/Stem/Fruit_Smooth_base.
2026-07-23 09:51:16 [12,821ms] [Warning] [omni.physx.plugin] Invalid PhysX transform detected for /World/Stem/Fruit_Smooth_tip.
2026-07-23 09:51:16 [12,821ms] [Warning] [omni.physx.plugin] Invalid PhysX transform detected for /World/Stem/Fruit_Smooth.
2026-07-23 09:51:16 [12,832ms] [Warning] [omni.physx.plugin] Invalid PhysX transform detected for /World/Stem/SmoothBranch_00.
2026-07-23 09:51:16 [12,832ms] [Warning] [omni.physx.plugin] Invalid PhysX transform detected for /World/Stem/SmoothBranch_01.
2026-07-23 09:51:16 [12,832ms] [Warning] [omni.physx.plugin] Invalid PhysX transform detected for /World/Stem/SmoothBranch_02.
2026-07-23 09:51:16 [12,832ms] [Warning] [omni.physx.plugin] Invalid PhysX transform detected for /World/Stem/SmoothBranch_03.
2026-07-23 09:51:16 [12,832ms] [Warning] [omni.physx.plugin] Invalid PhysX transform detected for /World/Stem/SmoothBranch_04.
2026-07-23 09:51:16 [12,832ms] [Warning] [omni.physx.plugin] Invalid PhysX transform detected for /World/Stem/SmoothBranch_05.
2026-07-23 09:51:16 [12,832ms] [Warning] [omni.physx.plugin] Invalid PhysX transform detected for /World/Stem/SmoothBranch_06.
2026-07-23 09:51:16 [12,832ms] [Warning] [omni.physx.plugin] Invalid PhysX transform detected for /World/Stem/SmoothBranch_07.
2026-07-23 09:51:16 [12,832ms] [Warning] [omni.physx.plugin] Invalid PhysX transform detected for /World/Stem/SmoothBranch_08.
2026-07-23 09:51:16 [12,832ms] [Warning] [omni.physx.plugin] Invalid PhysX transform detected for /World/Stem/SmoothBranch_09.
2026-07-23 09:51:16 [12,832ms] [Warning] [omni.physx.plugin] Invalid PhysX transform detected for /World/Stem/SmoothBranch_10.
2026-07-23 09:51:16 [12,832ms] [Warning] [omni.physx.plugin] Invalid PhysX transform detected for /World/Stem/SmoothBranch_11.
2026-07-23 09:51:16 [12,832ms] [Warning] [omni.physx.plugin] Invalid PhysX transform detected for /World/Stem/SmoothBranch_12.
2026-07-23 09:51:16 [12,832ms] [Warning] [omni.physx.plugin] Invalid PhysX transform detected for /World/Stem/SmoothBranch_13.
2026-07-23 09:51:16 [12,832ms] [Warning] [omni.physx.plugin] Invalid PhysX transform detected for /World/Stem/SmoothBranch_14.
2026-07-23 09:51:16 [12,832ms] [Warning] [omni.physx.plugin] Invalid PhysX transform detected for /World/Stem/SmoothBranch_15.
2026-07-23 09:51:16 [12,832ms] [Warning] [omni.physx.plugin] Invalid PhysX transform detected for /World/Stem/SmoothBranch_16.
2026-07-23 09:51:16 [12,832ms] [Warning] [omni.physx.plugin] Invalid PhysX transform detected for /World/Stem/SmoothBranch_17.
2026-07-23 09:51:16 [12,832ms] [Warning] [omni.physx.plugin] Invalid PhysX transform detected for /World/Stem/SmoothBranch_18.
2026-07-23 09:51:16 [12,832ms] [Warning] [omni.physx.plugin] Invalid PhysX transform detected for /World/Stem/SmoothBranch_19.
2026-07-23 09:51:16 [12,832ms] [Warning] [omni.physx.plugin] Invalid PhysX transform detected for /World/Stem/SmoothBranch_20.
2026-07-23 09:51:16 [12,832ms] [Warning] [omni.physx.plugin] Invalid PhysX transform detected for /World/Stem/SmoothBranch_21.
2026-07-23 09:51:16 [12,832ms] [Warning] [omni.physx.plugin] Invalid PhysX transform detected for /World/Stem/SmoothBranch_22.
2026-07-23 09:51:16 [12,832ms] [Warning] [omni.physx.plugin] Invalid PhysX transform detected for /World/Stem/SmoothBranch_23.
2026-07-23 09:51:16 [12,832ms] [Warning] [omni.physx.plugin] Invalid PhysX transform detected for /World/Stem/SmoothBranch_24.
2026-07-23 09:51:16 [12,832ms] [Warning] [omni.physx.plugin] Invalid PhysX transform detected for /World/Stem/Fruit_Smooth_base.
2026-07-23 09:51:16 [12,832ms] [Warning] [omni.physx.plugin] Invalid PhysX transform detected for /World/Stem/Fruit_Smooth_tip.
2026-07-23 09:51:16 [12,832ms] [Warning] [omni.physx.plugin] Invalid PhysX transform detected for /World/Stem/Fruit_Smooth.
2026-07-23 09:51:16 [12,842ms] [Warning] [omni.physx.plugin] Invalid PhysX transform detected for /World/Stem/SmoothBranch_00.
2026-07-23 09:51:16 [12,842ms] [Warning] [omni.physx.plugin] Invalid PhysX transform detected for /World/Stem/SmoothBranch_01.
2026-07-23 09:51:16 [12,842ms] [Warning] [omni.physx.plugin] Invalid PhysX transform detected for /World/Stem/SmoothBranch_02.
2026-07-23 09:51:16 [12,842ms] [Warning] [omni.physx.plugin] Invalid PhysX transform detected for /World/Stem/SmoothBranch_03.
2026-07-23 09:51:16 [12,842ms] [Warning] [omni.physx.plugin] Invalid PhysX transform detected for /World/Stem/SmoothBranch_04.
2026-07-23 09:51:16 [12,842ms] [Warning] [omni.physx.plugin] Invalid PhysX transform detected for /World/Stem/SmoothBranch_05.
2026-07-23 09:51:16 [12,842ms] [Warning] [omni.physx.plugin] Invalid PhysX transform detected for /World/Stem/SmoothBranch_06.
2026-07-23 09:51:16 [12,842ms] [Warning] [omni.physx.plugin] Invalid PhysX transform detected for /World/Stem/SmoothBranch_07.
2026-07-23 09:51:16 [12,842ms] [Warning] [omni.physx.plugin] Invalid PhysX transform detected for /World/Stem/SmoothBranch_08.
2026-07-23 09:51:16 [12,842ms] [Warning] [omni.physx.plugin] Invalid PhysX transform detected for /World/Stem/SmoothBranch_09.
2026-07-23 09:51:16 [12,842ms] [Warning] [omni.physx.plugin] Invalid PhysX transform detected for /World/Stem/SmoothBranch_10.
2026-07-23 09:51:16 [12,842ms] [Warning] [omni.physx.plugin] Invalid PhysX transform detected for /World/Stem/SmoothBranch_11.
2026-07-23 09:51:16 [12,842ms] [Warning] [omni.physx.plugin] Invalid PhysX transform detected for /World/Stem/SmoothBranch_12.
2026-07-23 09:51:16 [12,842ms] [Warning] [omni.physx.plugin] Invalid PhysX transform detected for /World/Stem/SmoothBranch_13.
2026-07-23 09:51:16 [12,842ms] [Warning] [omni.physx.plugin] Invalid PhysX transform detected for /World/Stem/SmoothBranch_14.
2026-07-23 09:51:16 [12,842ms] [Warning] [omni.physx.plugin] Invalid PhysX transform detected for /World/Stem/SmoothBranch_15.
2026-07-23 09:51:16 [12,842ms] [Warning] [omni.physx.plugin] Invalid PhysX transform detected for /World/Stem/SmoothBranch_16.
2026-07-23 09:51:16 [12,842ms] [Warning] [omni.physx.plugin] Invalid PhysX transform detected for /World/Stem/SmoothBranch_17.
2026-07-23 09:51:16 [12,842ms] [Warning] [omni.physx.plugin] Invalid PhysX transform detected for /World/Stem/SmoothBranch_18.
2026-07-23 09:51:16 [12,842ms] [Warning] [omni.physx.plugin] Invalid PhysX transform detected for /World/Stem/SmoothBranch_19.
2026-07-23 09:51:16 [12,842ms] [Warning] [omni.physx.plugin] Invalid PhysX transform detected for /World/Stem/SmoothBranch_20.
2026-07-23 09:51:16 [12,842ms] [Warning] [omni.physx.plugin] Invalid PhysX transform detected for /World/Stem/SmoothBranch_21.
2026-07-23 09:51:16 [12,842ms] [Warning] [omni.physx.plugin] Invalid PhysX transform detected for /World/Stem/SmoothBranch_22.
2026-07-23 09:51:16 [12,842ms] [Warning] [omni.physx.plugin] Invalid PhysX transform detected for /World/Stem/SmoothBranch_23.
2026-07-23 09:51:16 [12,842ms] [Warning] [omni.physx.plugin] Invalid PhysX transform detected for /World/Stem/SmoothBranch_24.
2026-07-23 09:51:16 [12,842ms] [Warning] [omni.physx.plugin] Invalid PhysX transform detected for /World/Stem/Fruit_Smooth_base.
2026-07-23 09:51:16 [12,842ms] [Warning] [omni.physx.plugin] Invalid PhysX transform detected for /World/Stem/Fruit_Smooth_tip.
2026-07-23 09:51:16 [12,842ms] [Warning] [omni.physx.plugin] Invalid PhysX transform detected for /World/Stem/Fruit_Smooth.
2026-07-23 09:51:16 [12,853ms] [Warning] [omni.physx.plugin] Invalid PhysX transform detected for /World/Stem/SmoothBranch_00.
2026-07-23 09:51:16 [12,853ms] [Warning] [omni.physx.plugin] Invalid PhysX transform detected for /World/Stem/SmoothBranch_01.
2026-07-23 09:51:16 [12,853ms] [Warning] [omni.physx.plugin] Invalid PhysX transform detected for /World/Stem/SmoothBranch_02.
2026-07-23 09:51:16 [12,853ms] [Warning] [omni.physx.plugin] Invalid PhysX transform detected for /World/Stem/SmoothBranch_03.
2026-07-23 09:51:16 [12,853ms] [Warning] [omni.physx.plugin] Invalid PhysX transform detected for /World/Stem/SmoothBranch_04.
2026-07-23 09:51:16 [12,853ms] [Warning] [omni.physx.plugin] Invalid PhysX transform detected for /World/Stem/SmoothBranch_05.
2026-07-23 09:51:16 [12,853ms] [Warning] [omni.physx.plugin] Invalid PhysX transform detected for /World/Stem/SmoothBranch_06.
2026-07-23 09:51:16 [12,853ms] [Warning] [omni.physx.plugin] Invalid PhysX transform detected for /World/Stem/SmoothBranch_07.
2026-07-23 09:51:16 [12,853ms] [Warning] [omni.physx.plugin] Invalid PhysX transform detected for /World/Stem/SmoothBranch_08.
2026-07-23 09:51:16 [12,853ms] [Warning] [omni.physx.plugin] Invalid PhysX transform detected for /World/Stem/SmoothBranch_09.
2026-07-23 09:51:16 [12,853ms] [Warning] [omni.physx.plugin] Invalid PhysX transform detected for /World/Stem/SmoothBranch_10.
2026-07-23 09:51:16 [12,853ms] [Warning] [omni.physx.plugin] Invalid PhysX transform detected for /World/Stem/SmoothBranch_11.
2026-07-23 09:51:16 [12,853ms] [Warning] [omni.physx.plugin] Invalid PhysX transform detected for /World/Stem/SmoothBranch_12.
2026-07-23 09:51:16 [12,853ms] [Warning] [omni.physx.plugin] Invalid PhysX transform detected for /World/Stem/SmoothBranch_13.
2026-07-23 09:51:16 [12,853ms] [Warning] [omni.physx.plugin] Invalid PhysX transform detected for /World/Stem/SmoothBranch_14.
2026-07-23 09:51:16 [12,853ms] [Warning] [omni.physx.plugin] Invalid PhysX transform detected for /World/Stem/SmoothBranch_15.
2026-07-23 09:51:16 [12,853ms] [Warning] [omni.physx.plugin] Invalid PhysX transform detected for /World/Stem/SmoothBranch_16.
2026-07-23 09:51:16 [12,853ms] [Warning] [omni.physx.plugin] Invalid PhysX transform detected for /World/Stem/SmoothBranch_17.
2026-07-23 09:51:16 [12,853ms] [Warning] [omni.physx.plugin] Invalid PhysX transform detected for /World/Stem/SmoothBranch_18.
2026-07-23 09:51:16 [12,853ms] [Warning] [omni.physx.plugin] Invalid PhysX transform detected for /World/Stem/SmoothBranch_19.
2026-07-23 09:51:16 [12,853ms] [Warning] [omni.physx.plugin] Invalid PhysX transform detected for /World/Stem/SmoothBranch_20.
2026-07-23 09:51:16 [12,853ms] [Warning] [omni.physx.plugin] Invalid PhysX transform detected for /World/Stem/SmoothBranch_21.
2026-07-23 09:51:16 [12,853ms] [Warning] [omni.physx.plugin] Invalid PhysX transform detected for /World/Stem/SmoothBranch_22.
2026-07-23 09:51:16 [12,853ms] [Warning] [omni.physx.plugin] Invalid PhysX transform detected for /World/Stem/SmoothBranch_23.
2026-07-23 09:51:16 [12,853ms] [Warning] [omni.physx.plugin] Invalid PhysX transform detected for /World/Stem/SmoothBranch_24.
2026-07-23 09:51:16 [12,853ms] [Warning] [omni.physx.plugin] Invalid PhysX transform detected for /World/Stem/Fruit_Smooth_base.
2026-07-23 09:51:16 [12,853ms] [Warning] [omni.physx.plugin] Invalid PhysX transform detected for /World/Stem/Fruit_Smooth_tip.
2026-07-23 09:51:16 [12,853ms] [Warning] [omni.physx.plugin] Invalid PhysX transform detected for /World/Stem/Fruit_Smooth.
2026-07-23 09:51:16 [12,864ms] [Warning] [omni.physx.plugin] Invalid PhysX transform detected for /World/Stem/SmoothBranch_00.
2026-07-23 09:51:16 [12,864ms] [Warning] [omni.physx.plugin] Invalid PhysX transform detected for /World/Stem/SmoothBranch_01.
2026-07-23 09:51:16 [12,864ms] [Warning] [omni.physx.plugin] Invalid PhysX transform detected for /World/Stem/SmoothBranch_02.
2026-07-23 09:51:16 [12,864ms] [Warning] [omni.physx.plugin] Invalid PhysX transform detected for /World/Stem/SmoothBranch_03.
2026-07-23 09:51:16 [12,864ms] [Warning] [omni.physx.plugin] Invalid PhysX transform detected for /World/Stem/SmoothBranch_04.
2026-07-23 09:51:16 [12,864ms] [Warning] [omni.physx.plugin] Invalid PhysX transform detected for /World/Stem/SmoothBranch_05.
2026-07-23 09:51:16 [12,864ms] [Warning] [omni.physx.plugin] Invalid PhysX transform detected for /World/Stem/SmoothBranch_06.
2026-07-23 09:51:16 [12,864ms] [Warning] [omni.physx.plugin] Invalid PhysX transform detected for /World/Stem/SmoothBranch_07.
2026-07-23 09:51:16 [12,864ms] [Warning] [omni.physx.plugin] Invalid PhysX transform detected for /World/Stem/SmoothBranch_08.
2026-07-23 09:51:16 [12,864ms] [Warning] [omni.physx.plugin] Invalid PhysX transform detected for /World/Stem/SmoothBranch_09.
2026-07-23 09:51:16 [12,864ms] [Warning] [omni.physx.plugin] Invalid PhysX transform detected for /World/Stem/SmoothBranch_10.
2026-07-23 09:51:16 [12,864ms] [Warning] [omni.physx.plugin] Invalid PhysX transform detected for /World/Stem/SmoothBranch_11.
2026-07-23 09:51:16 [12,864ms] [Warning] [omni.physx.plugin] Invalid PhysX transform detected for /World/Stem/SmoothBranch_12.
2026-07-23 09:51:16 [12,864ms] [Warning] [omni.physx.plugin] Invalid PhysX transform detected for /World/Stem/SmoothBranch_13.
2026-07-23 09:51:16 [12,864ms] [Warning] [omni.physx.plugin] Invalid PhysX transform detected for /World/Stem/SmoothBranch_14.
2026-07-23 09:51:16 [12,864ms] [Warning] [omni.physx.plugin] Invalid PhysX transform detected for /World/Stem/SmoothBranch_15.
2026-07-23 09:51:16 [12,864ms] [Warning] [omni.physx.plugin] Invalid PhysX transform detected for /World/Stem/SmoothBranch_16.
2026-07-23 09:51:16 [12,864ms] [Warning] [omni.physx.plugin] Invalid PhysX transform detected for /World/Stem/SmoothBranch_17.
2026-07-23 09:51:16 [12,864ms] [Warning] [omni.physx.plugin] Invalid PhysX transform detected for /World/Stem/SmoothBranch_18.
2026-07-23 09:51:16 [12,864ms] [Warning] [omni.physx.plugin] Invalid PhysX transform detected for /World/Stem/SmoothBranch_19.
2026-07-23 09:51:16 [12,864ms] [Warning] [omni.physx.plugin] Invalid PhysX transform detected for /World/Stem/SmoothBranch_20.
2026-07-23 09:51:16 [12,864ms] [Warning] [omni.physx.plugin] Invalid PhysX transform detected for /World/Stem/SmoothBranch_21.
2026-07-23 09:51:16 [12,864ms] [Warning] [omni.physx.plugin] Invalid PhysX transform detected for /World/Stem/SmoothBranch_22.
2026-07-23 09:51:16 [12,864ms] [Warning] [omni.physx.plugin] Invalid PhysX transform detected for /World/Stem/SmoothBranch_23.
2026-07-23 09:51:16 [12,864ms] [Warning] [omni.physx.plugin] Invalid PhysX transform detected for /World/Stem/SmoothBranch_24.
2026-07-23 09:51:16 [12,864ms] [Warning] [omni.physx.plugin] Invalid PhysX transform detected for /World/Stem/Fruit_Smooth_base.
2026-07-23 09:51:16 [12,864ms] [Warning] [omni.physx.plugin] Invalid PhysX transform detected for /World/Stem/Fruit_Smooth_tip.
2026-07-23 09:51:16 [12,864ms] [Warning] [omni.physx.plugin] Invalid PhysX transform detected for /World/Stem/Fruit_Smooth.
[13.978s] Simulation App Shutting Down
