[Info] [carb] Logging to file: /home/alessandro/isaacsim/kit/logs/Kit/Isaac-Sim Python/4.5/kit_20260723_105158.log
2026-07-23 09:51:58 [0ms] [Warning] [omni.kit.app.plugin] No crash reporter present, dumps uploading isn't available.
[0.032s] [ext: omni.kit.async_engine-0.0.1] startup
[0.348s] [ext: omni.metrics.core-0.0.1] startup
[0.348s] [ext: omni.client.lib-1.0.0] startup
[0.365s] [ext: omni.blobkey-1.1.2] startup
[0.365s] [ext: omni.stats-1.0.1] startup
[0.366s] [ext: omni.datastore-0.0.0] startup
[0.370s] [ext: omni.client-1.2.2] startup
[0.424s] [ext: omni.ujitso.default-1.0.0] startup
[0.425s] [ext: omni.hsscclient-1.1.1] startup
[0.427s] [ext: omni.gpu_foundation.shadercache.vulkan-1.0.0] startup
[0.429s] [ext: omni.assets.plugins-0.0.0] startup
[0.430s] [ext: omni.gpu_foundation-0.0.0] startup
[0.434s] [ext: carb.windowing.plugins-1.0.0] startup
[0.438s] [ext: omni.kit.renderer.init-0.0.0] startup
2026-07-23 09:51:59 [659ms] [Warning] [gpu.foundation.plugin] Skipping unsupported non-NVIDIA GPU: Intel(R) Graphics (RPL-P)
2026-07-23 09:51:59 [659ms] [Warning] [gpu.foundation.plugin] Skipping unsupported non-NVIDIA GPU: Intel(R) Graphics (RPL-P)

|---------------------------------------------------------------------------------------------|
| Driver Version: 575.57.08     | Graphics API: Vulkan
|=============================================================================================|
| GPU | Name                             | Active | LDA | GPU Memory | Vendor-ID | LUID       |
|     |                                  |        |     |            | Device-ID | UUID       |
|     |                                  |        |     |            | Bus-ID    |            |
|---------------------------------------------------------------------------------------------|
| 0   | NVIDIA GeForce RTX 4080 Laptop.. | Yes: 0 |     | 12282   MB | 10de      | 0          |
|     |                                  |        |     |            | 27e0      | d30f32f4.. |
|     |                                  |        |     |            | 1         |            |
|---------------------------------------------------------------------------------------------|
| 1   | Intel(R) Graphics (RPL-P)        |        |     | 23831   MB | 8086      | 0          |
|     |                                  |        |     |            | a7a0      | 8680a0a7.. |
|     |                                  |        |     |            | 0         |            |
|=============================================================================================|
| OS: 22.04.5 LTS (Jammy Jellyfish) ubuntu, Version: 22.04.5, Kernel: 6.8.0-124-generic
| XServer Vendor: The X.Org Foundation, XServer Version: 12101004 (1.21.1.4)
| Processor: 13th Gen Intel(R) Core(TM) i9-13900HK
| Bare Metal Cores: 14 | Bare Metal Logical Cores: 28
| Available Cores:  20 
|---------------------------------------------------------------------------------------------|
| Total Memory (MB): 31775 | Free Memory: 26086
| Total Page/Swap (MB): 2047 | Free Page/Swap: 2047
|---------------------------------------------------------------------------------------------|
2026-07-23 09:51:59 [916ms] [Warning] [gpu.foundation.plugin] IOMMU is enabled.
2026-07-23 09:51:59 [916ms] [Warning] [gpu.foundation.plugin] Detected IOMMU is enabled. Running CUDA peer-to-peer bandwidth and latency validation.
Unidirectional P2P=Enabled Bandwidth (P2P Writes) Matrix (GB/s)
   D\D     0 
     0 310.33 
P2P=Enabled Latency (P2P Writes) Matrix (us)
   GPU     0 
     0   1.48 

   CPU     0 
     0   1.44 
[1.048s] [ext: omni.kit.pipapi-0.0.0] startup
[1.049s] [ext: omni.kit.pip_archive-0.0.0] startup
[1.050s] [ext: omni.pip.compute-1.4.5] startup
[1.050s] [ext: omni.materialx.libs-1.0.6] startup
[1.055s] [ext: omni.kit.telemetry-0.5.1] startup
[1.070s] [ext: omni.pip.cloud-1.1.7] startup
[1.073s] [ext: omni.isaac.core_archive-2.3.3] startup
[1.073s] [ext: omni.usd.config-1.0.5] startup
[1.075s] [ext: omni.gpucompute.plugins-0.0.0] startup
[1.076s] [ext: omni.usd.libs-1.0.1] startup
[1.139s] [ext: omni.isaac.ml_archive-2.1.2] startup
[1.139s] [ext: omni.mdl-55.0.1] startup
[1.155s] [ext: omni.iray.libs-0.0.0] startup
[1.159s] [ext: omni.mdl.neuraylib-0.2.10] startup
[1.160s] [ext: omni.kit.usd.mdl-1.0.7] startup
[1.236s] [ext: omni.kit.loop-isaac-1.2.1] startup
[1.237s] [ext: omni.kit.test-1.1.2] startup
[1.275s] [ext: omni.appwindow-1.1.9] startup
[3.049s] [ext: omni.kit.renderer.core-1.0.2] startup
[4.194s] [ext: omni.kit.renderer.capture-0.0.0] startup
[4.196s] [ext: omni.kit.renderer.imgui-1.0.2] startup
[4.250s] [ext: omni.ui-2.26.5] startup
[4.258s] [ext: omni.kit.mainwindow-1.0.3] startup
[4.259s] [ext: carb.audio-0.1.0] startup
[4.261s] [ext: omni.uiaudio-1.0.0] startup
[4.262s] [ext: omni.kit.uiapp-0.0.0] startup
[4.262s] [ext: omni.usd.schema.metrics.assembler-106.5.0] startup
[4.270s] [ext: omni.usd.schema.anim-0.0.0] startup
[4.285s] [ext: omni.usd.schema.isaac-3.0.2] startup
[4.285s] [ext: omni.usd.schema.geospatial-0.0.0] startup
[4.287s] [ext: omni.usd.schema.physx-106.5.7] startup
[4.310s] [ext: omni.usd.schema.audio-0.0.0] startup
[4.312s] [ext: omni.usd.schema.semantics-0.0.0] startup
[4.314s] [ext: omni.usd_resolver-1.0.0] startup
[4.317s] [ext: usdrt.scenegraph-7.5.1] startup
[4.348s] [ext: omni.kit.actions.core-1.0.0] startup
[4.350s] [ext: omni.timeline-1.0.11] startup
[4.351s] [ext: omni.usd.core-1.4.2] startup
[4.353s] [ext: omni.resourcemonitor-107.0.0] startup
[4.355s] [ext: omni.activity.core-1.0.1] startup
[4.356s] [ext: omni.kit.audiodeviceenum-1.0.1] startup
[4.357s] [ext: omni.hydra.usdrt_delegate-7.5.1] startup
[4.364s] [ext: omni.graph.exec-0.9.4] startup
[4.365s] [ext: omni.kit.window.popup_dialog-2.0.24] startup
[4.368s] [ext: omni.kit.exec.core-0.13.4] startup
[4.369s] [ext: omni.kit.widget.nucleus_connector-1.1.10] startup
[4.370s] [ext: omni.kit.usd_undo-0.1.8] startup
[4.371s] [ext: omni.kit.commands-1.4.9] startup
[4.373s] [ext: omni.hydra.scene_delegate-0.3.3] startup
[4.377s] [ext: omni.usd-1.12.4] startup
[4.405s] [ext: omni.kit.asset_converter-2.8.3] startup
[4.413s] [ext: omni.usd.schema.omniscripting-1.0.0] startup
[4.417s] [ext: omni.usd.schema.omnigraph-1.0.0] startup
[4.422s] [ext: omni.usd.schema.forcefield-106.5.7] startup
[4.426s] [ext: isaacsim.robot.schema-3.1.2] startup
[4.432s] [ext: omni.inspect-1.0.1] startup
[4.433s] [ext: omni.kit.notification_manager-1.0.9] startup
[4.434s] [ext: omni.graph.core-2.181.8] startup
[4.436s] [ext: isaacsim.core.deprecation_manager-0.2.2] startup
[4.436s] [ext: omni.index.libs-380600.1777.0] startup
[4.436s] [ext: omni.ujitso.processor.texture-1.0.0] startup
[4.437s] [ext: omni.index-1.0.1] startup
[4.438s] [ext: omni.kit.widget.path_field-2.0.11] startup
[4.438s] [ext: omni.volume-0.5.0] startup
[4.442s] [ext: omni.ujitso.client-0.0.0] startup
[4.443s] [ext: omni.hydra.rtx.shadercache.vulkan-1.0.0] startup
[4.443s] [ext: omni.kit.widget.browser_bar-2.0.10] startup
[4.444s] [ext: omni.kit.clipboard-1.0.5] startup
[4.444s] [ext: omni.hydra.rtx-1.0.0] startup
2026-07-23 09:52:03 [4,442ms] [Warning] [omni.log] Source: omni.hydra was already registered.
[4.462s] [ext: omni.kit.viewport.registry-104.0.6] startup
[4.462s] [ext: omni.kit.helper.file_utils-0.1.9] startup
[4.464s] [ext: omni.kit.widget.options_menu-1.1.6] startup
[4.466s] [ext: omni.kit.menu.core-1.1.2] startup
[4.466s] [ext: omni.kit.widget.filebrowser-2.10.52] startup
[4.470s] [ext: omni.ui.scene-1.11.2] startup
[4.474s] [ext: omni.kit.widget.options_button-1.0.3] startup
[4.474s] [ext: omni.kit.widget.context_menu-1.2.4] startup
[4.475s] [ext: omni.kit.viewport.legacy_gizmos-1.0.16] startup
[4.477s] [ext: omni.kit.usd.layers-2.2.0] startup
[4.483s] [ext: omni.kit.window.filepicker-2.11.7] startup
[4.491s] [ext: omni.kit.hydra_texture-1.4.0] startup
[4.495s] [ext: omni.kit.viewport.scene_camera_model-1.0.5] startup
[4.499s] [ext: omni.kit.context_menu-1.8.3] startup
[4.501s] [ext: omni.kit.window.file_importer-1.1.14] startup
[4.502s] [ext: omni.kit.menu.utils-1.7.7] startup
[4.508s] [ext: omni.kit.widget.viewport-107.0.7] startup
[4.511s] [ext: omni.kit.window.drop_support-1.0.4] startup
[4.511s] [ext: omni.kit.raycast.query-1.0.5] startup
[4.516s] [ext: omni.kit.material.library-1.5.15] startup
[4.519s] [ext: omni.hydra.engine.stats-1.0.3] startup
[4.521s] [ext: omni.kit.viewport.window-107.0.8] startup
[4.535s] [ext: omni.warp.core-1.5.0] startup
[4.737s] [ext: omni.kit.viewport.utility-1.0.18] startup
[4.737s] [ext: omni.kit.hotkeys.core-1.3.10] startup
[4.738s] [ext: omni.kit.widget.prompt-1.0.7] startup
[4.739s] [ext: omni.kit.usd.collect-2.2.22] startup
[4.741s] [ext: omni.kit.window.content_browser_registry-0.0.6] startup
[4.742s] [ext: omni.graph.tools-1.79.1] startup
[4.758s] [ext: omni.kit.window.file_exporter-1.0.31] startup
[4.759s] [ext: omni.kit.stage_template.core-1.1.22] startup
[4.759s] [ext: omni.graph.image.core-0.6.0] startup
[4.760s] [ext: omni.graph.action_core-1.1.7] startup
[4.762s] [ext: omni.graph-1.140.2] startup
[4.795s] [ext: omni.kit.window.file-1.3.57] startup
[4.798s] [ext: omni.kit.widget.filter-1.1.4] startup
[4.799s] [ext: omni.graph.image.nodes-1.3.0] startup
[4.802s] [ext: omni.graph.action_nodes-1.40.1] startup
[4.805s] [ext: omni.kit.window.content_browser-2.10.3] startup
[4.821s] [ext: omni.kvdb-106.5.7] startup
[4.823s] [ext: omni.graph.action-1.120.0] startup
[4.826s] [ext: omni.kit.tool.collect-2.2.16] startup
[4.829s] [ext: omni.graph.nodes-1.162.1] startup
[4.838s] [ext: omni.kit.widget.searchfield-1.1.8] startup
[4.841s] [ext: omni.localcache-106.5.7] startup
[4.843s] [ext: omni.convexdecomposition-106.5.7] startup
[4.849s] [ext: omni.kit.widget.stage_icons-1.0.6] startup
[4.851s] [ext: omni.kit.widget.stage-2.11.6] startup
[4.875s] [ext: omni.usdphysics-106.5.7] startup
[4.878s] [ext: omni.physx.foundation-106.5.7] startup
[4.879s] [ext: omni.physics.tensors-106.5.7] startup
[4.884s] [ext: omni.kit.window.stage-2.5.11] startup
[4.887s] [ext: omni.kit.property.adapter.core-1.0.2] startup
[4.889s] [ext: omni.physx.cooking-106.5.7] startup
[4.895s] [ext: omni.kit.widget.zoombar-1.0.5] startup
[4.896s] [ext: omni.kit.widget.highlight_label-1.0.3] startup
[4.897s] [ext: omni.kit.property.adapter.usd-1.0.2] startup
[4.898s] [ext: omni.kit.property.adapter.fabric-1.0.3] startup
[4.900s] [ext: omni.physx-106.5.7] startup
[4.910s] [ext: omni.kit.browser.core-2.3.11] startup
[4.913s] [ext: omni.kit.window.property-1.11.5] startup
[4.916s] [ext: omni.kit.widget.text_editor-1.0.2] startup
[4.917s] [ext: omni.kit.property.usd-4.2.16] startup
[4.924s] [ext: omni.physx.tensors-106.5.7] startup
[4.929s] [ext: omni.kit.menu.stage-1.2.5] startup
[4.929s] [ext: omni.kit.browser.folder.core-1.10.1] startup
[4.934s] [ext: omni.warp-1.5.0] startup
[4.938s] [ext: isaacsim.examples.browser-0.1.8] startup
[4.945s] [ext: omni.physx.stageupdate-106.5.7] startup
[4.949s] [ext: omni.kit.numpy.common-0.1.2] startup
[4.952s] [ext: isaacsim.core.version-2.0.2] startup
[4.953s] [ext: omni.isaac.dynamic_control-1.3.15] startup
2026-07-23 09:52:03 [4,958ms] [Warning] [omni.isaac.dynamic_control] omni.isaac.dynamic_control is deprecated as of Isaac Sim 4.5. No action is needed from end-users.
[4.968s] [ext: isaacsim.storage.native-1.0.6] startup
[4.981s] [ext: omni.kit.menu.create-1.0.17] startup
[4.985s] [ext: isaacsim.core.utils-2.2.8] startup
[4.995s] [ext: omni.kit.widget.searchable_combobox-1.0.6] startup
[5.000s] [ext: omni.kit.primitive.mesh-1.0.17] startup
[5.008s] [ext: isaacsim.core.simulation_manager-0.3.3] startup
[5.929s] [ext: omni.kit.scripting-106.5.2] startup
[5.933s] [ext: omni.kit.stage_templates-1.2.6] startup
[5.935s] [ext: isaacsim.core.prims-0.3.7] startup
[5.949s] [ext: isaacsim.replicator.behavior-1.0.8] startup
[5.950s] [ext: isaacsim.core.api-4.2.16] startup
[5.957s] [ext: omni.ui_query-1.1.7] startup
[5.959s] [ext: omni.kit.manipulator.viewport-107.0.1] startup
[5.960s] [ext: omni.kit.ui_test-1.3.3] startup
[5.961s] [ext: omni.kit.window.extensions-1.4.25] startup
[5.966s] [ext: omni.graph.visualization.nodes-2.1.1] startup
[5.970s] [ext: omni.kit.tool.asset_importer-2.12.2] startup
[5.978s] [ext: isaacsim.gui.components-1.0.9] startup
[5.984s] [ext: omni.kit.widget.settings-1.2.2] startup
[5.987s] [ext: omni.kit.widget.graph-1.12.17] startup
[5.997s] [ext: omni.kit.window.preferences-1.7.0] startup
[6.002s] [ext: omni.kit.graph.delegate.default-1.2.2] startup
[6.002s] [ext: omni.kit.viewport.menubar.core-107.1.2] startup
[6.014s] [ext: omni.kit.widget.material_preview-1.0.16] startup
[6.016s] [ext: omni.kit.graph.usd.commands-1.3.1] startup
[6.017s] [ext: omni.kit.graph.editor.core-1.5.3] startup
[6.019s] [ext: omni.syntheticdata-0.6.10] startup
[6.039s] [ext: omni.kit.window.material_graph-1.8.19] startup
[6.065s] [ext: omni.graph.scriptnode-1.40.1] startup
[6.068s] [ext: isaacsim.core.cloner-1.3.4] startup
[6.070s] [ext: omni.replicator.core-1.11.35] startup
2026-07-23 09:52:04 [6,133ms] [Warning] [omni.replicator.core.scripts.extension] No material configuration file, adding configuration to material settings directly.
[6.144s] [ext: omni.isaac.cloner-1.0.2] startup
2026-07-23 09:52:04 [6,137ms] [Warning] [omni.isaac.cloner] omni.isaac.cloner has been deprecated in favor of isaacsim.core.cloner. Please update your code accordingly.
[6.146s] [ext: isaacsim.core.nodes-2.1.4] startup
[6.153s] [ext: isaacsim.asset.importer.urdf-2.3.10] startup
[6.225s] [ext: omni.isaac.core-4.0.3] startup
2026-07-23 09:52:04 [6,217ms] [Warning] [omni.isaac.core.physics_context.physics_context] omni.isaac.core.physics_context.physics_context has been deprecated in favor of isaacsim.core.api.physics_context.physics_context. Please update your code accordingly.
2026-07-23 09:52:04 [6,218ms] [Warning] [omni.isaac.core.simulation_context.simulation_context] omni.isaac.core.simulation_context.simulation_context has been deprecated in favor of isaacsim.core.api.simulation_context.simulation_context. Please update your code accordingly.
2026-07-23 09:52:04 [6,219ms] [Warning] [omni.isaac.core.world.world] omni.isaac.core.world.world has been deprecated in favor of isaacsim.core.api.world.world. Please update your code accordingly.
2026-07-23 09:52:04 [6,219ms] [Warning] [omni.isaac.core] omni.isaac.core has been deprecated in favor of isaacsim.core.api. Please update your code accordingly.
[6.228s] [ext: omni.isaac.core_nodes-2.0.2] startup
2026-07-23 09:52:04 [6,223ms] [Warning] [omni.isaac.core_nodes] omni.isaac.core_nodes has been deprecated in favor of isaacsim.core.nodes. Please update your code accordingly.
[6.233s] [ext: omni.anim.curve.core-1.2.0] startup
[6.248s] [ext: isaacsim.robot_motion.lula-4.0.4] startup
[6.260s] [ext: isaacsim.asset.importer.mjcf-2.3.3] startup
[6.272s] [ext: isaacsim.robot_motion.motion_generation-8.0.6] startup
[6.284s] [ext: isaacsim.asset.browser-1.3.4] startup
[6.369s] [ext: isaacsim.robot.surface_gripper-2.0.6] startup
[6.372s] [ext: omni.kit.selection-0.1.5] startup
[6.374s] [ext: isaacsim.robot_motion.lula_test_widget-1.0.5] startup
[6.380s] [ext: omni.isaac.assets_check-0.3.9] startup
2026-07-23 09:52:05 [6,372ms] [Warning] [omni.isaac.assets_check] omni.isaac.assets_check has been deprecated in favor of isaacsim.asset.browser. Please update your code accordingly.
[6.383s] [ext: isaacsim.robot.manipulators-3.0.4] startup
[6.385s] [ext: isaacsim.sensors.physics-0.3.5] startup
[6.397s] [ext: isaacsim.gui.menu-2.0.9] startup
[6.414s] [ext: omni.isaac.lula_test_widget-1.0.2] startup
2026-07-23 09:52:05 [6,406ms] [Warning] [omni.isaac.lula_test_widget] omni.isaac.lula_test_widget has been deprecated in favor of isaacsim.robot_motion.lula_test_widget. Please update your code accordingly.
[6.416s] [ext: omni.sensors.nv.common-2.5.0-coreapi] startup
[6.429s] [ext: omni.isaac.manipulators-3.0.3] startup
2026-07-23 09:52:05 [6,420ms] [Warning] [omni.isaac.manipulators] omni.isaac.manipulators has been deprecated in favor of isaacsim.robot.manipulators. Please update your code accordingly.
2026-07-23 09:52:05 [6,421ms] [Warning] [omni.isaac.manipulators.controllers] omni.isaac.manipulators has been deprecated in favor of isaacsim.robot.manipulators. Please update your code accordingly.
2026-07-23 09:52:05 [6,421ms] [Warning] [omni.isaac.manipulators.controllers.pick_place_controller] omni.isaac.manipulators has been deprecated in favor of isaacsim.robot.manipulators. Please update your code accordingly.
2026-07-23 09:52:05 [6,421ms] [Warning] [omni.isaac.manipulators.controllers.stacking_controller] omni.isaac.manipulators has been deprecated in favor of isaacsim.robot.manipulators. Please update your code accordingly.
2026-07-23 09:52:05 [6,421ms] [Warning] [omni.isaac.manipulators.grippers] omni.isaac.manipulators has been deprecated in favor of isaacsim.robot.manipulators. Please update your code accordingly.
2026-07-23 09:52:05 [6,421ms] [Warning] [omni.isaac.manipulators.grippers.gripper] omni.isaac.manipulators has been deprecated in favor of isaacsim.robot.manipulators. Please update your code accordingly.
2026-07-23 09:52:05 [6,421ms] [Warning] [omni.isaac.manipulators.grippers.parallel_gripper] omni.isaac.manipulators has been deprecated in favor of isaacsim.robot.manipulators. Please update your code accordingly.
2026-07-23 09:52:05 [6,421ms] [Warning] [omni.isaac.manipulators.grippers.surface_gripper] omni.isaac.manipulators has been deprecated in favor of isaacsim.robot.manipulators. Please update your code accordingly.
2026-07-23 09:52:05 [6,421ms] [Warning] [omni.isaac.manipulators.manipulators] omni.isaac.manipulators has been deprecated in favor of isaacsim.robot.manipulators. Please update your code accordingly.
2026-07-23 09:52:05 [6,421ms] [Warning] [omni.isaac.manipulators.manipulators.single_manipulator] omni.isaac.manipulators has been deprecated in favor of isaacsim.robot.manipulators. Please update your code accordingly.
[6.430s] [ext: isaacsim.robot.policy.examples-4.0.3] startup
[6.433s] [ext: omni.isaac.menu-1.0.2] startup
2026-07-23 09:52:05 [6,425ms] [Warning] [omni.isaac.menu] omni.isaac.menu has been deprecated in favor of isaacsim.gui.menu. Please update your code accordingly.
[6.435s] [ext: omni.isaac.motion_generation-8.0.2] startup
2026-07-23 09:52:05 [6,427ms] [Warning] [omni.isaac.motion_generation] omni.isaac.motion_generation has been deprecated in favor of isaacsim.robot_motion.motion_generation. Please update your code accordingly.
2026-07-23 09:52:05 [6,427ms] [Warning] [omni.isaac.motion_generation.articulation_kinematics_solver] omni.isaac.motion_generation has been deprecated in favor of isaacsim.robot_motion.motion_generation. Please update your code accordingly.
2026-07-23 09:52:05 [6,428ms] [Warning] [omni.isaac.motion_generation.articulation_motion_policy] omni.isaac.motion_generation has been deprecated in favor of isaacsim.robot_motion.motion_generation. Please update your code accordingly.
2026-07-23 09:52:05 [6,428ms] [Warning] [omni.isaac.motion_generation.articulation_trajectory] omni.isaac.motion_generation has been deprecated in favor of isaacsim.robot_motion.motion_generation. Please update your code accordingly.
2026-07-23 09:52:05 [6,429ms] [Warning] [omni.isaac.motion_generation.kinematics_interface] omni.isaac.motion_generation has been deprecated in favor of isaacsim.robot_motion.motion_generation. Please update your code accordingly.
2026-07-23 09:52:05 [6,429ms] [Warning] [omni.isaac.motion_generation.lula] omni.isaac.motion_generation has been deprecated in favor of isaacsim.robot_motion.motion_generation. Please update your code accordingly.
2026-07-23 09:52:05 [6,429ms] [Warning] [omni.isaac.motion_generation.lula.kinematics] omni.isaac.motion_generation has been deprecated in favor of isaacsim.robot_motion.motion_generation. Please update your code accordingly.
2026-07-23 09:52:05 [6,429ms] [Warning] [omni.isaac.motion_generation.lula.motion_policies] omni.isaac.motion_generation has been deprecated in favor of isaacsim.robot_motion.motion_generation. Please update your code accordingly.
2026-07-23 09:52:05 [6,429ms] [Warning] [omni.isaac.motion_generation.lula.path_planners] omni.isaac.motion_generation has been deprecated in favor of isaacsim.robot_motion.motion_generation. Please update your code accordingly.
2026-07-23 09:52:05 [6,429ms] [Warning] [omni.isaac.motion_generation.lula.trajectory_generator] omni.isaac.motion_generation has been deprecated in favor of isaacsim.robot_motion.motion_generation. Please update your code accordingly.
2026-07-23 09:52:05 [6,429ms] [Warning] [omni.isaac.motion_generation.motion_policy_controller] omni.isaac.motion_generation has been deprecated in favor of isaacsim.robot_motion.motion_generation. Please update your code accordingly.
2026-07-23 09:52:05 [6,429ms] [Warning] [omni.isaac.motion_generation.motion_policy_interface] omni.isaac.motion_generation has been deprecated in favor of isaacsim.robot_motion.motion_generation. Please update your code accordingly.
2026-07-23 09:52:05 [6,429ms] [Warning] [omni.isaac.motion_generation.path_planner_visualizer] omni.isaac.motion_generation has been deprecated in favor of isaacsim.robot_motion.motion_generation. Please update your code accordingly.
2026-07-23 09:52:05 [6,429ms] [Warning] [omni.isaac.motion_generation.path_planning_interface] omni.isaac.motion_generation has been deprecated in favor of isaacsim.robot_motion.motion_generation. Please update your code accordingly.
2026-07-23 09:52:05 [6,429ms] [Warning] [omni.isaac.motion_generation.trajectory] omni.isaac.motion_generation has been deprecated in favor of isaacsim.robot_motion.motion_generation. Please update your code accordingly.
2026-07-23 09:52:05 [6,429ms] [Warning] [omni.isaac.motion_generation.world_interface] omni.isaac.motion_generation has been deprecated in favor of isaacsim.robot_motion.motion_generation. Please update your code accordingly.
[6.438s] [ext: omni.sensors.nv.materials-1.4.0-coreapi] startup
[6.440s] [ext: omni.isaac.nucleus-1.0.3] startup
2026-07-23 09:52:05 [6,432ms] [Warning] [omni.isaac.nucleus] omni.isaac.nucleus has been deprecated in favor of isaacsim.storage.native. Please update your code accordingly.
2026-07-23 09:52:05 [6,432ms] [Warning] [omni.isaac.nucleus.nucleus] omni.isaac.nucleus.nucleus has been deprecated in favor of isaacsim.storage.native. Please update your code accordingly.
[6.441s] [ext: omni.isaac.quadruped-3.0.2] startup
2026-07-23 09:52:05 [6,433ms] [Warning] [omni.isaac.quadruped] omni.isaac.quadruped has been deprecated in favor of isaacsim.robot.policy.examples. Please update your code accordingly.
[6.442s] [ext: omni.kit.manipulator.selector-1.1.1] startup
[6.444s] [ext: omni.sensors.nv.wpm-2.4.0-coreapi] startup
[6.447s] [ext: omni.sensors.nv.lidar-2.6.3-coreapi] startup
[6.451s] [ext: omni.sensors.nv.ids-1.4.0-coreapi] startup
[6.454s] [ext: isaacsim.robot.manipulators.examples-1.0.3] startup
[6.455s] [ext: isaacsim.util.debug_draw-2.0.2] startup
[6.458s] [ext: omni.sensors.tiled-0.0.6] startup
[6.460s] [ext: omni.sensors.nv.radar-2.6.1-coreapi] startup
[6.465s] [ext: omni.kit.widget.toolbar-1.7.3] startup
[6.471s] [ext: omni.kit.manipulator.transform-106.0.1] startup
[6.474s] [ext: isaacsim.sensors.physx-2.2.4] startup
[6.479s] [ext: isaacsim.sensors.rtx-13.6.3] startup
[6.485s] [ext: isaacsim.sensors.camera-0.2.9] startup
[6.492s] [ext: isaacsim.cortex.framework-1.0.2] startup
[6.494s] [ext: omni.kit.manipulator.tool.snap-1.5.12] startup
[6.513s] [ext: omni.isaac.range_sensor-4.0.2] startup
[6.515s] [ext: omni.isaac.surface_gripper-2.0.2] startup
2026-07-23 09:52:05 [6,508ms] [Warning] [omni.isaac.surface_gripper] omni.isaac.surface_gripper has been deprecated in favor of isaacsim.robot.surface_gripper. Please update your code accordingly.
[6.517s] [ext: omni.isaac.sensor-13.0.3] startup
2026-07-23 09:52:05 [6,510ms] [Warning] [omni.isaac.sensor] omni.isaac.sensor has been deprecated in favor of isaacsim.sensors.camera, isaacsim.sensors.physics, isaacsim.sensors.physx, and isaacsim.sensors.rtx. Please update your code accordingly.
2026-07-23 09:52:05 [6,510ms] [Warning] [omni.isaac.sensor.camera] omni.isaac.sensor.camera has been deprecated in favor of isaacsim.sensors.camera.camera. Please update your code accordingly.
2026-07-23 09:52:05 [6,510ms] [Warning] [omni.isaac.sensor.camera_view] omni.isaac.sensor.camera_view has been deprecated in favor of isaacsim.sensors.camera.camera_view. Please update your code accordingly.
2026-07-23 09:52:05 [6,510ms] [Warning] [omni.isaac.sensor.commands] omni.isaac.sensor.commands has been deprecated in favor of isaacsim.sensors.physics.commands, isaacsim.sensors.physx.commands, and isaacsim.sensors.rtx.commands. Please update your code accordingly.
2026-07-23 09:52:05 [6,510ms] [Warning] [omni.isaac.sensor.contact_sensor] omni.isaac.sensor.contact_sensor has been deprecated in favor of isaacsim.sensors.physics.contact_sensor. Please update your code accordingly.
2026-07-23 09:52:05 [6,510ms] [Warning] [omni.isaac.sensor.imu_sensor] omni.isaac.sensor.imu_sensor has been deprecated in favor of isaacsim.sensors.physics.imu_sensor. Please update your code accordingly.
2026-07-23 09:52:05 [6,510ms] [Warning] [omni.isaac.sensor.lidar_rtx] omni.isaac.sensor.lidar_rtx has been deprecated in favor of isaacsim.sensors.rtx.lidar_rtx. Please update your code accordingly.
2026-07-23 09:52:05 [6,510ms] [Warning] [omni.isaac.sensor.rotating_lidar_physX] omni.isaac.sensor.imu_sensor has been deprecated in favor of isaacsim.sensors.physix.rotating_lidar_physX. Please update your code accordingly.
2026-07-23 09:52:05 [6,511ms] [Warning] [omni.isaac.sensor.scripts.samples.contact_sensor] omni.isaac.sensor.scripts.samples.contact_sensor has been deprecated in favor of isaacsim.sensors.physics.scripts.samples.contact_sensor. Please update your code accordingly.
2026-07-23 09:52:05 [6,511ms] [Warning] [omni.isaac.sensor.scripts.samples.imu_sensor] omni.isaac.sensor.scripts.samples.imu_sensor has been deprecated in favor of isaacsim.sensors.physics.scripts.samples.imu_sensor. Please update your code accordingly.
2026-07-23 09:52:05 [6,511ms] [Warning] [omni.isaac.sensor.scripts.samples.lightbeam_sensor] omni.isaac.sensor.scripts.samples.lightbeam_sensor has been deprecated in favor of isaacsim.sensors.physx.scripts.samples.lightbeam_sensor. Please update your code accordingly.
[6.520s] [ext: omni.isaac.cortex-1.0.2] startup
2026-07-23 09:52:05 [6,513ms] [Warning] [omni.isaac.cortex] omni.isaac.cortex has been deprecated in favor of isaacsim.cortex.framework. Please update your code accordingly.
[6.522s] [ext: omni.kit.viewport.manipulator.transform-107.0.4] startup
[6.530s] [ext: omni.debugdraw-0.1.3] startup
[6.535s] [ext: omni.isaac.universal_robots-1.0.2] startup
2026-07-23 09:52:05 [6,527ms] [Warning] [omni.isaac.universal_robots] omni.isaac.universal_robots has been deprecated in favor of isaacsim.robot.manipulators.examples.universal_robots. Please update your code accordingly.
2026-07-23 09:52:05 [6,527ms] [Warning] [omni.isaac.universal_robots.kinematics_solver] omni.isaac.franka has been deprecated in favor of isaacsim.robot.manipulators.examples.universal_robots. Please update your code accordingly.
2026-07-23 09:52:05 [6,527ms] [Warning] [omni.isaac.universal_robots.ur10] omni.isaac.franka has been deprecated in favor of isaacsim.robot.manipulators.examples.universal_robots. Please update your code accordingly.
[6.536s] [ext: omni.isaac.utils-2.0.2] startup
[6.538s] [ext: omni.kit.manipulator.prim.core-107.0.7] startup
[6.544s] [ext: omni.fabric.commands-1.1.5] startup
[6.546s] [ext: omni.kit.manipulator.selection-106.0.1] startup
[6.547s] [ext: omni.kit.viewport.actions-107.0.0] startup
[6.550s] [ext: omni.kit.manipulator.prim.usd-107.0.3] startup
[6.552s] [ext: omni.kit.manipulator.prim.fabric-107.0.4] startup
[6.553s] [ext: isaacsim.cortex.behaviors-2.0.3] startup
[6.554s] [ext: omni.kit.widget.layers-1.8.2] startup
[6.564s] [ext: omni.kit.viewport.menubar.display-107.0.3] startup
[6.567s] [ext: omni.kit.manipulator.prim-107.0.0] startup
[6.568s] [ext: omni.isaac.cortex.sample_behaviors-2.0.2] startup
2026-07-23 09:52:05 [6,559ms] [Warning] [omni.isaac.cortex.sample_behaviors] omni.isaac.cortex.sample_behaviors has been deprecated in favor of isaacsim.cortex.behaviors. Please update your code accordingly.
[6.568s] [ext: omni.graph.ui_nodes-1.40.1] startup
[6.573s] [ext: omni.usdphysics.ui-106.5.7] startup
[6.597s] [ext: omni.physx.commands-106.5.7] startup
[6.602s] [ext: omni.kit.property.camera-1.0.9] startup
[6.604s] [ext: omni.hydra.scene_api-0.1.2] startup
[6.608s] [ext: omni.kit.property.geometry-1.3.3] startup
[6.612s] [ext: omni.kit.property.light-1.0.11] startup
[6.614s] [ext: omni.physx.ui-106.5.7] startup
[6.635s] [ext: omni.kit.property.material-1.10.17] startup
[6.640s] [ext: omni.kit.property.render-1.1.3] startup
[6.642s] [ext: omni.kit.property.transform-1.5.10] startup
[6.644s] [ext: omni.kit.property.audio-1.0.16] startup
[6.646s] [ext: isaacsim.gui.property-1.0.4] startup
[6.648s] [ext: omni.physx.demos-106.5.7] startup
[6.660s] [ext: omni.kit.property.physx-106.5.7] startup
[6.690s] [ext: omni.isaac.lula-4.0.2] startup
2026-07-23 09:52:05 [6,683ms] [Warning] [omni.isaac.lula] omni.isaac.lula has been deprecated in favor of isaacsim.robot_motion.lula. Please update your code accordingly.
[6.692s] [ext: omni.kit.property.bundle-1.3.2] startup
[6.694s] [ext: omni.kit.property.isaac-1.0.2] startup
2026-07-23 09:52:05 [6,686ms] [Warning] [omni.kit.property.isaac] omni.kit.property.isaac has been deprecated in favor of isaacsim.gui.property. Please update your code accordingly.
2026-07-23 09:52:05 [6,686ms] [Warning] [omni.kit.property.isaac.widgets] omni.kit.property.isaac.widgets has been deprecated in favor of isaacsim.gui.property.widgets. Please update your code accordingly.
[6.695s] [ext: omni.physx.vehicle-106.5.7] startup
[6.709s] [ext: omni.kit.viewport.menubar.camera-107.0.2] startup
[6.714s] [ext: omni.kit.viewport.menubar.lighting-106.0.2] startup
[6.716s] [ext: omni.kit.viewport.menubar.render-107.0.8] startup
[6.718s] [ext: omni.kit.viewport.menubar.settings-107.0.3] startup
[6.721s] [ext: omni.kit.window.console-0.2.14] startup
[6.728s] [ext: omni.physx.camera-106.5.7] startup
[6.738s] [ext: omni.kit.window.toolbar-1.6.2] startup
[6.741s] [ext: omni.isaac.version-2.0.2] startup
2026-07-23 09:52:05 [6,733ms] [Warning] [omni.isaac.version] omni.isaac.version has been deprecated in favor of isaacsim.core.version. Please update your code accordingly.
[6.742s] [ext: isaacsim.robot.wheeled_robots-4.0.3] startup
[6.745s] [ext: omni.physx.cct-106.5.7] startup
[6.756s] [ext: omni.physx.graph-106.5.7] startup
[6.774s] [ext: isaacsim.replicator.writers-1.0.1] startup
[6.793s] [ext: omni.physx.supportui-106.5.7] startup
[6.822s] [ext: omni.physx.telemetry-106.5.7] startup
[6.826s] [ext: omni.isaac.wheeled_robots-3.0.3] startup
2026-07-23 09:52:05 [6,818ms] [Warning] [omni.isaac.wheeled_robots] omni.isaac.wheeled_robots has been deprecated in favor of isaacsim.robot.wheeled_robots. Please update your code accordingly.
2026-07-23 09:52:05 [6,818ms] [Warning] [omni.isaac.wheeled_robots.controllers] omni.isaac.wheeled_robots has been deprecated in favor of isaacsim.robot.wheeled_robots. Please update your code accordingly.
2026-07-23 09:52:05 [6,818ms] [Warning] [omni.isaac.wheeled_robots.controllers.ackermann_controller] omni.isaac.wheeled_robots has been deprecated in favor of isaacsim.robot.wheeled_robots. Please update your code accordingly.
2026-07-23 09:52:05 [6,818ms] [Warning] [omni.isaac.wheeled_robots.controllers.differential_controller] omni.isaac.wheeled_robots has been deprecated in favor of isaacsim.robot.wheeled_robots. Please update your code accordingly.
2026-07-23 09:52:05 [6,818ms] [Warning] [omni.isaac.wheeled_robots.controllers.holonomic_controller] omni.isaac.wheeled_robots has been deprecated in favor of isaacsim.robot.wheeled_robots. Please update your code accordingly.
2026-07-23 09:52:05 [6,818ms] [Warning] [omni.isaac.wheeled_robots.controllers.quintic_path_planner] omni.isaac.wheeled_robots has been deprecated in favor of isaacsim.robot.wheeled_robots. Please update your code accordingly.
2026-07-23 09:52:05 [6,818ms] [Warning] [omni.isaac.wheeled_robots.controllers.stanley_control] omni.isaac.wheeled_robots has been deprecated in favor of isaacsim.robot.wheeled_robots. Please update your code accordingly.
2026-07-23 09:52:05 [6,819ms] [Warning] [omni.isaac.wheeled_robots.controllers.wheel_base_pose_controller] omni.isaac.wheeled_robots has been deprecated in favor of isaacsim.robot.wheeled_robots. Please update your code accordingly.
2026-07-23 09:52:05 [6,819ms] [Warning] [omni.isaac.wheeled_robots.impl] omni.isaac.wheeled_robots has been deprecated in favor of isaacsim.robot.wheeled_robots. Please update your code accordingly.
2026-07-23 09:52:05 [6,819ms] [Warning] [omni.isaac.wheeled_robots.robots] omni.isaac.wheeled_robots has been deprecated in favor of isaacsim.robot.wheeled_robots. Please update your code accordingly.
2026-07-23 09:52:05 [6,819ms] [Warning] [omni.isaac.wheeled_robots.robots.holonomic_robot_usd_setup] omni.isaac.wheeled_robots has been deprecated in favor of isaacsim.robot.wheeled_robots. Please update your code accordingly.
2026-07-23 09:52:05 [6,819ms] [Warning] [omni.isaac.wheeled_robots.robots.wheeled_robot] omni.isaac.wheeled_robots has been deprecated in favor of isaacsim.robot.wheeled_robots. Please update your code accordingly.
[6.828s] [ext: omni.isaac.franka-1.0.2] startup
2026-07-23 09:52:05 [6,821ms] [Warning] [omni.isaac.franka] omni.isaac.franka has been deprecated in favor of isaacsim.robot.manipulators.examples.franka. Please update your code accordingly.
2026-07-23 09:52:05 [6,821ms] [Warning] [omni.isaac.franka.franka] omni.isaac.franka has been deprecated in favor of isaacsim.robot.manipulators.examples.franka. Please update your code accordingly.
2026-07-23 09:52:05 [6,821ms] [Warning] [omni.isaac.franka.kinematics_solver] omni.isaac.franka has been deprecated in favor of isaacsim.robot.manipulators.examples.franka. Please update your code accordingly.
[6.830s] [ext: isaacsim.replicator.domain_randomization-1.0.2] startup
[6.835s] [ext: isaacsim.replicator.examples-1.1.2] startup
[6.837s] [ext: omni.kit.window.status_bar-0.1.7] startup
[6.846s] [ext: omni.rtx.window.settings-0.6.17] startup
[6.862s] [ext: omni.usd.metrics.assembler-106.5.0] startup
[6.870s] [ext: omni.physx.bundle-106.5.7] startup
[6.870s] [ext: isaacsim.app.about-2.0.7] startup
[6.871s] [ext: omni.replicator.isaac-2.0.3] startup
2026-07-23 09:52:05 [6,862ms] [Warning] [omni.replicator.isaac] omni.replicator.isaac has been deprecated in favor of isaacsim.replicator.domain_randomization, isaacsim.replicator.examples, isaacsim.replicator.writers. Please update your code accordingly.
[6.871s] [ext: omni.replicator.replicator_yaml-2.0.10] startup
[6.884s] [ext: omni.rtx.settings.core-0.6.3] startup
[6.889s] [ext: omni.usd.metrics.assembler.ui-106.5.0] startup
[6.892s] [ext: isaacsim.simulation_app-2.4.2] startup
[6.894s] [ext: omni.isaac.window.about-2.0.2] startup
2026-07-23 09:52:05 [6,887ms] [Warning] [omni.isaac.window.about] omni.isaac.window.about has been deprecated in favor of isaacsim.app.about. Please update your code accordingly.
2026-07-23 09:52:05 [6,887ms] [Warning] [omni.isaac.window.about.about] omni.isaac.window.about.about has been deprecated in favor of isaacsim.app.about.about. Please update your code accordingly.
[6.896s] [ext: semantics.schema.editor-0.3.10] startup
[6.898s] [ext: omni.kit.ui.actions-1.0.2] startup
[6.899s] [ext: semantics.schema.property-1.0.5] startup
[6.900s] [ext: omni.kit.manipulator.camera-106.0.3] startup
[6.904s] [ext: omni.isaac.kit-2.0.3] startup
2026-07-23 09:52:05 [6,895ms] [Warning] [omni.isaac.kit] omni.isaac.kit has been deprecated in favor of isaacsim.simulation_app. Please update your code accordingly.
[6.904s] [ext: omni.isaac.asset_browser-1.0.2] startup
2026-07-23 09:52:05 [6,896ms] [Warning] [omni.isaac.asset_browser] omni.isaac.asset_browser has been deprecated in favor of isaacsim.asset.browser. Please update your code accordingly.
[6.905s] [ext: isaacsim.core.throttling-2.0.2] startup
[6.906s] [ext: omni.kit.menu.common-1.1.9] startup
[6.908s] [ext: isaacsim.exp.base-4.5.0] startup
[6.908s] [ext: isaacsim.exp.base.python-4.5.0] startup
[6.909s] Simulation App Starting
[7.336s] app ready
2026-07-23 09:52:06 [7,342ms] [Warning] [rtx.scenedb.plugin] SceneDbContext : TLAS limit buffer size 7508933632
2026-07-23 09:52:06 [7,342ms] [Warning] [rtx.scenedb.plugin] SceneDbContext : TLAS limit : valid false, within: false
2026-07-23 09:52:06 [7,342ms] [Warning] [rtx.scenedb.plugin] SceneDbContext : TLAS limit : decrement: 167690, decrement size: 7433845248
2026-07-23 09:52:06 [7,342ms] [Warning] [rtx.scenedb.plugin] SceneDbContext : New limit 9574251 (slope: 447, intercept: 13179904)
2026-07-23 09:52:06 [7,342ms] [Warning] [rtx.scenedb.plugin] SceneDbContext : TLAS limit buffer size 4287216384
2026-07-23 09:52:06 [7,342ms] [Warning] [rtx.scenedb.plugin] SceneDbContext : TLAS limit : valid true, within: true
2026-07-23 09:52:06 [7,442ms] [Warning] [omni.usd-abi.plugin] No setting was found for '/rtx-defaults-transient/meshlights/forceDisable'
2026-07-23 09:52:06 [7,478ms] [Warning] [omni.usd-abi.plugin] No setting was found for '/rtx-defaults/post/dlss/execMode'
[9.968s] Simulation App Startup Complete
2026-07-23 09:52:09 [10,955ms] [Warning] [omni.physx.plugin] Detected an articulation at /World/Stem with more than 4 velocity iterations being added to a TGS scene.The related behavior changed recently, please consult the changelog. This warning will only print once.
2026-07-23 09:52:12 [13,522ms] [Warning] [omni.physx.plugin] Invalid PhysX transform detected for /World/Stem/Stress_50_00.
2026-07-23 09:52:12 [13,522ms] [Warning] [omni.physx.plugin] Invalid PhysX transform detected for /World/Stem/Stress_50_01.
2026-07-23 09:52:12 [13,522ms] [Warning] [omni.physx.plugin] Invalid PhysX transform detected for /World/Stem/Stress_50_02.
2026-07-23 09:52:12 [13,522ms] [Warning] [omni.physx.plugin] Invalid PhysX transform detected for /World/Stem/Stress_50_03.
2026-07-23 09:52:12 [13,522ms] [Warning] [omni.physx.plugin] Invalid PhysX transform detected for /World/Stem/Stress_50_04.
2026-07-23 09:52:12 [13,522ms] [Warning] [omni.physx.plugin] Invalid PhysX transform detected for /World/Stem/Stress_50_05.
2026-07-23 09:52:12 [13,522ms] [Warning] [omni.physx.plugin] Invalid PhysX transform detected for /World/Stem/Stress_50_06.
2026-07-23 09:52:12 [13,522ms] [Warning] [omni.physx.plugin] Invalid PhysX transform detected for /World/Stem/Stress_50_07.
2026-07-23 09:52:12 [13,522ms] [Warning] [omni.physx.plugin] Invalid PhysX transform detected for /World/Stem/Stress_50_08.
2026-07-23 09:52:12 [13,522ms] [Warning] [omni.physx.plugin] Invalid PhysX transform detected for /World/Stem/Stress_50_09.
2026-07-23 09:52:12 [13,522ms] [Warning] [omni.physx.plugin] Invalid PhysX transform detected for /World/Stem/Stress_50_10.
2026-07-23 09:52:12 [13,522ms] [Warning] [omni.physx.plugin] Invalid PhysX transform detected for /World/Stem/Stress_50_11.
2026-07-23 09:52:12 [13,522ms] [Warning] [omni.physx.plugin] Invalid PhysX transform detected for /World/Stem/Stress_50_12.
2026-07-23 09:52:12 [13,522ms] [Warning] [omni.physx.plugin] Invalid PhysX transform detected for /World/Stem/Stress_50_13.
2026-07-23 09:52:12 [13,522ms] [Warning] [omni.physx.plugin] Invalid PhysX transform detected for /World/Stem/Stress_50_14.
2026-07-23 09:52:12 [13,522ms] [Warning] [omni.physx.plugin] Invalid PhysX transform detected for /World/Stem/Stress_50_15.
2026-07-23 09:52:12 [13,522ms] [Warning] [omni.physx.plugin] Invalid PhysX transform detected for /World/Stem/Stress_50_16.
2026-07-23 09:52:12 [13,522ms] [Warning] [omni.physx.plugin] Invalid PhysX transform detected for /World/Stem/Stress_50_17.
2026-07-23 09:52:12 [13,522ms] [Warning] [omni.physx.plugin] Invalid PhysX transform detected for /World/Stem/Stress_50_18.
2026-07-23 09:52:12 [13,522ms] [Warning] [omni.physx.plugin] Invalid PhysX transform detected for /World/Stem/Stress_50_19.
2026-07-23 09:52:12 [13,522ms] [Warning] [omni.physx.plugin] Invalid PhysX transform detected for /World/Stem/Stress_50_20.
2026-07-23 09:52:12 [13,522ms] [Warning] [omni.physx.plugin] Invalid PhysX transform detected for /World/Stem/Stress_50_21.
2026-07-23 09:52:12 [13,522ms] [Warning] [omni.physx.plugin] Invalid PhysX transform detected for /World/Stem/Stress_50_22.
2026-07-23 09:52:12 [13,522ms] [Warning] [omni.physx.plugin] Invalid PhysX transform detected for /World/Stem/Stress_50_23.
2026-07-23 09:52:12 [13,522ms] [Warning] [omni.physx.plugin] Invalid PhysX transform detected for /World/Stem/Stress_50_24.
2026-07-23 09:52:12 [13,522ms] [Warning] [omni.physx.plugin] Invalid PhysX transform detected for /World/Stem/Stress_50_25.
2026-07-23 09:52:12 [13,522ms] [Warning] [omni.physx.plugin] Invalid PhysX transform detected for /World/Stem/Stress_50_26.
2026-07-23 09:52:12 [13,522ms] [Warning] [omni.physx.plugin] Invalid PhysX transform detected for /World/Stem/Stress_50_27.
2026-07-23 09:52:12 [13,522ms] [Warning] [omni.physx.plugin] Invalid PhysX transform detected for /World/Stem/Stress_50_28.
2026-07-23 09:52:12 [13,522ms] [Warning] [omni.physx.plugin] Invalid PhysX transform detected for /World/Stem/Stress_50_29.
2026-07-23 09:52:12 [13,522ms] [Warning] [omni.physx.plugin] Invalid PhysX transform detected for /World/Stem/Stress_50_30.
2026-07-23 09:52:12 [13,522ms] [Warning] [omni.physx.plugin] Invalid PhysX transform detected for /World/Stem/Stress_50_31.
2026-07-23 09:52:12 [13,522ms] [Warning] [omni.physx.plugin] Invalid PhysX transform detected for /World/Stem/Stress_50_32.
2026-07-23 09:52:12 [13,522ms] [Warning] [omni.physx.plugin] Invalid PhysX transform detected for /World/Stem/Stress_50_33.
2026-07-23 09:52:12 [13,522ms] [Warning] [omni.physx.plugin] Invalid PhysX transform detected for /World/Stem/Stress_50_34.
2026-07-23 09:52:12 [13,522ms] [Warning] [omni.physx.plugin] Invalid PhysX transform detected for /World/Stem/Stress_50_35.
2026-07-23 09:52:12 [13,522ms] [Warning] [omni.physx.plugin] Invalid PhysX transform detected for /World/Stem/Stress_50_36.
2026-07-23 09:52:12 [13,522ms] [Warning] [omni.physx.plugin] Invalid PhysX transform detected for /World/Stem/Stress_50_37.
2026-07-23 09:52:12 [13,522ms] [Warning] [omni.physx.plugin] Invalid PhysX transform detected for /World/Stem/Stress_50_38.
2026-07-23 09:52:12 [13,522ms] [Warning] [omni.physx.plugin] Invalid PhysX transform detected for /World/Stem/Stress_50_39.
2026-07-23 09:52:12 [13,522ms] [Warning] [omni.physx.plugin] Invalid PhysX transform detected for /World/Stem/Stress_50_40.
2026-07-23 09:52:12 [13,522ms] [Warning] [omni.physx.plugin] Invalid PhysX transform detected for /World/Stem/Stress_50_41.
2026-07-23 09:52:12 [13,522ms] [Warning] [omni.physx.plugin] Invalid PhysX transform detected for /World/Stem/Stress_50_42.
2026-07-23 09:52:12 [13,522ms] [Warning] [omni.physx.plugin] Invalid PhysX transform detected for /World/Stem/Stress_50_43.
2026-07-23 09:52:12 [13,522ms] [Warning] [omni.physx.plugin] Invalid PhysX transform detected for /World/Stem/Stress_50_44.
2026-07-23 09:52:12 [13,522ms] [Warning] [omni.physx.plugin] Invalid PhysX transform detected for /World/Stem/Stress_50_45.
2026-07-23 09:52:12 [13,522ms] [Warning] [omni.physx.plugin] Invalid PhysX transform detected for /World/Stem/Stress_50_46.
2026-07-23 09:52:12 [13,522ms] [Warning] [omni.physx.plugin] Invalid PhysX transform detected for /World/Stem/Stress_50_47.
2026-07-23 09:52:12 [13,522ms] [Warning] [omni.physx.plugin] Invalid PhysX transform detected for /World/Stem/Stress_50_48.
2026-07-23 09:52:12 [13,522ms] [Warning] [omni.physx.plugin] Invalid PhysX transform detected for /World/Stem/Stress_50_49.
2026-07-23 09:52:12 [13,522ms] [Warning] [omni.physx.plugin] Invalid PhysX transform detected for /World/Stem/Fruit_Stress_50_base.
2026-07-23 09:52:12 [13,522ms] [Warning] [omni.physx.plugin] Invalid PhysX transform detected for /World/Stem/Fruit_Stress_50_tip.
2026-07-23 09:52:12 [13,522ms] [Warning] [omni.physx.plugin] Invalid PhysX transform detected for /World/Stem/Fruit_Stress_50.
2026-07-23 09:52:12 [13,541ms] [Warning] [omni.physx.plugin] Invalid PhysX transform detected for /World/Stem/Stress_50_00.
2026-07-23 09:52:12 [13,541ms] [Warning] [omni.physx.plugin] Invalid PhysX transform detected for /World/Stem/Stress_50_01.
2026-07-23 09:52:12 [13,541ms] [Warning] [omni.physx.plugin] Invalid PhysX transform detected for /World/Stem/Stress_50_02.
2026-07-23 09:52:12 [13,541ms] [Warning] [omni.physx.plugin] Invalid PhysX transform detected for /World/Stem/Stress_50_03.
2026-07-23 09:52:12 [13,541ms] [Warning] [omni.physx.plugin] Invalid PhysX transform detected for /World/Stem/Stress_50_04.
2026-07-23 09:52:12 [13,541ms] [Warning] [omni.physx.plugin] Invalid PhysX transform detected for /World/Stem/Stress_50_05.
2026-07-23 09:52:12 [13,541ms] [Warning] [omni.physx.plugin] Invalid PhysX transform detected for /World/Stem/Stress_50_06.
2026-07-23 09:52:12 [13,541ms] [Warning] [omni.physx.plugin] Invalid PhysX transform detected for /World/Stem/Stress_50_07.
2026-07-23 09:52:12 [13,541ms] [Warning] [omni.physx.plugin] Invalid PhysX transform detected for /World/Stem/Stress_50_08.
2026-07-23 09:52:12 [13,541ms] [Warning] [omni.physx.plugin] Invalid PhysX transform detected for /World/Stem/Stress_50_09.
2026-07-23 09:52:12 [13,541ms] [Warning] [omni.physx.plugin] Invalid PhysX transform detected for /World/Stem/Stress_50_10.
2026-07-23 09:52:12 [13,541ms] [Warning] [omni.physx.plugin] Invalid PhysX transform detected for /World/Stem/Stress_50_11.
2026-07-23 09:52:12 [13,541ms] [Warning] [omni.physx.plugin] Invalid PhysX transform detected for /World/Stem/Stress_50_12.
2026-07-23 09:52:12 [13,541ms] [Warning] [omni.physx.plugin] Invalid PhysX transform detected for /World/Stem/Stress_50_13.
2026-07-23 09:52:12 [13,541ms] [Warning] [omni.physx.plugin] Invalid PhysX transform detected for /World/Stem/Stress_50_14.
2026-07-23 09:52:12 [13,541ms] [Warning] [omni.physx.plugin] Invalid PhysX transform detected for /World/Stem/Stress_50_15.
2026-07-23 09:52:12 [13,541ms] [Warning] [omni.physx.plugin] Invalid PhysX transform detected for /World/Stem/Stress_50_16.
2026-07-23 09:52:12 [13,541ms] [Warning] [omni.physx.plugin] Invalid PhysX transform detected for /World/Stem/Stress_50_17.
2026-07-23 09:52:12 [13,541ms] [Warning] [omni.physx.plugin] Invalid PhysX transform detected for /World/Stem/Stress_50_18.
2026-07-23 09:52:12 [13,541ms] [Warning] [omni.physx.plugin] Invalid PhysX transform detected for /World/Stem/Stress_50_19.
2026-07-23 09:52:12 [13,541ms] [Warning] [omni.physx.plugin] Invalid PhysX transform detected for /World/Stem/Stress_50_20.
2026-07-23 09:52:12 [13,541ms] [Warning] [omni.physx.plugin] Invalid PhysX transform detected for /World/Stem/Stress_50_21.
2026-07-23 09:52:12 [13,541ms] [Warning] [omni.physx.plugin] Invalid PhysX transform detected for /World/Stem/Stress_50_22.
2026-07-23 09:52:12 [13,541ms] [Warning] [omni.physx.plugin] Invalid PhysX transform detected for /World/Stem/Stress_50_23.
2026-07-23 09:52:12 [13,541ms] [Warning] [omni.physx.plugin] Invalid PhysX transform detected for /World/Stem/Stress_50_24.
2026-07-23 09:52:12 [13,541ms] [Warning] [omni.physx.plugin] Invalid PhysX transform detected for /World/Stem/Stress_50_25.
2026-07-23 09:52:12 [13,541ms] [Warning] [omni.physx.plugin] Invalid PhysX transform detected for /World/Stem/Stress_50_26.
2026-07-23 09:52:12 [13,541ms] [Warning] [omni.physx.plugin] Invalid PhysX transform detected for /World/Stem/Stress_50_27.
2026-07-23 09:52:12 [13,541ms] [Warning] [omni.physx.plugin] Invalid PhysX transform detected for /World/Stem/Stress_50_28.
2026-07-23 09:52:12 [13,541ms] [Warning] [omni.physx.plugin] Invalid PhysX transform detected for /World/Stem/Stress_50_29.
2026-07-23 09:52:12 [13,541ms] [Warning] [omni.physx.plugin] Invalid PhysX transform detected for /World/Stem/Stress_50_30.
2026-07-23 09:52:12 [13,541ms] [Warning] [omni.physx.plugin] Invalid PhysX transform detected for /World/Stem/Stress_50_31.
2026-07-23 09:52:12 [13,541ms] [Warning] [omni.physx.plugin] Invalid PhysX transform detected for /World/Stem/Stress_50_32.
2026-07-23 09:52:12 [13,541ms] [Warning] [omni.physx.plugin] Invalid PhysX transform detected for /World/Stem/Stress_50_33.
2026-07-23 09:52:12 [13,541ms] [Warning] [omni.physx.plugin] Invalid PhysX transform detected for /World/Stem/Stress_50_34.
2026-07-23 09:52:12 [13,541ms] [Warning] [omni.physx.plugin] Invalid PhysX transform detected for /World/Stem/Stress_50_35.
2026-07-23 09:52:12 [13,541ms] [Warning] [omni.physx.plugin] Invalid PhysX transform detected for /World/Stem/Stress_50_36.
2026-07-23 09:52:12 [13,541ms] [Warning] [omni.physx.plugin] Invalid PhysX transform detected for /World/Stem/Stress_50_37.
2026-07-23 09:52:12 [13,541ms] [Warning] [omni.physx.plugin] Invalid PhysX transform detected for /World/Stem/Stress_50_38.
2026-07-23 09:52:12 [13,541ms] [Warning] [omni.physx.plugin] Invalid PhysX transform detected for /World/Stem/Stress_50_39.
2026-07-23 09:52:12 [13,541ms] [Warning] [omni.physx.plugin] Invalid PhysX transform detected for /World/Stem/Stress_50_40.
2026-07-23 09:52:12 [13,541ms] [Warning] [omni.physx.plugin] Invalid PhysX transform detected for /World/Stem/Stress_50_41.
2026-07-23 09:52:12 [13,541ms] [Warning] [omni.physx.plugin] Invalid PhysX transform detected for /World/Stem/Stress_50_42.
2026-07-23 09:52:12 [13,541ms] [Warning] [omni.physx.plugin] Invalid PhysX transform detected for /World/Stem/Stress_50_43.
2026-07-23 09:52:12 [13,541ms] [Warning] [omni.physx.plugin] Invalid PhysX transform detected for /World/Stem/Stress_50_44.
2026-07-23 09:52:12 [13,541ms] [Warning] [omni.physx.plugin] Invalid PhysX transform detected for /World/Stem/Stress_50_45.
2026-07-23 09:52:12 [13,541ms] [Warning] [omni.physx.plugin] Invalid PhysX transform detected for /World/Stem/Stress_50_46.
2026-07-23 09:52:12 [13,541ms] [Warning] [omni.physx.plugin] Invalid PhysX transform detected for /World/Stem/Stress_50_47.
2026-07-23 09:52:12 [13,541ms] [Warning] [omni.physx.plugin] Invalid PhysX transform detected for /World/Stem/Stress_50_48.
2026-07-23 09:52:12 [13,541ms] [Warning] [omni.physx.plugin] Invalid PhysX transform detected for /World/Stem/Stress_50_49.
2026-07-23 09:52:12 [13,541ms] [Warning] [omni.physx.plugin] Invalid PhysX transform detected for /World/Stem/Fruit_Stress_50_base.
2026-07-23 09:52:12 [13,541ms] [Warning] [omni.physx.plugin] Invalid PhysX transform detected for /World/Stem/Fruit_Stress_50_tip.
2026-07-23 09:52:12 [13,541ms] [Warning] [omni.physx.plugin] Invalid PhysX transform detected for /World/Stem/Fruit_Stress_50.
2026-07-23 09:52:12 [13,560ms] [Warning] [omni.physx.plugin] Invalid PhysX transform detected for /World/Stem/Stress_50_00.
2026-07-23 09:52:12 [13,560ms] [Warning] [omni.physx.plugin] Invalid PhysX transform detected for /World/Stem/Stress_50_01.
2026-07-23 09:52:12 [13,560ms] [Warning] [omni.physx.plugin] Invalid PhysX transform detected for /World/Stem/Stress_50_02.
2026-07-23 09:52:12 [13,560ms] [Warning] [omni.physx.plugin] Invalid PhysX transform detected for /World/Stem/Stress_50_03.
2026-07-23 09:52:12 [13,560ms] [Warning] [omni.physx.plugin] Invalid PhysX transform detected for /World/Stem/Stress_50_04.
2026-07-23 09:52:12 [13,560ms] [Warning] [omni.physx.plugin] Invalid PhysX transform detected for /World/Stem/Stress_50_05.
2026-07-23 09:52:12 [13,560ms] [Warning] [omni.physx.plugin] Invalid PhysX transform detected for /World/Stem/Stress_50_06.
2026-07-23 09:52:12 [13,560ms] [Warning] [omni.physx.plugin] Invalid PhysX transform detected for /World/Stem/Stress_50_07.
2026-07-23 09:52:12 [13,560ms] [Warning] [omni.physx.plugin] Invalid PhysX transform detected for /World/Stem/Stress_50_08.
2026-07-23 09:52:12 [13,560ms] [Warning] [omni.physx.plugin] Invalid PhysX transform detected for /World/Stem/Stress_50_09.
2026-07-23 09:52:12 [13,560ms] [Warning] [omni.physx.plugin] Invalid PhysX transform detected for /World/Stem/Stress_50_10.
2026-07-23 09:52:12 [13,560ms] [Warning] [omni.physx.plugin] Invalid PhysX transform detected for /World/Stem/Stress_50_11.
2026-07-23 09:52:12 [13,560ms] [Warning] [omni.physx.plugin] Invalid PhysX transform detected for /World/Stem/Stress_50_12.
2026-07-23 09:52:12 [13,560ms] [Warning] [omni.physx.plugin] Invalid PhysX transform detected for /World/Stem/Stress_50_13.
2026-07-23 09:52:12 [13,560ms] [Warning] [omni.physx.plugin] Invalid PhysX transform detected for /World/Stem/Stress_50_14.
2026-07-23 09:52:12 [13,560ms] [Warning] [omni.physx.plugin] Invalid PhysX transform detected for /World/Stem/Stress_50_15.
2026-07-23 09:52:12 [13,560ms] [Warning] [omni.physx.plugin] Invalid PhysX transform detected for /World/Stem/Stress_50_16.
2026-07-23 09:52:12 [13,560ms] [Warning] [omni.physx.plugin] Invalid PhysX transform detected for /World/Stem/Stress_50_17.
2026-07-23 09:52:12 [13,560ms] [Warning] [omni.physx.plugin] Invalid PhysX transform detected for /World/Stem/Stress_50_18.
2026-07-23 09:52:12 [13,560ms] [Warning] [omni.physx.plugin] Invalid PhysX transform detected for /World/Stem/Stress_50_19.
2026-07-23 09:52:12 [13,560ms] [Warning] [omni.physx.plugin] Invalid PhysX transform detected for /World/Stem/Stress_50_20.
2026-07-23 09:52:12 [13,560ms] [Warning] [omni.physx.plugin] Invalid PhysX transform detected for /World/Stem/Stress_50_21.
2026-07-23 09:52:12 [13,560ms] [Warning] [omni.physx.plugin] Invalid PhysX transform detected for /World/Stem/Stress_50_22.
2026-07-23 09:52:12 [13,560ms] [Warning] [omni.physx.plugin] Invalid PhysX transform detected for /World/Stem/Stress_50_23.
2026-07-23 09:52:12 [13,560ms] [Warning] [omni.physx.plugin] Invalid PhysX transform detected for /World/Stem/Stress_50_24.
2026-07-23 09:52:12 [13,560ms] [Warning] [omni.physx.plugin] Invalid PhysX transform detected for /World/Stem/Stress_50_25.
2026-07-23 09:52:12 [13,560ms] [Warning] [omni.physx.plugin] Invalid PhysX transform detected for /World/Stem/Stress_50_26.
2026-07-23 09:52:12 [13,560ms] [Warning] [omni.physx.plugin] Invalid PhysX transform detected for /World/Stem/Stress_50_27.
2026-07-23 09:52:12 [13,560ms] [Warning] [omni.physx.plugin] Invalid PhysX transform detected for /World/Stem/Stress_50_28.
2026-07-23 09:52:12 [13,560ms] [Warning] [omni.physx.plugin] Invalid PhysX transform detected for /World/Stem/Stress_50_29.
2026-07-23 09:52:12 [13,560ms] [Warning] [omni.physx.plugin] Invalid PhysX transform detected for /World/Stem/Stress_50_30.
2026-07-23 09:52:12 [13,560ms] [Warning] [omni.physx.plugin] Invalid PhysX transform detected for /World/Stem/Stress_50_31.
2026-07-23 09:52:12 [13,560ms] [Warning] [omni.physx.plugin] Invalid PhysX transform detected for /World/Stem/Stress_50_32.
2026-07-23 09:52:12 [13,560ms] [Warning] [omni.physx.plugin] Invalid PhysX transform detected for /World/Stem/Stress_50_33.
2026-07-23 09:52:12 [13,560ms] [Warning] [omni.physx.plugin] Invalid PhysX transform detected for /World/Stem/Stress_50_34.
2026-07-23 09:52:12 [13,560ms] [Warning] [omni.physx.plugin] Invalid PhysX transform detected for /World/Stem/Stress_50_35.
2026-07-23 09:52:12 [13,560ms] [Warning] [omni.physx.plugin] Invalid PhysX transform detected for /World/Stem/Stress_50_36.
2026-07-23 09:52:12 [13,560ms] [Warning] [omni.physx.plugin] Invalid PhysX transform detected for /World/Stem/Stress_50_37.
2026-07-23 09:52:12 [13,560ms] [Warning] [omni.physx.plugin] Invalid PhysX transform detected for /World/Stem/Stress_50_38.
2026-07-23 09:52:12 [13,560ms] [Warning] [omni.physx.plugin] Invalid PhysX transform detected for /World/Stem/Stress_50_39.
2026-07-23 09:52:12 [13,560ms] [Warning] [omni.physx.plugin] Invalid PhysX transform detected for /World/Stem/Stress_50_40.
2026-07-23 09:52:12 [13,560ms] [Warning] [omni.physx.plugin] Invalid PhysX transform detected for /World/Stem/Stress_50_41.
2026-07-23 09:52:12 [13,560ms] [Warning] [omni.physx.plugin] Invalid PhysX transform detected for /World/Stem/Stress_50_42.
2026-07-23 09:52:12 [13,560ms] [Warning] [omni.physx.plugin] Invalid PhysX transform detected for /World/Stem/Stress_50_43.
2026-07-23 09:52:12 [13,560ms] [Warning] [omni.physx.plugin] Invalid PhysX transform detected for /World/Stem/Stress_50_44.
2026-07-23 09:52:12 [13,560ms] [Warning] [omni.physx.plugin] Invalid PhysX transform detected for /World/Stem/Stress_50_45.
2026-07-23 09:52:12 [13,560ms] [Warning] [omni.physx.plugin] Invalid PhysX transform detected for /World/Stem/Stress_50_46.
2026-07-23 09:52:12 [13,560ms] [Warning] [omni.physx.plugin] Invalid PhysX transform detected for /World/Stem/Stress_50_47.
2026-07-23 09:52:12 [13,560ms] [Warning] [omni.physx.plugin] Invalid PhysX transform detected for /World/Stem/Stress_50_48.
2026-07-23 09:52:12 [13,560ms] [Warning] [omni.physx.plugin] Invalid PhysX transform detected for /World/Stem/Stress_50_49.
2026-07-23 09:52:12 [13,560ms] [Warning] [omni.physx.plugin] Invalid PhysX transform detected for /World/Stem/Fruit_Stress_50_base.
2026-07-23 09:52:12 [13,560ms] [Warning] [omni.physx.plugin] Invalid PhysX transform detected for /World/Stem/Fruit_Stress_50_tip.
2026-07-23 09:52:12 [13,560ms] [Warning] [omni.physx.plugin] Invalid PhysX transform detected for /World/Stem/Fruit_Stress_50.
2026-07-23 09:52:12 [13,578ms] [Warning] [omni.physx.plugin] Invalid PhysX transform detected for /World/Stem/Stress_50_00.
2026-07-23 09:52:12 [13,578ms] [Warning] [omni.physx.plugin] Invalid PhysX transform detected for /World/Stem/Stress_50_01.
2026-07-23 09:52:12 [13,578ms] [Warning] [omni.physx.plugin] Invalid PhysX transform detected for /World/Stem/Stress_50_02.
2026-07-23 09:52:12 [13,578ms] [Warning] [omni.physx.plugin] Invalid PhysX transform detected for /World/Stem/Stress_50_03.
2026-07-23 09:52:12 [13,578ms] [Warning] [omni.physx.plugin] Invalid PhysX transform detected for /World/Stem/Stress_50_04.
2026-07-23 09:52:12 [13,578ms] [Warning] [omni.physx.plugin] Invalid PhysX transform detected for /World/Stem/Stress_50_05.
2026-07-23 09:52:12 [13,578ms] [Warning] [omni.physx.plugin] Invalid PhysX transform detected for /World/Stem/Stress_50_06.
2026-07-23 09:52:12 [13,578ms] [Warning] [omni.physx.plugin] Invalid PhysX transform detected for /World/Stem/Stress_50_07.
2026-07-23 09:52:12 [13,578ms] [Warning] [omni.physx.plugin] Invalid PhysX transform detected for /World/Stem/Stress_50_08.
2026-07-23 09:52:12 [13,578ms] [Warning] [omni.physx.plugin] Invalid PhysX transform detected for /World/Stem/Stress_50_09.
2026-07-23 09:52:12 [13,578ms] [Warning] [omni.physx.plugin] Invalid PhysX transform detected for /World/Stem/Stress_50_10.
2026-07-23 09:52:12 [13,578ms] [Warning] [omni.physx.plugin] Invalid PhysX transform detected for /World/Stem/Stress_50_11.
2026-07-23 09:52:12 [13,578ms] [Warning] [omni.physx.plugin] Invalid PhysX transform detected for /World/Stem/Stress_50_12.
2026-07-23 09:52:12 [13,578ms] [Warning] [omni.physx.plugin] Invalid PhysX transform detected for /World/Stem/Stress_50_13.
2026-07-23 09:52:12 [13,578ms] [Warning] [omni.physx.plugin] Invalid PhysX transform detected for /World/Stem/Stress_50_14.
2026-07-23 09:52:12 [13,578ms] [Warning] [omni.physx.plugin] Invalid PhysX transform detected for /World/Stem/Stress_50_15.
2026-07-23 09:52:12 [13,578ms] [Warning] [omni.physx.plugin] Invalid PhysX transform detected for /World/Stem/Stress_50_16.
2026-07-23 09:52:12 [13,578ms] [Warning] [omni.physx.plugin] Invalid PhysX transform detected for /World/Stem/Stress_50_17.
2026-07-23 09:52:12 [13,578ms] [Warning] [omni.physx.plugin] Invalid PhysX transform detected for /World/Stem/Stress_50_18.
2026-07-23 09:52:12 [13,578ms] [Warning] [omni.physx.plugin] Invalid PhysX transform detected for /World/Stem/Stress_50_19.
2026-07-23 09:52:12 [13,578ms] [Warning] [omni.physx.plugin] Invalid PhysX transform detected for /World/Stem/Stress_50_20.
2026-07-23 09:52:12 [13,578ms] [Warning] [omni.physx.plugin] Invalid PhysX transform detected for /World/Stem/Stress_50_21.
2026-07-23 09:52:12 [13,578ms] [Warning] [omni.physx.plugin] Invalid PhysX transform detected for /World/Stem/Stress_50_22.
2026-07-23 09:52:12 [13,578ms] [Warning] [omni.physx.plugin] Invalid PhysX transform detected for /World/Stem/Stress_50_23.
2026-07-23 09:52:12 [13,578ms] [Warning] [omni.physx.plugin] Invalid PhysX transform detected for /World/Stem/Stress_50_24.
2026-07-23 09:52:12 [13,578ms] [Warning] [omni.physx.plugin] Invalid PhysX transform detected for /World/Stem/Stress_50_25.
2026-07-23 09:52:12 [13,578ms] [Warning] [omni.physx.plugin] Invalid PhysX transform detected for /World/Stem/Stress_50_26.
2026-07-23 09:52:12 [13,578ms] [Warning] [omni.physx.plugin] Invalid PhysX transform detected for /World/Stem/Stress_50_27.
2026-07-23 09:52:12 [13,578ms] [Warning] [omni.physx.plugin] Invalid PhysX transform detected for /World/Stem/Stress_50_28.
2026-07-23 09:52:12 [13,578ms] [Warning] [omni.physx.plugin] Invalid PhysX transform detected for /World/Stem/Stress_50_29.
2026-07-23 09:52:12 [13,578ms] [Warning] [omni.physx.plugin] Invalid PhysX transform detected for /World/Stem/Stress_50_30.
2026-07-23 09:52:12 [13,578ms] [Warning] [omni.physx.plugin] Invalid PhysX transform detected for /World/Stem/Stress_50_31.
2026-07-23 09:52:12 [13,578ms] [Warning] [omni.physx.plugin] Invalid PhysX transform detected for /World/Stem/Stress_50_32.
2026-07-23 09:52:12 [13,578ms] [Warning] [omni.physx.plugin] Invalid PhysX transform detected for /World/Stem/Stress_50_33.
2026-07-23 09:52:12 [13,578ms] [Warning] [omni.physx.plugin] Invalid PhysX transform detected for /World/Stem/Stress_50_34.
2026-07-23 09:52:12 [13,578ms] [Warning] [omni.physx.plugin] Invalid PhysX transform detected for /World/Stem/Stress_50_35.
2026-07-23 09:52:12 [13,578ms] [Warning] [omni.physx.plugin] Invalid PhysX transform detected for /World/Stem/Stress_50_36.
2026-07-23 09:52:12 [13,578ms] [Warning] [omni.physx.plugin] Invalid PhysX transform detected for /World/Stem/Stress_50_37.
2026-07-23 09:52:12 [13,578ms] [Warning] [omni.physx.plugin] Invalid PhysX transform detected for /World/Stem/Stress_50_38.
2026-07-23 09:52:12 [13,578ms] [Warning] [omni.physx.plugin] Invalid PhysX transform detected for /World/Stem/Stress_50_39.
2026-07-23 09:52:12 [13,578ms] [Warning] [omni.physx.plugin] Invalid PhysX transform detected for /World/Stem/Stress_50_40.
2026-07-23 09:52:12 [13,578ms] [Warning] [omni.physx.plugin] Invalid PhysX transform detected for /World/Stem/Stress_50_41.
2026-07-23 09:52:12 [13,578ms] [Warning] [omni.physx.plugin] Invalid PhysX transform detected for /World/Stem/Stress_50_42.
2026-07-23 09:52:12 [13,578ms] [Warning] [omni.physx.plugin] Invalid PhysX transform detected for /World/Stem/Stress_50_43.
2026-07-23 09:52:12 [13,578ms] [Warning] [omni.physx.plugin] Invalid PhysX transform detected for /World/Stem/Stress_50_44.
2026-07-23 09:52:12 [13,578ms] [Warning] [omni.physx.plugin] Invalid PhysX transform detected for /World/Stem/Stress_50_45.
2026-07-23 09:52:12 [13,578ms] [Warning] [omni.physx.plugin] Invalid PhysX transform detected for /World/Stem/Stress_50_46.
2026-07-23 09:52:12 [13,578ms] [Warning] [omni.physx.plugin] Invalid PhysX transform detected for /World/Stem/Stress_50_47.
2026-07-23 09:52:12 [13,578ms] [Warning] [omni.physx.plugin] Invalid PhysX transform detected for /World/Stem/Stress_50_48.
2026-07-23 09:52:12 [13,578ms] [Warning] [omni.physx.plugin] Invalid PhysX transform detected for /World/Stem/Stress_50_49.
2026-07-23 09:52:12 [13,578ms] [Warning] [omni.physx.plugin] Invalid PhysX transform detected for /World/Stem/Fruit_Stress_50_base.
2026-07-23 09:52:12 [13,578ms] [Warning] [omni.physx.plugin] Invalid PhysX transform detected for /World/Stem/Fruit_Stress_50_tip.
2026-07-23 09:52:12 [13,578ms] [Warning] [omni.physx.plugin] Invalid PhysX transform detected for /World/Stem/Fruit_Stress_50.
2026-07-23 09:52:12 [13,596ms] [Warning] [omni.physx.plugin] Invalid PhysX transform detected for /World/Stem/Stress_50_00.
2026-07-23 09:52:12 [13,596ms] [Warning] [omni.physx.plugin] Invalid PhysX transform detected for /World/Stem/Stress_50_01.
2026-07-23 09:52:12 [13,596ms] [Warning] [omni.physx.plugin] Invalid PhysX transform detected for /World/Stem/Stress_50_02.
2026-07-23 09:52:12 [13,596ms] [Warning] [omni.physx.plugin] Invalid PhysX transform detected for /World/Stem/Stress_50_03.
2026-07-23 09:52:12 [13,596ms] [Warning] [omni.physx.plugin] Invalid PhysX transform detected for /World/Stem/Stress_50_04.
2026-07-23 09:52:12 [13,596ms] [Warning] [omni.physx.plugin] Invalid PhysX transform detected for /World/Stem/Stress_50_05.
2026-07-23 09:52:12 [13,596ms] [Warning] [omni.physx.plugin] Invalid PhysX transform detected for /World/Stem/Stress_50_06.
2026-07-23 09:52:12 [13,596ms] [Warning] [omni.physx.plugin] Invalid PhysX transform detected for /World/Stem/Stress_50_07.
2026-07-23 09:52:12 [13,596ms] [Warning] [omni.physx.plugin] Invalid PhysX transform detected for /World/Stem/Stress_50_08.
2026-07-23 09:52:12 [13,596ms] [Warning] [omni.physx.plugin] Invalid PhysX transform detected for /World/Stem/Stress_50_09.
2026-07-23 09:52:12 [13,596ms] [Warning] [omni.physx.plugin] Invalid PhysX transform detected for /World/Stem/Stress_50_10.
2026-07-23 09:52:12 [13,596ms] [Warning] [omni.physx.plugin] Invalid PhysX transform detected for /World/Stem/Stress_50_11.
2026-07-23 09:52:12 [13,596ms] [Warning] [omni.physx.plugin] Invalid PhysX transform detected for /World/Stem/Stress_50_12.
2026-07-23 09:52:12 [13,596ms] [Warning] [omni.physx.plugin] Invalid PhysX transform detected for /World/Stem/Stress_50_13.
2026-07-23 09:52:12 [13,596ms] [Warning] [omni.physx.plugin] Invalid PhysX transform detected for /World/Stem/Stress_50_14.
2026-07-23 09:52:12 [13,596ms] [Warning] [omni.physx.plugin] Invalid PhysX transform detected for /World/Stem/Stress_50_15.
2026-07-23 09:52:12 [13,596ms] [Warning] [omni.physx.plugin] Invalid PhysX transform detected for /World/Stem/Stress_50_16.
2026-07-23 09:52:12 [13,596ms] [Warning] [omni.physx.plugin] Invalid PhysX transform detected for /World/Stem/Stress_50_17.
2026-07-23 09:52:12 [13,596ms] [Warning] [omni.physx.plugin] Invalid PhysX transform detected for /World/Stem/Stress_50_18.
2026-07-23 09:52:12 [13,596ms] [Warning] [omni.physx.plugin] Invalid PhysX transform detected for /World/Stem/Stress_50_19.
2026-07-23 09:52:12 [13,596ms] [Warning] [omni.physx.plugin] Invalid PhysX transform detected for /World/Stem/Stress_50_20.
2026-07-23 09:52:12 [13,596ms] [Warning] [omni.physx.plugin] Invalid PhysX transform detected for /World/Stem/Stress_50_21.
2026-07-23 09:52:12 [13,596ms] [Warning] [omni.physx.plugin] Invalid PhysX transform detected for /World/Stem/Stress_50_22.
2026-07-23 09:52:12 [13,596ms] [Warning] [omni.physx.plugin] Invalid PhysX transform detected for /World/Stem/Stress_50_23.
2026-07-23 09:52:12 [13,596ms] [Warning] [omni.physx.plugin] Invalid PhysX transform detected for /World/Stem/Stress_50_24.
2026-07-23 09:52:12 [13,596ms] [Warning] [omni.physx.plugin] Invalid PhysX transform detected for /World/Stem/Stress_50_25.
2026-07-23 09:52:12 [13,596ms] [Warning] [omni.physx.plugin] Invalid PhysX transform detected for /World/Stem/Stress_50_26.
2026-07-23 09:52:12 [13,596ms] [Warning] [omni.physx.plugin] Invalid PhysX transform detected for /World/Stem/Stress_50_27.
2026-07-23 09:52:12 [13,596ms] [Warning] [omni.physx.plugin] Invalid PhysX transform detected for /World/Stem/Stress_50_28.
2026-07-23 09:52:12 [13,597ms] [Warning] [omni.physx.plugin] Invalid PhysX transform detected for /World/Stem/Stress_50_29.
2026-07-23 09:52:12 [13,597ms] [Warning] [omni.physx.plugin] Invalid PhysX transform detected for /World/Stem/Stress_50_30.
2026-07-23 09:52:12 [13,597ms] [Warning] [omni.physx.plugin] Invalid PhysX transform detected for /World/Stem/Stress_50_31.
2026-07-23 09:52:12 [13,597ms] [Warning] [omni.physx.plugin] Invalid PhysX transform detected for /World/Stem/Stress_50_32.
2026-07-23 09:52:12 [13,597ms] [Warning] [omni.physx.plugin] Invalid PhysX transform detected for /World/Stem/Stress_50_33.
2026-07-23 09:52:12 [13,597ms] [Warning] [omni.physx.plugin] Invalid PhysX transform detected for /World/Stem/Stress_50_34.
2026-07-23 09:52:12 [13,597ms] [Warning] [omni.physx.plugin] Invalid PhysX transform detected for /World/Stem/Stress_50_35.
2026-07-23 09:52:12 [13,597ms] [Warning] [omni.physx.plugin] Invalid PhysX transform detected for /World/Stem/Stress_50_36.
2026-07-23 09:52:12 [13,597ms] [Warning] [omni.physx.plugin] Invalid PhysX transform detected for /World/Stem/Stress_50_37.
2026-07-23 09:52:12 [13,597ms] [Warning] [omni.physx.plugin] Invalid PhysX transform detected for /World/Stem/Stress_50_38.
2026-07-23 09:52:12 [13,597ms] [Warning] [omni.physx.plugin] Invalid PhysX transform detected for /World/Stem/Stress_50_39.
2026-07-23 09:52:12 [13,597ms] [Warning] [omni.physx.plugin] Invalid PhysX transform detected for /World/Stem/Stress_50_40.
2026-07-23 09:52:12 [13,597ms] [Warning] [omni.physx.plugin] Invalid PhysX transform detected for /World/Stem/Stress_50_41.
2026-07-23 09:52:12 [13,597ms] [Warning] [omni.physx.plugin] Invalid PhysX transform detected for /World/Stem/Stress_50_42.
2026-07-23 09:52:12 [13,597ms] [Warning] [omni.physx.plugin] Invalid PhysX transform detected for /World/Stem/Stress_50_43.
2026-07-23 09:52:12 [13,597ms] [Warning] [omni.physx.plugin] Invalid PhysX transform detected for /World/Stem/Stress_50_44.
2026-07-23 09:52:12 [13,597ms] [Warning] [omni.physx.plugin] Invalid PhysX transform detected for /World/Stem/Stress_50_45.
2026-07-23 09:52:12 [13,597ms] [Warning] [omni.physx.plugin] Invalid PhysX transform detected for /World/Stem/Stress_50_46.
2026-07-23 09:52:12 [13,597ms] [Warning] [omni.physx.plugin] Invalid PhysX transform detected for /World/Stem/Stress_50_47.
2026-07-23 09:52:12 [13,597ms] [Warning] [omni.physx.plugin] Invalid PhysX transform detected for /World/Stem/Stress_50_48.
2026-07-23 09:52:12 [13,597ms] [Warning] [omni.physx.plugin] Invalid PhysX transform detected for /World/Stem/Stress_50_49.
2026-07-23 09:52:12 [13,597ms] [Warning] [omni.physx.plugin] Invalid PhysX transform detected for /World/Stem/Fruit_Stress_50_base.
2026-07-23 09:52:12 [13,597ms] [Warning] [omni.physx.plugin] Invalid PhysX transform detected for /World/Stem/Fruit_Stress_50_tip.
2026-07-23 09:52:12 [13,597ms] [Warning] [omni.physx.plugin] Invalid PhysX transform detected for /World/Stem/Fruit_Stress_50.
2026-07-23 09:52:12 [13,615ms] [Warning] [omni.physx.plugin] Invalid PhysX transform detected for /World/Stem/Stress_50_00.
2026-07-23 09:52:12 [13,615ms] [Warning] [omni.physx.plugin] Invalid PhysX transform detected for /World/Stem/Stress_50_01.
2026-07-23 09:52:12 [13,615ms] [Warning] [omni.physx.plugin] Invalid PhysX transform detected for /World/Stem/Stress_50_02.
2026-07-23 09:52:12 [13,615ms] [Warning] [omni.physx.plugin] Invalid PhysX transform detected for /World/Stem/Stress_50_03.
2026-07-23 09:52:12 [13,615ms] [Warning] [omni.physx.plugin] Invalid PhysX transform detected for /World/Stem/Stress_50_04.
2026-07-23 09:52:12 [13,615ms] [Warning] [omni.physx.plugin] Invalid PhysX transform detected for /World/Stem/Stress_50_05.
2026-07-23 09:52:12 [13,615ms] [Warning] [omni.physx.plugin] Invalid PhysX transform detected for /World/Stem/Stress_50_06.
2026-07-23 09:52:12 [13,615ms] [Warning] [omni.physx.plugin] Invalid PhysX transform detected for /World/Stem/Stress_50_07.
2026-07-23 09:52:12 [13,615ms] [Warning] [omni.physx.plugin] Invalid PhysX transform detected for /World/Stem/Stress_50_08.
2026-07-23 09:52:12 [13,615ms] [Warning] [omni.physx.plugin] Invalid PhysX transform detected for /World/Stem/Stress_50_09.
2026-07-23 09:52:12 [13,615ms] [Warning] [omni.physx.plugin] Invalid PhysX transform detected for /World/Stem/Stress_50_10.
2026-07-23 09:52:12 [13,615ms] [Warning] [omni.physx.plugin] Invalid PhysX transform detected for /World/Stem/Stress_50_11.
2026-07-23 09:52:12 [13,615ms] [Warning] [omni.physx.plugin] Invalid PhysX transform detected for /World/Stem/Stress_50_12.
2026-07-23 09:52:12 [13,615ms] [Warning] [omni.physx.plugin] Invalid PhysX transform detected for /World/Stem/Stress_50_13.
2026-07-23 09:52:12 [13,615ms] [Warning] [omni.physx.plugin] Invalid PhysX transform detected for /World/Stem/Stress_50_14.
2026-07-23 09:52:12 [13,615ms] [Warning] [omni.physx.plugin] Invalid PhysX transform detected for /World/Stem/Stress_50_15.
2026-07-23 09:52:12 [13,615ms] [Warning] [omni.physx.plugin] Invalid PhysX transform detected for /World/Stem/Stress_50_16.
2026-07-23 09:52:12 [13,615ms] [Warning] [omni.physx.plugin] Invalid PhysX transform detected for /World/Stem/Stress_50_17.
2026-07-23 09:52:12 [13,615ms] [Warning] [omni.physx.plugin] Invalid PhysX transform detected for /World/Stem/Stress_50_18.
2026-07-23 09:52:12 [13,615ms] [Warning] [omni.physx.plugin] Invalid PhysX transform detected for /World/Stem/Stress_50_19.
2026-07-23 09:52:12 [13,615ms] [Warning] [omni.physx.plugin] Invalid PhysX transform detected for /World/Stem/Stress_50_20.
2026-07-23 09:52:12 [13,615ms] [Warning] [omni.physx.plugin] Invalid PhysX transform detected for /World/Stem/Stress_50_21.
2026-07-23 09:52:12 [13,615ms] [Warning] [omni.physx.plugin] Invalid PhysX transform detected for /World/Stem/Stress_50_22.
2026-07-23 09:52:12 [13,615ms] [Warning] [omni.physx.plugin] Invalid PhysX transform detected for /World/Stem/Stress_50_23.
2026-07-23 09:52:12 [13,615ms] [Warning] [omni.physx.plugin] Invalid PhysX transform detected for /World/Stem/Stress_50_24.
2026-07-23 09:52:12 [13,615ms] [Warning] [omni.physx.plugin] Invalid PhysX transform detected for /World/Stem/Stress_50_25.
2026-07-23 09:52:12 [13,615ms] [Warning] [omni.physx.plugin] Invalid PhysX transform detected for /World/Stem/Stress_50_26.
2026-07-23 09:52:12 [13,615ms] [Warning] [omni.physx.plugin] Invalid PhysX transform detected for /World/Stem/Stress_50_27.
2026-07-23 09:52:12 [13,615ms] [Warning] [omni.physx.plugin] Invalid PhysX transform detected for /World/Stem/Stress_50_28.
2026-07-23 09:52:12 [13,615ms] [Warning] [omni.physx.plugin] Invalid PhysX transform detected for /World/Stem/Stress_50_29.
2026-07-23 09:52:12 [13,615ms] [Warning] [omni.physx.plugin] Invalid PhysX transform detected for /World/Stem/Stress_50_30.
2026-07-23 09:52:12 [13,615ms] [Warning] [omni.physx.plugin] Invalid PhysX transform detected for /World/Stem/Stress_50_31.
2026-07-23 09:52:12 [13,615ms] [Warning] [omni.physx.plugin] Invalid PhysX transform detected for /World/Stem/Stress_50_32.
2026-07-23 09:52:12 [13,615ms] [Warning] [omni.physx.plugin] Invalid PhysX transform detected for /World/Stem/Stress_50_33.
2026-07-23 09:52:12 [13,615ms] [Warning] [omni.physx.plugin] Invalid PhysX transform detected for /World/Stem/Stress_50_34.
2026-07-23 09:52:12 [13,615ms] [Warning] [omni.physx.plugin] Invalid PhysX transform detected for /World/Stem/Stress_50_35.
2026-07-23 09:52:12 [13,615ms] [Warning] [omni.physx.plugin] Invalid PhysX transform detected for /World/Stem/Stress_50_36.
2026-07-23 09:52:12 [13,615ms] [Warning] [omni.physx.plugin] Invalid PhysX transform detected for /World/Stem/Stress_50_37.
2026-07-23 09:52:12 [13,615ms] [Warning] [omni.physx.plugin] Invalid PhysX transform detected for /World/Stem/Stress_50_38.
2026-07-23 09:52:12 [13,615ms] [Warning] [omni.physx.plugin] Invalid PhysX transform detected for /World/Stem/Stress_50_39.
2026-07-23 09:52:12 [13,615ms] [Warning] [omni.physx.plugin] Invalid PhysX transform detected for /World/Stem/Stress_50_40.
2026-07-23 09:52:12 [13,615ms] [Warning] [omni.physx.plugin] Invalid PhysX transform detected for /World/Stem/Stress_50_41.
2026-07-23 09:52:12 [13,615ms] [Warning] [omni.physx.plugin] Invalid PhysX transform detected for /World/Stem/Stress_50_42.
2026-07-23 09:52:12 [13,615ms] [Warning] [omni.physx.plugin] Invalid PhysX transform detected for /World/Stem/Stress_50_43.
2026-07-23 09:52:12 [13,615ms] [Warning] [omni.physx.plugin] Invalid PhysX transform detected for /World/Stem/Stress_50_44.
2026-07-23 09:52:12 [13,615ms] [Warning] [omni.physx.plugin] Invalid PhysX transform detected for /World/Stem/Stress_50_45.
2026-07-23 09:52:12 [13,615ms] [Warning] [omni.physx.plugin] Invalid PhysX transform detected for /World/Stem/Stress_50_46.
2026-07-23 09:52:12 [13,615ms] [Warning] [omni.physx.plugin] Invalid PhysX transform detected for /World/Stem/Stress_50_47.
2026-07-23 09:52:12 [13,615ms] [Warning] [omni.physx.plugin] Invalid PhysX transform detected for /World/Stem/Stress_50_48.
2026-07-23 09:52:12 [13,615ms] [Warning] [omni.physx.plugin] Invalid PhysX transform detected for /World/Stem/Stress_50_49.
2026-07-23 09:52:12 [13,615ms] [Warning] [omni.physx.plugin] Invalid PhysX transform detected for /World/Stem/Fruit_Stress_50_base.
2026-07-23 09:52:12 [13,615ms] [Warning] [omni.physx.plugin] Invalid PhysX transform detected for /World/Stem/Fruit_Stress_50_tip.
2026-07-23 09:52:12 [13,615ms] [Warning] [omni.physx.plugin] Invalid PhysX transform detected for /World/Stem/Fruit_Stress_50.
2026-07-23 09:52:12 [13,634ms] [Warning] [omni.physx.plugin] Invalid PhysX transform detected for /World/Stem/Stress_50_00.
2026-07-23 09:52:12 [13,634ms] [Warning] [omni.physx.plugin] Invalid PhysX transform detected for /World/Stem/Stress_50_01.
2026-07-23 09:52:12 [13,634ms] [Warning] [omni.physx.plugin] Invalid PhysX transform detected for /World/Stem/Stress_50_02.
2026-07-23 09:52:12 [13,634ms] [Warning] [omni.physx.plugin] Invalid PhysX transform detected for /World/Stem/Stress_50_03.
2026-07-23 09:52:12 [13,634ms] [Warning] [omni.physx.plugin] Invalid PhysX transform detected for /World/Stem/Stress_50_04.
2026-07-23 09:52:12 [13,634ms] [Warning] [omni.physx.plugin] Invalid PhysX transform detected for /World/Stem/Stress_50_05.
2026-07-23 09:52:12 [13,634ms] [Warning] [omni.physx.plugin] Invalid PhysX transform detected for /World/Stem/Stress_50_06.
2026-07-23 09:52:12 [13,634ms] [Warning] [omni.physx.plugin] Invalid PhysX transform detected for /World/Stem/Stress_50_07.
2026-07-23 09:52:12 [13,634ms] [Warning] [omni.physx.plugin] Invalid PhysX transform detected for /World/Stem/Stress_50_08.
2026-07-23 09:52:12 [13,634ms] [Warning] [omni.physx.plugin] Invalid PhysX transform detected for /World/Stem/Stress_50_09.
2026-07-23 09:52:12 [13,634ms] [Warning] [omni.physx.plugin] Invalid PhysX transform detected for /World/Stem/Stress_50_10.
2026-07-23 09:52:12 [13,634ms] [Warning] [omni.physx.plugin] Invalid PhysX transform detected for /World/Stem/Stress_50_11.
2026-07-23 09:52:12 [13,634ms] [Warning] [omni.physx.plugin] Invalid PhysX transform detected for /World/Stem/Stress_50_12.
2026-07-23 09:52:12 [13,634ms] [Warning] [omni.physx.plugin] Invalid PhysX transform detected for /World/Stem/Stress_50_13.
2026-07-23 09:52:12 [13,634ms] [Warning] [omni.physx.plugin] Invalid PhysX transform detected for /World/Stem/Stress_50_14.
2026-07-23 09:52:12 [13,634ms] [Warning] [omni.physx.plugin] Invalid PhysX transform detected for /World/Stem/Stress_50_15.
2026-07-23 09:52:12 [13,634ms] [Warning] [omni.physx.plugin] Invalid PhysX transform detected for /World/Stem/Stress_50_16.
2026-07-23 09:52:12 [13,634ms] [Warning] [omni.physx.plugin] Invalid PhysX transform detected for /World/Stem/Stress_50_17.
2026-07-23 09:52:12 [13,634ms] [Warning] [omni.physx.plugin] Invalid PhysX transform detected for /World/Stem/Stress_50_18.
2026-07-23 09:52:12 [13,634ms] [Warning] [omni.physx.plugin] Invalid PhysX transform detected for /World/Stem/Stress_50_19.
2026-07-23 09:52:12 [13,634ms] [Warning] [omni.physx.plugin] Invalid PhysX transform detected for /World/Stem/Stress_50_20.
2026-07-23 09:52:12 [13,634ms] [Warning] [omni.physx.plugin] Invalid PhysX transform detected for /World/Stem/Stress_50_21.
2026-07-23 09:52:12 [13,634ms] [Warning] [omni.physx.plugin] Invalid PhysX transform detected for /World/Stem/Stress_50_22.
2026-07-23 09:52:12 [13,634ms] [Warning] [omni.physx.plugin] Invalid PhysX transform detected for /World/Stem/Stress_50_23.
2026-07-23 09:52:12 [13,634ms] [Warning] [omni.physx.plugin] Invalid PhysX transform detected for /World/Stem/Stress_50_24.
2026-07-23 09:52:12 [13,634ms] [Warning] [omni.physx.plugin] Invalid PhysX transform detected for /World/Stem/Stress_50_25.
2026-07-23 09:52:12 [13,634ms] [Warning] [omni.physx.plugin] Invalid PhysX transform detected for /World/Stem/Stress_50_26.
2026-07-23 09:52:12 [13,634ms] [Warning] [omni.physx.plugin] Invalid PhysX transform detected for /World/Stem/Stress_50_27.
2026-07-23 09:52:12 [13,634ms] [Warning] [omni.physx.plugin] Invalid PhysX transform detected for /World/Stem/Stress_50_28.
2026-07-23 09:52:12 [13,634ms] [Warning] [omni.physx.plugin] Invalid PhysX transform detected for /World/Stem/Stress_50_29.
2026-07-23 09:52:12 [13,634ms] [Warning] [omni.physx.plugin] Invalid PhysX transform detected for /World/Stem/Stress_50_30.
2026-07-23 09:52:12 [13,634ms] [Warning] [omni.physx.plugin] Invalid PhysX transform detected for /World/Stem/Stress_50_31.
2026-07-23 09:52:12 [13,634ms] [Warning] [omni.physx.plugin] Invalid PhysX transform detected for /World/Stem/Stress_50_32.
2026-07-23 09:52:12 [13,634ms] [Warning] [omni.physx.plugin] Invalid PhysX transform detected for /World/Stem/Stress_50_33.
2026-07-23 09:52:12 [13,634ms] [Warning] [omni.physx.plugin] Invalid PhysX transform detected for /World/Stem/Stress_50_34.
2026-07-23 09:52:12 [13,634ms] [Warning] [omni.physx.plugin] Invalid PhysX transform detected for /World/Stem/Stress_50_35.
2026-07-23 09:52:12 [13,634ms] [Warning] [omni.physx.plugin] Invalid PhysX transform detected for /World/Stem/Stress_50_36.
2026-07-23 09:52:12 [13,634ms] [Warning] [omni.physx.plugin] Invalid PhysX transform detected for /World/Stem/Stress_50_37.
2026-07-23 09:52:12 [13,634ms] [Warning] [omni.physx.plugin] Invalid PhysX transform detected for /World/Stem/Stress_50_38.
2026-07-23 09:52:12 [13,634ms] [Warning] [omni.physx.plugin] Invalid PhysX transform detected for /World/Stem/Stress_50_39.
2026-07-23 09:52:12 [13,634ms] [Warning] [omni.physx.plugin] Invalid PhysX transform detected for /World/Stem/Stress_50_40.
2026-07-23 09:52:12 [13,634ms] [Warning] [omni.physx.plugin] Invalid PhysX transform detected for /World/Stem/Stress_50_41.
2026-07-23 09:52:12 [13,634ms] [Warning] [omni.physx.plugin] Invalid PhysX transform detected for /World/Stem/Stress_50_42.
2026-07-23 09:52:12 [13,634ms] [Warning] [omni.physx.plugin] Invalid PhysX transform detected for /World/Stem/Stress_50_43.
2026-07-23 09:52:12 [13,634ms] [Warning] [omni.physx.plugin] Invalid PhysX transform detected for /World/Stem/Stress_50_44.
2026-07-23 09:52:12 [13,634ms] [Warning] [omni.physx.plugin] Invalid PhysX transform detected for /World/Stem/Stress_50_45.
2026-07-23 09:52:12 [13,634ms] [Warning] [omni.physx.plugin] Invalid PhysX transform detected for /World/Stem/Stress_50_46.
2026-07-23 09:52:12 [13,634ms] [Warning] [omni.physx.plugin] Invalid PhysX transform detected for /World/Stem/Stress_50_47.
2026-07-23 09:52:12 [13,634ms] [Warning] [omni.physx.plugin] Invalid PhysX transform detected for /World/Stem/Stress_50_48.
2026-07-23 09:52:12 [13,634ms] [Warning] [omni.physx.plugin] Invalid PhysX transform detected for /World/Stem/Stress_50_49.
2026-07-23 09:52:12 [13,634ms] [Warning] [omni.physx.plugin] Invalid PhysX transform detected for /World/Stem/Fruit_Stress_50_base.
2026-07-23 09:52:12 [13,634ms] [Warning] [omni.physx.plugin] Invalid PhysX transform detected for /World/Stem/Fruit_Stress_50_tip.
2026-07-23 09:52:12 [13,634ms] [Warning] [omni.physx.plugin] Invalid PhysX transform detected for /World/Stem/Fruit_Stress_50.
2026-07-23 09:52:12 [13,652ms] [Warning] [omni.physx.plugin] Invalid PhysX transform detected for /World/Stem/Stress_50_00.
2026-07-23 09:52:12 [13,652ms] [Warning] [omni.physx.plugin] Invalid PhysX transform detected for /World/Stem/Stress_50_01.
2026-07-23 09:52:12 [13,652ms] [Warning] [omni.physx.plugin] Invalid PhysX transform detected for /World/Stem/Stress_50_02.
2026-07-23 09:52:12 [13,652ms] [Warning] [omni.physx.plugin] Invalid PhysX transform detected for /World/Stem/Stress_50_03.
2026-07-23 09:52:12 [13,652ms] [Warning] [omni.physx.plugin] Invalid PhysX transform detected for /World/Stem/Stress_50_04.
2026-07-23 09:52:12 [13,652ms] [Warning] [omni.physx.plugin] Invalid PhysX transform detected for /World/Stem/Stress_50_05.
2026-07-23 09:52:12 [13,652ms] [Warning] [omni.physx.plugin] Invalid PhysX transform detected for /World/Stem/Stress_50_06.
2026-07-23 09:52:12 [13,652ms] [Warning] [omni.physx.plugin] Invalid PhysX transform detected for /World/Stem/Stress_50_07.
2026-07-23 09:52:12 [13,652ms] [Warning] [omni.physx.plugin] Invalid PhysX transform detected for /World/Stem/Stress_50_08.
2026-07-23 09:52:12 [13,652ms] [Warning] [omni.physx.plugin] Invalid PhysX transform detected for /World/Stem/Stress_50_09.
2026-07-23 09:52:12 [13,652ms] [Warning] [omni.physx.plugin] Invalid PhysX transform detected for /World/Stem/Stress_50_10.
2026-07-23 09:52:12 [13,652ms] [Warning] [omni.physx.plugin] Invalid PhysX transform detected for /World/Stem/Stress_50_11.
2026-07-23 09:52:12 [13,652ms] [Warning] [omni.physx.plugin] Invalid PhysX transform detected for /World/Stem/Stress_50_12.
2026-07-23 09:52:12 [13,652ms] [Warning] [omni.physx.plugin] Invalid PhysX transform detected for /World/Stem/Stress_50_13.
2026-07-23 09:52:12 [13,652ms] [Warning] [omni.physx.plugin] Invalid PhysX transform detected for /World/Stem/Stress_50_14.
2026-07-23 09:52:12 [13,652ms] [Warning] [omni.physx.plugin] Invalid PhysX transform detected for /World/Stem/Stress_50_15.
2026-07-23 09:52:12 [13,652ms] [Warning] [omni.physx.plugin] Invalid PhysX transform detected for /World/Stem/Stress_50_16.
2026-07-23 09:52:12 [13,652ms] [Warning] [omni.physx.plugin] Invalid PhysX transform detected for /World/Stem/Stress_50_17.
2026-07-23 09:52:12 [13,652ms] [Warning] [omni.physx.plugin] Invalid PhysX transform detected for /World/Stem/Stress_50_18.
2026-07-23 09:52:12 [13,652ms] [Warning] [omni.physx.plugin] Invalid PhysX transform detected for /World/Stem/Stress_50_19.
2026-07-23 09:52:12 [13,652ms] [Warning] [omni.physx.plugin] Invalid PhysX transform detected for /World/Stem/Stress_50_20.
2026-07-23 09:52:12 [13,652ms] [Warning] [omni.physx.plugin] Invalid PhysX transform detected for /World/Stem/Stress_50_21.
2026-07-23 09:52:12 [13,652ms] [Warning] [omni.physx.plugin] Invalid PhysX transform detected for /World/Stem/Stress_50_22.
2026-07-23 09:52:12 [13,652ms] [Warning] [omni.physx.plugin] Invalid PhysX transform detected for /World/Stem/Stress_50_23.
2026-07-23 09:52:12 [13,652ms] [Warning] [omni.physx.plugin] Invalid PhysX transform detected for /World/Stem/Stress_50_24.
2026-07-23 09:52:12 [13,652ms] [Warning] [omni.physx.plugin] Invalid PhysX transform detected for /World/Stem/Stress_50_25.
2026-07-23 09:52:12 [13,652ms] [Warning] [omni.physx.plugin] Invalid PhysX transform detected for /World/Stem/Stress_50_26.
2026-07-23 09:52:12 [13,652ms] [Warning] [omni.physx.plugin] Invalid PhysX transform detected for /World/Stem/Stress_50_27.
2026-07-23 09:52:12 [13,652ms] [Warning] [omni.physx.plugin] Invalid PhysX transform detected for /World/Stem/Stress_50_28.
2026-07-23 09:52:12 [13,652ms] [Warning] [omni.physx.plugin] Invalid PhysX transform detected for /World/Stem/Stress_50_29.
2026-07-23 09:52:12 [13,652ms] [Warning] [omni.physx.plugin] Invalid PhysX transform detected for /World/Stem/Stress_50_30.
2026-07-23 09:52:12 [13,652ms] [Warning] [omni.physx.plugin] Invalid PhysX transform detected for /World/Stem/Stress_50_31.
2026-07-23 09:52:12 [13,652ms] [Warning] [omni.physx.plugin] Invalid PhysX transform detected for /World/Stem/Stress_50_32.
2026-07-23 09:52:12 [13,652ms] [Warning] [omni.physx.plugin] Invalid PhysX transform detected for /World/Stem/Stress_50_33.
2026-07-23 09:52:12 [13,652ms] [Warning] [omni.physx.plugin] Invalid PhysX transform detected for /World/Stem/Stress_50_34.
2026-07-23 09:52:12 [13,652ms] [Warning] [omni.physx.plugin] Invalid PhysX transform detected for /World/Stem/Stress_50_35.
2026-07-23 09:52:12 [13,652ms] [Warning] [omni.physx.plugin] Invalid PhysX transform detected for /World/Stem/Stress_50_36.
2026-07-23 09:52:12 [13,652ms] [Warning] [omni.physx.plugin] Invalid PhysX transform detected for /World/Stem/Stress_50_37.
2026-07-23 09:52:12 [13,652ms] [Warning] [omni.physx.plugin] Invalid PhysX transform detected for /World/Stem/Stress_50_38.
2026-07-23 09:52:12 [13,652ms] [Warning] [omni.physx.plugin] Invalid PhysX transform detected for /World/Stem/Stress_50_39.
2026-07-23 09:52:12 [13,652ms] [Warning] [omni.physx.plugin] Invalid PhysX transform detected for /World/Stem/Stress_50_40.
2026-07-23 09:52:12 [13,652ms] [Warning] [omni.physx.plugin] Invalid PhysX transform detected for /World/Stem/Stress_50_41.
2026-07-23 09:52:12 [13,652ms] [Warning] [omni.physx.plugin] Invalid PhysX transform detected for /World/Stem/Stress_50_42.
2026-07-23 09:52:12 [13,652ms] [Warning] [omni.physx.plugin] Invalid PhysX transform detected for /World/Stem/Stress_50_43.
2026-07-23 09:52:12 [13,652ms] [Warning] [omni.physx.plugin] Invalid PhysX transform detected for /World/Stem/Stress_50_44.
2026-07-23 09:52:12 [13,652ms] [Warning] [omni.physx.plugin] Invalid PhysX transform detected for /World/Stem/Stress_50_45.
2026-07-23 09:52:12 [13,652ms] [Warning] [omni.physx.plugin] Invalid PhysX transform detected for /World/Stem/Stress_50_46.
2026-07-23 09:52:12 [13,652ms] [Warning] [omni.physx.plugin] Invalid PhysX transform detected for /World/Stem/Stress_50_47.
2026-07-23 09:52:12 [13,652ms] [Warning] [omni.physx.plugin] Invalid PhysX transform detected for /World/Stem/Stress_50_48.
2026-07-23 09:52:12 [13,652ms] [Warning] [omni.physx.plugin] Invalid PhysX transform detected for /World/Stem/Stress_50_49.
2026-07-23 09:52:12 [13,652ms] [Warning] [omni.physx.plugin] Invalid PhysX transform detected for /World/Stem/Fruit_Stress_50_base.
2026-07-23 09:52:12 [13,652ms] [Warning] [omni.physx.plugin] Invalid PhysX transform detected for /World/Stem/Fruit_Stress_50_tip.
2026-07-23 09:52:12 [13,652ms] [Warning] [omni.physx.plugin] Invalid PhysX transform detected for /World/Stem/Fruit_Stress_50.
2026-07-23 09:52:12 [13,671ms] [Warning] [omni.physx.plugin] Invalid PhysX transform detected for /World/Stem/Stress_50_00.
2026-07-23 09:52:12 [13,671ms] [Warning] [omni.physx.plugin] Invalid PhysX transform detected for /World/Stem/Stress_50_01.
2026-07-23 09:52:12 [13,671ms] [Warning] [omni.physx.plugin] Invalid PhysX transform detected for /World/Stem/Stress_50_02.
2026-07-23 09:52:12 [13,671ms] [Warning] [omni.physx.plugin] Invalid PhysX transform detected for /World/Stem/Stress_50_03.
2026-07-23 09:52:12 [13,671ms] [Warning] [omni.physx.plugin] Invalid PhysX transform detected for /World/Stem/Stress_50_04.
2026-07-23 09:52:12 [13,671ms] [Warning] [omni.physx.plugin] Invalid PhysX transform detected for /World/Stem/Stress_50_05.
2026-07-23 09:52:12 [13,671ms] [Warning] [omni.physx.plugin] Invalid PhysX transform detected for /World/Stem/Stress_50_06.
2026-07-23 09:52:12 [13,671ms] [Warning] [omni.physx.plugin] Invalid PhysX transform detected for /World/Stem/Stress_50_07.
2026-07-23 09:52:12 [13,671ms] [Warning] [omni.physx.plugin] Invalid PhysX transform detected for /World/Stem/Stress_50_08.
2026-07-23 09:52:12 [13,671ms] [Warning] [omni.physx.plugin] Invalid PhysX transform detected for /World/Stem/Stress_50_09.
2026-07-23 09:52:12 [13,671ms] [Warning] [omni.physx.plugin] Invalid PhysX transform detected for /World/Stem/Stress_50_10.
2026-07-23 09:52:12 [13,671ms] [Warning] [omni.physx.plugin] Invalid PhysX transform detected for /World/Stem/Stress_50_11.
2026-07-23 09:52:12 [13,671ms] [Warning] [omni.physx.plugin] Invalid PhysX transform detected for /World/Stem/Stress_50_12.
2026-07-23 09:52:12 [13,671ms] [Warning] [omni.physx.plugin] Invalid PhysX transform detected for /World/Stem/Stress_50_13.
2026-07-23 09:52:12 [13,671ms] [Warning] [omni.physx.plugin] Invalid PhysX transform detected for /World/Stem/Stress_50_14.
2026-07-23 09:52:12 [13,671ms] [Warning] [omni.physx.plugin] Invalid PhysX transform detected for /World/Stem/Stress_50_15.
2026-07-23 09:52:12 [13,671ms] [Warning] [omni.physx.plugin] Invalid PhysX transform detected for /World/Stem/Stress_50_16.
2026-07-23 09:52:12 [13,671ms] [Warning] [omni.physx.plugin] Invalid PhysX transform detected for /World/Stem/Stress_50_17.
2026-07-23 09:52:12 [13,671ms] [Warning] [omni.physx.plugin] Invalid PhysX transform detected for /World/Stem/Stress_50_18.
2026-07-23 09:52:12 [13,671ms] [Warning] [omni.physx.plugin] Invalid PhysX transform detected for /World/Stem/Stress_50_19.
2026-07-23 09:52:12 [13,671ms] [Warning] [omni.physx.plugin] Invalid PhysX transform detected for /World/Stem/Stress_50_20.
2026-07-23 09:52:12 [13,671ms] [Warning] [omni.physx.plugin] Invalid PhysX transform detected for /World/Stem/Stress_50_21.
2026-07-23 09:52:12 [13,671ms] [Warning] [omni.physx.plugin] Invalid PhysX transform detected for /World/Stem/Stress_50_22.
2026-07-23 09:52:12 [13,671ms] [Warning] [omni.physx.plugin] Invalid PhysX transform detected for /World/Stem/Stress_50_23.
2026-07-23 09:52:12 [13,671ms] [Warning] [omni.physx.plugin] Invalid PhysX transform detected for /World/Stem/Stress_50_24.
2026-07-23 09:52:12 [13,671ms] [Warning] [omni.physx.plugin] Invalid PhysX transform detected for /World/Stem/Stress_50_25.
2026-07-23 09:52:12 [13,671ms] [Warning] [omni.physx.plugin] Invalid PhysX transform detected for /World/Stem/Stress_50_26.
2026-07-23 09:52:12 [13,671ms] [Warning] [omni.physx.plugin] Invalid PhysX transform detected for /World/Stem/Stress_50_27.
2026-07-23 09:52:12 [13,671ms] [Warning] [omni.physx.plugin] Invalid PhysX transform detected for /World/Stem/Stress_50_28.
2026-07-23 09:52:12 [13,671ms] [Warning] [omni.physx.plugin] Invalid PhysX transform detected for /World/Stem/Stress_50_29.
2026-07-23 09:52:12 [13,671ms] [Warning] [omni.physx.plugin] Invalid PhysX transform detected for /World/Stem/Stress_50_30.
2026-07-23 09:52:12 [13,671ms] [Warning] [omni.physx.plugin] Invalid PhysX transform detected for /World/Stem/Stress_50_31.
2026-07-23 09:52:12 [13,671ms] [Warning] [omni.physx.plugin] Invalid PhysX transform detected for /World/Stem/Stress_50_32.
2026-07-23 09:52:12 [13,671ms] [Warning] [omni.physx.plugin] Invalid PhysX transform detected for /World/Stem/Stress_50_33.
2026-07-23 09:52:12 [13,671ms] [Warning] [omni.physx.plugin] Invalid PhysX transform detected for /World/Stem/Stress_50_34.
2026-07-23 09:52:12 [13,671ms] [Warning] [omni.physx.plugin] Invalid PhysX transform detected for /World/Stem/Stress_50_35.
2026-07-23 09:52:12 [13,671ms] [Warning] [omni.physx.plugin] Invalid PhysX transform detected for /World/Stem/Stress_50_36.
2026-07-23 09:52:12 [13,671ms] [Warning] [omni.physx.plugin] Invalid PhysX transform detected for /World/Stem/Stress_50_37.
2026-07-23 09:52:12 [13,671ms] [Warning] [omni.physx.plugin] Invalid PhysX transform detected for /World/Stem/Stress_50_38.
2026-07-23 09:52:12 [13,671ms] [Warning] [omni.physx.plugin] Invalid PhysX transform detected for /World/Stem/Stress_50_39.
2026-07-23 09:52:12 [13,671ms] [Warning] [omni.physx.plugin] Invalid PhysX transform detected for /World/Stem/Stress_50_40.
2026-07-23 09:52:12 [13,671ms] [Warning] [omni.physx.plugin] Invalid PhysX transform detected for /World/Stem/Stress_50_41.
2026-07-23 09:52:12 [13,671ms] [Warning] [omni.physx.plugin] Invalid PhysX transform detected for /World/Stem/Stress_50_42.
2026-07-23 09:52:12 [13,671ms] [Warning] [omni.physx.plugin] Invalid PhysX transform detected for /World/Stem/Stress_50_43.
2026-07-23 09:52:12 [13,671ms] [Warning] [omni.physx.plugin] Invalid PhysX transform detected for /World/Stem/Stress_50_44.
2026-07-23 09:52:12 [13,671ms] [Warning] [omni.physx.plugin] Invalid PhysX transform detected for /World/Stem/Stress_50_45.
2026-07-23 09:52:12 [13,671ms] [Warning] [omni.physx.plugin] Invalid PhysX transform detected for /World/Stem/Stress_50_46.
2026-07-23 09:52:12 [13,671ms] [Warning] [omni.physx.plugin] Invalid PhysX transform detected for /World/Stem/Stress_50_47.
2026-07-23 09:52:12 [13,671ms] [Warning] [omni.physx.plugin] Invalid PhysX transform detected for /World/Stem/Stress_50_48.
2026-07-23 09:52:12 [13,671ms] [Warning] [omni.physx.plugin] Invalid PhysX transform detected for /World/Stem/Stress_50_49.
2026-07-23 09:52:12 [13,671ms] [Warning] [omni.physx.plugin] Invalid PhysX transform detected for /World/Stem/Fruit_Stress_50_base.
2026-07-23 09:52:12 [13,671ms] [Warning] [omni.physx.plugin] Invalid PhysX transform detected for /World/Stem/Fruit_Stress_50_tip.
2026-07-23 09:52:12 [13,671ms] [Warning] [omni.physx.plugin] Invalid PhysX transform detected for /World/Stem/Fruit_Stress_50.
2026-07-23 09:52:12 [13,689ms] [Warning] [omni.physx.plugin] Invalid PhysX transform detected for /World/Stem/Stress_50_00.
2026-07-23 09:52:12 [13,689ms] [Warning] [omni.physx.plugin] Invalid PhysX transform detected for /World/Stem/Stress_50_01.
2026-07-23 09:52:12 [13,689ms] [Warning] [omni.physx.plugin] Invalid PhysX transform detected for /World/Stem/Stress_50_02.
2026-07-23 09:52:12 [13,689ms] [Warning] [omni.physx.plugin] Invalid PhysX transform detected for /World/Stem/Stress_50_03.
2026-07-23 09:52:12 [13,689ms] [Warning] [omni.physx.plugin] Invalid PhysX transform detected for /World/Stem/Stress_50_04.
2026-07-23 09:52:12 [13,689ms] [Warning] [omni.physx.plugin] Invalid PhysX transform detected for /World/Stem/Stress_50_05.
2026-07-23 09:52:12 [13,689ms] [Warning] [omni.physx.plugin] Invalid PhysX transform detected for /World/Stem/Stress_50_06.
2026-07-23 09:52:12 [13,689ms] [Warning] [omni.physx.plugin] Invalid PhysX transform detected for /World/Stem/Stress_50_07.
2026-07-23 09:52:12 [13,689ms] [Warning] [omni.physx.plugin] Invalid PhysX transform detected for /World/Stem/Stress_50_08.
2026-07-23 09:52:12 [13,689ms] [Warning] [omni.physx.plugin] Invalid PhysX transform detected for /World/Stem/Stress_50_09.
2026-07-23 09:52:12 [13,689ms] [Warning] [omni.physx.plugin] Invalid PhysX transform detected for /World/Stem/Stress_50_10.
2026-07-23 09:52:12 [13,689ms] [Warning] [omni.physx.plugin] Invalid PhysX transform detected for /World/Stem/Stress_50_11.
2026-07-23 09:52:12 [13,689ms] [Warning] [omni.physx.plugin] Invalid PhysX transform detected for /World/Stem/Stress_50_12.
2026-07-23 09:52:12 [13,689ms] [Warning] [omni.physx.plugin] Invalid PhysX transform detected for /World/Stem/Stress_50_13.
2026-07-23 09:52:12 [13,689ms] [Warning] [omni.physx.plugin] Invalid PhysX transform detected for /World/Stem/Stress_50_14.
2026-07-23 09:52:12 [13,689ms] [Warning] [omni.physx.plugin] Invalid PhysX transform detected for /World/Stem/Stress_50_15.
2026-07-23 09:52:12 [13,689ms] [Warning] [omni.physx.plugin] Invalid PhysX transform detected for /World/Stem/Stress_50_16.
2026-07-23 09:52:12 [13,689ms] [Warning] [omni.physx.plugin] Invalid PhysX transform detected for /World/Stem/Stress_50_17.
2026-07-23 09:52:12 [13,689ms] [Warning] [omni.physx.plugin] Invalid PhysX transform detected for /World/Stem/Stress_50_18.
2026-07-23 09:52:12 [13,689ms] [Warning] [omni.physx.plugin] Invalid PhysX transform detected for /World/Stem/Stress_50_19.
2026-07-23 09:52:12 [13,689ms] [Warning] [omni.physx.plugin] Invalid PhysX transform detected for /World/Stem/Stress_50_20.
2026-07-23 09:52:12 [13,689ms] [Warning] [omni.physx.plugin] Invalid PhysX transform detected for /World/Stem/Stress_50_21.
2026-07-23 09:52:12 [13,689ms] [Warning] [omni.physx.plugin] Invalid PhysX transform detected for /World/Stem/Stress_50_22.
2026-07-23 09:52:12 [13,689ms] [Warning] [omni.physx.plugin] Invalid PhysX transform detected for /World/Stem/Stress_50_23.
2026-07-23 09:52:12 [13,689ms] [Warning] [omni.physx.plugin] Invalid PhysX transform detected for /World/Stem/Stress_50_24.
2026-07-23 09:52:12 [13,689ms] [Warning] [omni.physx.plugin] Invalid PhysX transform detected for /World/Stem/Stress_50_25.
2026-07-23 09:52:12 [13,689ms] [Warning] [omni.physx.plugin] Invalid PhysX transform detected for /World/Stem/Stress_50_26.
2026-07-23 09:52:12 [13,689ms] [Warning] [omni.physx.plugin] Invalid PhysX transform detected for /World/Stem/Stress_50_27.
2026-07-23 09:52:12 [13,689ms] [Warning] [omni.physx.plugin] Invalid PhysX transform detected for /World/Stem/Stress_50_28.
2026-07-23 09:52:12 [13,689ms] [Warning] [omni.physx.plugin] Invalid PhysX transform detected for /World/Stem/Stress_50_29.
2026-07-23 09:52:12 [13,689ms] [Warning] [omni.physx.plugin] Invalid PhysX transform detected for /World/Stem/Stress_50_30.
2026-07-23 09:52:12 [13,689ms] [Warning] [omni.physx.plugin] Invalid PhysX transform detected for /World/Stem/Stress_50_31.
2026-07-23 09:52:12 [13,689ms] [Warning] [omni.physx.plugin] Invalid PhysX transform detected for /World/Stem/Stress_50_32.
2026-07-23 09:52:12 [13,689ms] [Warning] [omni.physx.plugin] Invalid PhysX transform detected for /World/Stem/Stress_50_33.
2026-07-23 09:52:12 [13,689ms] [Warning] [omni.physx.plugin] Invalid PhysX transform detected for /World/Stem/Stress_50_34.
2026-07-23 09:52:12 [13,689ms] [Warning] [omni.physx.plugin] Invalid PhysX transform detected for /World/Stem/Stress_50_35.
2026-07-23 09:52:12 [13,689ms] [Warning] [omni.physx.plugin] Invalid PhysX transform detected for /World/Stem/Stress_50_36.
2026-07-23 09:52:12 [13,689ms] [Warning] [omni.physx.plugin] Invalid PhysX transform detected for /World/Stem/Stress_50_37.
2026-07-23 09:52:12 [13,689ms] [Warning] [omni.physx.plugin] Invalid PhysX transform detected for /World/Stem/Stress_50_38.
2026-07-23 09:52:12 [13,689ms] [Warning] [omni.physx.plugin] Invalid PhysX transform detected for /World/Stem/Stress_50_39.
2026-07-23 09:52:12 [13,689ms] [Warning] [omni.physx.plugin] Invalid PhysX transform detected for /World/Stem/Stress_50_40.
2026-07-23 09:52:12 [13,689ms] [Warning] [omni.physx.plugin] Invalid PhysX transform detected for /World/Stem/Stress_50_41.
2026-07-23 09:52:12 [13,689ms] [Warning] [omni.physx.plugin] Invalid PhysX transform detected for /World/Stem/Stress_50_42.
2026-07-23 09:52:12 [13,689ms] [Warning] [omni.physx.plugin] Invalid PhysX transform detected for /World/Stem/Stress_50_43.
2026-07-23 09:52:12 [13,689ms] [Warning] [omni.physx.plugin] Invalid PhysX transform detected for /World/Stem/Stress_50_44.
2026-07-23 09:52:12 [13,689ms] [Warning] [omni.physx.plugin] Invalid PhysX transform detected for /World/Stem/Stress_50_45.
2026-07-23 09:52:12 [13,689ms] [Warning] [omni.physx.plugin] Invalid PhysX transform detected for /World/Stem/Stress_50_46.
2026-07-23 09:52:12 [13,689ms] [Warning] [omni.physx.plugin] Invalid PhysX transform detected for /World/Stem/Stress_50_47.
2026-07-23 09:52:12 [13,689ms] [Warning] [omni.physx.plugin] Invalid PhysX transform detected for /World/Stem/Stress_50_48.
2026-07-23 09:52:12 [13,689ms] [Warning] [omni.physx.plugin] Invalid PhysX transform detected for /World/Stem/Stress_50_49.
2026-07-23 09:52:12 [13,689ms] [Warning] [omni.physx.plugin] Invalid PhysX transform detected for /World/Stem/Fruit_Stress_50_base.
2026-07-23 09:52:12 [13,689ms] [Warning] [omni.physx.plugin] Invalid PhysX transform detected for /World/Stem/Fruit_Stress_50_tip.
2026-07-23 09:52:12 [13,689ms] [Warning] [omni.physx.plugin] Invalid PhysX transform detected for /World/Stem/Fruit_Stress_50.
2026-07-23 09:52:12 [13,708ms] [Warning] [omni.physx.plugin] Invalid PhysX transform detected for /World/Stem/Stress_50_00.
2026-07-23 09:52:12 [13,708ms] [Warning] [omni.physx.plugin] Invalid PhysX transform detected for /World/Stem/Stress_50_01.
2026-07-23 09:52:12 [13,708ms] [Warning] [omni.physx.plugin] Invalid PhysX transform detected for /World/Stem/Stress_50_02.
2026-07-23 09:52:12 [13,708ms] [Warning] [omni.physx.plugin] Invalid PhysX transform detected for /World/Stem/Stress_50_03.
2026-07-23 09:52:12 [13,708ms] [Warning] [omni.physx.plugin] Invalid PhysX transform detected for /World/Stem/Stress_50_04.
2026-07-23 09:52:12 [13,708ms] [Warning] [omni.physx.plugin] Invalid PhysX transform detected for /World/Stem/Stress_50_05.
2026-07-23 09:52:12 [13,708ms] [Warning] [omni.physx.plugin] Invalid PhysX transform detected for /World/Stem/Stress_50_06.
2026-07-23 09:52:12 [13,708ms] [Warning] [omni.physx.plugin] Invalid PhysX transform detected for /World/Stem/Stress_50_07.
2026-07-23 09:52:12 [13,708ms] [Warning] [omni.physx.plugin] Invalid PhysX transform detected for /World/Stem/Stress_50_08.
2026-07-23 09:52:12 [13,708ms] [Warning] [omni.physx.plugin] Invalid PhysX transform detected for /World/Stem/Stress_50_09.
2026-07-23 09:52:12 [13,708ms] [Warning] [omni.physx.plugin] Invalid PhysX transform detected for /World/Stem/Stress_50_10.
2026-07-23 09:52:12 [13,708ms] [Warning] [omni.physx.plugin] Invalid PhysX transform detected for /World/Stem/Stress_50_11.
2026-07-23 09:52:12 [13,708ms] [Warning] [omni.physx.plugin] Invalid PhysX transform detected for /World/Stem/Stress_50_12.
2026-07-23 09:52:12 [13,708ms] [Warning] [omni.physx.plugin] Invalid PhysX transform detected for /World/Stem/Stress_50_13.
2026-07-23 09:52:12 [13,708ms] [Warning] [omni.physx.plugin] Invalid PhysX transform detected for /World/Stem/Stress_50_14.
2026-07-23 09:52:12 [13,708ms] [Warning] [omni.physx.plugin] Invalid PhysX transform detected for /World/Stem/Stress_50_15.
2026-07-23 09:52:12 [13,708ms] [Warning] [omni.physx.plugin] Invalid PhysX transform detected for /World/Stem/Stress_50_16.
2026-07-23 09:52:12 [13,708ms] [Warning] [omni.physx.plugin] Invalid PhysX transform detected for /World/Stem/Stress_50_17.
2026-07-23 09:52:12 [13,708ms] [Warning] [omni.physx.plugin] Invalid PhysX transform detected for /World/Stem/Stress_50_18.
2026-07-23 09:52:12 [13,708ms] [Warning] [omni.physx.plugin] Invalid PhysX transform detected for /World/Stem/Stress_50_19.
2026-07-23 09:52:12 [13,708ms] [Warning] [omni.physx.plugin] Invalid PhysX transform detected for /World/Stem/Stress_50_20.
2026-07-23 09:52:12 [13,708ms] [Warning] [omni.physx.plugin] Invalid PhysX transform detected for /World/Stem/Stress_50_21.
2026-07-23 09:52:12 [13,708ms] [Warning] [omni.physx.plugin] Invalid PhysX transform detected for /World/Stem/Stress_50_22.
2026-07-23 09:52:12 [13,708ms] [Warning] [omni.physx.plugin] Invalid PhysX transform detected for /World/Stem/Stress_50_23.
2026-07-23 09:52:12 [13,708ms] [Warning] [omni.physx.plugin] Invalid PhysX transform detected for /World/Stem/Stress_50_24.
2026-07-23 09:52:12 [13,708ms] [Warning] [omni.physx.plugin] Invalid PhysX transform detected for /World/Stem/Stress_50_25.
2026-07-23 09:52:12 [13,708ms] [Warning] [omni.physx.plugin] Invalid PhysX transform detected for /World/Stem/Stress_50_26.
2026-07-23 09:52:12 [13,708ms] [Warning] [omni.physx.plugin] Invalid PhysX transform detected for /World/Stem/Stress_50_27.
2026-07-23 09:52:12 [13,708ms] [Warning] [omni.physx.plugin] Invalid PhysX transform detected for /World/Stem/Stress_50_28.
2026-07-23 09:52:12 [13,708ms] [Warning] [omni.physx.plugin] Invalid PhysX transform detected for /World/Stem/Stress_50_29.
2026-07-23 09:52:12 [13,708ms] [Warning] [omni.physx.plugin] Invalid PhysX transform detected for /World/Stem/Stress_50_30.
2026-07-23 09:52:12 [13,708ms] [Warning] [omni.physx.plugin] Invalid PhysX transform detected for /World/Stem/Stress_50_31.
2026-07-23 09:52:12 [13,708ms] [Warning] [omni.physx.plugin] Invalid PhysX transform detected for /World/Stem/Stress_50_32.
2026-07-23 09:52:12 [13,708ms] [Warning] [omni.physx.plugin] Invalid PhysX transform detected for /World/Stem/Stress_50_33.
2026-07-23 09:52:12 [13,708ms] [Warning] [omni.physx.plugin] Invalid PhysX transform detected for /World/Stem/Stress_50_34.
2026-07-23 09:52:12 [13,708ms] [Warning] [omni.physx.plugin] Invalid PhysX transform detected for /World/Stem/Stress_50_35.
2026-07-23 09:52:12 [13,708ms] [Warning] [omni.physx.plugin] Invalid PhysX transform detected for /World/Stem/Stress_50_36.
2026-07-23 09:52:12 [13,708ms] [Warning] [omni.physx.plugin] Invalid PhysX transform detected for /World/Stem/Stress_50_37.
2026-07-23 09:52:12 [13,708ms] [Warning] [omni.physx.plugin] Invalid PhysX transform detected for /World/Stem/Stress_50_38.
2026-07-23 09:52:12 [13,708ms] [Warning] [omni.physx.plugin] Invalid PhysX transform detected for /World/Stem/Stress_50_39.
2026-07-23 09:52:12 [13,708ms] [Warning] [omni.physx.plugin] Invalid PhysX transform detected for /World/Stem/Stress_50_40.
2026-07-23 09:52:12 [13,708ms] [Warning] [omni.physx.plugin] Invalid PhysX transform detected for /World/Stem/Stress_50_41.
2026-07-23 09:52:12 [13,708ms] [Warning] [omni.physx.plugin] Invalid PhysX transform detected for /World/Stem/Stress_50_42.
2026-07-23 09:52:12 [13,708ms] [Warning] [omni.physx.plugin] Invalid PhysX transform detected for /World/Stem/Stress_50_43.
2026-07-23 09:52:12 [13,708ms] [Warning] [omni.physx.plugin] Invalid PhysX transform detected for /World/Stem/Stress_50_44.
2026-07-23 09:52:12 [13,708ms] [Warning] [omni.physx.plugin] Invalid PhysX transform detected for /World/Stem/Stress_50_45.
2026-07-23 09:52:12 [13,708ms] [Warning] [omni.physx.plugin] Invalid PhysX transform detected for /World/Stem/Stress_50_46.
2026-07-23 09:52:12 [13,708ms] [Warning] [omni.physx.plugin] Invalid PhysX transform detected for /World/Stem/Stress_50_47.
2026-07-23 09:52:12 [13,708ms] [Warning] [omni.physx.plugin] Invalid PhysX transform detected for /World/Stem/Stress_50_48.
2026-07-23 09:52:12 [13,708ms] [Warning] [omni.physx.plugin] Invalid PhysX transform detected for /World/Stem/Stress_50_49.
2026-07-23 09:52:12 [13,708ms] [Warning] [omni.physx.plugin] Invalid PhysX transform detected for /World/Stem/Fruit_Stress_50_base.
2026-07-23 09:52:12 [13,708ms] [Warning] [omni.physx.plugin] Invalid PhysX transform detected for /World/Stem/Fruit_Stress_50_tip.
2026-07-23 09:52:12 [13,708ms] [Warning] [omni.physx.plugin] Invalid PhysX transform detected for /World/Stem/Fruit_Stress_50.
2026-07-23 09:52:12 [13,727ms] [Warning] [omni.physx.plugin] Invalid PhysX transform detected for /World/Stem/Stress_50_00.
2026-07-23 09:52:12 [13,727ms] [Warning] [omni.physx.plugin] Invalid PhysX transform detected for /World/Stem/Stress_50_01.
2026-07-23 09:52:12 [13,727ms] [Warning] [omni.physx.plugin] Invalid PhysX transform detected for /World/Stem/Stress_50_02.
2026-07-23 09:52:12 [13,727ms] [Warning] [omni.physx.plugin] Invalid PhysX transform detected for /World/Stem/Stress_50_03.
2026-07-23 09:52:12 [13,727ms] [Warning] [omni.physx.plugin] Invalid PhysX transform detected for /World/Stem/Stress_50_04.
2026-07-23 09:52:12 [13,727ms] [Warning] [omni.physx.plugin] Invalid PhysX transform detected for /World/Stem/Stress_50_05.
2026-07-23 09:52:12 [13,727ms] [Warning] [omni.physx.plugin] Invalid PhysX transform detected for /World/Stem/Stress_50_06.
2026-07-23 09:52:12 [13,727ms] [Warning] [omni.physx.plugin] Invalid PhysX transform detected for /World/Stem/Stress_50_07.
2026-07-23 09:52:12 [13,727ms] [Warning] [omni.physx.plugin] Invalid PhysX transform detected for /World/Stem/Stress_50_08.
2026-07-23 09:52:12 [13,727ms] [Warning] [omni.physx.plugin] Invalid PhysX transform detected for /World/Stem/Stress_50_09.
2026-07-23 09:52:12 [13,727ms] [Warning] [omni.physx.plugin] Invalid PhysX transform detected for /World/Stem/Stress_50_10.
2026-07-23 09:52:12 [13,727ms] [Warning] [omni.physx.plugin] Invalid PhysX transform detected for /World/Stem/Stress_50_11.
2026-07-23 09:52:12 [13,727ms] [Warning] [omni.physx.plugin] Invalid PhysX transform detected for /World/Stem/Stress_50_12.
2026-07-23 09:52:12 [13,727ms] [Warning] [omni.physx.plugin] Invalid PhysX transform detected for /World/Stem/Stress_50_13.
2026-07-23 09:52:12 [13,727ms] [Warning] [omni.physx.plugin] Invalid PhysX transform detected for /World/Stem/Stress_50_14.
2026-07-23 09:52:12 [13,727ms] [Warning] [omni.physx.plugin] Invalid PhysX transform detected for /World/Stem/Stress_50_15.
2026-07-23 09:52:12 [13,727ms] [Warning] [omni.physx.plugin] Invalid PhysX transform detected for /World/Stem/Stress_50_16.
2026-07-23 09:52:12 [13,727ms] [Warning] [omni.physx.plugin] Invalid PhysX transform detected for /World/Stem/Stress_50_17.
2026-07-23 09:52:12 [13,727ms] [Warning] [omni.physx.plugin] Invalid PhysX transform detected for /World/Stem/Stress_50_18.
2026-07-23 09:52:12 [13,727ms] [Warning] [omni.physx.plugin] Invalid PhysX transform detected for /World/Stem/Stress_50_19.
2026-07-23 09:52:12 [13,727ms] [Warning] [omni.physx.plugin] Invalid PhysX transform detected for /World/Stem/Stress_50_20.
2026-07-23 09:52:12 [13,727ms] [Warning] [omni.physx.plugin] Invalid PhysX transform detected for /World/Stem/Stress_50_21.
2026-07-23 09:52:12 [13,727ms] [Warning] [omni.physx.plugin] Invalid PhysX transform detected for /World/Stem/Stress_50_22.
2026-07-23 09:52:12 [13,727ms] [Warning] [omni.physx.plugin] Invalid PhysX transform detected for /World/Stem/Stress_50_23.
2026-07-23 09:52:12 [13,727ms] [Warning] [omni.physx.plugin] Invalid PhysX transform detected for /World/Stem/Stress_50_24.
2026-07-23 09:52:12 [13,727ms] [Warning] [omni.physx.plugin] Invalid PhysX transform detected for /World/Stem/Stress_50_25.
2026-07-23 09:52:12 [13,727ms] [Warning] [omni.physx.plugin] Invalid PhysX transform detected for /World/Stem/Stress_50_26.
2026-07-23 09:52:12 [13,727ms] [Warning] [omni.physx.plugin] Invalid PhysX transform detected for /World/Stem/Stress_50_27.
2026-07-23 09:52:12 [13,727ms] [Warning] [omni.physx.plugin] Invalid PhysX transform detected for /World/Stem/Stress_50_28.
2026-07-23 09:52:12 [13,727ms] [Warning] [omni.physx.plugin] Invalid PhysX transform detected for /World/Stem/Stress_50_29.
2026-07-23 09:52:12 [13,727ms] [Warning] [omni.physx.plugin] Invalid PhysX transform detected for /World/Stem/Stress_50_30.
2026-07-23 09:52:12 [13,727ms] [Warning] [omni.physx.plugin] Invalid PhysX transform detected for /World/Stem/Stress_50_31.
2026-07-23 09:52:12 [13,727ms] [Warning] [omni.physx.plugin] Invalid PhysX transform detected for /World/Stem/Stress_50_32.
2026-07-23 09:52:12 [13,727ms] [Warning] [omni.physx.plugin] Invalid PhysX transform detected for /World/Stem/Stress_50_33.
2026-07-23 09:52:12 [13,727ms] [Warning] [omni.physx.plugin] Invalid PhysX transform detected for /World/Stem/Stress_50_34.
2026-07-23 09:52:12 [13,727ms] [Warning] [omni.physx.plugin] Invalid PhysX transform detected for /World/Stem/Stress_50_35.
2026-07-23 09:52:12 [13,727ms] [Warning] [omni.physx.plugin] Invalid PhysX transform detected for /World/Stem/Stress_50_36.
2026-07-23 09:52:12 [13,727ms] [Warning] [omni.physx.plugin] Invalid PhysX transform detected for /World/Stem/Stress_50_37.
2026-07-23 09:52:12 [13,727ms] [Warning] [omni.physx.plugin] Invalid PhysX transform detected for /World/Stem/Stress_50_38.
2026-07-23 09:52:12 [13,727ms] [Warning] [omni.physx.plugin] Invalid PhysX transform detected for /World/Stem/Stress_50_39.
2026-07-23 09:52:12 [13,727ms] [Warning] [omni.physx.plugin] Invalid PhysX transform detected for /World/Stem/Stress_50_40.
2026-07-23 09:52:12 [13,727ms] [Warning] [omni.physx.plugin] Invalid PhysX transform detected for /World/Stem/Stress_50_41.
2026-07-23 09:52:12 [13,727ms] [Warning] [omni.physx.plugin] Invalid PhysX transform detected for /World/Stem/Stress_50_42.
2026-07-23 09:52:12 [13,727ms] [Warning] [omni.physx.plugin] Invalid PhysX transform detected for /World/Stem/Stress_50_43.
2026-07-23 09:52:12 [13,727ms] [Warning] [omni.physx.plugin] Invalid PhysX transform detected for /World/Stem/Stress_50_44.
2026-07-23 09:52:12 [13,727ms] [Warning] [omni.physx.plugin] Invalid PhysX transform detected for /World/Stem/Stress_50_45.
2026-07-23 09:52:12 [13,727ms] [Warning] [omni.physx.plugin] Invalid PhysX transform detected for /World/Stem/Stress_50_46.
2026-07-23 09:52:12 [13,727ms] [Warning] [omni.physx.plugin] Invalid PhysX transform detected for /World/Stem/Stress_50_47.
2026-07-23 09:52:12 [13,727ms] [Warning] [omni.physx.plugin] Invalid PhysX transform detected for /World/Stem/Stress_50_48.
2026-07-23 09:52:12 [13,727ms] [Warning] [omni.physx.plugin] Invalid PhysX transform detected for /World/Stem/Stress_50_49.
2026-07-23 09:52:12 [13,727ms] [Warning] [omni.physx.plugin] Invalid PhysX transform detected for /World/Stem/Fruit_Stress_50_base.
2026-07-23 09:52:12 [13,727ms] [Warning] [omni.physx.plugin] Invalid PhysX transform detected for /World/Stem/Fruit_Stress_50_tip.
2026-07-23 09:52:12 [13,727ms] [Warning] [omni.physx.plugin] Invalid PhysX transform detected for /World/Stem/Fruit_Stress_50.
2026-07-23 09:52:12 [13,746ms] [Warning] [omni.physx.plugin] Invalid PhysX transform detected for /World/Stem/Stress_50_00.
2026-07-23 09:52:12 [13,746ms] [Warning] [omni.physx.plugin] Invalid PhysX transform detected for /World/Stem/Stress_50_01.
2026-07-23 09:52:12 [13,746ms] [Warning] [omni.physx.plugin] Invalid PhysX transform detected for /World/Stem/Stress_50_02.
2026-07-23 09:52:12 [13,746ms] [Warning] [omni.physx.plugin] Invalid PhysX transform detected for /World/Stem/Stress_50_03.
2026-07-23 09:52:12 [13,746ms] [Warning] [omni.physx.plugin] Invalid PhysX transform detected for /World/Stem/Stress_50_04.
2026-07-23 09:52:12 [13,746ms] [Warning] [omni.physx.plugin] Invalid PhysX transform detected for /World/Stem/Stress_50_05.
2026-07-23 09:52:12 [13,746ms] [Warning] [omni.physx.plugin] Invalid PhysX transform detected for /World/Stem/Stress_50_06.
2026-07-23 09:52:12 [13,746ms] [Warning] [omni.physx.plugin] Invalid PhysX transform detected for /World/Stem/Stress_50_07.
2026-07-23 09:52:12 [13,746ms] [Warning] [omni.physx.plugin] Invalid PhysX transform detected for /World/Stem/Stress_50_08.
2026-07-23 09:52:12 [13,746ms] [Warning] [omni.physx.plugin] Invalid PhysX transform detected for /World/Stem/Stress_50_09.
2026-07-23 09:52:12 [13,746ms] [Warning] [omni.physx.plugin] Invalid PhysX transform detected for /World/Stem/Stress_50_10.
2026-07-23 09:52:12 [13,746ms] [Warning] [omni.physx.plugin] Invalid PhysX transform detected for /World/Stem/Stress_50_11.
2026-07-23 09:52:12 [13,746ms] [Warning] [omni.physx.plugin] Invalid PhysX transform detected for /World/Stem/Stress_50_12.
2026-07-23 09:52:12 [13,746ms] [Warning] [omni.physx.plugin] Invalid PhysX transform detected for /World/Stem/Stress_50_13.
2026-07-23 09:52:12 [13,746ms] [Warning] [omni.physx.plugin] Invalid PhysX transform detected for /World/Stem/Stress_50_14.
2026-07-23 09:52:12 [13,746ms] [Warning] [omni.physx.plugin] Invalid PhysX transform detected for /World/Stem/Stress_50_15.
2026-07-23 09:52:12 [13,746ms] [Warning] [omni.physx.plugin] Invalid PhysX transform detected for /World/Stem/Stress_50_16.
2026-07-23 09:52:12 [13,746ms] [Warning] [omni.physx.plugin] Invalid PhysX transform detected for /World/Stem/Stress_50_17.
2026-07-23 09:52:12 [13,746ms] [Warning] [omni.physx.plugin] Invalid PhysX transform detected for /World/Stem/Stress_50_18.
2026-07-23 09:52:12 [13,746ms] [Warning] [omni.physx.plugin] Invalid PhysX transform detected for /World/Stem/Stress_50_19.
2026-07-23 09:52:12 [13,746ms] [Warning] [omni.physx.plugin] Invalid PhysX transform detected for /World/Stem/Stress_50_20.
2026-07-23 09:52:12 [13,746ms] [Warning] [omni.physx.plugin] Invalid PhysX transform detected for /World/Stem/Stress_50_21.
2026-07-23 09:52:12 [13,746ms] [Warning] [omni.physx.plugin] Invalid PhysX transform detected for /World/Stem/Stress_50_22.
2026-07-23 09:52:12 [13,746ms] [Warning] [omni.physx.plugin] Invalid PhysX transform detected for /World/Stem/Stress_50_23.
2026-07-23 09:52:12 [13,746ms] [Warning] [omni.physx.plugin] Invalid PhysX transform detected for /World/Stem/Stress_50_24.
2026-07-23 09:52:12 [13,746ms] [Warning] [omni.physx.plugin] Invalid PhysX transform detected for /World/Stem/Stress_50_25.
2026-07-23 09:52:12 [13,746ms] [Warning] [omni.physx.plugin] Invalid PhysX transform detected for /World/Stem/Stress_50_26.
2026-07-23 09:52:12 [13,746ms] [Warning] [omni.physx.plugin] Invalid PhysX transform detected for /World/Stem/Stress_50_27.
2026-07-23 09:52:12 [13,746ms] [Warning] [omni.physx.plugin] Invalid PhysX transform detected for /World/Stem/Stress_50_28.
2026-07-23 09:52:12 [13,746ms] [Warning] [omni.physx.plugin] Invalid PhysX transform detected for /World/Stem/Stress_50_29.
2026-07-23 09:52:12 [13,746ms] [Warning] [omni.physx.plugin] Invalid PhysX transform detected for /World/Stem/Stress_50_30.
2026-07-23 09:52:12 [13,746ms] [Warning] [omni.physx.plugin] Invalid PhysX transform detected for /World/Stem/Stress_50_31.
2026-07-23 09:52:12 [13,746ms] [Warning] [omni.physx.plugin] Invalid PhysX transform detected for /World/Stem/Stress_50_32.
2026-07-23 09:52:12 [13,746ms] [Warning] [omni.physx.plugin] Invalid PhysX transform detected for /World/Stem/Stress_50_33.
2026-07-23 09:52:12 [13,746ms] [Warning] [omni.physx.plugin] Invalid PhysX transform detected for /World/Stem/Stress_50_34.
2026-07-23 09:52:12 [13,746ms] [Warning] [omni.physx.plugin] Invalid PhysX transform detected for /World/Stem/Stress_50_35.
2026-07-23 09:52:12 [13,746ms] [Warning] [omni.physx.plugin] Invalid PhysX transform detected for /World/Stem/Stress_50_36.
2026-07-23 09:52:12 [13,746ms] [Warning] [omni.physx.plugin] Invalid PhysX transform detected for /World/Stem/Stress_50_37.
2026-07-23 09:52:12 [13,746ms] [Warning] [omni.physx.plugin] Invalid PhysX transform detected for /World/Stem/Stress_50_38.
2026-07-23 09:52:12 [13,746ms] [Warning] [omni.physx.plugin] Invalid PhysX transform detected for /World/Stem/Stress_50_39.
2026-07-23 09:52:12 [13,746ms] [Warning] [omni.physx.plugin] Invalid PhysX transform detected for /World/Stem/Stress_50_40.
2026-07-23 09:52:12 [13,746ms] [Warning] [omni.physx.plugin] Invalid PhysX transform detected for /World/Stem/Stress_50_41.
2026-07-23 09:52:12 [13,746ms] [Warning] [omni.physx.plugin] Invalid PhysX transform detected for /World/Stem/Stress_50_42.
2026-07-23 09:52:12 [13,746ms] [Warning] [omni.physx.plugin] Invalid PhysX transform detected for /World/Stem/Stress_50_43.
2026-07-23 09:52:12 [13,746ms] [Warning] [omni.physx.plugin] Invalid PhysX transform detected for /World/Stem/Stress_50_44.
2026-07-23 09:52:12 [13,746ms] [Warning] [omni.physx.plugin] Invalid PhysX transform detected for /World/Stem/Stress_50_45.
2026-07-23 09:52:12 [13,746ms] [Warning] [omni.physx.plugin] Invalid PhysX transform detected for /World/Stem/Stress_50_46.
2026-07-23 09:52:12 [13,746ms] [Warning] [omni.physx.plugin] Invalid PhysX transform detected for /World/Stem/Stress_50_47.
2026-07-23 09:52:12 [13,746ms] [Warning] [omni.physx.plugin] Invalid PhysX transform detected for /World/Stem/Stress_50_48.
2026-07-23 09:52:12 [13,746ms] [Warning] [omni.physx.plugin] Invalid PhysX transform detected for /World/Stem/Stress_50_49.
2026-07-23 09:52:12 [13,746ms] [Warning] [omni.physx.plugin] Invalid PhysX transform detected for /World/Stem/Fruit_Stress_50_base.
2026-07-23 09:52:12 [13,746ms] [Warning] [omni.physx.plugin] Invalid PhysX transform detected for /World/Stem/Fruit_Stress_50_tip.
2026-07-23 09:52:12 [13,746ms] [Warning] [omni.physx.plugin] Invalid PhysX transform detected for /World/Stem/Fruit_Stress_50.
2026-07-23 09:52:12 [13,764ms] [Warning] [omni.physx.plugin] Invalid PhysX transform detected for /World/Stem/Stress_50_00.
2026-07-23 09:52:12 [13,764ms] [Warning] [omni.physx.plugin] Invalid PhysX transform detected for /World/Stem/Stress_50_01.
2026-07-23 09:52:12 [13,764ms] [Warning] [omni.physx.plugin] Invalid PhysX transform detected for /World/Stem/Stress_50_02.
2026-07-23 09:52:12 [13,764ms] [Warning] [omni.physx.plugin] Invalid PhysX transform detected for /World/Stem/Stress_50_03.
2026-07-23 09:52:12 [13,764ms] [Warning] [omni.physx.plugin] Invalid PhysX transform detected for /World/Stem/Stress_50_04.
2026-07-23 09:52:12 [13,764ms] [Warning] [omni.physx.plugin] Invalid PhysX transform detected for /World/Stem/Stress_50_05.
2026-07-23 09:52:12 [13,764ms] [Warning] [omni.physx.plugin] Invalid PhysX transform detected for /World/Stem/Stress_50_06.
2026-07-23 09:52:12 [13,764ms] [Warning] [omni.physx.plugin] Invalid PhysX transform detected for /World/Stem/Stress_50_07.
2026-07-23 09:52:12 [13,764ms] [Warning] [omni.physx.plugin] Invalid PhysX transform detected for /World/Stem/Stress_50_08.
2026-07-23 09:52:12 [13,764ms] [Warning] [omni.physx.plugin] Invalid PhysX transform detected for /World/Stem/Stress_50_09.
2026-07-23 09:52:12 [13,764ms] [Warning] [omni.physx.plugin] Invalid PhysX transform detected for /World/Stem/Stress_50_10.
2026-07-23 09:52:12 [13,764ms] [Warning] [omni.physx.plugin] Invalid PhysX transform detected for /World/Stem/Stress_50_11.
2026-07-23 09:52:12 [13,764ms] [Warning] [omni.physx.plugin] Invalid PhysX transform detected for /World/Stem/Stress_50_12.
2026-07-23 09:52:12 [13,764ms] [Warning] [omni.physx.plugin] Invalid PhysX transform detected for /World/Stem/Stress_50_13.
2026-07-23 09:52:12 [13,764ms] [Warning] [omni.physx.plugin] Invalid PhysX transform detected for /World/Stem/Stress_50_14.
2026-07-23 09:52:12 [13,764ms] [Warning] [omni.physx.plugin] Invalid PhysX transform detected for /World/Stem/Stress_50_15.
2026-07-23 09:52:12 [13,764ms] [Warning] [omni.physx.plugin] Invalid PhysX transform detected for /World/Stem/Stress_50_16.
2026-07-23 09:52:12 [13,764ms] [Warning] [omni.physx.plugin] Invalid PhysX transform detected for /World/Stem/Stress_50_17.
2026-07-23 09:52:12 [13,764ms] [Warning] [omni.physx.plugin] Invalid PhysX transform detected for /World/Stem/Stress_50_18.
2026-07-23 09:52:12 [13,764ms] [Warning] [omni.physx.plugin] Invalid PhysX transform detected for /World/Stem/Stress_50_19.
2026-07-23 09:52:12 [13,764ms] [Warning] [omni.physx.plugin] Invalid PhysX transform detected for /World/Stem/Stress_50_20.
2026-07-23 09:52:12 [13,764ms] [Warning] [omni.physx.plugin] Invalid PhysX transform detected for /World/Stem/Stress_50_21.
2026-07-23 09:52:12 [13,764ms] [Warning] [omni.physx.plugin] Invalid PhysX transform detected for /World/Stem/Stress_50_22.
2026-07-23 09:52:12 [13,764ms] [Warning] [omni.physx.plugin] Invalid PhysX transform detected for /World/Stem/Stress_50_23.
2026-07-23 09:52:12 [13,764ms] [Warning] [omni.physx.plugin] Invalid PhysX transform detected for /World/Stem/Stress_50_24.
2026-07-23 09:52:12 [13,764ms] [Warning] [omni.physx.plugin] Invalid PhysX transform detected for /World/Stem/Stress_50_25.
2026-07-23 09:52:12 [13,764ms] [Warning] [omni.physx.plugin] Invalid PhysX transform detected for /World/Stem/Stress_50_26.
2026-07-23 09:52:12 [13,764ms] [Warning] [omni.physx.plugin] Invalid PhysX transform detected for /World/Stem/Stress_50_27.
2026-07-23 09:52:12 [13,764ms] [Warning] [omni.physx.plugin] Invalid PhysX transform detected for /World/Stem/Stress_50_28.
2026-07-23 09:52:12 [13,764ms] [Warning] [omni.physx.plugin] Invalid PhysX transform detected for /World/Stem/Stress_50_29.
2026-07-23 09:52:12 [13,764ms] [Warning] [omni.physx.plugin] Invalid PhysX transform detected for /World/Stem/Stress_50_30.
2026-07-23 09:52:12 [13,764ms] [Warning] [omni.physx.plugin] Invalid PhysX transform detected for /World/Stem/Stress_50_31.
2026-07-23 09:52:12 [13,764ms] [Warning] [omni.physx.plugin] Invalid PhysX transform detected for /World/Stem/Stress_50_32.
2026-07-23 09:52:12 [13,764ms] [Warning] [omni.physx.plugin] Invalid PhysX transform detected for /World/Stem/Stress_50_33.
2026-07-23 09:52:12 [13,764ms] [Warning] [omni.physx.plugin] Invalid PhysX transform detected for /World/Stem/Stress_50_34.
2026-07-23 09:52:12 [13,764ms] [Warning] [omni.physx.plugin] Invalid PhysX transform detected for /World/Stem/Stress_50_35.
2026-07-23 09:52:12 [13,764ms] [Warning] [omni.physx.plugin] Invalid PhysX transform detected for /World/Stem/Stress_50_36.
2026-07-23 09:52:12 [13,764ms] [Warning] [omni.physx.plugin] Invalid PhysX transform detected for /World/Stem/Stress_50_37.
2026-07-23 09:52:12 [13,764ms] [Warning] [omni.physx.plugin] Invalid PhysX transform detected for /World/Stem/Stress_50_38.
2026-07-23 09:52:12 [13,764ms] [Warning] [omni.physx.plugin] Invalid PhysX transform detected for /World/Stem/Stress_50_39.
2026-07-23 09:52:12 [13,764ms] [Warning] [omni.physx.plugin] Invalid PhysX transform detected for /World/Stem/Stress_50_40.
2026-07-23 09:52:12 [13,764ms] [Warning] [omni.physx.plugin] Invalid PhysX transform detected for /World/Stem/Stress_50_41.
2026-07-23 09:52:12 [13,764ms] [Warning] [omni.physx.plugin] Invalid PhysX transform detected for /World/Stem/Stress_50_42.
2026-07-23 09:52:12 [13,764ms] [Warning] [omni.physx.plugin] Invalid PhysX transform detected for /World/Stem/Stress_50_43.
2026-07-23 09:52:12 [13,764ms] [Warning] [omni.physx.plugin] Invalid PhysX transform detected for /World/Stem/Stress_50_44.
2026-07-23 09:52:12 [13,764ms] [Warning] [omni.physx.plugin] Invalid PhysX transform detected for /World/Stem/Stress_50_45.
2026-07-23 09:52:12 [13,764ms] [Warning] [omni.physx.plugin] Invalid PhysX transform detected for /World/Stem/Stress_50_46.
2026-07-23 09:52:12 [13,764ms] [Warning] [omni.physx.plugin] Invalid PhysX transform detected for /World/Stem/Stress_50_47.
2026-07-23 09:52:12 [13,764ms] [Warning] [omni.physx.plugin] Invalid PhysX transform detected for /World/Stem/Stress_50_48.
2026-07-23 09:52:12 [13,764ms] [Warning] [omni.physx.plugin] Invalid PhysX transform detected for /World/Stem/Stress_50_49.
2026-07-23 09:52:12 [13,764ms] [Warning] [omni.physx.plugin] Invalid PhysX transform detected for /World/Stem/Fruit_Stress_50_base.
2026-07-23 09:52:12 [13,764ms] [Warning] [omni.physx.plugin] Invalid PhysX transform detected for /World/Stem/Fruit_Stress_50_tip.
2026-07-23 09:52:12 [13,764ms] [Warning] [omni.physx.plugin] Invalid PhysX transform detected for /World/Stem/Fruit_Stress_50.
2026-07-23 09:52:12 [13,783ms] [Warning] [omni.physx.plugin] Invalid PhysX transform detected for /World/Stem/Stress_50_00.
2026-07-23 09:52:12 [13,783ms] [Warning] [omni.physx.plugin] Invalid PhysX transform detected for /World/Stem/Stress_50_01.
2026-07-23 09:52:12 [13,783ms] [Warning] [omni.physx.plugin] Invalid PhysX transform detected for /World/Stem/Stress_50_02.
2026-07-23 09:52:12 [13,783ms] [Warning] [omni.physx.plugin] Invalid PhysX transform detected for /World/Stem/Stress_50_03.
2026-07-23 09:52:12 [13,783ms] [Warning] [omni.physx.plugin] Invalid PhysX transform detected for /World/Stem/Stress_50_04.
2026-07-23 09:52:12 [13,783ms] [Warning] [omni.physx.plugin] Invalid PhysX transform detected for /World/Stem/Stress_50_05.
2026-07-23 09:52:12 [13,783ms] [Warning] [omni.physx.plugin] Invalid PhysX transform detected for /World/Stem/Stress_50_06.
2026-07-23 09:52:12 [13,783ms] [Warning] [omni.physx.plugin] Invalid PhysX transform detected for /World/Stem/Stress_50_07.
2026-07-23 09:52:12 [13,783ms] [Warning] [omni.physx.plugin] Invalid PhysX transform detected for /World/Stem/Stress_50_08.
2026-07-23 09:52:12 [13,783ms] [Warning] [omni.physx.plugin] Invalid PhysX transform detected for /World/Stem/Stress_50_09.
2026-07-23 09:52:12 [13,783ms] [Warning] [omni.physx.plugin] Invalid PhysX transform detected for /World/Stem/Stress_50_10.
2026-07-23 09:52:12 [13,783ms] [Warning] [omni.physx.plugin] Invalid PhysX transform detected for /World/Stem/Stress_50_11.
2026-07-23 09:52:12 [13,783ms] [Warning] [omni.physx.plugin] Invalid PhysX transform detected for /World/Stem/Stress_50_12.
2026-07-23 09:52:12 [13,783ms] [Warning] [omni.physx.plugin] Invalid PhysX transform detected for /World/Stem/Stress_50_13.
2026-07-23 09:52:12 [13,783ms] [Warning] [omni.physx.plugin] Invalid PhysX transform detected for /World/Stem/Stress_50_14.
2026-07-23 09:52:12 [13,783ms] [Warning] [omni.physx.plugin] Invalid PhysX transform detected for /World/Stem/Stress_50_15.
2026-07-23 09:52:12 [13,783ms] [Warning] [omni.physx.plugin] Invalid PhysX transform detected for /World/Stem/Stress_50_16.
2026-07-23 09:52:12 [13,783ms] [Warning] [omni.physx.plugin] Invalid PhysX transform detected for /World/Stem/Stress_50_17.
2026-07-23 09:52:12 [13,783ms] [Warning] [omni.physx.plugin] Invalid PhysX transform detected for /World/Stem/Stress_50_18.
2026-07-23 09:52:12 [13,783ms] [Warning] [omni.physx.plugin] Invalid PhysX transform detected for /World/Stem/Stress_50_19.
2026-07-23 09:52:12 [13,783ms] [Warning] [omni.physx.plugin] Invalid PhysX transform detected for /World/Stem/Stress_50_20.
2026-07-23 09:52:12 [13,783ms] [Warning] [omni.physx.plugin] Invalid PhysX transform detected for /World/Stem/Stress_50_21.
2026-07-23 09:52:12 [13,783ms] [Warning] [omni.physx.plugin] Invalid PhysX transform detected for /World/Stem/Stress_50_22.
2026-07-23 09:52:12 [13,783ms] [Warning] [omni.physx.plugin] Invalid PhysX transform detected for /World/Stem/Stress_50_23.
2026-07-23 09:52:12 [13,783ms] [Warning] [omni.physx.plugin] Invalid PhysX transform detected for /World/Stem/Stress_50_24.
2026-07-23 09:52:12 [13,783ms] [Warning] [omni.physx.plugin] Invalid PhysX transform detected for /World/Stem/Stress_50_25.
2026-07-23 09:52:12 [13,783ms] [Warning] [omni.physx.plugin] Invalid PhysX transform detected for /World/Stem/Stress_50_26.
2026-07-23 09:52:12 [13,783ms] [Warning] [omni.physx.plugin] Invalid PhysX transform detected for /World/Stem/Stress_50_27.
2026-07-23 09:52:12 [13,783ms] [Warning] [omni.physx.plugin] Invalid PhysX transform detected for /World/Stem/Stress_50_28.
2026-07-23 09:52:12 [13,783ms] [Warning] [omni.physx.plugin] Invalid PhysX transform detected for /World/Stem/Stress_50_29.
2026-07-23 09:52:12 [13,783ms] [Warning] [omni.physx.plugin] Invalid PhysX transform detected for /World/Stem/Stress_50_30.
2026-07-23 09:52:12 [13,783ms] [Warning] [omni.physx.plugin] Invalid PhysX transform detected for /World/Stem/Stress_50_31.
2026-07-23 09:52:12 [13,783ms] [Warning] [omni.physx.plugin] Invalid PhysX transform detected for /World/Stem/Stress_50_32.
2026-07-23 09:52:12 [13,783ms] [Warning] [omni.physx.plugin] Invalid PhysX transform detected for /World/Stem/Stress_50_33.
2026-07-23 09:52:12 [13,783ms] [Warning] [omni.physx.plugin] Invalid PhysX transform detected for /World/Stem/Stress_50_34.
2026-07-23 09:52:12 [13,783ms] [Warning] [omni.physx.plugin] Invalid PhysX transform detected for /World/Stem/Stress_50_35.
2026-07-23 09:52:12 [13,783ms] [Warning] [omni.physx.plugin] Invalid PhysX transform detected for /World/Stem/Stress_50_36.
2026-07-23 09:52:12 [13,783ms] [Warning] [omni.physx.plugin] Invalid PhysX transform detected for /World/Stem/Stress_50_37.
2026-07-23 09:52:12 [13,783ms] [Warning] [omni.physx.plugin] Invalid PhysX transform detected for /World/Stem/Stress_50_38.
2026-07-23 09:52:12 [13,783ms] [Warning] [omni.physx.plugin] Invalid PhysX transform detected for /World/Stem/Stress_50_39.
2026-07-23 09:52:12 [13,783ms] [Warning] [omni.physx.plugin] Invalid PhysX transform detected for /World/Stem/Stress_50_40.
2026-07-23 09:52:12 [13,783ms] [Warning] [omni.physx.plugin] Invalid PhysX transform detected for /World/Stem/Stress_50_41.
2026-07-23 09:52:12 [13,783ms] [Warning] [omni.physx.plugin] Invalid PhysX transform detected for /World/Stem/Stress_50_42.
2026-07-23 09:52:12 [13,783ms] [Warning] [omni.physx.plugin] Invalid PhysX transform detected for /World/Stem/Stress_50_43.
2026-07-23 09:52:12 [13,783ms] [Warning] [omni.physx.plugin] Invalid PhysX transform detected for /World/Stem/Stress_50_44.
2026-07-23 09:52:12 [13,783ms] [Warning] [omni.physx.plugin] Invalid PhysX transform detected for /World/Stem/Stress_50_45.
2026-07-23 09:52:12 [13,783ms] [Warning] [omni.physx.plugin] Invalid PhysX transform detected for /World/Stem/Stress_50_46.
2026-07-23 09:52:12 [13,783ms] [Warning] [omni.physx.plugin] Invalid PhysX transform detected for /World/Stem/Stress_50_47.
2026-07-23 09:52:12 [13,783ms] [Warning] [omni.physx.plugin] Invalid PhysX transform detected for /World/Stem/Stress_50_48.
2026-07-23 09:52:12 [13,783ms] [Warning] [omni.physx.plugin] Invalid PhysX transform detected for /World/Stem/Stress_50_49.
2026-07-23 09:52:12 [13,783ms] [Warning] [omni.physx.plugin] Invalid PhysX transform detected for /World/Stem/Fruit_Stress_50_base.
2026-07-23 09:52:12 [13,783ms] [Warning] [omni.physx.plugin] Invalid PhysX transform detected for /World/Stem/Fruit_Stress_50_tip.
2026-07-23 09:52:12 [13,783ms] [Warning] [omni.physx.plugin] Invalid PhysX transform detected for /World/Stem/Fruit_Stress_50.
2026-07-23 09:52:12 [13,802ms] [Warning] [omni.physx.plugin] Invalid PhysX transform detected for /World/Stem/Stress_50_00.
2026-07-23 09:52:12 [13,802ms] [Warning] [omni.physx.plugin] Invalid PhysX transform detected for /World/Stem/Stress_50_01.
2026-07-23 09:52:12 [13,802ms] [Warning] [omni.physx.plugin] Invalid PhysX transform detected for /World/Stem/Stress_50_02.
2026-07-23 09:52:12 [13,802ms] [Warning] [omni.physx.plugin] Invalid PhysX transform detected for /World/Stem/Stress_50_03.
2026-07-23 09:52:12 [13,802ms] [Warning] [omni.physx.plugin] Invalid PhysX transform detected for /World/Stem/Stress_50_04.
2026-07-23 09:52:12 [13,802ms] [Warning] [omni.physx.plugin] Invalid PhysX transform detected for /World/Stem/Stress_50_05.
2026-07-23 09:52:12 [13,802ms] [Warning] [omni.physx.plugin] Invalid PhysX transform detected for /World/Stem/Stress_50_06.
2026-07-23 09:52:12 [13,802ms] [Warning] [omni.physx.plugin] Invalid PhysX transform detected for /World/Stem/Stress_50_07.
2026-07-23 09:52:12 [13,802ms] [Warning] [omni.physx.plugin] Invalid PhysX transform detected for /World/Stem/Stress_50_08.
2026-07-23 09:52:12 [13,802ms] [Warning] [omni.physx.plugin] Invalid PhysX transform detected for /World/Stem/Stress_50_09.
2026-07-23 09:52:12 [13,802ms] [Warning] [omni.physx.plugin] Invalid PhysX transform detected for /World/Stem/Stress_50_10.
2026-07-23 09:52:12 [13,802ms] [Warning] [omni.physx.plugin] Invalid PhysX transform detected for /World/Stem/Stress_50_11.
2026-07-23 09:52:12 [13,802ms] [Warning] [omni.physx.plugin] Invalid PhysX transform detected for /World/Stem/Stress_50_12.
2026-07-23 09:52:12 [13,802ms] [Warning] [omni.physx.plugin] Invalid PhysX transform detected for /World/Stem/Stress_50_13.
2026-07-23 09:52:12 [13,802ms] [Warning] [omni.physx.plugin] Invalid PhysX transform detected for /World/Stem/Stress_50_14.
2026-07-23 09:52:12 [13,802ms] [Warning] [omni.physx.plugin] Invalid PhysX transform detected for /World/Stem/Stress_50_15.
2026-07-23 09:52:12 [13,802ms] [Warning] [omni.physx.plugin] Invalid PhysX transform detected for /World/Stem/Stress_50_16.
2026-07-23 09:52:12 [13,802ms] [Warning] [omni.physx.plugin] Invalid PhysX transform detected for /World/Stem/Stress_50_17.
2026-07-23 09:52:12 [13,802ms] [Warning] [omni.physx.plugin] Invalid PhysX transform detected for /World/Stem/Stress_50_18.
2026-07-23 09:52:12 [13,802ms] [Warning] [omni.physx.plugin] Invalid PhysX transform detected for /World/Stem/Stress_50_19.
2026-07-23 09:52:12 [13,802ms] [Warning] [omni.physx.plugin] Invalid PhysX transform detected for /World/Stem/Stress_50_20.
2026-07-23 09:52:12 [13,802ms] [Warning] [omni.physx.plugin] Invalid PhysX transform detected for /World/Stem/Stress_50_21.
2026-07-23 09:52:12 [13,802ms] [Warning] [omni.physx.plugin] Invalid PhysX transform detected for /World/Stem/Stress_50_22.
2026-07-23 09:52:12 [13,802ms] [Warning] [omni.physx.plugin] Invalid PhysX transform detected for /World/Stem/Stress_50_23.
2026-07-23 09:52:12 [13,802ms] [Warning] [omni.physx.plugin] Invalid PhysX transform detected for /World/Stem/Stress_50_24.
2026-07-23 09:52:12 [13,802ms] [Warning] [omni.physx.plugin] Invalid PhysX transform detected for /World/Stem/Stress_50_25.
2026-07-23 09:52:12 [13,802ms] [Warning] [omni.physx.plugin] Invalid PhysX transform detected for /World/Stem/Stress_50_26.
2026-07-23 09:52:12 [13,802ms] [Warning] [omni.physx.plugin] Invalid PhysX transform detected for /World/Stem/Stress_50_27.
2026-07-23 09:52:12 [13,802ms] [Warning] [omni.physx.plugin] Invalid PhysX transform detected for /World/Stem/Stress_50_28.
2026-07-23 09:52:12 [13,802ms] [Warning] [omni.physx.plugin] Invalid PhysX transform detected for /World/Stem/Stress_50_29.
2026-07-23 09:52:12 [13,802ms] [Warning] [omni.physx.plugin] Invalid PhysX transform detected for /World/Stem/Stress_50_30.
2026-07-23 09:52:12 [13,802ms] [Warning] [omni.physx.plugin] Invalid PhysX transform detected for /World/Stem/Stress_50_31.
2026-07-23 09:52:12 [13,802ms] [Warning] [omni.physx.plugin] Invalid PhysX transform detected for /World/Stem/Stress_50_32.
2026-07-23 09:52:12 [13,802ms] [Warning] [omni.physx.plugin] Invalid PhysX transform detected for /World/Stem/Stress_50_33.
2026-07-23 09:52:12 [13,802ms] [Warning] [omni.physx.plugin] Invalid PhysX transform detected for /World/Stem/Stress_50_34.
2026-07-23 09:52:12 [13,802ms] [Warning] [omni.physx.plugin] Invalid PhysX transform detected for /World/Stem/Stress_50_35.
2026-07-23 09:52:12 [13,802ms] [Warning] [omni.physx.plugin] Invalid PhysX transform detected for /World/Stem/Stress_50_36.
2026-07-23 09:52:12 [13,802ms] [Warning] [omni.physx.plugin] Invalid PhysX transform detected for /World/Stem/Stress_50_37.
2026-07-23 09:52:12 [13,802ms] [Warning] [omni.physx.plugin] Invalid PhysX transform detected for /World/Stem/Stress_50_38.
2026-07-23 09:52:12 [13,802ms] [Warning] [omni.physx.plugin] Invalid PhysX transform detected for /World/Stem/Stress_50_39.
2026-07-23 09:52:12 [13,802ms] [Warning] [omni.physx.plugin] Invalid PhysX transform detected for /World/Stem/Stress_50_40.
2026-07-23 09:52:12 [13,802ms] [Warning] [omni.physx.plugin] Invalid PhysX transform detected for /World/Stem/Stress_50_41.
2026-07-23 09:52:12 [13,802ms] [Warning] [omni.physx.plugin] Invalid PhysX transform detected for /World/Stem/Stress_50_42.
2026-07-23 09:52:12 [13,802ms] [Warning] [omni.physx.plugin] Invalid PhysX transform detected for /World/Stem/Stress_50_43.
2026-07-23 09:52:12 [13,802ms] [Warning] [omni.physx.plugin] Invalid PhysX transform detected for /World/Stem/Stress_50_44.
2026-07-23 09:52:12 [13,802ms] [Warning] [omni.physx.plugin] Invalid PhysX transform detected for /World/Stem/Stress_50_45.
2026-07-23 09:52:12 [13,802ms] [Warning] [omni.physx.plugin] Invalid PhysX transform detected for /World/Stem/Stress_50_46.
2026-07-23 09:52:12 [13,802ms] [Warning] [omni.physx.plugin] Invalid PhysX transform detected for /World/Stem/Stress_50_47.
2026-07-23 09:52:12 [13,802ms] [Warning] [omni.physx.plugin] Invalid PhysX transform detected for /World/Stem/Stress_50_48.
2026-07-23 09:52:12 [13,802ms] [Warning] [omni.physx.plugin] Invalid PhysX transform detected for /World/Stem/Stress_50_49.
2026-07-23 09:52:12 [13,802ms] [Warning] [omni.physx.plugin] Invalid PhysX transform detected for /World/Stem/Fruit_Stress_50_base.
2026-07-23 09:52:12 [13,802ms] [Warning] [omni.physx.plugin] Invalid PhysX transform detected for /World/Stem/Fruit_Stress_50_tip.
2026-07-23 09:52:12 [13,802ms] [Warning] [omni.physx.plugin] Invalid PhysX transform detected for /World/Stem/Fruit_Stress_50.
2026-07-23 09:52:12 [13,820ms] [Warning] [omni.physx.plugin] Invalid PhysX transform detected for /World/Stem/Stress_50_00.
2026-07-23 09:52:12 [13,820ms] [Warning] [omni.physx.plugin] Invalid PhysX transform detected for /World/Stem/Stress_50_01.
2026-07-23 09:52:12 [13,820ms] [Warning] [omni.physx.plugin] Invalid PhysX transform detected for /World/Stem/Stress_50_02.
2026-07-23 09:52:12 [13,820ms] [Warning] [omni.physx.plugin] Invalid PhysX transform detected for /World/Stem/Stress_50_03.
2026-07-23 09:52:12 [13,820ms] [Warning] [omni.physx.plugin] Invalid PhysX transform detected for /World/Stem/Stress_50_04.
2026-07-23 09:52:12 [13,820ms] [Warning] [omni.physx.plugin] Invalid PhysX transform detected for /World/Stem/Stress_50_05.
2026-07-23 09:52:12 [13,820ms] [Warning] [omni.physx.plugin] Invalid PhysX transform detected for /World/Stem/Stress_50_06.
2026-07-23 09:52:12 [13,820ms] [Warning] [omni.physx.plugin] Invalid PhysX transform detected for /World/Stem/Stress_50_07.
2026-07-23 09:52:12 [13,820ms] [Warning] [omni.physx.plugin] Invalid PhysX transform detected for /World/Stem/Stress_50_08.
2026-07-23 09:52:12 [13,820ms] [Warning] [omni.physx.plugin] Invalid PhysX transform detected for /World/Stem/Stress_50_09.
2026-07-23 09:52:12 [13,820ms] [Warning] [omni.physx.plugin] Invalid PhysX transform detected for /World/Stem/Stress_50_10.
2026-07-23 09:52:12 [13,820ms] [Warning] [omni.physx.plugin] Invalid PhysX transform detected for /World/Stem/Stress_50_11.
2026-07-23 09:52:12 [13,820ms] [Warning] [omni.physx.plugin] Invalid PhysX transform detected for /World/Stem/Stress_50_12.
2026-07-23 09:52:12 [13,820ms] [Warning] [omni.physx.plugin] Invalid PhysX transform detected for /World/Stem/Stress_50_13.
2026-07-23 09:52:12 [13,820ms] [Warning] [omni.physx.plugin] Invalid PhysX transform detected for /World/Stem/Stress_50_14.
2026-07-23 09:52:12 [13,820ms] [Warning] [omni.physx.plugin] Invalid PhysX transform detected for /World/Stem/Stress_50_15.
2026-07-23 09:52:12 [13,820ms] [Warning] [omni.physx.plugin] Invalid PhysX transform detected for /World/Stem/Stress_50_16.
2026-07-23 09:52:12 [13,820ms] [Warning] [omni.physx.plugin] Invalid PhysX transform detected for /World/Stem/Stress_50_17.
2026-07-23 09:52:12 [13,820ms] [Warning] [omni.physx.plugin] Invalid PhysX transform detected for /World/Stem/Stress_50_18.
2026-07-23 09:52:12 [13,820ms] [Warning] [omni.physx.plugin] Invalid PhysX transform detected for /World/Stem/Stress_50_19.
2026-07-23 09:52:12 [13,820ms] [Warning] [omni.physx.plugin] Invalid PhysX transform detected for /World/Stem/Stress_50_20.
2026-07-23 09:52:12 [13,820ms] [Warning] [omni.physx.plugin] Invalid PhysX transform detected for /World/Stem/Stress_50_21.
2026-07-23 09:52:12 [13,820ms] [Warning] [omni.physx.plugin] Invalid PhysX transform detected for /World/Stem/Stress_50_22.
2026-07-23 09:52:12 [13,820ms] [Warning] [omni.physx.plugin] Invalid PhysX transform detected for /World/Stem/Stress_50_23.
2026-07-23 09:52:12 [13,820ms] [Warning] [omni.physx.plugin] Invalid PhysX transform detected for /World/Stem/Stress_50_24.
2026-07-23 09:52:12 [13,820ms] [Warning] [omni.physx.plugin] Invalid PhysX transform detected for /World/Stem/Stress_50_25.
2026-07-23 09:52:12 [13,820ms] [Warning] [omni.physx.plugin] Invalid PhysX transform detected for /World/Stem/Stress_50_26.
2026-07-23 09:52:12 [13,820ms] [Warning] [omni.physx.plugin] Invalid PhysX transform detected for /World/Stem/Stress_50_27.
2026-07-23 09:52:12 [13,820ms] [Warning] [omni.physx.plugin] Invalid PhysX transform detected for /World/Stem/Stress_50_28.
2026-07-23 09:52:12 [13,820ms] [Warning] [omni.physx.plugin] Invalid PhysX transform detected for /World/Stem/Stress_50_29.
2026-07-23 09:52:12 [13,820ms] [Warning] [omni.physx.plugin] Invalid PhysX transform detected for /World/Stem/Stress_50_30.
2026-07-23 09:52:12 [13,820ms] [Warning] [omni.physx.plugin] Invalid PhysX transform detected for /World/Stem/Stress_50_31.
2026-07-23 09:52:12 [13,820ms] [Warning] [omni.physx.plugin] Invalid PhysX transform detected for /World/Stem/Stress_50_32.
2026-07-23 09:52:12 [13,820ms] [Warning] [omni.physx.plugin] Invalid PhysX transform detected for /World/Stem/Stress_50_33.
2026-07-23 09:52:12 [13,820ms] [Warning] [omni.physx.plugin] Invalid PhysX transform detected for /World/Stem/Stress_50_34.
2026-07-23 09:52:12 [13,820ms] [Warning] [omni.physx.plugin] Invalid PhysX transform detected for /World/Stem/Stress_50_35.
2026-07-23 09:52:12 [13,820ms] [Warning] [omni.physx.plugin] Invalid PhysX transform detected for /World/Stem/Stress_50_36.
2026-07-23 09:52:12 [13,820ms] [Warning] [omni.physx.plugin] Invalid PhysX transform detected for /World/Stem/Stress_50_37.
2026-07-23 09:52:12 [13,820ms] [Warning] [omni.physx.plugin] Invalid PhysX transform detected for /World/Stem/Stress_50_38.
2026-07-23 09:52:12 [13,820ms] [Warning] [omni.physx.plugin] Invalid PhysX transform detected for /World/Stem/Stress_50_39.
2026-07-23 09:52:12 [13,820ms] [Warning] [omni.physx.plugin] Invalid PhysX transform detected for /World/Stem/Stress_50_40.
2026-07-23 09:52:12 [13,820ms] [Warning] [omni.physx.plugin] Invalid PhysX transform detected for /World/Stem/Stress_50_41.
2026-07-23 09:52:12 [13,820ms] [Warning] [omni.physx.plugin] Invalid PhysX transform detected for /World/Stem/Stress_50_42.
2026-07-23 09:52:12 [13,820ms] [Warning] [omni.physx.plugin] Invalid PhysX transform detected for /World/Stem/Stress_50_43.
2026-07-23 09:52:12 [13,820ms] [Warning] [omni.physx.plugin] Invalid PhysX transform detected for /World/Stem/Stress_50_44.
2026-07-23 09:52:12 [13,820ms] [Warning] [omni.physx.plugin] Invalid PhysX transform detected for /World/Stem/Stress_50_45.
2026-07-23 09:52:12 [13,820ms] [Warning] [omni.physx.plugin] Invalid PhysX transform detected for /World/Stem/Stress_50_46.
2026-07-23 09:52:12 [13,820ms] [Warning] [omni.physx.plugin] Invalid PhysX transform detected for /World/Stem/Stress_50_47.
2026-07-23 09:52:12 [13,820ms] [Warning] [omni.physx.plugin] Invalid PhysX transform detected for /World/Stem/Stress_50_48.
2026-07-23 09:52:12 [13,820ms] [Warning] [omni.physx.plugin] Invalid PhysX transform detected for /World/Stem/Stress_50_49.
2026-07-23 09:52:12 [13,820ms] [Warning] [omni.physx.plugin] Invalid PhysX transform detected for /World/Stem/Fruit_Stress_50_base.
2026-07-23 09:52:12 [13,820ms] [Warning] [omni.physx.plugin] Invalid PhysX transform detected for /World/Stem/Fruit_Stress_50_tip.
2026-07-23 09:52:12 [13,820ms] [Warning] [omni.physx.plugin] Invalid PhysX transform detected for /World/Stem/Fruit_Stress_50.
2026-07-23 09:52:12 [13,839ms] [Warning] [omni.physx.plugin] Invalid PhysX transform detected for /World/Stem/Stress_50_00.
2026-07-23 09:52:12 [13,839ms] [Warning] [omni.physx.plugin] Invalid PhysX transform detected for /World/Stem/Stress_50_01.
2026-07-23 09:52:12 [13,839ms] [Warning] [omni.physx.plugin] Invalid PhysX transform detected for /World/Stem/Stress_50_02.
2026-07-23 09:52:12 [13,839ms] [Warning] [omni.physx.plugin] Invalid PhysX transform detected for /World/Stem/Stress_50_03.
2026-07-23 09:52:12 [13,839ms] [Warning] [omni.physx.plugin] Invalid PhysX transform detected for /World/Stem/Stress_50_04.
2026-07-23 09:52:12 [13,839ms] [Warning] [omni.physx.plugin] Invalid PhysX transform detected for /World/Stem/Stress_50_05.
2026-07-23 09:52:12 [13,839ms] [Warning] [omni.physx.plugin] Invalid PhysX transform detected for /World/Stem/Stress_50_06.
2026-07-23 09:52:12 [13,839ms] [Warning] [omni.physx.plugin] Invalid PhysX transform detected for /World/Stem/Stress_50_07.
2026-07-23 09:52:12 [13,839ms] [Warning] [omni.physx.plugin] Invalid PhysX transform detected for /World/Stem/Stress_50_08.
2026-07-23 09:52:12 [13,839ms] [Warning] [omni.physx.plugin] Invalid PhysX transform detected for /World/Stem/Stress_50_09.
2026-07-23 09:52:12 [13,839ms] [Warning] [omni.physx.plugin] Invalid PhysX transform detected for /World/Stem/Stress_50_10.
2026-07-23 09:52:12 [13,839ms] [Warning] [omni.physx.plugin] Invalid PhysX transform detected for /World/Stem/Stress_50_11.
2026-07-23 09:52:12 [13,839ms] [Warning] [omni.physx.plugin] Invalid PhysX transform detected for /World/Stem/Stress_50_12.
2026-07-23 09:52:12 [13,839ms] [Warning] [omni.physx.plugin] Invalid PhysX transform detected for /World/Stem/Stress_50_13.
2026-07-23 09:52:12 [13,839ms] [Warning] [omni.physx.plugin] Invalid PhysX transform detected for /World/Stem/Stress_50_14.
2026-07-23 09:52:12 [13,839ms] [Warning] [omni.physx.plugin] Invalid PhysX transform detected for /World/Stem/Stress_50_15.
2026-07-23 09:52:12 [13,839ms] [Warning] [omni.physx.plugin] Invalid PhysX transform detected for /World/Stem/Stress_50_16.
2026-07-23 09:52:12 [13,839ms] [Warning] [omni.physx.plugin] Invalid PhysX transform detected for /World/Stem/Stress_50_17.
2026-07-23 09:52:12 [13,839ms] [Warning] [omni.physx.plugin] Invalid PhysX transform detected for /World/Stem/Stress_50_18.
2026-07-23 09:52:12 [13,839ms] [Warning] [omni.physx.plugin] Invalid PhysX transform detected for /World/Stem/Stress_50_19.
2026-07-23 09:52:12 [13,839ms] [Warning] [omni.physx.plugin] Invalid PhysX transform detected for /World/Stem/Stress_50_20.
2026-07-23 09:52:12 [13,839ms] [Warning] [omni.physx.plugin] Invalid PhysX transform detected for /World/Stem/Stress_50_21.
2026-07-23 09:52:12 [13,839ms] [Warning] [omni.physx.plugin] Invalid PhysX transform detected for /World/Stem/Stress_50_22.
2026-07-23 09:52:12 [13,839ms] [Warning] [omni.physx.plugin] Invalid PhysX transform detected for /World/Stem/Stress_50_23.
2026-07-23 09:52:12 [13,839ms] [Warning] [omni.physx.plugin] Invalid PhysX transform detected for /World/Stem/Stress_50_24.
2026-07-23 09:52:12 [13,839ms] [Warning] [omni.physx.plugin] Invalid PhysX transform detected for /World/Stem/Stress_50_25.
2026-07-23 09:52:12 [13,839ms] [Warning] [omni.physx.plugin] Invalid PhysX transform detected for /World/Stem/Stress_50_26.
2026-07-23 09:52:12 [13,839ms] [Warning] [omni.physx.plugin] Invalid PhysX transform detected for /World/Stem/Stress_50_27.
2026-07-23 09:52:12 [13,839ms] [Warning] [omni.physx.plugin] Invalid PhysX transform detected for /World/Stem/Stress_50_28.
2026-07-23 09:52:12 [13,839ms] [Warning] [omni.physx.plugin] Invalid PhysX transform detected for /World/Stem/Stress_50_29.
2026-07-23 09:52:12 [13,839ms] [Warning] [omni.physx.plugin] Invalid PhysX transform detected for /World/Stem/Stress_50_30.
2026-07-23 09:52:12 [13,839ms] [Warning] [omni.physx.plugin] Invalid PhysX transform detected for /World/Stem/Stress_50_31.
2026-07-23 09:52:12 [13,839ms] [Warning] [omni.physx.plugin] Invalid PhysX transform detected for /World/Stem/Stress_50_32.
2026-07-23 09:52:12 [13,839ms] [Warning] [omni.physx.plugin] Invalid PhysX transform detected for /World/Stem/Stress_50_33.
2026-07-23 09:52:12 [13,839ms] [Warning] [omni.physx.plugin] Invalid PhysX transform detected for /World/Stem/Stress_50_34.
2026-07-23 09:52:12 [13,839ms] [Warning] [omni.physx.plugin] Invalid PhysX transform detected for /World/Stem/Stress_50_35.
2026-07-23 09:52:12 [13,839ms] [Warning] [omni.physx.plugin] Invalid PhysX transform detected for /World/Stem/Stress_50_36.
2026-07-23 09:52:12 [13,839ms] [Warning] [omni.physx.plugin] Invalid PhysX transform detected for /World/Stem/Stress_50_37.
2026-07-23 09:52:12 [13,839ms] [Warning] [omni.physx.plugin] Invalid PhysX transform detected for /World/Stem/Stress_50_38.
2026-07-23 09:52:12 [13,839ms] [Warning] [omni.physx.plugin] Invalid PhysX transform detected for /World/Stem/Stress_50_39.
2026-07-23 09:52:12 [13,839ms] [Warning] [omni.physx.plugin] Invalid PhysX transform detected for /World/Stem/Stress_50_40.
2026-07-23 09:52:12 [13,839ms] [Warning] [omni.physx.plugin] Invalid PhysX transform detected for /World/Stem/Stress_50_41.
2026-07-23 09:52:12 [13,839ms] [Warning] [omni.physx.plugin] Invalid PhysX transform detected for /World/Stem/Stress_50_42.
2026-07-23 09:52:12 [13,839ms] [Warning] [omni.physx.plugin] Invalid PhysX transform detected for /World/Stem/Stress_50_43.
2026-07-23 09:52:12 [13,839ms] [Warning] [omni.physx.plugin] Invalid PhysX transform detected for /World/Stem/Stress_50_44.
2026-07-23 09:52:12 [13,839ms] [Warning] [omni.physx.plugin] Invalid PhysX transform detected for /World/Stem/Stress_50_45.
2026-07-23 09:52:12 [13,839ms] [Warning] [omni.physx.plugin] Invalid PhysX transform detected for /World/Stem/Stress_50_46.
2026-07-23 09:52:12 [13,839ms] [Warning] [omni.physx.plugin] Invalid PhysX transform detected for /World/Stem/Stress_50_47.
2026-07-23 09:52:12 [13,839ms] [Warning] [omni.physx.plugin] Invalid PhysX transform detected for /World/Stem/Stress_50_48.
2026-07-23 09:52:12 [13,839ms] [Warning] [omni.physx.plugin] Invalid PhysX transform detected for /World/Stem/Stress_50_49.
2026-07-23 09:52:12 [13,839ms] [Warning] [omni.physx.plugin] Invalid PhysX transform detected for /World/Stem/Fruit_Stress_50_base.
2026-07-23 09:52:12 [13,839ms] [Warning] [omni.physx.plugin] Invalid PhysX transform detected for /World/Stem/Fruit_Stress_50_tip.
2026-07-23 09:52:12 [13,839ms] [Warning] [omni.physx.plugin] Invalid PhysX transform detected for /World/Stem/Fruit_Stress_50.
2026-07-23 09:52:12 [13,857ms] [Warning] [omni.physx.plugin] Invalid PhysX transform detected for /World/Stem/Stress_50_00.
2026-07-23 09:52:12 [13,857ms] [Warning] [omni.physx.plugin] Invalid PhysX transform detected for /World/Stem/Stress_50_01.
2026-07-23 09:52:12 [13,857ms] [Warning] [omni.physx.plugin] Invalid PhysX transform detected for /World/Stem/Stress_50_02.
2026-07-23 09:52:12 [13,857ms] [Warning] [omni.physx.plugin] Invalid PhysX transform detected for /World/Stem/Stress_50_03.
2026-07-23 09:52:12 [13,857ms] [Warning] [omni.physx.plugin] Invalid PhysX transform detected for /World/Stem/Stress_50_04.
2026-07-23 09:52:12 [13,857ms] [Warning] [omni.physx.plugin] Invalid PhysX transform detected for /World/Stem/Stress_50_05.
2026-07-23 09:52:12 [13,857ms] [Warning] [omni.physx.plugin] Invalid PhysX transform detected for /World/Stem/Stress_50_06.
2026-07-23 09:52:12 [13,857ms] [Warning] [omni.physx.plugin] Invalid PhysX transform detected for /World/Stem/Stress_50_07.
2026-07-23 09:52:12 [13,857ms] [Warning] [omni.physx.plugin] Invalid PhysX transform detected for /World/Stem/Stress_50_08.
2026-07-23 09:52:12 [13,857ms] [Warning] [omni.physx.plugin] Invalid PhysX transform detected for /World/Stem/Stress_50_09.
2026-07-23 09:52:12 [13,857ms] [Warning] [omni.physx.plugin] Invalid PhysX transform detected for /World/Stem/Stress_50_10.
2026-07-23 09:52:12 [13,857ms] [Warning] [omni.physx.plugin] Invalid PhysX transform detected for /World/Stem/Stress_50_11.
2026-07-23 09:52:12 [13,857ms] [Warning] [omni.physx.plugin] Invalid PhysX transform detected for /World/Stem/Stress_50_12.
2026-07-23 09:52:12 [13,857ms] [Warning] [omni.physx.plugin] Invalid PhysX transform detected for /World/Stem/Stress_50_13.
2026-07-23 09:52:12 [13,857ms] [Warning] [omni.physx.plugin] Invalid PhysX transform detected for /World/Stem/Stress_50_14.
2026-07-23 09:52:12 [13,857ms] [Warning] [omni.physx.plugin] Invalid PhysX transform detected for /World/Stem/Stress_50_15.
2026-07-23 09:52:12 [13,857ms] [Warning] [omni.physx.plugin] Invalid PhysX transform detected for /World/Stem/Stress_50_16.
2026-07-23 09:52:12 [13,857ms] [Warning] [omni.physx.plugin] Invalid PhysX transform detected for /World/Stem/Stress_50_17.
2026-07-23 09:52:12 [13,857ms] [Warning] [omni.physx.plugin] Invalid PhysX transform detected for /World/Stem/Stress_50_18.
2026-07-23 09:52:12 [13,857ms] [Warning] [omni.physx.plugin] Invalid PhysX transform detected for /World/Stem/Stress_50_19.
2026-07-23 09:52:12 [13,857ms] [Warning] [omni.physx.plugin] Invalid PhysX transform detected for /World/Stem/Stress_50_20.
2026-07-23 09:52:12 [13,857ms] [Warning] [omni.physx.plugin] Invalid PhysX transform detected for /World/Stem/Stress_50_21.
2026-07-23 09:52:12 [13,857ms] [Warning] [omni.physx.plugin] Invalid PhysX transform detected for /World/Stem/Stress_50_22.
2026-07-23 09:52:12 [13,857ms] [Warning] [omni.physx.plugin] Invalid PhysX transform detected for /World/Stem/Stress_50_23.
2026-07-23 09:52:12 [13,857ms] [Warning] [omni.physx.plugin] Invalid PhysX transform detected for /World/Stem/Stress_50_24.
2026-07-23 09:52:12 [13,857ms] [Warning] [omni.physx.plugin] Invalid PhysX transform detected for /World/Stem/Stress_50_25.
2026-07-23 09:52:12 [13,857ms] [Warning] [omni.physx.plugin] Invalid PhysX transform detected for /World/Stem/Stress_50_26.
2026-07-23 09:52:12 [13,857ms] [Warning] [omni.physx.plugin] Invalid PhysX transform detected for /World/Stem/Stress_50_27.
2026-07-23 09:52:12 [13,857ms] [Warning] [omni.physx.plugin] Invalid PhysX transform detected for /World/Stem/Stress_50_28.
2026-07-23 09:52:12 [13,857ms] [Warning] [omni.physx.plugin] Invalid PhysX transform detected for /World/Stem/Stress_50_29.
2026-07-23 09:52:12 [13,857ms] [Warning] [omni.physx.plugin] Invalid PhysX transform detected for /World/Stem/Stress_50_30.
2026-07-23 09:52:12 [13,857ms] [Warning] [omni.physx.plugin] Invalid PhysX transform detected for /World/Stem/Stress_50_31.
2026-07-23 09:52:12 [13,857ms] [Warning] [omni.physx.plugin] Invalid PhysX transform detected for /World/Stem/Stress_50_32.
2026-07-23 09:52:12 [13,857ms] [Warning] [omni.physx.plugin] Invalid PhysX transform detected for /World/Stem/Stress_50_33.
2026-07-23 09:52:12 [13,857ms] [Warning] [omni.physx.plugin] Invalid PhysX transform detected for /World/Stem/Stress_50_34.
2026-07-23 09:52:12 [13,857ms] [Warning] [omni.physx.plugin] Invalid PhysX transform detected for /World/Stem/Stress_50_35.
2026-07-23 09:52:12 [13,857ms] [Warning] [omni.physx.plugin] Invalid PhysX transform detected for /World/Stem/Stress_50_36.
2026-07-23 09:52:12 [13,857ms] [Warning] [omni.physx.plugin] Invalid PhysX transform detected for /World/Stem/Stress_50_37.
2026-07-23 09:52:12 [13,857ms] [Warning] [omni.physx.plugin] Invalid PhysX transform detected for /World/Stem/Stress_50_38.
2026-07-23 09:52:12 [13,857ms] [Warning] [omni.physx.plugin] Invalid PhysX transform detected for /World/Stem/Stress_50_39.
2026-07-23 09:52:12 [13,857ms] [Warning] [omni.physx.plugin] Invalid PhysX transform detected for /World/Stem/Stress_50_40.
2026-07-23 09:52:12 [13,857ms] [Warning] [omni.physx.plugin] Invalid PhysX transform detected for /World/Stem/Stress_50_41.
2026-07-23 09:52:12 [13,857ms] [Warning] [omni.physx.plugin] Invalid PhysX transform detected for /World/Stem/Stress_50_42.
2026-07-23 09:52:12 [13,857ms] [Warning] [omni.physx.plugin] Invalid PhysX transform detected for /World/Stem/Stress_50_43.
2026-07-23 09:52:12 [13,857ms] [Warning] [omni.physx.plugin] Invalid PhysX transform detected for /World/Stem/Stress_50_44.
2026-07-23 09:52:12 [13,857ms] [Warning] [omni.physx.plugin] Invalid PhysX transform detected for /World/Stem/Stress_50_45.
2026-07-23 09:52:12 [13,857ms] [Warning] [omni.physx.plugin] Invalid PhysX transform detected for /World/Stem/Stress_50_46.
2026-07-23 09:52:12 [13,857ms] [Warning] [omni.physx.plugin] Invalid PhysX transform detected for /World/Stem/Stress_50_47.
2026-07-23 09:52:12 [13,857ms] [Warning] [omni.physx.plugin] Invalid PhysX transform detected for /World/Stem/Stress_50_48.
2026-07-23 09:52:12 [13,857ms] [Warning] [omni.physx.plugin] Invalid PhysX transform detected for /World/Stem/Stress_50_49.
2026-07-23 09:52:12 [13,857ms] [Warning] [omni.physx.plugin] Invalid PhysX transform detected for /World/Stem/Fruit_Stress_50_base.
2026-07-23 09:52:12 [13,857ms] [Warning] [omni.physx.plugin] Invalid PhysX transform detected for /World/Stem/Fruit_Stress_50_tip.
2026-07-23 09:52:12 [13,857ms] [Warning] [omni.physx.plugin] Invalid PhysX transform detected for /World/Stem/Fruit_Stress_50.
2026-07-23 09:52:12 [13,876ms] [Warning] [omni.physx.plugin] Invalid PhysX transform detected for /World/Stem/Stress_50_00.
2026-07-23 09:52:12 [13,876ms] [Warning] [omni.physx.plugin] Invalid PhysX transform detected for /World/Stem/Stress_50_01.
2026-07-23 09:52:12 [13,876ms] [Warning] [omni.physx.plugin] Invalid PhysX transform detected for /World/Stem/Stress_50_02.
2026-07-23 09:52:12 [13,876ms] [Warning] [omni.physx.plugin] Invalid PhysX transform detected for /World/Stem/Stress_50_03.
2026-07-23 09:52:12 [13,876ms] [Warning] [omni.physx.plugin] Invalid PhysX transform detected for /World/Stem/Stress_50_04.
2026-07-23 09:52:12 [13,876ms] [Warning] [omni.physx.plugin] Invalid PhysX transform detected for /World/Stem/Stress_50_05.
2026-07-23 09:52:12 [13,876ms] [Warning] [omni.physx.plugin] Invalid PhysX transform detected for /World/Stem/Stress_50_06.
2026-07-23 09:52:12 [13,876ms] [Warning] [omni.physx.plugin] Invalid PhysX transform detected for /World/Stem/Stress_50_07.
2026-07-23 09:52:12 [13,876ms] [Warning] [omni.physx.plugin] Invalid PhysX transform detected for /World/Stem/Stress_50_08.
2026-07-23 09:52:12 [13,876ms] [Warning] [omni.physx.plugin] Invalid PhysX transform detected for /World/Stem/Stress_50_09.
2026-07-23 09:52:12 [13,876ms] [Warning] [omni.physx.plugin] Invalid PhysX transform detected for /World/Stem/Stress_50_10.
2026-07-23 09:52:12 [13,876ms] [Warning] [omni.physx.plugin] Invalid PhysX transform detected for /World/Stem/Stress_50_11.
2026-07-23 09:52:12 [13,876ms] [Warning] [omni.physx.plugin] Invalid PhysX transform detected for /World/Stem/Stress_50_12.
2026-07-23 09:52:12 [13,876ms] [Warning] [omni.physx.plugin] Invalid PhysX transform detected for /World/Stem/Stress_50_13.
2026-07-23 09:52:12 [13,876ms] [Warning] [omni.physx.plugin] Invalid PhysX transform detected for /World/Stem/Stress_50_14.
2026-07-23 09:52:12 [13,876ms] [Warning] [omni.physx.plugin] Invalid PhysX transform detected for /World/Stem/Stress_50_15.
2026-07-23 09:52:12 [13,876ms] [Warning] [omni.physx.plugin] Invalid PhysX transform detected for /World/Stem/Stress_50_16.
2026-07-23 09:52:12 [13,876ms] [Warning] [omni.physx.plugin] Invalid PhysX transform detected for /World/Stem/Stress_50_17.
2026-07-23 09:52:12 [13,876ms] [Warning] [omni.physx.plugin] Invalid PhysX transform detected for /World/Stem/Stress_50_18.
2026-07-23 09:52:12 [13,876ms] [Warning] [omni.physx.plugin] Invalid PhysX transform detected for /World/Stem/Stress_50_19.
2026-07-23 09:52:12 [13,876ms] [Warning] [omni.physx.plugin] Invalid PhysX transform detected for /World/Stem/Stress_50_20.
2026-07-23 09:52:12 [13,876ms] [Warning] [omni.physx.plugin] Invalid PhysX transform detected for /World/Stem/Stress_50_21.
2026-07-23 09:52:12 [13,876ms] [Warning] [omni.physx.plugin] Invalid PhysX transform detected for /World/Stem/Stress_50_22.
2026-07-23 09:52:12 [13,876ms] [Warning] [omni.physx.plugin] Invalid PhysX transform detected for /World/Stem/Stress_50_23.
2026-07-23 09:52:12 [13,876ms] [Warning] [omni.physx.plugin] Invalid PhysX transform detected for /World/Stem/Stress_50_24.
2026-07-23 09:52:12 [13,876ms] [Warning] [omni.physx.plugin] Invalid PhysX transform detected for /World/Stem/Stress_50_25.
2026-07-23 09:52:12 [13,876ms] [Warning] [omni.physx.plugin] Invalid PhysX transform detected for /World/Stem/Stress_50_26.
2026-07-23 09:52:12 [13,876ms] [Warning] [omni.physx.plugin] Invalid PhysX transform detected for /World/Stem/Stress_50_27.
2026-07-23 09:52:12 [13,876ms] [Warning] [omni.physx.plugin] Invalid PhysX transform detected for /World/Stem/Stress_50_28.
2026-07-23 09:52:12 [13,876ms] [Warning] [omni.physx.plugin] Invalid PhysX transform detected for /World/Stem/Stress_50_29.
2026-07-23 09:52:12 [13,876ms] [Warning] [omni.physx.plugin] Invalid PhysX transform detected for /World/Stem/Stress_50_30.
2026-07-23 09:52:12 [13,876ms] [Warning] [omni.physx.plugin] Invalid PhysX transform detected for /World/Stem/Stress_50_31.
2026-07-23 09:52:12 [13,876ms] [Warning] [omni.physx.plugin] Invalid PhysX transform detected for /World/Stem/Stress_50_32.
2026-07-23 09:52:12 [13,876ms] [Warning] [omni.physx.plugin] Invalid PhysX transform detected for /World/Stem/Stress_50_33.
2026-07-23 09:52:12 [13,876ms] [Warning] [omni.physx.plugin] Invalid PhysX transform detected for /World/Stem/Stress_50_34.
2026-07-23 09:52:12 [13,876ms] [Warning] [omni.physx.plugin] Invalid PhysX transform detected for /World/Stem/Stress_50_35.
2026-07-23 09:52:12 [13,876ms] [Warning] [omni.physx.plugin] Invalid PhysX transform detected for /World/Stem/Stress_50_36.
2026-07-23 09:52:12 [13,876ms] [Warning] [omni.physx.plugin] Invalid PhysX transform detected for /World/Stem/Stress_50_37.
2026-07-23 09:52:12 [13,876ms] [Warning] [omni.physx.plugin] Invalid PhysX transform detected for /World/Stem/Stress_50_38.
2026-07-23 09:52:12 [13,876ms] [Warning] [omni.physx.plugin] Invalid PhysX transform detected for /World/Stem/Stress_50_39.
2026-07-23 09:52:12 [13,876ms] [Warning] [omni.physx.plugin] Invalid PhysX transform detected for /World/Stem/Stress_50_40.
2026-07-23 09:52:12 [13,876ms] [Warning] [omni.physx.plugin] Invalid PhysX transform detected for /World/Stem/Stress_50_41.
2026-07-23 09:52:12 [13,876ms] [Warning] [omni.physx.plugin] Invalid PhysX transform detected for /World/Stem/Stress_50_42.
2026-07-23 09:52:12 [13,876ms] [Warning] [omni.physx.plugin] Invalid PhysX transform detected for /World/Stem/Stress_50_43.
2026-07-23 09:52:12 [13,876ms] [Warning] [omni.physx.plugin] Invalid PhysX transform detected for /World/Stem/Stress_50_44.
2026-07-23 09:52:12 [13,876ms] [Warning] [omni.physx.plugin] Invalid PhysX transform detected for /World/Stem/Stress_50_45.
2026-07-23 09:52:12 [13,876ms] [Warning] [omni.physx.plugin] Invalid PhysX transform detected for /World/Stem/Stress_50_46.
2026-07-23 09:52:12 [13,876ms] [Warning] [omni.physx.plugin] Invalid PhysX transform detected for /World/Stem/Stress_50_47.
2026-07-23 09:52:12 [13,876ms] [Warning] [omni.physx.plugin] Invalid PhysX transform detected for /World/Stem/Stress_50_48.
2026-07-23 09:52:12 [13,876ms] [Warning] [omni.physx.plugin] Invalid PhysX transform detected for /World/Stem/Stress_50_49.
2026-07-23 09:52:12 [13,876ms] [Warning] [omni.physx.plugin] Invalid PhysX transform detected for /World/Stem/Fruit_Stress_50_base.
2026-07-23 09:52:12 [13,876ms] [Warning] [omni.physx.plugin] Invalid PhysX transform detected for /World/Stem/Fruit_Stress_50_tip.
2026-07-23 09:52:12 [13,876ms] [Warning] [omni.physx.plugin] Invalid PhysX transform detected for /World/Stem/Fruit_Stress_50.
2026-07-23 09:52:12 [13,895ms] [Warning] [omni.physx.plugin] Invalid PhysX transform detected for /World/Stem/Stress_50_00.
2026-07-23 09:52:12 [13,895ms] [Warning] [omni.physx.plugin] Invalid PhysX transform detected for /World/Stem/Stress_50_01.
2026-07-23 09:52:12 [13,895ms] [Warning] [omni.physx.plugin] Invalid PhysX transform detected for /World/Stem/Stress_50_02.
2026-07-23 09:52:12 [13,895ms] [Warning] [omni.physx.plugin] Invalid PhysX transform detected for /World/Stem/Stress_50_03.
2026-07-23 09:52:12 [13,895ms] [Warning] [omni.physx.plugin] Invalid PhysX transform detected for /World/Stem/Stress_50_04.
2026-07-23 09:52:12 [13,895ms] [Warning] [omni.physx.plugin] Invalid PhysX transform detected for /World/Stem/Stress_50_05.
2026-07-23 09:52:12 [13,895ms] [Warning] [omni.physx.plugin] Invalid PhysX transform detected for /World/Stem/Stress_50_06.
2026-07-23 09:52:12 [13,895ms] [Warning] [omni.physx.plugin] Invalid PhysX transform detected for /World/Stem/Stress_50_07.
2026-07-23 09:52:12 [13,895ms] [Warning] [omni.physx.plugin] Invalid PhysX transform detected for /World/Stem/Stress_50_08.
2026-07-23 09:52:12 [13,895ms] [Warning] [omni.physx.plugin] Invalid PhysX transform detected for /World/Stem/Stress_50_09.
2026-07-23 09:52:12 [13,895ms] [Warning] [omni.physx.plugin] Invalid PhysX transform detected for /World/Stem/Stress_50_10.
2026-07-23 09:52:12 [13,895ms] [Warning] [omni.physx.plugin] Invalid PhysX transform detected for /World/Stem/Stress_50_11.
2026-07-23 09:52:12 [13,895ms] [Warning] [omni.physx.plugin] Invalid PhysX transform detected for /World/Stem/Stress_50_12.
2026-07-23 09:52:12 [13,895ms] [Warning] [omni.physx.plugin] Invalid PhysX transform detected for /World/Stem/Stress_50_13.
2026-07-23 09:52:12 [13,895ms] [Warning] [omni.physx.plugin] Invalid PhysX transform detected for /World/Stem/Stress_50_14.
2026-07-23 09:52:12 [13,895ms] [Warning] [omni.physx.plugin] Invalid PhysX transform detected for /World/Stem/Stress_50_15.
2026-07-23 09:52:12 [13,895ms] [Warning] [omni.physx.plugin] Invalid PhysX transform detected for /World/Stem/Stress_50_16.
2026-07-23 09:52:12 [13,895ms] [Warning] [omni.physx.plugin] Invalid PhysX transform detected for /World/Stem/Stress_50_17.
2026-07-23 09:52:12 [13,895ms] [Warning] [omni.physx.plugin] Invalid PhysX transform detected for /World/Stem/Stress_50_18.
2026-07-23 09:52:12 [13,895ms] [Warning] [omni.physx.plugin] Invalid PhysX transform detected for /World/Stem/Stress_50_19.
2026-07-23 09:52:12 [13,895ms] [Warning] [omni.physx.plugin] Invalid PhysX transform detected for /World/Stem/Stress_50_20.
2026-07-23 09:52:12 [13,895ms] [Warning] [omni.physx.plugin] Invalid PhysX transform detected for /World/Stem/Stress_50_21.
2026-07-23 09:52:12 [13,895ms] [Warning] [omni.physx.plugin] Invalid PhysX transform detected for /World/Stem/Stress_50_22.
2026-07-23 09:52:12 [13,895ms] [Warning] [omni.physx.plugin] Invalid PhysX transform detected for /World/Stem/Stress_50_23.
2026-07-23 09:52:12 [13,895ms] [Warning] [omni.physx.plugin] Invalid PhysX transform detected for /World/Stem/Stress_50_24.
2026-07-23 09:52:12 [13,895ms] [Warning] [omni.physx.plugin] Invalid PhysX transform detected for /World/Stem/Stress_50_25.
2026-07-23 09:52:12 [13,895ms] [Warning] [omni.physx.plugin] Invalid PhysX transform detected for /World/Stem/Stress_50_26.
2026-07-23 09:52:12 [13,895ms] [Warning] [omni.physx.plugin] Invalid PhysX transform detected for /World/Stem/Stress_50_27.
2026-07-23 09:52:12 [13,895ms] [Warning] [omni.physx.plugin] Invalid PhysX transform detected for /World/Stem/Stress_50_28.
2026-07-23 09:52:12 [13,895ms] [Warning] [omni.physx.plugin] Invalid PhysX transform detected for /World/Stem/Stress_50_29.
2026-07-23 09:52:12 [13,895ms] [Warning] [omni.physx.plugin] Invalid PhysX transform detected for /World/Stem/Stress_50_30.
2026-07-23 09:52:12 [13,895ms] [Warning] [omni.physx.plugin] Invalid PhysX transform detected for /World/Stem/Stress_50_31.
2026-07-23 09:52:12 [13,895ms] [Warning] [omni.physx.plugin] Invalid PhysX transform detected for /World/Stem/Stress_50_32.
2026-07-23 09:52:12 [13,895ms] [Warning] [omni.physx.plugin] Invalid PhysX transform detected for /World/Stem/Stress_50_33.
2026-07-23 09:52:12 [13,895ms] [Warning] [omni.physx.plugin] Invalid PhysX transform detected for /World/Stem/Stress_50_34.
2026-07-23 09:52:12 [13,895ms] [Warning] [omni.physx.plugin] Invalid PhysX transform detected for /World/Stem/Stress_50_35.
2026-07-23 09:52:12 [13,895ms] [Warning] [omni.physx.plugin] Invalid PhysX transform detected for /World/Stem/Stress_50_36.
2026-07-23 09:52:12 [13,895ms] [Warning] [omni.physx.plugin] Invalid PhysX transform detected for /World/Stem/Stress_50_37.
2026-07-23 09:52:12 [13,895ms] [Warning] [omni.physx.plugin] Invalid PhysX transform detected for /World/Stem/Stress_50_38.
2026-07-23 09:52:12 [13,895ms] [Warning] [omni.physx.plugin] Invalid PhysX transform detected for /World/Stem/Stress_50_39.
2026-07-23 09:52:12 [13,895ms] [Warning] [omni.physx.plugin] Invalid PhysX transform detected for /World/Stem/Stress_50_40.
2026-07-23 09:52:12 [13,895ms] [Warning] [omni.physx.plugin] Invalid PhysX transform detected for /World/Stem/Stress_50_41.
2026-07-23 09:52:12 [13,895ms] [Warning] [omni.physx.plugin] Invalid PhysX transform detected for /World/Stem/Stress_50_42.
2026-07-23 09:52:12 [13,895ms] [Warning] [omni.physx.plugin] Invalid PhysX transform detected for /World/Stem/Stress_50_43.
2026-07-23 09:52:12 [13,895ms] [Warning] [omni.physx.plugin] Invalid PhysX transform detected for /World/Stem/Stress_50_44.
2026-07-23 09:52:12 [13,895ms] [Warning] [omni.physx.plugin] Invalid PhysX transform detected for /World/Stem/Stress_50_45.
2026-07-23 09:52:12 [13,895ms] [Warning] [omni.physx.plugin] Invalid PhysX transform detected for /World/Stem/Stress_50_46.
2026-07-23 09:52:12 [13,895ms] [Warning] [omni.physx.plugin] Invalid PhysX transform detected for /World/Stem/Stress_50_47.
2026-07-23 09:52:12 [13,895ms] [Warning] [omni.physx.plugin] Invalid PhysX transform detected for /World/Stem/Stress_50_48.
2026-07-23 09:52:12 [13,895ms] [Warning] [omni.physx.plugin] Invalid PhysX transform detected for /World/Stem/Stress_50_49.
2026-07-23 09:52:12 [13,895ms] [Warning] [omni.physx.plugin] Invalid PhysX transform detected for /World/Stem/Fruit_Stress_50_base.
2026-07-23 09:52:12 [13,895ms] [Warning] [omni.physx.plugin] Invalid PhysX transform detected for /World/Stem/Fruit_Stress_50_tip.
2026-07-23 09:52:12 [13,895ms] [Warning] [omni.physx.plugin] Invalid PhysX transform detected for /World/Stem/Fruit_Stress_50.
2026-07-23 09:52:12 [13,913ms] [Warning] [omni.physx.plugin] Invalid PhysX transform detected for /World/Stem/Stress_50_00.
2026-07-23 09:52:12 [13,913ms] [Warning] [omni.physx.plugin] Invalid PhysX transform detected for /World/Stem/Stress_50_01.
2026-07-23 09:52:12 [13,913ms] [Warning] [omni.physx.plugin] Invalid PhysX transform detected for /World/Stem/Stress_50_02.
2026-07-23 09:52:12 [13,913ms] [Warning] [omni.physx.plugin] Invalid PhysX transform detected for /World/Stem/Stress_50_03.
2026-07-23 09:52:12 [13,913ms] [Warning] [omni.physx.plugin] Invalid PhysX transform detected for /World/Stem/Stress_50_04.
2026-07-23 09:52:12 [13,913ms] [Warning] [omni.physx.plugin] Invalid PhysX transform detected for /World/Stem/Stress_50_05.
2026-07-23 09:52:12 [13,913ms] [Warning] [omni.physx.plugin] Invalid PhysX transform detected for /World/Stem/Stress_50_06.
2026-07-23 09:52:12 [13,913ms] [Warning] [omni.physx.plugin] Invalid PhysX transform detected for /World/Stem/Stress_50_07.
2026-07-23 09:52:12 [13,913ms] [Warning] [omni.physx.plugin] Invalid PhysX transform detected for /World/Stem/Stress_50_08.
2026-07-23 09:52:12 [13,913ms] [Warning] [omni.physx.plugin] Invalid PhysX transform detected for /World/Stem/Stress_50_09.
2026-07-23 09:52:12 [13,913ms] [Warning] [omni.physx.plugin] Invalid PhysX transform detected for /World/Stem/Stress_50_10.
2026-07-23 09:52:12 [13,913ms] [Warning] [omni.physx.plugin] Invalid PhysX transform detected for /World/Stem/Stress_50_11.
2026-07-23 09:52:12 [13,913ms] [Warning] [omni.physx.plugin] Invalid PhysX transform detected for /World/Stem/Stress_50_12.
2026-07-23 09:52:12 [13,913ms] [Warning] [omni.physx.plugin] Invalid PhysX transform detected for /World/Stem/Stress_50_13.
2026-07-23 09:52:12 [13,913ms] [Warning] [omni.physx.plugin] Invalid PhysX transform detected for /World/Stem/Stress_50_14.
2026-07-23 09:52:12 [13,913ms] [Warning] [omni.physx.plugin] Invalid PhysX transform detected for /World/Stem/Stress_50_15.
2026-07-23 09:52:12 [13,913ms] [Warning] [omni.physx.plugin] Invalid PhysX transform detected for /World/Stem/Stress_50_16.
2026-07-23 09:52:12 [13,913ms] [Warning] [omni.physx.plugin] Invalid PhysX transform detected for /World/Stem/Stress_50_17.
2026-07-23 09:52:12 [13,913ms] [Warning] [omni.physx.plugin] Invalid PhysX transform detected for /World/Stem/Stress_50_18.
2026-07-23 09:52:12 [13,913ms] [Warning] [omni.physx.plugin] Invalid PhysX transform detected for /World/Stem/Stress_50_19.
2026-07-23 09:52:12 [13,913ms] [Warning] [omni.physx.plugin] Invalid PhysX transform detected for /World/Stem/Stress_50_20.
2026-07-23 09:52:12 [13,913ms] [Warning] [omni.physx.plugin] Invalid PhysX transform detected for /World/Stem/Stress_50_21.
2026-07-23 09:52:12 [13,913ms] [Warning] [omni.physx.plugin] Invalid PhysX transform detected for /World/Stem/Stress_50_22.
2026-07-23 09:52:12 [13,913ms] [Warning] [omni.physx.plugin] Invalid PhysX transform detected for /World/Stem/Stress_50_23.
2026-07-23 09:52:12 [13,913ms] [Warning] [omni.physx.plugin] Invalid PhysX transform detected for /World/Stem/Stress_50_24.
2026-07-23 09:52:12 [13,913ms] [Warning] [omni.physx.plugin] Invalid PhysX transform detected for /World/Stem/Stress_50_25.
2026-07-23 09:52:12 [13,913ms] [Warning] [omni.physx.plugin] Invalid PhysX transform detected for /World/Stem/Stress_50_26.
2026-07-23 09:52:12 [13,913ms] [Warning] [omni.physx.plugin] Invalid PhysX transform detected for /World/Stem/Stress_50_27.
2026-07-23 09:52:12 [13,913ms] [Warning] [omni.physx.plugin] Invalid PhysX transform detected for /World/Stem/Stress_50_28.
2026-07-23 09:52:12 [13,913ms] [Warning] [omni.physx.plugin] Invalid PhysX transform detected for /World/Stem/Stress_50_29.
2026-07-23 09:52:12 [13,913ms] [Warning] [omni.physx.plugin] Invalid PhysX transform detected for /World/Stem/Stress_50_30.
2026-07-23 09:52:12 [13,913ms] [Warning] [omni.physx.plugin] Invalid PhysX transform detected for /World/Stem/Stress_50_31.
2026-07-23 09:52:12 [13,913ms] [Warning] [omni.physx.plugin] Invalid PhysX transform detected for /World/Stem/Stress_50_32.
2026-07-23 09:52:12 [13,913ms] [Warning] [omni.physx.plugin] Invalid PhysX transform detected for /World/Stem/Stress_50_33.
2026-07-23 09:52:12 [13,913ms] [Warning] [omni.physx.plugin] Invalid PhysX transform detected for /World/Stem/Stress_50_34.
2026-07-23 09:52:12 [13,913ms] [Warning] [omni.physx.plugin] Invalid PhysX transform detected for /World/Stem/Stress_50_35.
2026-07-23 09:52:12 [13,913ms] [Warning] [omni.physx.plugin] Invalid PhysX transform detected for /World/Stem/Stress_50_36.
2026-07-23 09:52:12 [13,913ms] [Warning] [omni.physx.plugin] Invalid PhysX transform detected for /World/Stem/Stress_50_37.
2026-07-23 09:52:12 [13,913ms] [Warning] [omni.physx.plugin] Invalid PhysX transform detected for /World/Stem/Stress_50_38.
2026-07-23 09:52:12 [13,913ms] [Warning] [omni.physx.plugin] Invalid PhysX transform detected for /World/Stem/Stress_50_39.
2026-07-23 09:52:12 [13,913ms] [Warning] [omni.physx.plugin] Invalid PhysX transform detected for /World/Stem/Stress_50_40.
2026-07-23 09:52:12 [13,913ms] [Warning] [omni.physx.plugin] Invalid PhysX transform detected for /World/Stem/Stress_50_41.
2026-07-23 09:52:12 [13,913ms] [Warning] [omni.physx.plugin] Invalid PhysX transform detected for /World/Stem/Stress_50_42.
2026-07-23 09:52:12 [13,913ms] [Warning] [omni.physx.plugin] Invalid PhysX transform detected for /World/Stem/Stress_50_43.
2026-07-23 09:52:12 [13,913ms] [Warning] [omni.physx.plugin] Invalid PhysX transform detected for /World/Stem/Stress_50_44.
2026-07-23 09:52:12 [13,913ms] [Warning] [omni.physx.plugin] Invalid PhysX transform detected for /World/Stem/Stress_50_45.
2026-07-23 09:52:12 [13,913ms] [Warning] [omni.physx.plugin] Invalid PhysX transform detected for /World/Stem/Stress_50_46.
2026-07-23 09:52:12 [13,913ms] [Warning] [omni.physx.plugin] Invalid PhysX transform detected for /World/Stem/Stress_50_47.
2026-07-23 09:52:12 [13,913ms] [Warning] [omni.physx.plugin] Invalid PhysX transform detected for /World/Stem/Stress_50_48.
2026-07-23 09:52:12 [13,913ms] [Warning] [omni.physx.plugin] Invalid PhysX transform detected for /World/Stem/Stress_50_49.
2026-07-23 09:52:12 [13,913ms] [Warning] [omni.physx.plugin] Invalid PhysX transform detected for /World/Stem/Fruit_Stress_50_base.
2026-07-23 09:52:12 [13,913ms] [Warning] [omni.physx.plugin] Invalid PhysX transform detected for /World/Stem/Fruit_Stress_50_tip.
2026-07-23 09:52:12 [13,913ms] [Warning] [omni.physx.plugin] Invalid PhysX transform detected for /World/Stem/Fruit_Stress_50.
2026-07-23 09:52:12 [13,932ms] [Warning] [omni.physx.plugin] Invalid PhysX transform detected for /World/Stem/Stress_50_00.
2026-07-23 09:52:12 [13,932ms] [Warning] [omni.physx.plugin] Invalid PhysX transform detected for /World/Stem/Stress_50_01.
2026-07-23 09:52:12 [13,932ms] [Warning] [omni.physx.plugin] Invalid PhysX transform detected for /World/Stem/Stress_50_02.
2026-07-23 09:52:12 [13,932ms] [Warning] [omni.physx.plugin] Invalid PhysX transform detected for /World/Stem/Stress_50_03.
2026-07-23 09:52:12 [13,932ms] [Warning] [omni.physx.plugin] Invalid PhysX transform detected for /World/Stem/Stress_50_04.
2026-07-23 09:52:12 [13,932ms] [Warning] [omni.physx.plugin] Invalid PhysX transform detected for /World/Stem/Stress_50_05.
2026-07-23 09:52:12 [13,932ms] [Warning] [omni.physx.plugin] Invalid PhysX transform detected for /World/Stem/Stress_50_06.
2026-07-23 09:52:12 [13,932ms] [Warning] [omni.physx.plugin] Invalid PhysX transform detected for /World/Stem/Stress_50_07.
2026-07-23 09:52:12 [13,932ms] [Warning] [omni.physx.plugin] Invalid PhysX transform detected for /World/Stem/Stress_50_08.
2026-07-23 09:52:12 [13,932ms] [Warning] [omni.physx.plugin] Invalid PhysX transform detected for /World/Stem/Stress_50_09.
2026-07-23 09:52:12 [13,932ms] [Warning] [omni.physx.plugin] Invalid PhysX transform detected for /World/Stem/Stress_50_10.
2026-07-23 09:52:12 [13,932ms] [Warning] [omni.physx.plugin] Invalid PhysX transform detected for /World/Stem/Stress_50_11.
2026-07-23 09:52:12 [13,932ms] [Warning] [omni.physx.plugin] Invalid PhysX transform detected for /World/Stem/Stress_50_12.
2026-07-23 09:52:12 [13,932ms] [Warning] [omni.physx.plugin] Invalid PhysX transform detected for /World/Stem/Stress_50_13.
2026-07-23 09:52:12 [13,932ms] [Warning] [omni.physx.plugin] Invalid PhysX transform detected for /World/Stem/Stress_50_14.
2026-07-23 09:52:12 [13,932ms] [Warning] [omni.physx.plugin] Invalid PhysX transform detected for /World/Stem/Stress_50_15.
2026-07-23 09:52:12 [13,932ms] [Warning] [omni.physx.plugin] Invalid PhysX transform detected for /World/Stem/Stress_50_16.
2026-07-23 09:52:12 [13,932ms] [Warning] [omni.physx.plugin] Invalid PhysX transform detected for /World/Stem/Stress_50_17.
2026-07-23 09:52:12 [13,932ms] [Warning] [omni.physx.plugin] Invalid PhysX transform detected for /World/Stem/Stress_50_18.
2026-07-23 09:52:12 [13,932ms] [Warning] [omni.physx.plugin] Invalid PhysX transform detected for /World/Stem/Stress_50_19.
2026-07-23 09:52:12 [13,932ms] [Warning] [omni.physx.plugin] Invalid PhysX transform detected for /World/Stem/Stress_50_20.
2026-07-23 09:52:12 [13,932ms] [Warning] [omni.physx.plugin] Invalid PhysX transform detected for /World/Stem/Stress_50_21.
2026-07-23 09:52:12 [13,932ms] [Warning] [omni.physx.plugin] Invalid PhysX transform detected for /World/Stem/Stress_50_22.
2026-07-23 09:52:12 [13,932ms] [Warning] [omni.physx.plugin] Invalid PhysX transform detected for /World/Stem/Stress_50_23.
2026-07-23 09:52:12 [13,932ms] [Warning] [omni.physx.plugin] Invalid PhysX transform detected for /World/Stem/Stress_50_24.
2026-07-23 09:52:12 [13,932ms] [Warning] [omni.physx.plugin] Invalid PhysX transform detected for /World/Stem/Stress_50_25.
2026-07-23 09:52:12 [13,932ms] [Warning] [omni.physx.plugin] Invalid PhysX transform detected for /World/Stem/Stress_50_26.
2026-07-23 09:52:12 [13,932ms] [Warning] [omni.physx.plugin] Invalid PhysX transform detected for /World/Stem/Stress_50_27.
2026-07-23 09:52:12 [13,932ms] [Warning] [omni.physx.plugin] Invalid PhysX transform detected for /World/Stem/Stress_50_28.
2026-07-23 09:52:12 [13,932ms] [Warning] [omni.physx.plugin] Invalid PhysX transform detected for /World/Stem/Stress_50_29.
2026-07-23 09:52:12 [13,932ms] [Warning] [omni.physx.plugin] Invalid PhysX transform detected for /World/Stem/Stress_50_30.
2026-07-23 09:52:12 [13,932ms] [Warning] [omni.physx.plugin] Invalid PhysX transform detected for /World/Stem/Stress_50_31.
2026-07-23 09:52:12 [13,932ms] [Warning] [omni.physx.plugin] Invalid PhysX transform detected for /World/Stem/Stress_50_32.
2026-07-23 09:52:12 [13,932ms] [Warning] [omni.physx.plugin] Invalid PhysX transform detected for /World/Stem/Stress_50_33.
2026-07-23 09:52:12 [13,932ms] [Warning] [omni.physx.plugin] Invalid PhysX transform detected for /World/Stem/Stress_50_34.
2026-07-23 09:52:12 [13,932ms] [Warning] [omni.physx.plugin] Invalid PhysX transform detected for /World/Stem/Stress_50_35.
2026-07-23 09:52:12 [13,932ms] [Warning] [omni.physx.plugin] Invalid PhysX transform detected for /World/Stem/Stress_50_36.
2026-07-23 09:52:12 [13,932ms] [Warning] [omni.physx.plugin] Invalid PhysX transform detected for /World/Stem/Stress_50_37.
2026-07-23 09:52:12 [13,932ms] [Warning] [omni.physx.plugin] Invalid PhysX transform detected for /World/Stem/Stress_50_38.
2026-07-23 09:52:12 [13,932ms] [Warning] [omni.physx.plugin] Invalid PhysX transform detected for /World/Stem/Stress_50_39.
2026-07-23 09:52:12 [13,932ms] [Warning] [omni.physx.plugin] Invalid PhysX transform detected for /World/Stem/Stress_50_40.
2026-07-23 09:52:12 [13,932ms] [Warning] [omni.physx.plugin] Invalid PhysX transform detected for /World/Stem/Stress_50_41.
2026-07-23 09:52:12 [13,932ms] [Warning] [omni.physx.plugin] Invalid PhysX transform detected for /World/Stem/Stress_50_42.
2026-07-23 09:52:12 [13,932ms] [Warning] [omni.physx.plugin] Invalid PhysX transform detected for /World/Stem/Stress_50_43.
2026-07-23 09:52:12 [13,932ms] [Warning] [omni.physx.plugin] Invalid PhysX transform detected for /World/Stem/Stress_50_44.
2026-07-23 09:52:12 [13,932ms] [Warning] [omni.physx.plugin] Invalid PhysX transform detected for /World/Stem/Stress_50_45.
2026-07-23 09:52:12 [13,932ms] [Warning] [omni.physx.plugin] Invalid PhysX transform detected for /World/Stem/Stress_50_46.
2026-07-23 09:52:12 [13,932ms] [Warning] [omni.physx.plugin] Invalid PhysX transform detected for /World/Stem/Stress_50_47.
2026-07-23 09:52:12 [13,932ms] [Warning] [omni.physx.plugin] Invalid PhysX transform detected for /World/Stem/Stress_50_48.
2026-07-23 09:52:12 [13,932ms] [Warning] [omni.physx.plugin] Invalid PhysX transform detected for /World/Stem/Stress_50_49.
2026-07-23 09:52:12 [13,932ms] [Warning] [omni.physx.plugin] Invalid PhysX transform detected for /World/Stem/Fruit_Stress_50_base.
2026-07-23 09:52:12 [13,932ms] [Warning] [omni.physx.plugin] Invalid PhysX transform detected for /World/Stem/Fruit_Stress_50_tip.
2026-07-23 09:52:12 [13,932ms] [Warning] [omni.physx.plugin] Invalid PhysX transform detected for /World/Stem/Fruit_Stress_50.
2026-07-23 09:52:12 [13,951ms] [Warning] [omni.physx.plugin] Invalid PhysX transform detected for /World/Stem/Stress_50_00.
2026-07-23 09:52:12 [13,951ms] [Warning] [omni.physx.plugin] Invalid PhysX transform detected for /World/Stem/Stress_50_01.
2026-07-23 09:52:12 [13,951ms] [Warning] [omni.physx.plugin] Invalid PhysX transform detected for /World/Stem/Stress_50_02.
2026-07-23 09:52:12 [13,951ms] [Warning] [omni.physx.plugin] Invalid PhysX transform detected for /World/Stem/Stress_50_03.
2026-07-23 09:52:12 [13,951ms] [Warning] [omni.physx.plugin] Invalid PhysX transform detected for /World/Stem/Stress_50_04.
2026-07-23 09:52:12 [13,951ms] [Warning] [omni.physx.plugin] Invalid PhysX transform detected for /World/Stem/Stress_50_05.
2026-07-23 09:52:12 [13,951ms] [Warning] [omni.physx.plugin] Invalid PhysX transform detected for /World/Stem/Stress_50_06.
2026-07-23 09:52:12 [13,951ms] [Warning] [omni.physx.plugin] Invalid PhysX transform detected for /World/Stem/Stress_50_07.
2026-07-23 09:52:12 [13,951ms] [Warning] [omni.physx.plugin] Invalid PhysX transform detected for /World/Stem/Stress_50_08.
2026-07-23 09:52:12 [13,951ms] [Warning] [omni.physx.plugin] Invalid PhysX transform detected for /World/Stem/Stress_50_09.
2026-07-23 09:52:12 [13,951ms] [Warning] [omni.physx.plugin] Invalid PhysX transform detected for /World/Stem/Stress_50_10.
2026-07-23 09:52:12 [13,951ms] [Warning] [omni.physx.plugin] Invalid PhysX transform detected for /World/Stem/Stress_50_11.
2026-07-23 09:52:12 [13,951ms] [Warning] [omni.physx.plugin] Invalid PhysX transform detected for /World/Stem/Stress_50_12.
2026-07-23 09:52:12 [13,951ms] [Warning] [omni.physx.plugin] Invalid PhysX transform detected for /World/Stem/Stress_50_13.
2026-07-23 09:52:12 [13,951ms] [Warning] [omni.physx.plugin] Invalid PhysX transform detected for /World/Stem/Stress_50_14.
2026-07-23 09:52:12 [13,951ms] [Warning] [omni.physx.plugin] Invalid PhysX transform detected for /World/Stem/Stress_50_15.
2026-07-23 09:52:12 [13,951ms] [Warning] [omni.physx.plugin] Invalid PhysX transform detected for /World/Stem/Stress_50_16.
2026-07-23 09:52:12 [13,951ms] [Warning] [omni.physx.plugin] Invalid PhysX transform detected for /World/Stem/Stress_50_17.
2026-07-23 09:52:12 [13,951ms] [Warning] [omni.physx.plugin] Invalid PhysX transform detected for /World/Stem/Stress_50_18.
2026-07-23 09:52:12 [13,951ms] [Warning] [omni.physx.plugin] Invalid PhysX transform detected for /World/Stem/Stress_50_19.
2026-07-23 09:52:12 [13,951ms] [Warning] [omni.physx.plugin] Invalid PhysX transform detected for /World/Stem/Stress_50_20.
2026-07-23 09:52:12 [13,951ms] [Warning] [omni.physx.plugin] Invalid PhysX transform detected for /World/Stem/Stress_50_21.
2026-07-23 09:52:12 [13,951ms] [Warning] [omni.physx.plugin] Invalid PhysX transform detected for /World/Stem/Stress_50_22.
2026-07-23 09:52:12 [13,951ms] [Warning] [omni.physx.plugin] Invalid PhysX transform detected for /World/Stem/Stress_50_23.
2026-07-23 09:52:12 [13,951ms] [Warning] [omni.physx.plugin] Invalid PhysX transform detected for /World/Stem/Stress_50_24.
2026-07-23 09:52:12 [13,951ms] [Warning] [omni.physx.plugin] Invalid PhysX transform detected for /World/Stem/Stress_50_25.
2026-07-23 09:52:12 [13,951ms] [Warning] [omni.physx.plugin] Invalid PhysX transform detected for /World/Stem/Stress_50_26.
2026-07-23 09:52:12 [13,951ms] [Warning] [omni.physx.plugin] Invalid PhysX transform detected for /World/Stem/Stress_50_27.
2026-07-23 09:52:12 [13,951ms] [Warning] [omni.physx.plugin] Invalid PhysX transform detected for /World/Stem/Stress_50_28.
2026-07-23 09:52:12 [13,951ms] [Warning] [omni.physx.plugin] Invalid PhysX transform detected for /World/Stem/Stress_50_29.
2026-07-23 09:52:12 [13,951ms] [Warning] [omni.physx.plugin] Invalid PhysX transform detected for /World/Stem/Stress_50_30.
2026-07-23 09:52:12 [13,951ms] [Warning] [omni.physx.plugin] Invalid PhysX transform detected for /World/Stem/Stress_50_31.
2026-07-23 09:52:12 [13,951ms] [Warning] [omni.physx.plugin] Invalid PhysX transform detected for /World/Stem/Stress_50_32.
2026-07-23 09:52:12 [13,951ms] [Warning] [omni.physx.plugin] Invalid PhysX transform detected for /World/Stem/Stress_50_33.
2026-07-23 09:52:12 [13,951ms] [Warning] [omni.physx.plugin] Invalid PhysX transform detected for /World/Stem/Stress_50_34.
2026-07-23 09:52:12 [13,951ms] [Warning] [omni.physx.plugin] Invalid PhysX transform detected for /World/Stem/Stress_50_35.
2026-07-23 09:52:12 [13,951ms] [Warning] [omni.physx.plugin] Invalid PhysX transform detected for /World/Stem/Stress_50_36.
2026-07-23 09:52:12 [13,951ms] [Warning] [omni.physx.plugin] Invalid PhysX transform detected for /World/Stem/Stress_50_37.
2026-07-23 09:52:12 [13,951ms] [Warning] [omni.physx.plugin] Invalid PhysX transform detected for /World/Stem/Stress_50_38.
2026-07-23 09:52:12 [13,951ms] [Warning] [omni.physx.plugin] Invalid PhysX transform detected for /World/Stem/Stress_50_39.
2026-07-23 09:52:12 [13,951ms] [Warning] [omni.physx.plugin] Invalid PhysX transform detected for /World/Stem/Stress_50_40.
2026-07-23 09:52:12 [13,951ms] [Warning] [omni.physx.plugin] Invalid PhysX transform detected for /World/Stem/Stress_50_41.
2026-07-23 09:52:12 [13,951ms] [Warning] [omni.physx.plugin] Invalid PhysX transform detected for /World/Stem/Stress_50_42.
2026-07-23 09:52:12 [13,951ms] [Warning] [omni.physx.plugin] Invalid PhysX transform detected for /World/Stem/Stress_50_43.
2026-07-23 09:52:12 [13,951ms] [Warning] [omni.physx.plugin] Invalid PhysX transform detected for /World/Stem/Stress_50_44.
2026-07-23 09:52:12 [13,951ms] [Warning] [omni.physx.plugin] Invalid PhysX transform detected for /World/Stem/Stress_50_45.
2026-07-23 09:52:12 [13,951ms] [Warning] [omni.physx.plugin] Invalid PhysX transform detected for /World/Stem/Stress_50_46.
2026-07-23 09:52:12 [13,951ms] [Warning] [omni.physx.plugin] Invalid PhysX transform detected for /World/Stem/Stress_50_47.
2026-07-23 09:52:12 [13,951ms] [Warning] [omni.physx.plugin] Invalid PhysX transform detected for /World/Stem/Stress_50_48.
2026-07-23 09:52:12 [13,951ms] [Warning] [omni.physx.plugin] Invalid PhysX transform detected for /World/Stem/Stress_50_49.
2026-07-23 09:52:12 [13,951ms] [Warning] [omni.physx.plugin] Invalid PhysX transform detected for /World/Stem/Fruit_Stress_50_base.
2026-07-23 09:52:12 [13,951ms] [Warning] [omni.physx.plugin] Invalid PhysX transform detected for /World/Stem/Fruit_Stress_50_tip.
2026-07-23 09:52:12 [13,951ms] [Warning] [omni.physx.plugin] Invalid PhysX transform detected for /World/Stem/Fruit_Stress_50.
2026-07-23 09:52:12 [13,970ms] [Warning] [omni.physx.plugin] Invalid PhysX transform detected for /World/Stem/Stress_50_00.
2026-07-23 09:52:12 [13,970ms] [Warning] [omni.physx.plugin] Invalid PhysX transform detected for /World/Stem/Stress_50_01.
2026-07-23 09:52:12 [13,970ms] [Warning] [omni.physx.plugin] Invalid PhysX transform detected for /World/Stem/Stress_50_02.
2026-07-23 09:52:12 [13,970ms] [Warning] [omni.physx.plugin] Invalid PhysX transform detected for /World/Stem/Stress_50_03.
2026-07-23 09:52:12 [13,970ms] [Warning] [omni.physx.plugin] Invalid PhysX transform detected for /World/Stem/Stress_50_04.
2026-07-23 09:52:12 [13,970ms] [Warning] [omni.physx.plugin] Invalid PhysX transform detected for /World/Stem/Stress_50_05.
2026-07-23 09:52:12 [13,970ms] [Warning] [omni.physx.plugin] Invalid PhysX transform detected for /World/Stem/Stress_50_06.
2026-07-23 09:52:12 [13,970ms] [Warning] [omni.physx.plugin] Invalid PhysX transform detected for /World/Stem/Stress_50_07.
2026-07-23 09:52:12 [13,970ms] [Warning] [omni.physx.plugin] Invalid PhysX transform detected for /World/Stem/Stress_50_08.
2026-07-23 09:52:12 [13,970ms] [Warning] [omni.physx.plugin] Invalid PhysX transform detected for /World/Stem/Stress_50_09.
2026-07-23 09:52:12 [13,970ms] [Warning] [omni.physx.plugin] Invalid PhysX transform detected for /World/Stem/Stress_50_10.
2026-07-23 09:52:12 [13,970ms] [Warning] [omni.physx.plugin] Invalid PhysX transform detected for /World/Stem/Stress_50_11.
2026-07-23 09:52:12 [13,970ms] [Warning] [omni.physx.plugin] Invalid PhysX transform detected for /World/Stem/Stress_50_12.
2026-07-23 09:52:12 [13,970ms] [Warning] [omni.physx.plugin] Invalid PhysX transform detected for /World/Stem/Stress_50_13.
2026-07-23 09:52:12 [13,970ms] [Warning] [omni.physx.plugin] Invalid PhysX transform detected for /World/Stem/Stress_50_14.
2026-07-23 09:52:12 [13,970ms] [Warning] [omni.physx.plugin] Invalid PhysX transform detected for /World/Stem/Stress_50_15.
2026-07-23 09:52:12 [13,970ms] [Warning] [omni.physx.plugin] Invalid PhysX transform detected for /World/Stem/Stress_50_16.
2026-07-23 09:52:12 [13,970ms] [Warning] [omni.physx.plugin] Invalid PhysX transform detected for /World/Stem/Stress_50_17.
2026-07-23 09:52:12 [13,970ms] [Warning] [omni.physx.plugin] Invalid PhysX transform detected for /World/Stem/Stress_50_18.
2026-07-23 09:52:12 [13,970ms] [Warning] [omni.physx.plugin] Invalid PhysX transform detected for /World/Stem/Stress_50_19.
2026-07-23 09:52:12 [13,970ms] [Warning] [omni.physx.plugin] Invalid PhysX transform detected for /World/Stem/Stress_50_20.
2026-07-23 09:52:12 [13,970ms] [Warning] [omni.physx.plugin] Invalid PhysX transform detected for /World/Stem/Stress_50_21.
2026-07-23 09:52:12 [13,970ms] [Warning] [omni.physx.plugin] Invalid PhysX transform detected for /World/Stem/Stress_50_22.
2026-07-23 09:52:12 [13,970ms] [Warning] [omni.physx.plugin] Invalid PhysX transform detected for /World/Stem/Stress_50_23.
2026-07-23 09:52:12 [13,970ms] [Warning] [omni.physx.plugin] Invalid PhysX transform detected for /World/Stem/Stress_50_24.
2026-07-23 09:52:12 [13,970ms] [Warning] [omni.physx.plugin] Invalid PhysX transform detected for /World/Stem/Stress_50_25.
2026-07-23 09:52:12 [13,970ms] [Warning] [omni.physx.plugin] Invalid PhysX transform detected for /World/Stem/Stress_50_26.
2026-07-23 09:52:12 [13,970ms] [Warning] [omni.physx.plugin] Invalid PhysX transform detected for /World/Stem/Stress_50_27.
2026-07-23 09:52:12 [13,970ms] [Warning] [omni.physx.plugin] Invalid PhysX transform detected for /World/Stem/Stress_50_28.
2026-07-23 09:52:12 [13,970ms] [Warning] [omni.physx.plugin] Invalid PhysX transform detected for /World/Stem/Stress_50_29.
2026-07-23 09:52:12 [13,970ms] [Warning] [omni.physx.plugin] Invalid PhysX transform detected for /World/Stem/Stress_50_30.
2026-07-23 09:52:12 [13,970ms] [Warning] [omni.physx.plugin] Invalid PhysX transform detected for /World/Stem/Stress_50_31.
2026-07-23 09:52:12 [13,970ms] [Warning] [omni.physx.plugin] Invalid PhysX transform detected for /World/Stem/Stress_50_32.
2026-07-23 09:52:12 [13,970ms] [Warning] [omni.physx.plugin] Invalid PhysX transform detected for /World/Stem/Stress_50_33.
2026-07-23 09:52:12 [13,970ms] [Warning] [omni.physx.plugin] Invalid PhysX transform detected for /World/Stem/Stress_50_34.
2026-07-23 09:52:12 [13,970ms] [Warning] [omni.physx.plugin] Invalid PhysX transform detected for /World/Stem/Stress_50_35.
2026-07-23 09:52:12 [13,970ms] [Warning] [omni.physx.plugin] Invalid PhysX transform detected for /World/Stem/Stress_50_36.
2026-07-23 09:52:12 [13,970ms] [Warning] [omni.physx.plugin] Invalid PhysX transform detected for /World/Stem/Stress_50_37.
2026-07-23 09:52:12 [13,970ms] [Warning] [omni.physx.plugin] Invalid PhysX transform detected for /World/Stem/Stress_50_38.
2026-07-23 09:52:12 [13,970ms] [Warning] [omni.physx.plugin] Invalid PhysX transform detected for /World/Stem/Stress_50_39.
2026-07-23 09:52:12 [13,970ms] [Warning] [omni.physx.plugin] Invalid PhysX transform detected for /World/Stem/Stress_50_40.
2026-07-23 09:52:12 [13,970ms] [Warning] [omni.physx.plugin] Invalid PhysX transform detected for /World/Stem/Stress_50_41.
2026-07-23 09:52:12 [13,970ms] [Warning] [omni.physx.plugin] Invalid PhysX transform detected for /World/Stem/Stress_50_42.
2026-07-23 09:52:12 [13,970ms] [Warning] [omni.physx.plugin] Invalid PhysX transform detected for /World/Stem/Stress_50_43.
2026-07-23 09:52:12 [13,970ms] [Warning] [omni.physx.plugin] Invalid PhysX transform detected for /World/Stem/Stress_50_44.
2026-07-23 09:52:12 [13,970ms] [Warning] [omni.physx.plugin] Invalid PhysX transform detected for /World/Stem/Stress_50_45.
2026-07-23 09:52:12 [13,970ms] [Warning] [omni.physx.plugin] Invalid PhysX transform detected for /World/Stem/Stress_50_46.
2026-07-23 09:52:12 [13,970ms] [Warning] [omni.physx.plugin] Invalid PhysX transform detected for /World/Stem/Stress_50_47.
2026-07-23 09:52:12 [13,970ms] [Warning] [omni.physx.plugin] Invalid PhysX transform detected for /World/Stem/Stress_50_48.
2026-07-23 09:52:12 [13,970ms] [Warning] [omni.physx.plugin] Invalid PhysX transform detected for /World/Stem/Stress_50_49.
2026-07-23 09:52:12 [13,970ms] [Warning] [omni.physx.plugin] Invalid PhysX transform detected for /World/Stem/Fruit_Stress_50_base.
2026-07-23 09:52:12 [13,970ms] [Warning] [omni.physx.plugin] Invalid PhysX transform detected for /World/Stem/Fruit_Stress_50_tip.
2026-07-23 09:52:12 [13,970ms] [Warning] [omni.physx.plugin] Invalid PhysX transform detected for /World/Stem/Fruit_Stress_50.
2026-07-23 09:52:12 [13,989ms] [Warning] [omni.physx.plugin] Invalid PhysX transform detected for /World/Stem/Stress_50_00.
2026-07-23 09:52:12 [13,989ms] [Warning] [omni.physx.plugin] Invalid PhysX transform detected for /World/Stem/Stress_50_01.
2026-07-23 09:52:12 [13,989ms] [Warning] [omni.physx.plugin] Invalid PhysX transform detected for /World/Stem/Stress_50_02.
2026-07-23 09:52:12 [13,989ms] [Warning] [omni.physx.plugin] Invalid PhysX transform detected for /World/Stem/Stress_50_03.
2026-07-23 09:52:12 [13,989ms] [Warning] [omni.physx.plugin] Invalid PhysX transform detected for /World/Stem/Stress_50_04.
2026-07-23 09:52:12 [13,989ms] [Warning] [omni.physx.plugin] Invalid PhysX transform detected for /World/Stem/Stress_50_05.
2026-07-23 09:52:12 [13,989ms] [Warning] [omni.physx.plugin] Invalid PhysX transform detected for /World/Stem/Stress_50_06.
2026-07-23 09:52:12 [13,989ms] [Warning] [omni.physx.plugin] Invalid PhysX transform detected for /World/Stem/Stress_50_07.
2026-07-23 09:52:12 [13,989ms] [Warning] [omni.physx.plugin] Invalid PhysX transform detected for /World/Stem/Stress_50_08.
2026-07-23 09:52:12 [13,989ms] [Warning] [omni.physx.plugin] Invalid PhysX transform detected for /World/Stem/Stress_50_09.
2026-07-23 09:52:12 [13,989ms] [Warning] [omni.physx.plugin] Invalid PhysX transform detected for /World/Stem/Stress_50_10.
2026-07-23 09:52:12 [13,989ms] [Warning] [omni.physx.plugin] Invalid PhysX transform detected for /World/Stem/Stress_50_11.
2026-07-23 09:52:12 [13,989ms] [Warning] [omni.physx.plugin] Invalid PhysX transform detected for /World/Stem/Stress_50_12.
2026-07-23 09:52:12 [13,989ms] [Warning] [omni.physx.plugin] Invalid PhysX transform detected for /World/Stem/Stress_50_13.
2026-07-23 09:52:12 [13,989ms] [Warning] [omni.physx.plugin] Invalid PhysX transform detected for /World/Stem/Stress_50_14.
2026-07-23 09:52:12 [13,989ms] [Warning] [omni.physx.plugin] Invalid PhysX transform detected for /World/Stem/Stress_50_15.
2026-07-23 09:52:12 [13,989ms] [Warning] [omni.physx.plugin] Invalid PhysX transform detected for /World/Stem/Stress_50_16.
2026-07-23 09:52:12 [13,989ms] [Warning] [omni.physx.plugin] Invalid PhysX transform detected for /World/Stem/Stress_50_17.
2026-07-23 09:52:12 [13,989ms] [Warning] [omni.physx.plugin] Invalid PhysX transform detected for /World/Stem/Stress_50_18.
2026-07-23 09:52:12 [13,989ms] [Warning] [omni.physx.plugin] Invalid PhysX transform detected for /World/Stem/Stress_50_19.
2026-07-23 09:52:12 [13,989ms] [Warning] [omni.physx.plugin] Invalid PhysX transform detected for /World/Stem/Stress_50_20.
2026-07-23 09:52:12 [13,989ms] [Warning] [omni.physx.plugin] Invalid PhysX transform detected for /World/Stem/Stress_50_21.
2026-07-23 09:52:12 [13,989ms] [Warning] [omni.physx.plugin] Invalid PhysX transform detected for /World/Stem/Stress_50_22.
2026-07-23 09:52:12 [13,989ms] [Warning] [omni.physx.plugin] Invalid PhysX transform detected for /World/Stem/Stress_50_23.
2026-07-23 09:52:12 [13,989ms] [Warning] [omni.physx.plugin] Invalid PhysX transform detected for /World/Stem/Stress_50_24.
2026-07-23 09:52:12 [13,989ms] [Warning] [omni.physx.plugin] Invalid PhysX transform detected for /World/Stem/Stress_50_25.
2026-07-23 09:52:12 [13,989ms] [Warning] [omni.physx.plugin] Invalid PhysX transform detected for /World/Stem/Stress_50_26.
2026-07-23 09:52:12 [13,989ms] [Warning] [omni.physx.plugin] Invalid PhysX transform detected for /World/Stem/Stress_50_27.
2026-07-23 09:52:12 [13,989ms] [Warning] [omni.physx.plugin] Invalid PhysX transform detected for /World/Stem/Stress_50_28.
2026-07-23 09:52:12 [13,989ms] [Warning] [omni.physx.plugin] Invalid PhysX transform detected for /World/Stem/Stress_50_29.
2026-07-23 09:52:12 [13,989ms] [Warning] [omni.physx.plugin] Invalid PhysX transform detected for /World/Stem/Stress_50_30.
2026-07-23 09:52:12 [13,989ms] [Warning] [omni.physx.plugin] Invalid PhysX transform detected for /World/Stem/Stress_50_31.
2026-07-23 09:52:12 [13,989ms] [Warning] [omni.physx.plugin] Invalid PhysX transform detected for /World/Stem/Stress_50_32.
2026-07-23 09:52:12 [13,989ms] [Warning] [omni.physx.plugin] Invalid PhysX transform detected for /World/Stem/Stress_50_33.
2026-07-23 09:52:12 [13,989ms] [Warning] [omni.physx.plugin] Invalid PhysX transform detected for /World/Stem/Stress_50_34.
2026-07-23 09:52:12 [13,989ms] [Warning] [omni.physx.plugin] Invalid PhysX transform detected for /World/Stem/Stress_50_35.
2026-07-23 09:52:12 [13,989ms] [Warning] [omni.physx.plugin] Invalid PhysX transform detected for /World/Stem/Stress_50_36.
2026-07-23 09:52:12 [13,989ms] [Warning] [omni.physx.plugin] Invalid PhysX transform detected for /World/Stem/Stress_50_37.
2026-07-23 09:52:12 [13,989ms] [Warning] [omni.physx.plugin] Invalid PhysX transform detected for /World/Stem/Stress_50_38.
2026-07-23 09:52:12 [13,989ms] [Warning] [omni.physx.plugin] Invalid PhysX transform detected for /World/Stem/Stress_50_39.
2026-07-23 09:52:12 [13,989ms] [Warning] [omni.physx.plugin] Invalid PhysX transform detected for /World/Stem/Stress_50_40.
2026-07-23 09:52:12 [13,989ms] [Warning] [omni.physx.plugin] Invalid PhysX transform detected for /World/Stem/Stress_50_41.
2026-07-23 09:52:12 [13,989ms] [Warning] [omni.physx.plugin] Invalid PhysX transform detected for /World/Stem/Stress_50_42.
2026-07-23 09:52:12 [13,989ms] [Warning] [omni.physx.plugin] Invalid PhysX transform detected for /World/Stem/Stress_50_43.
2026-07-23 09:52:12 [13,989ms] [Warning] [omni.physx.plugin] Invalid PhysX transform detected for /World/Stem/Stress_50_44.
2026-07-23 09:52:12 [13,989ms] [Warning] [omni.physx.plugin] Invalid PhysX transform detected for /World/Stem/Stress_50_45.
2026-07-23 09:52:12 [13,989ms] [Warning] [omni.physx.plugin] Invalid PhysX transform detected for /World/Stem/Stress_50_46.
2026-07-23 09:52:12 [13,989ms] [Warning] [omni.physx.plugin] Invalid PhysX transform detected for /World/Stem/Stress_50_47.
2026-07-23 09:52:12 [13,989ms] [Warning] [omni.physx.plugin] Invalid PhysX transform detected for /World/Stem/Stress_50_48.
2026-07-23 09:52:12 [13,989ms] [Warning] [omni.physx.plugin] Invalid PhysX transform detected for /World/Stem/Stress_50_49.
2026-07-23 09:52:12 [13,989ms] [Warning] [omni.physx.plugin] Invalid PhysX transform detected for /World/Stem/Fruit_Stress_50_base.
2026-07-23 09:52:12 [13,989ms] [Warning] [omni.physx.plugin] Invalid PhysX transform detected for /World/Stem/Fruit_Stress_50_tip.
2026-07-23 09:52:12 [13,989ms] [Warning] [omni.physx.plugin] Invalid PhysX transform detected for /World/Stem/Fruit_Stress_50.
2026-07-23 09:52:12 [14,008ms] [Warning] [omni.physx.plugin] Invalid PhysX transform detected for /World/Stem/Stress_50_00.
2026-07-23 09:52:12 [14,008ms] [Warning] [omni.physx.plugin] Invalid PhysX transform detected for /World/Stem/Stress_50_01.
2026-07-23 09:52:12 [14,008ms] [Warning] [omni.physx.plugin] Invalid PhysX transform detected for /World/Stem/Stress_50_02.
2026-07-23 09:52:12 [14,008ms] [Warning] [omni.physx.plugin] Invalid PhysX transform detected for /World/Stem/Stress_50_03.
2026-07-23 09:52:12 [14,008ms] [Warning] [omni.physx.plugin] Invalid PhysX transform detected for /World/Stem/Stress_50_04.
2026-07-23 09:52:12 [14,008ms] [Warning] [omni.physx.plugin] Invalid PhysX transform detected for /World/Stem/Stress_50_05.
2026-07-23 09:52:12 [14,008ms] [Warning] [omni.physx.plugin] Invalid PhysX transform detected for /World/Stem/Stress_50_06.
2026-07-23 09:52:12 [14,008ms] [Warning] [omni.physx.plugin] Invalid PhysX transform detected for /World/Stem/Stress_50_07.
2026-07-23 09:52:12 [14,008ms] [Warning] [omni.physx.plugin] Invalid PhysX transform detected for /World/Stem/Stress_50_08.
2026-07-23 09:52:12 [14,008ms] [Warning] [omni.physx.plugin] Invalid PhysX transform detected for /World/Stem/Stress_50_09.
2026-07-23 09:52:12 [14,008ms] [Warning] [omni.physx.plugin] Invalid PhysX transform detected for /World/Stem/Stress_50_10.
2026-07-23 09:52:12 [14,008ms] [Warning] [omni.physx.plugin] Invalid PhysX transform detected for /World/Stem/Stress_50_11.
2026-07-23 09:52:12 [14,008ms] [Warning] [omni.physx.plugin] Invalid PhysX transform detected for /World/Stem/Stress_50_12.
2026-07-23 09:52:12 [14,008ms] [Warning] [omni.physx.plugin] Invalid PhysX transform detected for /World/Stem/Stress_50_13.
2026-07-23 09:52:12 [14,008ms] [Warning] [omni.physx.plugin] Invalid PhysX transform detected for /World/Stem/Stress_50_14.
2026-07-23 09:52:12 [14,008ms] [Warning] [omni.physx.plugin] Invalid PhysX transform detected for /World/Stem/Stress_50_15.
2026-07-23 09:52:12 [14,008ms] [Warning] [omni.physx.plugin] Invalid PhysX transform detected for /World/Stem/Stress_50_16.
2026-07-23 09:52:12 [14,008ms] [Warning] [omni.physx.plugin] Invalid PhysX transform detected for /World/Stem/Stress_50_17.
2026-07-23 09:52:12 [14,008ms] [Warning] [omni.physx.plugin] Invalid PhysX transform detected for /World/Stem/Stress_50_18.
2026-07-23 09:52:12 [14,008ms] [Warning] [omni.physx.plugin] Invalid PhysX transform detected for /World/Stem/Stress_50_19.
2026-07-23 09:52:12 [14,008ms] [Warning] [omni.physx.plugin] Invalid PhysX transform detected for /World/Stem/Stress_50_20.
2026-07-23 09:52:12 [14,008ms] [Warning] [omni.physx.plugin] Invalid PhysX transform detected for /World/Stem/Stress_50_21.
2026-07-23 09:52:12 [14,008ms] [Warning] [omni.physx.plugin] Invalid PhysX transform detected for /World/Stem/Stress_50_22.
2026-07-23 09:52:12 [14,008ms] [Warning] [omni.physx.plugin] Invalid PhysX transform detected for /World/Stem/Stress_50_23.
2026-07-23 09:52:12 [14,008ms] [Warning] [omni.physx.plugin] Invalid PhysX transform detected for /World/Stem/Stress_50_24.
2026-07-23 09:52:12 [14,008ms] [Warning] [omni.physx.plugin] Invalid PhysX transform detected for /World/Stem/Stress_50_25.
2026-07-23 09:52:12 [14,008ms] [Warning] [omni.physx.plugin] Invalid PhysX transform detected for /World/Stem/Stress_50_26.
2026-07-23 09:52:12 [14,008ms] [Warning] [omni.physx.plugin] Invalid PhysX transform detected for /World/Stem/Stress_50_27.
2026-07-23 09:52:12 [14,008ms] [Warning] [omni.physx.plugin] Invalid PhysX transform detected for /World/Stem/Stress_50_28.
2026-07-23 09:52:12 [14,008ms] [Warning] [omni.physx.plugin] Invalid PhysX transform detected for /World/Stem/Stress_50_29.
2026-07-23 09:52:12 [14,008ms] [Warning] [omni.physx.plugin] Invalid PhysX transform detected for /World/Stem/Stress_50_30.
2026-07-23 09:52:12 [14,008ms] [Warning] [omni.physx.plugin] Invalid PhysX transform detected for /World/Stem/Stress_50_31.
2026-07-23 09:52:12 [14,008ms] [Warning] [omni.physx.plugin] Invalid PhysX transform detected for /World/Stem/Stress_50_32.
2026-07-23 09:52:12 [14,008ms] [Warning] [omni.physx.plugin] Invalid PhysX transform detected for /World/Stem/Stress_50_33.
2026-07-23 09:52:12 [14,008ms] [Warning] [omni.physx.plugin] Invalid PhysX transform detected for /World/Stem/Stress_50_34.
2026-07-23 09:52:12 [14,008ms] [Warning] [omni.physx.plugin] Invalid PhysX transform detected for /World/Stem/Stress_50_35.
2026-07-23 09:52:12 [14,008ms] [Warning] [omni.physx.plugin] Invalid PhysX transform detected for /World/Stem/Stress_50_36.
2026-07-23 09:52:12 [14,008ms] [Warning] [omni.physx.plugin] Invalid PhysX transform detected for /World/Stem/Stress_50_37.
2026-07-23 09:52:12 [14,008ms] [Warning] [omni.physx.plugin] Invalid PhysX transform detected for /World/Stem/Stress_50_38.
2026-07-23 09:52:12 [14,008ms] [Warning] [omni.physx.plugin] Invalid PhysX transform detected for /World/Stem/Stress_50_39.
2026-07-23 09:52:12 [14,008ms] [Warning] [omni.physx.plugin] Invalid PhysX transform detected for /World/Stem/Stress_50_40.
2026-07-23 09:52:12 [14,008ms] [Warning] [omni.physx.plugin] Invalid PhysX transform detected for /World/Stem/Stress_50_41.
2026-07-23 09:52:12 [14,008ms] [Warning] [omni.physx.plugin] Invalid PhysX transform detected for /World/Stem/Stress_50_42.
2026-07-23 09:52:12 [14,008ms] [Warning] [omni.physx.plugin] Invalid PhysX transform detected for /World/Stem/Stress_50_43.
2026-07-23 09:52:12 [14,008ms] [Warning] [omni.physx.plugin] Invalid PhysX transform detected for /World/Stem/Stress_50_44.
2026-07-23 09:52:12 [14,008ms] [Warning] [omni.physx.plugin] Invalid PhysX transform detected for /World/Stem/Stress_50_45.
2026-07-23 09:52:12 [14,008ms] [Warning] [omni.physx.plugin] Invalid PhysX transform detected for /World/Stem/Stress_50_46.
2026-07-23 09:52:12 [14,008ms] [Warning] [omni.physx.plugin] Invalid PhysX transform detected for /World/Stem/Stress_50_47.
2026-07-23 09:52:12 [14,008ms] [Warning] [omni.physx.plugin] Invalid PhysX transform detected for /World/Stem/Stress_50_48.
2026-07-23 09:52:12 [14,008ms] [Warning] [omni.physx.plugin] Invalid PhysX transform detected for /World/Stem/Stress_50_49.
2026-07-23 09:52:12 [14,008ms] [Warning] [omni.physx.plugin] Invalid PhysX transform detected for /World/Stem/Fruit_Stress_50_base.
2026-07-23 09:52:12 [14,008ms] [Warning] [omni.physx.plugin] Invalid PhysX transform detected for /World/Stem/Fruit_Stress_50_tip.
2026-07-23 09:52:12 [14,008ms] [Warning] [omni.physx.plugin] Invalid PhysX transform detected for /World/Stem/Fruit_Stress_50.
2026-07-23 09:52:12 [14,027ms] [Warning] [omni.physx.plugin] Invalid PhysX transform detected for /World/Stem/Stress_50_00.
2026-07-23 09:52:12 [14,027ms] [Warning] [omni.physx.plugin] Invalid PhysX transform detected for /World/Stem/Stress_50_01.
2026-07-23 09:52:12 [14,027ms] [Warning] [omni.physx.plugin] Invalid PhysX transform detected for /World/Stem/Stress_50_02.
2026-07-23 09:52:12 [14,027ms] [Warning] [omni.physx.plugin] Invalid PhysX transform detected for /World/Stem/Stress_50_03.
2026-07-23 09:52:12 [14,027ms] [Warning] [omni.physx.plugin] Invalid PhysX transform detected for /World/Stem/Stress_50_04.
2026-07-23 09:52:12 [14,027ms] [Warning] [omni.physx.plugin] Invalid PhysX transform detected for /World/Stem/Stress_50_05.
2026-07-23 09:52:12 [14,027ms] [Warning] [omni.physx.plugin] Invalid PhysX transform detected for /World/Stem/Stress_50_06.
2026-07-23 09:52:12 [14,027ms] [Warning] [omni.physx.plugin] Invalid PhysX transform detected for /World/Stem/Stress_50_07.
2026-07-23 09:52:12 [14,027ms] [Warning] [omni.physx.plugin] Invalid PhysX transform detected for /World/Stem/Stress_50_08.
2026-07-23 09:52:12 [14,027ms] [Warning] [omni.physx.plugin] Invalid PhysX transform detected for /World/Stem/Stress_50_09.
2026-07-23 09:52:12 [14,027ms] [Warning] [omni.physx.plugin] Invalid PhysX transform detected for /World/Stem/Stress_50_10.
2026-07-23 09:52:12 [14,027ms] [Warning] [omni.physx.plugin] Invalid PhysX transform detected for /World/Stem/Stress_50_11.
2026-07-23 09:52:12 [14,027ms] [Warning] [omni.physx.plugin] Invalid PhysX transform detected for /World/Stem/Stress_50_12.
2026-07-23 09:52:12 [14,027ms] [Warning] [omni.physx.plugin] Invalid PhysX transform detected for /World/Stem/Stress_50_13.
2026-07-23 09:52:12 [14,027ms] [Warning] [omni.physx.plugin] Invalid PhysX transform detected for /World/Stem/Stress_50_14.
2026-07-23 09:52:12 [14,027ms] [Warning] [omni.physx.plugin] Invalid PhysX transform detected for /World/Stem/Stress_50_15.
2026-07-23 09:52:12 [14,027ms] [Warning] [omni.physx.plugin] Invalid PhysX transform detected for /World/Stem/Stress_50_16.
2026-07-23 09:52:12 [14,027ms] [Warning] [omni.physx.plugin] Invalid PhysX transform detected for /World/Stem/Stress_50_17.
2026-07-23 09:52:12 [14,027ms] [Warning] [omni.physx.plugin] Invalid PhysX transform detected for /World/Stem/Stress_50_18.
2026-07-23 09:52:12 [14,027ms] [Warning] [omni.physx.plugin] Invalid PhysX transform detected for /World/Stem/Stress_50_19.
2026-07-23 09:52:12 [14,027ms] [Warning] [omni.physx.plugin] Invalid PhysX transform detected for /World/Stem/Stress_50_20.
2026-07-23 09:52:12 [14,027ms] [Warning] [omni.physx.plugin] Invalid PhysX transform detected for /World/Stem/Stress_50_21.
2026-07-23 09:52:12 [14,027ms] [Warning] [omni.physx.plugin] Invalid PhysX transform detected for /World/Stem/Stress_50_22.
2026-07-23 09:52:12 [14,027ms] [Warning] [omni.physx.plugin] Invalid PhysX transform detected for /World/Stem/Stress_50_23.
2026-07-23 09:52:12 [14,027ms] [Warning] [omni.physx.plugin] Invalid PhysX transform detected for /World/Stem/Stress_50_24.
2026-07-23 09:52:12 [14,027ms] [Warning] [omni.physx.plugin] Invalid PhysX transform detected for /World/Stem/Stress_50_25.
2026-07-23 09:52:12 [14,027ms] [Warning] [omni.physx.plugin] Invalid PhysX transform detected for /World/Stem/Stress_50_26.
2026-07-23 09:52:12 [14,027ms] [Warning] [omni.physx.plugin] Invalid PhysX transform detected for /World/Stem/Stress_50_27.
2026-07-23 09:52:12 [14,027ms] [Warning] [omni.physx.plugin] Invalid PhysX transform detected for /World/Stem/Stress_50_28.
2026-07-23 09:52:12 [14,027ms] [Warning] [omni.physx.plugin] Invalid PhysX transform detected for /World/Stem/Stress_50_29.
2026-07-23 09:52:12 [14,027ms] [Warning] [omni.physx.plugin] Invalid PhysX transform detected for /World/Stem/Stress_50_30.
2026-07-23 09:52:12 [14,027ms] [Warning] [omni.physx.plugin] Invalid PhysX transform detected for /World/Stem/Stress_50_31.
2026-07-23 09:52:12 [14,027ms] [Warning] [omni.physx.plugin] Invalid PhysX transform detected for /World/Stem/Stress_50_32.
2026-07-23 09:52:12 [14,027ms] [Warning] [omni.physx.plugin] Invalid PhysX transform detected for /World/Stem/Stress_50_33.
2026-07-23 09:52:12 [14,027ms] [Warning] [omni.physx.plugin] Invalid PhysX transform detected for /World/Stem/Stress_50_34.
2026-07-23 09:52:12 [14,027ms] [Warning] [omni.physx.plugin] Invalid PhysX transform detected for /World/Stem/Stress_50_35.
2026-07-23 09:52:12 [14,027ms] [Warning] [omni.physx.plugin] Invalid PhysX transform detected for /World/Stem/Stress_50_36.
2026-07-23 09:52:12 [14,027ms] [Warning] [omni.physx.plugin] Invalid PhysX transform detected for /World/Stem/Stress_50_37.
2026-07-23 09:52:12 [14,027ms] [Warning] [omni.physx.plugin] Invalid PhysX transform detected for /World/Stem/Stress_50_38.
2026-07-23 09:52:12 [14,027ms] [Warning] [omni.physx.plugin] Invalid PhysX transform detected for /World/Stem/Stress_50_39.
2026-07-23 09:52:12 [14,027ms] [Warning] [omni.physx.plugin] Invalid PhysX transform detected for /World/Stem/Stress_50_40.
2026-07-23 09:52:12 [14,027ms] [Warning] [omni.physx.plugin] Invalid PhysX transform detected for /World/Stem/Stress_50_41.
2026-07-23 09:52:12 [14,027ms] [Warning] [omni.physx.plugin] Invalid PhysX transform detected for /World/Stem/Stress_50_42.
2026-07-23 09:52:12 [14,027ms] [Warning] [omni.physx.plugin] Invalid PhysX transform detected for /World/Stem/Stress_50_43.
2026-07-23 09:52:12 [14,027ms] [Warning] [omni.physx.plugin] Invalid PhysX transform detected for /World/Stem/Stress_50_44.
2026-07-23 09:52:12 [14,027ms] [Warning] [omni.physx.plugin] Invalid PhysX transform detected for /World/Stem/Stress_50_45.
2026-07-23 09:52:12 [14,027ms] [Warning] [omni.physx.plugin] Invalid PhysX transform detected for /World/Stem/Stress_50_46.
2026-07-23 09:52:12 [14,027ms] [Warning] [omni.physx.plugin] Invalid PhysX transform detected for /World/Stem/Stress_50_47.
2026-07-23 09:52:12 [14,027ms] [Warning] [omni.physx.plugin] Invalid PhysX transform detected for /World/Stem/Stress_50_48.
2026-07-23 09:52:12 [14,027ms] [Warning] [omni.physx.plugin] Invalid PhysX transform detected for /World/Stem/Stress_50_49.
2026-07-23 09:52:12 [14,027ms] [Warning] [omni.physx.plugin] Invalid PhysX transform detected for /World/Stem/Fruit_Stress_50_base.
2026-07-23 09:52:12 [14,027ms] [Warning] [omni.physx.plugin] Invalid PhysX transform detected for /World/Stem/Fruit_Stress_50_tip.
2026-07-23 09:52:12 [14,027ms] [Warning] [omni.physx.plugin] Invalid PhysX transform detected for /World/Stem/Fruit_Stress_50.
2026-07-23 09:52:12 [14,045ms] [Warning] [omni.physx.plugin] Invalid PhysX transform detected for /World/Stem/Stress_50_00.
2026-07-23 09:52:12 [14,045ms] [Warning] [omni.physx.plugin] Invalid PhysX transform detected for /World/Stem/Stress_50_01.
2026-07-23 09:52:12 [14,046ms] [Warning] [omni.physx.plugin] Invalid PhysX transform detected for /World/Stem/Stress_50_02.
2026-07-23 09:52:12 [14,046ms] [Warning] [omni.physx.plugin] Invalid PhysX transform detected for /World/Stem/Stress_50_03.
2026-07-23 09:52:12 [14,046ms] [Warning] [omni.physx.plugin] Invalid PhysX transform detected for /World/Stem/Stress_50_04.
2026-07-23 09:52:12 [14,046ms] [Warning] [omni.physx.plugin] Invalid PhysX transform detected for /World/Stem/Stress_50_05.
2026-07-23 09:52:12 [14,046ms] [Warning] [omni.physx.plugin] Invalid PhysX transform detected for /World/Stem/Stress_50_06.
2026-07-23 09:52:12 [14,046ms] [Warning] [omni.physx.plugin] Invalid PhysX transform detected for /World/Stem/Stress_50_07.
2026-07-23 09:52:12 [14,046ms] [Warning] [omni.physx.plugin] Invalid PhysX transform detected for /World/Stem/Stress_50_08.
2026-07-23 09:52:12 [14,046ms] [Warning] [omni.physx.plugin] Invalid PhysX transform detected for /World/Stem/Stress_50_09.
2026-07-23 09:52:12 [14,046ms] [Warning] [omni.physx.plugin] Invalid PhysX transform detected for /World/Stem/Stress_50_10.
2026-07-23 09:52:12 [14,046ms] [Warning] [omni.physx.plugin] Invalid PhysX transform detected for /World/Stem/Stress_50_11.
2026-07-23 09:52:12 [14,046ms] [Warning] [omni.physx.plugin] Invalid PhysX transform detected for /World/Stem/Stress_50_12.
2026-07-23 09:52:12 [14,046ms] [Warning] [omni.physx.plugin] Invalid PhysX transform detected for /World/Stem/Stress_50_13.
2026-07-23 09:52:12 [14,046ms] [Warning] [omni.physx.plugin] Invalid PhysX transform detected for /World/Stem/Stress_50_14.
2026-07-23 09:52:12 [14,046ms] [Warning] [omni.physx.plugin] Invalid PhysX transform detected for /World/Stem/Stress_50_15.
2026-07-23 09:52:12 [14,046ms] [Warning] [omni.physx.plugin] Invalid PhysX transform detected for /World/Stem/Stress_50_16.
2026-07-23 09:52:12 [14,046ms] [Warning] [omni.physx.plugin] Invalid PhysX transform detected for /World/Stem/Stress_50_17.
2026-07-23 09:52:12 [14,046ms] [Warning] [omni.physx.plugin] Invalid PhysX transform detected for /World/Stem/Stress_50_18.
2026-07-23 09:52:12 [14,046ms] [Warning] [omni.physx.plugin] Invalid PhysX transform detected for /World/Stem/Stress_50_19.
2026-07-23 09:52:12 [14,046ms] [Warning] [omni.physx.plugin] Invalid PhysX transform detected for /World/Stem/Stress_50_20.
2026-07-23 09:52:12 [14,046ms] [Warning] [omni.physx.plugin] Invalid PhysX transform detected for /World/Stem/Stress_50_21.
2026-07-23 09:52:12 [14,046ms] [Warning] [omni.physx.plugin] Invalid PhysX transform detected for /World/Stem/Stress_50_22.
2026-07-23 09:52:12 [14,046ms] [Warning] [omni.physx.plugin] Invalid PhysX transform detected for /World/Stem/Stress_50_23.
2026-07-23 09:52:12 [14,046ms] [Warning] [omni.physx.plugin] Invalid PhysX transform detected for /World/Stem/Stress_50_24.
2026-07-23 09:52:12 [14,046ms] [Warning] [omni.physx.plugin] Invalid PhysX transform detected for /World/Stem/Stress_50_25.
2026-07-23 09:52:12 [14,046ms] [Warning] [omni.physx.plugin] Invalid PhysX transform detected for /World/Stem/Stress_50_26.
2026-07-23 09:52:12 [14,046ms] [Warning] [omni.physx.plugin] Invalid PhysX transform detected for /World/Stem/Stress_50_27.
2026-07-23 09:52:12 [14,046ms] [Warning] [omni.physx.plugin] Invalid PhysX transform detected for /World/Stem/Stress_50_28.
2026-07-23 09:52:12 [14,046ms] [Warning] [omni.physx.plugin] Invalid PhysX transform detected for /World/Stem/Stress_50_29.
2026-07-23 09:52:12 [14,046ms] [Warning] [omni.physx.plugin] Invalid PhysX transform detected for /World/Stem/Stress_50_30.
2026-07-23 09:52:12 [14,046ms] [Warning] [omni.physx.plugin] Invalid PhysX transform detected for /World/Stem/Stress_50_31.
2026-07-23 09:52:12 [14,046ms] [Warning] [omni.physx.plugin] Invalid PhysX transform detected for /World/Stem/Stress_50_32.
2026-07-23 09:52:12 [14,046ms] [Warning] [omni.physx.plugin] Invalid PhysX transform detected for /World/Stem/Stress_50_33.
2026-07-23 09:52:12 [14,046ms] [Warning] [omni.physx.plugin] Invalid PhysX transform detected for /World/Stem/Stress_50_34.
2026-07-23 09:52:12 [14,046ms] [Warning] [omni.physx.plugin] Invalid PhysX transform detected for /World/Stem/Stress_50_35.
2026-07-23 09:52:12 [14,046ms] [Warning] [omni.physx.plugin] Invalid PhysX transform detected for /World/Stem/Stress_50_36.
2026-07-23 09:52:12 [14,046ms] [Warning] [omni.physx.plugin] Invalid PhysX transform detected for /World/Stem/Stress_50_37.
2026-07-23 09:52:12 [14,046ms] [Warning] [omni.physx.plugin] Invalid PhysX transform detected for /World/Stem/Stress_50_38.
2026-07-23 09:52:12 [14,046ms] [Warning] [omni.physx.plugin] Invalid PhysX transform detected for /World/Stem/Stress_50_39.
2026-07-23 09:52:12 [14,046ms] [Warning] [omni.physx.plugin] Invalid PhysX transform detected for /World/Stem/Stress_50_40.
2026-07-23 09:52:12 [14,046ms] [Warning] [omni.physx.plugin] Invalid PhysX transform detected for /World/Stem/Stress_50_41.
2026-07-23 09:52:12 [14,046ms] [Warning] [omni.physx.plugin] Invalid PhysX transform detected for /World/Stem/Stress_50_42.
2026-07-23 09:52:12 [14,046ms] [Warning] [omni.physx.plugin] Invalid PhysX transform detected for /World/Stem/Stress_50_43.
2026-07-23 09:52:12 [14,046ms] [Warning] [omni.physx.plugin] Invalid PhysX transform detected for /World/Stem/Stress_50_44.
2026-07-23 09:52:12 [14,046ms] [Warning] [omni.physx.plugin] Invalid PhysX transform detected for /World/Stem/Stress_50_45.
2026-07-23 09:52:12 [14,046ms] [Warning] [omni.physx.plugin] Invalid PhysX transform detected for /World/Stem/Stress_50_46.
2026-07-23 09:52:12 [14,046ms] [Warning] [omni.physx.plugin] Invalid PhysX transform detected for /World/Stem/Stress_50_47.
2026-07-23 09:52:12 [14,046ms] [Warning] [omni.physx.plugin] Invalid PhysX transform detected for /World/Stem/Stress_50_48.
2026-07-23 09:52:12 [14,046ms] [Warning] [omni.physx.plugin] Invalid PhysX transform detected for /World/Stem/Stress_50_49.
2026-07-23 09:52:12 [14,046ms] [Warning] [omni.physx.plugin] Invalid PhysX transform detected for /World/Stem/Fruit_Stress_50_base.
2026-07-23 09:52:12 [14,046ms] [Warning] [omni.physx.plugin] Invalid PhysX transform detected for /World/Stem/Fruit_Stress_50_tip.
2026-07-23 09:52:12 [14,046ms] [Warning] [omni.physx.plugin] Invalid PhysX transform detected for /World/Stem/Fruit_Stress_50.
2026-07-23 09:52:12 [14,064ms] [Warning] [omni.physx.plugin] Invalid PhysX transform detected for /World/Stem/Stress_50_00.
2026-07-23 09:52:12 [14,064ms] [Warning] [omni.physx.plugin] Invalid PhysX transform detected for /World/Stem/Stress_50_01.
2026-07-23 09:52:12 [14,064ms] [Warning] [omni.physx.plugin] Invalid PhysX transform detected for /World/Stem/Stress_50_02.
2026-07-23 09:52:12 [14,064ms] [Warning] [omni.physx.plugin] Invalid PhysX transform detected for /World/Stem/Stress_50_03.
2026-07-23 09:52:12 [14,064ms] [Warning] [omni.physx.plugin] Invalid PhysX transform detected for /World/Stem/Stress_50_04.
2026-07-23 09:52:12 [14,064ms] [Warning] [omni.physx.plugin] Invalid PhysX transform detected for /World/Stem/Stress_50_05.
2026-07-23 09:52:12 [14,064ms] [Warning] [omni.physx.plugin] Invalid PhysX transform detected for /World/Stem/Stress_50_06.
2026-07-23 09:52:12 [14,064ms] [Warning] [omni.physx.plugin] Invalid PhysX transform detected for /World/Stem/Stress_50_07.
2026-07-23 09:52:12 [14,064ms] [Warning] [omni.physx.plugin] Invalid PhysX transform detected for /World/Stem/Stress_50_08.
2026-07-23 09:52:12 [14,064ms] [Warning] [omni.physx.plugin] Invalid PhysX transform detected for /World/Stem/Stress_50_09.
2026-07-23 09:52:12 [14,064ms] [Warning] [omni.physx.plugin] Invalid PhysX transform detected for /World/Stem/Stress_50_10.
2026-07-23 09:52:12 [14,064ms] [Warning] [omni.physx.plugin] Invalid PhysX transform detected for /World/Stem/Stress_50_11.
2026-07-23 09:52:12 [14,064ms] [Warning] [omni.physx.plugin] Invalid PhysX transform detected for /World/Stem/Stress_50_12.
2026-07-23 09:52:12 [14,064ms] [Warning] [omni.physx.plugin] Invalid PhysX transform detected for /World/Stem/Stress_50_13.
2026-07-23 09:52:12 [14,064ms] [Warning] [omni.physx.plugin] Invalid PhysX transform detected for /World/Stem/Stress_50_14.
2026-07-23 09:52:12 [14,064ms] [Warning] [omni.physx.plugin] Invalid PhysX transform detected for /World/Stem/Stress_50_15.
2026-07-23 09:52:12 [14,064ms] [Warning] [omni.physx.plugin] Invalid PhysX transform detected for /World/Stem/Stress_50_16.
2026-07-23 09:52:12 [14,064ms] [Warning] [omni.physx.plugin] Invalid PhysX transform detected for /World/Stem/Stress_50_17.
2026-07-23 09:52:12 [14,064ms] [Warning] [omni.physx.plugin] Invalid PhysX transform detected for /World/Stem/Stress_50_18.
2026-07-23 09:52:12 [14,064ms] [Warning] [omni.physx.plugin] Invalid PhysX transform detected for /World/Stem/Stress_50_19.
2026-07-23 09:52:12 [14,064ms] [Warning] [omni.physx.plugin] Invalid PhysX transform detected for /World/Stem/Stress_50_20.
2026-07-23 09:52:12 [14,064ms] [Warning] [omni.physx.plugin] Invalid PhysX transform detected for /World/Stem/Stress_50_21.
2026-07-23 09:52:12 [14,064ms] [Warning] [omni.physx.plugin] Invalid PhysX transform detected for /World/Stem/Stress_50_22.
2026-07-23 09:52:12 [14,064ms] [Warning] [omni.physx.plugin] Invalid PhysX transform detected for /World/Stem/Stress_50_23.
2026-07-23 09:52:12 [14,064ms] [Warning] [omni.physx.plugin] Invalid PhysX transform detected for /World/Stem/Stress_50_24.
2026-07-23 09:52:12 [14,064ms] [Warning] [omni.physx.plugin] Invalid PhysX transform detected for /World/Stem/Stress_50_25.
2026-07-23 09:52:12 [14,064ms] [Warning] [omni.physx.plugin] Invalid PhysX transform detected for /World/Stem/Stress_50_26.
2026-07-23 09:52:12 [14,064ms] [Warning] [omni.physx.plugin] Invalid PhysX transform detected for /World/Stem/Stress_50_27.
2026-07-23 09:52:12 [14,064ms] [Warning] [omni.physx.plugin] Invalid PhysX transform detected for /World/Stem/Stress_50_28.
2026-07-23 09:52:12 [14,064ms] [Warning] [omni.physx.plugin] Invalid PhysX transform detected for /World/Stem/Stress_50_29.
2026-07-23 09:52:12 [14,064ms] [Warning] [omni.physx.plugin] Invalid PhysX transform detected for /World/Stem/Stress_50_30.
2026-07-23 09:52:12 [14,064ms] [Warning] [omni.physx.plugin] Invalid PhysX transform detected for /World/Stem/Stress_50_31.
2026-07-23 09:52:12 [14,064ms] [Warning] [omni.physx.plugin] Invalid PhysX transform detected for /World/Stem/Stress_50_32.
2026-07-23 09:52:12 [14,064ms] [Warning] [omni.physx.plugin] Invalid PhysX transform detected for /World/Stem/Stress_50_33.
2026-07-23 09:52:12 [14,064ms] [Warning] [omni.physx.plugin] Invalid PhysX transform detected for /World/Stem/Stress_50_34.
2026-07-23 09:52:12 [14,064ms] [Warning] [omni.physx.plugin] Invalid PhysX transform detected for /World/Stem/Stress_50_35.
2026-07-23 09:52:12 [14,064ms] [Warning] [omni.physx.plugin] Invalid PhysX transform detected for /World/Stem/Stress_50_36.
2026-07-23 09:52:12 [14,064ms] [Warning] [omni.physx.plugin] Invalid PhysX transform detected for /World/Stem/Stress_50_37.
2026-07-23 09:52:12 [14,064ms] [Warning] [omni.physx.plugin] Invalid PhysX transform detected for /World/Stem/Stress_50_38.
2026-07-23 09:52:12 [14,064ms] [Warning] [omni.physx.plugin] Invalid PhysX transform detected for /World/Stem/Stress_50_39.
2026-07-23 09:52:12 [14,064ms] [Warning] [omni.physx.plugin] Invalid PhysX transform detected for /World/Stem/Stress_50_40.
2026-07-23 09:52:12 [14,064ms] [Warning] [omni.physx.plugin] Invalid PhysX transform detected for /World/Stem/Stress_50_41.
2026-07-23 09:52:12 [14,064ms] [Warning] [omni.physx.plugin] Invalid PhysX transform detected for /World/Stem/Stress_50_42.
2026-07-23 09:52:12 [14,064ms] [Warning] [omni.physx.plugin] Invalid PhysX transform detected for /World/Stem/Stress_50_43.
2026-07-23 09:52:12 [14,064ms] [Warning] [omni.physx.plugin] Invalid PhysX transform detected for /World/Stem/Stress_50_44.
2026-07-23 09:52:12 [14,064ms] [Warning] [omni.physx.plugin] Invalid PhysX transform detected for /World/Stem/Stress_50_45.
2026-07-23 09:52:12 [14,064ms] [Warning] [omni.physx.plugin] Invalid PhysX transform detected for /World/Stem/Stress_50_46.
2026-07-23 09:52:12 [14,064ms] [Warning] [omni.physx.plugin] Invalid PhysX transform detected for /World/Stem/Stress_50_47.
2026-07-23 09:52:12 [14,064ms] [Warning] [omni.physx.plugin] Invalid PhysX transform detected for /World/Stem/Stress_50_48.
2026-07-23 09:52:12 [14,064ms] [Warning] [omni.physx.plugin] Invalid PhysX transform detected for /World/Stem/Stress_50_49.
2026-07-23 09:52:12 [14,064ms] [Warning] [omni.physx.plugin] Invalid PhysX transform detected for /World/Stem/Fruit_Stress_50_base.
2026-07-23 09:52:12 [14,064ms] [Warning] [omni.physx.plugin] Invalid PhysX transform detected for /World/Stem/Fruit_Stress_50_tip.
2026-07-23 09:52:12 [14,064ms] [Warning] [omni.physx.plugin] Invalid PhysX transform detected for /World/Stem/Fruit_Stress_50.
2026-07-23 09:52:12 [14,083ms] [Warning] [omni.physx.plugin] Invalid PhysX transform detected for /World/Stem/Stress_50_00.
2026-07-23 09:52:12 [14,083ms] [Warning] [omni.physx.plugin] Invalid PhysX transform detected for /World/Stem/Stress_50_01.
2026-07-23 09:52:12 [14,083ms] [Warning] [omni.physx.plugin] Invalid PhysX transform detected for /World/Stem/Stress_50_02.
2026-07-23 09:52:12 [14,083ms] [Warning] [omni.physx.plugin] Invalid PhysX transform detected for /World/Stem/Stress_50_03.
2026-07-23 09:52:12 [14,083ms] [Warning] [omni.physx.plugin] Invalid PhysX transform detected for /World/Stem/Stress_50_04.
2026-07-23 09:52:12 [14,083ms] [Warning] [omni.physx.plugin] Invalid PhysX transform detected for /World/Stem/Stress_50_05.
2026-07-23 09:52:12 [14,083ms] [Warning] [omni.physx.plugin] Invalid PhysX transform detected for /World/Stem/Stress_50_06.
2026-07-23 09:52:12 [14,083ms] [Warning] [omni.physx.plugin] Invalid PhysX transform detected for /World/Stem/Stress_50_07.
2026-07-23 09:52:12 [14,083ms] [Warning] [omni.physx.plugin] Invalid PhysX transform detected for /World/Stem/Stress_50_08.
2026-07-23 09:52:12 [14,083ms] [Warning] [omni.physx.plugin] Invalid PhysX transform detected for /World/Stem/Stress_50_09.
2026-07-23 09:52:12 [14,083ms] [Warning] [omni.physx.plugin] Invalid PhysX transform detected for /World/Stem/Stress_50_10.
2026-07-23 09:52:12 [14,083ms] [Warning] [omni.physx.plugin] Invalid PhysX transform detected for /World/Stem/Stress_50_11.
2026-07-23 09:52:12 [14,083ms] [Warning] [omni.physx.plugin] Invalid PhysX transform detected for /World/Stem/Stress_50_12.
2026-07-23 09:52:12 [14,083ms] [Warning] [omni.physx.plugin] Invalid PhysX transform detected for /World/Stem/Stress_50_13.
2026-07-23 09:52:12 [14,083ms] [Warning] [omni.physx.plugin] Invalid PhysX transform detected for /World/Stem/Stress_50_14.
2026-07-23 09:52:12 [14,083ms] [Warning] [omni.physx.plugin] Invalid PhysX transform detected for /World/Stem/Stress_50_15.
2026-07-23 09:52:12 [14,083ms] [Warning] [omni.physx.plugin] Invalid PhysX transform detected for /World/Stem/Stress_50_16.
2026-07-23 09:52:12 [14,083ms] [Warning] [omni.physx.plugin] Invalid PhysX transform detected for /World/Stem/Stress_50_17.
2026-07-23 09:52:12 [14,083ms] [Warning] [omni.physx.plugin] Invalid PhysX transform detected for /World/Stem/Stress_50_18.
2026-07-23 09:52:12 [14,083ms] [Warning] [omni.physx.plugin] Invalid PhysX transform detected for /World/Stem/Stress_50_19.
2026-07-23 09:52:12 [14,083ms] [Warning] [omni.physx.plugin] Invalid PhysX transform detected for /World/Stem/Stress_50_20.
2026-07-23 09:52:12 [14,083ms] [Warning] [omni.physx.plugin] Invalid PhysX transform detected for /World/Stem/Stress_50_21.
2026-07-23 09:52:12 [14,083ms] [Warning] [omni.physx.plugin] Invalid PhysX transform detected for /World/Stem/Stress_50_22.
2026-07-23 09:52:12 [14,083ms] [Warning] [omni.physx.plugin] Invalid PhysX transform detected for /World/Stem/Stress_50_23.
2026-07-23 09:52:12 [14,083ms] [Warning] [omni.physx.plugin] Invalid PhysX transform detected for /World/Stem/Stress_50_24.
2026-07-23 09:52:12 [14,083ms] [Warning] [omni.physx.plugin] Invalid PhysX transform detected for /World/Stem/Stress_50_25.
2026-07-23 09:52:12 [14,083ms] [Warning] [omni.physx.plugin] Invalid PhysX transform detected for /World/Stem/Stress_50_26.
2026-07-23 09:52:12 [14,083ms] [Warning] [omni.physx.plugin] Invalid PhysX transform detected for /World/Stem/Stress_50_27.
2026-07-23 09:52:12 [14,083ms] [Warning] [omni.physx.plugin] Invalid PhysX transform detected for /World/Stem/Stress_50_28.
2026-07-23 09:52:12 [14,083ms] [Warning] [omni.physx.plugin] Invalid PhysX transform detected for /World/Stem/Stress_50_29.
2026-07-23 09:52:12 [14,083ms] [Warning] [omni.physx.plugin] Invalid PhysX transform detected for /World/Stem/Stress_50_30.
2026-07-23 09:52:12 [14,083ms] [Warning] [omni.physx.plugin] Invalid PhysX transform detected for /World/Stem/Stress_50_31.
2026-07-23 09:52:12 [14,083ms] [Warning] [omni.physx.plugin] Invalid PhysX transform detected for /World/Stem/Stress_50_32.
2026-07-23 09:52:12 [14,083ms] [Warning] [omni.physx.plugin] Invalid PhysX transform detected for /World/Stem/Stress_50_33.
2026-07-23 09:52:12 [14,083ms] [Warning] [omni.physx.plugin] Invalid PhysX transform detected for /World/Stem/Stress_50_34.
2026-07-23 09:52:12 [14,083ms] [Warning] [omni.physx.plugin] Invalid PhysX transform detected for /World/Stem/Stress_50_35.
2026-07-23 09:52:12 [14,083ms] [Warning] [omni.physx.plugin] Invalid PhysX transform detected for /World/Stem/Stress_50_36.
2026-07-23 09:52:12 [14,083ms] [Warning] [omni.physx.plugin] Invalid PhysX transform detected for /World/Stem/Stress_50_37.
2026-07-23 09:52:12 [14,083ms] [Warning] [omni.physx.plugin] Invalid PhysX transform detected for /World/Stem/Stress_50_38.
2026-07-23 09:52:12 [14,083ms] [Warning] [omni.physx.plugin] Invalid PhysX transform detected for /World/Stem/Stress_50_39.
2026-07-23 09:52:12 [14,083ms] [Warning] [omni.physx.plugin] Invalid PhysX transform detected for /World/Stem/Stress_50_40.
2026-07-23 09:52:12 [14,083ms] [Warning] [omni.physx.plugin] Invalid PhysX transform detected for /World/Stem/Stress_50_41.
2026-07-23 09:52:12 [14,083ms] [Warning] [omni.physx.plugin] Invalid PhysX transform detected for /World/Stem/Stress_50_42.
2026-07-23 09:52:12 [14,083ms] [Warning] [omni.physx.plugin] Invalid PhysX transform detected for /World/Stem/Stress_50_43.
2026-07-23 09:52:12 [14,083ms] [Warning] [omni.physx.plugin] Invalid PhysX transform detected for /World/Stem/Stress_50_44.
2026-07-23 09:52:12 [14,083ms] [Warning] [omni.physx.plugin] Invalid PhysX transform detected for /World/Stem/Stress_50_45.
2026-07-23 09:52:12 [14,083ms] [Warning] [omni.physx.plugin] Invalid PhysX transform detected for /World/Stem/Stress_50_46.
2026-07-23 09:52:12 [14,083ms] [Warning] [omni.physx.plugin] Invalid PhysX transform detected for /World/Stem/Stress_50_47.
2026-07-23 09:52:12 [14,083ms] [Warning] [omni.physx.plugin] Invalid PhysX transform detected for /World/Stem/Stress_50_48.
2026-07-23 09:52:12 [14,083ms] [Warning] [omni.physx.plugin] Invalid PhysX transform detected for /World/Stem/Stress_50_49.
2026-07-23 09:52:12 [14,083ms] [Warning] [omni.physx.plugin] Invalid PhysX transform detected for /World/Stem/Fruit_Stress_50_base.
2026-07-23 09:52:12 [14,083ms] [Warning] [omni.physx.plugin] Invalid PhysX transform detected for /World/Stem/Fruit_Stress_50_tip.
2026-07-23 09:52:12 [14,083ms] [Warning] [omni.physx.plugin] Invalid PhysX transform detected for /World/Stem/Fruit_Stress_50.
2026-07-23 09:52:12 [14,102ms] [Warning] [omni.physx.plugin] Invalid PhysX transform detected for /World/Stem/Stress_50_00.
2026-07-23 09:52:12 [14,102ms] [Warning] [omni.physx.plugin] Invalid PhysX transform detected for /World/Stem/Stress_50_01.
2026-07-23 09:52:12 [14,102ms] [Warning] [omni.physx.plugin] Invalid PhysX transform detected for /World/Stem/Stress_50_02.
2026-07-23 09:52:12 [14,102ms] [Warning] [omni.physx.plugin] Invalid PhysX transform detected for /World/Stem/Stress_50_03.
2026-07-23 09:52:12 [14,102ms] [Warning] [omni.physx.plugin] Invalid PhysX transform detected for /World/Stem/Stress_50_04.
2026-07-23 09:52:12 [14,102ms] [Warning] [omni.physx.plugin] Invalid PhysX transform detected for /World/Stem/Stress_50_05.
2026-07-23 09:52:12 [14,102ms] [Warning] [omni.physx.plugin] Invalid PhysX transform detected for /World/Stem/Stress_50_06.
2026-07-23 09:52:12 [14,102ms] [Warning] [omni.physx.plugin] Invalid PhysX transform detected for /World/Stem/Stress_50_07.
2026-07-23 09:52:12 [14,102ms] [Warning] [omni.physx.plugin] Invalid PhysX transform detected for /World/Stem/Stress_50_08.
2026-07-23 09:52:12 [14,102ms] [Warning] [omni.physx.plugin] Invalid PhysX transform detected for /World/Stem/Stress_50_09.
2026-07-23 09:52:12 [14,102ms] [Warning] [omni.physx.plugin] Invalid PhysX transform detected for /World/Stem/Stress_50_10.
2026-07-23 09:52:12 [14,102ms] [Warning] [omni.physx.plugin] Invalid PhysX transform detected for /World/Stem/Stress_50_11.
2026-07-23 09:52:12 [14,102ms] [Warning] [omni.physx.plugin] Invalid PhysX transform detected for /World/Stem/Stress_50_12.
2026-07-23 09:52:12 [14,102ms] [Warning] [omni.physx.plugin] Invalid PhysX transform detected for /World/Stem/Stress_50_13.
2026-07-23 09:52:12 [14,102ms] [Warning] [omni.physx.plugin] Invalid PhysX transform detected for /World/Stem/Stress_50_14.
2026-07-23 09:52:12 [14,102ms] [Warning] [omni.physx.plugin] Invalid PhysX transform detected for /World/Stem/Stress_50_15.
2026-07-23 09:52:12 [14,102ms] [Warning] [omni.physx.plugin] Invalid PhysX transform detected for /World/Stem/Stress_50_16.
2026-07-23 09:52:12 [14,102ms] [Warning] [omni.physx.plugin] Invalid PhysX transform detected for /World/Stem/Stress_50_17.
2026-07-23 09:52:12 [14,102ms] [Warning] [omni.physx.plugin] Invalid PhysX transform detected for /World/Stem/Stress_50_18.
2026-07-23 09:52:12 [14,102ms] [Warning] [omni.physx.plugin] Invalid PhysX transform detected for /World/Stem/Stress_50_19.
2026-07-23 09:52:12 [14,102ms] [Warning] [omni.physx.plugin] Invalid PhysX transform detected for /World/Stem/Stress_50_20.
2026-07-23 09:52:12 [14,102ms] [Warning] [omni.physx.plugin] Invalid PhysX transform detected for /World/Stem/Stress_50_21.
2026-07-23 09:52:12 [14,102ms] [Warning] [omni.physx.plugin] Invalid PhysX transform detected for /World/Stem/Stress_50_22.
2026-07-23 09:52:12 [14,102ms] [Warning] [omni.physx.plugin] Invalid PhysX transform detected for /World/Stem/Stress_50_23.
2026-07-23 09:52:12 [14,102ms] [Warning] [omni.physx.plugin] Invalid PhysX transform detected for /World/Stem/Stress_50_24.
2026-07-23 09:52:12 [14,102ms] [Warning] [omni.physx.plugin] Invalid PhysX transform detected for /World/Stem/Stress_50_25.
2026-07-23 09:52:12 [14,102ms] [Warning] [omni.physx.plugin] Invalid PhysX transform detected for /World/Stem/Stress_50_26.
2026-07-23 09:52:12 [14,102ms] [Warning] [omni.physx.plugin] Invalid PhysX transform detected for /World/Stem/Stress_50_27.
2026-07-23 09:52:12 [14,102ms] [Warning] [omni.physx.plugin] Invalid PhysX transform detected for /World/Stem/Stress_50_28.
2026-07-23 09:52:12 [14,102ms] [Warning] [omni.physx.plugin] Invalid PhysX transform detected for /World/Stem/Stress_50_29.
2026-07-23 09:52:12 [14,102ms] [Warning] [omni.physx.plugin] Invalid PhysX transform detected for /World/Stem/Stress_50_30.
2026-07-23 09:52:12 [14,102ms] [Warning] [omni.physx.plugin] Invalid PhysX transform detected for /World/Stem/Stress_50_31.
2026-07-23 09:52:12 [14,102ms] [Warning] [omni.physx.plugin] Invalid PhysX transform detected for /World/Stem/Stress_50_32.
2026-07-23 09:52:12 [14,102ms] [Warning] [omni.physx.plugin] Invalid PhysX transform detected for /World/Stem/Stress_50_33.
2026-07-23 09:52:12 [14,102ms] [Warning] [omni.physx.plugin] Invalid PhysX transform detected for /World/Stem/Stress_50_34.
2026-07-23 09:52:12 [14,102ms] [Warning] [omni.physx.plugin] Invalid PhysX transform detected for /World/Stem/Stress_50_35.
2026-07-23 09:52:12 [14,102ms] [Warning] [omni.physx.plugin] Invalid PhysX transform detected for /World/Stem/Stress_50_36.
2026-07-23 09:52:12 [14,102ms] [Warning] [omni.physx.plugin] Invalid PhysX transform detected for /World/Stem/Stress_50_37.
2026-07-23 09:52:12 [14,102ms] [Warning] [omni.physx.plugin] Invalid PhysX transform detected for /World/Stem/Stress_50_38.
2026-07-23 09:52:12 [14,102ms] [Warning] [omni.physx.plugin] Invalid PhysX transform detected for /World/Stem/Stress_50_39.
2026-07-23 09:52:12 [14,102ms] [Warning] [omni.physx.plugin] Invalid PhysX transform detected for /World/Stem/Stress_50_40.
2026-07-23 09:52:12 [14,102ms] [Warning] [omni.physx.plugin] Invalid PhysX transform detected for /World/Stem/Stress_50_41.
2026-07-23 09:52:12 [14,102ms] [Warning] [omni.physx.plugin] Invalid PhysX transform detected for /World/Stem/Stress_50_42.
2026-07-23 09:52:12 [14,102ms] [Warning] [omni.physx.plugin] Invalid PhysX transform detected for /World/Stem/Stress_50_43.
2026-07-23 09:52:12 [14,102ms] [Warning] [omni.physx.plugin] Invalid PhysX transform detected for /World/Stem/Stress_50_44.
2026-07-23 09:52:12 [14,102ms] [Warning] [omni.physx.plugin] Invalid PhysX transform detected for /World/Stem/Stress_50_45.
2026-07-23 09:52:12 [14,102ms] [Warning] [omni.physx.plugin] Invalid PhysX transform detected for /World/Stem/Stress_50_46.
2026-07-23 09:52:12 [14,102ms] [Warning] [omni.physx.plugin] Invalid PhysX transform detected for /World/Stem/Stress_50_47.
2026-07-23 09:52:12 [14,102ms] [Warning] [omni.physx.plugin] Invalid PhysX transform detected for /World/Stem/Stress_50_48.
2026-07-23 09:52:12 [14,102ms] [Warning] [omni.physx.plugin] Invalid PhysX transform detected for /World/Stem/Stress_50_49.
2026-07-23 09:52:12 [14,102ms] [Warning] [omni.physx.plugin] Invalid PhysX transform detected for /World/Stem/Fruit_Stress_50_base.
2026-07-23 09:52:12 [14,102ms] [Warning] [omni.physx.plugin] Invalid PhysX transform detected for /World/Stem/Fruit_Stress_50_tip.
2026-07-23 09:52:12 [14,102ms] [Warning] [omni.physx.plugin] Invalid PhysX transform detected for /World/Stem/Fruit_Stress_50.
2026-07-23 09:52:12 [14,120ms] [Warning] [omni.physx.plugin] Invalid PhysX transform detected for /World/Stem/Stress_50_00.
2026-07-23 09:52:12 [14,120ms] [Warning] [omni.physx.plugin] Invalid PhysX transform detected for /World/Stem/Stress_50_01.
2026-07-23 09:52:12 [14,120ms] [Warning] [omni.physx.plugin] Invalid PhysX transform detected for /World/Stem/Stress_50_02.
2026-07-23 09:52:12 [14,120ms] [Warning] [omni.physx.plugin] Invalid PhysX transform detected for /World/Stem/Stress_50_03.
2026-07-23 09:52:12 [14,120ms] [Warning] [omni.physx.plugin] Invalid PhysX transform detected for /World/Stem/Stress_50_04.
2026-07-23 09:52:12 [14,120ms] [Warning] [omni.physx.plugin] Invalid PhysX transform detected for /World/Stem/Stress_50_05.
2026-07-23 09:52:12 [14,120ms] [Warning] [omni.physx.plugin] Invalid PhysX transform detected for /World/Stem/Stress_50_06.
2026-07-23 09:52:12 [14,120ms] [Warning] [omni.physx.plugin] Invalid PhysX transform detected for /World/Stem/Stress_50_07.
2026-07-23 09:52:12 [14,120ms] [Warning] [omni.physx.plugin] Invalid PhysX transform detected for /World/Stem/Stress_50_08.
2026-07-23 09:52:12 [14,120ms] [Warning] [omni.physx.plugin] Invalid PhysX transform detected for /World/Stem/Stress_50_09.
2026-07-23 09:52:12 [14,120ms] [Warning] [omni.physx.plugin] Invalid PhysX transform detected for /World/Stem/Stress_50_10.
2026-07-23 09:52:12 [14,120ms] [Warning] [omni.physx.plugin] Invalid PhysX transform detected for /World/Stem/Stress_50_11.
2026-07-23 09:52:12 [14,120ms] [Warning] [omni.physx.plugin] Invalid PhysX transform detected for /World/Stem/Stress_50_12.
2026-07-23 09:52:12 [14,120ms] [Warning] [omni.physx.plugin] Invalid PhysX transform detected for /World/Stem/Stress_50_13.
2026-07-23 09:52:12 [14,120ms] [Warning] [omni.physx.plugin] Invalid PhysX transform detected for /World/Stem/Stress_50_14.
2026-07-23 09:52:12 [14,120ms] [Warning] [omni.physx.plugin] Invalid PhysX transform detected for /World/Stem/Stress_50_15.
2026-07-23 09:52:12 [14,120ms] [Warning] [omni.physx.plugin] Invalid PhysX transform detected for /World/Stem/Stress_50_16.
2026-07-23 09:52:12 [14,120ms] [Warning] [omni.physx.plugin] Invalid PhysX transform detected for /World/Stem/Stress_50_17.
2026-07-23 09:52:12 [14,120ms] [Warning] [omni.physx.plugin] Invalid PhysX transform detected for /World/Stem/Stress_50_18.
2026-07-23 09:52:12 [14,120ms] [Warning] [omni.physx.plugin] Invalid PhysX transform detected for /World/Stem/Stress_50_19.
2026-07-23 09:52:12 [14,120ms] [Warning] [omni.physx.plugin] Invalid PhysX transform detected for /World/Stem/Stress_50_20.
2026-07-23 09:52:12 [14,120ms] [Warning] [omni.physx.plugin] Invalid PhysX transform detected for /World/Stem/Stress_50_21.
2026-07-23 09:52:12 [14,120ms] [Warning] [omni.physx.plugin] Invalid PhysX transform detected for /World/Stem/Stress_50_22.
2026-07-23 09:52:12 [14,120ms] [Warning] [omni.physx.plugin] Invalid PhysX transform detected for /World/Stem/Stress_50_23.
2026-07-23 09:52:12 [14,120ms] [Warning] [omni.physx.plugin] Invalid PhysX transform detected for /World/Stem/Stress_50_24.
2026-07-23 09:52:12 [14,120ms] [Warning] [omni.physx.plugin] Invalid PhysX transform detected for /World/Stem/Stress_50_25.
2026-07-23 09:52:12 [14,120ms] [Warning] [omni.physx.plugin] Invalid PhysX transform detected for /World/Stem/Stress_50_26.
2026-07-23 09:52:12 [14,120ms] [Warning] [omni.physx.plugin] Invalid PhysX transform detected for /World/Stem/Stress_50_27.
2026-07-23 09:52:12 [14,120ms] [Warning] [omni.physx.plugin] Invalid PhysX transform detected for /World/Stem/Stress_50_28.
2026-07-23 09:52:12 [14,120ms] [Warning] [omni.physx.plugin] Invalid PhysX transform detected for /World/Stem/Stress_50_29.
2026-07-23 09:52:12 [14,120ms] [Warning] [omni.physx.plugin] Invalid PhysX transform detected for /World/Stem/Stress_50_30.
2026-07-23 09:52:12 [14,120ms] [Warning] [omni.physx.plugin] Invalid PhysX transform detected for /World/Stem/Stress_50_31.
2026-07-23 09:52:12 [14,120ms] [Warning] [omni.physx.plugin] Invalid PhysX transform detected for /World/Stem/Stress_50_32.
2026-07-23 09:52:12 [14,120ms] [Warning] [omni.physx.plugin] Invalid PhysX transform detected for /World/Stem/Stress_50_33.
2026-07-23 09:52:12 [14,120ms] [Warning] [omni.physx.plugin] Invalid PhysX transform detected for /World/Stem/Stress_50_34.
2026-07-23 09:52:12 [14,120ms] [Warning] [omni.physx.plugin] Invalid PhysX transform detected for /World/Stem/Stress_50_35.
2026-07-23 09:52:12 [14,120ms] [Warning] [omni.physx.plugin] Invalid PhysX transform detected for /World/Stem/Stress_50_36.
2026-07-23 09:52:12 [14,120ms] [Warning] [omni.physx.plugin] Invalid PhysX transform detected for /World/Stem/Stress_50_37.
2026-07-23 09:52:12 [14,120ms] [Warning] [omni.physx.plugin] Invalid PhysX transform detected for /World/Stem/Stress_50_38.
2026-07-23 09:52:12 [14,120ms] [Warning] [omni.physx.plugin] Invalid PhysX transform detected for /World/Stem/Stress_50_39.
2026-07-23 09:52:12 [14,120ms] [Warning] [omni.physx.plugin] Invalid PhysX transform detected for /World/Stem/Stress_50_40.
2026-07-23 09:52:12 [14,120ms] [Warning] [omni.physx.plugin] Invalid PhysX transform detected for /World/Stem/Stress_50_41.
2026-07-23 09:52:12 [14,120ms] [Warning] [omni.physx.plugin] Invalid PhysX transform detected for /World/Stem/Stress_50_42.
2026-07-23 09:52:12 [14,120ms] [Warning] [omni.physx.plugin] Invalid PhysX transform detected for /World/Stem/Stress_50_43.
2026-07-23 09:52:12 [14,120ms] [Warning] [omni.physx.plugin] Invalid PhysX transform detected for /World/Stem/Stress_50_44.
2026-07-23 09:52:12 [14,120ms] [Warning] [omni.physx.plugin] Invalid PhysX transform detected for /World/Stem/Stress_50_45.
2026-07-23 09:52:12 [14,120ms] [Warning] [omni.physx.plugin] Invalid PhysX transform detected for /World/Stem/Stress_50_46.
2026-07-23 09:52:12 [14,120ms] [Warning] [omni.physx.plugin] Invalid PhysX transform detected for /World/Stem/Stress_50_47.
2026-07-23 09:52:12 [14,120ms] [Warning] [omni.physx.plugin] Invalid PhysX transform detected for /World/Stem/Stress_50_48.
2026-07-23 09:52:12 [14,120ms] [Warning] [omni.physx.plugin] Invalid PhysX transform detected for /World/Stem/Stress_50_49.
2026-07-23 09:52:12 [14,120ms] [Warning] [omni.physx.plugin] Invalid PhysX transform detected for /World/Stem/Fruit_Stress_50_base.
2026-07-23 09:52:12 [14,120ms] [Warning] [omni.physx.plugin] Invalid PhysX transform detected for /World/Stem/Fruit_Stress_50_tip.
2026-07-23 09:52:12 [14,120ms] [Warning] [omni.physx.plugin] Invalid PhysX transform detected for /World/Stem/Fruit_Stress_50.
2026-07-23 09:52:12 [14,138ms] [Warning] [omni.physx.plugin] Invalid PhysX transform detected for /World/Stem/Stress_50_00.
2026-07-23 09:52:12 [14,138ms] [Warning] [omni.physx.plugin] Invalid PhysX transform detected for /World/Stem/Stress_50_01.
2026-07-23 09:52:12 [14,138ms] [Warning] [omni.physx.plugin] Invalid PhysX transform detected for /World/Stem/Stress_50_02.
2026-07-23 09:52:12 [14,138ms] [Warning] [omni.physx.plugin] Invalid PhysX transform detected for /World/Stem/Stress_50_03.
2026-07-23 09:52:12 [14,138ms] [Warning] [omni.physx.plugin] Invalid PhysX transform detected for /World/Stem/Stress_50_04.
2026-07-23 09:52:12 [14,138ms] [Warning] [omni.physx.plugin] Invalid PhysX transform detected for /World/Stem/Stress_50_05.
2026-07-23 09:52:12 [14,138ms] [Warning] [omni.physx.plugin] Invalid PhysX transform detected for /World/Stem/Stress_50_06.
2026-07-23 09:52:12 [14,138ms] [Warning] [omni.physx.plugin] Invalid PhysX transform detected for /World/Stem/Stress_50_07.
2026-07-23 09:52:12 [14,138ms] [Warning] [omni.physx.plugin] Invalid PhysX transform detected for /World/Stem/Stress_50_08.
2026-07-23 09:52:12 [14,138ms] [Warning] [omni.physx.plugin] Invalid PhysX transform detected for /World/Stem/Stress_50_09.
2026-07-23 09:52:12 [14,138ms] [Warning] [omni.physx.plugin] Invalid PhysX transform detected for /World/Stem/Stress_50_10.
2026-07-23 09:52:12 [14,138ms] [Warning] [omni.physx.plugin] Invalid PhysX transform detected for /World/Stem/Stress_50_11.
2026-07-23 09:52:12 [14,138ms] [Warning] [omni.physx.plugin] Invalid PhysX transform detected for /World/Stem/Stress_50_12.
2026-07-23 09:52:12 [14,138ms] [Warning] [omni.physx.plugin] Invalid PhysX transform detected for /World/Stem/Stress_50_13.
2026-07-23 09:52:12 [14,139ms] [Warning] [omni.physx.plugin] Invalid PhysX transform detected for /World/Stem/Stress_50_14.
2026-07-23 09:52:12 [14,139ms] [Warning] [omni.physx.plugin] Invalid PhysX transform detected for /World/Stem/Stress_50_15.
2026-07-23 09:52:12 [14,139ms] [Warning] [omni.physx.plugin] Invalid PhysX transform detected for /World/Stem/Stress_50_16.
2026-07-23 09:52:12 [14,139ms] [Warning] [omni.physx.plugin] Invalid PhysX transform detected for /World/Stem/Stress_50_17.
2026-07-23 09:52:12 [14,139ms] [Warning] [omni.physx.plugin] Invalid PhysX transform detected for /World/Stem/Stress_50_18.
2026-07-23 09:52:12 [14,139ms] [Warning] [omni.physx.plugin] Invalid PhysX transform detected for /World/Stem/Stress_50_19.
2026-07-23 09:52:12 [14,139ms] [Warning] [omni.physx.plugin] Invalid PhysX transform detected for /World/Stem/Stress_50_20.
2026-07-23 09:52:12 [14,139ms] [Warning] [omni.physx.plugin] Invalid PhysX transform detected for /World/Stem/Stress_50_21.
2026-07-23 09:52:12 [14,139ms] [Warning] [omni.physx.plugin] Invalid PhysX transform detected for /World/Stem/Stress_50_22.
2026-07-23 09:52:12 [14,139ms] [Warning] [omni.physx.plugin] Invalid PhysX transform detected for /World/Stem/Stress_50_23.
2026-07-23 09:52:12 [14,139ms] [Warning] [omni.physx.plugin] Invalid PhysX transform detected for /World/Stem/Stress_50_24.
2026-07-23 09:52:12 [14,139ms] [Warning] [omni.physx.plugin] Invalid PhysX transform detected for /World/Stem/Stress_50_25.
2026-07-23 09:52:12 [14,139ms] [Warning] [omni.physx.plugin] Invalid PhysX transform detected for /World/Stem/Stress_50_26.
2026-07-23 09:52:12 [14,139ms] [Warning] [omni.physx.plugin] Invalid PhysX transform detected for /World/Stem/Stress_50_27.
2026-07-23 09:52:12 [14,139ms] [Warning] [omni.physx.plugin] Invalid PhysX transform detected for /World/Stem/Stress_50_28.
2026-07-23 09:52:12 [14,139ms] [Warning] [omni.physx.plugin] Invalid PhysX transform detected for /World/Stem/Stress_50_29.
2026-07-23 09:52:12 [14,139ms] [Warning] [omni.physx.plugin] Invalid PhysX transform detected for /World/Stem/Stress_50_30.
2026-07-23 09:52:12 [14,139ms] [Warning] [omni.physx.plugin] Invalid PhysX transform detected for /World/Stem/Stress_50_31.
2026-07-23 09:52:12 [14,139ms] [Warning] [omni.physx.plugin] Invalid PhysX transform detected for /World/Stem/Stress_50_32.
2026-07-23 09:52:12 [14,139ms] [Warning] [omni.physx.plugin] Invalid PhysX transform detected for /World/Stem/Stress_50_33.
2026-07-23 09:52:12 [14,139ms] [Warning] [omni.physx.plugin] Invalid PhysX transform detected for /World/Stem/Stress_50_34.
2026-07-23 09:52:12 [14,139ms] [Warning] [omni.physx.plugin] Invalid PhysX transform detected for /World/Stem/Stress_50_35.
2026-07-23 09:52:12 [14,139ms] [Warning] [omni.physx.plugin] Invalid PhysX transform detected for /World/Stem/Stress_50_36.
2026-07-23 09:52:12 [14,139ms] [Warning] [omni.physx.plugin] Invalid PhysX transform detected for /World/Stem/Stress_50_37.
2026-07-23 09:52:12 [14,139ms] [Warning] [omni.physx.plugin] Invalid PhysX transform detected for /World/Stem/Stress_50_38.
2026-07-23 09:52:12 [14,139ms] [Warning] [omni.physx.plugin] Invalid PhysX transform detected for /World/Stem/Stress_50_39.
2026-07-23 09:52:12 [14,139ms] [Warning] [omni.physx.plugin] Invalid PhysX transform detected for /World/Stem/Stress_50_40.
2026-07-23 09:52:12 [14,139ms] [Warning] [omni.physx.plugin] Invalid PhysX transform detected for /World/Stem/Stress_50_41.
2026-07-23 09:52:12 [14,139ms] [Warning] [omni.physx.plugin] Invalid PhysX transform detected for /World/Stem/Stress_50_42.
2026-07-23 09:52:12 [14,139ms] [Warning] [omni.physx.plugin] Invalid PhysX transform detected for /World/Stem/Stress_50_43.
2026-07-23 09:52:12 [14,139ms] [Warning] [omni.physx.plugin] Invalid PhysX transform detected for /World/Stem/Stress_50_44.
2026-07-23 09:52:12 [14,139ms] [Warning] [omni.physx.plugin] Invalid PhysX transform detected for /World/Stem/Stress_50_45.
2026-07-23 09:52:12 [14,139ms] [Warning] [omni.physx.plugin] Invalid PhysX transform detected for /World/Stem/Stress_50_46.
2026-07-23 09:52:12 [14,139ms] [Warning] [omni.physx.plugin] Invalid PhysX transform detected for /World/Stem/Stress_50_47.
2026-07-23 09:52:12 [14,139ms] [Warning] [omni.physx.plugin] Invalid PhysX transform detected for /World/Stem/Stress_50_48.
2026-07-23 09:52:12 [14,139ms] [Warning] [omni.physx.plugin] Invalid PhysX transform detected for /World/Stem/Stress_50_49.
2026-07-23 09:52:12 [14,139ms] [Warning] [omni.physx.plugin] Invalid PhysX transform detected for /World/Stem/Fruit_Stress_50_base.
2026-07-23 09:52:12 [14,139ms] [Warning] [omni.physx.plugin] Invalid PhysX transform detected for /World/Stem/Fruit_Stress_50_tip.
2026-07-23 09:52:12 [14,139ms] [Warning] [omni.physx.plugin] Invalid PhysX transform detected for /World/Stem/Fruit_Stress_50.
2026-07-23 09:52:12 [14,157ms] [Warning] [omni.physx.plugin] Invalid PhysX transform detected for /World/Stem/Stress_50_00.
2026-07-23 09:52:12 [14,157ms] [Warning] [omni.physx.plugin] Invalid PhysX transform detected for /World/Stem/Stress_50_01.
2026-07-23 09:52:12 [14,157ms] [Warning] [omni.physx.plugin] Invalid PhysX transform detected for /World/Stem/Stress_50_02.
2026-07-23 09:52:12 [14,157ms] [Warning] [omni.physx.plugin] Invalid PhysX transform detected for /World/Stem/Stress_50_03.
2026-07-23 09:52:12 [14,157ms] [Warning] [omni.physx.plugin] Invalid PhysX transform detected for /World/Stem/Stress_50_04.
2026-07-23 09:52:12 [14,157ms] [Warning] [omni.physx.plugin] Invalid PhysX transform detected for /World/Stem/Stress_50_05.
2026-07-23 09:52:12 [14,157ms] [Warning] [omni.physx.plugin] Invalid PhysX transform detected for /World/Stem/Stress_50_06.
2026-07-23 09:52:12 [14,157ms] [Warning] [omni.physx.plugin] Invalid PhysX transform detected for /World/Stem/Stress_50_07.
2026-07-23 09:52:12 [14,157ms] [Warning] [omni.physx.plugin] Invalid PhysX transform detected for /World/Stem/Stress_50_08.
2026-07-23 09:52:12 [14,157ms] [Warning] [omni.physx.plugin] Invalid PhysX transform detected for /World/Stem/Stress_50_09.
2026-07-23 09:52:12 [14,157ms] [Warning] [omni.physx.plugin] Invalid PhysX transform detected for /World/Stem/Stress_50_10.
2026-07-23 09:52:12 [14,157ms] [Warning] [omni.physx.plugin] Invalid PhysX transform detected for /World/Stem/Stress_50_11.
2026-07-23 09:52:12 [14,157ms] [Warning] [omni.physx.plugin] Invalid PhysX transform detected for /World/Stem/Stress_50_12.
2026-07-23 09:52:12 [14,157ms] [Warning] [omni.physx.plugin] Invalid PhysX transform detected for /World/Stem/Stress_50_13.
2026-07-23 09:52:12 [14,157ms] [Warning] [omni.physx.plugin] Invalid PhysX transform detected for /World/Stem/Stress_50_14.
2026-07-23 09:52:12 [14,157ms] [Warning] [omni.physx.plugin] Invalid PhysX transform detected for /World/Stem/Stress_50_15.
2026-07-23 09:52:12 [14,157ms] [Warning] [omni.physx.plugin] Invalid PhysX transform detected for /World/Stem/Stress_50_16.
2026-07-23 09:52:12 [14,157ms] [Warning] [omni.physx.plugin] Invalid PhysX transform detected for /World/Stem/Stress_50_17.
2026-07-23 09:52:12 [14,157ms] [Warning] [omni.physx.plugin] Invalid PhysX transform detected for /World/Stem/Stress_50_18.
2026-07-23 09:52:12 [14,157ms] [Warning] [omni.physx.plugin] Invalid PhysX transform detected for /World/Stem/Stress_50_19.
2026-07-23 09:52:12 [14,157ms] [Warning] [omni.physx.plugin] Invalid PhysX transform detected for /World/Stem/Stress_50_20.
2026-07-23 09:52:12 [14,157ms] [Warning] [omni.physx.plugin] Invalid PhysX transform detected for /World/Stem/Stress_50_21.
2026-07-23 09:52:12 [14,157ms] [Warning] [omni.physx.plugin] Invalid PhysX transform detected for /World/Stem/Stress_50_22.
2026-07-23 09:52:12 [14,157ms] [Warning] [omni.physx.plugin] Invalid PhysX transform detected for /World/Stem/Stress_50_23.
2026-07-23 09:52:12 [14,157ms] [Warning] [omni.physx.plugin] Invalid PhysX transform detected for /World/Stem/Stress_50_24.
2026-07-23 09:52:12 [14,157ms] [Warning] [omni.physx.plugin] Invalid PhysX transform detected for /World/Stem/Stress_50_25.
2026-07-23 09:52:12 [14,157ms] [Warning] [omni.physx.plugin] Invalid PhysX transform detected for /World/Stem/Stress_50_26.
2026-07-23 09:52:12 [14,157ms] [Warning] [omni.physx.plugin] Invalid PhysX transform detected for /World/Stem/Stress_50_27.
2026-07-23 09:52:12 [14,157ms] [Warning] [omni.physx.plugin] Invalid PhysX transform detected for /World/Stem/Stress_50_28.
2026-07-23 09:52:12 [14,157ms] [Warning] [omni.physx.plugin] Invalid PhysX transform detected for /World/Stem/Stress_50_29.
2026-07-23 09:52:12 [14,157ms] [Warning] [omni.physx.plugin] Invalid PhysX transform detected for /World/Stem/Stress_50_30.
2026-07-23 09:52:12 [14,157ms] [Warning] [omni.physx.plugin] Invalid PhysX transform detected for /World/Stem/Stress_50_31.
2026-07-23 09:52:12 [14,157ms] [Warning] [omni.physx.plugin] Invalid PhysX transform detected for /World/Stem/Stress_50_32.
2026-07-23 09:52:12 [14,157ms] [Warning] [omni.physx.plugin] Invalid PhysX transform detected for /World/Stem/Stress_50_33.
2026-07-23 09:52:12 [14,157ms] [Warning] [omni.physx.plugin] Invalid PhysX transform detected for /World/Stem/Stress_50_34.
2026-07-23 09:52:12 [14,157ms] [Warning] [omni.physx.plugin] Invalid PhysX transform detected for /World/Stem/Stress_50_35.
2026-07-23 09:52:12 [14,157ms] [Warning] [omni.physx.plugin] Invalid PhysX transform detected for /World/Stem/Stress_50_36.
2026-07-23 09:52:12 [14,157ms] [Warning] [omni.physx.plugin] Invalid PhysX transform detected for /World/Stem/Stress_50_37.
2026-07-23 09:52:12 [14,157ms] [Warning] [omni.physx.plugin] Invalid PhysX transform detected for /World/Stem/Stress_50_38.
2026-07-23 09:52:12 [14,157ms] [Warning] [omni.physx.plugin] Invalid PhysX transform detected for /World/Stem/Stress_50_39.
2026-07-23 09:52:12 [14,157ms] [Warning] [omni.physx.plugin] Invalid PhysX transform detected for /World/Stem/Stress_50_40.
2026-07-23 09:52:12 [14,157ms] [Warning] [omni.physx.plugin] Invalid PhysX transform detected for /World/Stem/Stress_50_41.
2026-07-23 09:52:12 [14,157ms] [Warning] [omni.physx.plugin] Invalid PhysX transform detected for /World/Stem/Stress_50_42.
2026-07-23 09:52:12 [14,157ms] [Warning] [omni.physx.plugin] Invalid PhysX transform detected for /World/Stem/Stress_50_43.
2026-07-23 09:52:12 [14,157ms] [Warning] [omni.physx.plugin] Invalid PhysX transform detected for /World/Stem/Stress_50_44.
2026-07-23 09:52:12 [14,157ms] [Warning] [omni.physx.plugin] Invalid PhysX transform detected for /World/Stem/Stress_50_45.
2026-07-23 09:52:12 [14,157ms] [Warning] [omni.physx.plugin] Invalid PhysX transform detected for /World/Stem/Stress_50_46.
2026-07-23 09:52:12 [14,157ms] [Warning] [omni.physx.plugin] Invalid PhysX transform detected for /World/Stem/Stress_50_47.
2026-07-23 09:52:12 [14,157ms] [Warning] [omni.physx.plugin] Invalid PhysX transform detected for /World/Stem/Stress_50_48.
2026-07-23 09:52:12 [14,157ms] [Warning] [omni.physx.plugin] Invalid PhysX transform detected for /World/Stem/Stress_50_49.
2026-07-23 09:52:12 [14,157ms] [Warning] [omni.physx.plugin] Invalid PhysX transform detected for /World/Stem/Fruit_Stress_50_base.
2026-07-23 09:52:12 [14,157ms] [Warning] [omni.physx.plugin] Invalid PhysX transform detected for /World/Stem/Fruit_Stress_50_tip.
2026-07-23 09:52:12 [14,157ms] [Warning] [omni.physx.plugin] Invalid PhysX transform detected for /World/Stem/Fruit_Stress_50.
2026-07-23 09:52:12 [14,176ms] [Warning] [omni.physx.plugin] Invalid PhysX transform detected for /World/Stem/Stress_50_00.
2026-07-23 09:52:12 [14,176ms] [Warning] [omni.physx.plugin] Invalid PhysX transform detected for /World/Stem/Stress_50_01.
2026-07-23 09:52:12 [14,176ms] [Warning] [omni.physx.plugin] Invalid PhysX transform detected for /World/Stem/Stress_50_02.
2026-07-23 09:52:12 [14,176ms] [Warning] [omni.physx.plugin] Invalid PhysX transform detected for /World/Stem/Stress_50_03.
2026-07-23 09:52:12 [14,176ms] [Warning] [omni.physx.plugin] Invalid PhysX transform detected for /World/Stem/Stress_50_04.
2026-07-23 09:52:12 [14,176ms] [Warning] [omni.physx.plugin] Invalid PhysX transform detected for /World/Stem/Stress_50_05.
2026-07-23 09:52:12 [14,176ms] [Warning] [omni.physx.plugin] Invalid PhysX transform detected for /World/Stem/Stress_50_06.
2026-07-23 09:52:12 [14,176ms] [Warning] [omni.physx.plugin] Invalid PhysX transform detected for /World/Stem/Stress_50_07.
2026-07-23 09:52:12 [14,176ms] [Warning] [omni.physx.plugin] Invalid PhysX transform detected for /World/Stem/Stress_50_08.
2026-07-23 09:52:12 [14,176ms] [Warning] [omni.physx.plugin] Invalid PhysX transform detected for /World/Stem/Stress_50_09.
2026-07-23 09:52:12 [14,176ms] [Warning] [omni.physx.plugin] Invalid PhysX transform detected for /World/Stem/Stress_50_10.
2026-07-23 09:52:12 [14,176ms] [Warning] [omni.physx.plugin] Invalid PhysX transform detected for /World/Stem/Stress_50_11.
2026-07-23 09:52:12 [14,176ms] [Warning] [omni.physx.plugin] Invalid PhysX transform detected for /World/Stem/Stress_50_12.
2026-07-23 09:52:12 [14,176ms] [Warning] [omni.physx.plugin] Invalid PhysX transform detected for /World/Stem/Stress_50_13.
2026-07-23 09:52:12 [14,176ms] [Warning] [omni.physx.plugin] Invalid PhysX transform detected for /World/Stem/Stress_50_14.
2026-07-23 09:52:12 [14,176ms] [Warning] [omni.physx.plugin] Invalid PhysX transform detected for /World/Stem/Stress_50_15.
2026-07-23 09:52:12 [14,176ms] [Warning] [omni.physx.plugin] Invalid PhysX transform detected for /World/Stem/Stress_50_16.
2026-07-23 09:52:12 [14,176ms] [Warning] [omni.physx.plugin] Invalid PhysX transform detected for /World/Stem/Stress_50_17.
2026-07-23 09:52:12 [14,176ms] [Warning] [omni.physx.plugin] Invalid PhysX transform detected for /World/Stem/Stress_50_18.
2026-07-23 09:52:12 [14,176ms] [Warning] [omni.physx.plugin] Invalid PhysX transform detected for /World/Stem/Stress_50_19.
2026-07-23 09:52:12 [14,176ms] [Warning] [omni.physx.plugin] Invalid PhysX transform detected for /World/Stem/Stress_50_20.
2026-07-23 09:52:12 [14,176ms] [Warning] [omni.physx.plugin] Invalid PhysX transform detected for /World/Stem/Stress_50_21.
2026-07-23 09:52:12 [14,176ms] [Warning] [omni.physx.plugin] Invalid PhysX transform detected for /World/Stem/Stress_50_22.
2026-07-23 09:52:12 [14,176ms] [Warning] [omni.physx.plugin] Invalid PhysX transform detected for /World/Stem/Stress_50_23.
2026-07-23 09:52:12 [14,176ms] [Warning] [omni.physx.plugin] Invalid PhysX transform detected for /World/Stem/Stress_50_24.
2026-07-23 09:52:12 [14,176ms] [Warning] [omni.physx.plugin] Invalid PhysX transform detected for /World/Stem/Stress_50_25.
2026-07-23 09:52:12 [14,176ms] [Warning] [omni.physx.plugin] Invalid PhysX transform detected for /World/Stem/Stress_50_26.
2026-07-23 09:52:12 [14,176ms] [Warning] [omni.physx.plugin] Invalid PhysX transform detected for /World/Stem/Stress_50_27.
2026-07-23 09:52:12 [14,176ms] [Warning] [omni.physx.plugin] Invalid PhysX transform detected for /World/Stem/Stress_50_28.
2026-07-23 09:52:12 [14,176ms] [Warning] [omni.physx.plugin] Invalid PhysX transform detected for /World/Stem/Stress_50_29.
2026-07-23 09:52:12 [14,176ms] [Warning] [omni.physx.plugin] Invalid PhysX transform detected for /World/Stem/Stress_50_30.
2026-07-23 09:52:12 [14,176ms] [Warning] [omni.physx.plugin] Invalid PhysX transform detected for /World/Stem/Stress_50_31.
2026-07-23 09:52:12 [14,176ms] [Warning] [omni.physx.plugin] Invalid PhysX transform detected for /World/Stem/Stress_50_32.
2026-07-23 09:52:12 [14,176ms] [Warning] [omni.physx.plugin] Invalid PhysX transform detected for /World/Stem/Stress_50_33.
2026-07-23 09:52:12 [14,176ms] [Warning] [omni.physx.plugin] Invalid PhysX transform detected for /World/Stem/Stress_50_34.
2026-07-23 09:52:12 [14,176ms] [Warning] [omni.physx.plugin] Invalid PhysX transform detected for /World/Stem/Stress_50_35.
2026-07-23 09:52:12 [14,176ms] [Warning] [omni.physx.plugin] Invalid PhysX transform detected for /World/Stem/Stress_50_36.
2026-07-23 09:52:12 [14,176ms] [Warning] [omni.physx.plugin] Invalid PhysX transform detected for /World/Stem/Stress_50_37.
2026-07-23 09:52:12 [14,176ms] [Warning] [omni.physx.plugin] Invalid PhysX transform detected for /World/Stem/Stress_50_38.
2026-07-23 09:52:12 [14,176ms] [Warning] [omni.physx.plugin] Invalid PhysX transform detected for /World/Stem/Stress_50_39.
2026-07-23 09:52:12 [14,176ms] [Warning] [omni.physx.plugin] Invalid PhysX transform detected for /World/Stem/Stress_50_40.
2026-07-23 09:52:12 [14,176ms] [Warning] [omni.physx.plugin] Invalid PhysX transform detected for /World/Stem/Stress_50_41.
2026-07-23 09:52:12 [14,176ms] [Warning] [omni.physx.plugin] Invalid PhysX transform detected for /World/Stem/Stress_50_42.
2026-07-23 09:52:12 [14,176ms] [Warning] [omni.physx.plugin] Invalid PhysX transform detected for /World/Stem/Stress_50_43.
2026-07-23 09:52:12 [14,176ms] [Warning] [omni.physx.plugin] Invalid PhysX transform detected for /World/Stem/Stress_50_44.
2026-07-23 09:52:12 [14,176ms] [Warning] [omni.physx.plugin] Invalid PhysX transform detected for /World/Stem/Stress_50_45.
2026-07-23 09:52:12 [14,176ms] [Warning] [omni.physx.plugin] Invalid PhysX transform detected for /World/Stem/Stress_50_46.
2026-07-23 09:52:12 [14,176ms] [Warning] [omni.physx.plugin] Invalid PhysX transform detected for /World/Stem/Stress_50_47.
2026-07-23 09:52:12 [14,176ms] [Warning] [omni.physx.plugin] Invalid PhysX transform detected for /World/Stem/Stress_50_48.
2026-07-23 09:52:12 [14,176ms] [Warning] [omni.physx.plugin] Invalid PhysX transform detected for /World/Stem/Stress_50_49.
2026-07-23 09:52:12 [14,176ms] [Warning] [omni.physx.plugin] Invalid PhysX transform detected for /World/Stem/Fruit_Stress_50_base.
2026-07-23 09:52:12 [14,176ms] [Warning] [omni.physx.plugin] Invalid PhysX transform detected for /World/Stem/Fruit_Stress_50_tip.
2026-07-23 09:52:12 [14,176ms] [Warning] [omni.physx.plugin] Invalid PhysX transform detected for /World/Stem/Fruit_Stress_50.
2026-07-23 09:52:12 [14,194ms] [Warning] [omni.physx.plugin] Invalid PhysX transform detected for /World/Stem/Stress_50_00.
2026-07-23 09:52:12 [14,194ms] [Warning] [omni.physx.plugin] Invalid PhysX transform detected for /World/Stem/Stress_50_01.
2026-07-23 09:52:12 [14,194ms] [Warning] [omni.physx.plugin] Invalid PhysX transform detected for /World/Stem/Stress_50_02.
2026-07-23 09:52:12 [14,194ms] [Warning] [omni.physx.plugin] Invalid PhysX transform detected for /World/Stem/Stress_50_03.
2026-07-23 09:52:12 [14,194ms] [Warning] [omni.physx.plugin] Invalid PhysX transform detected for /World/Stem/Stress_50_04.
2026-07-23 09:52:12 [14,194ms] [Warning] [omni.physx.plugin] Invalid PhysX transform detected for /World/Stem/Stress_50_05.
2026-07-23 09:52:12 [14,195ms] [Warning] [omni.physx.plugin] Invalid PhysX transform detected for /World/Stem/Stress_50_06.
2026-07-23 09:52:12 [14,195ms] [Warning] [omni.physx.plugin] Invalid PhysX transform detected for /World/Stem/Stress_50_07.
2026-07-23 09:52:12 [14,195ms] [Warning] [omni.physx.plugin] Invalid PhysX transform detected for /World/Stem/Stress_50_08.
2026-07-23 09:52:12 [14,195ms] [Warning] [omni.physx.plugin] Invalid PhysX transform detected for /World/Stem/Stress_50_09.
2026-07-23 09:52:12 [14,195ms] [Warning] [omni.physx.plugin] Invalid PhysX transform detected for /World/Stem/Stress_50_10.
2026-07-23 09:52:12 [14,195ms] [Warning] [omni.physx.plugin] Invalid PhysX transform detected for /World/Stem/Stress_50_11.
2026-07-23 09:52:12 [14,195ms] [Warning] [omni.physx.plugin] Invalid PhysX transform detected for /World/Stem/Stress_50_12.
2026-07-23 09:52:12 [14,195ms] [Warning] [omni.physx.plugin] Invalid PhysX transform detected for /World/Stem/Stress_50_13.
2026-07-23 09:52:12 [14,195ms] [Warning] [omni.physx.plugin] Invalid PhysX transform detected for /World/Stem/Stress_50_14.
2026-07-23 09:52:12 [14,195ms] [Warning] [omni.physx.plugin] Invalid PhysX transform detected for /World/Stem/Stress_50_15.
2026-07-23 09:52:12 [14,195ms] [Warning] [omni.physx.plugin] Invalid PhysX transform detected for /World/Stem/Stress_50_16.
2026-07-23 09:52:12 [14,195ms] [Warning] [omni.physx.plugin] Invalid PhysX transform detected for /World/Stem/Stress_50_17.
2026-07-23 09:52:12 [14,195ms] [Warning] [omni.physx.plugin] Invalid PhysX transform detected for /World/Stem/Stress_50_18.
2026-07-23 09:52:12 [14,195ms] [Warning] [omni.physx.plugin] Invalid PhysX transform detected for /World/Stem/Stress_50_19.
2026-07-23 09:52:12 [14,195ms] [Warning] [omni.physx.plugin] Invalid PhysX transform detected for /World/Stem/Stress_50_20.
2026-07-23 09:52:12 [14,195ms] [Warning] [omni.physx.plugin] Invalid PhysX transform detected for /World/Stem/Stress_50_21.
2026-07-23 09:52:12 [14,195ms] [Warning] [omni.physx.plugin] Invalid PhysX transform detected for /World/Stem/Stress_50_22.
2026-07-23 09:52:12 [14,195ms] [Warning] [omni.physx.plugin] Invalid PhysX transform detected for /World/Stem/Stress_50_23.
2026-07-23 09:52:12 [14,195ms] [Warning] [omni.physx.plugin] Invalid PhysX transform detected for /World/Stem/Stress_50_24.
2026-07-23 09:52:12 [14,195ms] [Warning] [omni.physx.plugin] Invalid PhysX transform detected for /World/Stem/Stress_50_25.
2026-07-23 09:52:12 [14,195ms] [Warning] [omni.physx.plugin] Invalid PhysX transform detected for /World/Stem/Stress_50_26.
2026-07-23 09:52:12 [14,195ms] [Warning] [omni.physx.plugin] Invalid PhysX transform detected for /World/Stem/Stress_50_27.
2026-07-23 09:52:12 [14,195ms] [Warning] [omni.physx.plugin] Invalid PhysX transform detected for /World/Stem/Stress_50_28.
2026-07-23 09:52:12 [14,195ms] [Warning] [omni.physx.plugin] Invalid PhysX transform detected for /World/Stem/Stress_50_29.
2026-07-23 09:52:12 [14,195ms] [Warning] [omni.physx.plugin] Invalid PhysX transform detected for /World/Stem/Stress_50_30.
2026-07-23 09:52:12 [14,195ms] [Warning] [omni.physx.plugin] Invalid PhysX transform detected for /World/Stem/Stress_50_31.
2026-07-23 09:52:12 [14,195ms] [Warning] [omni.physx.plugin] Invalid PhysX transform detected for /World/Stem/Stress_50_32.
2026-07-23 09:52:12 [14,195ms] [Warning] [omni.physx.plugin] Invalid PhysX transform detected for /World/Stem/Stress_50_33.
2026-07-23 09:52:12 [14,195ms] [Warning] [omni.physx.plugin] Invalid PhysX transform detected for /World/Stem/Stress_50_34.
2026-07-23 09:52:12 [14,195ms] [Warning] [omni.physx.plugin] Invalid PhysX transform detected for /World/Stem/Stress_50_35.
2026-07-23 09:52:12 [14,195ms] [Warning] [omni.physx.plugin] Invalid PhysX transform detected for /World/Stem/Stress_50_36.
2026-07-23 09:52:12 [14,195ms] [Warning] [omni.physx.plugin] Invalid PhysX transform detected for /World/Stem/Stress_50_37.
2026-07-23 09:52:12 [14,195ms] [Warning] [omni.physx.plugin] Invalid PhysX transform detected for /World/Stem/Stress_50_38.
2026-07-23 09:52:12 [14,195ms] [Warning] [omni.physx.plugin] Invalid PhysX transform detected for /World/Stem/Stress_50_39.
2026-07-23 09:52:12 [14,195ms] [Warning] [omni.physx.plugin] Invalid PhysX transform detected for /World/Stem/Stress_50_40.
2026-07-23 09:52:12 [14,195ms] [Warning] [omni.physx.plugin] Invalid PhysX transform detected for /World/Stem/Stress_50_41.
2026-07-23 09:52:12 [14,195ms] [Warning] [omni.physx.plugin] Invalid PhysX transform detected for /World/Stem/Stress_50_42.
2026-07-23 09:52:12 [14,195ms] [Warning] [omni.physx.plugin] Invalid PhysX transform detected for /World/Stem/Stress_50_43.
2026-07-23 09:52:12 [14,195ms] [Warning] [omni.physx.plugin] Invalid PhysX transform detected for /World/Stem/Stress_50_44.
2026-07-23 09:52:12 [14,195ms] [Warning] [omni.physx.plugin] Invalid PhysX transform detected for /World/Stem/Stress_50_45.
2026-07-23 09:52:12 [14,195ms] [Warning] [omni.physx.plugin] Invalid PhysX transform detected for /World/Stem/Stress_50_46.
2026-07-23 09:52:12 [14,195ms] [Warning] [omni.physx.plugin] Invalid PhysX transform detected for /World/Stem/Stress_50_47.
2026-07-23 09:52:12 [14,195ms] [Warning] [omni.physx.plugin] Invalid PhysX transform detected for /World/Stem/Stress_50_48.
2026-07-23 09:52:12 [14,195ms] [Warning] [omni.physx.plugin] Invalid PhysX transform detected for /World/Stem/Stress_50_49.
2026-07-23 09:52:12 [14,195ms] [Warning] [omni.physx.plugin] Invalid PhysX transform detected for /World/Stem/Fruit_Stress_50_base.
2026-07-23 09:52:12 [14,195ms] [Warning] [omni.physx.plugin] Invalid PhysX transform detected for /World/Stem/Fruit_Stress_50_tip.
2026-07-23 09:52:12 [14,195ms] [Warning] [omni.physx.plugin] Invalid PhysX transform detected for /World/Stem/Fruit_Stress_50.
2026-07-23 09:52:12 [14,213ms] [Warning] [omni.physx.plugin] Invalid PhysX transform detected for /World/Stem/Stress_50_00.
2026-07-23 09:52:12 [14,213ms] [Warning] [omni.physx.plugin] Invalid PhysX transform detected for /World/Stem/Stress_50_01.
2026-07-23 09:52:12 [14,213ms] [Warning] [omni.physx.plugin] Invalid PhysX transform detected for /World/Stem/Stress_50_02.
2026-07-23 09:52:12 [14,213ms] [Warning] [omni.physx.plugin] Invalid PhysX transform detected for /World/Stem/Stress_50_03.
2026-07-23 09:52:12 [14,213ms] [Warning] [omni.physx.plugin] Invalid PhysX transform detected for /World/Stem/Stress_50_04.
2026-07-23 09:52:12 [14,213ms] [Warning] [omni.physx.plugin] Invalid PhysX transform detected for /World/Stem/Stress_50_05.
2026-07-23 09:52:12 [14,213ms] [Warning] [omni.physx.plugin] Invalid PhysX transform detected for /World/Stem/Stress_50_06.
2026-07-23 09:52:12 [14,213ms] [Warning] [omni.physx.plugin] Invalid PhysX transform detected for /World/Stem/Stress_50_07.
2026-07-23 09:52:12 [14,213ms] [Warning] [omni.physx.plugin] Invalid PhysX transform detected for /World/Stem/Stress_50_08.
2026-07-23 09:52:12 [14,213ms] [Warning] [omni.physx.plugin] Invalid PhysX transform detected for /World/Stem/Stress_50_09.
2026-07-23 09:52:12 [14,213ms] [Warning] [omni.physx.plugin] Invalid PhysX transform detected for /World/Stem/Stress_50_10.
2026-07-23 09:52:12 [14,213ms] [Warning] [omni.physx.plugin] Invalid PhysX transform detected for /World/Stem/Stress_50_11.
2026-07-23 09:52:12 [14,213ms] [Warning] [omni.physx.plugin] Invalid PhysX transform detected for /World/Stem/Stress_50_12.
2026-07-23 09:52:12 [14,213ms] [Warning] [omni.physx.plugin] Invalid PhysX transform detected for /World/Stem/Stress_50_13.
2026-07-23 09:52:12 [14,213ms] [Warning] [omni.physx.plugin] Invalid PhysX transform detected for /World/Stem/Stress_50_14.
2026-07-23 09:52:12 [14,213ms] [Warning] [omni.physx.plugin] Invalid PhysX transform detected for /World/Stem/Stress_50_15.
2026-07-23 09:52:12 [14,213ms] [Warning] [omni.physx.plugin] Invalid PhysX transform detected for /World/Stem/Stress_50_16.
2026-07-23 09:52:12 [14,213ms] [Warning] [omni.physx.plugin] Invalid PhysX transform detected for /World/Stem/Stress_50_17.
2026-07-23 09:52:12 [14,213ms] [Warning] [omni.physx.plugin] Invalid PhysX transform detected for /World/Stem/Stress_50_18.
2026-07-23 09:52:12 [14,213ms] [Warning] [omni.physx.plugin] Invalid PhysX transform detected for /World/Stem/Stress_50_19.
2026-07-23 09:52:12 [14,213ms] [Warning] [omni.physx.plugin] Invalid PhysX transform detected for /World/Stem/Stress_50_20.
2026-07-23 09:52:12 [14,213ms] [Warning] [omni.physx.plugin] Invalid PhysX transform detected for /World/Stem/Stress_50_21.
2026-07-23 09:52:12 [14,213ms] [Warning] [omni.physx.plugin] Invalid PhysX transform detected for /World/Stem/Stress_50_22.
2026-07-23 09:52:12 [14,213ms] [Warning] [omni.physx.plugin] Invalid PhysX transform detected for /World/Stem/Stress_50_23.
2026-07-23 09:52:12 [14,213ms] [Warning] [omni.physx.plugin] Invalid PhysX transform detected for /World/Stem/Stress_50_24.
2026-07-23 09:52:12 [14,213ms] [Warning] [omni.physx.plugin] Invalid PhysX transform detected for /World/Stem/Stress_50_25.
2026-07-23 09:52:12 [14,213ms] [Warning] [omni.physx.plugin] Invalid PhysX transform detected for /World/Stem/Stress_50_26.
2026-07-23 09:52:12 [14,213ms] [Warning] [omni.physx.plugin] Invalid PhysX transform detected for /World/Stem/Stress_50_27.
2026-07-23 09:52:12 [14,213ms] [Warning] [omni.physx.plugin] Invalid PhysX transform detected for /World/Stem/Stress_50_28.
2026-07-23 09:52:12 [14,213ms] [Warning] [omni.physx.plugin] Invalid PhysX transform detected for /World/Stem/Stress_50_29.
2026-07-23 09:52:12 [14,213ms] [Warning] [omni.physx.plugin] Invalid PhysX transform detected for /World/Stem/Stress_50_30.
2026-07-23 09:52:12 [14,213ms] [Warning] [omni.physx.plugin] Invalid PhysX transform detected for /World/Stem/Stress_50_31.
2026-07-23 09:52:12 [14,213ms] [Warning] [omni.physx.plugin] Invalid PhysX transform detected for /World/Stem/Stress_50_32.
2026-07-23 09:52:12 [14,213ms] [Warning] [omni.physx.plugin] Invalid PhysX transform detected for /World/Stem/Stress_50_33.
2026-07-23 09:52:12 [14,213ms] [Warning] [omni.physx.plugin] Invalid PhysX transform detected for /World/Stem/Stress_50_34.
2026-07-23 09:52:12 [14,213ms] [Warning] [omni.physx.plugin] Invalid PhysX transform detected for /World/Stem/Stress_50_35.
2026-07-23 09:52:12 [14,213ms] [Warning] [omni.physx.plugin] Invalid PhysX transform detected for /World/Stem/Stress_50_36.
2026-07-23 09:52:12 [14,213ms] [Warning] [omni.physx.plugin] Invalid PhysX transform detected for /World/Stem/Stress_50_37.
2026-07-23 09:52:12 [14,213ms] [Warning] [omni.physx.plugin] Invalid PhysX transform detected for /World/Stem/Stress_50_38.
2026-07-23 09:52:12 [14,213ms] [Warning] [omni.physx.plugin] Invalid PhysX transform detected for /World/Stem/Stress_50_39.
2026-07-23 09:52:12 [14,213ms] [Warning] [omni.physx.plugin] Invalid PhysX transform detected for /World/Stem/Stress_50_40.
2026-07-23 09:52:12 [14,213ms] [Warning] [omni.physx.plugin] Invalid PhysX transform detected for /World/Stem/Stress_50_41.
2026-07-23 09:52:12 [14,213ms] [Warning] [omni.physx.plugin] Invalid PhysX transform detected for /World/Stem/Stress_50_42.
2026-07-23 09:52:12 [14,213ms] [Warning] [omni.physx.plugin] Invalid PhysX transform detected for /World/Stem/Stress_50_43.
2026-07-23 09:52:12 [14,213ms] [Warning] [omni.physx.plugin] Invalid PhysX transform detected for /World/Stem/Stress_50_44.
2026-07-23 09:52:12 [14,213ms] [Warning] [omni.physx.plugin] Invalid PhysX transform detected for /World/Stem/Stress_50_45.
2026-07-23 09:52:12 [14,213ms] [Warning] [omni.physx.plugin] Invalid PhysX transform detected for /World/Stem/Stress_50_46.
2026-07-23 09:52:12 [14,213ms] [Warning] [omni.physx.plugin] Invalid PhysX transform detected for /World/Stem/Stress_50_47.
2026-07-23 09:52:12 [14,213ms] [Warning] [omni.physx.plugin] Invalid PhysX transform detected for /World/Stem/Stress_50_48.
2026-07-23 09:52:12 [14,213ms] [Warning] [omni.physx.plugin] Invalid PhysX transform detected for /World/Stem/Stress_50_49.
2026-07-23 09:52:12 [14,213ms] [Warning] [omni.physx.plugin] Invalid PhysX transform detected for /World/Stem/Fruit_Stress_50_base.
2026-07-23 09:52:12 [14,213ms] [Warning] [omni.physx.plugin] Invalid PhysX transform detected for /World/Stem/Fruit_Stress_50_tip.
2026-07-23 09:52:12 [14,213ms] [Warning] [omni.physx.plugin] Invalid PhysX transform detected for /World/Stem/Fruit_Stress_50.
2026-07-23 09:52:12 [14,231ms] [Warning] [omni.physx.plugin] Invalid PhysX transform detected for /World/Stem/Stress_50_00.
2026-07-23 09:52:12 [14,231ms] [Warning] [omni.physx.plugin] Invalid PhysX transform detected for /World/Stem/Stress_50_01.
2026-07-23 09:52:12 [14,231ms] [Warning] [omni.physx.plugin] Invalid PhysX transform detected for /World/Stem/Stress_50_02.
2026-07-23 09:52:12 [14,231ms] [Warning] [omni.physx.plugin] Invalid PhysX transform detected for /World/Stem/Stress_50_03.
2026-07-23 09:52:12 [14,231ms] [Warning] [omni.physx.plugin] Invalid PhysX transform detected for /World/Stem/Stress_50_04.
2026-07-23 09:52:12 [14,231ms] [Warning] [omni.physx.plugin] Invalid PhysX transform detected for /World/Stem/Stress_50_05.
2026-07-23 09:52:12 [14,231ms] [Warning] [omni.physx.plugin] Invalid PhysX transform detected for /World/Stem/Stress_50_06.
2026-07-23 09:52:12 [14,231ms] [Warning] [omni.physx.plugin] Invalid PhysX transform detected for /World/Stem/Stress_50_07.
2026-07-23 09:52:12 [14,231ms] [Warning] [omni.physx.plugin] Invalid PhysX transform detected for /World/Stem/Stress_50_08.
2026-07-23 09:52:12 [14,231ms] [Warning] [omni.physx.plugin] Invalid PhysX transform detected for /World/Stem/Stress_50_09.
2026-07-23 09:52:12 [14,231ms] [Warning] [omni.physx.plugin] Invalid PhysX transform detected for /World/Stem/Stress_50_10.
2026-07-23 09:52:12 [14,231ms] [Warning] [omni.physx.plugin] Invalid PhysX transform detected for /World/Stem/Stress_50_11.
2026-07-23 09:52:12 [14,231ms] [Warning] [omni.physx.plugin] Invalid PhysX transform detected for /World/Stem/Stress_50_12.
2026-07-23 09:52:12 [14,231ms] [Warning] [omni.physx.plugin] Invalid PhysX transform detected for /World/Stem/Stress_50_13.
2026-07-23 09:52:12 [14,231ms] [Warning] [omni.physx.plugin] Invalid PhysX transform detected for /World/Stem/Stress_50_14.
2026-07-23 09:52:12 [14,232ms] [Warning] [omni.physx.plugin] Invalid PhysX transform detected for /World/Stem/Stress_50_15.
2026-07-23 09:52:12 [14,232ms] [Warning] [omni.physx.plugin] Invalid PhysX transform detected for /World/Stem/Stress_50_16.
2026-07-23 09:52:12 [14,232ms] [Warning] [omni.physx.plugin] Invalid PhysX transform detected for /World/Stem/Stress_50_17.
2026-07-23 09:52:12 [14,232ms] [Warning] [omni.physx.plugin] Invalid PhysX transform detected for /World/Stem/Stress_50_18.
2026-07-23 09:52:12 [14,232ms] [Warning] [omni.physx.plugin] Invalid PhysX transform detected for /World/Stem/Stress_50_19.
2026-07-23 09:52:12 [14,232ms] [Warning] [omni.physx.plugin] Invalid PhysX transform detected for /World/Stem/Stress_50_20.
2026-07-23 09:52:12 [14,232ms] [Warning] [omni.physx.plugin] Invalid PhysX transform detected for /World/Stem/Stress_50_21.
2026-07-23 09:52:12 [14,232ms] [Warning] [omni.physx.plugin] Invalid PhysX transform detected for /World/Stem/Stress_50_22.
2026-07-23 09:52:12 [14,232ms] [Warning] [omni.physx.plugin] Invalid PhysX transform detected for /World/Stem/Stress_50_23.
2026-07-23 09:52:12 [14,232ms] [Warning] [omni.physx.plugin] Invalid PhysX transform detected for /World/Stem/Stress_50_24.
2026-07-23 09:52:12 [14,232ms] [Warning] [omni.physx.plugin] Invalid PhysX transform detected for /World/Stem/Stress_50_25.
2026-07-23 09:52:12 [14,232ms] [Warning] [omni.physx.plugin] Invalid PhysX transform detected for /World/Stem/Stress_50_26.
2026-07-23 09:52:12 [14,232ms] [Warning] [omni.physx.plugin] Invalid PhysX transform detected for /World/Stem/Stress_50_27.
2026-07-23 09:52:12 [14,232ms] [Warning] [omni.physx.plugin] Invalid PhysX transform detected for /World/Stem/Stress_50_28.
2026-07-23 09:52:12 [14,232ms] [Warning] [omni.physx.plugin] Invalid PhysX transform detected for /World/Stem/Stress_50_29.
2026-07-23 09:52:12 [14,232ms] [Warning] [omni.physx.plugin] Invalid PhysX transform detected for /World/Stem/Stress_50_30.
2026-07-23 09:52:12 [14,232ms] [Warning] [omni.physx.plugin] Invalid PhysX transform detected for /World/Stem/Stress_50_31.
2026-07-23 09:52:12 [14,232ms] [Warning] [omni.physx.plugin] Invalid PhysX transform detected for /World/Stem/Stress_50_32.
2026-07-23 09:52:12 [14,232ms] [Warning] [omni.physx.plugin] Invalid PhysX transform detected for /World/Stem/Stress_50_33.
2026-07-23 09:52:12 [14,232ms] [Warning] [omni.physx.plugin] Invalid PhysX transform detected for /World/Stem/Stress_50_34.
2026-07-23 09:52:12 [14,232ms] [Warning] [omni.physx.plugin] Invalid PhysX transform detected for /World/Stem/Stress_50_35.
2026-07-23 09:52:12 [14,232ms] [Warning] [omni.physx.plugin] Invalid PhysX transform detected for /World/Stem/Stress_50_36.
2026-07-23 09:52:12 [14,232ms] [Warning] [omni.physx.plugin] Invalid PhysX transform detected for /World/Stem/Stress_50_37.
2026-07-23 09:52:12 [14,232ms] [Warning] [omni.physx.plugin] Invalid PhysX transform detected for /World/Stem/Stress_50_38.
2026-07-23 09:52:12 [14,232ms] [Warning] [omni.physx.plugin] Invalid PhysX transform detected for /World/Stem/Stress_50_39.
2026-07-23 09:52:12 [14,232ms] [Warning] [omni.physx.plugin] Invalid PhysX transform detected for /World/Stem/Stress_50_40.
2026-07-23 09:52:12 [14,232ms] [Warning] [omni.physx.plugin] Invalid PhysX transform detected for /World/Stem/Stress_50_41.
2026-07-23 09:52:12 [14,232ms] [Warning] [omni.physx.plugin] Invalid PhysX transform detected for /World/Stem/Stress_50_42.
2026-07-23 09:52:12 [14,232ms] [Warning] [omni.physx.plugin] Invalid PhysX transform detected for /World/Stem/Stress_50_43.
2026-07-23 09:52:12 [14,232ms] [Warning] [omni.physx.plugin] Invalid PhysX transform detected for /World/Stem/Stress_50_44.
2026-07-23 09:52:12 [14,232ms] [Warning] [omni.physx.plugin] Invalid PhysX transform detected for /World/Stem/Stress_50_45.
2026-07-23 09:52:12 [14,232ms] [Warning] [omni.physx.plugin] Invalid PhysX transform detected for /World/Stem/Stress_50_46.
2026-07-23 09:52:12 [14,232ms] [Warning] [omni.physx.plugin] Invalid PhysX transform detected for /World/Stem/Stress_50_47.
2026-07-23 09:52:12 [14,232ms] [Warning] [omni.physx.plugin] Invalid PhysX transform detected for /World/Stem/Stress_50_48.
2026-07-23 09:52:12 [14,232ms] [Warning] [omni.physx.plugin] Invalid PhysX transform detected for /World/Stem/Stress_50_49.
2026-07-23 09:52:12 [14,232ms] [Warning] [omni.physx.plugin] Invalid PhysX transform detected for /World/Stem/Fruit_Stress_50_base.
2026-07-23 09:52:12 [14,232ms] [Warning] [omni.physx.plugin] Invalid PhysX transform detected for /World/Stem/Fruit_Stress_50_tip.
2026-07-23 09:52:12 [14,232ms] [Warning] [omni.physx.plugin] Invalid PhysX transform detected for /World/Stem/Fruit_Stress_50.
2026-07-23 09:52:13 [14,251ms] [Warning] [omni.physx.plugin] Invalid PhysX transform detected for /World/Stem/Stress_50_00.
2026-07-23 09:52:13 [14,251ms] [Warning] [omni.physx.plugin] Invalid PhysX transform detected for /World/Stem/Stress_50_01.
2026-07-23 09:52:13 [14,251ms] [Warning] [omni.physx.plugin] Invalid PhysX transform detected for /World/Stem/Stress_50_02.
2026-07-23 09:52:13 [14,251ms] [Warning] [omni.physx.plugin] Invalid PhysX transform detected for /World/Stem/Stress_50_03.
2026-07-23 09:52:13 [14,251ms] [Warning] [omni.physx.plugin] Invalid PhysX transform detected for /World/Stem/Stress_50_04.
2026-07-23 09:52:13 [14,251ms] [Warning] [omni.physx.plugin] Invalid PhysX transform detected for /World/Stem/Stress_50_05.
2026-07-23 09:52:13 [14,251ms] [Warning] [omni.physx.plugin] Invalid PhysX transform detected for /World/Stem/Stress_50_06.
2026-07-23 09:52:13 [14,251ms] [Warning] [omni.physx.plugin] Invalid PhysX transform detected for /World/Stem/Stress_50_07.
2026-07-23 09:52:13 [14,251ms] [Warning] [omni.physx.plugin] Invalid PhysX transform detected for /World/Stem/Stress_50_08.
2026-07-23 09:52:13 [14,251ms] [Warning] [omni.physx.plugin] Invalid PhysX transform detected for /World/Stem/Stress_50_09.
2026-07-23 09:52:13 [14,251ms] [Warning] [omni.physx.plugin] Invalid PhysX transform detected for /World/Stem/Stress_50_10.
2026-07-23 09:52:13 [14,251ms] [Warning] [omni.physx.plugin] Invalid PhysX transform detected for /World/Stem/Stress_50_11.
2026-07-23 09:52:13 [14,251ms] [Warning] [omni.physx.plugin] Invalid PhysX transform detected for /World/Stem/Stress_50_12.
2026-07-23 09:52:13 [14,251ms] [Warning] [omni.physx.plugin] Invalid PhysX transform detected for /World/Stem/Stress_50_13.
2026-07-23 09:52:13 [14,251ms] [Warning] [omni.physx.plugin] Invalid PhysX transform detected for /World/Stem/Stress_50_14.
2026-07-23 09:52:13 [14,251ms] [Warning] [omni.physx.plugin] Invalid PhysX transform detected for /World/Stem/Stress_50_15.
2026-07-23 09:52:13 [14,251ms] [Warning] [omni.physx.plugin] Invalid PhysX transform detected for /World/Stem/Stress_50_16.
2026-07-23 09:52:13 [14,251ms] [Warning] [omni.physx.plugin] Invalid PhysX transform detected for /World/Stem/Stress_50_17.
2026-07-23 09:52:13 [14,251ms] [Warning] [omni.physx.plugin] Invalid PhysX transform detected for /World/Stem/Stress_50_18.
2026-07-23 09:52:13 [14,251ms] [Warning] [omni.physx.plugin] Invalid PhysX transform detected for /World/Stem/Stress_50_19.
2026-07-23 09:52:13 [14,251ms] [Warning] [omni.physx.plugin] Invalid PhysX transform detected for /World/Stem/Stress_50_20.
2026-07-23 09:52:13 [14,251ms] [Warning] [omni.physx.plugin] Invalid PhysX transform detected for /World/Stem/Stress_50_21.
2026-07-23 09:52:13 [14,251ms] [Warning] [omni.physx.plugin] Invalid PhysX transform detected for /World/Stem/Stress_50_22.
2026-07-23 09:52:13 [14,251ms] [Warning] [omni.physx.plugin] Invalid PhysX transform detected for /World/Stem/Stress_50_23.
2026-07-23 09:52:13 [14,251ms] [Warning] [omni.physx.plugin] Invalid PhysX transform detected for /World/Stem/Stress_50_24.
2026-07-23 09:52:13 [14,251ms] [Warning] [omni.physx.plugin] Invalid PhysX transform detected for /World/Stem/Stress_50_25.
2026-07-23 09:52:13 [14,251ms] [Warning] [omni.physx.plugin] Invalid PhysX transform detected for /World/Stem/Stress_50_26.
2026-07-23 09:52:13 [14,251ms] [Warning] [omni.physx.plugin] Invalid PhysX transform detected for /World/Stem/Stress_50_27.
2026-07-23 09:52:13 [14,251ms] [Warning] [omni.physx.plugin] Invalid PhysX transform detected for /World/Stem/Stress_50_28.
2026-07-23 09:52:13 [14,251ms] [Warning] [omni.physx.plugin] Invalid PhysX transform detected for /World/Stem/Stress_50_29.
2026-07-23 09:52:13 [14,251ms] [Warning] [omni.physx.plugin] Invalid PhysX transform detected for /World/Stem/Stress_50_30.
2026-07-23 09:52:13 [14,251ms] [Warning] [omni.physx.plugin] Invalid PhysX transform detected for /World/Stem/Stress_50_31.
2026-07-23 09:52:13 [14,251ms] [Warning] [omni.physx.plugin] Invalid PhysX transform detected for /World/Stem/Stress_50_32.
2026-07-23 09:52:13 [14,251ms] [Warning] [omni.physx.plugin] Invalid PhysX transform detected for /World/Stem/Stress_50_33.
2026-07-23 09:52:13 [14,251ms] [Warning] [omni.physx.plugin] Invalid PhysX transform detected for /World/Stem/Stress_50_34.
2026-07-23 09:52:13 [14,251ms] [Warning] [omni.physx.plugin] Invalid PhysX transform detected for /World/Stem/Stress_50_35.
2026-07-23 09:52:13 [14,251ms] [Warning] [omni.physx.plugin] Invalid PhysX transform detected for /World/Stem/Stress_50_36.
2026-07-23 09:52:13 [14,251ms] [Warning] [omni.physx.plugin] Invalid PhysX transform detected for /World/Stem/Stress_50_37.
2026-07-23 09:52:13 [14,251ms] [Warning] [omni.physx.plugin] Invalid PhysX transform detected for /World/Stem/Stress_50_38.
2026-07-23 09:52:13 [14,251ms] [Warning] [omni.physx.plugin] Invalid PhysX transform detected for /World/Stem/Stress_50_39.
2026-07-23 09:52:13 [14,251ms] [Warning] [omni.physx.plugin] Invalid PhysX transform detected for /World/Stem/Stress_50_40.
2026-07-23 09:52:13 [14,251ms] [Warning] [omni.physx.plugin] Invalid PhysX transform detected for /World/Stem/Stress_50_41.
2026-07-23 09:52:13 [14,251ms] [Warning] [omni.physx.plugin] Invalid PhysX transform detected for /World/Stem/Stress_50_42.
2026-07-23 09:52:13 [14,251ms] [Warning] [omni.physx.plugin] Invalid PhysX transform detected for /World/Stem/Stress_50_43.
2026-07-23 09:52:13 [14,251ms] [Warning] [omni.physx.plugin] Invalid PhysX transform detected for /World/Stem/Stress_50_44.
2026-07-23 09:52:13 [14,251ms] [Warning] [omni.physx.plugin] Invalid PhysX transform detected for /World/Stem/Stress_50_45.
2026-07-23 09:52:13 [14,251ms] [Warning] [omni.physx.plugin] Invalid PhysX transform detected for /World/Stem/Stress_50_46.
2026-07-23 09:52:13 [14,251ms] [Warning] [omni.physx.plugin] Invalid PhysX transform detected for /World/Stem/Stress_50_47.
2026-07-23 09:52:13 [14,251ms] [Warning] [omni.physx.plugin] Invalid PhysX transform detected for /World/Stem/Stress_50_48.
2026-07-23 09:52:13 [14,251ms] [Warning] [omni.physx.plugin] Invalid PhysX transform detected for /World/Stem/Stress_50_49.
2026-07-23 09:52:13 [14,251ms] [Warning] [omni.physx.plugin] Invalid PhysX transform detected for /World/Stem/Fruit_Stress_50_base.
2026-07-23 09:52:13 [14,251ms] [Warning] [omni.physx.plugin] Invalid PhysX transform detected for /World/Stem/Fruit_Stress_50_tip.
2026-07-23 09:52:13 [14,251ms] [Warning] [omni.physx.plugin] Invalid PhysX transform detected for /World/Stem/Fruit_Stress_50.
2026-07-23 09:52:13 [14,269ms] [Warning] [omni.physx.plugin] Invalid PhysX transform detected for /World/Stem/Stress_50_00.
2026-07-23 09:52:13 [14,269ms] [Warning] [omni.physx.plugin] Invalid PhysX transform detected for /World/Stem/Stress_50_01.
2026-07-23 09:52:13 [14,269ms] [Warning] [omni.physx.plugin] Invalid PhysX transform detected for /World/Stem/Stress_50_02.
2026-07-23 09:52:13 [14,269ms] [Warning] [omni.physx.plugin] Invalid PhysX transform detected for /World/Stem/Stress_50_03.
2026-07-23 09:52:13 [14,269ms] [Warning] [omni.physx.plugin] Invalid PhysX transform detected for /World/Stem/Stress_50_04.
2026-07-23 09:52:13 [14,269ms] [Warning] [omni.physx.plugin] Invalid PhysX transform detected for /World/Stem/Stress_50_05.
2026-07-23 09:52:13 [14,269ms] [Warning] [omni.physx.plugin] Invalid PhysX transform detected for /World/Stem/Stress_50_06.
2026-07-23 09:52:13 [14,269ms] [Warning] [omni.physx.plugin] Invalid PhysX transform detected for /World/Stem/Stress_50_07.
2026-07-23 09:52:13 [14,269ms] [Warning] [omni.physx.plugin] Invalid PhysX transform detected for /World/Stem/Stress_50_08.
2026-07-23 09:52:13 [14,269ms] [Warning] [omni.physx.plugin] Invalid PhysX transform detected for /World/Stem/Stress_50_09.
2026-07-23 09:52:13 [14,269ms] [Warning] [omni.physx.plugin] Invalid PhysX transform detected for /World/Stem/Stress_50_10.
2026-07-23 09:52:13 [14,269ms] [Warning] [omni.physx.plugin] Invalid PhysX transform detected for /World/Stem/Stress_50_11.
2026-07-23 09:52:13 [14,269ms] [Warning] [omni.physx.plugin] Invalid PhysX transform detected for /World/Stem/Stress_50_12.
2026-07-23 09:52:13 [14,270ms] [Warning] [omni.physx.plugin] Invalid PhysX transform detected for /World/Stem/Stress_50_13.
2026-07-23 09:52:13 [14,270ms] [Warning] [omni.physx.plugin] Invalid PhysX transform detected for /World/Stem/Stress_50_14.
2026-07-23 09:52:13 [14,270ms] [Warning] [omni.physx.plugin] Invalid PhysX transform detected for /World/Stem/Stress_50_15.
2026-07-23 09:52:13 [14,270ms] [Warning] [omni.physx.plugin] Invalid PhysX transform detected for /World/Stem/Stress_50_16.
2026-07-23 09:52:13 [14,270ms] [Warning] [omni.physx.plugin] Invalid PhysX transform detected for /World/Stem/Stress_50_17.
2026-07-23 09:52:13 [14,270ms] [Warning] [omni.physx.plugin] Invalid PhysX transform detected for /World/Stem/Stress_50_18.
2026-07-23 09:52:13 [14,270ms] [Warning] [omni.physx.plugin] Invalid PhysX transform detected for /World/Stem/Stress_50_19.
2026-07-23 09:52:13 [14,270ms] [Warning] [omni.physx.plugin] Invalid PhysX transform detected for /World/Stem/Stress_50_20.
2026-07-23 09:52:13 [14,270ms] [Warning] [omni.physx.plugin] Invalid PhysX transform detected for /World/Stem/Stress_50_21.
2026-07-23 09:52:13 [14,270ms] [Warning] [omni.physx.plugin] Invalid PhysX transform detected for /World/Stem/Stress_50_22.
2026-07-23 09:52:13 [14,270ms] [Warning] [omni.physx.plugin] Invalid PhysX transform detected for /World/Stem/Stress_50_23.
2026-07-23 09:52:13 [14,270ms] [Warning] [omni.physx.plugin] Invalid PhysX transform detected for /World/Stem/Stress_50_24.
2026-07-23 09:52:13 [14,270ms] [Warning] [omni.physx.plugin] Invalid PhysX transform detected for /World/Stem/Stress_50_25.
2026-07-23 09:52:13 [14,270ms] [Warning] [omni.physx.plugin] Invalid PhysX transform detected for /World/Stem/Stress_50_26.
2026-07-23 09:52:13 [14,270ms] [Warning] [omni.physx.plugin] Invalid PhysX transform detected for /World/Stem/Stress_50_27.
2026-07-23 09:52:13 [14,270ms] [Warning] [omni.physx.plugin] Invalid PhysX transform detected for /World/Stem/Stress_50_28.
2026-07-23 09:52:13 [14,270ms] [Warning] [omni.physx.plugin] Invalid PhysX transform detected for /World/Stem/Stress_50_29.
2026-07-23 09:52:13 [14,270ms] [Warning] [omni.physx.plugin] Invalid PhysX transform detected for /World/Stem/Stress_50_30.
2026-07-23 09:52:13 [14,270ms] [Warning] [omni.physx.plugin] Invalid PhysX transform detected for /World/Stem/Stress_50_31.
2026-07-23 09:52:13 [14,270ms] [Warning] [omni.physx.plugin] Invalid PhysX transform detected for /World/Stem/Stress_50_32.
2026-07-23 09:52:13 [14,270ms] [Warning] [omni.physx.plugin] Invalid PhysX transform detected for /World/Stem/Stress_50_33.
2026-07-23 09:52:13 [14,270ms] [Warning] [omni.physx.plugin] Invalid PhysX transform detected for /World/Stem/Stress_50_34.
2026-07-23 09:52:13 [14,270ms] [Warning] [omni.physx.plugin] Invalid PhysX transform detected for /World/Stem/Stress_50_35.
2026-07-23 09:52:13 [14,270ms] [Warning] [omni.physx.plugin] Invalid PhysX transform detected for /World/Stem/Stress_50_36.
2026-07-23 09:52:13 [14,270ms] [Warning] [omni.physx.plugin] Invalid PhysX transform detected for /World/Stem/Stress_50_37.
2026-07-23 09:52:13 [14,270ms] [Warning] [omni.physx.plugin] Invalid PhysX transform detected for /World/Stem/Stress_50_38.
2026-07-23 09:52:13 [14,270ms] [Warning] [omni.physx.plugin] Invalid PhysX transform detected for /World/Stem/Stress_50_39.
2026-07-23 09:52:13 [14,270ms] [Warning] [omni.physx.plugin] Invalid PhysX transform detected for /World/Stem/Stress_50_40.
2026-07-23 09:52:13 [14,270ms] [Warning] [omni.physx.plugin] Invalid PhysX transform detected for /World/Stem/Stress_50_41.
2026-07-23 09:52:13 [14,270ms] [Warning] [omni.physx.plugin] Invalid PhysX transform detected for /World/Stem/Stress_50_42.
2026-07-23 09:52:13 [14,270ms] [Warning] [omni.physx.plugin] Invalid PhysX transform detected for /World/Stem/Stress_50_43.
2026-07-23 09:52:13 [14,270ms] [Warning] [omni.physx.plugin] Invalid PhysX transform detected for /World/Stem/Stress_50_44.
2026-07-23 09:52:13 [14,270ms] [Warning] [omni.physx.plugin] Invalid PhysX transform detected for /World/Stem/Stress_50_45.
2026-07-23 09:52:13 [14,270ms] [Warning] [omni.physx.plugin] Invalid PhysX transform detected for /World/Stem/Stress_50_46.
2026-07-23 09:52:13 [14,270ms] [Warning] [omni.physx.plugin] Invalid PhysX transform detected for /World/Stem/Stress_50_47.
2026-07-23 09:52:13 [14,270ms] [Warning] [omni.physx.plugin] Invalid PhysX transform detected for /World/Stem/Stress_50_48.
2026-07-23 09:52:13 [14,270ms] [Warning] [omni.physx.plugin] Invalid PhysX transform detected for /World/Stem/Stress_50_49.
2026-07-23 09:52:13 [14,270ms] [Warning] [omni.physx.plugin] Invalid PhysX transform detected for /World/Stem/Fruit_Stress_50_base.
2026-07-23 09:52:13 [14,270ms] [Warning] [omni.physx.plugin] Invalid PhysX transform detected for /World/Stem/Fruit_Stress_50_tip.
2026-07-23 09:52:13 [14,270ms] [Warning] [omni.physx.plugin] Invalid PhysX transform detected for /World/Stem/Fruit_Stress_50.
2026-07-23 09:52:13 [14,288ms] [Warning] [omni.physx.plugin] Invalid PhysX transform detected for /World/Stem/Stress_50_00.
2026-07-23 09:52:13 [14,288ms] [Warning] [omni.physx.plugin] Invalid PhysX transform detected for /World/Stem/Stress_50_01.
2026-07-23 09:52:13 [14,288ms] [Warning] [omni.physx.plugin] Invalid PhysX transform detected for /World/Stem/Stress_50_02.
2026-07-23 09:52:13 [14,288ms] [Warning] [omni.physx.plugin] Invalid PhysX transform detected for /World/Stem/Stress_50_03.
2026-07-23 09:52:13 [14,288ms] [Warning] [omni.physx.plugin] Invalid PhysX transform detected for /World/Stem/Stress_50_04.
2026-07-23 09:52:13 [14,288ms] [Warning] [omni.physx.plugin] Invalid PhysX transform detected for /World/Stem/Stress_50_05.
2026-07-23 09:52:13 [14,288ms] [Warning] [omni.physx.plugin] Invalid PhysX transform detected for /World/Stem/Stress_50_06.
2026-07-23 09:52:13 [14,288ms] [Warning] [omni.physx.plugin] Invalid PhysX transform detected for /World/Stem/Stress_50_07.
2026-07-23 09:52:13 [14,288ms] [Warning] [omni.physx.plugin] Invalid PhysX transform detected for /World/Stem/Stress_50_08.
2026-07-23 09:52:13 [14,288ms] [Warning] [omni.physx.plugin] Invalid PhysX transform detected for /World/Stem/Stress_50_09.
2026-07-23 09:52:13 [14,288ms] [Warning] [omni.physx.plugin] Invalid PhysX transform detected for /World/Stem/Stress_50_10.
2026-07-23 09:52:13 [14,288ms] [Warning] [omni.physx.plugin] Invalid PhysX transform detected for /World/Stem/Stress_50_11.
2026-07-23 09:52:13 [14,288ms] [Warning] [omni.physx.plugin] Invalid PhysX transform detected for /World/Stem/Stress_50_12.
2026-07-23 09:52:13 [14,288ms] [Warning] [omni.physx.plugin] Invalid PhysX transform detected for /World/Stem/Stress_50_13.
2026-07-23 09:52:13 [14,288ms] [Warning] [omni.physx.plugin] Invalid PhysX transform detected for /World/Stem/Stress_50_14.
2026-07-23 09:52:13 [14,288ms] [Warning] [omni.physx.plugin] Invalid PhysX transform detected for /World/Stem/Stress_50_15.
2026-07-23 09:52:13 [14,288ms] [Warning] [omni.physx.plugin] Invalid PhysX transform detected for /World/Stem/Stress_50_16.
2026-07-23 09:52:13 [14,288ms] [Warning] [omni.physx.plugin] Invalid PhysX transform detected for /World/Stem/Stress_50_17.
2026-07-23 09:52:13 [14,288ms] [Warning] [omni.physx.plugin] Invalid PhysX transform detected for /World/Stem/Stress_50_18.
2026-07-23 09:52:13 [14,288ms] [Warning] [omni.physx.plugin] Invalid PhysX transform detected for /World/Stem/Stress_50_19.
2026-07-23 09:52:13 [14,288ms] [Warning] [omni.physx.plugin] Invalid PhysX transform detected for /World/Stem/Stress_50_20.
2026-07-23 09:52:13 [14,288ms] [Warning] [omni.physx.plugin] Invalid PhysX transform detected for /World/Stem/Stress_50_21.
2026-07-23 09:52:13 [14,288ms] [Warning] [omni.physx.plugin] Invalid PhysX transform detected for /World/Stem/Stress_50_22.
2026-07-23 09:52:13 [14,288ms] [Warning] [omni.physx.plugin] Invalid PhysX transform detected for /World/Stem/Stress_50_23.
2026-07-23 09:52:13 [14,288ms] [Warning] [omni.physx.plugin] Invalid PhysX transform detected for /World/Stem/Stress_50_24.
2026-07-23 09:52:13 [14,288ms] [Warning] [omni.physx.plugin] Invalid PhysX transform detected for /World/Stem/Stress_50_25.
2026-07-23 09:52:13 [14,288ms] [Warning] [omni.physx.plugin] Invalid PhysX transform detected for /World/Stem/Stress_50_26.
2026-07-23 09:52:13 [14,288ms] [Warning] [omni.physx.plugin] Invalid PhysX transform detected for /World/Stem/Stress_50_27.
2026-07-23 09:52:13 [14,288ms] [Warning] [omni.physx.plugin] Invalid PhysX transform detected for /World/Stem/Stress_50_28.
2026-07-23 09:52:13 [14,288ms] [Warning] [omni.physx.plugin] Invalid PhysX transform detected for /World/Stem/Stress_50_29.
2026-07-23 09:52:13 [14,288ms] [Warning] [omni.physx.plugin] Invalid PhysX transform detected for /World/Stem/Stress_50_30.
2026-07-23 09:52:13 [14,288ms] [Warning] [omni.physx.plugin] Invalid PhysX transform detected for /World/Stem/Stress_50_31.
2026-07-23 09:52:13 [14,288ms] [Warning] [omni.physx.plugin] Invalid PhysX transform detected for /World/Stem/Stress_50_32.
2026-07-23 09:52:13 [14,288ms] [Warning] [omni.physx.plugin] Invalid PhysX transform detected for /World/Stem/Stress_50_33.
2026-07-23 09:52:13 [14,288ms] [Warning] [omni.physx.plugin] Invalid PhysX transform detected for /World/Stem/Stress_50_34.
2026-07-23 09:52:13 [14,288ms] [Warning] [omni.physx.plugin] Invalid PhysX transform detected for /World/Stem/Stress_50_35.
2026-07-23 09:52:13 [14,288ms] [Warning] [omni.physx.plugin] Invalid PhysX transform detected for /World/Stem/Stress_50_36.
2026-07-23 09:52:13 [14,288ms] [Warning] [omni.physx.plugin] Invalid PhysX transform detected for /World/Stem/Stress_50_37.
2026-07-23 09:52:13 [14,288ms] [Warning] [omni.physx.plugin] Invalid PhysX transform detected for /World/Stem/Stress_50_38.
2026-07-23 09:52:13 [14,288ms] [Warning] [omni.physx.plugin] Invalid PhysX transform detected for /World/Stem/Stress_50_39.
2026-07-23 09:52:13 [14,288ms] [Warning] [omni.physx.plugin] Invalid PhysX transform detected for /World/Stem/Stress_50_40.
2026-07-23 09:52:13 [14,288ms] [Warning] [omni.physx.plugin] Invalid PhysX transform detected for /World/Stem/Stress_50_41.
2026-07-23 09:52:13 [14,288ms] [Warning] [omni.physx.plugin] Invalid PhysX transform detected for /World/Stem/Stress_50_42.
2026-07-23 09:52:13 [14,288ms] [Warning] [omni.physx.plugin] Invalid PhysX transform detected for /World/Stem/Stress_50_43.
2026-07-23 09:52:13 [14,288ms] [Warning] [omni.physx.plugin] Invalid PhysX transform detected for /World/Stem/Stress_50_44.
2026-07-23 09:52:13 [14,288ms] [Warning] [omni.physx.plugin] Invalid PhysX transform detected for /World/Stem/Stress_50_45.
2026-07-23 09:52:13 [14,288ms] [Warning] [omni.physx.plugin] Invalid PhysX transform detected for /World/Stem/Stress_50_46.
2026-07-23 09:52:13 [14,288ms] [Warning] [omni.physx.plugin] Invalid PhysX transform detected for /World/Stem/Stress_50_47.
2026-07-23 09:52:13 [14,288ms] [Warning] [omni.physx.plugin] Invalid PhysX transform detected for /World/Stem/Stress_50_48.
2026-07-23 09:52:13 [14,288ms] [Warning] [omni.physx.plugin] Invalid PhysX transform detected for /World/Stem/Stress_50_49.
2026-07-23 09:52:13 [14,288ms] [Warning] [omni.physx.plugin] Invalid PhysX transform detected for /World/Stem/Fruit_Stress_50_base.
2026-07-23 09:52:13 [14,288ms] [Warning] [omni.physx.plugin] Invalid PhysX transform detected for /World/Stem/Fruit_Stress_50_tip.
2026-07-23 09:52:13 [14,288ms] [Warning] [omni.physx.plugin] Invalid PhysX transform detected for /World/Stem/Fruit_Stress_50.
2026-07-23 09:52:13 [14,307ms] [Warning] [omni.physx.plugin] Invalid PhysX transform detected for /World/Stem/Stress_50_00.
2026-07-23 09:52:13 [14,307ms] [Warning] [omni.physx.plugin] Invalid PhysX transform detected for /World/Stem/Stress_50_01.
2026-07-23 09:52:13 [14,307ms] [Warning] [omni.physx.plugin] Invalid PhysX transform detected for /World/Stem/Stress_50_02.
2026-07-23 09:52:13 [14,307ms] [Warning] [omni.physx.plugin] Invalid PhysX transform detected for /World/Stem/Stress_50_03.
2026-07-23 09:52:13 [14,307ms] [Warning] [omni.physx.plugin] Invalid PhysX transform detected for /World/Stem/Stress_50_04.
2026-07-23 09:52:13 [14,307ms] [Warning] [omni.physx.plugin] Invalid PhysX transform detected for /World/Stem/Stress_50_05.
2026-07-23 09:52:13 [14,307ms] [Warning] [omni.physx.plugin] Invalid PhysX transform detected for /World/Stem/Stress_50_06.
2026-07-23 09:52:13 [14,307ms] [Warning] [omni.physx.plugin] Invalid PhysX transform detected for /World/Stem/Stress_50_07.
2026-07-23 09:52:13 [14,307ms] [Warning] [omni.physx.plugin] Invalid PhysX transform detected for /World/Stem/Stress_50_08.
2026-07-23 09:52:13 [14,307ms] [Warning] [omni.physx.plugin] Invalid PhysX transform detected for /World/Stem/Stress_50_09.
2026-07-23 09:52:13 [14,307ms] [Warning] [omni.physx.plugin] Invalid PhysX transform detected for /World/Stem/Stress_50_10.
2026-07-23 09:52:13 [14,307ms] [Warning] [omni.physx.plugin] Invalid PhysX transform detected for /World/Stem/Stress_50_11.
2026-07-23 09:52:13 [14,307ms] [Warning] [omni.physx.plugin] Invalid PhysX transform detected for /World/Stem/Stress_50_12.
2026-07-23 09:52:13 [14,307ms] [Warning] [omni.physx.plugin] Invalid PhysX transform detected for /World/Stem/Stress_50_13.
2026-07-23 09:52:13 [14,307ms] [Warning] [omni.physx.plugin] Invalid PhysX transform detected for /World/Stem/Stress_50_14.
2026-07-23 09:52:13 [14,307ms] [Warning] [omni.physx.plugin] Invalid PhysX transform detected for /World/Stem/Stress_50_15.
2026-07-23 09:52:13 [14,307ms] [Warning] [omni.physx.plugin] Invalid PhysX transform detected for /World/Stem/Stress_50_16.
2026-07-23 09:52:13 [14,307ms] [Warning] [omni.physx.plugin] Invalid PhysX transform detected for /World/Stem/Stress_50_17.
2026-07-23 09:52:13 [14,307ms] [Warning] [omni.physx.plugin] Invalid PhysX transform detected for /World/Stem/Stress_50_18.
2026-07-23 09:52:13 [14,307ms] [Warning] [omni.physx.plugin] Invalid PhysX transform detected for /World/Stem/Stress_50_19.
2026-07-23 09:52:13 [14,307ms] [Warning] [omni.physx.plugin] Invalid PhysX transform detected for /World/Stem/Stress_50_20.
2026-07-23 09:52:13 [14,307ms] [Warning] [omni.physx.plugin] Invalid PhysX transform detected for /World/Stem/Stress_50_21.
2026-07-23 09:52:13 [14,307ms] [Warning] [omni.physx.plugin] Invalid PhysX transform detected for /World/Stem/Stress_50_22.
2026-07-23 09:52:13 [14,307ms] [Warning] [omni.physx.plugin] Invalid PhysX transform detected for /World/Stem/Stress_50_23.
2026-07-23 09:52:13 [14,307ms] [Warning] [omni.physx.plugin] Invalid PhysX transform detected for /World/Stem/Stress_50_24.
2026-07-23 09:52:13 [14,307ms] [Warning] [omni.physx.plugin] Invalid PhysX transform detected for /World/Stem/Stress_50_25.
2026-07-23 09:52:13 [14,307ms] [Warning] [omni.physx.plugin] Invalid PhysX transform detected for /World/Stem/Stress_50_26.
2026-07-23 09:52:13 [14,307ms] [Warning] [omni.physx.plugin] Invalid PhysX transform detected for /World/Stem/Stress_50_27.
2026-07-23 09:52:13 [14,307ms] [Warning] [omni.physx.plugin] Invalid PhysX transform detected for /World/Stem/Stress_50_28.
2026-07-23 09:52:13 [14,307ms] [Warning] [omni.physx.plugin] Invalid PhysX transform detected for /World/Stem/Stress_50_29.
2026-07-23 09:52:13 [14,307ms] [Warning] [omni.physx.plugin] Invalid PhysX transform detected for /World/Stem/Stress_50_30.
2026-07-23 09:52:13 [14,307ms] [Warning] [omni.physx.plugin] Invalid PhysX transform detected for /World/Stem/Stress_50_31.
2026-07-23 09:52:13 [14,307ms] [Warning] [omni.physx.plugin] Invalid PhysX transform detected for /World/Stem/Stress_50_32.
2026-07-23 09:52:13 [14,307ms] [Warning] [omni.physx.plugin] Invalid PhysX transform detected for /World/Stem/Stress_50_33.
2026-07-23 09:52:13 [14,307ms] [Warning] [omni.physx.plugin] Invalid PhysX transform detected for /World/Stem/Stress_50_34.
2026-07-23 09:52:13 [14,307ms] [Warning] [omni.physx.plugin] Invalid PhysX transform detected for /World/Stem/Stress_50_35.
2026-07-23 09:52:13 [14,307ms] [Warning] [omni.physx.plugin] Invalid PhysX transform detected for /World/Stem/Stress_50_36.
2026-07-23 09:52:13 [14,307ms] [Warning] [omni.physx.plugin] Invalid PhysX transform detected for /World/Stem/Stress_50_37.
2026-07-23 09:52:13 [14,307ms] [Warning] [omni.physx.plugin] Invalid PhysX transform detected for /World/Stem/Stress_50_38.
2026-07-23 09:52:13 [14,307ms] [Warning] [omni.physx.plugin] Invalid PhysX transform detected for /World/Stem/Stress_50_39.
2026-07-23 09:52:13 [14,307ms] [Warning] [omni.physx.plugin] Invalid PhysX transform detected for /World/Stem/Stress_50_40.
2026-07-23 09:52:13 [14,307ms] [Warning] [omni.physx.plugin] Invalid PhysX transform detected for /World/Stem/Stress_50_41.
2026-07-23 09:52:13 [14,307ms] [Warning] [omni.physx.plugin] Invalid PhysX transform detected for /World/Stem/Stress_50_42.
2026-07-23 09:52:13 [14,307ms] [Warning] [omni.physx.plugin] Invalid PhysX transform detected for /World/Stem/Stress_50_43.
2026-07-23 09:52:13 [14,307ms] [Warning] [omni.physx.plugin] Invalid PhysX transform detected for /World/Stem/Stress_50_44.
2026-07-23 09:52:13 [14,307ms] [Warning] [omni.physx.plugin] Invalid PhysX transform detected for /World/Stem/Stress_50_45.
2026-07-23 09:52:13 [14,307ms] [Warning] [omni.physx.plugin] Invalid PhysX transform detected for /World/Stem/Stress_50_46.
2026-07-23 09:52:13 [14,307ms] [Warning] [omni.physx.plugin] Invalid PhysX transform detected for /World/Stem/Stress_50_47.
2026-07-23 09:52:13 [14,307ms] [Warning] [omni.physx.plugin] Invalid PhysX transform detected for /World/Stem/Stress_50_48.
2026-07-23 09:52:13 [14,307ms] [Warning] [omni.physx.plugin] Invalid PhysX transform detected for /World/Stem/Stress_50_49.
2026-07-23 09:52:13 [14,307ms] [Warning] [omni.physx.plugin] Invalid PhysX transform detected for /World/Stem/Fruit_Stress_50_base.
2026-07-23 09:52:13 [14,307ms] [Warning] [omni.physx.plugin] Invalid PhysX transform detected for /World/Stem/Fruit_Stress_50_tip.
2026-07-23 09:52:13 [14,307ms] [Warning] [omni.physx.plugin] Invalid PhysX transform detected for /World/Stem/Fruit_Stress_50.
2026-07-23 09:52:13 [14,325ms] [Warning] [omni.physx.plugin] Invalid PhysX transform detected for /World/Stem/Stress_50_00.
2026-07-23 09:52:13 [14,325ms] [Warning] [omni.physx.plugin] Invalid PhysX transform detected for /World/Stem/Stress_50_01.
2026-07-23 09:52:13 [14,325ms] [Warning] [omni.physx.plugin] Invalid PhysX transform detected for /World/Stem/Stress_50_02.
2026-07-23 09:52:13 [14,325ms] [Warning] [omni.physx.plugin] Invalid PhysX transform detected for /World/Stem/Stress_50_03.
2026-07-23 09:52:13 [14,325ms] [Warning] [omni.physx.plugin] Invalid PhysX transform detected for /World/Stem/Stress_50_04.
2026-07-23 09:52:13 [14,325ms] [Warning] [omni.physx.plugin] Invalid PhysX transform detected for /World/Stem/Stress_50_05.
2026-07-23 09:52:13 [14,325ms] [Warning] [omni.physx.plugin] Invalid PhysX transform detected for /World/Stem/Stress_50_06.
2026-07-23 09:52:13 [14,325ms] [Warning] [omni.physx.plugin] Invalid PhysX transform detected for /World/Stem/Stress_50_07.
2026-07-23 09:52:13 [14,325ms] [Warning] [omni.physx.plugin] Invalid PhysX transform detected for /World/Stem/Stress_50_08.
2026-07-23 09:52:13 [14,325ms] [Warning] [omni.physx.plugin] Invalid PhysX transform detected for /World/Stem/Stress_50_09.
2026-07-23 09:52:13 [14,325ms] [Warning] [omni.physx.plugin] Invalid PhysX transform detected for /World/Stem/Stress_50_10.
2026-07-23 09:52:13 [14,325ms] [Warning] [omni.physx.plugin] Invalid PhysX transform detected for /World/Stem/Stress_50_11.
2026-07-23 09:52:13 [14,325ms] [Warning] [omni.physx.plugin] Invalid PhysX transform detected for /World/Stem/Stress_50_12.
2026-07-23 09:52:13 [14,325ms] [Warning] [omni.physx.plugin] Invalid PhysX transform detected for /World/Stem/Stress_50_13.
2026-07-23 09:52:13 [14,325ms] [Warning] [omni.physx.plugin] Invalid PhysX transform detected for /World/Stem/Stress_50_14.
2026-07-23 09:52:13 [14,325ms] [Warning] [omni.physx.plugin] Invalid PhysX transform detected for /World/Stem/Stress_50_15.
2026-07-23 09:52:13 [14,325ms] [Warning] [omni.physx.plugin] Invalid PhysX transform detected for /World/Stem/Stress_50_16.
2026-07-23 09:52:13 [14,325ms] [Warning] [omni.physx.plugin] Invalid PhysX transform detected for /World/Stem/Stress_50_17.
2026-07-23 09:52:13 [14,325ms] [Warning] [omni.physx.plugin] Invalid PhysX transform detected for /World/Stem/Stress_50_18.
2026-07-23 09:52:13 [14,325ms] [Warning] [omni.physx.plugin] Invalid PhysX transform detected for /World/Stem/Stress_50_19.
2026-07-23 09:52:13 [14,325ms] [Warning] [omni.physx.plugin] Invalid PhysX transform detected for /World/Stem/Stress_50_20.
2026-07-23 09:52:13 [14,325ms] [Warning] [omni.physx.plugin] Invalid PhysX transform detected for /World/Stem/Stress_50_21.
2026-07-23 09:52:13 [14,325ms] [Warning] [omni.physx.plugin] Invalid PhysX transform detected for /World/Stem/Stress_50_22.
2026-07-23 09:52:13 [14,326ms] [Warning] [omni.physx.plugin] Invalid PhysX transform detected for /World/Stem/Stress_50_23.
2026-07-23 09:52:13 [14,326ms] [Warning] [omni.physx.plugin] Invalid PhysX transform detected for /World/Stem/Stress_50_24.
2026-07-23 09:52:13 [14,326ms] [Warning] [omni.physx.plugin] Invalid PhysX transform detected for /World/Stem/Stress_50_25.
2026-07-23 09:52:13 [14,326ms] [Warning] [omni.physx.plugin] Invalid PhysX transform detected for /World/Stem/Stress_50_26.
2026-07-23 09:52:13 [14,326ms] [Warning] [omni.physx.plugin] Invalid PhysX transform detected for /World/Stem/Stress_50_27.
2026-07-23 09:52:13 [14,326ms] [Warning] [omni.physx.plugin] Invalid PhysX transform detected for /World/Stem/Stress_50_28.
2026-07-23 09:52:13 [14,326ms] [Warning] [omni.physx.plugin] Invalid PhysX transform detected for /World/Stem/Stress_50_29.
2026-07-23 09:52:13 [14,326ms] [Warning] [omni.physx.plugin] Invalid PhysX transform detected for /World/Stem/Stress_50_30.
2026-07-23 09:52:13 [14,326ms] [Warning] [omni.physx.plugin] Invalid PhysX transform detected for /World/Stem/Stress_50_31.
2026-07-23 09:52:13 [14,326ms] [Warning] [omni.physx.plugin] Invalid PhysX transform detected for /World/Stem/Stress_50_32.
2026-07-23 09:52:13 [14,326ms] [Warning] [omni.physx.plugin] Invalid PhysX transform detected for /World/Stem/Stress_50_33.
2026-07-23 09:52:13 [14,326ms] [Warning] [omni.physx.plugin] Invalid PhysX transform detected for /World/Stem/Stress_50_34.
2026-07-23 09:52:13 [14,326ms] [Warning] [omni.physx.plugin] Invalid PhysX transform detected for /World/Stem/Stress_50_35.
2026-07-23 09:52:13 [14,326ms] [Warning] [omni.physx.plugin] Invalid PhysX transform detected for /World/Stem/Stress_50_36.
2026-07-23 09:52:13 [14,326ms] [Warning] [omni.physx.plugin] Invalid PhysX transform detected for /World/Stem/Stress_50_37.
2026-07-23 09:52:13 [14,326ms] [Warning] [omni.physx.plugin] Invalid PhysX transform detected for /World/Stem/Stress_50_38.
2026-07-23 09:52:13 [14,326ms] [Warning] [omni.physx.plugin] Invalid PhysX transform detected for /World/Stem/Stress_50_39.
2026-07-23 09:52:13 [14,326ms] [Warning] [omni.physx.plugin] Invalid PhysX transform detected for /World/Stem/Stress_50_40.
2026-07-23 09:52:13 [14,326ms] [Warning] [omni.physx.plugin] Invalid PhysX transform detected for /World/Stem/Stress_50_41.
2026-07-23 09:52:13 [14,326ms] [Warning] [omni.physx.plugin] Invalid PhysX transform detected for /World/Stem/Stress_50_42.
2026-07-23 09:52:13 [14,326ms] [Warning] [omni.physx.plugin] Invalid PhysX transform detected for /World/Stem/Stress_50_43.
2026-07-23 09:52:13 [14,326ms] [Warning] [omni.physx.plugin] Invalid PhysX transform detected for /World/Stem/Stress_50_44.
2026-07-23 09:52:13 [14,326ms] [Warning] [omni.physx.plugin] Invalid PhysX transform detected for /World/Stem/Stress_50_45.
2026-07-23 09:52:13 [14,326ms] [Warning] [omni.physx.plugin] Invalid PhysX transform detected for /World/Stem/Stress_50_46.
2026-07-23 09:52:13 [14,326ms] [Warning] [omni.physx.plugin] Invalid PhysX transform detected for /World/Stem/Stress_50_47.
2026-07-23 09:52:13 [14,326ms] [Warning] [omni.physx.plugin] Invalid PhysX transform detected for /World/Stem/Stress_50_48.
2026-07-23 09:52:13 [14,326ms] [Warning] [omni.physx.plugin] Invalid PhysX transform detected for /World/Stem/Stress_50_49.
2026-07-23 09:52:13 [14,326ms] [Warning] [omni.physx.plugin] Invalid PhysX transform detected for /World/Stem/Fruit_Stress_50_base.
2026-07-23 09:52:13 [14,326ms] [Warning] [omni.physx.plugin] Invalid PhysX transform detected for /World/Stem/Fruit_Stress_50_tip.
2026-07-23 09:52:13 [14,326ms] [Warning] [omni.physx.plugin] Invalid PhysX transform detected for /World/Stem/Fruit_Stress_50.
2026-07-23 09:52:13 [14,344ms] [Warning] [omni.physx.plugin] Invalid PhysX transform detected for /World/Stem/Stress_50_00.
2026-07-23 09:52:13 [14,344ms] [Warning] [omni.physx.plugin] Invalid PhysX transform detected for /World/Stem/Stress_50_01.
2026-07-23 09:52:13 [14,344ms] [Warning] [omni.physx.plugin] Invalid PhysX transform detected for /World/Stem/Stress_50_02.
2026-07-23 09:52:13 [14,344ms] [Warning] [omni.physx.plugin] Invalid PhysX transform detected for /World/Stem/Stress_50_03.
2026-07-23 09:52:13 [14,344ms] [Warning] [omni.physx.plugin] Invalid PhysX transform detected for /World/Stem/Stress_50_04.
2026-07-23 09:52:13 [14,344ms] [Warning] [omni.physx.plugin] Invalid PhysX transform detected for /World/Stem/Stress_50_05.
2026-07-23 09:52:13 [14,344ms] [Warning] [omni.physx.plugin] Invalid PhysX transform detected for /World/Stem/Stress_50_06.
2026-07-23 09:52:13 [14,344ms] [Warning] [omni.physx.plugin] Invalid PhysX transform detected for /World/Stem/Stress_50_07.
2026-07-23 09:52:13 [14,344ms] [Warning] [omni.physx.plugin] Invalid PhysX transform detected for /World/Stem/Stress_50_08.
2026-07-23 09:52:13 [14,344ms] [Warning] [omni.physx.plugin] Invalid PhysX transform detected for /World/Stem/Stress_50_09.
2026-07-23 09:52:13 [14,344ms] [Warning] [omni.physx.plugin] Invalid PhysX transform detected for /World/Stem/Stress_50_10.
2026-07-23 09:52:13 [14,344ms] [Warning] [omni.physx.plugin] Invalid PhysX transform detected for /World/Stem/Stress_50_11.
2026-07-23 09:52:13 [14,344ms] [Warning] [omni.physx.plugin] Invalid PhysX transform detected for /World/Stem/Stress_50_12.
2026-07-23 09:52:13 [14,344ms] [Warning] [omni.physx.plugin] Invalid PhysX transform detected for /World/Stem/Stress_50_13.
2026-07-23 09:52:13 [14,344ms] [Warning] [omni.physx.plugin] Invalid PhysX transform detected for /World/Stem/Stress_50_14.
2026-07-23 09:52:13 [14,344ms] [Warning] [omni.physx.plugin] Invalid PhysX transform detected for /World/Stem/Stress_50_15.
2026-07-23 09:52:13 [14,344ms] [Warning] [omni.physx.plugin] Invalid PhysX transform detected for /World/Stem/Stress_50_16.
2026-07-23 09:52:13 [14,344ms] [Warning] [omni.physx.plugin] Invalid PhysX transform detected for /World/Stem/Stress_50_17.
2026-07-23 09:52:13 [14,344ms] [Warning] [omni.physx.plugin] Invalid PhysX transform detected for /World/Stem/Stress_50_18.
2026-07-23 09:52:13 [14,344ms] [Warning] [omni.physx.plugin] Invalid PhysX transform detected for /World/Stem/Stress_50_19.
2026-07-23 09:52:13 [14,344ms] [Warning] [omni.physx.plugin] Invalid PhysX transform detected for /World/Stem/Stress_50_20.
2026-07-23 09:52:13 [14,344ms] [Warning] [omni.physx.plugin] Invalid PhysX transform detected for /World/Stem/Stress_50_21.
2026-07-23 09:52:13 [14,344ms] [Warning] [omni.physx.plugin] Invalid PhysX transform detected for /World/Stem/Stress_50_22.
2026-07-23 09:52:13 [14,344ms] [Warning] [omni.physx.plugin] Invalid PhysX transform detected for /World/Stem/Stress_50_23.
2026-07-23 09:52:13 [14,344ms] [Warning] [omni.physx.plugin] Invalid PhysX transform detected for /World/Stem/Stress_50_24.
2026-07-23 09:52:13 [14,344ms] [Warning] [omni.physx.plugin] Invalid PhysX transform detected for /World/Stem/Stress_50_25.
2026-07-23 09:52:13 [14,344ms] [Warning] [omni.physx.plugin] Invalid PhysX transform detected for /World/Stem/Stress_50_26.
2026-07-23 09:52:13 [14,344ms] [Warning] [omni.physx.plugin] Invalid PhysX transform detected for /World/Stem/Stress_50_27.
2026-07-23 09:52:13 [14,344ms] [Warning] [omni.physx.plugin] Invalid PhysX transform detected for /World/Stem/Stress_50_28.
2026-07-23 09:52:13 [14,344ms] [Warning] [omni.physx.plugin] Invalid PhysX transform detected for /World/Stem/Stress_50_29.
2026-07-23 09:52:13 [14,344ms] [Warning] [omni.physx.plugin] Invalid PhysX transform detected for /World/Stem/Stress_50_30.
2026-07-23 09:52:13 [14,344ms] [Warning] [omni.physx.plugin] Invalid PhysX transform detected for /World/Stem/Stress_50_31.
2026-07-23 09:52:13 [14,344ms] [Warning] [omni.physx.plugin] Invalid PhysX transform detected for /World/Stem/Stress_50_32.
2026-07-23 09:52:13 [14,344ms] [Warning] [omni.physx.plugin] Invalid PhysX transform detected for /World/Stem/Stress_50_33.
2026-07-23 09:52:13 [14,344ms] [Warning] [omni.physx.plugin] Invalid PhysX transform detected for /World/Stem/Stress_50_34.
2026-07-23 09:52:13 [14,344ms] [Warning] [omni.physx.plugin] Invalid PhysX transform detected for /World/Stem/Stress_50_35.
2026-07-23 09:52:13 [14,344ms] [Warning] [omni.physx.plugin] Invalid PhysX transform detected for /World/Stem/Stress_50_36.
2026-07-23 09:52:13 [14,344ms] [Warning] [omni.physx.plugin] Invalid PhysX transform detected for /World/Stem/Stress_50_37.
2026-07-23 09:52:13 [14,344ms] [Warning] [omni.physx.plugin] Invalid PhysX transform detected for /World/Stem/Stress_50_38.
2026-07-23 09:52:13 [14,344ms] [Warning] [omni.physx.plugin] Invalid PhysX transform detected for /World/Stem/Stress_50_39.
2026-07-23 09:52:13 [14,344ms] [Warning] [omni.physx.plugin] Invalid PhysX transform detected for /World/Stem/Stress_50_40.
2026-07-23 09:52:13 [14,344ms] [Warning] [omni.physx.plugin] Invalid PhysX transform detected for /World/Stem/Stress_50_41.
2026-07-23 09:52:13 [14,344ms] [Warning] [omni.physx.plugin] Invalid PhysX transform detected for /World/Stem/Stress_50_42.
2026-07-23 09:52:13 [14,344ms] [Warning] [omni.physx.plugin] Invalid PhysX transform detected for /World/Stem/Stress_50_43.
2026-07-23 09:52:13 [14,344ms] [Warning] [omni.physx.plugin] Invalid PhysX transform detected for /World/Stem/Stress_50_44.
2026-07-23 09:52:13 [14,344ms] [Warning] [omni.physx.plugin] Invalid PhysX transform detected for /World/Stem/Stress_50_45.
2026-07-23 09:52:13 [14,344ms] [Warning] [omni.physx.plugin] Invalid PhysX transform detected for /World/Stem/Stress_50_46.
2026-07-23 09:52:13 [14,344ms] [Warning] [omni.physx.plugin] Invalid PhysX transform detected for /World/Stem/Stress_50_47.
2026-07-23 09:52:13 [14,344ms] [Warning] [omni.physx.plugin] Invalid PhysX transform detected for /World/Stem/Stress_50_48.
2026-07-23 09:52:13 [14,344ms] [Warning] [omni.physx.plugin] Invalid PhysX transform detected for /World/Stem/Stress_50_49.
2026-07-23 09:52:13 [14,344ms] [Warning] [omni.physx.plugin] Invalid PhysX transform detected for /World/Stem/Fruit_Stress_50_base.
2026-07-23 09:52:13 [14,344ms] [Warning] [omni.physx.plugin] Invalid PhysX transform detected for /World/Stem/Fruit_Stress_50_tip.
2026-07-23 09:52:13 [14,344ms] [Warning] [omni.physx.plugin] Invalid PhysX transform detected for /World/Stem/Fruit_Stress_50.
2026-07-23 09:52:13 [14,363ms] [Warning] [omni.physx.plugin] Invalid PhysX transform detected for /World/Stem/Stress_50_00.
2026-07-23 09:52:13 [14,363ms] [Warning] [omni.physx.plugin] Invalid PhysX transform detected for /World/Stem/Stress_50_01.
2026-07-23 09:52:13 [14,363ms] [Warning] [omni.physx.plugin] Invalid PhysX transform detected for /World/Stem/Stress_50_02.
2026-07-23 09:52:13 [14,363ms] [Warning] [omni.physx.plugin] Invalid PhysX transform detected for /World/Stem/Stress_50_03.
2026-07-23 09:52:13 [14,363ms] [Warning] [omni.physx.plugin] Invalid PhysX transform detected for /World/Stem/Stress_50_04.
2026-07-23 09:52:13 [14,363ms] [Warning] [omni.physx.plugin] Invalid PhysX transform detected for /World/Stem/Stress_50_05.
2026-07-23 09:52:13 [14,363ms] [Warning] [omni.physx.plugin] Invalid PhysX transform detected for /World/Stem/Stress_50_06.
2026-07-23 09:52:13 [14,363ms] [Warning] [omni.physx.plugin] Invalid PhysX transform detected for /World/Stem/Stress_50_07.
2026-07-23 09:52:13 [14,363ms] [Warning] [omni.physx.plugin] Invalid PhysX transform detected for /World/Stem/Stress_50_08.
2026-07-23 09:52:13 [14,363ms] [Warning] [omni.physx.plugin] Invalid PhysX transform detected for /World/Stem/Stress_50_09.
2026-07-23 09:52:13 [14,363ms] [Warning] [omni.physx.plugin] Invalid PhysX transform detected for /World/Stem/Stress_50_10.
2026-07-23 09:52:13 [14,363ms] [Warning] [omni.physx.plugin] Invalid PhysX transform detected for /World/Stem/Stress_50_11.
2026-07-23 09:52:13 [14,363ms] [Warning] [omni.physx.plugin] Invalid PhysX transform detected for /World/Stem/Stress_50_12.
2026-07-23 09:52:13 [14,363ms] [Warning] [omni.physx.plugin] Invalid PhysX transform detected for /World/Stem/Stress_50_13.
2026-07-23 09:52:13 [14,363ms] [Warning] [omni.physx.plugin] Invalid PhysX transform detected for /World/Stem/Stress_50_14.
2026-07-23 09:52:13 [14,363ms] [Warning] [omni.physx.plugin] Invalid PhysX transform detected for /World/Stem/Stress_50_15.
2026-07-23 09:52:13 [14,363ms] [Warning] [omni.physx.plugin] Invalid PhysX transform detected for /World/Stem/Stress_50_16.
2026-07-23 09:52:13 [14,363ms] [Warning] [omni.physx.plugin] Invalid PhysX transform detected for /World/Stem/Stress_50_17.
2026-07-23 09:52:13 [14,363ms] [Warning] [omni.physx.plugin] Invalid PhysX transform detected for /World/Stem/Stress_50_18.
2026-07-23 09:52:13 [14,363ms] [Warning] [omni.physx.plugin] Invalid PhysX transform detected for /World/Stem/Stress_50_19.
2026-07-23 09:52:13 [14,363ms] [Warning] [omni.physx.plugin] Invalid PhysX transform detected for /World/Stem/Stress_50_20.
2026-07-23 09:52:13 [14,363ms] [Warning] [omni.physx.plugin] Invalid PhysX transform detected for /World/Stem/Stress_50_21.
2026-07-23 09:52:13 [14,363ms] [Warning] [omni.physx.plugin] Invalid PhysX transform detected for /World/Stem/Stress_50_22.
2026-07-23 09:52:13 [14,363ms] [Warning] [omni.physx.plugin] Invalid PhysX transform detected for /World/Stem/Stress_50_23.
2026-07-23 09:52:13 [14,363ms] [Warning] [omni.physx.plugin] Invalid PhysX transform detected for /World/Stem/Stress_50_24.
2026-07-23 09:52:13 [14,363ms] [Warning] [omni.physx.plugin] Invalid PhysX transform detected for /World/Stem/Stress_50_25.
2026-07-23 09:52:13 [14,363ms] [Warning] [omni.physx.plugin] Invalid PhysX transform detected for /World/Stem/Stress_50_26.
2026-07-23 09:52:13 [14,363ms] [Warning] [omni.physx.plugin] Invalid PhysX transform detected for /World/Stem/Stress_50_27.
2026-07-23 09:52:13 [14,363ms] [Warning] [omni.physx.plugin] Invalid PhysX transform detected for /World/Stem/Stress_50_28.
2026-07-23 09:52:13 [14,363ms] [Warning] [omni.physx.plugin] Invalid PhysX transform detected for /World/Stem/Stress_50_29.
2026-07-23 09:52:13 [14,363ms] [Warning] [omni.physx.plugin] Invalid PhysX transform detected for /World/Stem/Stress_50_30.
2026-07-23 09:52:13 [14,363ms] [Warning] [omni.physx.plugin] Invalid PhysX transform detected for /World/Stem/Stress_50_31.
2026-07-23 09:52:13 [14,363ms] [Warning] [omni.physx.plugin] Invalid PhysX transform detected for /World/Stem/Stress_50_32.
2026-07-23 09:52:13 [14,363ms] [Warning] [omni.physx.plugin] Invalid PhysX transform detected for /World/Stem/Stress_50_33.
2026-07-23 09:52:13 [14,363ms] [Warning] [omni.physx.plugin] Invalid PhysX transform detected for /World/Stem/Stress_50_34.
2026-07-23 09:52:13 [14,363ms] [Warning] [omni.physx.plugin] Invalid PhysX transform detected for /World/Stem/Stress_50_35.
2026-07-23 09:52:13 [14,363ms] [Warning] [omni.physx.plugin] Invalid PhysX transform detected for /World/Stem/Stress_50_36.
2026-07-23 09:52:13 [14,363ms] [Warning] [omni.physx.plugin] Invalid PhysX transform detected for /World/Stem/Stress_50_37.
2026-07-23 09:52:13 [14,363ms] [Warning] [omni.physx.plugin] Invalid PhysX transform detected for /World/Stem/Stress_50_38.
2026-07-23 09:52:13 [14,363ms] [Warning] [omni.physx.plugin] Invalid PhysX transform detected for /World/Stem/Stress_50_39.
2026-07-23 09:52:13 [14,363ms] [Warning] [omni.physx.plugin] Invalid PhysX transform detected for /World/Stem/Stress_50_40.
2026-07-23 09:52:13 [14,363ms] [Warning] [omni.physx.plugin] Invalid PhysX transform detected for /World/Stem/Stress_50_41.
2026-07-23 09:52:13 [14,363ms] [Warning] [omni.physx.plugin] Invalid PhysX transform detected for /World/Stem/Stress_50_42.
2026-07-23 09:52:13 [14,363ms] [Warning] [omni.physx.plugin] Invalid PhysX transform detected for /World/Stem/Stress_50_43.
2026-07-23 09:52:13 [14,363ms] [Warning] [omni.physx.plugin] Invalid PhysX transform detected for /World/Stem/Stress_50_44.
2026-07-23 09:52:13 [14,363ms] [Warning] [omni.physx.plugin] Invalid PhysX transform detected for /World/Stem/Stress_50_45.
2026-07-23 09:52:13 [14,363ms] [Warning] [omni.physx.plugin] Invalid PhysX transform detected for /World/Stem/Stress_50_46.
2026-07-23 09:52:13 [14,363ms] [Warning] [omni.physx.plugin] Invalid PhysX transform detected for /World/Stem/Stress_50_47.
2026-07-23 09:52:13 [14,363ms] [Warning] [omni.physx.plugin] Invalid PhysX transform detected for /World/Stem/Stress_50_48.
2026-07-23 09:52:13 [14,363ms] [Warning] [omni.physx.plugin] Invalid PhysX transform detected for /World/Stem/Stress_50_49.
2026-07-23 09:52:13 [14,363ms] [Warning] [omni.physx.plugin] Invalid PhysX transform detected for /World/Stem/Fruit_Stress_50_base.
2026-07-23 09:52:13 [14,363ms] [Warning] [omni.physx.plugin] Invalid PhysX transform detected for /World/Stem/Fruit_Stress_50_tip.
2026-07-23 09:52:13 [14,363ms] [Warning] [omni.physx.plugin] Invalid PhysX transform detected for /World/Stem/Fruit_Stress_50.
2026-07-23 09:52:13 [14,381ms] [Warning] [omni.physx.plugin] Invalid PhysX transform detected for /World/Stem/Stress_50_00.
2026-07-23 09:52:13 [14,381ms] [Warning] [omni.physx.plugin] Invalid PhysX transform detected for /World/Stem/Stress_50_01.
2026-07-23 09:52:13 [14,381ms] [Warning] [omni.physx.plugin] Invalid PhysX transform detected for /World/Stem/Stress_50_02.
2026-07-23 09:52:13 [14,381ms] [Warning] [omni.physx.plugin] Invalid PhysX transform detected for /World/Stem/Stress_50_03.
2026-07-23 09:52:13 [14,381ms] [Warning] [omni.physx.plugin] Invalid PhysX transform detected for /World/Stem/Stress_50_04.
2026-07-23 09:52:13 [14,381ms] [Warning] [omni.physx.plugin] Invalid PhysX transform detected for /World/Stem/Stress_50_05.
2026-07-23 09:52:13 [14,381ms] [Warning] [omni.physx.plugin] Invalid PhysX transform detected for /World/Stem/Stress_50_06.
2026-07-23 09:52:13 [14,381ms] [Warning] [omni.physx.plugin] Invalid PhysX transform detected for /World/Stem/Stress_50_07.
2026-07-23 09:52:13 [14,381ms] [Warning] [omni.physx.plugin] Invalid PhysX transform detected for /World/Stem/Stress_50_08.
2026-07-23 09:52:13 [14,381ms] [Warning] [omni.physx.plugin] Invalid PhysX transform detected for /World/Stem/Stress_50_09.
2026-07-23 09:52:13 [14,381ms] [Warning] [omni.physx.plugin] Invalid PhysX transform detected for /World/Stem/Stress_50_10.
2026-07-23 09:52:13 [14,381ms] [Warning] [omni.physx.plugin] Invalid PhysX transform detected for /World/Stem/Stress_50_11.
2026-07-23 09:52:13 [14,381ms] [Warning] [omni.physx.plugin] Invalid PhysX transform detected for /World/Stem/Stress_50_12.
2026-07-23 09:52:13 [14,381ms] [Warning] [omni.physx.plugin] Invalid PhysX transform detected for /World/Stem/Stress_50_13.
2026-07-23 09:52:13 [14,381ms] [Warning] [omni.physx.plugin] Invalid PhysX transform detected for /World/Stem/Stress_50_14.
2026-07-23 09:52:13 [14,381ms] [Warning] [omni.physx.plugin] Invalid PhysX transform detected for /World/Stem/Stress_50_15.
2026-07-23 09:52:13 [14,381ms] [Warning] [omni.physx.plugin] Invalid PhysX transform detected for /World/Stem/Stress_50_16.
2026-07-23 09:52:13 [14,381ms] [Warning] [omni.physx.plugin] Invalid PhysX transform detected for /World/Stem/Stress_50_17.
2026-07-23 09:52:13 [14,381ms] [Warning] [omni.physx.plugin] Invalid PhysX transform detected for /World/Stem/Stress_50_18.
2026-07-23 09:52:13 [14,381ms] [Warning] [omni.physx.plugin] Invalid PhysX transform detected for /World/Stem/Stress_50_19.
2026-07-23 09:52:13 [14,381ms] [Warning] [omni.physx.plugin] Invalid PhysX transform detected for /World/Stem/Stress_50_20.
2026-07-23 09:52:13 [14,381ms] [Warning] [omni.physx.plugin] Invalid PhysX transform detected for /World/Stem/Stress_50_21.
2026-07-23 09:52:13 [14,381ms] [Warning] [omni.physx.plugin] Invalid PhysX transform detected for /World/Stem/Stress_50_22.
2026-07-23 09:52:13 [14,381ms] [Warning] [omni.physx.plugin] Invalid PhysX transform detected for /World/Stem/Stress_50_23.
2026-07-23 09:52:13 [14,381ms] [Warning] [omni.physx.plugin] Invalid PhysX transform detected for /World/Stem/Stress_50_24.
2026-07-23 09:52:13 [14,381ms] [Warning] [omni.physx.plugin] Invalid PhysX transform detected for /World/Stem/Stress_50_25.
2026-07-23 09:52:13 [14,381ms] [Warning] [omni.physx.plugin] Invalid PhysX transform detected for /World/Stem/Stress_50_26.
2026-07-23 09:52:13 [14,381ms] [Warning] [omni.physx.plugin] Invalid PhysX transform detected for /World/Stem/Stress_50_27.
2026-07-23 09:52:13 [14,381ms] [Warning] [omni.physx.plugin] Invalid PhysX transform detected for /World/Stem/Stress_50_28.
2026-07-23 09:52:13 [14,381ms] [Warning] [omni.physx.plugin] Invalid PhysX transform detected for /World/Stem/Stress_50_29.
2026-07-23 09:52:13 [14,381ms] [Warning] [omni.physx.plugin] Invalid PhysX transform detected for /World/Stem/Stress_50_30.
2026-07-23 09:52:13 [14,381ms] [Warning] [omni.physx.plugin] Invalid PhysX transform detected for /World/Stem/Stress_50_31.
2026-07-23 09:52:13 [14,381ms] [Warning] [omni.physx.plugin] Invalid PhysX transform detected for /World/Stem/Stress_50_32.
2026-07-23 09:52:13 [14,381ms] [Warning] [omni.physx.plugin] Invalid PhysX transform detected for /World/Stem/Stress_50_33.
2026-07-23 09:52:13 [14,381ms] [Warning] [omni.physx.plugin] Invalid PhysX transform detected for /World/Stem/Stress_50_34.
2026-07-23 09:52:13 [14,381ms] [Warning] [omni.physx.plugin] Invalid PhysX transform detected for /World/Stem/Stress_50_35.
2026-07-23 09:52:13 [14,381ms] [Warning] [omni.physx.plugin] Invalid PhysX transform detected for /World/Stem/Stress_50_36.
2026-07-23 09:52:13 [14,381ms] [Warning] [omni.physx.plugin] Invalid PhysX transform detected for /World/Stem/Stress_50_37.
2026-07-23 09:52:13 [14,381ms] [Warning] [omni.physx.plugin] Invalid PhysX transform detected for /World/Stem/Stress_50_38.
2026-07-23 09:52:13 [14,381ms] [Warning] [omni.physx.plugin] Invalid PhysX transform detected for /World/Stem/Stress_50_39.
2026-07-23 09:52:13 [14,381ms] [Warning] [omni.physx.plugin] Invalid PhysX transform detected for /World/Stem/Stress_50_40.
2026-07-23 09:52:13 [14,381ms] [Warning] [omni.physx.plugin] Invalid PhysX transform detected for /World/Stem/Stress_50_41.
2026-07-23 09:52:13 [14,381ms] [Warning] [omni.physx.plugin] Invalid PhysX transform detected for /World/Stem/Stress_50_42.
2026-07-23 09:52:13 [14,381ms] [Warning] [omni.physx.plugin] Invalid PhysX transform detected for /World/Stem/Stress_50_43.
2026-07-23 09:52:13 [14,381ms] [Warning] [omni.physx.plugin] Invalid PhysX transform detected for /World/Stem/Stress_50_44.
2026-07-23 09:52:13 [14,381ms] [Warning] [omni.physx.plugin] Invalid PhysX transform detected for /World/Stem/Stress_50_45.
2026-07-23 09:52:13 [14,381ms] [Warning] [omni.physx.plugin] Invalid PhysX transform detected for /World/Stem/Stress_50_46.
2026-07-23 09:52:13 [14,381ms] [Warning] [omni.physx.plugin] Invalid PhysX transform detected for /World/Stem/Stress_50_47.
2026-07-23 09:52:13 [14,381ms] [Warning] [omni.physx.plugin] Invalid PhysX transform detected for /World/Stem/Stress_50_48.
2026-07-23 09:52:13 [14,381ms] [Warning] [omni.physx.plugin] Invalid PhysX transform detected for /World/Stem/Stress_50_49.
2026-07-23 09:52:13 [14,381ms] [Warning] [omni.physx.plugin] Invalid PhysX transform detected for /World/Stem/Fruit_Stress_50_base.
2026-07-23 09:52:13 [14,381ms] [Warning] [omni.physx.plugin] Invalid PhysX transform detected for /World/Stem/Fruit_Stress_50_tip.
2026-07-23 09:52:13 [14,381ms] [Warning] [omni.physx.plugin] Invalid PhysX transform detected for /World/Stem/Fruit_Stress_50.
2026-07-23 09:52:13 [14,400ms] [Warning] [omni.physx.plugin] Invalid PhysX transform detected for /World/Stem/Stress_50_00.
2026-07-23 09:52:13 [14,400ms] [Warning] [omni.physx.plugin] Invalid PhysX transform detected for /World/Stem/Stress_50_01.
2026-07-23 09:52:13 [14,400ms] [Warning] [omni.physx.plugin] Invalid PhysX transform detected for /World/Stem/Stress_50_02.
2026-07-23 09:52:13 [14,400ms] [Warning] [omni.physx.plugin] Invalid PhysX transform detected for /World/Stem/Stress_50_03.
2026-07-23 09:52:13 [14,400ms] [Warning] [omni.physx.plugin] Invalid PhysX transform detected for /World/Stem/Stress_50_04.
2026-07-23 09:52:13 [14,400ms] [Warning] [omni.physx.plugin] Invalid PhysX transform detected for /World/Stem/Stress_50_05.
2026-07-23 09:52:13 [14,400ms] [Warning] [omni.physx.plugin] Invalid PhysX transform detected for /World/Stem/Stress_50_06.
2026-07-23 09:52:13 [14,400ms] [Warning] [omni.physx.plugin] Invalid PhysX transform detected for /World/Stem/Stress_50_07.
2026-07-23 09:52:13 [14,400ms] [Warning] [omni.physx.plugin] Invalid PhysX transform detected for /World/Stem/Stress_50_08.
2026-07-23 09:52:13 [14,400ms] [Warning] [omni.physx.plugin] Invalid PhysX transform detected for /World/Stem/Stress_50_09.
2026-07-23 09:52:13 [14,400ms] [Warning] [omni.physx.plugin] Invalid PhysX transform detected for /World/Stem/Stress_50_10.
2026-07-23 09:52:13 [14,400ms] [Warning] [omni.physx.plugin] Invalid PhysX transform detected for /World/Stem/Stress_50_11.
2026-07-23 09:52:13 [14,400ms] [Warning] [omni.physx.plugin] Invalid PhysX transform detected for /World/Stem/Stress_50_12.
2026-07-23 09:52:13 [14,400ms] [Warning] [omni.physx.plugin] Invalid PhysX transform detected for /World/Stem/Stress_50_13.
2026-07-23 09:52:13 [14,400ms] [Warning] [omni.physx.plugin] Invalid PhysX transform detected for /World/Stem/Stress_50_14.
2026-07-23 09:52:13 [14,400ms] [Warning] [omni.physx.plugin] Invalid PhysX transform detected for /World/Stem/Stress_50_15.
2026-07-23 09:52:13 [14,400ms] [Warning] [omni.physx.plugin] Invalid PhysX transform detected for /World/Stem/Stress_50_16.
2026-07-23 09:52:13 [14,400ms] [Warning] [omni.physx.plugin] Invalid PhysX transform detected for /World/Stem/Stress_50_17.
2026-07-23 09:52:13 [14,400ms] [Warning] [omni.physx.plugin] Invalid PhysX transform detected for /World/Stem/Stress_50_18.
2026-07-23 09:52:13 [14,400ms] [Warning] [omni.physx.plugin] Invalid PhysX transform detected for /World/Stem/Stress_50_19.
2026-07-23 09:52:13 [14,400ms] [Warning] [omni.physx.plugin] Invalid PhysX transform detected for /World/Stem/Stress_50_20.
2026-07-23 09:52:13 [14,400ms] [Warning] [omni.physx.plugin] Invalid PhysX transform detected for /World/Stem/Stress_50_21.
2026-07-23 09:52:13 [14,400ms] [Warning] [omni.physx.plugin] Invalid PhysX transform detected for /World/Stem/Stress_50_22.
2026-07-23 09:52:13 [14,400ms] [Warning] [omni.physx.plugin] Invalid PhysX transform detected for /World/Stem/Stress_50_23.
2026-07-23 09:52:13 [14,400ms] [Warning] [omni.physx.plugin] Invalid PhysX transform detected for /World/Stem/Stress_50_24.
2026-07-23 09:52:13 [14,400ms] [Warning] [omni.physx.plugin] Invalid PhysX transform detected for /World/Stem/Stress_50_25.
2026-07-23 09:52:13 [14,400ms] [Warning] [omni.physx.plugin] Invalid PhysX transform detected for /World/Stem/Stress_50_26.
2026-07-23 09:52:13 [14,400ms] [Warning] [omni.physx.plugin] Invalid PhysX transform detected for /World/Stem/Stress_50_27.
2026-07-23 09:52:13 [14,400ms] [Warning] [omni.physx.plugin] Invalid PhysX transform detected for /World/Stem/Stress_50_28.
2026-07-23 09:52:13 [14,400ms] [Warning] [omni.physx.plugin] Invalid PhysX transform detected for /World/Stem/Stress_50_29.
2026-07-23 09:52:13 [14,400ms] [Warning] [omni.physx.plugin] Invalid PhysX transform detected for /World/Stem/Stress_50_30.
2026-07-23 09:52:13 [14,400ms] [Warning] [omni.physx.plugin] Invalid PhysX transform detected for /World/Stem/Stress_50_31.
2026-07-23 09:52:13 [14,400ms] [Warning] [omni.physx.plugin] Invalid PhysX transform detected for /World/Stem/Stress_50_32.
2026-07-23 09:52:13 [14,400ms] [Warning] [omni.physx.plugin] Invalid PhysX transform detected for /World/Stem/Stress_50_33.
2026-07-23 09:52:13 [14,400ms] [Warning] [omni.physx.plugin] Invalid PhysX transform detected for /World/Stem/Stress_50_34.
2026-07-23 09:52:13 [14,400ms] [Warning] [omni.physx.plugin] Invalid PhysX transform detected for /World/Stem/Stress_50_35.
2026-07-23 09:52:13 [14,400ms] [Warning] [omni.physx.plugin] Invalid PhysX transform detected for /World/Stem/Stress_50_36.
2026-07-23 09:52:13 [14,400ms] [Warning] [omni.physx.plugin] Invalid PhysX transform detected for /World/Stem/Stress_50_37.
2026-07-23 09:52:13 [14,400ms] [Warning] [omni.physx.plugin] Invalid PhysX transform detected for /World/Stem/Stress_50_38.
2026-07-23 09:52:13 [14,400ms] [Warning] [omni.physx.plugin] Invalid PhysX transform detected for /World/Stem/Stress_50_39.
2026-07-23 09:52:13 [14,400ms] [Warning] [omni.physx.plugin] Invalid PhysX transform detected for /World/Stem/Stress_50_40.
2026-07-23 09:52:13 [14,400ms] [Warning] [omni.physx.plugin] Invalid PhysX transform detected for /World/Stem/Stress_50_41.
2026-07-23 09:52:13 [14,400ms] [Warning] [omni.physx.plugin] Invalid PhysX transform detected for /World/Stem/Stress_50_42.
2026-07-23 09:52:13 [14,400ms] [Warning] [omni.physx.plugin] Invalid PhysX transform detected for /World/Stem/Stress_50_43.
2026-07-23 09:52:13 [14,400ms] [Warning] [omni.physx.plugin] Invalid PhysX transform detected for /World/Stem/Stress_50_44.
2026-07-23 09:52:13 [14,400ms] [Warning] [omni.physx.plugin] Invalid PhysX transform detected for /World/Stem/Stress_50_45.
2026-07-23 09:52:13 [14,400ms] [Warning] [omni.physx.plugin] Invalid PhysX transform detected for /World/Stem/Stress_50_46.
2026-07-23 09:52:13 [14,400ms] [Warning] [omni.physx.plugin] Invalid PhysX transform detected for /World/Stem/Stress_50_47.
2026-07-23 09:52:13 [14,400ms] [Warning] [omni.physx.plugin] Invalid PhysX transform detected for /World/Stem/Stress_50_48.
2026-07-23 09:52:13 [14,400ms] [Warning] [omni.physx.plugin] Invalid PhysX transform detected for /World/Stem/Stress_50_49.
2026-07-23 09:52:13 [14,400ms] [Warning] [omni.physx.plugin] Invalid PhysX transform detected for /World/Stem/Fruit_Stress_50_base.
2026-07-23 09:52:13 [14,400ms] [Warning] [omni.physx.plugin] Invalid PhysX transform detected for /World/Stem/Fruit_Stress_50_tip.
2026-07-23 09:52:13 [14,400ms] [Warning] [omni.physx.plugin] Invalid PhysX transform detected for /World/Stem/Fruit_Stress_50.
2026-07-23 09:52:13 [14,418ms] [Warning] [omni.physx.plugin] Invalid PhysX transform detected for /World/Stem/Stress_50_00.
2026-07-23 09:52:13 [14,418ms] [Warning] [omni.physx.plugin] Invalid PhysX transform detected for /World/Stem/Stress_50_01.
2026-07-23 09:52:13 [14,418ms] [Warning] [omni.physx.plugin] Invalid PhysX transform detected for /World/Stem/Stress_50_02.
2026-07-23 09:52:13 [14,418ms] [Warning] [omni.physx.plugin] Invalid PhysX transform detected for /World/Stem/Stress_50_03.
2026-07-23 09:52:13 [14,418ms] [Warning] [omni.physx.plugin] Invalid PhysX transform detected for /World/Stem/Stress_50_04.
2026-07-23 09:52:13 [14,418ms] [Warning] [omni.physx.plugin] Invalid PhysX transform detected for /World/Stem/Stress_50_05.
2026-07-23 09:52:13 [14,418ms] [Warning] [omni.physx.plugin] Invalid PhysX transform detected for /World/Stem/Stress_50_06.
2026-07-23 09:52:13 [14,418ms] [Warning] [omni.physx.plugin] Invalid PhysX transform detected for /World/Stem/Stress_50_07.
2026-07-23 09:52:13 [14,418ms] [Warning] [omni.physx.plugin] Invalid PhysX transform detected for /World/Stem/Stress_50_08.
2026-07-23 09:52:13 [14,418ms] [Warning] [omni.physx.plugin] Invalid PhysX transform detected for /World/Stem/Stress_50_09.
2026-07-23 09:52:13 [14,418ms] [Warning] [omni.physx.plugin] Invalid PhysX transform detected for /World/Stem/Stress_50_10.
2026-07-23 09:52:13 [14,418ms] [Warning] [omni.physx.plugin] Invalid PhysX transform detected for /World/Stem/Stress_50_11.
2026-07-23 09:52:13 [14,418ms] [Warning] [omni.physx.plugin] Invalid PhysX transform detected for /World/Stem/Stress_50_12.
2026-07-23 09:52:13 [14,418ms] [Warning] [omni.physx.plugin] Invalid PhysX transform detected for /World/Stem/Stress_50_13.
2026-07-23 09:52:13 [14,418ms] [Warning] [omni.physx.plugin] Invalid PhysX transform detected for /World/Stem/Stress_50_14.
2026-07-23 09:52:13 [14,418ms] [Warning] [omni.physx.plugin] Invalid PhysX transform detected for /World/Stem/Stress_50_15.
2026-07-23 09:52:13 [14,418ms] [Warning] [omni.physx.plugin] Invalid PhysX transform detected for /World/Stem/Stress_50_16.
2026-07-23 09:52:13 [14,418ms] [Warning] [omni.physx.plugin] Invalid PhysX transform detected for /World/Stem/Stress_50_17.
2026-07-23 09:52:13 [14,418ms] [Warning] [omni.physx.plugin] Invalid PhysX transform detected for /World/Stem/Stress_50_18.
2026-07-23 09:52:13 [14,418ms] [Warning] [omni.physx.plugin] Invalid PhysX transform detected for /World/Stem/Stress_50_19.
2026-07-23 09:52:13 [14,418ms] [Warning] [omni.physx.plugin] Invalid PhysX transform detected for /World/Stem/Stress_50_20.
2026-07-23 09:52:13 [14,418ms] [Warning] [omni.physx.plugin] Invalid PhysX transform detected for /World/Stem/Stress_50_21.
2026-07-23 09:52:13 [14,418ms] [Warning] [omni.physx.plugin] Invalid PhysX transform detected for /World/Stem/Stress_50_22.
2026-07-23 09:52:13 [14,418ms] [Warning] [omni.physx.plugin] Invalid PhysX transform detected for /World/Stem/Stress_50_23.
2026-07-23 09:52:13 [14,418ms] [Warning] [omni.physx.plugin] Invalid PhysX transform detected for /World/Stem/Stress_50_24.
2026-07-23 09:52:13 [14,418ms] [Warning] [omni.physx.plugin] Invalid PhysX transform detected for /World/Stem/Stress_50_25.
2026-07-23 09:52:13 [14,418ms] [Warning] [omni.physx.plugin] Invalid PhysX transform detected for /World/Stem/Stress_50_26.
2026-07-23 09:52:13 [14,418ms] [Warning] [omni.physx.plugin] Invalid PhysX transform detected for /World/Stem/Stress_50_27.
2026-07-23 09:52:13 [14,418ms] [Warning] [omni.physx.plugin] Invalid PhysX transform detected for /World/Stem/Stress_50_28.
2026-07-23 09:52:13 [14,418ms] [Warning] [omni.physx.plugin] Invalid PhysX transform detected for /World/Stem/Stress_50_29.
2026-07-23 09:52:13 [14,418ms] [Warning] [omni.physx.plugin] Invalid PhysX transform detected for /World/Stem/Stress_50_30.
2026-07-23 09:52:13 [14,418ms] [Warning] [omni.physx.plugin] Invalid PhysX transform detected for /World/Stem/Stress_50_31.
2026-07-23 09:52:13 [14,418ms] [Warning] [omni.physx.plugin] Invalid PhysX transform detected for /World/Stem/Stress_50_32.
2026-07-23 09:52:13 [14,418ms] [Warning] [omni.physx.plugin] Invalid PhysX transform detected for /World/Stem/Stress_50_33.
2026-07-23 09:52:13 [14,418ms] [Warning] [omni.physx.plugin] Invalid PhysX transform detected for /World/Stem/Stress_50_34.
2026-07-23 09:52:13 [14,418ms] [Warning] [omni.physx.plugin] Invalid PhysX transform detected for /World/Stem/Stress_50_35.
2026-07-23 09:52:13 [14,418ms] [Warning] [omni.physx.plugin] Invalid PhysX transform detected for /World/Stem/Stress_50_36.
2026-07-23 09:52:13 [14,418ms] [Warning] [omni.physx.plugin] Invalid PhysX transform detected for /World/Stem/Stress_50_37.
2026-07-23 09:52:13 [14,418ms] [Warning] [omni.physx.plugin] Invalid PhysX transform detected for /World/Stem/Stress_50_38.
2026-07-23 09:52:13 [14,418ms] [Warning] [omni.physx.plugin] Invalid PhysX transform detected for /World/Stem/Stress_50_39.
2026-07-23 09:52:13 [14,418ms] [Warning] [omni.physx.plugin] Invalid PhysX transform detected for /World/Stem/Stress_50_40.
2026-07-23 09:52:13 [14,418ms] [Warning] [omni.physx.plugin] Invalid PhysX transform detected for /World/Stem/Stress_50_41.
2026-07-23 09:52:13 [14,418ms] [Warning] [omni.physx.plugin] Invalid PhysX transform detected for /World/Stem/Stress_50_42.
2026-07-23 09:52:13 [14,418ms] [Warning] [omni.physx.plugin] Invalid PhysX transform detected for /World/Stem/Stress_50_43.
2026-07-23 09:52:13 [14,418ms] [Warning] [omni.physx.plugin] Invalid PhysX transform detected for /World/Stem/Stress_50_44.
2026-07-23 09:52:13 [14,418ms] [Warning] [omni.physx.plugin] Invalid PhysX transform detected for /World/Stem/Stress_50_45.
2026-07-23 09:52:13 [14,418ms] [Warning] [omni.physx.plugin] Invalid PhysX transform detected for /World/Stem/Stress_50_46.
2026-07-23 09:52:13 [14,418ms] [Warning] [omni.physx.plugin] Invalid PhysX transform detected for /World/Stem/Stress_50_47.
2026-07-23 09:52:13 [14,418ms] [Warning] [omni.physx.plugin] Invalid PhysX transform detected for /World/Stem/Stress_50_48.
2026-07-23 09:52:13 [14,418ms] [Warning] [omni.physx.plugin] Invalid PhysX transform detected for /World/Stem/Stress_50_49.
2026-07-23 09:52:13 [14,418ms] [Warning] [omni.physx.plugin] Invalid PhysX transform detected for /World/Stem/Fruit_Stress_50_base.
2026-07-23 09:52:13 [14,418ms] [Warning] [omni.physx.plugin] Invalid PhysX transform detected for /World/Stem/Fruit_Stress_50_tip.
2026-07-23 09:52:13 [14,418ms] [Warning] [omni.physx.plugin] Invalid PhysX transform detected for /World/Stem/Fruit_Stress_50.
2026-07-23 09:52:13 [14,437ms] [Warning] [omni.physx.plugin] Invalid PhysX transform detected for /World/Stem/Stress_50_00.
2026-07-23 09:52:13 [14,437ms] [Warning] [omni.physx.plugin] Invalid PhysX transform detected for /World/Stem/Stress_50_01.
2026-07-23 09:52:13 [14,437ms] [Warning] [omni.physx.plugin] Invalid PhysX transform detected for /World/Stem/Stress_50_02.
2026-07-23 09:52:13 [14,437ms] [Warning] [omni.physx.plugin] Invalid PhysX transform detected for /World/Stem/Stress_50_03.
2026-07-23 09:52:13 [14,437ms] [Warning] [omni.physx.plugin] Invalid PhysX transform detected for /World/Stem/Stress_50_04.
2026-07-23 09:52:13 [14,437ms] [Warning] [omni.physx.plugin] Invalid PhysX transform detected for /World/Stem/Stress_50_05.
2026-07-23 09:52:13 [14,437ms] [Warning] [omni.physx.plugin] Invalid PhysX transform detected for /World/Stem/Stress_50_06.
2026-07-23 09:52:13 [14,437ms] [Warning] [omni.physx.plugin] Invalid PhysX transform detected for /World/Stem/Stress_50_07.
2026-07-23 09:52:13 [14,437ms] [Warning] [omni.physx.plugin] Invalid PhysX transform detected for /World/Stem/Stress_50_08.
2026-07-23 09:52:13 [14,437ms] [Warning] [omni.physx.plugin] Invalid PhysX transform detected for /World/Stem/Stress_50_09.
2026-07-23 09:52:13 [14,437ms] [Warning] [omni.physx.plugin] Invalid PhysX transform detected for /World/Stem/Stress_50_10.
2026-07-23 09:52:13 [14,437ms] [Warning] [omni.physx.plugin] Invalid PhysX transform detected for /World/Stem/Stress_50_11.
2026-07-23 09:52:13 [14,437ms] [Warning] [omni.physx.plugin] Invalid PhysX transform detected for /World/Stem/Stress_50_12.
2026-07-23 09:52:13 [14,437ms] [Warning] [omni.physx.plugin] Invalid PhysX transform detected for /World/Stem/Stress_50_13.
2026-07-23 09:52:13 [14,437ms] [Warning] [omni.physx.plugin] Invalid PhysX transform detected for /World/Stem/Stress_50_14.
2026-07-23 09:52:13 [14,437ms] [Warning] [omni.physx.plugin] Invalid PhysX transform detected for /World/Stem/Stress_50_15.
2026-07-23 09:52:13 [14,437ms] [Warning] [omni.physx.plugin] Invalid PhysX transform detected for /World/Stem/Stress_50_16.
2026-07-23 09:52:13 [14,437ms] [Warning] [omni.physx.plugin] Invalid PhysX transform detected for /World/Stem/Stress_50_17.
2026-07-23 09:52:13 [14,437ms] [Warning] [omni.physx.plugin] Invalid PhysX transform detected for /World/Stem/Stress_50_18.
2026-07-23 09:52:13 [14,437ms] [Warning] [omni.physx.plugin] Invalid PhysX transform detected for /World/Stem/Stress_50_19.
2026-07-23 09:52:13 [14,437ms] [Warning] [omni.physx.plugin] Invalid PhysX transform detected for /World/Stem/Stress_50_20.
2026-07-23 09:52:13 [14,437ms] [Warning] [omni.physx.plugin] Invalid PhysX transform detected for /World/Stem/Stress_50_21.
2026-07-23 09:52:13 [14,437ms] [Warning] [omni.physx.plugin] Invalid PhysX transform detected for /World/Stem/Stress_50_22.
2026-07-23 09:52:13 [14,437ms] [Warning] [omni.physx.plugin] Invalid PhysX transform detected for /World/Stem/Stress_50_23.
2026-07-23 09:52:13 [14,437ms] [Warning] [omni.physx.plugin] Invalid PhysX transform detected for /World/Stem/Stress_50_24.
2026-07-23 09:52:13 [14,437ms] [Warning] [omni.physx.plugin] Invalid PhysX transform detected for /World/Stem/Stress_50_25.
2026-07-23 09:52:13 [14,437ms] [Warning] [omni.physx.plugin] Invalid PhysX transform detected for /World/Stem/Stress_50_26.
2026-07-23 09:52:13 [14,437ms] [Warning] [omni.physx.plugin] Invalid PhysX transform detected for /World/Stem/Stress_50_27.
2026-07-23 09:52:13 [14,437ms] [Warning] [omni.physx.plugin] Invalid PhysX transform detected for /World/Stem/Stress_50_28.
2026-07-23 09:52:13 [14,437ms] [Warning] [omni.physx.plugin] Invalid PhysX transform detected for /World/Stem/Stress_50_29.
2026-07-23 09:52:13 [14,437ms] [Warning] [omni.physx.plugin] Invalid PhysX transform detected for /World/Stem/Stress_50_30.
2026-07-23 09:52:13 [14,437ms] [Warning] [omni.physx.plugin] Invalid PhysX transform detected for /World/Stem/Stress_50_31.
2026-07-23 09:52:13 [14,437ms] [Warning] [omni.physx.plugin] Invalid PhysX transform detected for /World/Stem/Stress_50_32.
2026-07-23 09:52:13 [14,437ms] [Warning] [omni.physx.plugin] Invalid PhysX transform detected for /World/Stem/Stress_50_33.
2026-07-23 09:52:13 [14,437ms] [Warning] [omni.physx.plugin] Invalid PhysX transform detected for /World/Stem/Stress_50_34.
2026-07-23 09:52:13 [14,437ms] [Warning] [omni.physx.plugin] Invalid PhysX transform detected for /World/Stem/Stress_50_35.
2026-07-23 09:52:13 [14,437ms] [Warning] [omni.physx.plugin] Invalid PhysX transform detected for /World/Stem/Stress_50_36.
2026-07-23 09:52:13 [14,437ms] [Warning] [omni.physx.plugin] Invalid PhysX transform detected for /World/Stem/Stress_50_37.
2026-07-23 09:52:13 [14,437ms] [Warning] [omni.physx.plugin] Invalid PhysX transform detected for /World/Stem/Stress_50_38.
2026-07-23 09:52:13 [14,437ms] [Warning] [omni.physx.plugin] Invalid PhysX transform detected for /World/Stem/Stress_50_39.
2026-07-23 09:52:13 [14,437ms] [Warning] [omni.physx.plugin] Invalid PhysX transform detected for /World/Stem/Stress_50_40.
2026-07-23 09:52:13 [14,437ms] [Warning] [omni.physx.plugin] Invalid PhysX transform detected for /World/Stem/Stress_50_41.
2026-07-23 09:52:13 [14,437ms] [Warning] [omni.physx.plugin] Invalid PhysX transform detected for /World/Stem/Stress_50_42.
2026-07-23 09:52:13 [14,437ms] [Warning] [omni.physx.plugin] Invalid PhysX transform detected for /World/Stem/Stress_50_43.
2026-07-23 09:52:13 [14,437ms] [Warning] [omni.physx.plugin] Invalid PhysX transform detected for /World/Stem/Stress_50_44.
2026-07-23 09:52:13 [14,437ms] [Warning] [omni.physx.plugin] Invalid PhysX transform detected for /World/Stem/Stress_50_45.
2026-07-23 09:52:13 [14,437ms] [Warning] [omni.physx.plugin] Invalid PhysX transform detected for /World/Stem/Stress_50_46.
2026-07-23 09:52:13 [14,437ms] [Warning] [omni.physx.plugin] Invalid PhysX transform detected for /World/Stem/Stress_50_47.
2026-07-23 09:52:13 [14,437ms] [Warning] [omni.physx.plugin] Invalid PhysX transform detected for /World/Stem/Stress_50_48.
2026-07-23 09:52:13 [14,437ms] [Warning] [omni.physx.plugin] Invalid PhysX transform detected for /World/Stem/Stress_50_49.
2026-07-23 09:52:13 [14,437ms] [Warning] [omni.physx.plugin] Invalid PhysX transform detected for /World/Stem/Fruit_Stress_50_base.
2026-07-23 09:52:13 [14,437ms] [Warning] [omni.physx.plugin] Invalid PhysX transform detected for /World/Stem/Fruit_Stress_50_tip.
2026-07-23 09:52:13 [14,437ms] [Warning] [omni.physx.plugin] Invalid PhysX transform detected for /World/Stem/Fruit_Stress_50.
2026-07-23 09:52:13 [14,456ms] [Warning] [omni.physx.plugin] Invalid PhysX transform detected for /World/Stem/Stress_50_00.
2026-07-23 09:52:13 [14,456ms] [Warning] [omni.physx.plugin] Invalid PhysX transform detected for /World/Stem/Stress_50_01.
2026-07-23 09:52:13 [14,456ms] [Warning] [omni.physx.plugin] Invalid PhysX transform detected for /World/Stem/Stress_50_02.
2026-07-23 09:52:13 [14,456ms] [Warning] [omni.physx.plugin] Invalid PhysX transform detected for /World/Stem/Stress_50_03.
2026-07-23 09:52:13 [14,456ms] [Warning] [omni.physx.plugin] Invalid PhysX transform detected for /World/Stem/Stress_50_04.
2026-07-23 09:52:13 [14,456ms] [Warning] [omni.physx.plugin] Invalid PhysX transform detected for /World/Stem/Stress_50_05.
2026-07-23 09:52:13 [14,456ms] [Warning] [omni.physx.plugin] Invalid PhysX transform detected for /World/Stem/Stress_50_06.
2026-07-23 09:52:13 [14,456ms] [Warning] [omni.physx.plugin] Invalid PhysX transform detected for /World/Stem/Stress_50_07.
2026-07-23 09:52:13 [14,456ms] [Warning] [omni.physx.plugin] Invalid PhysX transform detected for /World/Stem/Stress_50_08.
2026-07-23 09:52:13 [14,456ms] [Warning] [omni.physx.plugin] Invalid PhysX transform detected for /World/Stem/Stress_50_09.
2026-07-23 09:52:13 [14,456ms] [Warning] [omni.physx.plugin] Invalid PhysX transform detected for /World/Stem/Stress_50_10.
2026-07-23 09:52:13 [14,456ms] [Warning] [omni.physx.plugin] Invalid PhysX transform detected for /World/Stem/Stress_50_11.
2026-07-23 09:52:13 [14,456ms] [Warning] [omni.physx.plugin] Invalid PhysX transform detected for /World/Stem/Stress_50_12.
2026-07-23 09:52:13 [14,456ms] [Warning] [omni.physx.plugin] Invalid PhysX transform detected for /World/Stem/Stress_50_13.
2026-07-23 09:52:13 [14,456ms] [Warning] [omni.physx.plugin] Invalid PhysX transform detected for /World/Stem/Stress_50_14.
2026-07-23 09:52:13 [14,456ms] [Warning] [omni.physx.plugin] Invalid PhysX transform detected for /World/Stem/Stress_50_15.
2026-07-23 09:52:13 [14,456ms] [Warning] [omni.physx.plugin] Invalid PhysX transform detected for /World/Stem/Stress_50_16.
2026-07-23 09:52:13 [14,456ms] [Warning] [omni.physx.plugin] Invalid PhysX transform detected for /World/Stem/Stress_50_17.
2026-07-23 09:52:13 [14,456ms] [Warning] [omni.physx.plugin] Invalid PhysX transform detected for /World/Stem/Stress_50_18.
2026-07-23 09:52:13 [14,456ms] [Warning] [omni.physx.plugin] Invalid PhysX transform detected for /World/Stem/Stress_50_19.
2026-07-23 09:52:13 [14,456ms] [Warning] [omni.physx.plugin] Invalid PhysX transform detected for /World/Stem/Stress_50_20.
2026-07-23 09:52:13 [14,456ms] [Warning] [omni.physx.plugin] Invalid PhysX transform detected for /World/Stem/Stress_50_21.
2026-07-23 09:52:13 [14,456ms] [Warning] [omni.physx.plugin] Invalid PhysX transform detected for /World/Stem/Stress_50_22.
2026-07-23 09:52:13 [14,456ms] [Warning] [omni.physx.plugin] Invalid PhysX transform detected for /World/Stem/Stress_50_23.
2026-07-23 09:52:13 [14,456ms] [Warning] [omni.physx.plugin] Invalid PhysX transform detected for /World/Stem/Stress_50_24.
2026-07-23 09:52:13 [14,456ms] [Warning] [omni.physx.plugin] Invalid PhysX transform detected for /World/Stem/Stress_50_25.
2026-07-23 09:52:13 [14,456ms] [Warning] [omni.physx.plugin] Invalid PhysX transform detected for /World/Stem/Stress_50_26.
2026-07-23 09:52:13 [14,456ms] [Warning] [omni.physx.plugin] Invalid PhysX transform detected for /World/Stem/Stress_50_27.
2026-07-23 09:52:13 [14,456ms] [Warning] [omni.physx.plugin] Invalid PhysX transform detected for /World/Stem/Stress_50_28.
2026-07-23 09:52:13 [14,456ms] [Warning] [omni.physx.plugin] Invalid PhysX transform detected for /World/Stem/Stress_50_29.
2026-07-23 09:52:13 [14,456ms] [Warning] [omni.physx.plugin] Invalid PhysX transform detected for /World/Stem/Stress_50_30.
2026-07-23 09:52:13 [14,456ms] [Warning] [omni.physx.plugin] Invalid PhysX transform detected for /World/Stem/Stress_50_31.
2026-07-23 09:52:13 [14,456ms] [Warning] [omni.physx.plugin] Invalid PhysX transform detected for /World/Stem/Stress_50_32.
2026-07-23 09:52:13 [14,456ms] [Warning] [omni.physx.plugin] Invalid PhysX transform detected for /World/Stem/Stress_50_33.
2026-07-23 09:52:13 [14,456ms] [Warning] [omni.physx.plugin] Invalid PhysX transform detected for /World/Stem/Stress_50_34.
2026-07-23 09:52:13 [14,456ms] [Warning] [omni.physx.plugin] Invalid PhysX transform detected for /World/Stem/Stress_50_35.
2026-07-23 09:52:13 [14,456ms] [Warning] [omni.physx.plugin] Invalid PhysX transform detected for /World/Stem/Stress_50_36.
2026-07-23 09:52:13 [14,456ms] [Warning] [omni.physx.plugin] Invalid PhysX transform detected for /World/Stem/Stress_50_37.
2026-07-23 09:52:13 [14,456ms] [Warning] [omni.physx.plugin] Invalid PhysX transform detected for /World/Stem/Stress_50_38.
2026-07-23 09:52:13 [14,456ms] [Warning] [omni.physx.plugin] Invalid PhysX transform detected for /World/Stem/Stress_50_39.
2026-07-23 09:52:13 [14,456ms] [Warning] [omni.physx.plugin] Invalid PhysX transform detected for /World/Stem/Stress_50_40.
2026-07-23 09:52:13 [14,456ms] [Warning] [omni.physx.plugin] Invalid PhysX transform detected for /World/Stem/Stress_50_41.
2026-07-23 09:52:13 [14,456ms] [Warning] [omni.physx.plugin] Invalid PhysX transform detected for /World/Stem/Stress_50_42.
2026-07-23 09:52:13 [14,456ms] [Warning] [omni.physx.plugin] Invalid PhysX transform detected for /World/Stem/Stress_50_43.
2026-07-23 09:52:13 [14,456ms] [Warning] [omni.physx.plugin] Invalid PhysX transform detected for /World/Stem/Stress_50_44.
2026-07-23 09:52:13 [14,456ms] [Warning] [omni.physx.plugin] Invalid PhysX transform detected for /World/Stem/Stress_50_45.
2026-07-23 09:52:13 [14,456ms] [Warning] [omni.physx.plugin] Invalid PhysX transform detected for /World/Stem/Stress_50_46.
2026-07-23 09:52:13 [14,456ms] [Warning] [omni.physx.plugin] Invalid PhysX transform detected for /World/Stem/Stress_50_47.
2026-07-23 09:52:13 [14,456ms] [Warning] [omni.physx.plugin] Invalid PhysX transform detected for /World/Stem/Stress_50_48.
2026-07-23 09:52:13 [14,456ms] [Warning] [omni.physx.plugin] Invalid PhysX transform detected for /World/Stem/Stress_50_49.
2026-07-23 09:52:13 [14,456ms] [Warning] [omni.physx.plugin] Invalid PhysX transform detected for /World/Stem/Fruit_Stress_50_base.
2026-07-23 09:52:13 [14,456ms] [Warning] [omni.physx.plugin] Invalid PhysX transform detected for /World/Stem/Fruit_Stress_50_tip.
2026-07-23 09:52:13 [14,456ms] [Warning] [omni.physx.plugin] Invalid PhysX transform detected for /World/Stem/Fruit_Stress_50.
2026-07-23 09:52:13 [14,475ms] [Warning] [omni.physx.plugin] Invalid PhysX transform detected for /World/Stem/Stress_50_00.
2026-07-23 09:52:13 [14,475ms] [Warning] [omni.physx.plugin] Invalid PhysX transform detected for /World/Stem/Stress_50_01.
2026-07-23 09:52:13 [14,475ms] [Warning] [omni.physx.plugin] Invalid PhysX transform detected for /World/Stem/Stress_50_02.
2026-07-23 09:52:13 [14,475ms] [Warning] [omni.physx.plugin] Invalid PhysX transform detected for /World/Stem/Stress_50_03.
2026-07-23 09:52:13 [14,475ms] [Warning] [omni.physx.plugin] Invalid PhysX transform detected for /World/Stem/Stress_50_04.
2026-07-23 09:52:13 [14,475ms] [Warning] [omni.physx.plugin] Invalid PhysX transform detected for /World/Stem/Stress_50_05.
2026-07-23 09:52:13 [14,475ms] [Warning] [omni.physx.plugin] Invalid PhysX transform detected for /World/Stem/Stress_50_06.
2026-07-23 09:52:13 [14,475ms] [Warning] [omni.physx.plugin] Invalid PhysX transform detected for /World/Stem/Stress_50_07.
2026-07-23 09:52:13 [14,475ms] [Warning] [omni.physx.plugin] Invalid PhysX transform detected for /World/Stem/Stress_50_08.
2026-07-23 09:52:13 [14,475ms] [Warning] [omni.physx.plugin] Invalid PhysX transform detected for /World/Stem/Stress_50_09.
2026-07-23 09:52:13 [14,475ms] [Warning] [omni.physx.plugin] Invalid PhysX transform detected for /World/Stem/Stress_50_10.
2026-07-23 09:52:13 [14,475ms] [Warning] [omni.physx.plugin] Invalid PhysX transform detected for /World/Stem/Stress_50_11.
2026-07-23 09:52:13 [14,475ms] [Warning] [omni.physx.plugin] Invalid PhysX transform detected for /World/Stem/Stress_50_12.
2026-07-23 09:52:13 [14,475ms] [Warning] [omni.physx.plugin] Invalid PhysX transform detected for /World/Stem/Stress_50_13.
2026-07-23 09:52:13 [14,475ms] [Warning] [omni.physx.plugin] Invalid PhysX transform detected for /World/Stem/Stress_50_14.
2026-07-23 09:52:13 [14,475ms] [Warning] [omni.physx.plugin] Invalid PhysX transform detected for /World/Stem/Stress_50_15.
2026-07-23 09:52:13 [14,475ms] [Warning] [omni.physx.plugin] Invalid PhysX transform detected for /World/Stem/Stress_50_16.
2026-07-23 09:52:13 [14,475ms] [Warning] [omni.physx.plugin] Invalid PhysX transform detected for /World/Stem/Stress_50_17.
2026-07-23 09:52:13 [14,475ms] [Warning] [omni.physx.plugin] Invalid PhysX transform detected for /World/Stem/Stress_50_18.
2026-07-23 09:52:13 [14,475ms] [Warning] [omni.physx.plugin] Invalid PhysX transform detected for /World/Stem/Stress_50_19.
2026-07-23 09:52:13 [14,475ms] [Warning] [omni.physx.plugin] Invalid PhysX transform detected for /World/Stem/Stress_50_20.
2026-07-23 09:52:13 [14,475ms] [Warning] [omni.physx.plugin] Invalid PhysX transform detected for /World/Stem/Stress_50_21.
2026-07-23 09:52:13 [14,475ms] [Warning] [omni.physx.plugin] Invalid PhysX transform detected for /World/Stem/Stress_50_22.
2026-07-23 09:52:13 [14,475ms] [Warning] [omni.physx.plugin] Invalid PhysX transform detected for /World/Stem/Stress_50_23.
2026-07-23 09:52:13 [14,475ms] [Warning] [omni.physx.plugin] Invalid PhysX transform detected for /World/Stem/Stress_50_24.
2026-07-23 09:52:13 [14,475ms] [Warning] [omni.physx.plugin] Invalid PhysX transform detected for /World/Stem/Stress_50_25.
2026-07-23 09:52:13 [14,475ms] [Warning] [omni.physx.plugin] Invalid PhysX transform detected for /World/Stem/Stress_50_26.
2026-07-23 09:52:13 [14,475ms] [Warning] [omni.physx.plugin] Invalid PhysX transform detected for /World/Stem/Stress_50_27.
2026-07-23 09:52:13 [14,475ms] [Warning] [omni.physx.plugin] Invalid PhysX transform detected for /World/Stem/Stress_50_28.
2026-07-23 09:52:13 [14,475ms] [Warning] [omni.physx.plugin] Invalid PhysX transform detected for /World/Stem/Stress_50_29.
2026-07-23 09:52:13 [14,475ms] [Warning] [omni.physx.plugin] Invalid PhysX transform detected for /World/Stem/Stress_50_30.
2026-07-23 09:52:13 [14,475ms] [Warning] [omni.physx.plugin] Invalid PhysX transform detected for /World/Stem/Stress_50_31.
2026-07-23 09:52:13 [14,475ms] [Warning] [omni.physx.plugin] Invalid PhysX transform detected for /World/Stem/Stress_50_32.
2026-07-23 09:52:13 [14,475ms] [Warning] [omni.physx.plugin] Invalid PhysX transform detected for /World/Stem/Stress_50_33.
2026-07-23 09:52:13 [14,475ms] [Warning] [omni.physx.plugin] Invalid PhysX transform detected for /World/Stem/Stress_50_34.
2026-07-23 09:52:13 [14,475ms] [Warning] [omni.physx.plugin] Invalid PhysX transform detected for /World/Stem/Stress_50_35.
2026-07-23 09:52:13 [14,475ms] [Warning] [omni.physx.plugin] Invalid PhysX transform detected for /World/Stem/Stress_50_36.
2026-07-23 09:52:13 [14,475ms] [Warning] [omni.physx.plugin] Invalid PhysX transform detected for /World/Stem/Stress_50_37.
2026-07-23 09:52:13 [14,475ms] [Warning] [omni.physx.plugin] Invalid PhysX transform detected for /World/Stem/Stress_50_38.
2026-07-23 09:52:13 [14,475ms] [Warning] [omni.physx.plugin] Invalid PhysX transform detected for /World/Stem/Stress_50_39.
2026-07-23 09:52:13 [14,475ms] [Warning] [omni.physx.plugin] Invalid PhysX transform detected for /World/Stem/Stress_50_40.
2026-07-23 09:52:13 [14,475ms] [Warning] [omni.physx.plugin] Invalid PhysX transform detected for /World/Stem/Stress_50_41.
2026-07-23 09:52:13 [14,475ms] [Warning] [omni.physx.plugin] Invalid PhysX transform detected for /World/Stem/Stress_50_42.
2026-07-23 09:52:13 [14,475ms] [Warning] [omni.physx.plugin] Invalid PhysX transform detected for /World/Stem/Stress_50_43.
2026-07-23 09:52:13 [14,475ms] [Warning] [omni.physx.plugin] Invalid PhysX transform detected for /World/Stem/Stress_50_44.
2026-07-23 09:52:13 [14,475ms] [Warning] [omni.physx.plugin] Invalid PhysX transform detected for /World/Stem/Stress_50_45.
2026-07-23 09:52:13 [14,475ms] [Warning] [omni.physx.plugin] Invalid PhysX transform detected for /World/Stem/Stress_50_46.
2026-07-23 09:52:13 [14,475ms] [Warning] [omni.physx.plugin] Invalid PhysX transform detected for /World/Stem/Stress_50_47.
2026-07-23 09:52:13 [14,475ms] [Warning] [omni.physx.plugin] Invalid PhysX transform detected for /World/Stem/Stress_50_48.
2026-07-23 09:52:13 [14,475ms] [Warning] [omni.physx.plugin] Invalid PhysX transform detected for /World/Stem/Stress_50_49.
2026-07-23 09:52:13 [14,475ms] [Warning] [omni.physx.plugin] Invalid PhysX transform detected for /World/Stem/Fruit_Stress_50_base.
2026-07-23 09:52:13 [14,475ms] [Warning] [omni.physx.plugin] Invalid PhysX transform detected for /World/Stem/Fruit_Stress_50_tip.
2026-07-23 09:52:13 [14,475ms] [Warning] [omni.physx.plugin] Invalid PhysX transform detected for /World/Stem/Fruit_Stress_50.
2026-07-23 09:52:13 [14,494ms] [Warning] [omni.physx.plugin] Invalid PhysX transform detected for /World/Stem/Stress_50_00.
2026-07-23 09:52:13 [14,494ms] [Warning] [omni.physx.plugin] Invalid PhysX transform detected for /World/Stem/Stress_50_01.
2026-07-23 09:52:13 [14,494ms] [Warning] [omni.physx.plugin] Invalid PhysX transform detected for /World/Stem/Stress_50_02.
2026-07-23 09:52:13 [14,494ms] [Warning] [omni.physx.plugin] Invalid PhysX transform detected for /World/Stem/Stress_50_03.
2026-07-23 09:52:13 [14,494ms] [Warning] [omni.physx.plugin] Invalid PhysX transform detected for /World/Stem/Stress_50_04.
2026-07-23 09:52:13 [14,494ms] [Warning] [omni.physx.plugin] Invalid PhysX transform detected for /World/Stem/Stress_50_05.
2026-07-23 09:52:13 [14,494ms] [Warning] [omni.physx.plugin] Invalid PhysX transform detected for /World/Stem/Stress_50_06.
2026-07-23 09:52:13 [14,494ms] [Warning] [omni.physx.plugin] Invalid PhysX transform detected for /World/Stem/Stress_50_07.
2026-07-23 09:52:13 [14,494ms] [Warning] [omni.physx.plugin] Invalid PhysX transform detected for /World/Stem/Stress_50_08.
2026-07-23 09:52:13 [14,494ms] [Warning] [omni.physx.plugin] Invalid PhysX transform detected for /World/Stem/Stress_50_09.
2026-07-23 09:52:13 [14,494ms] [Warning] [omni.physx.plugin] Invalid PhysX transform detected for /World/Stem/Stress_50_10.
2026-07-23 09:52:13 [14,494ms] [Warning] [omni.physx.plugin] Invalid PhysX transform detected for /World/Stem/Stress_50_11.
2026-07-23 09:52:13 [14,494ms] [Warning] [omni.physx.plugin] Invalid PhysX transform detected for /World/Stem/Stress_50_12.
2026-07-23 09:52:13 [14,494ms] [Warning] [omni.physx.plugin] Invalid PhysX transform detected for /World/Stem/Stress_50_13.
2026-07-23 09:52:13 [14,494ms] [Warning] [omni.physx.plugin] Invalid PhysX transform detected for /World/Stem/Stress_50_14.
2026-07-23 09:52:13 [14,494ms] [Warning] [omni.physx.plugin] Invalid PhysX transform detected for /World/Stem/Stress_50_15.
2026-07-23 09:52:13 [14,494ms] [Warning] [omni.physx.plugin] Invalid PhysX transform detected for /World/Stem/Stress_50_16.
2026-07-23 09:52:13 [14,494ms] [Warning] [omni.physx.plugin] Invalid PhysX transform detected for /World/Stem/Stress_50_17.
2026-07-23 09:52:13 [14,494ms] [Warning] [omni.physx.plugin] Invalid PhysX transform detected for /World/Stem/Stress_50_18.
2026-07-23 09:52:13 [14,494ms] [Warning] [omni.physx.plugin] Invalid PhysX transform detected for /World/Stem/Stress_50_19.
2026-07-23 09:52:13 [14,494ms] [Warning] [omni.physx.plugin] Invalid PhysX transform detected for /World/Stem/Stress_50_20.
2026-07-23 09:52:13 [14,494ms] [Warning] [omni.physx.plugin] Invalid PhysX transform detected for /World/Stem/Stress_50_21.
2026-07-23 09:52:13 [14,494ms] [Warning] [omni.physx.plugin] Invalid PhysX transform detected for /World/Stem/Stress_50_22.
2026-07-23 09:52:13 [14,494ms] [Warning] [omni.physx.plugin] Invalid PhysX transform detected for /World/Stem/Stress_50_23.
2026-07-23 09:52:13 [14,494ms] [Warning] [omni.physx.plugin] Invalid PhysX transform detected for /World/Stem/Stress_50_24.
2026-07-23 09:52:13 [14,494ms] [Warning] [omni.physx.plugin] Invalid PhysX transform detected for /World/Stem/Stress_50_25.
2026-07-23 09:52:13 [14,494ms] [Warning] [omni.physx.plugin] Invalid PhysX transform detected for /World/Stem/Stress_50_26.
2026-07-23 09:52:13 [14,494ms] [Warning] [omni.physx.plugin] Invalid PhysX transform detected for /World/Stem/Stress_50_27.
2026-07-23 09:52:13 [14,494ms] [Warning] [omni.physx.plugin] Invalid PhysX transform detected for /World/Stem/Stress_50_28.
2026-07-23 09:52:13 [14,494ms] [Warning] [omni.physx.plugin] Invalid PhysX transform detected for /World/Stem/Stress_50_29.
2026-07-23 09:52:13 [14,494ms] [Warning] [omni.physx.plugin] Invalid PhysX transform detected for /World/Stem/Stress_50_30.
2026-07-23 09:52:13 [14,494ms] [Warning] [omni.physx.plugin] Invalid PhysX transform detected for /World/Stem/Stress_50_31.
2026-07-23 09:52:13 [14,494ms] [Warning] [omni.physx.plugin] Invalid PhysX transform detected for /World/Stem/Stress_50_32.
2026-07-23 09:52:13 [14,494ms] [Warning] [omni.physx.plugin] Invalid PhysX transform detected for /World/Stem/Stress_50_33.
2026-07-23 09:52:13 [14,494ms] [Warning] [omni.physx.plugin] Invalid PhysX transform detected for /World/Stem/Stress_50_34.
2026-07-23 09:52:13 [14,494ms] [Warning] [omni.physx.plugin] Invalid PhysX transform detected for /World/Stem/Stress_50_35.
2026-07-23 09:52:13 [14,494ms] [Warning] [omni.physx.plugin] Invalid PhysX transform detected for /World/Stem/Stress_50_36.
2026-07-23 09:52:13 [14,494ms] [Warning] [omni.physx.plugin] Invalid PhysX transform detected for /World/Stem/Stress_50_37.
2026-07-23 09:52:13 [14,494ms] [Warning] [omni.physx.plugin] Invalid PhysX transform detected for /World/Stem/Stress_50_38.
2026-07-23 09:52:13 [14,494ms] [Warning] [omni.physx.plugin] Invalid PhysX transform detected for /World/Stem/Stress_50_39.
2026-07-23 09:52:13 [14,494ms] [Warning] [omni.physx.plugin] Invalid PhysX transform detected for /World/Stem/Stress_50_40.
2026-07-23 09:52:13 [14,494ms] [Warning] [omni.physx.plugin] Invalid PhysX transform detected for /World/Stem/Stress_50_41.
2026-07-23 09:52:13 [14,494ms] [Warning] [omni.physx.plugin] Invalid PhysX transform detected for /World/Stem/Stress_50_42.
2026-07-23 09:52:13 [14,494ms] [Warning] [omni.physx.plugin] Invalid PhysX transform detected for /World/Stem/Stress_50_43.
2026-07-23 09:52:13 [14,494ms] [Warning] [omni.physx.plugin] Invalid PhysX transform detected for /World/Stem/Stress_50_44.
2026-07-23 09:52:13 [14,494ms] [Warning] [omni.physx.plugin] Invalid PhysX transform detected for /World/Stem/Stress_50_45.
2026-07-23 09:52:13 [14,494ms] [Warning] [omni.physx.plugin] Invalid PhysX transform detected for /World/Stem/Stress_50_46.
2026-07-23 09:52:13 [14,494ms] [Warning] [omni.physx.plugin] Invalid PhysX transform detected for /World/Stem/Stress_50_47.
2026-07-23 09:52:13 [14,494ms] [Warning] [omni.physx.plugin] Invalid PhysX transform detected for /World/Stem/Stress_50_48.
2026-07-23 09:52:13 [14,494ms] [Warning] [omni.physx.plugin] Invalid PhysX transform detected for /World/Stem/Stress_50_49.
2026-07-23 09:52:13 [14,494ms] [Warning] [omni.physx.plugin] Invalid PhysX transform detected for /World/Stem/Fruit_Stress_50_base.
2026-07-23 09:52:13 [14,494ms] [Warning] [omni.physx.plugin] Invalid PhysX transform detected for /World/Stem/Fruit_Stress_50_tip.
2026-07-23 09:52:13 [14,494ms] [Warning] [omni.physx.plugin] Invalid PhysX transform detected for /World/Stem/Fruit_Stress_50.
2026-07-23 09:52:13 [14,513ms] [Warning] [omni.physx.plugin] Invalid PhysX transform detected for /World/Stem/Stress_50_00.
2026-07-23 09:52:13 [14,513ms] [Warning] [omni.physx.plugin] Invalid PhysX transform detected for /World/Stem/Stress_50_01.
2026-07-23 09:52:13 [14,513ms] [Warning] [omni.physx.plugin] Invalid PhysX transform detected for /World/Stem/Stress_50_02.
2026-07-23 09:52:13 [14,513ms] [Warning] [omni.physx.plugin] Invalid PhysX transform detected for /World/Stem/Stress_50_03.
2026-07-23 09:52:13 [14,513ms] [Warning] [omni.physx.plugin] Invalid PhysX transform detected for /World/Stem/Stress_50_04.
2026-07-23 09:52:13 [14,513ms] [Warning] [omni.physx.plugin] Invalid PhysX transform detected for /World/Stem/Stress_50_05.
2026-07-23 09:52:13 [14,513ms] [Warning] [omni.physx.plugin] Invalid PhysX transform detected for /World/Stem/Stress_50_06.
2026-07-23 09:52:13 [14,513ms] [Warning] [omni.physx.plugin] Invalid PhysX transform detected for /World/Stem/Stress_50_07.
2026-07-23 09:52:13 [14,513ms] [Warning] [omni.physx.plugin] Invalid PhysX transform detected for /World/Stem/Stress_50_08.
2026-07-23 09:52:13 [14,513ms] [Warning] [omni.physx.plugin] Invalid PhysX transform detected for /World/Stem/Stress_50_09.
2026-07-23 09:52:13 [14,513ms] [Warning] [omni.physx.plugin] Invalid PhysX transform detected for /World/Stem/Stress_50_10.
2026-07-23 09:52:13 [14,513ms] [Warning] [omni.physx.plugin] Invalid PhysX transform detected for /World/Stem/Stress_50_11.
2026-07-23 09:52:13 [14,513ms] [Warning] [omni.physx.plugin] Invalid PhysX transform detected for /World/Stem/Stress_50_12.
2026-07-23 09:52:13 [14,513ms] [Warning] [omni.physx.plugin] Invalid PhysX transform detected for /World/Stem/Stress_50_13.
2026-07-23 09:52:13 [14,513ms] [Warning] [omni.physx.plugin] Invalid PhysX transform detected for /World/Stem/Stress_50_14.
2026-07-23 09:52:13 [14,513ms] [Warning] [omni.physx.plugin] Invalid PhysX transform detected for /World/Stem/Stress_50_15.
2026-07-23 09:52:13 [14,513ms] [Warning] [omni.physx.plugin] Invalid PhysX transform detected for /World/Stem/Stress_50_16.
2026-07-23 09:52:13 [14,513ms] [Warning] [omni.physx.plugin] Invalid PhysX transform detected for /World/Stem/Stress_50_17.
2026-07-23 09:52:13 [14,513ms] [Warning] [omni.physx.plugin] Invalid PhysX transform detected for /World/Stem/Stress_50_18.
2026-07-23 09:52:13 [14,513ms] [Warning] [omni.physx.plugin] Invalid PhysX transform detected for /World/Stem/Stress_50_19.
2026-07-23 09:52:13 [14,513ms] [Warning] [omni.physx.plugin] Invalid PhysX transform detected for /World/Stem/Stress_50_20.
2026-07-23 09:52:13 [14,513ms] [Warning] [omni.physx.plugin] Invalid PhysX transform detected for /World/Stem/Stress_50_21.
2026-07-23 09:52:13 [14,513ms] [Warning] [omni.physx.plugin] Invalid PhysX transform detected for /World/Stem/Stress_50_22.
2026-07-23 09:52:13 [14,513ms] [Warning] [omni.physx.plugin] Invalid PhysX transform detected for /World/Stem/Stress_50_23.
2026-07-23 09:52:13 [14,513ms] [Warning] [omni.physx.plugin] Invalid PhysX transform detected for /World/Stem/Stress_50_24.
2026-07-23 09:52:13 [14,513ms] [Warning] [omni.physx.plugin] Invalid PhysX transform detected for /World/Stem/Stress_50_25.
2026-07-23 09:52:13 [14,513ms] [Warning] [omni.physx.plugin] Invalid PhysX transform detected for /World/Stem/Stress_50_26.
2026-07-23 09:52:13 [14,513ms] [Warning] [omni.physx.plugin] Invalid PhysX transform detected for /World/Stem/Stress_50_27.
2026-07-23 09:52:13 [14,513ms] [Warning] [omni.physx.plugin] Invalid PhysX transform detected for /World/Stem/Stress_50_28.
2026-07-23 09:52:13 [14,513ms] [Warning] [omni.physx.plugin] Invalid PhysX transform detected for /World/Stem/Stress_50_29.
2026-07-23 09:52:13 [14,513ms] [Warning] [omni.physx.plugin] Invalid PhysX transform detected for /World/Stem/Stress_50_30.
2026-07-23 09:52:13 [14,513ms] [Warning] [omni.physx.plugin] Invalid PhysX transform detected for /World/Stem/Stress_50_31.
2026-07-23 09:52:13 [14,513ms] [Warning] [omni.physx.plugin] Invalid PhysX transform detected for /World/Stem/Stress_50_32.
2026-07-23 09:52:13 [14,513ms] [Warning] [omni.physx.plugin] Invalid PhysX transform detected for /World/Stem/Stress_50_33.
2026-07-23 09:52:13 [14,513ms] [Warning] [omni.physx.plugin] Invalid PhysX transform detected for /World/Stem/Stress_50_34.
2026-07-23 09:52:13 [14,513ms] [Warning] [omni.physx.plugin] Invalid PhysX transform detected for /World/Stem/Stress_50_35.
2026-07-23 09:52:13 [14,513ms] [Warning] [omni.physx.plugin] Invalid PhysX transform detected for /World/Stem/Stress_50_36.
2026-07-23 09:52:13 [14,513ms] [Warning] [omni.physx.plugin] Invalid PhysX transform detected for /World/Stem/Stress_50_37.
2026-07-23 09:52:13 [14,513ms] [Warning] [omni.physx.plugin] Invalid PhysX transform detected for /World/Stem/Stress_50_38.
2026-07-23 09:52:13 [14,513ms] [Warning] [omni.physx.plugin] Invalid PhysX transform detected for /World/Stem/Stress_50_39.
2026-07-23 09:52:13 [14,513ms] [Warning] [omni.physx.plugin] Invalid PhysX transform detected for /World/Stem/Stress_50_40.
2026-07-23 09:52:13 [14,513ms] [Warning] [omni.physx.plugin] Invalid PhysX transform detected for /World/Stem/Stress_50_41.
2026-07-23 09:52:13 [14,513ms] [Warning] [omni.physx.plugin] Invalid PhysX transform detected for /World/Stem/Stress_50_42.
2026-07-23 09:52:13 [14,513ms] [Warning] [omni.physx.plugin] Invalid PhysX transform detected for /World/Stem/Stress_50_43.
2026-07-23 09:52:13 [14,513ms] [Warning] [omni.physx.plugin] Invalid PhysX transform detected for /World/Stem/Stress_50_44.
2026-07-23 09:52:13 [14,513ms] [Warning] [omni.physx.plugin] Invalid PhysX transform detected for /World/Stem/Stress_50_45.
2026-07-23 09:52:13 [14,513ms] [Warning] [omni.physx.plugin] Invalid PhysX transform detected for /World/Stem/Stress_50_46.
2026-07-23 09:52:13 [14,513ms] [Warning] [omni.physx.plugin] Invalid PhysX transform detected for /World/Stem/Stress_50_47.
2026-07-23 09:52:13 [14,513ms] [Warning] [omni.physx.plugin] Invalid PhysX transform detected for /World/Stem/Stress_50_48.
2026-07-23 09:52:13 [14,513ms] [Warning] [omni.physx.plugin] Invalid PhysX transform detected for /World/Stem/Stress_50_49.
2026-07-23 09:52:13 [14,513ms] [Warning] [omni.physx.plugin] Invalid PhysX transform detected for /World/Stem/Fruit_Stress_50_base.
2026-07-23 09:52:13 [14,513ms] [Warning] [omni.physx.plugin] Invalid PhysX transform detected for /World/Stem/Fruit_Stress_50_tip.
2026-07-23 09:52:13 [14,513ms] [Warning] [omni.physx.plugin] Invalid PhysX transform detected for /World/Stem/Fruit_Stress_50.
2026-07-23 09:52:13 [14,533ms] [Warning] [omni.physx.plugin] Invalid PhysX transform detected for /World/Stem/Stress_50_00.
2026-07-23 09:52:13 [14,533ms] [Warning] [omni.physx.plugin] Invalid PhysX transform detected for /World/Stem/Stress_50_01.
2026-07-23 09:52:13 [14,533ms] [Warning] [omni.physx.plugin] Invalid PhysX transform detected for /World/Stem/Stress_50_02.
2026-07-23 09:52:13 [14,533ms] [Warning] [omni.physx.plugin] Invalid PhysX transform detected for /World/Stem/Stress_50_03.
2026-07-23 09:52:13 [14,533ms] [Warning] [omni.physx.plugin] Invalid PhysX transform detected for /World/Stem/Stress_50_04.
2026-07-23 09:52:13 [14,533ms] [Warning] [omni.physx.plugin] Invalid PhysX transform detected for /World/Stem/Stress_50_05.
2026-07-23 09:52:13 [14,533ms] [Warning] [omni.physx.plugin] Invalid PhysX transform detected for /World/Stem/Stress_50_06.
2026-07-23 09:52:13 [14,533ms] [Warning] [omni.physx.plugin] Invalid PhysX transform detected for /World/Stem/Stress_50_07.
2026-07-23 09:52:13 [14,533ms] [Warning] [omni.physx.plugin] Invalid PhysX transform detected for /World/Stem/Stress_50_08.
2026-07-23 09:52:13 [14,533ms] [Warning] [omni.physx.plugin] Invalid PhysX transform detected for /World/Stem/Stress_50_09.
2026-07-23 09:52:13 [14,533ms] [Warning] [omni.physx.plugin] Invalid PhysX transform detected for /World/Stem/Stress_50_10.
2026-07-23 09:52:13 [14,533ms] [Warning] [omni.physx.plugin] Invalid PhysX transform detected for /World/Stem/Stress_50_11.
2026-07-23 09:52:13 [14,533ms] [Warning] [omni.physx.plugin] Invalid PhysX transform detected for /World/Stem/Stress_50_12.
2026-07-23 09:52:13 [14,533ms] [Warning] [omni.physx.plugin] Invalid PhysX transform detected for /World/Stem/Stress_50_13.
2026-07-23 09:52:13 [14,533ms] [Warning] [omni.physx.plugin] Invalid PhysX transform detected for /World/Stem/Stress_50_14.
2026-07-23 09:52:13 [14,533ms] [Warning] [omni.physx.plugin] Invalid PhysX transform detected for /World/Stem/Stress_50_15.
2026-07-23 09:52:13 [14,533ms] [Warning] [omni.physx.plugin] Invalid PhysX transform detected for /World/Stem/Stress_50_16.
2026-07-23 09:52:13 [14,533ms] [Warning] [omni.physx.plugin] Invalid PhysX transform detected for /World/Stem/Stress_50_17.
2026-07-23 09:52:13 [14,533ms] [Warning] [omni.physx.plugin] Invalid PhysX transform detected for /World/Stem/Stress_50_18.
2026-07-23 09:52:13 [14,533ms] [Warning] [omni.physx.plugin] Invalid PhysX transform detected for /World/Stem/Stress_50_19.
2026-07-23 09:52:13 [14,533ms] [Warning] [omni.physx.plugin] Invalid PhysX transform detected for /World/Stem/Stress_50_20.
2026-07-23 09:52:13 [14,533ms] [Warning] [omni.physx.plugin] Invalid PhysX transform detected for /World/Stem/Stress_50_21.
2026-07-23 09:52:13 [14,533ms] [Warning] [omni.physx.plugin] Invalid PhysX transform detected for /World/Stem/Stress_50_22.
2026-07-23 09:52:13 [14,533ms] [Warning] [omni.physx.plugin] Invalid PhysX transform detected for /World/Stem/Stress_50_23.
2026-07-23 09:52:13 [14,533ms] [Warning] [omni.physx.plugin] Invalid PhysX transform detected for /World/Stem/Stress_50_24.
2026-07-23 09:52:13 [14,533ms] [Warning] [omni.physx.plugin] Invalid PhysX transform detected for /World/Stem/Stress_50_25.
2026-07-23 09:52:13 [14,533ms] [Warning] [omni.physx.plugin] Invalid PhysX transform detected for /World/Stem/Stress_50_26.
2026-07-23 09:52:13 [14,533ms] [Warning] [omni.physx.plugin] Invalid PhysX transform detected for /World/Stem/Stress_50_27.
2026-07-23 09:52:13 [14,533ms] [Warning] [omni.physx.plugin] Invalid PhysX transform detected for /World/Stem/Stress_50_28.
2026-07-23 09:52:13 [14,533ms] [Warning] [omni.physx.plugin] Invalid PhysX transform detected for /World/Stem/Stress_50_29.
2026-07-23 09:52:13 [14,533ms] [Warning] [omni.physx.plugin] Invalid PhysX transform detected for /World/Stem/Stress_50_30.
2026-07-23 09:52:13 [14,533ms] [Warning] [omni.physx.plugin] Invalid PhysX transform detected for /World/Stem/Stress_50_31.
2026-07-23 09:52:13 [14,533ms] [Warning] [omni.physx.plugin] Invalid PhysX transform detected for /World/Stem/Stress_50_32.
2026-07-23 09:52:13 [14,533ms] [Warning] [omni.physx.plugin] Invalid PhysX transform detected for /World/Stem/Stress_50_33.
2026-07-23 09:52:13 [14,533ms] [Warning] [omni.physx.plugin] Invalid PhysX transform detected for /World/Stem/Stress_50_34.
2026-07-23 09:52:13 [14,533ms] [Warning] [omni.physx.plugin] Invalid PhysX transform detected for /World/Stem/Stress_50_35.
2026-07-23 09:52:13 [14,533ms] [Warning] [omni.physx.plugin] Invalid PhysX transform detected for /World/Stem/Stress_50_36.
2026-07-23 09:52:13 [14,533ms] [Warning] [omni.physx.plugin] Invalid PhysX transform detected for /World/Stem/Stress_50_37.
2026-07-23 09:52:13 [14,533ms] [Warning] [omni.physx.plugin] Invalid PhysX transform detected for /World/Stem/Stress_50_38.
2026-07-23 09:52:13 [14,533ms] [Warning] [omni.physx.plugin] Invalid PhysX transform detected for /World/Stem/Stress_50_39.
2026-07-23 09:52:13 [14,533ms] [Warning] [omni.physx.plugin] Invalid PhysX transform detected for /World/Stem/Stress_50_40.
2026-07-23 09:52:13 [14,533ms] [Warning] [omni.physx.plugin] Invalid PhysX transform detected for /World/Stem/Stress_50_41.
2026-07-23 09:52:13 [14,533ms] [Warning] [omni.physx.plugin] Invalid PhysX transform detected for /World/Stem/Stress_50_42.
2026-07-23 09:52:13 [14,533ms] [Warning] [omni.physx.plugin] Invalid PhysX transform detected for /World/Stem/Stress_50_43.
2026-07-23 09:52:13 [14,533ms] [Warning] [omni.physx.plugin] Invalid PhysX transform detected for /World/Stem/Stress_50_44.
2026-07-23 09:52:13 [14,533ms] [Warning] [omni.physx.plugin] Invalid PhysX transform detected for /World/Stem/Stress_50_45.
2026-07-23 09:52:13 [14,533ms] [Warning] [omni.physx.plugin] Invalid PhysX transform detected for /World/Stem/Stress_50_46.
2026-07-23 09:52:13 [14,533ms] [Warning] [omni.physx.plugin] Invalid PhysX transform detected for /World/Stem/Stress_50_47.
2026-07-23 09:52:13 [14,533ms] [Warning] [omni.physx.plugin] Invalid PhysX transform detected for /World/Stem/Stress_50_48.
2026-07-23 09:52:13 [14,533ms] [Warning] [omni.physx.plugin] Invalid PhysX transform detected for /World/Stem/Stress_50_49.
2026-07-23 09:52:13 [14,533ms] [Warning] [omni.physx.plugin] Invalid PhysX transform detected for /World/Stem/Fruit_Stress_50_base.
2026-07-23 09:52:13 [14,533ms] [Warning] [omni.physx.plugin] Invalid PhysX transform detected for /World/Stem/Fruit_Stress_50_tip.
2026-07-23 09:52:13 [14,533ms] [Warning] [omni.physx.plugin] Invalid PhysX transform detected for /World/Stem/Fruit_Stress_50.
2026-07-23 09:52:13 [14,552ms] [Warning] [omni.physx.plugin] Invalid PhysX transform detected for /World/Stem/Stress_50_00.
2026-07-23 09:52:13 [14,553ms] [Warning] [omni.physx.plugin] Invalid PhysX transform detected for /World/Stem/Stress_50_01.
2026-07-23 09:52:13 [14,553ms] [Warning] [omni.physx.plugin] Invalid PhysX transform detected for /World/Stem/Stress_50_02.
2026-07-23 09:52:13 [14,553ms] [Warning] [omni.physx.plugin] Invalid PhysX transform detected for /World/Stem/Stress_50_03.
2026-07-23 09:52:13 [14,553ms] [Warning] [omni.physx.plugin] Invalid PhysX transform detected for /World/Stem/Stress_50_04.
2026-07-23 09:52:13 [14,553ms] [Warning] [omni.physx.plugin] Invalid PhysX transform detected for /World/Stem/Stress_50_05.
2026-07-23 09:52:13 [14,553ms] [Warning] [omni.physx.plugin] Invalid PhysX transform detected for /World/Stem/Stress_50_06.
2026-07-23 09:52:13 [14,553ms] [Warning] [omni.physx.plugin] Invalid PhysX transform detected for /World/Stem/Stress_50_07.
2026-07-23 09:52:13 [14,553ms] [Warning] [omni.physx.plugin] Invalid PhysX transform detected for /World/Stem/Stress_50_08.
2026-07-23 09:52:13 [14,553ms] [Warning] [omni.physx.plugin] Invalid PhysX transform detected for /World/Stem/Stress_50_09.
2026-07-23 09:52:13 [14,553ms] [Warning] [omni.physx.plugin] Invalid PhysX transform detected for /World/Stem/Stress_50_10.
2026-07-23 09:52:13 [14,553ms] [Warning] [omni.physx.plugin] Invalid PhysX transform detected for /World/Stem/Stress_50_11.
2026-07-23 09:52:13 [14,553ms] [Warning] [omni.physx.plugin] Invalid PhysX transform detected for /World/Stem/Stress_50_12.
2026-07-23 09:52:13 [14,553ms] [Warning] [omni.physx.plugin] Invalid PhysX transform detected for /World/Stem/Stress_50_13.
2026-07-23 09:52:13 [14,553ms] [Warning] [omni.physx.plugin] Invalid PhysX transform detected for /World/Stem/Stress_50_14.
2026-07-23 09:52:13 [14,553ms] [Warning] [omni.physx.plugin] Invalid PhysX transform detected for /World/Stem/Stress_50_15.
2026-07-23 09:52:13 [14,553ms] [Warning] [omni.physx.plugin] Invalid PhysX transform detected for /World/Stem/Stress_50_16.
2026-07-23 09:52:13 [14,553ms] [Warning] [omni.physx.plugin] Invalid PhysX transform detected for /World/Stem/Stress_50_17.
2026-07-23 09:52:13 [14,553ms] [Warning] [omni.physx.plugin] Invalid PhysX transform detected for /World/Stem/Stress_50_18.
2026-07-23 09:52:13 [14,553ms] [Warning] [omni.physx.plugin] Invalid PhysX transform detected for /World/Stem/Stress_50_19.
2026-07-23 09:52:13 [14,553ms] [Warning] [omni.physx.plugin] Invalid PhysX transform detected for /World/Stem/Stress_50_20.
2026-07-23 09:52:13 [14,553ms] [Warning] [omni.physx.plugin] Invalid PhysX transform detected for /World/Stem/Stress_50_21.
2026-07-23 09:52:13 [14,553ms] [Warning] [omni.physx.plugin] Invalid PhysX transform detected for /World/Stem/Stress_50_22.
2026-07-23 09:52:13 [14,553ms] [Warning] [omni.physx.plugin] Invalid PhysX transform detected for /World/Stem/Stress_50_23.
2026-07-23 09:52:13 [14,553ms] [Warning] [omni.physx.plugin] Invalid PhysX transform detected for /World/Stem/Stress_50_24.
2026-07-23 09:52:13 [14,553ms] [Warning] [omni.physx.plugin] Invalid PhysX transform detected for /World/Stem/Stress_50_25.
2026-07-23 09:52:13 [14,553ms] [Warning] [omni.physx.plugin] Invalid PhysX transform detected for /World/Stem/Stress_50_26.
2026-07-23 09:52:13 [14,553ms] [Warning] [omni.physx.plugin] Invalid PhysX transform detected for /World/Stem/Stress_50_27.
2026-07-23 09:52:13 [14,553ms] [Warning] [omni.physx.plugin] Invalid PhysX transform detected for /World/Stem/Stress_50_28.
2026-07-23 09:52:13 [14,553ms] [Warning] [omni.physx.plugin] Invalid PhysX transform detected for /World/Stem/Stress_50_29.
2026-07-23 09:52:13 [14,553ms] [Warning] [omni.physx.plugin] Invalid PhysX transform detected for /World/Stem/Stress_50_30.
2026-07-23 09:52:13 [14,553ms] [Warning] [omni.physx.plugin] Invalid PhysX transform detected for /World/Stem/Stress_50_31.
2026-07-23 09:52:13 [14,553ms] [Warning] [omni.physx.plugin] Invalid PhysX transform detected for /World/Stem/Stress_50_32.
2026-07-23 09:52:13 [14,553ms] [Warning] [omni.physx.plugin] Invalid PhysX transform detected for /World/Stem/Stress_50_33.
2026-07-23 09:52:13 [14,553ms] [Warning] [omni.physx.plugin] Invalid PhysX transform detected for /World/Stem/Stress_50_34.
2026-07-23 09:52:13 [14,553ms] [Warning] [omni.physx.plugin] Invalid PhysX transform detected for /World/Stem/Stress_50_35.
2026-07-23 09:52:13 [14,553ms] [Warning] [omni.physx.plugin] Invalid PhysX transform detected for /World/Stem/Stress_50_36.
2026-07-23 09:52:13 [14,553ms] [Warning] [omni.physx.plugin] Invalid PhysX transform detected for /World/Stem/Stress_50_37.
2026-07-23 09:52:13 [14,553ms] [Warning] [omni.physx.plugin] Invalid PhysX transform detected for /World/Stem/Stress_50_38.
2026-07-23 09:52:13 [14,553ms] [Warning] [omni.physx.plugin] Invalid PhysX transform detected for /World/Stem/Stress_50_39.
2026-07-23 09:52:13 [14,553ms] [Warning] [omni.physx.plugin] Invalid PhysX transform detected for /World/Stem/Stress_50_40.
2026-07-23 09:52:13 [14,553ms] [Warning] [omni.physx.plugin] Invalid PhysX transform detected for /World/Stem/Stress_50_41.
2026-07-23 09:52:13 [14,553ms] [Warning] [omni.physx.plugin] Invalid PhysX transform detected for /World/Stem/Stress_50_42.
2026-07-23 09:52:13 [14,553ms] [Warning] [omni.physx.plugin] Invalid PhysX transform detected for /World/Stem/Stress_50_43.
2026-07-23 09:52:13 [14,553ms] [Warning] [omni.physx.plugin] Invalid PhysX transform detected for /World/Stem/Stress_50_44.
2026-07-23 09:52:13 [14,553ms] [Warning] [omni.physx.plugin] Invalid PhysX transform detected for /World/Stem/Stress_50_45.
2026-07-23 09:52:13 [14,553ms] [Warning] [omni.physx.plugin] Invalid PhysX transform detected for /World/Stem/Stress_50_46.
2026-07-23 09:52:13 [14,553ms] [Warning] [omni.physx.plugin] Invalid PhysX transform detected for /World/Stem/Stress_50_47.
2026-07-23 09:52:13 [14,553ms] [Warning] [omni.physx.plugin] Invalid PhysX transform detected for /World/Stem/Stress_50_48.
2026-07-23 09:52:13 [14,553ms] [Warning] [omni.physx.plugin] Invalid PhysX transform detected for /World/Stem/Stress_50_49.
2026-07-23 09:52:13 [14,553ms] [Warning] [omni.physx.plugin] Invalid PhysX transform detected for /World/Stem/Fruit_Stress_50_base.
2026-07-23 09:52:13 [14,553ms] [Warning] [omni.physx.plugin] Invalid PhysX transform detected for /World/Stem/Fruit_Stress_50_tip.
2026-07-23 09:52:13 [14,553ms] [Warning] [omni.physx.plugin] Invalid PhysX transform detected for /World/Stem/Fruit_Stress_50.
2026-07-23 09:52:13 [14,572ms] [Warning] [omni.physx.plugin] Invalid PhysX transform detected for /World/Stem/Stress_50_00.
2026-07-23 09:52:13 [14,572ms] [Warning] [omni.physx.plugin] Invalid PhysX transform detected for /World/Stem/Stress_50_01.
2026-07-23 09:52:13 [14,572ms] [Warning] [omni.physx.plugin] Invalid PhysX transform detected for /World/Stem/Stress_50_02.
2026-07-23 09:52:13 [14,572ms] [Warning] [omni.physx.plugin] Invalid PhysX transform detected for /World/Stem/Stress_50_03.
2026-07-23 09:52:13 [14,572ms] [Warning] [omni.physx.plugin] Invalid PhysX transform detected for /World/Stem/Stress_50_04.
2026-07-23 09:52:13 [14,572ms] [Warning] [omni.physx.plugin] Invalid PhysX transform detected for /World/Stem/Stress_50_05.
2026-07-23 09:52:13 [14,572ms] [Warning] [omni.physx.plugin] Invalid PhysX transform detected for /World/Stem/Stress_50_06.
2026-07-23 09:52:13 [14,572ms] [Warning] [omni.physx.plugin] Invalid PhysX transform detected for /World/Stem/Stress_50_07.
2026-07-23 09:52:13 [14,572ms] [Warning] [omni.physx.plugin] Invalid PhysX transform detected for /World/Stem/Stress_50_08.
2026-07-23 09:52:13 [14,572ms] [Warning] [omni.physx.plugin] Invalid PhysX transform detected for /World/Stem/Stress_50_09.
2026-07-23 09:52:13 [14,572ms] [Warning] [omni.physx.plugin] Invalid PhysX transform detected for /World/Stem/Stress_50_10.
2026-07-23 09:52:13 [14,572ms] [Warning] [omni.physx.plugin] Invalid PhysX transform detected for /World/Stem/Stress_50_11.
2026-07-23 09:52:13 [14,572ms] [Warning] [omni.physx.plugin] Invalid PhysX transform detected for /World/Stem/Stress_50_12.
2026-07-23 09:52:13 [14,572ms] [Warning] [omni.physx.plugin] Invalid PhysX transform detected for /World/Stem/Stress_50_13.
2026-07-23 09:52:13 [14,572ms] [Warning] [omni.physx.plugin] Invalid PhysX transform detected for /World/Stem/Stress_50_14.
2026-07-23 09:52:13 [14,572ms] [Warning] [omni.physx.plugin] Invalid PhysX transform detected for /World/Stem/Stress_50_15.
2026-07-23 09:52:13 [14,572ms] [Warning] [omni.physx.plugin] Invalid PhysX transform detected for /World/Stem/Stress_50_16.
2026-07-23 09:52:13 [14,572ms] [Warning] [omni.physx.plugin] Invalid PhysX transform detected for /World/Stem/Stress_50_17.
2026-07-23 09:52:13 [14,572ms] [Warning] [omni.physx.plugin] Invalid PhysX transform detected for /World/Stem/Stress_50_18.
2026-07-23 09:52:13 [14,572ms] [Warning] [omni.physx.plugin] Invalid PhysX transform detected for /World/Stem/Stress_50_19.
2026-07-23 09:52:13 [14,572ms] [Warning] [omni.physx.plugin] Invalid PhysX transform detected for /World/Stem/Stress_50_20.
2026-07-23 09:52:13 [14,572ms] [Warning] [omni.physx.plugin] Invalid PhysX transform detected for /World/Stem/Stress_50_21.
2026-07-23 09:52:13 [14,572ms] [Warning] [omni.physx.plugin] Invalid PhysX transform detected for /World/Stem/Stress_50_22.
2026-07-23 09:52:13 [14,572ms] [Warning] [omni.physx.plugin] Invalid PhysX transform detected for /World/Stem/Stress_50_23.
2026-07-23 09:52:13 [14,572ms] [Warning] [omni.physx.plugin] Invalid PhysX transform detected for /World/Stem/Stress_50_24.
2026-07-23 09:52:13 [14,572ms] [Warning] [omni.physx.plugin] Invalid PhysX transform detected for /World/Stem/Stress_50_25.
2026-07-23 09:52:13 [14,572ms] [Warning] [omni.physx.plugin] Invalid PhysX transform detected for /World/Stem/Stress_50_26.
2026-07-23 09:52:13 [14,572ms] [Warning] [omni.physx.plugin] Invalid PhysX transform detected for /World/Stem/Stress_50_27.
2026-07-23 09:52:13 [14,572ms] [Warning] [omni.physx.plugin] Invalid PhysX transform detected for /World/Stem/Stress_50_28.
2026-07-23 09:52:13 [14,572ms] [Warning] [omni.physx.plugin] Invalid PhysX transform detected for /World/Stem/Stress_50_29.
2026-07-23 09:52:13 [14,572ms] [Warning] [omni.physx.plugin] Invalid PhysX transform detected for /World/Stem/Stress_50_30.
2026-07-23 09:52:13 [14,572ms] [Warning] [omni.physx.plugin] Invalid PhysX transform detected for /World/Stem/Stress_50_31.
2026-07-23 09:52:13 [14,572ms] [Warning] [omni.physx.plugin] Invalid PhysX transform detected for /World/Stem/Stress_50_32.
2026-07-23 09:52:13 [14,572ms] [Warning] [omni.physx.plugin] Invalid PhysX transform detected for /World/Stem/Stress_50_33.
2026-07-23 09:52:13 [14,572ms] [Warning] [omni.physx.plugin] Invalid PhysX transform detected for /World/Stem/Stress_50_34.
2026-07-23 09:52:13 [14,572ms] [Warning] [omni.physx.plugin] Invalid PhysX transform detected for /World/Stem/Stress_50_35.
2026-07-23 09:52:13 [14,572ms] [Warning] [omni.physx.plugin] Invalid PhysX transform detected for /World/Stem/Stress_50_36.
2026-07-23 09:52:13 [14,572ms] [Warning] [omni.physx.plugin] Invalid PhysX transform detected for /World/Stem/Stress_50_37.
2026-07-23 09:52:13 [14,572ms] [Warning] [omni.physx.plugin] Invalid PhysX transform detected for /World/Stem/Stress_50_38.
2026-07-23 09:52:13 [14,572ms] [Warning] [omni.physx.plugin] Invalid PhysX transform detected for /World/Stem/Stress_50_39.
2026-07-23 09:52:13 [14,572ms] [Warning] [omni.physx.plugin] Invalid PhysX transform detected for /World/Stem/Stress_50_40.
2026-07-23 09:52:13 [14,572ms] [Warning] [omni.physx.plugin] Invalid PhysX transform detected for /World/Stem/Stress_50_41.
2026-07-23 09:52:13 [14,572ms] [Warning] [omni.physx.plugin] Invalid PhysX transform detected for /World/Stem/Stress_50_42.
2026-07-23 09:52:13 [14,572ms] [Warning] [omni.physx.plugin] Invalid PhysX transform detected for /World/Stem/Stress_50_43.
2026-07-23 09:52:13 [14,572ms] [Warning] [omni.physx.plugin] Invalid PhysX transform detected for /World/Stem/Stress_50_44.
2026-07-23 09:52:13 [14,572ms] [Warning] [omni.physx.plugin] Invalid PhysX transform detected for /World/Stem/Stress_50_45.
2026-07-23 09:52:13 [14,572ms] [Warning] [omni.physx.plugin] Invalid PhysX transform detected for /World/Stem/Stress_50_46.
2026-07-23 09:52:13 [14,572ms] [Warning] [omni.physx.plugin] Invalid PhysX transform detected for /World/Stem/Stress_50_47.
2026-07-23 09:52:13 [14,572ms] [Warning] [omni.physx.plugin] Invalid PhysX transform detected for /World/Stem/Stress_50_48.
2026-07-23 09:52:13 [14,572ms] [Warning] [omni.physx.plugin] Invalid PhysX transform detected for /World/Stem/Stress_50_49.
2026-07-23 09:52:13 [14,572ms] [Warning] [omni.physx.plugin] Invalid PhysX transform detected for /World/Stem/Fruit_Stress_50_base.
2026-07-23 09:52:13 [14,572ms] [Warning] [omni.physx.plugin] Invalid PhysX transform detected for /World/Stem/Fruit_Stress_50_tip.
2026-07-23 09:52:13 [14,572ms] [Warning] [omni.physx.plugin] Invalid PhysX transform detected for /World/Stem/Fruit_Stress_50.
2026-07-23 09:52:13 [14,591ms] [Warning] [omni.physx.plugin] Invalid PhysX transform detected for /World/Stem/Stress_50_00.
2026-07-23 09:52:13 [14,591ms] [Warning] [omni.physx.plugin] Invalid PhysX transform detected for /World/Stem/Stress_50_01.
2026-07-23 09:52:13 [14,591ms] [Warning] [omni.physx.plugin] Invalid PhysX transform detected for /World/Stem/Stress_50_02.
2026-07-23 09:52:13 [14,591ms] [Warning] [omni.physx.plugin] Invalid PhysX transform detected for /World/Stem/Stress_50_03.
2026-07-23 09:52:13 [14,591ms] [Warning] [omni.physx.plugin] Invalid PhysX transform detected for /World/Stem/Stress_50_04.
2026-07-23 09:52:13 [14,591ms] [Warning] [omni.physx.plugin] Invalid PhysX transform detected for /World/Stem/Stress_50_05.
2026-07-23 09:52:13 [14,591ms] [Warning] [omni.physx.plugin] Invalid PhysX transform detected for /World/Stem/Stress_50_06.
2026-07-23 09:52:13 [14,591ms] [Warning] [omni.physx.plugin] Invalid PhysX transform detected for /World/Stem/Stress_50_07.
2026-07-23 09:52:13 [14,591ms] [Warning] [omni.physx.plugin] Invalid PhysX transform detected for /World/Stem/Stress_50_08.
2026-07-23 09:52:13 [14,591ms] [Warning] [omni.physx.plugin] Invalid PhysX transform detected for /World/Stem/Stress_50_09.
2026-07-23 09:52:13 [14,591ms] [Warning] [omni.physx.plugin] Invalid PhysX transform detected for /World/Stem/Stress_50_10.
2026-07-23 09:52:13 [14,591ms] [Warning] [omni.physx.plugin] Invalid PhysX transform detected for /World/Stem/Stress_50_11.
2026-07-23 09:52:13 [14,591ms] [Warning] [omni.physx.plugin] Invalid PhysX transform detected for /World/Stem/Stress_50_12.
2026-07-23 09:52:13 [14,591ms] [Warning] [omni.physx.plugin] Invalid PhysX transform detected for /World/Stem/Stress_50_13.
2026-07-23 09:52:13 [14,591ms] [Warning] [omni.physx.plugin] Invalid PhysX transform detected for /World/Stem/Stress_50_14.
2026-07-23 09:52:13 [14,591ms] [Warning] [omni.physx.plugin] Invalid PhysX transform detected for /World/Stem/Stress_50_15.
2026-07-23 09:52:13 [14,591ms] [Warning] [omni.physx.plugin] Invalid PhysX transform detected for /World/Stem/Stress_50_16.
2026-07-23 09:52:13 [14,591ms] [Warning] [omni.physx.plugin] Invalid PhysX transform detected for /World/Stem/Stress_50_17.
2026-07-23 09:52:13 [14,591ms] [Warning] [omni.physx.plugin] Invalid PhysX transform detected for /World/Stem/Stress_50_18.
2026-07-23 09:52:13 [14,591ms] [Warning] [omni.physx.plugin] Invalid PhysX transform detected for /World/Stem/Stress_50_19.
2026-07-23 09:52:13 [14,591ms] [Warning] [omni.physx.plugin] Invalid PhysX transform detected for /World/Stem/Stress_50_20.
2026-07-23 09:52:13 [14,591ms] [Warning] [omni.physx.plugin] Invalid PhysX transform detected for /World/Stem/Stress_50_21.
2026-07-23 09:52:13 [14,591ms] [Warning] [omni.physx.plugin] Invalid PhysX transform detected for /World/Stem/Stress_50_22.
2026-07-23 09:52:13 [14,591ms] [Warning] [omni.physx.plugin] Invalid PhysX transform detected for /World/Stem/Stress_50_23.
2026-07-23 09:52:13 [14,591ms] [Warning] [omni.physx.plugin] Invalid PhysX transform detected for /World/Stem/Stress_50_24.
2026-07-23 09:52:13 [14,591ms] [Warning] [omni.physx.plugin] Invalid PhysX transform detected for /World/Stem/Stress_50_25.
2026-07-23 09:52:13 [14,591ms] [Warning] [omni.physx.plugin] Invalid PhysX transform detected for /World/Stem/Stress_50_26.
2026-07-23 09:52:13 [14,591ms] [Warning] [omni.physx.plugin] Invalid PhysX transform detected for /World/Stem/Stress_50_27.
2026-07-23 09:52:13 [14,591ms] [Warning] [omni.physx.plugin] Invalid PhysX transform detected for /World/Stem/Stress_50_28.
2026-07-23 09:52:13 [14,591ms] [Warning] [omni.physx.plugin] Invalid PhysX transform detected for /World/Stem/Stress_50_29.
2026-07-23 09:52:13 [14,591ms] [Warning] [omni.physx.plugin] Invalid PhysX transform detected for /World/Stem/Stress_50_30.
2026-07-23 09:52:13 [14,591ms] [Warning] [omni.physx.plugin] Invalid PhysX transform detected for /World/Stem/Stress_50_31.
2026-07-23 09:52:13 [14,591ms] [Warning] [omni.physx.plugin] Invalid PhysX transform detected for /World/Stem/Stress_50_32.
2026-07-23 09:52:13 [14,591ms] [Warning] [omni.physx.plugin] Invalid PhysX transform detected for /World/Stem/Stress_50_33.
2026-07-23 09:52:13 [14,591ms] [Warning] [omni.physx.plugin] Invalid PhysX transform detected for /World/Stem/Stress_50_34.
2026-07-23 09:52:13 [14,591ms] [Warning] [omni.physx.plugin] Invalid PhysX transform detected for /World/Stem/Stress_50_35.
2026-07-23 09:52:13 [14,591ms] [Warning] [omni.physx.plugin] Invalid PhysX transform detected for /World/Stem/Stress_50_36.
2026-07-23 09:52:13 [14,591ms] [Warning] [omni.physx.plugin] Invalid PhysX transform detected for /World/Stem/Stress_50_37.
2026-07-23 09:52:13 [14,591ms] [Warning] [omni.physx.plugin] Invalid PhysX transform detected for /World/Stem/Stress_50_38.
2026-07-23 09:52:13 [14,591ms] [Warning] [omni.physx.plugin] Invalid PhysX transform detected for /World/Stem/Stress_50_39.
2026-07-23 09:52:13 [14,591ms] [Warning] [omni.physx.plugin] Invalid PhysX transform detected for /World/Stem/Stress_50_40.
2026-07-23 09:52:13 [14,591ms] [Warning] [omni.physx.plugin] Invalid PhysX transform detected for /World/Stem/Stress_50_41.
2026-07-23 09:52:13 [14,591ms] [Warning] [omni.physx.plugin] Invalid PhysX transform detected for /World/Stem/Stress_50_42.
2026-07-23 09:52:13 [14,591ms] [Warning] [omni.physx.plugin] Invalid PhysX transform detected for /World/Stem/Stress_50_43.
2026-07-23 09:52:13 [14,591ms] [Warning] [omni.physx.plugin] Invalid PhysX transform detected for /World/Stem/Stress_50_44.
2026-07-23 09:52:13 [14,591ms] [Warning] [omni.physx.plugin] Invalid PhysX transform detected for /World/Stem/Stress_50_45.
2026-07-23 09:52:13 [14,591ms] [Warning] [omni.physx.plugin] Invalid PhysX transform detected for /World/Stem/Stress_50_46.
2026-07-23 09:52:13 [14,591ms] [Warning] [omni.physx.plugin] Invalid PhysX transform detected for /World/Stem/Stress_50_47.
2026-07-23 09:52:13 [14,591ms] [Warning] [omni.physx.plugin] Invalid PhysX transform detected for /World/Stem/Stress_50_48.
2026-07-23 09:52:13 [14,591ms] [Warning] [omni.physx.plugin] Invalid PhysX transform detected for /World/Stem/Stress_50_49.
2026-07-23 09:52:13 [14,591ms] [Warning] [omni.physx.plugin] Invalid PhysX transform detected for /World/Stem/Fruit_Stress_50_base.
2026-07-23 09:52:13 [14,591ms] [Warning] [omni.physx.plugin] Invalid PhysX transform detected for /World/Stem/Fruit_Stress_50_tip.
2026-07-23 09:52:13 [14,591ms] [Warning] [omni.physx.plugin] Invalid PhysX transform detected for /World/Stem/Fruit_Stress_50.
2026-07-23 09:52:13 [14,610ms] [Warning] [omni.physx.plugin] Invalid PhysX transform detected for /World/Stem/Stress_50_00.
2026-07-23 09:52:13 [14,610ms] [Warning] [omni.physx.plugin] Invalid PhysX transform detected for /World/Stem/Stress_50_01.
2026-07-23 09:52:13 [14,610ms] [Warning] [omni.physx.plugin] Invalid PhysX transform detected for /World/Stem/Stress_50_02.
2026-07-23 09:52:13 [14,610ms] [Warning] [omni.physx.plugin] Invalid PhysX transform detected for /World/Stem/Stress_50_03.
2026-07-23 09:52:13 [14,610ms] [Warning] [omni.physx.plugin] Invalid PhysX transform detected for /World/Stem/Stress_50_04.
2026-07-23 09:52:13 [14,610ms] [Warning] [omni.physx.plugin] Invalid PhysX transform detected for /World/Stem/Stress_50_05.
2026-07-23 09:52:13 [14,610ms] [Warning] [omni.physx.plugin] Invalid PhysX transform detected for /World/Stem/Stress_50_06.
2026-07-23 09:52:13 [14,610ms] [Warning] [omni.physx.plugin] Invalid PhysX transform detected for /World/Stem/Stress_50_07.
2026-07-23 09:52:13 [14,610ms] [Warning] [omni.physx.plugin] Invalid PhysX transform detected for /World/Stem/Stress_50_08.
2026-07-23 09:52:13 [14,610ms] [Warning] [omni.physx.plugin] Invalid PhysX transform detected for /World/Stem/Stress_50_09.
2026-07-23 09:52:13 [14,610ms] [Warning] [omni.physx.plugin] Invalid PhysX transform detected for /World/Stem/Stress_50_10.
2026-07-23 09:52:13 [14,610ms] [Warning] [omni.physx.plugin] Invalid PhysX transform detected for /World/Stem/Stress_50_11.
2026-07-23 09:52:13 [14,610ms] [Warning] [omni.physx.plugin] Invalid PhysX transform detected for /World/Stem/Stress_50_12.
2026-07-23 09:52:13 [14,610ms] [Warning] [omni.physx.plugin] Invalid PhysX transform detected for /World/Stem/Stress_50_13.
2026-07-23 09:52:13 [14,610ms] [Warning] [omni.physx.plugin] Invalid PhysX transform detected for /World/Stem/Stress_50_14.
2026-07-23 09:52:13 [14,610ms] [Warning] [omni.physx.plugin] Invalid PhysX transform detected for /World/Stem/Stress_50_15.
2026-07-23 09:52:13 [14,610ms] [Warning] [omni.physx.plugin] Invalid PhysX transform detected for /World/Stem/Stress_50_16.
2026-07-23 09:52:13 [14,610ms] [Warning] [omni.physx.plugin] Invalid PhysX transform detected for /World/Stem/Stress_50_17.
2026-07-23 09:52:13 [14,610ms] [Warning] [omni.physx.plugin] Invalid PhysX transform detected for /World/Stem/Stress_50_18.
2026-07-23 09:52:13 [14,610ms] [Warning] [omni.physx.plugin] Invalid PhysX transform detected for /World/Stem/Stress_50_19.
2026-07-23 09:52:13 [14,610ms] [Warning] [omni.physx.plugin] Invalid PhysX transform detected for /World/Stem/Stress_50_20.
2026-07-23 09:52:13 [14,610ms] [Warning] [omni.physx.plugin] Invalid PhysX transform detected for /World/Stem/Stress_50_21.
2026-07-23 09:52:13 [14,610ms] [Warning] [omni.physx.plugin] Invalid PhysX transform detected for /World/Stem/Stress_50_22.
2026-07-23 09:52:13 [14,610ms] [Warning] [omni.physx.plugin] Invalid PhysX transform detected for /World/Stem/Stress_50_23.
2026-07-23 09:52:13 [14,610ms] [Warning] [omni.physx.plugin] Invalid PhysX transform detected for /World/Stem/Stress_50_24.
2026-07-23 09:52:13 [14,610ms] [Warning] [omni.physx.plugin] Invalid PhysX transform detected for /World/Stem/Stress_50_25.
2026-07-23 09:52:13 [14,610ms] [Warning] [omni.physx.plugin] Invalid PhysX transform detected for /World/Stem/Stress_50_26.
2026-07-23 09:52:13 [14,610ms] [Warning] [omni.physx.plugin] Invalid PhysX transform detected for /World/Stem/Stress_50_27.
2026-07-23 09:52:13 [14,610ms] [Warning] [omni.physx.plugin] Invalid PhysX transform detected for /World/Stem/Stress_50_28.
2026-07-23 09:52:13 [14,611ms] [Warning] [omni.physx.plugin] Invalid PhysX transform detected for /World/Stem/Stress_50_29.
2026-07-23 09:52:13 [14,611ms] [Warning] [omni.physx.plugin] Invalid PhysX transform detected for /World/Stem/Stress_50_30.
2026-07-23 09:52:13 [14,611ms] [Warning] [omni.physx.plugin] Invalid PhysX transform detected for /World/Stem/Stress_50_31.
2026-07-23 09:52:13 [14,611ms] [Warning] [omni.physx.plugin] Invalid PhysX transform detected for /World/Stem/Stress_50_32.
2026-07-23 09:52:13 [14,611ms] [Warning] [omni.physx.plugin] Invalid PhysX transform detected for /World/Stem/Stress_50_33.
2026-07-23 09:52:13 [14,611ms] [Warning] [omni.physx.plugin] Invalid PhysX transform detected for /World/Stem/Stress_50_34.
2026-07-23 09:52:13 [14,611ms] [Warning] [omni.physx.plugin] Invalid PhysX transform detected for /World/Stem/Stress_50_35.
2026-07-23 09:52:13 [14,611ms] [Warning] [omni.physx.plugin] Invalid PhysX transform detected for /World/Stem/Stress_50_36.
2026-07-23 09:52:13 [14,611ms] [Warning] [omni.physx.plugin] Invalid PhysX transform detected for /World/Stem/Stress_50_37.
2026-07-23 09:52:13 [14,611ms] [Warning] [omni.physx.plugin] Invalid PhysX transform detected for /World/Stem/Stress_50_38.
2026-07-23 09:52:13 [14,611ms] [Warning] [omni.physx.plugin] Invalid PhysX transform detected for /World/Stem/Stress_50_39.
2026-07-23 09:52:13 [14,611ms] [Warning] [omni.physx.plugin] Invalid PhysX transform detected for /World/Stem/Stress_50_40.
2026-07-23 09:52:13 [14,611ms] [Warning] [omni.physx.plugin] Invalid PhysX transform detected for /World/Stem/Stress_50_41.
2026-07-23 09:52:13 [14,611ms] [Warning] [omni.physx.plugin] Invalid PhysX transform detected for /World/Stem/Stress_50_42.
2026-07-23 09:52:13 [14,611ms] [Warning] [omni.physx.plugin] Invalid PhysX transform detected for /World/Stem/Stress_50_43.
2026-07-23 09:52:13 [14,611ms] [Warning] [omni.physx.plugin] Invalid PhysX transform detected for /World/Stem/Stress_50_44.
2026-07-23 09:52:13 [14,611ms] [Warning] [omni.physx.plugin] Invalid PhysX transform detected for /World/Stem/Stress_50_45.
2026-07-23 09:52:13 [14,611ms] [Warning] [omni.physx.plugin] Invalid PhysX transform detected for /World/Stem/Stress_50_46.
2026-07-23 09:52:13 [14,611ms] [Warning] [omni.physx.plugin] Invalid PhysX transform detected for /World/Stem/Stress_50_47.
2026-07-23 09:52:13 [14,611ms] [Warning] [omni.physx.plugin] Invalid PhysX transform detected for /World/Stem/Stress_50_48.
2026-07-23 09:52:13 [14,611ms] [Warning] [omni.physx.plugin] Invalid PhysX transform detected for /World/Stem/Stress_50_49.
2026-07-23 09:52:13 [14,611ms] [Warning] [omni.physx.plugin] Invalid PhysX transform detected for /World/Stem/Fruit_Stress_50_base.
2026-07-23 09:52:13 [14,611ms] [Warning] [omni.physx.plugin] Invalid PhysX transform detected for /World/Stem/Fruit_Stress_50_tip.
2026-07-23 09:52:13 [14,611ms] [Warning] [omni.physx.plugin] Invalid PhysX transform detected for /World/Stem/Fruit_Stress_50.
2026-07-23 09:52:13 [14,630ms] [Warning] [omni.physx.plugin] Invalid PhysX transform detected for /World/Stem/Stress_50_00.
2026-07-23 09:52:13 [14,630ms] [Warning] [omni.physx.plugin] Invalid PhysX transform detected for /World/Stem/Stress_50_01.
2026-07-23 09:52:13 [14,630ms] [Warning] [omni.physx.plugin] Invalid PhysX transform detected for /World/Stem/Stress_50_02.
2026-07-23 09:52:13 [14,630ms] [Warning] [omni.physx.plugin] Invalid PhysX transform detected for /World/Stem/Stress_50_03.
2026-07-23 09:52:13 [14,630ms] [Warning] [omni.physx.plugin] Invalid PhysX transform detected for /World/Stem/Stress_50_04.
2026-07-23 09:52:13 [14,630ms] [Warning] [omni.physx.plugin] Invalid PhysX transform detected for /World/Stem/Stress_50_05.
2026-07-23 09:52:13 [14,630ms] [Warning] [omni.physx.plugin] Invalid PhysX transform detected for /World/Stem/Stress_50_06.
2026-07-23 09:52:13 [14,630ms] [Warning] [omni.physx.plugin] Invalid PhysX transform detected for /World/Stem/Stress_50_07.
2026-07-23 09:52:13 [14,630ms] [Warning] [omni.physx.plugin] Invalid PhysX transform detected for /World/Stem/Stress_50_08.
2026-07-23 09:52:13 [14,630ms] [Warning] [omni.physx.plugin] Invalid PhysX transform detected for /World/Stem/Stress_50_09.
2026-07-23 09:52:13 [14,630ms] [Warning] [omni.physx.plugin] Invalid PhysX transform detected for /World/Stem/Stress_50_10.
2026-07-23 09:52:13 [14,630ms] [Warning] [omni.physx.plugin] Invalid PhysX transform detected for /World/Stem/Stress_50_11.
2026-07-23 09:52:13 [14,630ms] [Warning] [omni.physx.plugin] Invalid PhysX transform detected for /World/Stem/Stress_50_12.
2026-07-23 09:52:13 [14,630ms] [Warning] [omni.physx.plugin] Invalid PhysX transform detected for /World/Stem/Stress_50_13.
2026-07-23 09:52:13 [14,630ms] [Warning] [omni.physx.plugin] Invalid PhysX transform detected for /World/Stem/Stress_50_14.
2026-07-23 09:52:13 [14,630ms] [Warning] [omni.physx.plugin] Invalid PhysX transform detected for /World/Stem/Stress_50_15.
2026-07-23 09:52:13 [14,630ms] [Warning] [omni.physx.plugin] Invalid PhysX transform detected for /World/Stem/Stress_50_16.
2026-07-23 09:52:13 [14,630ms] [Warning] [omni.physx.plugin] Invalid PhysX transform detected for /World/Stem/Stress_50_17.
2026-07-23 09:52:13 [14,630ms] [Warning] [omni.physx.plugin] Invalid PhysX transform detected for /World/Stem/Stress_50_18.
2026-07-23 09:52:13 [14,630ms] [Warning] [omni.physx.plugin] Invalid PhysX transform detected for /World/Stem/Stress_50_19.
2026-07-23 09:52:13 [14,630ms] [Warning] [omni.physx.plugin] Invalid PhysX transform detected for /World/Stem/Stress_50_20.
2026-07-23 09:52:13 [14,630ms] [Warning] [omni.physx.plugin] Invalid PhysX transform detected for /World/Stem/Stress_50_21.
2026-07-23 09:52:13 [14,630ms] [Warning] [omni.physx.plugin] Invalid PhysX transform detected for /World/Stem/Stress_50_22.
2026-07-23 09:52:13 [14,630ms] [Warning] [omni.physx.plugin] Invalid PhysX transform detected for /World/Stem/Stress_50_23.
2026-07-23 09:52:13 [14,630ms] [Warning] [omni.physx.plugin] Invalid PhysX transform detected for /World/Stem/Stress_50_24.
2026-07-23 09:52:13 [14,630ms] [Warning] [omni.physx.plugin] Invalid PhysX transform detected for /World/Stem/Stress_50_25.
2026-07-23 09:52:13 [14,630ms] [Warning] [omni.physx.plugin] Invalid PhysX transform detected for /World/Stem/Stress_50_26.
2026-07-23 09:52:13 [14,630ms] [Warning] [omni.physx.plugin] Invalid PhysX transform detected for /World/Stem/Stress_50_27.
2026-07-23 09:52:13 [14,630ms] [Warning] [omni.physx.plugin] Invalid PhysX transform detected for /World/Stem/Stress_50_28.
2026-07-23 09:52:13 [14,630ms] [Warning] [omni.physx.plugin] Invalid PhysX transform detected for /World/Stem/Stress_50_29.
2026-07-23 09:52:13 [14,630ms] [Warning] [omni.physx.plugin] Invalid PhysX transform detected for /World/Stem/Stress_50_30.
2026-07-23 09:52:13 [14,630ms] [Warning] [omni.physx.plugin] Invalid PhysX transform detected for /World/Stem/Stress_50_31.
2026-07-23 09:52:13 [14,630ms] [Warning] [omni.physx.plugin] Invalid PhysX transform detected for /World/Stem/Stress_50_32.
2026-07-23 09:52:13 [14,630ms] [Warning] [omni.physx.plugin] Invalid PhysX transform detected for /World/Stem/Stress_50_33.
2026-07-23 09:52:13 [14,630ms] [Warning] [omni.physx.plugin] Invalid PhysX transform detected for /World/Stem/Stress_50_34.
2026-07-23 09:52:13 [14,630ms] [Warning] [omni.physx.plugin] Invalid PhysX transform detected for /World/Stem/Stress_50_35.
2026-07-23 09:52:13 [14,630ms] [Warning] [omni.physx.plugin] Invalid PhysX transform detected for /World/Stem/Stress_50_36.
2026-07-23 09:52:13 [14,630ms] [Warning] [omni.physx.plugin] Invalid PhysX transform detected for /World/Stem/Stress_50_37.
2026-07-23 09:52:13 [14,630ms] [Warning] [omni.physx.plugin] Invalid PhysX transform detected for /World/Stem/Stress_50_38.
2026-07-23 09:52:13 [14,630ms] [Warning] [omni.physx.plugin] Invalid PhysX transform detected for /World/Stem/Stress_50_39.
2026-07-23 09:52:13 [14,630ms] [Warning] [omni.physx.plugin] Invalid PhysX transform detected for /World/Stem/Stress_50_40.
2026-07-23 09:52:13 [14,630ms] [Warning] [omni.physx.plugin] Invalid PhysX transform detected for /World/Stem/Stress_50_41.
2026-07-23 09:52:13 [14,630ms] [Warning] [omni.physx.plugin] Invalid PhysX transform detected for /World/Stem/Stress_50_42.
2026-07-23 09:52:13 [14,630ms] [Warning] [omni.physx.plugin] Invalid PhysX transform detected for /World/Stem/Stress_50_43.
2026-07-23 09:52:13 [14,630ms] [Warning] [omni.physx.plugin] Invalid PhysX transform detected for /World/Stem/Stress_50_44.
2026-07-23 09:52:13 [14,630ms] [Warning] [omni.physx.plugin] Invalid PhysX transform detected for /World/Stem/Stress_50_45.
2026-07-23 09:52:13 [14,630ms] [Warning] [omni.physx.plugin] Invalid PhysX transform detected for /World/Stem/Stress_50_46.
2026-07-23 09:52:13 [14,630ms] [Warning] [omni.physx.plugin] Invalid PhysX transform detected for /World/Stem/Stress_50_47.
2026-07-23 09:52:13 [14,630ms] [Warning] [omni.physx.plugin] Invalid PhysX transform detected for /World/Stem/Stress_50_48.
2026-07-23 09:52:13 [14,630ms] [Warning] [omni.physx.plugin] Invalid PhysX transform detected for /World/Stem/Stress_50_49.
2026-07-23 09:52:13 [14,630ms] [Warning] [omni.physx.plugin] Invalid PhysX transform detected for /World/Stem/Fruit_Stress_50_base.
2026-07-23 09:52:13 [14,630ms] [Warning] [omni.physx.plugin] Invalid PhysX transform detected for /World/Stem/Fruit_Stress_50_tip.
2026-07-23 09:52:13 [14,630ms] [Warning] [omni.physx.plugin] Invalid PhysX transform detected for /World/Stem/Fruit_Stress_50.
2026-07-23 09:52:13 [14,648ms] [Warning] [omni.physx.plugin] Invalid PhysX transform detected for /World/Stem/Stress_50_00.
2026-07-23 09:52:13 [14,648ms] [Warning] [omni.physx.plugin] Invalid PhysX transform detected for /World/Stem/Stress_50_01.
2026-07-23 09:52:13 [14,648ms] [Warning] [omni.physx.plugin] Invalid PhysX transform detected for /World/Stem/Stress_50_02.
2026-07-23 09:52:13 [14,648ms] [Warning] [omni.physx.plugin] Invalid PhysX transform detected for /World/Stem/Stress_50_03.
2026-07-23 09:52:13 [14,648ms] [Warning] [omni.physx.plugin] Invalid PhysX transform detected for /World/Stem/Stress_50_04.
2026-07-23 09:52:13 [14,648ms] [Warning] [omni.physx.plugin] Invalid PhysX transform detected for /World/Stem/Stress_50_05.
2026-07-23 09:52:13 [14,648ms] [Warning] [omni.physx.plugin] Invalid PhysX transform detected for /World/Stem/Stress_50_06.
2026-07-23 09:52:13 [14,648ms] [Warning] [omni.physx.plugin] Invalid PhysX transform detected for /World/Stem/Stress_50_07.
2026-07-23 09:52:13 [14,648ms] [Warning] [omni.physx.plugin] Invalid PhysX transform detected for /World/Stem/Stress_50_08.
2026-07-23 09:52:13 [14,648ms] [Warning] [omni.physx.plugin] Invalid PhysX transform detected for /World/Stem/Stress_50_09.
2026-07-23 09:52:13 [14,648ms] [Warning] [omni.physx.plugin] Invalid PhysX transform detected for /World/Stem/Stress_50_10.
2026-07-23 09:52:13 [14,648ms] [Warning] [omni.physx.plugin] Invalid PhysX transform detected for /World/Stem/Stress_50_11.
2026-07-23 09:52:13 [14,648ms] [Warning] [omni.physx.plugin] Invalid PhysX transform detected for /World/Stem/Stress_50_12.
2026-07-23 09:52:13 [14,648ms] [Warning] [omni.physx.plugin] Invalid PhysX transform detected for /World/Stem/Stress_50_13.
2026-07-23 09:52:13 [14,648ms] [Warning] [omni.physx.plugin] Invalid PhysX transform detected for /World/Stem/Stress_50_14.
2026-07-23 09:52:13 [14,648ms] [Warning] [omni.physx.plugin] Invalid PhysX transform detected for /World/Stem/Stress_50_15.
2026-07-23 09:52:13 [14,648ms] [Warning] [omni.physx.plugin] Invalid PhysX transform detected for /World/Stem/Stress_50_16.
2026-07-23 09:52:13 [14,648ms] [Warning] [omni.physx.plugin] Invalid PhysX transform detected for /World/Stem/Stress_50_17.
2026-07-23 09:52:13 [14,648ms] [Warning] [omni.physx.plugin] Invalid PhysX transform detected for /World/Stem/Stress_50_18.
2026-07-23 09:52:13 [14,648ms] [Warning] [omni.physx.plugin] Invalid PhysX transform detected for /World/Stem/Stress_50_19.
2026-07-23 09:52:13 [14,648ms] [Warning] [omni.physx.plugin] Invalid PhysX transform detected for /World/Stem/Stress_50_20.
2026-07-23 09:52:13 [14,648ms] [Warning] [omni.physx.plugin] Invalid PhysX transform detected for /World/Stem/Stress_50_21.
2026-07-23 09:52:13 [14,648ms] [Warning] [omni.physx.plugin] Invalid PhysX transform detected for /World/Stem/Stress_50_22.
2026-07-23 09:52:13 [14,648ms] [Warning] [omni.physx.plugin] Invalid PhysX transform detected for /World/Stem/Stress_50_23.
2026-07-23 09:52:13 [14,648ms] [Warning] [omni.physx.plugin] Invalid PhysX transform detected for /World/Stem/Stress_50_24.
2026-07-23 09:52:13 [14,648ms] [Warning] [omni.physx.plugin] Invalid PhysX transform detected for /World/Stem/Stress_50_25.
2026-07-23 09:52:13 [14,648ms] [Warning] [omni.physx.plugin] Invalid PhysX transform detected for /World/Stem/Stress_50_26.
2026-07-23 09:52:13 [14,648ms] [Warning] [omni.physx.plugin] Invalid PhysX transform detected for /World/Stem/Stress_50_27.
2026-07-23 09:52:13 [14,648ms] [Warning] [omni.physx.plugin] Invalid PhysX transform detected for /World/Stem/Stress_50_28.
2026-07-23 09:52:13 [14,648ms] [Warning] [omni.physx.plugin] Invalid PhysX transform detected for /World/Stem/Stress_50_29.
2026-07-23 09:52:13 [14,648ms] [Warning] [omni.physx.plugin] Invalid PhysX transform detected for /World/Stem/Stress_50_30.
2026-07-23 09:52:13 [14,648ms] [Warning] [omni.physx.plugin] Invalid PhysX transform detected for /World/Stem/Stress_50_31.
2026-07-23 09:52:13 [14,648ms] [Warning] [omni.physx.plugin] Invalid PhysX transform detected for /World/Stem/Stress_50_32.
2026-07-23 09:52:13 [14,648ms] [Warning] [omni.physx.plugin] Invalid PhysX transform detected for /World/Stem/Stress_50_33.
2026-07-23 09:52:13 [14,648ms] [Warning] [omni.physx.plugin] Invalid PhysX transform detected for /World/Stem/Stress_50_34.
2026-07-23 09:52:13 [14,648ms] [Warning] [omni.physx.plugin] Invalid PhysX transform detected for /World/Stem/Stress_50_35.
2026-07-23 09:52:13 [14,648ms] [Warning] [omni.physx.plugin] Invalid PhysX transform detected for /World/Stem/Stress_50_36.
2026-07-23 09:52:13 [14,648ms] [Warning] [omni.physx.plugin] Invalid PhysX transform detected for /World/Stem/Stress_50_37.
2026-07-23 09:52:13 [14,648ms] [Warning] [omni.physx.plugin] Invalid PhysX transform detected for /World/Stem/Stress_50_38.
2026-07-23 09:52:13 [14,648ms] [Warning] [omni.physx.plugin] Invalid PhysX transform detected for /World/Stem/Stress_50_39.
2026-07-23 09:52:13 [14,648ms] [Warning] [omni.physx.plugin] Invalid PhysX transform detected for /World/Stem/Stress_50_40.
2026-07-23 09:52:13 [14,648ms] [Warning] [omni.physx.plugin] Invalid PhysX transform detected for /World/Stem/Stress_50_41.
2026-07-23 09:52:13 [14,648ms] [Warning] [omni.physx.plugin] Invalid PhysX transform detected for /World/Stem/Stress_50_42.
2026-07-23 09:52:13 [14,648ms] [Warning] [omni.physx.plugin] Invalid PhysX transform detected for /World/Stem/Stress_50_43.
2026-07-23 09:52:13 [14,648ms] [Warning] [omni.physx.plugin] Invalid PhysX transform detected for /World/Stem/Stress_50_44.
2026-07-23 09:52:13 [14,648ms] [Warning] [omni.physx.plugin] Invalid PhysX transform detected for /World/Stem/Stress_50_45.
2026-07-23 09:52:13 [14,648ms] [Warning] [omni.physx.plugin] Invalid PhysX transform detected for /World/Stem/Stress_50_46.
2026-07-23 09:52:13 [14,648ms] [Warning] [omni.physx.plugin] Invalid PhysX transform detected for /World/Stem/Stress_50_47.
2026-07-23 09:52:13 [14,648ms] [Warning] [omni.physx.plugin] Invalid PhysX transform detected for /World/Stem/Stress_50_48.
2026-07-23 09:52:13 [14,648ms] [Warning] [omni.physx.plugin] Invalid PhysX transform detected for /World/Stem/Stress_50_49.
2026-07-23 09:52:13 [14,648ms] [Warning] [omni.physx.plugin] Invalid PhysX transform detected for /World/Stem/Fruit_Stress_50_base.
2026-07-23 09:52:13 [14,648ms] [Warning] [omni.physx.plugin] Invalid PhysX transform detected for /World/Stem/Fruit_Stress_50_tip.
2026-07-23 09:52:13 [14,648ms] [Warning] [omni.physx.plugin] Invalid PhysX transform detected for /World/Stem/Fruit_Stress_50.
2026-07-23 09:52:13 [14,668ms] [Warning] [omni.physx.plugin] Invalid PhysX transform detected for /World/Stem/Stress_50_00.
2026-07-23 09:52:13 [14,668ms] [Warning] [omni.physx.plugin] Invalid PhysX transform detected for /World/Stem/Stress_50_01.
2026-07-23 09:52:13 [14,668ms] [Warning] [omni.physx.plugin] Invalid PhysX transform detected for /World/Stem/Stress_50_02.
2026-07-23 09:52:13 [14,668ms] [Warning] [omni.physx.plugin] Invalid PhysX transform detected for /World/Stem/Stress_50_03.
2026-07-23 09:52:13 [14,668ms] [Warning] [omni.physx.plugin] Invalid PhysX transform detected for /World/Stem/Stress_50_04.
2026-07-23 09:52:13 [14,668ms] [Warning] [omni.physx.plugin] Invalid PhysX transform detected for /World/Stem/Stress_50_05.
2026-07-23 09:52:13 [14,668ms] [Warning] [omni.physx.plugin] Invalid PhysX transform detected for /World/Stem/Stress_50_06.
2026-07-23 09:52:13 [14,668ms] [Warning] [omni.physx.plugin] Invalid PhysX transform detected for /World/Stem/Stress_50_07.
2026-07-23 09:52:13 [14,668ms] [Warning] [omni.physx.plugin] Invalid PhysX transform detected for /World/Stem/Stress_50_08.
2026-07-23 09:52:13 [14,668ms] [Warning] [omni.physx.plugin] Invalid PhysX transform detected for /World/Stem/Stress_50_09.
2026-07-23 09:52:13 [14,668ms] [Warning] [omni.physx.plugin] Invalid PhysX transform detected for /World/Stem/Stress_50_10.
2026-07-23 09:52:13 [14,668ms] [Warning] [omni.physx.plugin] Invalid PhysX transform detected for /World/Stem/Stress_50_11.
2026-07-23 09:52:13 [14,668ms] [Warning] [omni.physx.plugin] Invalid PhysX transform detected for /World/Stem/Stress_50_12.
2026-07-23 09:52:13 [14,668ms] [Warning] [omni.physx.plugin] Invalid PhysX transform detected for /World/Stem/Stress_50_13.
2026-07-23 09:52:13 [14,668ms] [Warning] [omni.physx.plugin] Invalid PhysX transform detected for /World/Stem/Stress_50_14.
2026-07-23 09:52:13 [14,668ms] [Warning] [omni.physx.plugin] Invalid PhysX transform detected for /World/Stem/Stress_50_15.
2026-07-23 09:52:13 [14,668ms] [Warning] [omni.physx.plugin] Invalid PhysX transform detected for /World/Stem/Stress_50_16.
2026-07-23 09:52:13 [14,668ms] [Warning] [omni.physx.plugin] Invalid PhysX transform detected for /World/Stem/Stress_50_17.
2026-07-23 09:52:13 [14,668ms] [Warning] [omni.physx.plugin] Invalid PhysX transform detected for /World/Stem/Stress_50_18.
2026-07-23 09:52:13 [14,668ms] [Warning] [omni.physx.plugin] Invalid PhysX transform detected for /World/Stem/Stress_50_19.
2026-07-23 09:52:13 [14,668ms] [Warning] [omni.physx.plugin] Invalid PhysX transform detected for /World/Stem/Stress_50_20.
2026-07-23 09:52:13 [14,668ms] [Warning] [omni.physx.plugin] Invalid PhysX transform detected for /World/Stem/Stress_50_21.
2026-07-23 09:52:13 [14,668ms] [Warning] [omni.physx.plugin] Invalid PhysX transform detected for /World/Stem/Stress_50_22.
2026-07-23 09:52:13 [14,668ms] [Warning] [omni.physx.plugin] Invalid PhysX transform detected for /World/Stem/Stress_50_23.
2026-07-23 09:52:13 [14,668ms] [Warning] [omni.physx.plugin] Invalid PhysX transform detected for /World/Stem/Stress_50_24.
2026-07-23 09:52:13 [14,668ms] [Warning] [omni.physx.plugin] Invalid PhysX transform detected for /World/Stem/Stress_50_25.
2026-07-23 09:52:13 [14,668ms] [Warning] [omni.physx.plugin] Invalid PhysX transform detected for /World/Stem/Stress_50_26.
2026-07-23 09:52:13 [14,668ms] [Warning] [omni.physx.plugin] Invalid PhysX transform detected for /World/Stem/Stress_50_27.
2026-07-23 09:52:13 [14,668ms] [Warning] [omni.physx.plugin] Invalid PhysX transform detected for /World/Stem/Stress_50_28.
2026-07-23 09:52:13 [14,668ms] [Warning] [omni.physx.plugin] Invalid PhysX transform detected for /World/Stem/Stress_50_29.
2026-07-23 09:52:13 [14,668ms] [Warning] [omni.physx.plugin] Invalid PhysX transform detected for /World/Stem/Stress_50_30.
2026-07-23 09:52:13 [14,668ms] [Warning] [omni.physx.plugin] Invalid PhysX transform detected for /World/Stem/Stress_50_31.
2026-07-23 09:52:13 [14,668ms] [Warning] [omni.physx.plugin] Invalid PhysX transform detected for /World/Stem/Stress_50_32.
2026-07-23 09:52:13 [14,668ms] [Warning] [omni.physx.plugin] Invalid PhysX transform detected for /World/Stem/Stress_50_33.
2026-07-23 09:52:13 [14,668ms] [Warning] [omni.physx.plugin] Invalid PhysX transform detected for /World/Stem/Stress_50_34.
2026-07-23 09:52:13 [14,668ms] [Warning] [omni.physx.plugin] Invalid PhysX transform detected for /World/Stem/Stress_50_35.
2026-07-23 09:52:13 [14,668ms] [Warning] [omni.physx.plugin] Invalid PhysX transform detected for /World/Stem/Stress_50_36.
2026-07-23 09:52:13 [14,668ms] [Warning] [omni.physx.plugin] Invalid PhysX transform detected for /World/Stem/Stress_50_37.
2026-07-23 09:52:13 [14,668ms] [Warning] [omni.physx.plugin] Invalid PhysX transform detected for /World/Stem/Stress_50_38.
2026-07-23 09:52:13 [14,668ms] [Warning] [omni.physx.plugin] Invalid PhysX transform detected for /World/Stem/Stress_50_39.
2026-07-23 09:52:13 [14,668ms] [Warning] [omni.physx.plugin] Invalid PhysX transform detected for /World/Stem/Stress_50_40.
2026-07-23 09:52:13 [14,668ms] [Warning] [omni.physx.plugin] Invalid PhysX transform detected for /World/Stem/Stress_50_41.
2026-07-23 09:52:13 [14,668ms] [Warning] [omni.physx.plugin] Invalid PhysX transform detected for /World/Stem/Stress_50_42.
2026-07-23 09:52:13 [14,668ms] [Warning] [omni.physx.plugin] Invalid PhysX transform detected for /World/Stem/Stress_50_43.
2026-07-23 09:52:13 [14,668ms] [Warning] [omni.physx.plugin] Invalid PhysX transform detected for /World/Stem/Stress_50_44.
2026-07-23 09:52:13 [14,668ms] [Warning] [omni.physx.plugin] Invalid PhysX transform detected for /World/Stem/Stress_50_45.
2026-07-23 09:52:13 [14,668ms] [Warning] [omni.physx.plugin] Invalid PhysX transform detected for /World/Stem/Stress_50_46.
2026-07-23 09:52:13 [14,668ms] [Warning] [omni.physx.plugin] Invalid PhysX transform detected for /World/Stem/Stress_50_47.
2026-07-23 09:52:13 [14,668ms] [Warning] [omni.physx.plugin] Invalid PhysX transform detected for /World/Stem/Stress_50_48.
2026-07-23 09:52:13 [14,668ms] [Warning] [omni.physx.plugin] Invalid PhysX transform detected for /World/Stem/Stress_50_49.
2026-07-23 09:52:13 [14,668ms] [Warning] [omni.physx.plugin] Invalid PhysX transform detected for /World/Stem/Fruit_Stress_50_base.
2026-07-23 09:52:13 [14,668ms] [Warning] [omni.physx.plugin] Invalid PhysX transform detected for /World/Stem/Fruit_Stress_50_tip.
2026-07-23 09:52:13 [14,668ms] [Warning] [omni.physx.plugin] Invalid PhysX transform detected for /World/Stem/Fruit_Stress_50.
2026-07-23 09:52:13 [14,687ms] [Warning] [omni.physx.plugin] Invalid PhysX transform detected for /World/Stem/Stress_50_00.
2026-07-23 09:52:13 [14,687ms] [Warning] [omni.physx.plugin] Invalid PhysX transform detected for /World/Stem/Stress_50_01.
2026-07-23 09:52:13 [14,687ms] [Warning] [omni.physx.plugin] Invalid PhysX transform detected for /World/Stem/Stress_50_02.
2026-07-23 09:52:13 [14,687ms] [Warning] [omni.physx.plugin] Invalid PhysX transform detected for /World/Stem/Stress_50_03.
2026-07-23 09:52:13 [14,687ms] [Warning] [omni.physx.plugin] Invalid PhysX transform detected for /World/Stem/Stress_50_04.
2026-07-23 09:52:13 [14,687ms] [Warning] [omni.physx.plugin] Invalid PhysX transform detected for /World/Stem/Stress_50_05.
2026-07-23 09:52:13 [14,687ms] [Warning] [omni.physx.plugin] Invalid PhysX transform detected for /World/Stem/Stress_50_06.
2026-07-23 09:52:13 [14,687ms] [Warning] [omni.physx.plugin] Invalid PhysX transform detected for /World/Stem/Stress_50_07.
2026-07-23 09:52:13 [14,687ms] [Warning] [omni.physx.plugin] Invalid PhysX transform detected for /World/Stem/Stress_50_08.
2026-07-23 09:52:13 [14,687ms] [Warning] [omni.physx.plugin] Invalid PhysX transform detected for /World/Stem/Stress_50_09.
2026-07-23 09:52:13 [14,687ms] [Warning] [omni.physx.plugin] Invalid PhysX transform detected for /World/Stem/Stress_50_10.
2026-07-23 09:52:13 [14,687ms] [Warning] [omni.physx.plugin] Invalid PhysX transform detected for /World/Stem/Stress_50_11.
2026-07-23 09:52:13 [14,687ms] [Warning] [omni.physx.plugin] Invalid PhysX transform detected for /World/Stem/Stress_50_12.
2026-07-23 09:52:13 [14,687ms] [Warning] [omni.physx.plugin] Invalid PhysX transform detected for /World/Stem/Stress_50_13.
2026-07-23 09:52:13 [14,687ms] [Warning] [omni.physx.plugin] Invalid PhysX transform detected for /World/Stem/Stress_50_14.
2026-07-23 09:52:13 [14,687ms] [Warning] [omni.physx.plugin] Invalid PhysX transform detected for /World/Stem/Stress_50_15.
2026-07-23 09:52:13 [14,687ms] [Warning] [omni.physx.plugin] Invalid PhysX transform detected for /World/Stem/Stress_50_16.
2026-07-23 09:52:13 [14,687ms] [Warning] [omni.physx.plugin] Invalid PhysX transform detected for /World/Stem/Stress_50_17.
2026-07-23 09:52:13 [14,687ms] [Warning] [omni.physx.plugin] Invalid PhysX transform detected for /World/Stem/Stress_50_18.
2026-07-23 09:52:13 [14,687ms] [Warning] [omni.physx.plugin] Invalid PhysX transform detected for /World/Stem/Stress_50_19.
2026-07-23 09:52:13 [14,687ms] [Warning] [omni.physx.plugin] Invalid PhysX transform detected for /World/Stem/Stress_50_20.
2026-07-23 09:52:13 [14,687ms] [Warning] [omni.physx.plugin] Invalid PhysX transform detected for /World/Stem/Stress_50_21.
2026-07-23 09:52:13 [14,687ms] [Warning] [omni.physx.plugin] Invalid PhysX transform detected for /World/Stem/Stress_50_22.
2026-07-23 09:52:13 [14,687ms] [Warning] [omni.physx.plugin] Invalid PhysX transform detected for /World/Stem/Stress_50_23.
2026-07-23 09:52:13 [14,687ms] [Warning] [omni.physx.plugin] Invalid PhysX transform detected for /World/Stem/Stress_50_24.
2026-07-23 09:52:13 [14,687ms] [Warning] [omni.physx.plugin] Invalid PhysX transform detected for /World/Stem/Stress_50_25.
2026-07-23 09:52:13 [14,687ms] [Warning] [omni.physx.plugin] Invalid PhysX transform detected for /World/Stem/Stress_50_26.
2026-07-23 09:52:13 [14,687ms] [Warning] [omni.physx.plugin] Invalid PhysX transform detected for /World/Stem/Stress_50_27.
2026-07-23 09:52:13 [14,687ms] [Warning] [omni.physx.plugin] Invalid PhysX transform detected for /World/Stem/Stress_50_28.
2026-07-23 09:52:13 [14,687ms] [Warning] [omni.physx.plugin] Invalid PhysX transform detected for /World/Stem/Stress_50_29.
2026-07-23 09:52:13 [14,687ms] [Warning] [omni.physx.plugin] Invalid PhysX transform detected for /World/Stem/Stress_50_30.
2026-07-23 09:52:13 [14,687ms] [Warning] [omni.physx.plugin] Invalid PhysX transform detected for /World/Stem/Stress_50_31.
2026-07-23 09:52:13 [14,687ms] [Warning] [omni.physx.plugin] Invalid PhysX transform detected for /World/Stem/Stress_50_32.
2026-07-23 09:52:13 [14,687ms] [Warning] [omni.physx.plugin] Invalid PhysX transform detected for /World/Stem/Stress_50_33.
2026-07-23 09:52:13 [14,687ms] [Warning] [omni.physx.plugin] Invalid PhysX transform detected for /World/Stem/Stress_50_34.
2026-07-23 09:52:13 [14,687ms] [Warning] [omni.physx.plugin] Invalid PhysX transform detected for /World/Stem/Stress_50_35.
2026-07-23 09:52:13 [14,687ms] [Warning] [omni.physx.plugin] Invalid PhysX transform detected for /World/Stem/Stress_50_36.
2026-07-23 09:52:13 [14,687ms] [Warning] [omni.physx.plugin] Invalid PhysX transform detected for /World/Stem/Stress_50_37.
2026-07-23 09:52:13 [14,687ms] [Warning] [omni.physx.plugin] Invalid PhysX transform detected for /World/Stem/Stress_50_38.
2026-07-23 09:52:13 [14,687ms] [Warning] [omni.physx.plugin] Invalid PhysX transform detected for /World/Stem/Stress_50_39.
2026-07-23 09:52:13 [14,687ms] [Warning] [omni.physx.plugin] Invalid PhysX transform detected for /World/Stem/Stress_50_40.
2026-07-23 09:52:13 [14,687ms] [Warning] [omni.physx.plugin] Invalid PhysX transform detected for /World/Stem/Stress_50_41.
2026-07-23 09:52:13 [14,687ms] [Warning] [omni.physx.plugin] Invalid PhysX transform detected for /World/Stem/Stress_50_42.
2026-07-23 09:52:13 [14,687ms] [Warning] [omni.physx.plugin] Invalid PhysX transform detected for /World/Stem/Stress_50_43.
2026-07-23 09:52:13 [14,687ms] [Warning] [omni.physx.plugin] Invalid PhysX transform detected for /World/Stem/Stress_50_44.
2026-07-23 09:52:13 [14,687ms] [Warning] [omni.physx.plugin] Invalid PhysX transform detected for /World/Stem/Stress_50_45.
2026-07-23 09:52:13 [14,687ms] [Warning] [omni.physx.plugin] Invalid PhysX transform detected for /World/Stem/Stress_50_46.
2026-07-23 09:52:13 [14,687ms] [Warning] [omni.physx.plugin] Invalid PhysX transform detected for /World/Stem/Stress_50_47.
2026-07-23 09:52:13 [14,687ms] [Warning] [omni.physx.plugin] Invalid PhysX transform detected for /World/Stem/Stress_50_48.
2026-07-23 09:52:13 [14,687ms] [Warning] [omni.physx.plugin] Invalid PhysX transform detected for /World/Stem/Stress_50_49.
2026-07-23 09:52:13 [14,687ms] [Warning] [omni.physx.plugin] Invalid PhysX transform detected for /World/Stem/Fruit_Stress_50_base.
2026-07-23 09:52:13 [14,687ms] [Warning] [omni.physx.plugin] Invalid PhysX transform detected for /World/Stem/Fruit_Stress_50_tip.
2026-07-23 09:52:13 [14,687ms] [Warning] [omni.physx.plugin] Invalid PhysX transform detected for /World/Stem/Fruit_Stress_50.
2026-07-23 09:52:13 [14,705ms] [Warning] [omni.physx.plugin] Invalid PhysX transform detected for /World/Stem/Stress_50_00.
2026-07-23 09:52:13 [14,705ms] [Warning] [omni.physx.plugin] Invalid PhysX transform detected for /World/Stem/Stress_50_01.
2026-07-23 09:52:13 [14,705ms] [Warning] [omni.physx.plugin] Invalid PhysX transform detected for /World/Stem/Stress_50_02.
2026-07-23 09:52:13 [14,705ms] [Warning] [omni.physx.plugin] Invalid PhysX transform detected for /World/Stem/Stress_50_03.
2026-07-23 09:52:13 [14,705ms] [Warning] [omni.physx.plugin] Invalid PhysX transform detected for /World/Stem/Stress_50_04.
2026-07-23 09:52:13 [14,705ms] [Warning] [omni.physx.plugin] Invalid PhysX transform detected for /World/Stem/Stress_50_05.
2026-07-23 09:52:13 [14,705ms] [Warning] [omni.physx.plugin] Invalid PhysX transform detected for /World/Stem/Stress_50_06.
2026-07-23 09:52:13 [14,705ms] [Warning] [omni.physx.plugin] Invalid PhysX transform detected for /World/Stem/Stress_50_07.
2026-07-23 09:52:13 [14,705ms] [Warning] [omni.physx.plugin] Invalid PhysX transform detected for /World/Stem/Stress_50_08.
2026-07-23 09:52:13 [14,705ms] [Warning] [omni.physx.plugin] Invalid PhysX transform detected for /World/Stem/Stress_50_09.
2026-07-23 09:52:13 [14,705ms] [Warning] [omni.physx.plugin] Invalid PhysX transform detected for /World/Stem/Stress_50_10.
2026-07-23 09:52:13 [14,705ms] [Warning] [omni.physx.plugin] Invalid PhysX transform detected for /World/Stem/Stress_50_11.
2026-07-23 09:52:13 [14,705ms] [Warning] [omni.physx.plugin] Invalid PhysX transform detected for /World/Stem/Stress_50_12.
2026-07-23 09:52:13 [14,705ms] [Warning] [omni.physx.plugin] Invalid PhysX transform detected for /World/Stem/Stress_50_13.
2026-07-23 09:52:13 [14,705ms] [Warning] [omni.physx.plugin] Invalid PhysX transform detected for /World/Stem/Stress_50_14.
2026-07-23 09:52:13 [14,705ms] [Warning] [omni.physx.plugin] Invalid PhysX transform detected for /World/Stem/Stress_50_15.
2026-07-23 09:52:13 [14,705ms] [Warning] [omni.physx.plugin] Invalid PhysX transform detected for /World/Stem/Stress_50_16.
2026-07-23 09:52:13 [14,705ms] [Warning] [omni.physx.plugin] Invalid PhysX transform detected for /World/Stem/Stress_50_17.
2026-07-23 09:52:13 [14,705ms] [Warning] [omni.physx.plugin] Invalid PhysX transform detected for /World/Stem/Stress_50_18.
2026-07-23 09:52:13 [14,705ms] [Warning] [omni.physx.plugin] Invalid PhysX transform detected for /World/Stem/Stress_50_19.
2026-07-23 09:52:13 [14,705ms] [Warning] [omni.physx.plugin] Invalid PhysX transform detected for /World/Stem/Stress_50_20.
2026-07-23 09:52:13 [14,705ms] [Warning] [omni.physx.plugin] Invalid PhysX transform detected for /World/Stem/Stress_50_21.
2026-07-23 09:52:13 [14,705ms] [Warning] [omni.physx.plugin] Invalid PhysX transform detected for /World/Stem/Stress_50_22.
2026-07-23 09:52:13 [14,705ms] [Warning] [omni.physx.plugin] Invalid PhysX transform detected for /World/Stem/Stress_50_23.
2026-07-23 09:52:13 [14,705ms] [Warning] [omni.physx.plugin] Invalid PhysX transform detected for /World/Stem/Stress_50_24.
2026-07-23 09:52:13 [14,705ms] [Warning] [omni.physx.plugin] Invalid PhysX transform detected for /World/Stem/Stress_50_25.
2026-07-23 09:52:13 [14,705ms] [Warning] [omni.physx.plugin] Invalid PhysX transform detected for /World/Stem/Stress_50_26.
2026-07-23 09:52:13 [14,705ms] [Warning] [omni.physx.plugin] Invalid PhysX transform detected for /World/Stem/Stress_50_27.
2026-07-23 09:52:13 [14,705ms] [Warning] [omni.physx.plugin] Invalid PhysX transform detected for /World/Stem/Stress_50_28.
2026-07-23 09:52:13 [14,705ms] [Warning] [omni.physx.plugin] Invalid PhysX transform detected for /World/Stem/Stress_50_29.
2026-07-23 09:52:13 [14,705ms] [Warning] [omni.physx.plugin] Invalid PhysX transform detected for /World/Stem/Stress_50_30.
2026-07-23 09:52:13 [14,705ms] [Warning] [omni.physx.plugin] Invalid PhysX transform detected for /World/Stem/Stress_50_31.
2026-07-23 09:52:13 [14,705ms] [Warning] [omni.physx.plugin] Invalid PhysX transform detected for /World/Stem/Stress_50_32.
2026-07-23 09:52:13 [14,705ms] [Warning] [omni.physx.plugin] Invalid PhysX transform detected for /World/Stem/Stress_50_33.
2026-07-23 09:52:13 [14,705ms] [Warning] [omni.physx.plugin] Invalid PhysX transform detected for /World/Stem/Stress_50_34.
2026-07-23 09:52:13 [14,705ms] [Warning] [omni.physx.plugin] Invalid PhysX transform detected for /World/Stem/Stress_50_35.
2026-07-23 09:52:13 [14,705ms] [Warning] [omni.physx.plugin] Invalid PhysX transform detected for /World/Stem/Stress_50_36.
2026-07-23 09:52:13 [14,705ms] [Warning] [omni.physx.plugin] Invalid PhysX transform detected for /World/Stem/Stress_50_37.
2026-07-23 09:52:13 [14,705ms] [Warning] [omni.physx.plugin] Invalid PhysX transform detected for /World/Stem/Stress_50_38.
2026-07-23 09:52:13 [14,705ms] [Warning] [omni.physx.plugin] Invalid PhysX transform detected for /World/Stem/Stress_50_39.
2026-07-23 09:52:13 [14,705ms] [Warning] [omni.physx.plugin] Invalid PhysX transform detected for /World/Stem/Stress_50_40.
2026-07-23 09:52:13 [14,705ms] [Warning] [omni.physx.plugin] Invalid PhysX transform detected for /World/Stem/Stress_50_41.
2026-07-23 09:52:13 [14,705ms] [Warning] [omni.physx.plugin] Invalid PhysX transform detected for /World/Stem/Stress_50_42.
2026-07-23 09:52:13 [14,705ms] [Warning] [omni.physx.plugin] Invalid PhysX transform detected for /World/Stem/Stress_50_43.
2026-07-23 09:52:13 [14,705ms] [Warning] [omni.physx.plugin] Invalid PhysX transform detected for /World/Stem/Stress_50_44.
2026-07-23 09:52:13 [14,705ms] [Warning] [omni.physx.plugin] Invalid PhysX transform detected for /World/Stem/Stress_50_45.
2026-07-23 09:52:13 [14,705ms] [Warning] [omni.physx.plugin] Invalid PhysX transform detected for /World/Stem/Stress_50_46.
2026-07-23 09:52:13 [14,705ms] [Warning] [omni.physx.plugin] Invalid PhysX transform detected for /World/Stem/Stress_50_47.
2026-07-23 09:52:13 [14,705ms] [Warning] [omni.physx.plugin] Invalid PhysX transform detected for /World/Stem/Stress_50_48.
2026-07-23 09:52:13 [14,705ms] [Warning] [omni.physx.plugin] Invalid PhysX transform detected for /World/Stem/Stress_50_49.
2026-07-23 09:52:13 [14,705ms] [Warning] [omni.physx.plugin] Invalid PhysX transform detected for /World/Stem/Fruit_Stress_50_base.
2026-07-23 09:52:13 [14,705ms] [Warning] [omni.physx.plugin] Invalid PhysX transform detected for /World/Stem/Fruit_Stress_50_tip.
2026-07-23 09:52:13 [14,705ms] [Warning] [omni.physx.plugin] Invalid PhysX transform detected for /World/Stem/Fruit_Stress_50.
2026-07-23 09:52:13 [14,724ms] [Warning] [omni.physx.plugin] Invalid PhysX transform detected for /World/Stem/Stress_50_00.
2026-07-23 09:52:13 [14,724ms] [Warning] [omni.physx.plugin] Invalid PhysX transform detected for /World/Stem/Stress_50_01.
2026-07-23 09:52:13 [14,724ms] [Warning] [omni.physx.plugin] Invalid PhysX transform detected for /World/Stem/Stress_50_02.
2026-07-23 09:52:13 [14,724ms] [Warning] [omni.physx.plugin] Invalid PhysX transform detected for /World/Stem/Stress_50_03.
2026-07-23 09:52:13 [14,724ms] [Warning] [omni.physx.plugin] Invalid PhysX transform detected for /World/Stem/Stress_50_04.
2026-07-23 09:52:13 [14,724ms] [Warning] [omni.physx.plugin] Invalid PhysX transform detected for /World/Stem/Stress_50_05.
2026-07-23 09:52:13 [14,724ms] [Warning] [omni.physx.plugin] Invalid PhysX transform detected for /World/Stem/Stress_50_06.
2026-07-23 09:52:13 [14,724ms] [Warning] [omni.physx.plugin] Invalid PhysX transform detected for /World/Stem/Stress_50_07.
2026-07-23 09:52:13 [14,724ms] [Warning] [omni.physx.plugin] Invalid PhysX transform detected for /World/Stem/Stress_50_08.
2026-07-23 09:52:13 [14,724ms] [Warning] [omni.physx.plugin] Invalid PhysX transform detected for /World/Stem/Stress_50_09.
2026-07-23 09:52:13 [14,724ms] [Warning] [omni.physx.plugin] Invalid PhysX transform detected for /World/Stem/Stress_50_10.
2026-07-23 09:52:13 [14,724ms] [Warning] [omni.physx.plugin] Invalid PhysX transform detected for /World/Stem/Stress_50_11.
2026-07-23 09:52:13 [14,724ms] [Warning] [omni.physx.plugin] Invalid PhysX transform detected for /World/Stem/Stress_50_12.
2026-07-23 09:52:13 [14,724ms] [Warning] [omni.physx.plugin] Invalid PhysX transform detected for /World/Stem/Stress_50_13.
2026-07-23 09:52:13 [14,724ms] [Warning] [omni.physx.plugin] Invalid PhysX transform detected for /World/Stem/Stress_50_14.
2026-07-23 09:52:13 [14,724ms] [Warning] [omni.physx.plugin] Invalid PhysX transform detected for /World/Stem/Stress_50_15.
2026-07-23 09:52:13 [14,724ms] [Warning] [omni.physx.plugin] Invalid PhysX transform detected for /World/Stem/Stress_50_16.
2026-07-23 09:52:13 [14,724ms] [Warning] [omni.physx.plugin] Invalid PhysX transform detected for /World/Stem/Stress_50_17.
2026-07-23 09:52:13 [14,724ms] [Warning] [omni.physx.plugin] Invalid PhysX transform detected for /World/Stem/Stress_50_18.
2026-07-23 09:52:13 [14,724ms] [Warning] [omni.physx.plugin] Invalid PhysX transform detected for /World/Stem/Stress_50_19.
2026-07-23 09:52:13 [14,724ms] [Warning] [omni.physx.plugin] Invalid PhysX transform detected for /World/Stem/Stress_50_20.
2026-07-23 09:52:13 [14,724ms] [Warning] [omni.physx.plugin] Invalid PhysX transform detected for /World/Stem/Stress_50_21.
2026-07-23 09:52:13 [14,724ms] [Warning] [omni.physx.plugin] Invalid PhysX transform detected for /World/Stem/Stress_50_22.
2026-07-23 09:52:13 [14,724ms] [Warning] [omni.physx.plugin] Invalid PhysX transform detected for /World/Stem/Stress_50_23.
2026-07-23 09:52:13 [14,724ms] [Warning] [omni.physx.plugin] Invalid PhysX transform detected for /World/Stem/Stress_50_24.
2026-07-23 09:52:13 [14,724ms] [Warning] [omni.physx.plugin] Invalid PhysX transform detected for /World/Stem/Stress_50_25.
2026-07-23 09:52:13 [14,724ms] [Warning] [omni.physx.plugin] Invalid PhysX transform detected for /World/Stem/Stress_50_26.
2026-07-23 09:52:13 [14,724ms] [Warning] [omni.physx.plugin] Invalid PhysX transform detected for /World/Stem/Stress_50_27.
2026-07-23 09:52:13 [14,724ms] [Warning] [omni.physx.plugin] Invalid PhysX transform detected for /World/Stem/Stress_50_28.
2026-07-23 09:52:13 [14,724ms] [Warning] [omni.physx.plugin] Invalid PhysX transform detected for /World/Stem/Stress_50_29.
2026-07-23 09:52:13 [14,724ms] [Warning] [omni.physx.plugin] Invalid PhysX transform detected for /World/Stem/Stress_50_30.
2026-07-23 09:52:13 [14,724ms] [Warning] [omni.physx.plugin] Invalid PhysX transform detected for /World/Stem/Stress_50_31.
2026-07-23 09:52:13 [14,724ms] [Warning] [omni.physx.plugin] Invalid PhysX transform detected for /World/Stem/Stress_50_32.
2026-07-23 09:52:13 [14,724ms] [Warning] [omni.physx.plugin] Invalid PhysX transform detected for /World/Stem/Stress_50_33.
2026-07-23 09:52:13 [14,724ms] [Warning] [omni.physx.plugin] Invalid PhysX transform detected for /World/Stem/Stress_50_34.
2026-07-23 09:52:13 [14,724ms] [Warning] [omni.physx.plugin] Invalid PhysX transform detected for /World/Stem/Stress_50_35.
2026-07-23 09:52:13 [14,724ms] [Warning] [omni.physx.plugin] Invalid PhysX transform detected for /World/Stem/Stress_50_36.
2026-07-23 09:52:13 [14,724ms] [Warning] [omni.physx.plugin] Invalid PhysX transform detected for /World/Stem/Stress_50_37.
2026-07-23 09:52:13 [14,724ms] [Warning] [omni.physx.plugin] Invalid PhysX transform detected for /World/Stem/Stress_50_38.
2026-07-23 09:52:13 [14,724ms] [Warning] [omni.physx.plugin] Invalid PhysX transform detected for /World/Stem/Stress_50_39.
2026-07-23 09:52:13 [14,724ms] [Warning] [omni.physx.plugin] Invalid PhysX transform detected for /World/Stem/Stress_50_40.
2026-07-23 09:52:13 [14,724ms] [Warning] [omni.physx.plugin] Invalid PhysX transform detected for /World/Stem/Stress_50_41.
2026-07-23 09:52:13 [14,724ms] [Warning] [omni.physx.plugin] Invalid PhysX transform detected for /World/Stem/Stress_50_42.
2026-07-23 09:52:13 [14,724ms] [Warning] [omni.physx.plugin] Invalid PhysX transform detected for /World/Stem/Stress_50_43.
2026-07-23 09:52:13 [14,724ms] [Warning] [omni.physx.plugin] Invalid PhysX transform detected for /World/Stem/Stress_50_44.
2026-07-23 09:52:13 [14,724ms] [Warning] [omni.physx.plugin] Invalid PhysX transform detected for /World/Stem/Stress_50_45.
2026-07-23 09:52:13 [14,724ms] [Warning] [omni.physx.plugin] Invalid PhysX transform detected for /World/Stem/Stress_50_46.
2026-07-23 09:52:13 [14,724ms] [Warning] [omni.physx.plugin] Invalid PhysX transform detected for /World/Stem/Stress_50_47.
2026-07-23 09:52:13 [14,724ms] [Warning] [omni.physx.plugin] Invalid PhysX transform detected for /World/Stem/Stress_50_48.
2026-07-23 09:52:13 [14,724ms] [Warning] [omni.physx.plugin] Invalid PhysX transform detected for /World/Stem/Stress_50_49.
2026-07-23 09:52:13 [14,724ms] [Warning] [omni.physx.plugin] Invalid PhysX transform detected for /World/Stem/Fruit_Stress_50_base.
2026-07-23 09:52:13 [14,724ms] [Warning] [omni.physx.plugin] Invalid PhysX transform detected for /World/Stem/Fruit_Stress_50_tip.
2026-07-23 09:52:13 [14,724ms] [Warning] [omni.physx.plugin] Invalid PhysX transform detected for /World/Stem/Fruit_Stress_50.
2026-07-23 09:52:13 [14,743ms] [Warning] [omni.physx.plugin] Invalid PhysX transform detected for /World/Stem/Stress_50_00.
2026-07-23 09:52:13 [14,743ms] [Warning] [omni.physx.plugin] Invalid PhysX transform detected for /World/Stem/Stress_50_01.
2026-07-23 09:52:13 [14,743ms] [Warning] [omni.physx.plugin] Invalid PhysX transform detected for /World/Stem/Stress_50_02.
2026-07-23 09:52:13 [14,743ms] [Warning] [omni.physx.plugin] Invalid PhysX transform detected for /World/Stem/Stress_50_03.
2026-07-23 09:52:13 [14,743ms] [Warning] [omni.physx.plugin] Invalid PhysX transform detected for /World/Stem/Stress_50_04.
2026-07-23 09:52:13 [14,743ms] [Warning] [omni.physx.plugin] Invalid PhysX transform detected for /World/Stem/Stress_50_05.
2026-07-23 09:52:13 [14,743ms] [Warning] [omni.physx.plugin] Invalid PhysX transform detected for /World/Stem/Stress_50_06.
2026-07-23 09:52:13 [14,743ms] [Warning] [omni.physx.plugin] Invalid PhysX transform detected for /World/Stem/Stress_50_07.
2026-07-23 09:52:13 [14,743ms] [Warning] [omni.physx.plugin] Invalid PhysX transform detected for /World/Stem/Stress_50_08.
2026-07-23 09:52:13 [14,743ms] [Warning] [omni.physx.plugin] Invalid PhysX transform detected for /World/Stem/Stress_50_09.
2026-07-23 09:52:13 [14,743ms] [Warning] [omni.physx.plugin] Invalid PhysX transform detected for /World/Stem/Stress_50_10.
2026-07-23 09:52:13 [14,743ms] [Warning] [omni.physx.plugin] Invalid PhysX transform detected for /World/Stem/Stress_50_11.
2026-07-23 09:52:13 [14,743ms] [Warning] [omni.physx.plugin] Invalid PhysX transform detected for /World/Stem/Stress_50_12.
2026-07-23 09:52:13 [14,743ms] [Warning] [omni.physx.plugin] Invalid PhysX transform detected for /World/Stem/Stress_50_13.
2026-07-23 09:52:13 [14,743ms] [Warning] [omni.physx.plugin] Invalid PhysX transform detected for /World/Stem/Stress_50_14.
2026-07-23 09:52:13 [14,743ms] [Warning] [omni.physx.plugin] Invalid PhysX transform detected for /World/Stem/Stress_50_15.
2026-07-23 09:52:13 [14,743ms] [Warning] [omni.physx.plugin] Invalid PhysX transform detected for /World/Stem/Stress_50_16.
2026-07-23 09:52:13 [14,743ms] [Warning] [omni.physx.plugin] Invalid PhysX transform detected for /World/Stem/Stress_50_17.
2026-07-23 09:52:13 [14,743ms] [Warning] [omni.physx.plugin] Invalid PhysX transform detected for /World/Stem/Stress_50_18.
2026-07-23 09:52:13 [14,743ms] [Warning] [omni.physx.plugin] Invalid PhysX transform detected for /World/Stem/Stress_50_19.
2026-07-23 09:52:13 [14,743ms] [Warning] [omni.physx.plugin] Invalid PhysX transform detected for /World/Stem/Stress_50_20.
2026-07-23 09:52:13 [14,743ms] [Warning] [omni.physx.plugin] Invalid PhysX transform detected for /World/Stem/Stress_50_21.
2026-07-23 09:52:13 [14,743ms] [Warning] [omni.physx.plugin] Invalid PhysX transform detected for /World/Stem/Stress_50_22.
2026-07-23 09:52:13 [14,743ms] [Warning] [omni.physx.plugin] Invalid PhysX transform detected for /World/Stem/Stress_50_23.
2026-07-23 09:52:13 [14,743ms] [Warning] [omni.physx.plugin] Invalid PhysX transform detected for /World/Stem/Stress_50_24.
2026-07-23 09:52:13 [14,743ms] [Warning] [omni.physx.plugin] Invalid PhysX transform detected for /World/Stem/Stress_50_25.
2026-07-23 09:52:13 [14,743ms] [Warning] [omni.physx.plugin] Invalid PhysX transform detected for /World/Stem/Stress_50_26.
2026-07-23 09:52:13 [14,743ms] [Warning] [omni.physx.plugin] Invalid PhysX transform detected for /World/Stem/Stress_50_27.
2026-07-23 09:52:13 [14,743ms] [Warning] [omni.physx.plugin] Invalid PhysX transform detected for /World/Stem/Stress_50_28.
2026-07-23 09:52:13 [14,743ms] [Warning] [omni.physx.plugin] Invalid PhysX transform detected for /World/Stem/Stress_50_29.
2026-07-23 09:52:13 [14,743ms] [Warning] [omni.physx.plugin] Invalid PhysX transform detected for /World/Stem/Stress_50_30.
2026-07-23 09:52:13 [14,743ms] [Warning] [omni.physx.plugin] Invalid PhysX transform detected for /World/Stem/Stress_50_31.
2026-07-23 09:52:13 [14,743ms] [Warning] [omni.physx.plugin] Invalid PhysX transform detected for /World/Stem/Stress_50_32.
2026-07-23 09:52:13 [14,743ms] [Warning] [omni.physx.plugin] Invalid PhysX transform detected for /World/Stem/Stress_50_33.
2026-07-23 09:52:13 [14,743ms] [Warning] [omni.physx.plugin] Invalid PhysX transform detected for /World/Stem/Stress_50_34.
2026-07-23 09:52:13 [14,743ms] [Warning] [omni.physx.plugin] Invalid PhysX transform detected for /World/Stem/Stress_50_35.
2026-07-23 09:52:13 [14,743ms] [Warning] [omni.physx.plugin] Invalid PhysX transform detected for /World/Stem/Stress_50_36.
2026-07-23 09:52:13 [14,743ms] [Warning] [omni.physx.plugin] Invalid PhysX transform detected for /World/Stem/Stress_50_37.
2026-07-23 09:52:13 [14,743ms] [Warning] [omni.physx.plugin] Invalid PhysX transform detected for /World/Stem/Stress_50_38.
2026-07-23 09:52:13 [14,743ms] [Warning] [omni.physx.plugin] Invalid PhysX transform detected for /World/Stem/Stress_50_39.
2026-07-23 09:52:13 [14,743ms] [Warning] [omni.physx.plugin] Invalid PhysX transform detected for /World/Stem/Stress_50_40.
2026-07-23 09:52:13 [14,743ms] [Warning] [omni.physx.plugin] Invalid PhysX transform detected for /World/Stem/Stress_50_41.
2026-07-23 09:52:13 [14,743ms] [Warning] [omni.physx.plugin] Invalid PhysX transform detected for /World/Stem/Stress_50_42.
2026-07-23 09:52:13 [14,743ms] [Warning] [omni.physx.plugin] Invalid PhysX transform detected for /World/Stem/Stress_50_43.
2026-07-23 09:52:13 [14,743ms] [Warning] [omni.physx.plugin] Invalid PhysX transform detected for /World/Stem/Stress_50_44.
2026-07-23 09:52:13 [14,743ms] [Warning] [omni.physx.plugin] Invalid PhysX transform detected for /World/Stem/Stress_50_45.
2026-07-23 09:52:13 [14,743ms] [Warning] [omni.physx.plugin] Invalid PhysX transform detected for /World/Stem/Stress_50_46.
2026-07-23 09:52:13 [14,743ms] [Warning] [omni.physx.plugin] Invalid PhysX transform detected for /World/Stem/Stress_50_47.
2026-07-23 09:52:13 [14,743ms] [Warning] [omni.physx.plugin] Invalid PhysX transform detected for /World/Stem/Stress_50_48.
2026-07-23 09:52:13 [14,743ms] [Warning] [omni.physx.plugin] Invalid PhysX transform detected for /World/Stem/Stress_50_49.
2026-07-23 09:52:13 [14,743ms] [Warning] [omni.physx.plugin] Invalid PhysX transform detected for /World/Stem/Fruit_Stress_50_base.
2026-07-23 09:52:13 [14,743ms] [Warning] [omni.physx.plugin] Invalid PhysX transform detected for /World/Stem/Fruit_Stress_50_tip.
2026-07-23 09:52:13 [14,743ms] [Warning] [omni.physx.plugin] Invalid PhysX transform detected for /World/Stem/Fruit_Stress_50.
2026-07-23 09:52:13 [14,761ms] [Warning] [omni.physx.plugin] Invalid PhysX transform detected for /World/Stem/Stress_50_00.
2026-07-23 09:52:13 [14,761ms] [Warning] [omni.physx.plugin] Invalid PhysX transform detected for /World/Stem/Stress_50_01.
2026-07-23 09:52:13 [14,761ms] [Warning] [omni.physx.plugin] Invalid PhysX transform detected for /World/Stem/Stress_50_02.
2026-07-23 09:52:13 [14,761ms] [Warning] [omni.physx.plugin] Invalid PhysX transform detected for /World/Stem/Stress_50_03.
2026-07-23 09:52:13 [14,761ms] [Warning] [omni.physx.plugin] Invalid PhysX transform detected for /World/Stem/Stress_50_04.
2026-07-23 09:52:13 [14,761ms] [Warning] [omni.physx.plugin] Invalid PhysX transform detected for /World/Stem/Stress_50_05.
2026-07-23 09:52:13 [14,761ms] [Warning] [omni.physx.plugin] Invalid PhysX transform detected for /World/Stem/Stress_50_06.
2026-07-23 09:52:13 [14,761ms] [Warning] [omni.physx.plugin] Invalid PhysX transform detected for /World/Stem/Stress_50_07.
2026-07-23 09:52:13 [14,761ms] [Warning] [omni.physx.plugin] Invalid PhysX transform detected for /World/Stem/Stress_50_08.
2026-07-23 09:52:13 [14,761ms] [Warning] [omni.physx.plugin] Invalid PhysX transform detected for /World/Stem/Stress_50_09.
2026-07-23 09:52:13 [14,761ms] [Warning] [omni.physx.plugin] Invalid PhysX transform detected for /World/Stem/Stress_50_10.
2026-07-23 09:52:13 [14,761ms] [Warning] [omni.physx.plugin] Invalid PhysX transform detected for /World/Stem/Stress_50_11.
2026-07-23 09:52:13 [14,761ms] [Warning] [omni.physx.plugin] Invalid PhysX transform detected for /World/Stem/Stress_50_12.
2026-07-23 09:52:13 [14,761ms] [Warning] [omni.physx.plugin] Invalid PhysX transform detected for /World/Stem/Stress_50_13.
2026-07-23 09:52:13 [14,761ms] [Warning] [omni.physx.plugin] Invalid PhysX transform detected for /World/Stem/Stress_50_14.
2026-07-23 09:52:13 [14,761ms] [Warning] [omni.physx.plugin] Invalid PhysX transform detected for /World/Stem/Stress_50_15.
2026-07-23 09:52:13 [14,761ms] [Warning] [omni.physx.plugin] Invalid PhysX transform detected for /World/Stem/Stress_50_16.
2026-07-23 09:52:13 [14,761ms] [Warning] [omni.physx.plugin] Invalid PhysX transform detected for /World/Stem/Stress_50_17.
2026-07-23 09:52:13 [14,761ms] [Warning] [omni.physx.plugin] Invalid PhysX transform detected for /World/Stem/Stress_50_18.
2026-07-23 09:52:13 [14,761ms] [Warning] [omni.physx.plugin] Invalid PhysX transform detected for /World/Stem/Stress_50_19.
2026-07-23 09:52:13 [14,761ms] [Warning] [omni.physx.plugin] Invalid PhysX transform detected for /World/Stem/Stress_50_20.
2026-07-23 09:52:13 [14,761ms] [Warning] [omni.physx.plugin] Invalid PhysX transform detected for /World/Stem/Stress_50_21.
2026-07-23 09:52:13 [14,761ms] [Warning] [omni.physx.plugin] Invalid PhysX transform detected for /World/Stem/Stress_50_22.
2026-07-23 09:52:13 [14,761ms] [Warning] [omni.physx.plugin] Invalid PhysX transform detected for /World/Stem/Stress_50_23.
2026-07-23 09:52:13 [14,761ms] [Warning] [omni.physx.plugin] Invalid PhysX transform detected for /World/Stem/Stress_50_24.
2026-07-23 09:52:13 [14,761ms] [Warning] [omni.physx.plugin] Invalid PhysX transform detected for /World/Stem/Stress_50_25.
2026-07-23 09:52:13 [14,761ms] [Warning] [omni.physx.plugin] Invalid PhysX transform detected for /World/Stem/Stress_50_26.
2026-07-23 09:52:13 [14,761ms] [Warning] [omni.physx.plugin] Invalid PhysX transform detected for /World/Stem/Stress_50_27.
2026-07-23 09:52:13 [14,761ms] [Warning] [omni.physx.plugin] Invalid PhysX transform detected for /World/Stem/Stress_50_28.
2026-07-23 09:52:13 [14,761ms] [Warning] [omni.physx.plugin] Invalid PhysX transform detected for /World/Stem/Stress_50_29.
2026-07-23 09:52:13 [14,761ms] [Warning] [omni.physx.plugin] Invalid PhysX transform detected for /World/Stem/Stress_50_30.
2026-07-23 09:52:13 [14,761ms] [Warning] [omni.physx.plugin] Invalid PhysX transform detected for /World/Stem/Stress_50_31.
2026-07-23 09:52:13 [14,761ms] [Warning] [omni.physx.plugin] Invalid PhysX transform detected for /World/Stem/Stress_50_32.
2026-07-23 09:52:13 [14,761ms] [Warning] [omni.physx.plugin] Invalid PhysX transform detected for /World/Stem/Stress_50_33.
2026-07-23 09:52:13 [14,761ms] [Warning] [omni.physx.plugin] Invalid PhysX transform detected for /World/Stem/Stress_50_34.
2026-07-23 09:52:13 [14,761ms] [Warning] [omni.physx.plugin] Invalid PhysX transform detected for /World/Stem/Stress_50_35.
2026-07-23 09:52:13 [14,761ms] [Warning] [omni.physx.plugin] Invalid PhysX transform detected for /World/Stem/Stress_50_36.
2026-07-23 09:52:13 [14,761ms] [Warning] [omni.physx.plugin] Invalid PhysX transform detected for /World/Stem/Stress_50_37.
2026-07-23 09:52:13 [14,761ms] [Warning] [omni.physx.plugin] Invalid PhysX transform detected for /World/Stem/Stress_50_38.
2026-07-23 09:52:13 [14,761ms] [Warning] [omni.physx.plugin] Invalid PhysX transform detected for /World/Stem/Stress_50_39.
2026-07-23 09:52:13 [14,761ms] [Warning] [omni.physx.plugin] Invalid PhysX transform detected for /World/Stem/Stress_50_40.
2026-07-23 09:52:13 [14,761ms] [Warning] [omni.physx.plugin] Invalid PhysX transform detected for /World/Stem/Stress_50_41.
2026-07-23 09:52:13 [14,761ms] [Warning] [omni.physx.plugin] Invalid PhysX transform detected for /World/Stem/Stress_50_42.
2026-07-23 09:52:13 [14,761ms] [Warning] [omni.physx.plugin] Invalid PhysX transform detected for /World/Stem/Stress_50_43.
2026-07-23 09:52:13 [14,761ms] [Warning] [omni.physx.plugin] Invalid PhysX transform detected for /World/Stem/Stress_50_44.
2026-07-23 09:52:13 [14,761ms] [Warning] [omni.physx.plugin] Invalid PhysX transform detected for /World/Stem/Stress_50_45.
2026-07-23 09:52:13 [14,761ms] [Warning] [omni.physx.plugin] Invalid PhysX transform detected for /World/Stem/Stress_50_46.
2026-07-23 09:52:13 [14,761ms] [Warning] [omni.physx.plugin] Invalid PhysX transform detected for /World/Stem/Stress_50_47.
2026-07-23 09:52:13 [14,761ms] [Warning] [omni.physx.plugin] Invalid PhysX transform detected for /World/Stem/Stress_50_48.
2026-07-23 09:52:13 [14,761ms] [Warning] [omni.physx.plugin] Invalid PhysX transform detected for /World/Stem/Stress_50_49.
2026-07-23 09:52:13 [14,761ms] [Warning] [omni.physx.plugin] Invalid PhysX transform detected for /World/Stem/Fruit_Stress_50_base.
2026-07-23 09:52:13 [14,761ms] [Warning] [omni.physx.plugin] Invalid PhysX transform detected for /World/Stem/Fruit_Stress_50_tip.
2026-07-23 09:52:13 [14,761ms] [Warning] [omni.physx.plugin] Invalid PhysX transform detected for /World/Stem/Fruit_Stress_50.
2026-07-23 09:52:13 [14,780ms] [Warning] [omni.physx.plugin] Invalid PhysX transform detected for /World/Stem/Stress_50_00.
2026-07-23 09:52:13 [14,780ms] [Warning] [omni.physx.plugin] Invalid PhysX transform detected for /World/Stem/Stress_50_01.
2026-07-23 09:52:13 [14,780ms] [Warning] [omni.physx.plugin] Invalid PhysX transform detected for /World/Stem/Stress_50_02.
2026-07-23 09:52:13 [14,780ms] [Warning] [omni.physx.plugin] Invalid PhysX transform detected for /World/Stem/Stress_50_03.
2026-07-23 09:52:13 [14,780ms] [Warning] [omni.physx.plugin] Invalid PhysX transform detected for /World/Stem/Stress_50_04.
2026-07-23 09:52:13 [14,780ms] [Warning] [omni.physx.plugin] Invalid PhysX transform detected for /World/Stem/Stress_50_05.
2026-07-23 09:52:13 [14,780ms] [Warning] [omni.physx.plugin] Invalid PhysX transform detected for /World/Stem/Stress_50_06.
2026-07-23 09:52:13 [14,780ms] [Warning] [omni.physx.plugin] Invalid PhysX transform detected for /World/Stem/Stress_50_07.
2026-07-23 09:52:13 [14,780ms] [Warning] [omni.physx.plugin] Invalid PhysX transform detected for /World/Stem/Stress_50_08.
2026-07-23 09:52:13 [14,780ms] [Warning] [omni.physx.plugin] Invalid PhysX transform detected for /World/Stem/Stress_50_09.
2026-07-23 09:52:13 [14,780ms] [Warning] [omni.physx.plugin] Invalid PhysX transform detected for /World/Stem/Stress_50_10.
2026-07-23 09:52:13 [14,780ms] [Warning] [omni.physx.plugin] Invalid PhysX transform detected for /World/Stem/Stress_50_11.
2026-07-23 09:52:13 [14,780ms] [Warning] [omni.physx.plugin] Invalid PhysX transform detected for /World/Stem/Stress_50_12.
2026-07-23 09:52:13 [14,780ms] [Warning] [omni.physx.plugin] Invalid PhysX transform detected for /World/Stem/Stress_50_13.
2026-07-23 09:52:13 [14,780ms] [Warning] [omni.physx.plugin] Invalid PhysX transform detected for /World/Stem/Stress_50_14.
2026-07-23 09:52:13 [14,780ms] [Warning] [omni.physx.plugin] Invalid PhysX transform detected for /World/Stem/Stress_50_15.
2026-07-23 09:52:13 [14,780ms] [Warning] [omni.physx.plugin] Invalid PhysX transform detected for /World/Stem/Stress_50_16.
2026-07-23 09:52:13 [14,780ms] [Warning] [omni.physx.plugin] Invalid PhysX transform detected for /World/Stem/Stress_50_17.
2026-07-23 09:52:13 [14,780ms] [Warning] [omni.physx.plugin] Invalid PhysX transform detected for /World/Stem/Stress_50_18.
2026-07-23 09:52:13 [14,780ms] [Warning] [omni.physx.plugin] Invalid PhysX transform detected for /World/Stem/Stress_50_19.
2026-07-23 09:52:13 [14,780ms] [Warning] [omni.physx.plugin] Invalid PhysX transform detected for /World/Stem/Stress_50_20.
2026-07-23 09:52:13 [14,780ms] [Warning] [omni.physx.plugin] Invalid PhysX transform detected for /World/Stem/Stress_50_21.
2026-07-23 09:52:13 [14,780ms] [Warning] [omni.physx.plugin] Invalid PhysX transform detected for /World/Stem/Stress_50_22.
2026-07-23 09:52:13 [14,780ms] [Warning] [omni.physx.plugin] Invalid PhysX transform detected for /World/Stem/Stress_50_23.
2026-07-23 09:52:13 [14,780ms] [Warning] [omni.physx.plugin] Invalid PhysX transform detected for /World/Stem/Stress_50_24.
2026-07-23 09:52:13 [14,780ms] [Warning] [omni.physx.plugin] Invalid PhysX transform detected for /World/Stem/Stress_50_25.
2026-07-23 09:52:13 [14,780ms] [Warning] [omni.physx.plugin] Invalid PhysX transform detected for /World/Stem/Stress_50_26.
2026-07-23 09:52:13 [14,780ms] [Warning] [omni.physx.plugin] Invalid PhysX transform detected for /World/Stem/Stress_50_27.
2026-07-23 09:52:13 [14,780ms] [Warning] [omni.physx.plugin] Invalid PhysX transform detected for /World/Stem/Stress_50_28.
2026-07-23 09:52:13 [14,780ms] [Warning] [omni.physx.plugin] Invalid PhysX transform detected for /World/Stem/Stress_50_29.
2026-07-23 09:52:13 [14,780ms] [Warning] [omni.physx.plugin] Invalid PhysX transform detected for /World/Stem/Stress_50_30.
2026-07-23 09:52:13 [14,780ms] [Warning] [omni.physx.plugin] Invalid PhysX transform detected for /World/Stem/Stress_50_31.
2026-07-23 09:52:13 [14,780ms] [Warning] [omni.physx.plugin] Invalid PhysX transform detected for /World/Stem/Stress_50_32.
2026-07-23 09:52:13 [14,780ms] [Warning] [omni.physx.plugin] Invalid PhysX transform detected for /World/Stem/Stress_50_33.
2026-07-23 09:52:13 [14,780ms] [Warning] [omni.physx.plugin] Invalid PhysX transform detected for /World/Stem/Stress_50_34.
2026-07-23 09:52:13 [14,780ms] [Warning] [omni.physx.plugin] Invalid PhysX transform detected for /World/Stem/Stress_50_35.
2026-07-23 09:52:13 [14,780ms] [Warning] [omni.physx.plugin] Invalid PhysX transform detected for /World/Stem/Stress_50_36.
2026-07-23 09:52:13 [14,780ms] [Warning] [omni.physx.plugin] Invalid PhysX transform detected for /World/Stem/Stress_50_37.
2026-07-23 09:52:13 [14,780ms] [Warning] [omni.physx.plugin] Invalid PhysX transform detected for /World/Stem/Stress_50_38.
2026-07-23 09:52:13 [14,780ms] [Warning] [omni.physx.plugin] Invalid PhysX transform detected for /World/Stem/Stress_50_39.
2026-07-23 09:52:13 [14,780ms] [Warning] [omni.physx.plugin] Invalid PhysX transform detected for /World/Stem/Stress_50_40.
2026-07-23 09:52:13 [14,780ms] [Warning] [omni.physx.plugin] Invalid PhysX transform detected for /World/Stem/Stress_50_41.
2026-07-23 09:52:13 [14,780ms] [Warning] [omni.physx.plugin] Invalid PhysX transform detected for /World/Stem/Stress_50_42.
2026-07-23 09:52:13 [14,780ms] [Warning] [omni.physx.plugin] Invalid PhysX transform detected for /World/Stem/Stress_50_43.
2026-07-23 09:52:13 [14,780ms] [Warning] [omni.physx.plugin] Invalid PhysX transform detected for /World/Stem/Stress_50_44.
2026-07-23 09:52:13 [14,780ms] [Warning] [omni.physx.plugin] Invalid PhysX transform detected for /World/Stem/Stress_50_45.
2026-07-23 09:52:13 [14,780ms] [Warning] [omni.physx.plugin] Invalid PhysX transform detected for /World/Stem/Stress_50_46.
2026-07-23 09:52:13 [14,780ms] [Warning] [omni.physx.plugin] Invalid PhysX transform detected for /World/Stem/Stress_50_47.
2026-07-23 09:52:13 [14,780ms] [Warning] [omni.physx.plugin] Invalid PhysX transform detected for /World/Stem/Stress_50_48.
2026-07-23 09:52:13 [14,780ms] [Warning] [omni.physx.plugin] Invalid PhysX transform detected for /World/Stem/Stress_50_49.
2026-07-23 09:52:13 [14,780ms] [Warning] [omni.physx.plugin] Invalid PhysX transform detected for /World/Stem/Fruit_Stress_50_base.
2026-07-23 09:52:13 [14,780ms] [Warning] [omni.physx.plugin] Invalid PhysX transform detected for /World/Stem/Fruit_Stress_50_tip.
2026-07-23 09:52:13 [14,780ms] [Warning] [omni.physx.plugin] Invalid PhysX transform detected for /World/Stem/Fruit_Stress_50.
2026-07-23 09:52:13 [14,798ms] [Warning] [omni.physx.plugin] Invalid PhysX transform detected for /World/Stem/Stress_50_00.
2026-07-23 09:52:13 [14,798ms] [Warning] [omni.physx.plugin] Invalid PhysX transform detected for /World/Stem/Stress_50_01.
2026-07-23 09:52:13 [14,798ms] [Warning] [omni.physx.plugin] Invalid PhysX transform detected for /World/Stem/Stress_50_02.
2026-07-23 09:52:13 [14,798ms] [Warning] [omni.physx.plugin] Invalid PhysX transform detected for /World/Stem/Stress_50_03.
2026-07-23 09:52:13 [14,798ms] [Warning] [omni.physx.plugin] Invalid PhysX transform detected for /World/Stem/Stress_50_04.
2026-07-23 09:52:13 [14,798ms] [Warning] [omni.physx.plugin] Invalid PhysX transform detected for /World/Stem/Stress_50_05.
2026-07-23 09:52:13 [14,798ms] [Warning] [omni.physx.plugin] Invalid PhysX transform detected for /World/Stem/Stress_50_06.
2026-07-23 09:52:13 [14,798ms] [Warning] [omni.physx.plugin] Invalid PhysX transform detected for /World/Stem/Stress_50_07.
2026-07-23 09:52:13 [14,798ms] [Warning] [omni.physx.plugin] Invalid PhysX transform detected for /World/Stem/Stress_50_08.
2026-07-23 09:52:13 [14,798ms] [Warning] [omni.physx.plugin] Invalid PhysX transform detected for /World/Stem/Stress_50_09.
2026-07-23 09:52:13 [14,798ms] [Warning] [omni.physx.plugin] Invalid PhysX transform detected for /World/Stem/Stress_50_10.
2026-07-23 09:52:13 [14,798ms] [Warning] [omni.physx.plugin] Invalid PhysX transform detected for /World/Stem/Stress_50_11.
2026-07-23 09:52:13 [14,798ms] [Warning] [omni.physx.plugin] Invalid PhysX transform detected for /World/Stem/Stress_50_12.
2026-07-23 09:52:13 [14,798ms] [Warning] [omni.physx.plugin] Invalid PhysX transform detected for /World/Stem/Stress_50_13.
2026-07-23 09:52:13 [14,798ms] [Warning] [omni.physx.plugin] Invalid PhysX transform detected for /World/Stem/Stress_50_14.
2026-07-23 09:52:13 [14,798ms] [Warning] [omni.physx.plugin] Invalid PhysX transform detected for /World/Stem/Stress_50_15.
2026-07-23 09:52:13 [14,798ms] [Warning] [omni.physx.plugin] Invalid PhysX transform detected for /World/Stem/Stress_50_16.
2026-07-23 09:52:13 [14,798ms] [Warning] [omni.physx.plugin] Invalid PhysX transform detected for /World/Stem/Stress_50_17.
2026-07-23 09:52:13 [14,798ms] [Warning] [omni.physx.plugin] Invalid PhysX transform detected for /World/Stem/Stress_50_18.
2026-07-23 09:52:13 [14,798ms] [Warning] [omni.physx.plugin] Invalid PhysX transform detected for /World/Stem/Stress_50_19.
2026-07-23 09:52:13 [14,798ms] [Warning] [omni.physx.plugin] Invalid PhysX transform detected for /World/Stem/Stress_50_20.
2026-07-23 09:52:13 [14,798ms] [Warning] [omni.physx.plugin] Invalid PhysX transform detected for /World/Stem/Stress_50_21.
2026-07-23 09:52:13 [14,798ms] [Warning] [omni.physx.plugin] Invalid PhysX transform detected for /World/Stem/Stress_50_22.
2026-07-23 09:52:13 [14,798ms] [Warning] [omni.physx.plugin] Invalid PhysX transform detected for /World/Stem/Stress_50_23.
2026-07-23 09:52:13 [14,798ms] [Warning] [omni.physx.plugin] Invalid PhysX transform detected for /World/Stem/Stress_50_24.
2026-07-23 09:52:13 [14,798ms] [Warning] [omni.physx.plugin] Invalid PhysX transform detected for /World/Stem/Stress_50_25.
2026-07-23 09:52:13 [14,798ms] [Warning] [omni.physx.plugin] Invalid PhysX transform detected for /World/Stem/Stress_50_26.
2026-07-23 09:52:13 [14,798ms] [Warning] [omni.physx.plugin] Invalid PhysX transform detected for /World/Stem/Stress_50_27.
2026-07-23 09:52:13 [14,798ms] [Warning] [omni.physx.plugin] Invalid PhysX transform detected for /World/Stem/Stress_50_28.
2026-07-23 09:52:13 [14,798ms] [Warning] [omni.physx.plugin] Invalid PhysX transform detected for /World/Stem/Stress_50_29.
2026-07-23 09:52:13 [14,798ms] [Warning] [omni.physx.plugin] Invalid PhysX transform detected for /World/Stem/Stress_50_30.
2026-07-23 09:52:13 [14,798ms] [Warning] [omni.physx.plugin] Invalid PhysX transform detected for /World/Stem/Stress_50_31.
2026-07-23 09:52:13 [14,798ms] [Warning] [omni.physx.plugin] Invalid PhysX transform detected for /World/Stem/Stress_50_32.
2026-07-23 09:52:13 [14,798ms] [Warning] [omni.physx.plugin] Invalid PhysX transform detected for /World/Stem/Stress_50_33.
2026-07-23 09:52:13 [14,798ms] [Warning] [omni.physx.plugin] Invalid PhysX transform detected for /World/Stem/Stress_50_34.
2026-07-23 09:52:13 [14,798ms] [Warning] [omni.physx.plugin] Invalid PhysX transform detected for /World/Stem/Stress_50_35.
2026-07-23 09:52:13 [14,798ms] [Warning] [omni.physx.plugin] Invalid PhysX transform detected for /World/Stem/Stress_50_36.
2026-07-23 09:52:13 [14,798ms] [Warning] [omni.physx.plugin] Invalid PhysX transform detected for /World/Stem/Stress_50_37.
2026-07-23 09:52:13 [14,798ms] [Warning] [omni.physx.plugin] Invalid PhysX transform detected for /World/Stem/Stress_50_38.
2026-07-23 09:52:13 [14,798ms] [Warning] [omni.physx.plugin] Invalid PhysX transform detected for /World/Stem/Stress_50_39.
2026-07-23 09:52:13 [14,798ms] [Warning] [omni.physx.plugin] Invalid PhysX transform detected for /World/Stem/Stress_50_40.
2026-07-23 09:52:13 [14,798ms] [Warning] [omni.physx.plugin] Invalid PhysX transform detected for /World/Stem/Stress_50_41.
2026-07-23 09:52:13 [14,798ms] [Warning] [omni.physx.plugin] Invalid PhysX transform detected for /World/Stem/Stress_50_42.
2026-07-23 09:52:13 [14,798ms] [Warning] [omni.physx.plugin] Invalid PhysX transform detected for /World/Stem/Stress_50_43.
2026-07-23 09:52:13 [14,798ms] [Warning] [omni.physx.plugin] Invalid PhysX transform detected for /World/Stem/Stress_50_44.
2026-07-23 09:52:13 [14,798ms] [Warning] [omni.physx.plugin] Invalid PhysX transform detected for /World/Stem/Stress_50_45.
2026-07-23 09:52:13 [14,798ms] [Warning] [omni.physx.plugin] Invalid PhysX transform detected for /World/Stem/Stress_50_46.
2026-07-23 09:52:13 [14,798ms] [Warning] [omni.physx.plugin] Invalid PhysX transform detected for /World/Stem/Stress_50_47.
2026-07-23 09:52:13 [14,798ms] [Warning] [omni.physx.plugin] Invalid PhysX transform detected for /World/Stem/Stress_50_48.
2026-07-23 09:52:13 [14,798ms] [Warning] [omni.physx.plugin] Invalid PhysX transform detected for /World/Stem/Stress_50_49.
2026-07-23 09:52:13 [14,798ms] [Warning] [omni.physx.plugin] Invalid PhysX transform detected for /World/Stem/Fruit_Stress_50_base.
2026-07-23 09:52:13 [14,798ms] [Warning] [omni.physx.plugin] Invalid PhysX transform detected for /World/Stem/Fruit_Stress_50_tip.
2026-07-23 09:52:13 [14,798ms] [Warning] [omni.physx.plugin] Invalid PhysX transform detected for /World/Stem/Fruit_Stress_50.
2026-07-23 09:52:13 [14,817ms] [Warning] [omni.physx.plugin] Invalid PhysX transform detected for /World/Stem/Stress_50_00.
2026-07-23 09:52:13 [14,817ms] [Warning] [omni.physx.plugin] Invalid PhysX transform detected for /World/Stem/Stress_50_01.
2026-07-23 09:52:13 [14,817ms] [Warning] [omni.physx.plugin] Invalid PhysX transform detected for /World/Stem/Stress_50_02.
2026-07-23 09:52:13 [14,817ms] [Warning] [omni.physx.plugin] Invalid PhysX transform detected for /World/Stem/Stress_50_03.
2026-07-23 09:52:13 [14,817ms] [Warning] [omni.physx.plugin] Invalid PhysX transform detected for /World/Stem/Stress_50_04.
2026-07-23 09:52:13 [14,817ms] [Warning] [omni.physx.plugin] Invalid PhysX transform detected for /World/Stem/Stress_50_05.
2026-07-23 09:52:13 [14,817ms] [Warning] [omni.physx.plugin] Invalid PhysX transform detected for /World/Stem/Stress_50_06.
2026-07-23 09:52:13 [14,817ms] [Warning] [omni.physx.plugin] Invalid PhysX transform detected for /World/Stem/Stress_50_07.
2026-07-23 09:52:13 [14,817ms] [Warning] [omni.physx.plugin] Invalid PhysX transform detected for /World/Stem/Stress_50_08.
2026-07-23 09:52:13 [14,817ms] [Warning] [omni.physx.plugin] Invalid PhysX transform detected for /World/Stem/Stress_50_09.
2026-07-23 09:52:13 [14,817ms] [Warning] [omni.physx.plugin] Invalid PhysX transform detected for /World/Stem/Stress_50_10.
2026-07-23 09:52:13 [14,817ms] [Warning] [omni.physx.plugin] Invalid PhysX transform detected for /World/Stem/Stress_50_11.
2026-07-23 09:52:13 [14,817ms] [Warning] [omni.physx.plugin] Invalid PhysX transform detected for /World/Stem/Stress_50_12.
2026-07-23 09:52:13 [14,817ms] [Warning] [omni.physx.plugin] Invalid PhysX transform detected for /World/Stem/Stress_50_13.
2026-07-23 09:52:13 [14,817ms] [Warning] [omni.physx.plugin] Invalid PhysX transform detected for /World/Stem/Stress_50_14.
2026-07-23 09:52:13 [14,817ms] [Warning] [omni.physx.plugin] Invalid PhysX transform detected for /World/Stem/Stress_50_15.
2026-07-23 09:52:13 [14,817ms] [Warning] [omni.physx.plugin] Invalid PhysX transform detected for /World/Stem/Stress_50_16.
2026-07-23 09:52:13 [14,817ms] [Warning] [omni.physx.plugin] Invalid PhysX transform detected for /World/Stem/Stress_50_17.
2026-07-23 09:52:13 [14,817ms] [Warning] [omni.physx.plugin] Invalid PhysX transform detected for /World/Stem/Stress_50_18.
2026-07-23 09:52:13 [14,817ms] [Warning] [omni.physx.plugin] Invalid PhysX transform detected for /World/Stem/Stress_50_19.
2026-07-23 09:52:13 [14,817ms] [Warning] [omni.physx.plugin] Invalid PhysX transform detected for /World/Stem/Stress_50_20.
2026-07-23 09:52:13 [14,817ms] [Warning] [omni.physx.plugin] Invalid PhysX transform detected for /World/Stem/Stress_50_21.
2026-07-23 09:52:13 [14,817ms] [Warning] [omni.physx.plugin] Invalid PhysX transform detected for /World/Stem/Stress_50_22.
2026-07-23 09:52:13 [14,817ms] [Warning] [omni.physx.plugin] Invalid PhysX transform detected for /World/Stem/Stress_50_23.
2026-07-23 09:52:13 [14,817ms] [Warning] [omni.physx.plugin] Invalid PhysX transform detected for /World/Stem/Stress_50_24.
2026-07-23 09:52:13 [14,817ms] [Warning] [omni.physx.plugin] Invalid PhysX transform detected for /World/Stem/Stress_50_25.
2026-07-23 09:52:13 [14,817ms] [Warning] [omni.physx.plugin] Invalid PhysX transform detected for /World/Stem/Stress_50_26.
2026-07-23 09:52:13 [14,817ms] [Warning] [omni.physx.plugin] Invalid PhysX transform detected for /World/Stem/Stress_50_27.
2026-07-23 09:52:13 [14,818ms] [Warning] [omni.physx.plugin] Invalid PhysX transform detected for /World/Stem/Stress_50_28.
2026-07-23 09:52:13 [14,818ms] [Warning] [omni.physx.plugin] Invalid PhysX transform detected for /World/Stem/Stress_50_29.
2026-07-23 09:52:13 [14,818ms] [Warning] [omni.physx.plugin] Invalid PhysX transform detected for /World/Stem/Stress_50_30.
2026-07-23 09:52:13 [14,818ms] [Warning] [omni.physx.plugin] Invalid PhysX transform detected for /World/Stem/Stress_50_31.
2026-07-23 09:52:13 [14,818ms] [Warning] [omni.physx.plugin] Invalid PhysX transform detected for /World/Stem/Stress_50_32.
2026-07-23 09:52:13 [14,818ms] [Warning] [omni.physx.plugin] Invalid PhysX transform detected for /World/Stem/Stress_50_33.
2026-07-23 09:52:13 [14,818ms] [Warning] [omni.physx.plugin] Invalid PhysX transform detected for /World/Stem/Stress_50_34.
2026-07-23 09:52:13 [14,818ms] [Warning] [omni.physx.plugin] Invalid PhysX transform detected for /World/Stem/Stress_50_35.
2026-07-23 09:52:13 [14,818ms] [Warning] [omni.physx.plugin] Invalid PhysX transform detected for /World/Stem/Stress_50_36.
2026-07-23 09:52:13 [14,818ms] [Warning] [omni.physx.plugin] Invalid PhysX transform detected for /World/Stem/Stress_50_37.
2026-07-23 09:52:13 [14,818ms] [Warning] [omni.physx.plugin] Invalid PhysX transform detected for /World/Stem/Stress_50_38.
2026-07-23 09:52:13 [14,818ms] [Warning] [omni.physx.plugin] Invalid PhysX transform detected for /World/Stem/Stress_50_39.
2026-07-23 09:52:13 [14,818ms] [Warning] [omni.physx.plugin] Invalid PhysX transform detected for /World/Stem/Stress_50_40.
2026-07-23 09:52:13 [14,818ms] [Warning] [omni.physx.plugin] Invalid PhysX transform detected for /World/Stem/Stress_50_41.
2026-07-23 09:52:13 [14,818ms] [Warning] [omni.physx.plugin] Invalid PhysX transform detected for /World/Stem/Stress_50_42.
2026-07-23 09:52:13 [14,818ms] [Warning] [omni.physx.plugin] Invalid PhysX transform detected for /World/Stem/Stress_50_43.
2026-07-23 09:52:13 [14,818ms] [Warning] [omni.physx.plugin] Invalid PhysX transform detected for /World/Stem/Stress_50_44.
2026-07-23 09:52:13 [14,818ms] [Warning] [omni.physx.plugin] Invalid PhysX transform detected for /World/Stem/Stress_50_45.
2026-07-23 09:52:13 [14,818ms] [Warning] [omni.physx.plugin] Invalid PhysX transform detected for /World/Stem/Stress_50_46.
2026-07-23 09:52:13 [14,818ms] [Warning] [omni.physx.plugin] Invalid PhysX transform detected for /World/Stem/Stress_50_47.
2026-07-23 09:52:13 [14,818ms] [Warning] [omni.physx.plugin] Invalid PhysX transform detected for /World/Stem/Stress_50_48.
2026-07-23 09:52:13 [14,818ms] [Warning] [omni.physx.plugin] Invalid PhysX transform detected for /World/Stem/Stress_50_49.
2026-07-23 09:52:13 [14,818ms] [Warning] [omni.physx.plugin] Invalid PhysX transform detected for /World/Stem/Fruit_Stress_50_base.
2026-07-23 09:52:13 [14,818ms] [Warning] [omni.physx.plugin] Invalid PhysX transform detected for /World/Stem/Fruit_Stress_50_tip.
2026-07-23 09:52:13 [14,818ms] [Warning] [omni.physx.plugin] Invalid PhysX transform detected for /World/Stem/Fruit_Stress_50.
2026-07-23 09:52:13 [14,836ms] [Warning] [omni.physx.plugin] Invalid PhysX transform detected for /World/Stem/Stress_50_00.
2026-07-23 09:52:13 [14,836ms] [Warning] [omni.physx.plugin] Invalid PhysX transform detected for /World/Stem/Stress_50_01.
2026-07-23 09:52:13 [14,836ms] [Warning] [omni.physx.plugin] Invalid PhysX transform detected for /World/Stem/Stress_50_02.
2026-07-23 09:52:13 [14,836ms] [Warning] [omni.physx.plugin] Invalid PhysX transform detected for /World/Stem/Stress_50_03.
2026-07-23 09:52:13 [14,836ms] [Warning] [omni.physx.plugin] Invalid PhysX transform detected for /World/Stem/Stress_50_04.
2026-07-23 09:52:13 [14,836ms] [Warning] [omni.physx.plugin] Invalid PhysX transform detected for /World/Stem/Stress_50_05.
2026-07-23 09:52:13 [14,836ms] [Warning] [omni.physx.plugin] Invalid PhysX transform detected for /World/Stem/Stress_50_06.
2026-07-23 09:52:13 [14,836ms] [Warning] [omni.physx.plugin] Invalid PhysX transform detected for /World/Stem/Stress_50_07.
2026-07-23 09:52:13 [14,836ms] [Warning] [omni.physx.plugin] Invalid PhysX transform detected for /World/Stem/Stress_50_08.
2026-07-23 09:52:13 [14,836ms] [Warning] [omni.physx.plugin] Invalid PhysX transform detected for /World/Stem/Stress_50_09.
2026-07-23 09:52:13 [14,836ms] [Warning] [omni.physx.plugin] Invalid PhysX transform detected for /World/Stem/Stress_50_10.
2026-07-23 09:52:13 [14,836ms] [Warning] [omni.physx.plugin] Invalid PhysX transform detected for /World/Stem/Stress_50_11.
2026-07-23 09:52:13 [14,836ms] [Warning] [omni.physx.plugin] Invalid PhysX transform detected for /World/Stem/Stress_50_12.
2026-07-23 09:52:13 [14,836ms] [Warning] [omni.physx.plugin] Invalid PhysX transform detected for /World/Stem/Stress_50_13.
2026-07-23 09:52:13 [14,836ms] [Warning] [omni.physx.plugin] Invalid PhysX transform detected for /World/Stem/Stress_50_14.
2026-07-23 09:52:13 [14,836ms] [Warning] [omni.physx.plugin] Invalid PhysX transform detected for /World/Stem/Stress_50_15.
2026-07-23 09:52:13 [14,836ms] [Warning] [omni.physx.plugin] Invalid PhysX transform detected for /World/Stem/Stress_50_16.
2026-07-23 09:52:13 [14,836ms] [Warning] [omni.physx.plugin] Invalid PhysX transform detected for /World/Stem/Stress_50_17.
2026-07-23 09:52:13 [14,836ms] [Warning] [omni.physx.plugin] Invalid PhysX transform detected for /World/Stem/Stress_50_18.
2026-07-23 09:52:13 [14,836ms] [Warning] [omni.physx.plugin] Invalid PhysX transform detected for /World/Stem/Stress_50_19.
2026-07-23 09:52:13 [14,836ms] [Warning] [omni.physx.plugin] Invalid PhysX transform detected for /World/Stem/Stress_50_20.
2026-07-23 09:52:13 [14,836ms] [Warning] [omni.physx.plugin] Invalid PhysX transform detected for /World/Stem/Stress_50_21.
2026-07-23 09:52:13 [14,836ms] [Warning] [omni.physx.plugin] Invalid PhysX transform detected for /World/Stem/Stress_50_22.
2026-07-23 09:52:13 [14,836ms] [Warning] [omni.physx.plugin] Invalid PhysX transform detected for /World/Stem/Stress_50_23.
2026-07-23 09:52:13 [14,836ms] [Warning] [omni.physx.plugin] Invalid PhysX transform detected for /World/Stem/Stress_50_24.
2026-07-23 09:52:13 [14,836ms] [Warning] [omni.physx.plugin] Invalid PhysX transform detected for /World/Stem/Stress_50_25.
2026-07-23 09:52:13 [14,836ms] [Warning] [omni.physx.plugin] Invalid PhysX transform detected for /World/Stem/Stress_50_26.
2026-07-23 09:52:13 [14,836ms] [Warning] [omni.physx.plugin] Invalid PhysX transform detected for /World/Stem/Stress_50_27.
2026-07-23 09:52:13 [14,836ms] [Warning] [omni.physx.plugin] Invalid PhysX transform detected for /World/Stem/Stress_50_28.
2026-07-23 09:52:13 [14,836ms] [Warning] [omni.physx.plugin] Invalid PhysX transform detected for /World/Stem/Stress_50_29.
2026-07-23 09:52:13 [14,836ms] [Warning] [omni.physx.plugin] Invalid PhysX transform detected for /World/Stem/Stress_50_30.
2026-07-23 09:52:13 [14,836ms] [Warning] [omni.physx.plugin] Invalid PhysX transform detected for /World/Stem/Stress_50_31.
2026-07-23 09:52:13 [14,836ms] [Warning] [omni.physx.plugin] Invalid PhysX transform detected for /World/Stem/Stress_50_32.
2026-07-23 09:52:13 [14,836ms] [Warning] [omni.physx.plugin] Invalid PhysX transform detected for /World/Stem/Stress_50_33.
2026-07-23 09:52:13 [14,836ms] [Warning] [omni.physx.plugin] Invalid PhysX transform detected for /World/Stem/Stress_50_34.
2026-07-23 09:52:13 [14,836ms] [Warning] [omni.physx.plugin] Invalid PhysX transform detected for /World/Stem/Stress_50_35.
2026-07-23 09:52:13 [14,836ms] [Warning] [omni.physx.plugin] Invalid PhysX transform detected for /World/Stem/Stress_50_36.
2026-07-23 09:52:13 [14,836ms] [Warning] [omni.physx.plugin] Invalid PhysX transform detected for /World/Stem/Stress_50_37.
2026-07-23 09:52:13 [14,836ms] [Warning] [omni.physx.plugin] Invalid PhysX transform detected for /World/Stem/Stress_50_38.
2026-07-23 09:52:13 [14,836ms] [Warning] [omni.physx.plugin] Invalid PhysX transform detected for /World/Stem/Stress_50_39.
2026-07-23 09:52:13 [14,836ms] [Warning] [omni.physx.plugin] Invalid PhysX transform detected for /World/Stem/Stress_50_40.
2026-07-23 09:52:13 [14,836ms] [Warning] [omni.physx.plugin] Invalid PhysX transform detected for /World/Stem/Stress_50_41.
2026-07-23 09:52:13 [14,836ms] [Warning] [omni.physx.plugin] Invalid PhysX transform detected for /World/Stem/Stress_50_42.
2026-07-23 09:52:13 [14,836ms] [Warning] [omni.physx.plugin] Invalid PhysX transform detected for /World/Stem/Stress_50_43.
2026-07-23 09:52:13 [14,836ms] [Warning] [omni.physx.plugin] Invalid PhysX transform detected for /World/Stem/Stress_50_44.
2026-07-23 09:52:13 [14,836ms] [Warning] [omni.physx.plugin] Invalid PhysX transform detected for /World/Stem/Stress_50_45.
2026-07-23 09:52:13 [14,836ms] [Warning] [omni.physx.plugin] Invalid PhysX transform detected for /World/Stem/Stress_50_46.
2026-07-23 09:52:13 [14,836ms] [Warning] [omni.physx.plugin] Invalid PhysX transform detected for /World/Stem/Stress_50_47.
2026-07-23 09:52:13 [14,836ms] [Warning] [omni.physx.plugin] Invalid PhysX transform detected for /World/Stem/Stress_50_48.
2026-07-23 09:52:13 [14,836ms] [Warning] [omni.physx.plugin] Invalid PhysX transform detected for /World/Stem/Stress_50_49.
2026-07-23 09:52:13 [14,836ms] [Warning] [omni.physx.plugin] Invalid PhysX transform detected for /World/Stem/Fruit_Stress_50_base.
2026-07-23 09:52:13 [14,836ms] [Warning] [omni.physx.plugin] Invalid PhysX transform detected for /World/Stem/Fruit_Stress_50_tip.
2026-07-23 09:52:13 [14,836ms] [Warning] [omni.physx.plugin] Invalid PhysX transform detected for /World/Stem/Fruit_Stress_50.
2026-07-23 09:52:13 [14,855ms] [Warning] [omni.physx.plugin] Invalid PhysX transform detected for /World/Stem/Stress_50_00.
2026-07-23 09:52:13 [14,855ms] [Warning] [omni.physx.plugin] Invalid PhysX transform detected for /World/Stem/Stress_50_01.
2026-07-23 09:52:13 [14,855ms] [Warning] [omni.physx.plugin] Invalid PhysX transform detected for /World/Stem/Stress_50_02.
2026-07-23 09:52:13 [14,855ms] [Warning] [omni.physx.plugin] Invalid PhysX transform detected for /World/Stem/Stress_50_03.
2026-07-23 09:52:13 [14,855ms] [Warning] [omni.physx.plugin] Invalid PhysX transform detected for /World/Stem/Stress_50_04.
2026-07-23 09:52:13 [14,855ms] [Warning] [omni.physx.plugin] Invalid PhysX transform detected for /World/Stem/Stress_50_05.
2026-07-23 09:52:13 [14,855ms] [Warning] [omni.physx.plugin] Invalid PhysX transform detected for /World/Stem/Stress_50_06.
2026-07-23 09:52:13 [14,855ms] [Warning] [omni.physx.plugin] Invalid PhysX transform detected for /World/Stem/Stress_50_07.
2026-07-23 09:52:13 [14,855ms] [Warning] [omni.physx.plugin] Invalid PhysX transform detected for /World/Stem/Stress_50_08.
2026-07-23 09:52:13 [14,855ms] [Warning] [omni.physx.plugin] Invalid PhysX transform detected for /World/Stem/Stress_50_09.
2026-07-23 09:52:13 [14,855ms] [Warning] [omni.physx.plugin] Invalid PhysX transform detected for /World/Stem/Stress_50_10.
2026-07-23 09:52:13 [14,855ms] [Warning] [omni.physx.plugin] Invalid PhysX transform detected for /World/Stem/Stress_50_11.
2026-07-23 09:52:13 [14,855ms] [Warning] [omni.physx.plugin] Invalid PhysX transform detected for /World/Stem/Stress_50_12.
2026-07-23 09:52:13 [14,855ms] [Warning] [omni.physx.plugin] Invalid PhysX transform detected for /World/Stem/Stress_50_13.
2026-07-23 09:52:13 [14,855ms] [Warning] [omni.physx.plugin] Invalid PhysX transform detected for /World/Stem/Stress_50_14.
2026-07-23 09:52:13 [14,855ms] [Warning] [omni.physx.plugin] Invalid PhysX transform detected for /World/Stem/Stress_50_15.
2026-07-23 09:52:13 [14,855ms] [Warning] [omni.physx.plugin] Invalid PhysX transform detected for /World/Stem/Stress_50_16.
2026-07-23 09:52:13 [14,855ms] [Warning] [omni.physx.plugin] Invalid PhysX transform detected for /World/Stem/Stress_50_17.
2026-07-23 09:52:13 [14,855ms] [Warning] [omni.physx.plugin] Invalid PhysX transform detected for /World/Stem/Stress_50_18.
2026-07-23 09:52:13 [14,855ms] [Warning] [omni.physx.plugin] Invalid PhysX transform detected for /World/Stem/Stress_50_19.
2026-07-23 09:52:13 [14,855ms] [Warning] [omni.physx.plugin] Invalid PhysX transform detected for /World/Stem/Stress_50_20.
2026-07-23 09:52:13 [14,855ms] [Warning] [omni.physx.plugin] Invalid PhysX transform detected for /World/Stem/Stress_50_21.
2026-07-23 09:52:13 [14,855ms] [Warning] [omni.physx.plugin] Invalid PhysX transform detected for /World/Stem/Stress_50_22.
2026-07-23 09:52:13 [14,855ms] [Warning] [omni.physx.plugin] Invalid PhysX transform detected for /World/Stem/Stress_50_23.
2026-07-23 09:52:13 [14,855ms] [Warning] [omni.physx.plugin] Invalid PhysX transform detected for /World/Stem/Stress_50_24.
2026-07-23 09:52:13 [14,855ms] [Warning] [omni.physx.plugin] Invalid PhysX transform detected for /World/Stem/Stress_50_25.
2026-07-23 09:52:13 [14,855ms] [Warning] [omni.physx.plugin] Invalid PhysX transform detected for /World/Stem/Stress_50_26.
2026-07-23 09:52:13 [14,855ms] [Warning] [omni.physx.plugin] Invalid PhysX transform detected for /World/Stem/Stress_50_27.
2026-07-23 09:52:13 [14,855ms] [Warning] [omni.physx.plugin] Invalid PhysX transform detected for /World/Stem/Stress_50_28.
2026-07-23 09:52:13 [14,855ms] [Warning] [omni.physx.plugin] Invalid PhysX transform detected for /World/Stem/Stress_50_29.
2026-07-23 09:52:13 [14,855ms] [Warning] [omni.physx.plugin] Invalid PhysX transform detected for /World/Stem/Stress_50_30.
2026-07-23 09:52:13 [14,855ms] [Warning] [omni.physx.plugin] Invalid PhysX transform detected for /World/Stem/Stress_50_31.
2026-07-23 09:52:13 [14,855ms] [Warning] [omni.physx.plugin] Invalid PhysX transform detected for /World/Stem/Stress_50_32.
2026-07-23 09:52:13 [14,855ms] [Warning] [omni.physx.plugin] Invalid PhysX transform detected for /World/Stem/Stress_50_33.
2026-07-23 09:52:13 [14,855ms] [Warning] [omni.physx.plugin] Invalid PhysX transform detected for /World/Stem/Stress_50_34.
2026-07-23 09:52:13 [14,855ms] [Warning] [omni.physx.plugin] Invalid PhysX transform detected for /World/Stem/Stress_50_35.
2026-07-23 09:52:13 [14,855ms] [Warning] [omni.physx.plugin] Invalid PhysX transform detected for /World/Stem/Stress_50_36.
2026-07-23 09:52:13 [14,855ms] [Warning] [omni.physx.plugin] Invalid PhysX transform detected for /World/Stem/Stress_50_37.
2026-07-23 09:52:13 [14,855ms] [Warning] [omni.physx.plugin] Invalid PhysX transform detected for /World/Stem/Stress_50_38.
2026-07-23 09:52:13 [14,855ms] [Warning] [omni.physx.plugin] Invalid PhysX transform detected for /World/Stem/Stress_50_39.
2026-07-23 09:52:13 [14,855ms] [Warning] [omni.physx.plugin] Invalid PhysX transform detected for /World/Stem/Stress_50_40.
2026-07-23 09:52:13 [14,855ms] [Warning] [omni.physx.plugin] Invalid PhysX transform detected for /World/Stem/Stress_50_41.
2026-07-23 09:52:13 [14,855ms] [Warning] [omni.physx.plugin] Invalid PhysX transform detected for /World/Stem/Stress_50_42.
2026-07-23 09:52:13 [14,855ms] [Warning] [omni.physx.plugin] Invalid PhysX transform detected for /World/Stem/Stress_50_43.
2026-07-23 09:52:13 [14,855ms] [Warning] [omni.physx.plugin] Invalid PhysX transform detected for /World/Stem/Stress_50_44.
2026-07-23 09:52:13 [14,855ms] [Warning] [omni.physx.plugin] Invalid PhysX transform detected for /World/Stem/Stress_50_45.
2026-07-23 09:52:13 [14,855ms] [Warning] [omni.physx.plugin] Invalid PhysX transform detected for /World/Stem/Stress_50_46.
2026-07-23 09:52:13 [14,855ms] [Warning] [omni.physx.plugin] Invalid PhysX transform detected for /World/Stem/Stress_50_47.
2026-07-23 09:52:13 [14,855ms] [Warning] [omni.physx.plugin] Invalid PhysX transform detected for /World/Stem/Stress_50_48.
2026-07-23 09:52:13 [14,855ms] [Warning] [omni.physx.plugin] Invalid PhysX transform detected for /World/Stem/Stress_50_49.
2026-07-23 09:52:13 [14,855ms] [Warning] [omni.physx.plugin] Invalid PhysX transform detected for /World/Stem/Fruit_Stress_50_base.
2026-07-23 09:52:13 [14,855ms] [Warning] [omni.physx.plugin] Invalid PhysX transform detected for /World/Stem/Fruit_Stress_50_tip.
2026-07-23 09:52:13 [14,855ms] [Warning] [omni.physx.plugin] Invalid PhysX transform detected for /World/Stem/Fruit_Stress_50.
2026-07-23 09:52:13 [14,874ms] [Warning] [omni.physx.plugin] Invalid PhysX transform detected for /World/Stem/Stress_50_00.
2026-07-23 09:52:13 [14,874ms] [Warning] [omni.physx.plugin] Invalid PhysX transform detected for /World/Stem/Stress_50_01.
2026-07-23 09:52:13 [14,874ms] [Warning] [omni.physx.plugin] Invalid PhysX transform detected for /World/Stem/Stress_50_02.
2026-07-23 09:52:13 [14,874ms] [Warning] [omni.physx.plugin] Invalid PhysX transform detected for /World/Stem/Stress_50_03.
2026-07-23 09:52:13 [14,874ms] [Warning] [omni.physx.plugin] Invalid PhysX transform detected for /World/Stem/Stress_50_04.
2026-07-23 09:52:13 [14,874ms] [Warning] [omni.physx.plugin] Invalid PhysX transform detected for /World/Stem/Stress_50_05.
2026-07-23 09:52:13 [14,874ms] [Warning] [omni.physx.plugin] Invalid PhysX transform detected for /World/Stem/Stress_50_06.
2026-07-23 09:52:13 [14,874ms] [Warning] [omni.physx.plugin] Invalid PhysX transform detected for /World/Stem/Stress_50_07.
2026-07-23 09:52:13 [14,874ms] [Warning] [omni.physx.plugin] Invalid PhysX transform detected for /World/Stem/Stress_50_08.
2026-07-23 09:52:13 [14,874ms] [Warning] [omni.physx.plugin] Invalid PhysX transform detected for /World/Stem/Stress_50_09.
2026-07-23 09:52:13 [14,874ms] [Warning] [omni.physx.plugin] Invalid PhysX transform detected for /World/Stem/Stress_50_10.
2026-07-23 09:52:13 [14,874ms] [Warning] [omni.physx.plugin] Invalid PhysX transform detected for /World/Stem/Stress_50_11.
2026-07-23 09:52:13 [14,874ms] [Warning] [omni.physx.plugin] Invalid PhysX transform detected for /World/Stem/Stress_50_12.
2026-07-23 09:52:13 [14,874ms] [Warning] [omni.physx.plugin] Invalid PhysX transform detected for /World/Stem/Stress_50_13.
2026-07-23 09:52:13 [14,874ms] [Warning] [omni.physx.plugin] Invalid PhysX transform detected for /World/Stem/Stress_50_14.
2026-07-23 09:52:13 [14,874ms] [Warning] [omni.physx.plugin] Invalid PhysX transform detected for /World/Stem/Stress_50_15.
2026-07-23 09:52:13 [14,874ms] [Warning] [omni.physx.plugin] Invalid PhysX transform detected for /World/Stem/Stress_50_16.
2026-07-23 09:52:13 [14,874ms] [Warning] [omni.physx.plugin] Invalid PhysX transform detected for /World/Stem/Stress_50_17.
2026-07-23 09:52:13 [14,874ms] [Warning] [omni.physx.plugin] Invalid PhysX transform detected for /World/Stem/Stress_50_18.
2026-07-23 09:52:13 [14,874ms] [Warning] [omni.physx.plugin] Invalid PhysX transform detected for /World/Stem/Stress_50_19.
2026-07-23 09:52:13 [14,874ms] [Warning] [omni.physx.plugin] Invalid PhysX transform detected for /World/Stem/Stress_50_20.
2026-07-23 09:52:13 [14,874ms] [Warning] [omni.physx.plugin] Invalid PhysX transform detected for /World/Stem/Stress_50_21.
2026-07-23 09:52:13 [14,874ms] [Warning] [omni.physx.plugin] Invalid PhysX transform detected for /World/Stem/Stress_50_22.
2026-07-23 09:52:13 [14,874ms] [Warning] [omni.physx.plugin] Invalid PhysX transform detected for /World/Stem/Stress_50_23.
2026-07-23 09:52:13 [14,874ms] [Warning] [omni.physx.plugin] Invalid PhysX transform detected for /World/Stem/Stress_50_24.
2026-07-23 09:52:13 [14,874ms] [Warning] [omni.physx.plugin] Invalid PhysX transform detected for /World/Stem/Stress_50_25.
2026-07-23 09:52:13 [14,874ms] [Warning] [omni.physx.plugin] Invalid PhysX transform detected for /World/Stem/Stress_50_26.
2026-07-23 09:52:13 [14,874ms] [Warning] [omni.physx.plugin] Invalid PhysX transform detected for /World/Stem/Stress_50_27.
2026-07-23 09:52:13 [14,874ms] [Warning] [omni.physx.plugin] Invalid PhysX transform detected for /World/Stem/Stress_50_28.
2026-07-23 09:52:13 [14,874ms] [Warning] [omni.physx.plugin] Invalid PhysX transform detected for /World/Stem/Stress_50_29.
2026-07-23 09:52:13 [14,874ms] [Warning] [omni.physx.plugin] Invalid PhysX transform detected for /World/Stem/Stress_50_30.
2026-07-23 09:52:13 [14,874ms] [Warning] [omni.physx.plugin] Invalid PhysX transform detected for /World/Stem/Stress_50_31.
2026-07-23 09:52:13 [14,874ms] [Warning] [omni.physx.plugin] Invalid PhysX transform detected for /World/Stem/Stress_50_32.
2026-07-23 09:52:13 [14,874ms] [Warning] [omni.physx.plugin] Invalid PhysX transform detected for /World/Stem/Stress_50_33.
2026-07-23 09:52:13 [14,874ms] [Warning] [omni.physx.plugin] Invalid PhysX transform detected for /World/Stem/Stress_50_34.
2026-07-23 09:52:13 [14,874ms] [Warning] [omni.physx.plugin] Invalid PhysX transform detected for /World/Stem/Stress_50_35.
2026-07-23 09:52:13 [14,874ms] [Warning] [omni.physx.plugin] Invalid PhysX transform detected for /World/Stem/Stress_50_36.
2026-07-23 09:52:13 [14,874ms] [Warning] [omni.physx.plugin] Invalid PhysX transform detected for /World/Stem/Stress_50_37.
2026-07-23 09:52:13 [14,874ms] [Warning] [omni.physx.plugin] Invalid PhysX transform detected for /World/Stem/Stress_50_38.
2026-07-23 09:52:13 [14,874ms] [Warning] [omni.physx.plugin] Invalid PhysX transform detected for /World/Stem/Stress_50_39.
2026-07-23 09:52:13 [14,874ms] [Warning] [omni.physx.plugin] Invalid PhysX transform detected for /World/Stem/Stress_50_40.
2026-07-23 09:52:13 [14,874ms] [Warning] [omni.physx.plugin] Invalid PhysX transform detected for /World/Stem/Stress_50_41.
2026-07-23 09:52:13 [14,874ms] [Warning] [omni.physx.plugin] Invalid PhysX transform detected for /World/Stem/Stress_50_42.
2026-07-23 09:52:13 [14,874ms] [Warning] [omni.physx.plugin] Invalid PhysX transform detected for /World/Stem/Stress_50_43.
2026-07-23 09:52:13 [14,874ms] [Warning] [omni.physx.plugin] Invalid PhysX transform detected for /World/Stem/Stress_50_44.
2026-07-23 09:52:13 [14,874ms] [Warning] [omni.physx.plugin] Invalid PhysX transform detected for /World/Stem/Stress_50_45.
2026-07-23 09:52:13 [14,874ms] [Warning] [omni.physx.plugin] Invalid PhysX transform detected for /World/Stem/Stress_50_46.
2026-07-23 09:52:13 [14,874ms] [Warning] [omni.physx.plugin] Invalid PhysX transform detected for /World/Stem/Stress_50_47.
2026-07-23 09:52:13 [14,874ms] [Warning] [omni.physx.plugin] Invalid PhysX transform detected for /World/Stem/Stress_50_48.
2026-07-23 09:52:13 [14,874ms] [Warning] [omni.physx.plugin] Invalid PhysX transform detected for /World/Stem/Stress_50_49.
2026-07-23 09:52:13 [14,874ms] [Warning] [omni.physx.plugin] Invalid PhysX transform detected for /World/Stem/Fruit_Stress_50_base.
2026-07-23 09:52:13 [14,874ms] [Warning] [omni.physx.plugin] Invalid PhysX transform detected for /World/Stem/Fruit_Stress_50_tip.
2026-07-23 09:52:13 [14,874ms] [Warning] [omni.physx.plugin] Invalid PhysX transform detected for /World/Stem/Fruit_Stress_50.
2026-07-23 09:52:13 [14,893ms] [Warning] [omni.physx.plugin] Invalid PhysX transform detected for /World/Stem/Stress_50_00.
2026-07-23 09:52:13 [14,893ms] [Warning] [omni.physx.plugin] Invalid PhysX transform detected for /World/Stem/Stress_50_01.
2026-07-23 09:52:13 [14,893ms] [Warning] [omni.physx.plugin] Invalid PhysX transform detected for /World/Stem/Stress_50_02.
2026-07-23 09:52:13 [14,893ms] [Warning] [omni.physx.plugin] Invalid PhysX transform detected for /World/Stem/Stress_50_03.
2026-07-23 09:52:13 [14,893ms] [Warning] [omni.physx.plugin] Invalid PhysX transform detected for /World/Stem/Stress_50_04.
2026-07-23 09:52:13 [14,893ms] [Warning] [omni.physx.plugin] Invalid PhysX transform detected for /World/Stem/Stress_50_05.
2026-07-23 09:52:13 [14,893ms] [Warning] [omni.physx.plugin] Invalid PhysX transform detected for /World/Stem/Stress_50_06.
2026-07-23 09:52:13 [14,893ms] [Warning] [omni.physx.plugin] Invalid PhysX transform detected for /World/Stem/Stress_50_07.
2026-07-23 09:52:13 [14,893ms] [Warning] [omni.physx.plugin] Invalid PhysX transform detected for /World/Stem/Stress_50_08.
2026-07-23 09:52:13 [14,893ms] [Warning] [omni.physx.plugin] Invalid PhysX transform detected for /World/Stem/Stress_50_09.
2026-07-23 09:52:13 [14,893ms] [Warning] [omni.physx.plugin] Invalid PhysX transform detected for /World/Stem/Stress_50_10.
2026-07-23 09:52:13 [14,893ms] [Warning] [omni.physx.plugin] Invalid PhysX transform detected for /World/Stem/Stress_50_11.
2026-07-23 09:52:13 [14,893ms] [Warning] [omni.physx.plugin] Invalid PhysX transform detected for /World/Stem/Stress_50_12.
2026-07-23 09:52:13 [14,893ms] [Warning] [omni.physx.plugin] Invalid PhysX transform detected for /World/Stem/Stress_50_13.
2026-07-23 09:52:13 [14,893ms] [Warning] [omni.physx.plugin] Invalid PhysX transform detected for /World/Stem/Stress_50_14.
2026-07-23 09:52:13 [14,893ms] [Warning] [omni.physx.plugin] Invalid PhysX transform detected for /World/Stem/Stress_50_15.
2026-07-23 09:52:13 [14,893ms] [Warning] [omni.physx.plugin] Invalid PhysX transform detected for /World/Stem/Stress_50_16.
2026-07-23 09:52:13 [14,893ms] [Warning] [omni.physx.plugin] Invalid PhysX transform detected for /World/Stem/Stress_50_17.
2026-07-23 09:52:13 [14,893ms] [Warning] [omni.physx.plugin] Invalid PhysX transform detected for /World/Stem/Stress_50_18.
2026-07-23 09:52:13 [14,893ms] [Warning] [omni.physx.plugin] Invalid PhysX transform detected for /World/Stem/Stress_50_19.
2026-07-23 09:52:13 [14,893ms] [Warning] [omni.physx.plugin] Invalid PhysX transform detected for /World/Stem/Stress_50_20.
2026-07-23 09:52:13 [14,893ms] [Warning] [omni.physx.plugin] Invalid PhysX transform detected for /World/Stem/Stress_50_21.
2026-07-23 09:52:13 [14,893ms] [Warning] [omni.physx.plugin] Invalid PhysX transform detected for /World/Stem/Stress_50_22.
2026-07-23 09:52:13 [14,893ms] [Warning] [omni.physx.plugin] Invalid PhysX transform detected for /World/Stem/Stress_50_23.
2026-07-23 09:52:13 [14,893ms] [Warning] [omni.physx.plugin] Invalid PhysX transform detected for /World/Stem/Stress_50_24.
2026-07-23 09:52:13 [14,893ms] [Warning] [omni.physx.plugin] Invalid PhysX transform detected for /World/Stem/Stress_50_25.
2026-07-23 09:52:13 [14,893ms] [Warning] [omni.physx.plugin] Invalid PhysX transform detected for /World/Stem/Stress_50_26.
2026-07-23 09:52:13 [14,893ms] [Warning] [omni.physx.plugin] Invalid PhysX transform detected for /World/Stem/Stress_50_27.
2026-07-23 09:52:13 [14,893ms] [Warning] [omni.physx.plugin] Invalid PhysX transform detected for /World/Stem/Stress_50_28.
2026-07-23 09:52:13 [14,893ms] [Warning] [omni.physx.plugin] Invalid PhysX transform detected for /World/Stem/Stress_50_29.
2026-07-23 09:52:13 [14,893ms] [Warning] [omni.physx.plugin] Invalid PhysX transform detected for /World/Stem/Stress_50_30.
2026-07-23 09:52:13 [14,893ms] [Warning] [omni.physx.plugin] Invalid PhysX transform detected for /World/Stem/Stress_50_31.
2026-07-23 09:52:13 [14,893ms] [Warning] [omni.physx.plugin] Invalid PhysX transform detected for /World/Stem/Stress_50_32.
2026-07-23 09:52:13 [14,893ms] [Warning] [omni.physx.plugin] Invalid PhysX transform detected for /World/Stem/Stress_50_33.
2026-07-23 09:52:13 [14,893ms] [Warning] [omni.physx.plugin] Invalid PhysX transform detected for /World/Stem/Stress_50_34.
2026-07-23 09:52:13 [14,893ms] [Warning] [omni.physx.plugin] Invalid PhysX transform detected for /World/Stem/Stress_50_35.
2026-07-23 09:52:13 [14,893ms] [Warning] [omni.physx.plugin] Invalid PhysX transform detected for /World/Stem/Stress_50_36.
2026-07-23 09:52:13 [14,893ms] [Warning] [omni.physx.plugin] Invalid PhysX transform detected for /World/Stem/Stress_50_37.
2026-07-23 09:52:13 [14,893ms] [Warning] [omni.physx.plugin] Invalid PhysX transform detected for /World/Stem/Stress_50_38.
2026-07-23 09:52:13 [14,893ms] [Warning] [omni.physx.plugin] Invalid PhysX transform detected for /World/Stem/Stress_50_39.
2026-07-23 09:52:13 [14,893ms] [Warning] [omni.physx.plugin] Invalid PhysX transform detected for /World/Stem/Stress_50_40.
2026-07-23 09:52:13 [14,893ms] [Warning] [omni.physx.plugin] Invalid PhysX transform detected for /World/Stem/Stress_50_41.
2026-07-23 09:52:13 [14,893ms] [Warning] [omni.physx.plugin] Invalid PhysX transform detected for /World/Stem/Stress_50_42.
2026-07-23 09:52:13 [14,893ms] [Warning] [omni.physx.plugin] Invalid PhysX transform detected for /World/Stem/Stress_50_43.
2026-07-23 09:52:13 [14,893ms] [Warning] [omni.physx.plugin] Invalid PhysX transform detected for /World/Stem/Stress_50_44.
2026-07-23 09:52:13 [14,893ms] [Warning] [omni.physx.plugin] Invalid PhysX transform detected for /World/Stem/Stress_50_45.
2026-07-23 09:52:13 [14,893ms] [Warning] [omni.physx.plugin] Invalid PhysX transform detected for /World/Stem/Stress_50_46.
2026-07-23 09:52:13 [14,893ms] [Warning] [omni.physx.plugin] Invalid PhysX transform detected for /World/Stem/Stress_50_47.
2026-07-23 09:52:13 [14,893ms] [Warning] [omni.physx.plugin] Invalid PhysX transform detected for /World/Stem/Stress_50_48.
2026-07-23 09:52:13 [14,893ms] [Warning] [omni.physx.plugin] Invalid PhysX transform detected for /World/Stem/Stress_50_49.
2026-07-23 09:52:13 [14,893ms] [Warning] [omni.physx.plugin] Invalid PhysX transform detected for /World/Stem/Fruit_Stress_50_base.
2026-07-23 09:52:13 [14,893ms] [Warning] [omni.physx.plugin] Invalid PhysX transform detected for /World/Stem/Fruit_Stress_50_tip.
2026-07-23 09:52:13 [14,893ms] [Warning] [omni.physx.plugin] Invalid PhysX transform detected for /World/Stem/Fruit_Stress_50.
2026-07-23 09:52:13 [14,912ms] [Warning] [omni.physx.plugin] Invalid PhysX transform detected for /World/Stem/Stress_50_00.
2026-07-23 09:52:13 [14,912ms] [Warning] [omni.physx.plugin] Invalid PhysX transform detected for /World/Stem/Stress_50_01.
2026-07-23 09:52:13 [14,912ms] [Warning] [omni.physx.plugin] Invalid PhysX transform detected for /World/Stem/Stress_50_02.
2026-07-23 09:52:13 [14,912ms] [Warning] [omni.physx.plugin] Invalid PhysX transform detected for /World/Stem/Stress_50_03.
2026-07-23 09:52:13 [14,912ms] [Warning] [omni.physx.plugin] Invalid PhysX transform detected for /World/Stem/Stress_50_04.
2026-07-23 09:52:13 [14,912ms] [Warning] [omni.physx.plugin] Invalid PhysX transform detected for /World/Stem/Stress_50_05.
2026-07-23 09:52:13 [14,912ms] [Warning] [omni.physx.plugin] Invalid PhysX transform detected for /World/Stem/Stress_50_06.
2026-07-23 09:52:13 [14,912ms] [Warning] [omni.physx.plugin] Invalid PhysX transform detected for /World/Stem/Stress_50_07.
2026-07-23 09:52:13 [14,912ms] [Warning] [omni.physx.plugin] Invalid PhysX transform detected for /World/Stem/Stress_50_08.
2026-07-23 09:52:13 [14,912ms] [Warning] [omni.physx.plugin] Invalid PhysX transform detected for /World/Stem/Stress_50_09.
2026-07-23 09:52:13 [14,912ms] [Warning] [omni.physx.plugin] Invalid PhysX transform detected for /World/Stem/Stress_50_10.
2026-07-23 09:52:13 [14,912ms] [Warning] [omni.physx.plugin] Invalid PhysX transform detected for /World/Stem/Stress_50_11.
2026-07-23 09:52:13 [14,912ms] [Warning] [omni.physx.plugin] Invalid PhysX transform detected for /World/Stem/Stress_50_12.
2026-07-23 09:52:13 [14,912ms] [Warning] [omni.physx.plugin] Invalid PhysX transform detected for /World/Stem/Stress_50_13.
2026-07-23 09:52:13 [14,912ms] [Warning] [omni.physx.plugin] Invalid PhysX transform detected for /World/Stem/Stress_50_14.
2026-07-23 09:52:13 [14,912ms] [Warning] [omni.physx.plugin] Invalid PhysX transform detected for /World/Stem/Stress_50_15.
2026-07-23 09:52:13 [14,912ms] [Warning] [omni.physx.plugin] Invalid PhysX transform detected for /World/Stem/Stress_50_16.
2026-07-23 09:52:13 [14,912ms] [Warning] [omni.physx.plugin] Invalid PhysX transform detected for /World/Stem/Stress_50_17.
2026-07-23 09:52:13 [14,912ms] [Warning] [omni.physx.plugin] Invalid PhysX transform detected for /World/Stem/Stress_50_18.
2026-07-23 09:52:13 [14,912ms] [Warning] [omni.physx.plugin] Invalid PhysX transform detected for /World/Stem/Stress_50_19.
2026-07-23 09:52:13 [14,912ms] [Warning] [omni.physx.plugin] Invalid PhysX transform detected for /World/Stem/Stress_50_20.
2026-07-23 09:52:13 [14,912ms] [Warning] [omni.physx.plugin] Invalid PhysX transform detected for /World/Stem/Stress_50_21.
2026-07-23 09:52:13 [14,912ms] [Warning] [omni.physx.plugin] Invalid PhysX transform detected for /World/Stem/Stress_50_22.
2026-07-23 09:52:13 [14,912ms] [Warning] [omni.physx.plugin] Invalid PhysX transform detected for /World/Stem/Stress_50_23.
2026-07-23 09:52:13 [14,912ms] [Warning] [omni.physx.plugin] Invalid PhysX transform detected for /World/Stem/Stress_50_24.
2026-07-23 09:52:13 [14,912ms] [Warning] [omni.physx.plugin] Invalid PhysX transform detected for /World/Stem/Stress_50_25.
2026-07-23 09:52:13 [14,912ms] [Warning] [omni.physx.plugin] Invalid PhysX transform detected for /World/Stem/Stress_50_26.
2026-07-23 09:52:13 [14,912ms] [Warning] [omni.physx.plugin] Invalid PhysX transform detected for /World/Stem/Stress_50_27.
2026-07-23 09:52:13 [14,912ms] [Warning] [omni.physx.plugin] Invalid PhysX transform detected for /World/Stem/Stress_50_28.
2026-07-23 09:52:13 [14,912ms] [Warning] [omni.physx.plugin] Invalid PhysX transform detected for /World/Stem/Stress_50_29.
2026-07-23 09:52:13 [14,912ms] [Warning] [omni.physx.plugin] Invalid PhysX transform detected for /World/Stem/Stress_50_30.
2026-07-23 09:52:13 [14,912ms] [Warning] [omni.physx.plugin] Invalid PhysX transform detected for /World/Stem/Stress_50_31.
2026-07-23 09:52:13 [14,912ms] [Warning] [omni.physx.plugin] Invalid PhysX transform detected for /World/Stem/Stress_50_32.
2026-07-23 09:52:13 [14,912ms] [Warning] [omni.physx.plugin] Invalid PhysX transform detected for /World/Stem/Stress_50_33.
2026-07-23 09:52:13 [14,912ms] [Warning] [omni.physx.plugin] Invalid PhysX transform detected for /World/Stem/Stress_50_34.
2026-07-23 09:52:13 [14,912ms] [Warning] [omni.physx.plugin] Invalid PhysX transform detected for /World/Stem/Stress_50_35.
2026-07-23 09:52:13 [14,912ms] [Warning] [omni.physx.plugin] Invalid PhysX transform detected for /World/Stem/Stress_50_36.
2026-07-23 09:52:13 [14,912ms] [Warning] [omni.physx.plugin] Invalid PhysX transform detected for /World/Stem/Stress_50_37.
2026-07-23 09:52:13 [14,912ms] [Warning] [omni.physx.plugin] Invalid PhysX transform detected for /World/Stem/Stress_50_38.
2026-07-23 09:52:13 [14,912ms] [Warning] [omni.physx.plugin] Invalid PhysX transform detected for /World/Stem/Stress_50_39.
2026-07-23 09:52:13 [14,912ms] [Warning] [omni.physx.plugin] Invalid PhysX transform detected for /World/Stem/Stress_50_40.
2026-07-23 09:52:13 [14,912ms] [Warning] [omni.physx.plugin] Invalid PhysX transform detected for /World/Stem/Stress_50_41.
2026-07-23 09:52:13 [14,912ms] [Warning] [omni.physx.plugin] Invalid PhysX transform detected for /World/Stem/Stress_50_42.
2026-07-23 09:52:13 [14,912ms] [Warning] [omni.physx.plugin] Invalid PhysX transform detected for /World/Stem/Stress_50_43.
2026-07-23 09:52:13 [14,912ms] [Warning] [omni.physx.plugin] Invalid PhysX transform detected for /World/Stem/Stress_50_44.
2026-07-23 09:52:13 [14,912ms] [Warning] [omni.physx.plugin] Invalid PhysX transform detected for /World/Stem/Stress_50_45.
2026-07-23 09:52:13 [14,912ms] [Warning] [omni.physx.plugin] Invalid PhysX transform detected for /World/Stem/Stress_50_46.
2026-07-23 09:52:13 [14,912ms] [Warning] [omni.physx.plugin] Invalid PhysX transform detected for /World/Stem/Stress_50_47.
2026-07-23 09:52:13 [14,912ms] [Warning] [omni.physx.plugin] Invalid PhysX transform detected for /World/Stem/Stress_50_48.
2026-07-23 09:52:13 [14,912ms] [Warning] [omni.physx.plugin] Invalid PhysX transform detected for /World/Stem/Stress_50_49.
2026-07-23 09:52:13 [14,912ms] [Warning] [omni.physx.plugin] Invalid PhysX transform detected for /World/Stem/Fruit_Stress_50_base.
2026-07-23 09:52:13 [14,912ms] [Warning] [omni.physx.plugin] Invalid PhysX transform detected for /World/Stem/Fruit_Stress_50_tip.
2026-07-23 09:52:13 [14,912ms] [Warning] [omni.physx.plugin] Invalid PhysX transform detected for /World/Stem/Fruit_Stress_50.
2026-07-23 09:52:13 [14,930ms] [Warning] [omni.physx.plugin] Invalid PhysX transform detected for /World/Stem/Stress_50_00.
2026-07-23 09:52:13 [14,930ms] [Warning] [omni.physx.plugin] Invalid PhysX transform detected for /World/Stem/Stress_50_01.
2026-07-23 09:52:13 [14,930ms] [Warning] [omni.physx.plugin] Invalid PhysX transform detected for /World/Stem/Stress_50_02.
2026-07-23 09:52:13 [14,930ms] [Warning] [omni.physx.plugin] Invalid PhysX transform detected for /World/Stem/Stress_50_03.
2026-07-23 09:52:13 [14,930ms] [Warning] [omni.physx.plugin] Invalid PhysX transform detected for /World/Stem/Stress_50_04.
2026-07-23 09:52:13 [14,930ms] [Warning] [omni.physx.plugin] Invalid PhysX transform detected for /World/Stem/Stress_50_05.
2026-07-23 09:52:13 [14,930ms] [Warning] [omni.physx.plugin] Invalid PhysX transform detected for /World/Stem/Stress_50_06.
2026-07-23 09:52:13 [14,930ms] [Warning] [omni.physx.plugin] Invalid PhysX transform detected for /World/Stem/Stress_50_07.
2026-07-23 09:52:13 [14,930ms] [Warning] [omni.physx.plugin] Invalid PhysX transform detected for /World/Stem/Stress_50_08.
2026-07-23 09:52:13 [14,930ms] [Warning] [omni.physx.plugin] Invalid PhysX transform detected for /World/Stem/Stress_50_09.
2026-07-23 09:52:13 [14,930ms] [Warning] [omni.physx.plugin] Invalid PhysX transform detected for /World/Stem/Stress_50_10.
2026-07-23 09:52:13 [14,930ms] [Warning] [omni.physx.plugin] Invalid PhysX transform detected for /World/Stem/Stress_50_11.
2026-07-23 09:52:13 [14,930ms] [Warning] [omni.physx.plugin] Invalid PhysX transform detected for /World/Stem/Stress_50_12.
2026-07-23 09:52:13 [14,930ms] [Warning] [omni.physx.plugin] Invalid PhysX transform detected for /World/Stem/Stress_50_13.
2026-07-23 09:52:13 [14,930ms] [Warning] [omni.physx.plugin] Invalid PhysX transform detected for /World/Stem/Stress_50_14.
2026-07-23 09:52:13 [14,930ms] [Warning] [omni.physx.plugin] Invalid PhysX transform detected for /World/Stem/Stress_50_15.
2026-07-23 09:52:13 [14,930ms] [Warning] [omni.physx.plugin] Invalid PhysX transform detected for /World/Stem/Stress_50_16.
2026-07-23 09:52:13 [14,930ms] [Warning] [omni.physx.plugin] Invalid PhysX transform detected for /World/Stem/Stress_50_17.
2026-07-23 09:52:13 [14,930ms] [Warning] [omni.physx.plugin] Invalid PhysX transform detected for /World/Stem/Stress_50_18.
2026-07-23 09:52:13 [14,930ms] [Warning] [omni.physx.plugin] Invalid PhysX transform detected for /World/Stem/Stress_50_19.
2026-07-23 09:52:13 [14,930ms] [Warning] [omni.physx.plugin] Invalid PhysX transform detected for /World/Stem/Stress_50_20.
2026-07-23 09:52:13 [14,930ms] [Warning] [omni.physx.plugin] Invalid PhysX transform detected for /World/Stem/Stress_50_21.
2026-07-23 09:52:13 [14,930ms] [Warning] [omni.physx.plugin] Invalid PhysX transform detected for /World/Stem/Stress_50_22.
2026-07-23 09:52:13 [14,930ms] [Warning] [omni.physx.plugin] Invalid PhysX transform detected for /World/Stem/Stress_50_23.
2026-07-23 09:52:13 [14,930ms] [Warning] [omni.physx.plugin] Invalid PhysX transform detected for /World/Stem/Stress_50_24.
2026-07-23 09:52:13 [14,930ms] [Warning] [omni.physx.plugin] Invalid PhysX transform detected for /World/Stem/Stress_50_25.
2026-07-23 09:52:13 [14,930ms] [Warning] [omni.physx.plugin] Invalid PhysX transform detected for /World/Stem/Stress_50_26.
2026-07-23 09:52:13 [14,930ms] [Warning] [omni.physx.plugin] Invalid PhysX transform detected for /World/Stem/Stress_50_27.
2026-07-23 09:52:13 [14,930ms] [Warning] [omni.physx.plugin] Invalid PhysX transform detected for /World/Stem/Stress_50_28.
2026-07-23 09:52:13 [14,930ms] [Warning] [omni.physx.plugin] Invalid PhysX transform detected for /World/Stem/Stress_50_29.
2026-07-23 09:52:13 [14,930ms] [Warning] [omni.physx.plugin] Invalid PhysX transform detected for /World/Stem/Stress_50_30.
2026-07-23 09:52:13 [14,930ms] [Warning] [omni.physx.plugin] Invalid PhysX transform detected for /World/Stem/Stress_50_31.
2026-07-23 09:52:13 [14,930ms] [Warning] [omni.physx.plugin] Invalid PhysX transform detected for /World/Stem/Stress_50_32.
2026-07-23 09:52:13 [14,930ms] [Warning] [omni.physx.plugin] Invalid PhysX transform detected for /World/Stem/Stress_50_33.
2026-07-23 09:52:13 [14,930ms] [Warning] [omni.physx.plugin] Invalid PhysX transform detected for /World/Stem/Stress_50_34.
2026-07-23 09:52:13 [14,930ms] [Warning] [omni.physx.plugin] Invalid PhysX transform detected for /World/Stem/Stress_50_35.
2026-07-23 09:52:13 [14,930ms] [Warning] [omni.physx.plugin] Invalid PhysX transform detected for /World/Stem/Stress_50_36.
2026-07-23 09:52:13 [14,930ms] [Warning] [omni.physx.plugin] Invalid PhysX transform detected for /World/Stem/Stress_50_37.
2026-07-23 09:52:13 [14,930ms] [Warning] [omni.physx.plugin] Invalid PhysX transform detected for /World/Stem/Stress_50_38.
2026-07-23 09:52:13 [14,930ms] [Warning] [omni.physx.plugin] Invalid PhysX transform detected for /World/Stem/Stress_50_39.
2026-07-23 09:52:13 [14,931ms] [Warning] [omni.physx.plugin] Invalid PhysX transform detected for /World/Stem/Stress_50_40.
2026-07-23 09:52:13 [14,931ms] [Warning] [omni.physx.plugin] Invalid PhysX transform detected for /World/Stem/Stress_50_41.
2026-07-23 09:52:13 [14,931ms] [Warning] [omni.physx.plugin] Invalid PhysX transform detected for /World/Stem/Stress_50_42.
2026-07-23 09:52:13 [14,931ms] [Warning] [omni.physx.plugin] Invalid PhysX transform detected for /World/Stem/Stress_50_43.
2026-07-23 09:52:13 [14,931ms] [Warning] [omni.physx.plugin] Invalid PhysX transform detected for /World/Stem/Stress_50_44.
2026-07-23 09:52:13 [14,931ms] [Warning] [omni.physx.plugin] Invalid PhysX transform detected for /World/Stem/Stress_50_45.
2026-07-23 09:52:13 [14,931ms] [Warning] [omni.physx.plugin] Invalid PhysX transform detected for /World/Stem/Stress_50_46.
2026-07-23 09:52:13 [14,931ms] [Warning] [omni.physx.plugin] Invalid PhysX transform detected for /World/Stem/Stress_50_47.
2026-07-23 09:52:13 [14,931ms] [Warning] [omni.physx.plugin] Invalid PhysX transform detected for /World/Stem/Stress_50_48.
2026-07-23 09:52:13 [14,931ms] [Warning] [omni.physx.plugin] Invalid PhysX transform detected for /World/Stem/Stress_50_49.
2026-07-23 09:52:13 [14,931ms] [Warning] [omni.physx.plugin] Invalid PhysX transform detected for /World/Stem/Fruit_Stress_50_base.
2026-07-23 09:52:13 [14,931ms] [Warning] [omni.physx.plugin] Invalid PhysX transform detected for /World/Stem/Fruit_Stress_50_tip.
2026-07-23 09:52:13 [14,931ms] [Warning] [omni.physx.plugin] Invalid PhysX transform detected for /World/Stem/Fruit_Stress_50.
2026-07-23 09:52:13 [14,949ms] [Warning] [omni.physx.plugin] Invalid PhysX transform detected for /World/Stem/Stress_50_00.
2026-07-23 09:52:13 [14,949ms] [Warning] [omni.physx.plugin] Invalid PhysX transform detected for /World/Stem/Stress_50_01.
2026-07-23 09:52:13 [14,949ms] [Warning] [omni.physx.plugin] Invalid PhysX transform detected for /World/Stem/Stress_50_02.
2026-07-23 09:52:13 [14,949ms] [Warning] [omni.physx.plugin] Invalid PhysX transform detected for /World/Stem/Stress_50_03.
2026-07-23 09:52:13 [14,949ms] [Warning] [omni.physx.plugin] Invalid PhysX transform detected for /World/Stem/Stress_50_04.
2026-07-23 09:52:13 [14,949ms] [Warning] [omni.physx.plugin] Invalid PhysX transform detected for /World/Stem/Stress_50_05.
2026-07-23 09:52:13 [14,949ms] [Warning] [omni.physx.plugin] Invalid PhysX transform detected for /World/Stem/Stress_50_06.
2026-07-23 09:52:13 [14,949ms] [Warning] [omni.physx.plugin] Invalid PhysX transform detected for /World/Stem/Stress_50_07.
2026-07-23 09:52:13 [14,949ms] [Warning] [omni.physx.plugin] Invalid PhysX transform detected for /World/Stem/Stress_50_08.
2026-07-23 09:52:13 [14,949ms] [Warning] [omni.physx.plugin] Invalid PhysX transform detected for /World/Stem/Stress_50_09.
2026-07-23 09:52:13 [14,949ms] [Warning] [omni.physx.plugin] Invalid PhysX transform detected for /World/Stem/Stress_50_10.
2026-07-23 09:52:13 [14,949ms] [Warning] [omni.physx.plugin] Invalid PhysX transform detected for /World/Stem/Stress_50_11.
2026-07-23 09:52:13 [14,949ms] [Warning] [omni.physx.plugin] Invalid PhysX transform detected for /World/Stem/Stress_50_12.
2026-07-23 09:52:13 [14,949ms] [Warning] [omni.physx.plugin] Invalid PhysX transform detected for /World/Stem/Stress_50_13.
2026-07-23 09:52:13 [14,949ms] [Warning] [omni.physx.plugin] Invalid PhysX transform detected for /World/Stem/Stress_50_14.
2026-07-23 09:52:13 [14,949ms] [Warning] [omni.physx.plugin] Invalid PhysX transform detected for /World/Stem/Stress_50_15.
2026-07-23 09:52:13 [14,949ms] [Warning] [omni.physx.plugin] Invalid PhysX transform detected for /World/Stem/Stress_50_16.
2026-07-23 09:52:13 [14,949ms] [Warning] [omni.physx.plugin] Invalid PhysX transform detected for /World/Stem/Stress_50_17.
2026-07-23 09:52:13 [14,949ms] [Warning] [omni.physx.plugin] Invalid PhysX transform detected for /World/Stem/Stress_50_18.
2026-07-23 09:52:13 [14,949ms] [Warning] [omni.physx.plugin] Invalid PhysX transform detected for /World/Stem/Stress_50_19.
2026-07-23 09:52:13 [14,949ms] [Warning] [omni.physx.plugin] Invalid PhysX transform detected for /World/Stem/Stress_50_20.
2026-07-23 09:52:13 [14,949ms] [Warning] [omni.physx.plugin] Invalid PhysX transform detected for /World/Stem/Stress_50_21.
2026-07-23 09:52:13 [14,949ms] [Warning] [omni.physx.plugin] Invalid PhysX transform detected for /World/Stem/Stress_50_22.
2026-07-23 09:52:13 [14,949ms] [Warning] [omni.physx.plugin] Invalid PhysX transform detected for /World/Stem/Stress_50_23.
2026-07-23 09:52:13 [14,949ms] [Warning] [omni.physx.plugin] Invalid PhysX transform detected for /World/Stem/Stress_50_24.
2026-07-23 09:52:13 [14,949ms] [Warning] [omni.physx.plugin] Invalid PhysX transform detected for /World/Stem/Stress_50_25.
2026-07-23 09:52:13 [14,949ms] [Warning] [omni.physx.plugin] Invalid PhysX transform detected for /World/Stem/Stress_50_26.
2026-07-23 09:52:13 [14,949ms] [Warning] [omni.physx.plugin] Invalid PhysX transform detected for /World/Stem/Stress_50_27.
2026-07-23 09:52:13 [14,949ms] [Warning] [omni.physx.plugin] Invalid PhysX transform detected for /World/Stem/Stress_50_28.
2026-07-23 09:52:13 [14,949ms] [Warning] [omni.physx.plugin] Invalid PhysX transform detected for /World/Stem/Stress_50_29.
2026-07-23 09:52:13 [14,949ms] [Warning] [omni.physx.plugin] Invalid PhysX transform detected for /World/Stem/Stress_50_30.
2026-07-23 09:52:13 [14,949ms] [Warning] [omni.physx.plugin] Invalid PhysX transform detected for /World/Stem/Stress_50_31.
2026-07-23 09:52:13 [14,949ms] [Warning] [omni.physx.plugin] Invalid PhysX transform detected for /World/Stem/Stress_50_32.
2026-07-23 09:52:13 [14,949ms] [Warning] [omni.physx.plugin] Invalid PhysX transform detected for /World/Stem/Stress_50_33.
2026-07-23 09:52:13 [14,949ms] [Warning] [omni.physx.plugin] Invalid PhysX transform detected for /World/Stem/Stress_50_34.
2026-07-23 09:52:13 [14,949ms] [Warning] [omni.physx.plugin] Invalid PhysX transform detected for /World/Stem/Stress_50_35.
2026-07-23 09:52:13 [14,949ms] [Warning] [omni.physx.plugin] Invalid PhysX transform detected for /World/Stem/Stress_50_36.
2026-07-23 09:52:13 [14,949ms] [Warning] [omni.physx.plugin] Invalid PhysX transform detected for /World/Stem/Stress_50_37.
2026-07-23 09:52:13 [14,949ms] [Warning] [omni.physx.plugin] Invalid PhysX transform detected for /World/Stem/Stress_50_38.
2026-07-23 09:52:13 [14,949ms] [Warning] [omni.physx.plugin] Invalid PhysX transform detected for /World/Stem/Stress_50_39.
2026-07-23 09:52:13 [14,949ms] [Warning] [omni.physx.plugin] Invalid PhysX transform detected for /World/Stem/Stress_50_40.
2026-07-23 09:52:13 [14,949ms] [Warning] [omni.physx.plugin] Invalid PhysX transform detected for /World/Stem/Stress_50_41.
2026-07-23 09:52:13 [14,949ms] [Warning] [omni.physx.plugin] Invalid PhysX transform detected for /World/Stem/Stress_50_42.
2026-07-23 09:52:13 [14,949ms] [Warning] [omni.physx.plugin] Invalid PhysX transform detected for /World/Stem/Stress_50_43.
2026-07-23 09:52:13 [14,949ms] [Warning] [omni.physx.plugin] Invalid PhysX transform detected for /World/Stem/Stress_50_44.
2026-07-23 09:52:13 [14,949ms] [Warning] [omni.physx.plugin] Invalid PhysX transform detected for /World/Stem/Stress_50_45.
2026-07-23 09:52:13 [14,949ms] [Warning] [omni.physx.plugin] Invalid PhysX transform detected for /World/Stem/Stress_50_46.
2026-07-23 09:52:13 [14,949ms] [Warning] [omni.physx.plugin] Invalid PhysX transform detected for /World/Stem/Stress_50_47.
2026-07-23 09:52:13 [14,949ms] [Warning] [omni.physx.plugin] Invalid PhysX transform detected for /World/Stem/Stress_50_48.
2026-07-23 09:52:13 [14,949ms] [Warning] [omni.physx.plugin] Invalid PhysX transform detected for /World/Stem/Stress_50_49.
2026-07-23 09:52:13 [14,949ms] [Warning] [omni.physx.plugin] Invalid PhysX transform detected for /World/Stem/Fruit_Stress_50_base.
2026-07-23 09:52:13 [14,949ms] [Warning] [omni.physx.plugin] Invalid PhysX transform detected for /World/Stem/Fruit_Stress_50_tip.
2026-07-23 09:52:13 [14,949ms] [Warning] [omni.physx.plugin] Invalid PhysX transform detected for /World/Stem/Fruit_Stress_50.
2026-07-23 09:52:13 [14,968ms] [Warning] [omni.physx.plugin] Invalid PhysX transform detected for /World/Stem/Stress_50_00.
2026-07-23 09:52:13 [14,968ms] [Warning] [omni.physx.plugin] Invalid PhysX transform detected for /World/Stem/Stress_50_01.
2026-07-23 09:52:13 [14,968ms] [Warning] [omni.physx.plugin] Invalid PhysX transform detected for /World/Stem/Stress_50_02.
2026-07-23 09:52:13 [14,968ms] [Warning] [omni.physx.plugin] Invalid PhysX transform detected for /World/Stem/Stress_50_03.
2026-07-23 09:52:13 [14,968ms] [Warning] [omni.physx.plugin] Invalid PhysX transform detected for /World/Stem/Stress_50_04.
2026-07-23 09:52:13 [14,968ms] [Warning] [omni.physx.plugin] Invalid PhysX transform detected for /World/Stem/Stress_50_05.
2026-07-23 09:52:13 [14,968ms] [Warning] [omni.physx.plugin] Invalid PhysX transform detected for /World/Stem/Stress_50_06.
2026-07-23 09:52:13 [14,968ms] [Warning] [omni.physx.plugin] Invalid PhysX transform detected for /World/Stem/Stress_50_07.
2026-07-23 09:52:13 [14,968ms] [Warning] [omni.physx.plugin] Invalid PhysX transform detected for /World/Stem/Stress_50_08.
2026-07-23 09:52:13 [14,968ms] [Warning] [omni.physx.plugin] Invalid PhysX transform detected for /World/Stem/Stress_50_09.
2026-07-23 09:52:13 [14,968ms] [Warning] [omni.physx.plugin] Invalid PhysX transform detected for /World/Stem/Stress_50_10.
2026-07-23 09:52:13 [14,968ms] [Warning] [omni.physx.plugin] Invalid PhysX transform detected for /World/Stem/Stress_50_11.
2026-07-23 09:52:13 [14,968ms] [Warning] [omni.physx.plugin] Invalid PhysX transform detected for /World/Stem/Stress_50_12.
2026-07-23 09:52:13 [14,968ms] [Warning] [omni.physx.plugin] Invalid PhysX transform detected for /World/Stem/Stress_50_13.
2026-07-23 09:52:13 [14,968ms] [Warning] [omni.physx.plugin] Invalid PhysX transform detected for /World/Stem/Stress_50_14.
2026-07-23 09:52:13 [14,968ms] [Warning] [omni.physx.plugin] Invalid PhysX transform detected for /World/Stem/Stress_50_15.
2026-07-23 09:52:13 [14,968ms] [Warning] [omni.physx.plugin] Invalid PhysX transform detected for /World/Stem/Stress_50_16.
2026-07-23 09:52:13 [14,968ms] [Warning] [omni.physx.plugin] Invalid PhysX transform detected for /World/Stem/Stress_50_17.
2026-07-23 09:52:13 [14,968ms] [Warning] [omni.physx.plugin] Invalid PhysX transform detected for /World/Stem/Stress_50_18.
2026-07-23 09:52:13 [14,968ms] [Warning] [omni.physx.plugin] Invalid PhysX transform detected for /World/Stem/Stress_50_19.
2026-07-23 09:52:13 [14,968ms] [Warning] [omni.physx.plugin] Invalid PhysX transform detected for /World/Stem/Stress_50_20.
2026-07-23 09:52:13 [14,968ms] [Warning] [omni.physx.plugin] Invalid PhysX transform detected for /World/Stem/Stress_50_21.
2026-07-23 09:52:13 [14,968ms] [Warning] [omni.physx.plugin] Invalid PhysX transform detected for /World/Stem/Stress_50_22.
2026-07-23 09:52:13 [14,968ms] [Warning] [omni.physx.plugin] Invalid PhysX transform detected for /World/Stem/Stress_50_23.
2026-07-23 09:52:13 [14,968ms] [Warning] [omni.physx.plugin] Invalid PhysX transform detected for /World/Stem/Stress_50_24.
2026-07-23 09:52:13 [14,968ms] [Warning] [omni.physx.plugin] Invalid PhysX transform detected for /World/Stem/Stress_50_25.
2026-07-23 09:52:13 [14,968ms] [Warning] [omni.physx.plugin] Invalid PhysX transform detected for /World/Stem/Stress_50_26.
2026-07-23 09:52:13 [14,968ms] [Warning] [omni.physx.plugin] Invalid PhysX transform detected for /World/Stem/Stress_50_27.
2026-07-23 09:52:13 [14,968ms] [Warning] [omni.physx.plugin] Invalid PhysX transform detected for /World/Stem/Stress_50_28.
2026-07-23 09:52:13 [14,968ms] [Warning] [omni.physx.plugin] Invalid PhysX transform detected for /World/Stem/Stress_50_29.
2026-07-23 09:52:13 [14,968ms] [Warning] [omni.physx.plugin] Invalid PhysX transform detected for /World/Stem/Stress_50_30.
2026-07-23 09:52:13 [14,968ms] [Warning] [omni.physx.plugin] Invalid PhysX transform detected for /World/Stem/Stress_50_31.
2026-07-23 09:52:13 [14,968ms] [Warning] [omni.physx.plugin] Invalid PhysX transform detected for /World/Stem/Stress_50_32.
2026-07-23 09:52:13 [14,968ms] [Warning] [omni.physx.plugin] Invalid PhysX transform detected for /World/Stem/Stress_50_33.
2026-07-23 09:52:13 [14,968ms] [Warning] [omni.physx.plugin] Invalid PhysX transform detected for /World/Stem/Stress_50_34.
2026-07-23 09:52:13 [14,968ms] [Warning] [omni.physx.plugin] Invalid PhysX transform detected for /World/Stem/Stress_50_35.
2026-07-23 09:52:13 [14,968ms] [Warning] [omni.physx.plugin] Invalid PhysX transform detected for /World/Stem/Stress_50_36.
2026-07-23 09:52:13 [14,968ms] [Warning] [omni.physx.plugin] Invalid PhysX transform detected for /World/Stem/Stress_50_37.
2026-07-23 09:52:13 [14,968ms] [Warning] [omni.physx.plugin] Invalid PhysX transform detected for /World/Stem/Stress_50_38.
2026-07-23 09:52:13 [14,968ms] [Warning] [omni.physx.plugin] Invalid PhysX transform detected for /World/Stem/Stress_50_39.
2026-07-23 09:52:13 [14,968ms] [Warning] [omni.physx.plugin] Invalid PhysX transform detected for /World/Stem/Stress_50_40.
2026-07-23 09:52:13 [14,968ms] [Warning] [omni.physx.plugin] Invalid PhysX transform detected for /World/Stem/Stress_50_41.
2026-07-23 09:52:13 [14,968ms] [Warning] [omni.physx.plugin] Invalid PhysX transform detected for /World/Stem/Stress_50_42.
2026-07-23 09:52:13 [14,968ms] [Warning] [omni.physx.plugin] Invalid PhysX transform detected for /World/Stem/Stress_50_43.
2026-07-23 09:52:13 [14,968ms] [Warning] [omni.physx.plugin] Invalid PhysX transform detected for /World/Stem/Stress_50_44.
2026-07-23 09:52:13 [14,968ms] [Warning] [omni.physx.plugin] Invalid PhysX transform detected for /World/Stem/Stress_50_45.
2026-07-23 09:52:13 [14,968ms] [Warning] [omni.physx.plugin] Invalid PhysX transform detected for /World/Stem/Stress_50_46.
2026-07-23 09:52:13 [14,968ms] [Warning] [omni.physx.plugin] Invalid PhysX transform detected for /World/Stem/Stress_50_47.
2026-07-23 09:52:13 [14,968ms] [Warning] [omni.physx.plugin] Invalid PhysX transform detected for /World/Stem/Stress_50_48.
2026-07-23 09:52:13 [14,968ms] [Warning] [omni.physx.plugin] Invalid PhysX transform detected for /World/Stem/Stress_50_49.
2026-07-23 09:52:13 [14,968ms] [Warning] [omni.physx.plugin] Invalid PhysX transform detected for /World/Stem/Fruit_Stress_50_base.
2026-07-23 09:52:13 [14,968ms] [Warning] [omni.physx.plugin] Invalid PhysX transform detected for /World/Stem/Fruit_Stress_50_tip.
2026-07-23 09:52:13 [14,968ms] [Warning] [omni.physx.plugin] Invalid PhysX transform detected for /World/Stem/Fruit_Stress_50.
2026-07-23 09:52:13 [14,987ms] [Warning] [omni.physx.plugin] Invalid PhysX transform detected for /World/Stem/Stress_50_00.
2026-07-23 09:52:13 [14,987ms] [Warning] [omni.physx.plugin] Invalid PhysX transform detected for /World/Stem/Stress_50_01.
2026-07-23 09:52:13 [14,987ms] [Warning] [omni.physx.plugin] Invalid PhysX transform detected for /World/Stem/Stress_50_02.
2026-07-23 09:52:13 [14,987ms] [Warning] [omni.physx.plugin] Invalid PhysX transform detected for /World/Stem/Stress_50_03.
2026-07-23 09:52:13 [14,987ms] [Warning] [omni.physx.plugin] Invalid PhysX transform detected for /World/Stem/Stress_50_04.
2026-07-23 09:52:13 [14,987ms] [Warning] [omni.physx.plugin] Invalid PhysX transform detected for /World/Stem/Stress_50_05.
2026-07-23 09:52:13 [14,987ms] [Warning] [omni.physx.plugin] Invalid PhysX transform detected for /World/Stem/Stress_50_06.
2026-07-23 09:52:13 [14,987ms] [Warning] [omni.physx.plugin] Invalid PhysX transform detected for /World/Stem/Stress_50_07.
2026-07-23 09:52:13 [14,987ms] [Warning] [omni.physx.plugin] Invalid PhysX transform detected for /World/Stem/Stress_50_08.
2026-07-23 09:52:13 [14,987ms] [Warning] [omni.physx.plugin] Invalid PhysX transform detected for /World/Stem/Stress_50_09.
2026-07-23 09:52:13 [14,987ms] [Warning] [omni.physx.plugin] Invalid PhysX transform detected for /World/Stem/Stress_50_10.
2026-07-23 09:52:13 [14,987ms] [Warning] [omni.physx.plugin] Invalid PhysX transform detected for /World/Stem/Stress_50_11.
2026-07-23 09:52:13 [14,987ms] [Warning] [omni.physx.plugin] Invalid PhysX transform detected for /World/Stem/Stress_50_12.
2026-07-23 09:52:13 [14,987ms] [Warning] [omni.physx.plugin] Invalid PhysX transform detected for /World/Stem/Stress_50_13.
2026-07-23 09:52:13 [14,987ms] [Warning] [omni.physx.plugin] Invalid PhysX transform detected for /World/Stem/Stress_50_14.
2026-07-23 09:52:13 [14,987ms] [Warning] [omni.physx.plugin] Invalid PhysX transform detected for /World/Stem/Stress_50_15.
2026-07-23 09:52:13 [14,987ms] [Warning] [omni.physx.plugin] Invalid PhysX transform detected for /World/Stem/Stress_50_16.
2026-07-23 09:52:13 [14,987ms] [Warning] [omni.physx.plugin] Invalid PhysX transform detected for /World/Stem/Stress_50_17.
2026-07-23 09:52:13 [14,987ms] [Warning] [omni.physx.plugin] Invalid PhysX transform detected for /World/Stem/Stress_50_18.
2026-07-23 09:52:13 [14,987ms] [Warning] [omni.physx.plugin] Invalid PhysX transform detected for /World/Stem/Stress_50_19.
2026-07-23 09:52:13 [14,987ms] [Warning] [omni.physx.plugin] Invalid PhysX transform detected for /World/Stem/Stress_50_20.
2026-07-23 09:52:13 [14,987ms] [Warning] [omni.physx.plugin] Invalid PhysX transform detected for /World/Stem/Stress_50_21.
2026-07-23 09:52:13 [14,987ms] [Warning] [omni.physx.plugin] Invalid PhysX transform detected for /World/Stem/Stress_50_22.
2026-07-23 09:52:13 [14,987ms] [Warning] [omni.physx.plugin] Invalid PhysX transform detected for /World/Stem/Stress_50_23.
2026-07-23 09:52:13 [14,987ms] [Warning] [omni.physx.plugin] Invalid PhysX transform detected for /World/Stem/Stress_50_24.
2026-07-23 09:52:13 [14,987ms] [Warning] [omni.physx.plugin] Invalid PhysX transform detected for /World/Stem/Stress_50_25.
2026-07-23 09:52:13 [14,987ms] [Warning] [omni.physx.plugin] Invalid PhysX transform detected for /World/Stem/Stress_50_26.
2026-07-23 09:52:13 [14,987ms] [Warning] [omni.physx.plugin] Invalid PhysX transform detected for /World/Stem/Stress_50_27.
2026-07-23 09:52:13 [14,987ms] [Warning] [omni.physx.plugin] Invalid PhysX transform detected for /World/Stem/Stress_50_28.
2026-07-23 09:52:13 [14,987ms] [Warning] [omni.physx.plugin] Invalid PhysX transform detected for /World/Stem/Stress_50_29.
2026-07-23 09:52:13 [14,987ms] [Warning] [omni.physx.plugin] Invalid PhysX transform detected for /World/Stem/Stress_50_30.
2026-07-23 09:52:13 [14,987ms] [Warning] [omni.physx.plugin] Invalid PhysX transform detected for /World/Stem/Stress_50_31.
2026-07-23 09:52:13 [14,987ms] [Warning] [omni.physx.plugin] Invalid PhysX transform detected for /World/Stem/Stress_50_32.
2026-07-23 09:52:13 [14,987ms] [Warning] [omni.physx.plugin] Invalid PhysX transform detected for /World/Stem/Stress_50_33.
2026-07-23 09:52:13 [14,987ms] [Warning] [omni.physx.plugin] Invalid PhysX transform detected for /World/Stem/Stress_50_34.
2026-07-23 09:52:13 [14,987ms] [Warning] [omni.physx.plugin] Invalid PhysX transform detected for /World/Stem/Stress_50_35.
2026-07-23 09:52:13 [14,987ms] [Warning] [omni.physx.plugin] Invalid PhysX transform detected for /World/Stem/Stress_50_36.
2026-07-23 09:52:13 [14,987ms] [Warning] [omni.physx.plugin] Invalid PhysX transform detected for /World/Stem/Stress_50_37.
2026-07-23 09:52:13 [14,987ms] [Warning] [omni.physx.plugin] Invalid PhysX transform detected for /World/Stem/Stress_50_38.
2026-07-23 09:52:13 [14,987ms] [Warning] [omni.physx.plugin] Invalid PhysX transform detected for /World/Stem/Stress_50_39.
2026-07-23 09:52:13 [14,987ms] [Warning] [omni.physx.plugin] Invalid PhysX transform detected for /World/Stem/Stress_50_40.
2026-07-23 09:52:13 [14,987ms] [Warning] [omni.physx.plugin] Invalid PhysX transform detected for /World/Stem/Stress_50_41.
2026-07-23 09:52:13 [14,987ms] [Warning] [omni.physx.plugin] Invalid PhysX transform detected for /World/Stem/Stress_50_42.
2026-07-23 09:52:13 [14,987ms] [Warning] [omni.physx.plugin] Invalid PhysX transform detected for /World/Stem/Stress_50_43.
2026-07-23 09:52:13 [14,987ms] [Warning] [omni.physx.plugin] Invalid PhysX transform detected for /World/Stem/Stress_50_44.
2026-07-23 09:52:13 [14,987ms] [Warning] [omni.physx.plugin] Invalid PhysX transform detected for /World/Stem/Stress_50_45.
2026-07-23 09:52:13 [14,987ms] [Warning] [omni.physx.plugin] Invalid PhysX transform detected for /World/Stem/Stress_50_46.
2026-07-23 09:52:13 [14,987ms] [Warning] [omni.physx.plugin] Invalid PhysX transform detected for /World/Stem/Stress_50_47.
2026-07-23 09:52:13 [14,987ms] [Warning] [omni.physx.plugin] Invalid PhysX transform detected for /World/Stem/Stress_50_48.
2026-07-23 09:52:13 [14,987ms] [Warning] [omni.physx.plugin] Invalid PhysX transform detected for /World/Stem/Stress_50_49.
2026-07-23 09:52:13 [14,987ms] [Warning] [omni.physx.plugin] Invalid PhysX transform detected for /World/Stem/Fruit_Stress_50_base.
2026-07-23 09:52:13 [14,987ms] [Warning] [omni.physx.plugin] Invalid PhysX transform detected for /World/Stem/Fruit_Stress_50_tip.
2026-07-23 09:52:13 [14,987ms] [Warning] [omni.physx.plugin] Invalid PhysX transform detected for /World/Stem/Fruit_Stress_50.
2026-07-23 09:52:13 [15,005ms] [Warning] [omni.physx.plugin] Invalid PhysX transform detected for /World/Stem/Stress_50_00.
2026-07-23 09:52:13 [15,005ms] [Warning] [omni.physx.plugin] Invalid PhysX transform detected for /World/Stem/Stress_50_01.
2026-07-23 09:52:13 [15,005ms] [Warning] [omni.physx.plugin] Invalid PhysX transform detected for /World/Stem/Stress_50_02.
2026-07-23 09:52:13 [15,005ms] [Warning] [omni.physx.plugin] Invalid PhysX transform detected for /World/Stem/Stress_50_03.
2026-07-23 09:52:13 [15,005ms] [Warning] [omni.physx.plugin] Invalid PhysX transform detected for /World/Stem/Stress_50_04.
2026-07-23 09:52:13 [15,005ms] [Warning] [omni.physx.plugin] Invalid PhysX transform detected for /World/Stem/Stress_50_05.
2026-07-23 09:52:13 [15,005ms] [Warning] [omni.physx.plugin] Invalid PhysX transform detected for /World/Stem/Stress_50_06.
2026-07-23 09:52:13 [15,005ms] [Warning] [omni.physx.plugin] Invalid PhysX transform detected for /World/Stem/Stress_50_07.
2026-07-23 09:52:13 [15,005ms] [Warning] [omni.physx.plugin] Invalid PhysX transform detected for /World/Stem/Stress_50_08.
2026-07-23 09:52:13 [15,005ms] [Warning] [omni.physx.plugin] Invalid PhysX transform detected for /World/Stem/Stress_50_09.
2026-07-23 09:52:13 [15,005ms] [Warning] [omni.physx.plugin] Invalid PhysX transform detected for /World/Stem/Stress_50_10.
2026-07-23 09:52:13 [15,005ms] [Warning] [omni.physx.plugin] Invalid PhysX transform detected for /World/Stem/Stress_50_11.
2026-07-23 09:52:13 [15,005ms] [Warning] [omni.physx.plugin] Invalid PhysX transform detected for /World/Stem/Stress_50_12.
2026-07-23 09:52:13 [15,005ms] [Warning] [omni.physx.plugin] Invalid PhysX transform detected for /World/Stem/Stress_50_13.
2026-07-23 09:52:13 [15,005ms] [Warning] [omni.physx.plugin] Invalid PhysX transform detected for /World/Stem/Stress_50_14.
2026-07-23 09:52:13 [15,005ms] [Warning] [omni.physx.plugin] Invalid PhysX transform detected for /World/Stem/Stress_50_15.
2026-07-23 09:52:13 [15,005ms] [Warning] [omni.physx.plugin] Invalid PhysX transform detected for /World/Stem/Stress_50_16.
2026-07-23 09:52:13 [15,005ms] [Warning] [omni.physx.plugin] Invalid PhysX transform detected for /World/Stem/Stress_50_17.
2026-07-23 09:52:13 [15,005ms] [Warning] [omni.physx.plugin] Invalid PhysX transform detected for /World/Stem/Stress_50_18.
2026-07-23 09:52:13 [15,005ms] [Warning] [omni.physx.plugin] Invalid PhysX transform detected for /World/Stem/Stress_50_19.
2026-07-23 09:52:13 [15,005ms] [Warning] [omni.physx.plugin] Invalid PhysX transform detected for /World/Stem/Stress_50_20.
2026-07-23 09:52:13 [15,005ms] [Warning] [omni.physx.plugin] Invalid PhysX transform detected for /World/Stem/Stress_50_21.
2026-07-23 09:52:13 [15,005ms] [Warning] [omni.physx.plugin] Invalid PhysX transform detected for /World/Stem/Stress_50_22.
2026-07-23 09:52:13 [15,005ms] [Warning] [omni.physx.plugin] Invalid PhysX transform detected for /World/Stem/Stress_50_23.
2026-07-23 09:52:13 [15,005ms] [Warning] [omni.physx.plugin] Invalid PhysX transform detected for /World/Stem/Stress_50_24.
2026-07-23 09:52:13 [15,005ms] [Warning] [omni.physx.plugin] Invalid PhysX transform detected for /World/Stem/Stress_50_25.
2026-07-23 09:52:13 [15,005ms] [Warning] [omni.physx.plugin] Invalid PhysX transform detected for /World/Stem/Stress_50_26.
2026-07-23 09:52:13 [15,005ms] [Warning] [omni.physx.plugin] Invalid PhysX transform detected for /World/Stem/Stress_50_27.
2026-07-23 09:52:13 [15,005ms] [Warning] [omni.physx.plugin] Invalid PhysX transform detected for /World/Stem/Stress_50_28.
2026-07-23 09:52:13 [15,005ms] [Warning] [omni.physx.plugin] Invalid PhysX transform detected for /World/Stem/Stress_50_29.
2026-07-23 09:52:13 [15,005ms] [Warning] [omni.physx.plugin] Invalid PhysX transform detected for /World/Stem/Stress_50_30.
2026-07-23 09:52:13 [15,005ms] [Warning] [omni.physx.plugin] Invalid PhysX transform detected for /World/Stem/Stress_50_31.
2026-07-23 09:52:13 [15,005ms] [Warning] [omni.physx.plugin] Invalid PhysX transform detected for /World/Stem/Stress_50_32.
2026-07-23 09:52:13 [15,005ms] [Warning] [omni.physx.plugin] Invalid PhysX transform detected for /World/Stem/Stress_50_33.
2026-07-23 09:52:13 [15,005ms] [Warning] [omni.physx.plugin] Invalid PhysX transform detected for /World/Stem/Stress_50_34.
2026-07-23 09:52:13 [15,005ms] [Warning] [omni.physx.plugin] Invalid PhysX transform detected for /World/Stem/Stress_50_35.
2026-07-23 09:52:13 [15,005ms] [Warning] [omni.physx.plugin] Invalid PhysX transform detected for /World/Stem/Stress_50_36.
2026-07-23 09:52:13 [15,005ms] [Warning] [omni.physx.plugin] Invalid PhysX transform detected for /World/Stem/Stress_50_37.
2026-07-23 09:52:13 [15,005ms] [Warning] [omni.physx.plugin] Invalid PhysX transform detected for /World/Stem/Stress_50_38.
2026-07-23 09:52:13 [15,005ms] [Warning] [omni.physx.plugin] Invalid PhysX transform detected for /World/Stem/Stress_50_39.
2026-07-23 09:52:13 [15,005ms] [Warning] [omni.physx.plugin] Invalid PhysX transform detected for /World/Stem/Stress_50_40.
2026-07-23 09:52:13 [15,005ms] [Warning] [omni.physx.plugin] Invalid PhysX transform detected for /World/Stem/Stress_50_41.
2026-07-23 09:52:13 [15,005ms] [Warning] [omni.physx.plugin] Invalid PhysX transform detected for /World/Stem/Stress_50_42.
2026-07-23 09:52:13 [15,005ms] [Warning] [omni.physx.plugin] Invalid PhysX transform detected for /World/Stem/Stress_50_43.
2026-07-23 09:52:13 [15,005ms] [Warning] [omni.physx.plugin] Invalid PhysX transform detected for /World/Stem/Stress_50_44.
2026-07-23 09:52:13 [15,005ms] [Warning] [omni.physx.plugin] Invalid PhysX transform detected for /World/Stem/Stress_50_45.
2026-07-23 09:52:13 [15,005ms] [Warning] [omni.physx.plugin] Invalid PhysX transform detected for /World/Stem/Stress_50_46.
2026-07-23 09:52:13 [15,005ms] [Warning] [omni.physx.plugin] Invalid PhysX transform detected for /World/Stem/Stress_50_47.
2026-07-23 09:52:13 [15,005ms] [Warning] [omni.physx.plugin] Invalid PhysX transform detected for /World/Stem/Stress_50_48.
2026-07-23 09:52:13 [15,005ms] [Warning] [omni.physx.plugin] Invalid PhysX transform detected for /World/Stem/Stress_50_49.
2026-07-23 09:52:13 [15,005ms] [Warning] [omni.physx.plugin] Invalid PhysX transform detected for /World/Stem/Fruit_Stress_50_base.
2026-07-23 09:52:13 [15,005ms] [Warning] [omni.physx.plugin] Invalid PhysX transform detected for /World/Stem/Fruit_Stress_50_tip.
2026-07-23 09:52:13 [15,005ms] [Warning] [omni.physx.plugin] Invalid PhysX transform detected for /World/Stem/Fruit_Stress_50.
2026-07-23 09:52:13 [15,024ms] [Warning] [omni.physx.plugin] Invalid PhysX transform detected for /World/Stem/Stress_50_00.
2026-07-23 09:52:13 [15,024ms] [Warning] [omni.physx.plugin] Invalid PhysX transform detected for /World/Stem/Stress_50_01.
2026-07-23 09:52:13 [15,024ms] [Warning] [omni.physx.plugin] Invalid PhysX transform detected for /World/Stem/Stress_50_02.
2026-07-23 09:52:13 [15,024ms] [Warning] [omni.physx.plugin] Invalid PhysX transform detected for /World/Stem/Stress_50_03.
2026-07-23 09:52:13 [15,024ms] [Warning] [omni.physx.plugin] Invalid PhysX transform detected for /World/Stem/Stress_50_04.
2026-07-23 09:52:13 [15,024ms] [Warning] [omni.physx.plugin] Invalid PhysX transform detected for /World/Stem/Stress_50_05.
2026-07-23 09:52:13 [15,024ms] [Warning] [omni.physx.plugin] Invalid PhysX transform detected for /World/Stem/Stress_50_06.
2026-07-23 09:52:13 [15,024ms] [Warning] [omni.physx.plugin] Invalid PhysX transform detected for /World/Stem/Stress_50_07.
2026-07-23 09:52:13 [15,024ms] [Warning] [omni.physx.plugin] Invalid PhysX transform detected for /World/Stem/Stress_50_08.
2026-07-23 09:52:13 [15,024ms] [Warning] [omni.physx.plugin] Invalid PhysX transform detected for /World/Stem/Stress_50_09.
2026-07-23 09:52:13 [15,024ms] [Warning] [omni.physx.plugin] Invalid PhysX transform detected for /World/Stem/Stress_50_10.
2026-07-23 09:52:13 [15,024ms] [Warning] [omni.physx.plugin] Invalid PhysX transform detected for /World/Stem/Stress_50_11.
2026-07-23 09:52:13 [15,024ms] [Warning] [omni.physx.plugin] Invalid PhysX transform detected for /World/Stem/Stress_50_12.
2026-07-23 09:52:13 [15,024ms] [Warning] [omni.physx.plugin] Invalid PhysX transform detected for /World/Stem/Stress_50_13.
2026-07-23 09:52:13 [15,024ms] [Warning] [omni.physx.plugin] Invalid PhysX transform detected for /World/Stem/Stress_50_14.
2026-07-23 09:52:13 [15,024ms] [Warning] [omni.physx.plugin] Invalid PhysX transform detected for /World/Stem/Stress_50_15.
2026-07-23 09:52:13 [15,024ms] [Warning] [omni.physx.plugin] Invalid PhysX transform detected for /World/Stem/Stress_50_16.
2026-07-23 09:52:13 [15,024ms] [Warning] [omni.physx.plugin] Invalid PhysX transform detected for /World/Stem/Stress_50_17.
2026-07-23 09:52:13 [15,024ms] [Warning] [omni.physx.plugin] Invalid PhysX transform detected for /World/Stem/Stress_50_18.
2026-07-23 09:52:13 [15,024ms] [Warning] [omni.physx.plugin] Invalid PhysX transform detected for /World/Stem/Stress_50_19.
2026-07-23 09:52:13 [15,024ms] [Warning] [omni.physx.plugin] Invalid PhysX transform detected for /World/Stem/Stress_50_20.
2026-07-23 09:52:13 [15,024ms] [Warning] [omni.physx.plugin] Invalid PhysX transform detected for /World/Stem/Stress_50_21.
2026-07-23 09:52:13 [15,024ms] [Warning] [omni.physx.plugin] Invalid PhysX transform detected for /World/Stem/Stress_50_22.
2026-07-23 09:52:13 [15,024ms] [Warning] [omni.physx.plugin] Invalid PhysX transform detected for /World/Stem/Stress_50_23.
2026-07-23 09:52:13 [15,024ms] [Warning] [omni.physx.plugin] Invalid PhysX transform detected for /World/Stem/Stress_50_24.
2026-07-23 09:52:13 [15,024ms] [Warning] [omni.physx.plugin] Invalid PhysX transform detected for /World/Stem/Stress_50_25.
2026-07-23 09:52:13 [15,024ms] [Warning] [omni.physx.plugin] Invalid PhysX transform detected for /World/Stem/Stress_50_26.
2026-07-23 09:52:13 [15,024ms] [Warning] [omni.physx.plugin] Invalid PhysX transform detected for /World/Stem/Stress_50_27.
2026-07-23 09:52:13 [15,024ms] [Warning] [omni.physx.plugin] Invalid PhysX transform detected for /World/Stem/Stress_50_28.
2026-07-23 09:52:13 [15,024ms] [Warning] [omni.physx.plugin] Invalid PhysX transform detected for /World/Stem/Stress_50_29.
2026-07-23 09:52:13 [15,024ms] [Warning] [omni.physx.plugin] Invalid PhysX transform detected for /World/Stem/Stress_50_30.
2026-07-23 09:52:13 [15,024ms] [Warning] [omni.physx.plugin] Invalid PhysX transform detected for /World/Stem/Stress_50_31.
2026-07-23 09:52:13 [15,024ms] [Warning] [omni.physx.plugin] Invalid PhysX transform detected for /World/Stem/Stress_50_32.
2026-07-23 09:52:13 [15,024ms] [Warning] [omni.physx.plugin] Invalid PhysX transform detected for /World/Stem/Stress_50_33.
2026-07-23 09:52:13 [15,024ms] [Warning] [omni.physx.plugin] Invalid PhysX transform detected for /World/Stem/Stress_50_34.
2026-07-23 09:52:13 [15,024ms] [Warning] [omni.physx.plugin] Invalid PhysX transform detected for /World/Stem/Stress_50_35.
2026-07-23 09:52:13 [15,024ms] [Warning] [omni.physx.plugin] Invalid PhysX transform detected for /World/Stem/Stress_50_36.
2026-07-23 09:52:13 [15,024ms] [Warning] [omni.physx.plugin] Invalid PhysX transform detected for /World/Stem/Stress_50_37.
2026-07-23 09:52:13 [15,024ms] [Warning] [omni.physx.plugin] Invalid PhysX transform detected for /World/Stem/Stress_50_38.
2026-07-23 09:52:13 [15,024ms] [Warning] [omni.physx.plugin] Invalid PhysX transform detected for /World/Stem/Stress_50_39.
2026-07-23 09:52:13 [15,024ms] [Warning] [omni.physx.plugin] Invalid PhysX transform detected for /World/Stem/Stress_50_40.
2026-07-23 09:52:13 [15,024ms] [Warning] [omni.physx.plugin] Invalid PhysX transform detected for /World/Stem/Stress_50_41.
2026-07-23 09:52:13 [15,024ms] [Warning] [omni.physx.plugin] Invalid PhysX transform detected for /World/Stem/Stress_50_42.
2026-07-23 09:52:13 [15,024ms] [Warning] [omni.physx.plugin] Invalid PhysX transform detected for /World/Stem/Stress_50_43.
2026-07-23 09:52:13 [15,024ms] [Warning] [omni.physx.plugin] Invalid PhysX transform detected for /World/Stem/Stress_50_44.
2026-07-23 09:52:13 [15,024ms] [Warning] [omni.physx.plugin] Invalid PhysX transform detected for /World/Stem/Stress_50_45.
2026-07-23 09:52:13 [15,024ms] [Warning] [omni.physx.plugin] Invalid PhysX transform detected for /World/Stem/Stress_50_46.
2026-07-23 09:52:13 [15,024ms] [Warning] [omni.physx.plugin] Invalid PhysX transform detected for /World/Stem/Stress_50_47.
2026-07-23 09:52:13 [15,024ms] [Warning] [omni.physx.plugin] Invalid PhysX transform detected for /World/Stem/Stress_50_48.
2026-07-23 09:52:13 [15,024ms] [Warning] [omni.physx.plugin] Invalid PhysX transform detected for /World/Stem/Stress_50_49.
2026-07-23 09:52:13 [15,024ms] [Warning] [omni.physx.plugin] Invalid PhysX transform detected for /World/Stem/Fruit_Stress_50_base.
2026-07-23 09:52:13 [15,024ms] [Warning] [omni.physx.plugin] Invalid PhysX transform detected for /World/Stem/Fruit_Stress_50_tip.
2026-07-23 09:52:13 [15,024ms] [Warning] [omni.physx.plugin] Invalid PhysX transform detected for /World/Stem/Fruit_Stress_50.
2026-07-23 09:52:13 [15,043ms] [Warning] [omni.physx.plugin] Invalid PhysX transform detected for /World/Stem/Stress_50_00.
2026-07-23 09:52:13 [15,043ms] [Warning] [omni.physx.plugin] Invalid PhysX transform detected for /World/Stem/Stress_50_01.
2026-07-23 09:52:13 [15,043ms] [Warning] [omni.physx.plugin] Invalid PhysX transform detected for /World/Stem/Stress_50_02.
2026-07-23 09:52:13 [15,043ms] [Warning] [omni.physx.plugin] Invalid PhysX transform detected for /World/Stem/Stress_50_03.
2026-07-23 09:52:13 [15,043ms] [Warning] [omni.physx.plugin] Invalid PhysX transform detected for /World/Stem/Stress_50_04.
2026-07-23 09:52:13 [15,043ms] [Warning] [omni.physx.plugin] Invalid PhysX transform detected for /World/Stem/Stress_50_05.
2026-07-23 09:52:13 [15,043ms] [Warning] [omni.physx.plugin] Invalid PhysX transform detected for /World/Stem/Stress_50_06.
2026-07-23 09:52:13 [15,043ms] [Warning] [omni.physx.plugin] Invalid PhysX transform detected for /World/Stem/Stress_50_07.
2026-07-23 09:52:13 [15,043ms] [Warning] [omni.physx.plugin] Invalid PhysX transform detected for /World/Stem/Stress_50_08.
2026-07-23 09:52:13 [15,043ms] [Warning] [omni.physx.plugin] Invalid PhysX transform detected for /World/Stem/Stress_50_09.
2026-07-23 09:52:13 [15,043ms] [Warning] [omni.physx.plugin] Invalid PhysX transform detected for /World/Stem/Stress_50_10.
2026-07-23 09:52:13 [15,043ms] [Warning] [omni.physx.plugin] Invalid PhysX transform detected for /World/Stem/Stress_50_11.
2026-07-23 09:52:13 [15,043ms] [Warning] [omni.physx.plugin] Invalid PhysX transform detected for /World/Stem/Stress_50_12.
2026-07-23 09:52:13 [15,043ms] [Warning] [omni.physx.plugin] Invalid PhysX transform detected for /World/Stem/Stress_50_13.
2026-07-23 09:52:13 [15,043ms] [Warning] [omni.physx.plugin] Invalid PhysX transform detected for /World/Stem/Stress_50_14.
2026-07-23 09:52:13 [15,043ms] [Warning] [omni.physx.plugin] Invalid PhysX transform detected for /World/Stem/Stress_50_15.
2026-07-23 09:52:13 [15,043ms] [Warning] [omni.physx.plugin] Invalid PhysX transform detected for /World/Stem/Stress_50_16.
2026-07-23 09:52:13 [15,043ms] [Warning] [omni.physx.plugin] Invalid PhysX transform detected for /World/Stem/Stress_50_17.
2026-07-23 09:52:13 [15,043ms] [Warning] [omni.physx.plugin] Invalid PhysX transform detected for /World/Stem/Stress_50_18.
2026-07-23 09:52:13 [15,043ms] [Warning] [omni.physx.plugin] Invalid PhysX transform detected for /World/Stem/Stress_50_19.
2026-07-23 09:52:13 [15,043ms] [Warning] [omni.physx.plugin] Invalid PhysX transform detected for /World/Stem/Stress_50_20.
2026-07-23 09:52:13 [15,043ms] [Warning] [omni.physx.plugin] Invalid PhysX transform detected for /World/Stem/Stress_50_21.
2026-07-23 09:52:13 [15,043ms] [Warning] [omni.physx.plugin] Invalid PhysX transform detected for /World/Stem/Stress_50_22.
2026-07-23 09:52:13 [15,043ms] [Warning] [omni.physx.plugin] Invalid PhysX transform detected for /World/Stem/Stress_50_23.
2026-07-23 09:52:13 [15,043ms] [Warning] [omni.physx.plugin] Invalid PhysX transform detected for /World/Stem/Stress_50_24.
2026-07-23 09:52:13 [15,043ms] [Warning] [omni.physx.plugin] Invalid PhysX transform detected for /World/Stem/Stress_50_25.
2026-07-23 09:52:13 [15,043ms] [Warning] [omni.physx.plugin] Invalid PhysX transform detected for /World/Stem/Stress_50_26.
2026-07-23 09:52:13 [15,043ms] [Warning] [omni.physx.plugin] Invalid PhysX transform detected for /World/Stem/Stress_50_27.
2026-07-23 09:52:13 [15,043ms] [Warning] [omni.physx.plugin] Invalid PhysX transform detected for /World/Stem/Stress_50_28.
2026-07-23 09:52:13 [15,043ms] [Warning] [omni.physx.plugin] Invalid PhysX transform detected for /World/Stem/Stress_50_29.
2026-07-23 09:52:13 [15,043ms] [Warning] [omni.physx.plugin] Invalid PhysX transform detected for /World/Stem/Stress_50_30.
2026-07-23 09:52:13 [15,043ms] [Warning] [omni.physx.plugin] Invalid PhysX transform detected for /World/Stem/Stress_50_31.
2026-07-23 09:52:13 [15,043ms] [Warning] [omni.physx.plugin] Invalid PhysX transform detected for /World/Stem/Stress_50_32.
2026-07-23 09:52:13 [15,043ms] [Warning] [omni.physx.plugin] Invalid PhysX transform detected for /World/Stem/Stress_50_33.
2026-07-23 09:52:13 [15,043ms] [Warning] [omni.physx.plugin] Invalid PhysX transform detected for /World/Stem/Stress_50_34.
2026-07-23 09:52:13 [15,043ms] [Warning] [omni.physx.plugin] Invalid PhysX transform detected for /World/Stem/Stress_50_35.
2026-07-23 09:52:13 [15,043ms] [Warning] [omni.physx.plugin] Invalid PhysX transform detected for /World/Stem/Stress_50_36.
2026-07-23 09:52:13 [15,043ms] [Warning] [omni.physx.plugin] Invalid PhysX transform detected for /World/Stem/Stress_50_37.
2026-07-23 09:52:13 [15,043ms] [Warning] [omni.physx.plugin] Invalid PhysX transform detected for /World/Stem/Stress_50_38.
2026-07-23 09:52:13 [15,043ms] [Warning] [omni.physx.plugin] Invalid PhysX transform detected for /World/Stem/Stress_50_39.
2026-07-23 09:52:13 [15,043ms] [Warning] [omni.physx.plugin] Invalid PhysX transform detected for /World/Stem/Stress_50_40.
2026-07-23 09:52:13 [15,043ms] [Warning] [omni.physx.plugin] Invalid PhysX transform detected for /World/Stem/Stress_50_41.
2026-07-23 09:52:13 [15,043ms] [Warning] [omni.physx.plugin] Invalid PhysX transform detected for /World/Stem/Stress_50_42.
2026-07-23 09:52:13 [15,043ms] [Warning] [omni.physx.plugin] Invalid PhysX transform detected for /World/Stem/Stress_50_43.
2026-07-23 09:52:13 [15,043ms] [Warning] [omni.physx.plugin] Invalid PhysX transform detected for /World/Stem/Stress_50_44.
2026-07-23 09:52:13 [15,043ms] [Warning] [omni.physx.plugin] Invalid PhysX transform detected for /World/Stem/Stress_50_45.
2026-07-23 09:52:13 [15,043ms] [Warning] [omni.physx.plugin] Invalid PhysX transform detected for /World/Stem/Stress_50_46.
2026-07-23 09:52:13 [15,043ms] [Warning] [omni.physx.plugin] Invalid PhysX transform detected for /World/Stem/Stress_50_47.
2026-07-23 09:52:13 [15,043ms] [Warning] [omni.physx.plugin] Invalid PhysX transform detected for /World/Stem/Stress_50_48.
2026-07-23 09:52:13 [15,043ms] [Warning] [omni.physx.plugin] Invalid PhysX transform detected for /World/Stem/Stress_50_49.
2026-07-23 09:52:13 [15,043ms] [Warning] [omni.physx.plugin] Invalid PhysX transform detected for /World/Stem/Fruit_Stress_50_base.
2026-07-23 09:52:13 [15,043ms] [Warning] [omni.physx.plugin] Invalid PhysX transform detected for /World/Stem/Fruit_Stress_50_tip.
2026-07-23 09:52:13 [15,043ms] [Warning] [omni.physx.plugin] Invalid PhysX transform detected for /World/Stem/Fruit_Stress_50.
2026-07-23 09:52:13 [15,062ms] [Warning] [omni.physx.plugin] Invalid PhysX transform detected for /World/Stem/Stress_50_00.
2026-07-23 09:52:13 [15,062ms] [Warning] [omni.physx.plugin] Invalid PhysX transform detected for /World/Stem/Stress_50_01.
2026-07-23 09:52:13 [15,062ms] [Warning] [omni.physx.plugin] Invalid PhysX transform detected for /World/Stem/Stress_50_02.
2026-07-23 09:52:13 [15,062ms] [Warning] [omni.physx.plugin] Invalid PhysX transform detected for /World/Stem/Stress_50_03.
2026-07-23 09:52:13 [15,062ms] [Warning] [omni.physx.plugin] Invalid PhysX transform detected for /World/Stem/Stress_50_04.
2026-07-23 09:52:13 [15,062ms] [Warning] [omni.physx.plugin] Invalid PhysX transform detected for /World/Stem/Stress_50_05.
2026-07-23 09:52:13 [15,062ms] [Warning] [omni.physx.plugin] Invalid PhysX transform detected for /World/Stem/Stress_50_06.
2026-07-23 09:52:13 [15,062ms] [Warning] [omni.physx.plugin] Invalid PhysX transform detected for /World/Stem/Stress_50_07.
2026-07-23 09:52:13 [15,062ms] [Warning] [omni.physx.plugin] Invalid PhysX transform detected for /World/Stem/Stress_50_08.
2026-07-23 09:52:13 [15,062ms] [Warning] [omni.physx.plugin] Invalid PhysX transform detected for /World/Stem/Stress_50_09.
2026-07-23 09:52:13 [15,062ms] [Warning] [omni.physx.plugin] Invalid PhysX transform detected for /World/Stem/Stress_50_10.
2026-07-23 09:52:13 [15,062ms] [Warning] [omni.physx.plugin] Invalid PhysX transform detected for /World/Stem/Stress_50_11.
2026-07-23 09:52:13 [15,062ms] [Warning] [omni.physx.plugin] Invalid PhysX transform detected for /World/Stem/Stress_50_12.
2026-07-23 09:52:13 [15,062ms] [Warning] [omni.physx.plugin] Invalid PhysX transform detected for /World/Stem/Stress_50_13.
2026-07-23 09:52:13 [15,062ms] [Warning] [omni.physx.plugin] Invalid PhysX transform detected for /World/Stem/Stress_50_14.
2026-07-23 09:52:13 [15,062ms] [Warning] [omni.physx.plugin] Invalid PhysX transform detected for /World/Stem/Stress_50_15.
2026-07-23 09:52:13 [15,062ms] [Warning] [omni.physx.plugin] Invalid PhysX transform detected for /World/Stem/Stress_50_16.
2026-07-23 09:52:13 [15,062ms] [Warning] [omni.physx.plugin] Invalid PhysX transform detected for /World/Stem/Stress_50_17.
2026-07-23 09:52:13 [15,062ms] [Warning] [omni.physx.plugin] Invalid PhysX transform detected for /World/Stem/Stress_50_18.
2026-07-23 09:52:13 [15,062ms] [Warning] [omni.physx.plugin] Invalid PhysX transform detected for /World/Stem/Stress_50_19.
2026-07-23 09:52:13 [15,062ms] [Warning] [omni.physx.plugin] Invalid PhysX transform detected for /World/Stem/Stress_50_20.
2026-07-23 09:52:13 [15,062ms] [Warning] [omni.physx.plugin] Invalid PhysX transform detected for /World/Stem/Stress_50_21.
2026-07-23 09:52:13 [15,062ms] [Warning] [omni.physx.plugin] Invalid PhysX transform detected for /World/Stem/Stress_50_22.
2026-07-23 09:52:13 [15,062ms] [Warning] [omni.physx.plugin] Invalid PhysX transform detected for /World/Stem/Stress_50_23.
2026-07-23 09:52:13 [15,062ms] [Warning] [omni.physx.plugin] Invalid PhysX transform detected for /World/Stem/Stress_50_24.
2026-07-23 09:52:13 [15,062ms] [Warning] [omni.physx.plugin] Invalid PhysX transform detected for /World/Stem/Stress_50_25.
2026-07-23 09:52:13 [15,062ms] [Warning] [omni.physx.plugin] Invalid PhysX transform detected for /World/Stem/Stress_50_26.
2026-07-23 09:52:13 [15,062ms] [Warning] [omni.physx.plugin] Invalid PhysX transform detected for /World/Stem/Stress_50_27.
2026-07-23 09:52:13 [15,062ms] [Warning] [omni.physx.plugin] Invalid PhysX transform detected for /World/Stem/Stress_50_28.
2026-07-23 09:52:13 [15,062ms] [Warning] [omni.physx.plugin] Invalid PhysX transform detected for /World/Stem/Stress_50_29.
2026-07-23 09:52:13 [15,062ms] [Warning] [omni.physx.plugin] Invalid PhysX transform detected for /World/Stem/Stress_50_30.
2026-07-23 09:52:13 [15,062ms] [Warning] [omni.physx.plugin] Invalid PhysX transform detected for /World/Stem/Stress_50_31.
2026-07-23 09:52:13 [15,062ms] [Warning] [omni.physx.plugin] Invalid PhysX transform detected for /World/Stem/Stress_50_32.
2026-07-23 09:52:13 [15,062ms] [Warning] [omni.physx.plugin] Invalid PhysX transform detected for /World/Stem/Stress_50_33.
2026-07-23 09:52:13 [15,062ms] [Warning] [omni.physx.plugin] Invalid PhysX transform detected for /World/Stem/Stress_50_34.
2026-07-23 09:52:13 [15,062ms] [Warning] [omni.physx.plugin] Invalid PhysX transform detected for /World/Stem/Stress_50_35.
2026-07-23 09:52:13 [15,062ms] [Warning] [omni.physx.plugin] Invalid PhysX transform detected for /World/Stem/Stress_50_36.
2026-07-23 09:52:13 [15,062ms] [Warning] [omni.physx.plugin] Invalid PhysX transform detected for /World/Stem/Stress_50_37.
2026-07-23 09:52:13 [15,062ms] [Warning] [omni.physx.plugin] Invalid PhysX transform detected for /World/Stem/Stress_50_38.
2026-07-23 09:52:13 [15,062ms] [Warning] [omni.physx.plugin] Invalid PhysX transform detected for /World/Stem/Stress_50_39.
2026-07-23 09:52:13 [15,062ms] [Warning] [omni.physx.plugin] Invalid PhysX transform detected for /World/Stem/Stress_50_40.
2026-07-23 09:52:13 [15,062ms] [Warning] [omni.physx.plugin] Invalid PhysX transform detected for /World/Stem/Stress_50_41.
2026-07-23 09:52:13 [15,062ms] [Warning] [omni.physx.plugin] Invalid PhysX transform detected for /World/Stem/Stress_50_42.
2026-07-23 09:52:13 [15,062ms] [Warning] [omni.physx.plugin] Invalid PhysX transform detected for /World/Stem/Stress_50_43.
2026-07-23 09:52:13 [15,062ms] [Warning] [omni.physx.plugin] Invalid PhysX transform detected for /World/Stem/Stress_50_44.
2026-07-23 09:52:13 [15,062ms] [Warning] [omni.physx.plugin] Invalid PhysX transform detected for /World/Stem/Stress_50_45.
2026-07-23 09:52:13 [15,062ms] [Warning] [omni.physx.plugin] Invalid PhysX transform detected for /World/Stem/Stress_50_46.
2026-07-23 09:52:13 [15,062ms] [Warning] [omni.physx.plugin] Invalid PhysX transform detected for /World/Stem/Stress_50_47.
2026-07-23 09:52:13 [15,062ms] [Warning] [omni.physx.plugin] Invalid PhysX transform detected for /World/Stem/Stress_50_48.
2026-07-23 09:52:13 [15,062ms] [Warning] [omni.physx.plugin] Invalid PhysX transform detected for /World/Stem/Stress_50_49.
2026-07-23 09:52:13 [15,062ms] [Warning] [omni.physx.plugin] Invalid PhysX transform detected for /World/Stem/Fruit_Stress_50_base.
2026-07-23 09:52:13 [15,062ms] [Warning] [omni.physx.plugin] Invalid PhysX transform detected for /World/Stem/Fruit_Stress_50_tip.
2026-07-23 09:52:13 [15,062ms] [Warning] [omni.physx.plugin] Invalid PhysX transform detected for /World/Stem/Fruit_Stress_50.
2026-07-23 09:52:13 [15,080ms] [Warning] [omni.physx.plugin] Invalid PhysX transform detected for /World/Stem/Stress_50_00.
2026-07-23 09:52:13 [15,080ms] [Warning] [omni.physx.plugin] Invalid PhysX transform detected for /World/Stem/Stress_50_01.
2026-07-23 09:52:13 [15,080ms] [Warning] [omni.physx.plugin] Invalid PhysX transform detected for /World/Stem/Stress_50_02.
2026-07-23 09:52:13 [15,080ms] [Warning] [omni.physx.plugin] Invalid PhysX transform detected for /World/Stem/Stress_50_03.
2026-07-23 09:52:13 [15,080ms] [Warning] [omni.physx.plugin] Invalid PhysX transform detected for /World/Stem/Stress_50_04.
2026-07-23 09:52:13 [15,080ms] [Warning] [omni.physx.plugin] Invalid PhysX transform detected for /World/Stem/Stress_50_05.
2026-07-23 09:52:13 [15,080ms] [Warning] [omni.physx.plugin] Invalid PhysX transform detected for /World/Stem/Stress_50_06.
2026-07-23 09:52:13 [15,080ms] [Warning] [omni.physx.plugin] Invalid PhysX transform detected for /World/Stem/Stress_50_07.
2026-07-23 09:52:13 [15,080ms] [Warning] [omni.physx.plugin] Invalid PhysX transform detected for /World/Stem/Stress_50_08.
2026-07-23 09:52:13 [15,080ms] [Warning] [omni.physx.plugin] Invalid PhysX transform detected for /World/Stem/Stress_50_09.
2026-07-23 09:52:13 [15,080ms] [Warning] [omni.physx.plugin] Invalid PhysX transform detected for /World/Stem/Stress_50_10.
2026-07-23 09:52:13 [15,080ms] [Warning] [omni.physx.plugin] Invalid PhysX transform detected for /World/Stem/Stress_50_11.
2026-07-23 09:52:13 [15,080ms] [Warning] [omni.physx.plugin] Invalid PhysX transform detected for /World/Stem/Stress_50_12.
2026-07-23 09:52:13 [15,080ms] [Warning] [omni.physx.plugin] Invalid PhysX transform detected for /World/Stem/Stress_50_13.
2026-07-23 09:52:13 [15,080ms] [Warning] [omni.physx.plugin] Invalid PhysX transform detected for /World/Stem/Stress_50_14.
2026-07-23 09:52:13 [15,080ms] [Warning] [omni.physx.plugin] Invalid PhysX transform detected for /World/Stem/Stress_50_15.
2026-07-23 09:52:13 [15,080ms] [Warning] [omni.physx.plugin] Invalid PhysX transform detected for /World/Stem/Stress_50_16.
2026-07-23 09:52:13 [15,080ms] [Warning] [omni.physx.plugin] Invalid PhysX transform detected for /World/Stem/Stress_50_17.
2026-07-23 09:52:13 [15,080ms] [Warning] [omni.physx.plugin] Invalid PhysX transform detected for /World/Stem/Stress_50_18.
2026-07-23 09:52:13 [15,080ms] [Warning] [omni.physx.plugin] Invalid PhysX transform detected for /World/Stem/Stress_50_19.
2026-07-23 09:52:13 [15,080ms] [Warning] [omni.physx.plugin] Invalid PhysX transform detected for /World/Stem/Stress_50_20.
2026-07-23 09:52:13 [15,080ms] [Warning] [omni.physx.plugin] Invalid PhysX transform detected for /World/Stem/Stress_50_21.
2026-07-23 09:52:13 [15,080ms] [Warning] [omni.physx.plugin] Invalid PhysX transform detected for /World/Stem/Stress_50_22.
2026-07-23 09:52:13 [15,080ms] [Warning] [omni.physx.plugin] Invalid PhysX transform detected for /World/Stem/Stress_50_23.
2026-07-23 09:52:13 [15,080ms] [Warning] [omni.physx.plugin] Invalid PhysX transform detected for /World/Stem/Stress_50_24.
2026-07-23 09:52:13 [15,080ms] [Warning] [omni.physx.plugin] Invalid PhysX transform detected for /World/Stem/Stress_50_25.
2026-07-23 09:52:13 [15,080ms] [Warning] [omni.physx.plugin] Invalid PhysX transform detected for /World/Stem/Stress_50_26.
2026-07-23 09:52:13 [15,080ms] [Warning] [omni.physx.plugin] Invalid PhysX transform detected for /World/Stem/Stress_50_27.
2026-07-23 09:52:13 [15,080ms] [Warning] [omni.physx.plugin] Invalid PhysX transform detected for /World/Stem/Stress_50_28.
2026-07-23 09:52:13 [15,080ms] [Warning] [omni.physx.plugin] Invalid PhysX transform detected for /World/Stem/Stress_50_29.
2026-07-23 09:52:13 [15,080ms] [Warning] [omni.physx.plugin] Invalid PhysX transform detected for /World/Stem/Stress_50_30.
2026-07-23 09:52:13 [15,080ms] [Warning] [omni.physx.plugin] Invalid PhysX transform detected for /World/Stem/Stress_50_31.
2026-07-23 09:52:13 [15,080ms] [Warning] [omni.physx.plugin] Invalid PhysX transform detected for /World/Stem/Stress_50_32.
2026-07-23 09:52:13 [15,080ms] [Warning] [omni.physx.plugin] Invalid PhysX transform detected for /World/Stem/Stress_50_33.
2026-07-23 09:52:13 [15,080ms] [Warning] [omni.physx.plugin] Invalid PhysX transform detected for /World/Stem/Stress_50_34.
2026-07-23 09:52:13 [15,080ms] [Warning] [omni.physx.plugin] Invalid PhysX transform detected for /World/Stem/Stress_50_35.
2026-07-23 09:52:13 [15,080ms] [Warning] [omni.physx.plugin] Invalid PhysX transform detected for /World/Stem/Stress_50_36.
2026-07-23 09:52:13 [15,080ms] [Warning] [omni.physx.plugin] Invalid PhysX transform detected for /World/Stem/Stress_50_37.
2026-07-23 09:52:13 [15,080ms] [Warning] [omni.physx.plugin] Invalid PhysX transform detected for /World/Stem/Stress_50_38.
2026-07-23 09:52:13 [15,080ms] [Warning] [omni.physx.plugin] Invalid PhysX transform detected for /World/Stem/Stress_50_39.
2026-07-23 09:52:13 [15,080ms] [Warning] [omni.physx.plugin] Invalid PhysX transform detected for /World/Stem/Stress_50_40.
2026-07-23 09:52:13 [15,080ms] [Warning] [omni.physx.plugin] Invalid PhysX transform detected for /World/Stem/Stress_50_41.
2026-07-23 09:52:13 [15,080ms] [Warning] [omni.physx.plugin] Invalid PhysX transform detected for /World/Stem/Stress_50_42.
2026-07-23 09:52:13 [15,080ms] [Warning] [omni.physx.plugin] Invalid PhysX transform detected for /World/Stem/Stress_50_43.
2026-07-23 09:52:13 [15,080ms] [Warning] [omni.physx.plugin] Invalid PhysX transform detected for /World/Stem/Stress_50_44.
2026-07-23 09:52:13 [15,080ms] [Warning] [omni.physx.plugin] Invalid PhysX transform detected for /World/Stem/Stress_50_45.
2026-07-23 09:52:13 [15,080ms] [Warning] [omni.physx.plugin] Invalid PhysX transform detected for /World/Stem/Stress_50_46.
2026-07-23 09:52:13 [15,080ms] [Warning] [omni.physx.plugin] Invalid PhysX transform detected for /World/Stem/Stress_50_47.
2026-07-23 09:52:13 [15,080ms] [Warning] [omni.physx.plugin] Invalid PhysX transform detected for /World/Stem/Stress_50_48.
2026-07-23 09:52:13 [15,080ms] [Warning] [omni.physx.plugin] Invalid PhysX transform detected for /World/Stem/Stress_50_49.
2026-07-23 09:52:13 [15,080ms] [Warning] [omni.physx.plugin] Invalid PhysX transform detected for /World/Stem/Fruit_Stress_50_base.
2026-07-23 09:52:13 [15,080ms] [Warning] [omni.physx.plugin] Invalid PhysX transform detected for /World/Stem/Fruit_Stress_50_tip.
2026-07-23 09:52:13 [15,080ms] [Warning] [omni.physx.plugin] Invalid PhysX transform detected for /World/Stem/Fruit_Stress_50.
2026-07-23 09:52:13 [15,099ms] [Warning] [omni.physx.plugin] Invalid PhysX transform detected for /World/Stem/Stress_50_00.
2026-07-23 09:52:13 [15,099ms] [Warning] [omni.physx.plugin] Invalid PhysX transform detected for /World/Stem/Stress_50_01.
2026-07-23 09:52:13 [15,099ms] [Warning] [omni.physx.plugin] Invalid PhysX transform detected for /World/Stem/Stress_50_02.
2026-07-23 09:52:13 [15,099ms] [Warning] [omni.physx.plugin] Invalid PhysX transform detected for /World/Stem/Stress_50_03.
2026-07-23 09:52:13 [15,099ms] [Warning] [omni.physx.plugin] Invalid PhysX transform detected for /World/Stem/Stress_50_04.
2026-07-23 09:52:13 [15,099ms] [Warning] [omni.physx.plugin] Invalid PhysX transform detected for /World/Stem/Stress_50_05.
2026-07-23 09:52:13 [15,099ms] [Warning] [omni.physx.plugin] Invalid PhysX transform detected for /World/Stem/Stress_50_06.
2026-07-23 09:52:13 [15,099ms] [Warning] [omni.physx.plugin] Invalid PhysX transform detected for /World/Stem/Stress_50_07.
2026-07-23 09:52:13 [15,099ms] [Warning] [omni.physx.plugin] Invalid PhysX transform detected for /World/Stem/Stress_50_08.
2026-07-23 09:52:13 [15,099ms] [Warning] [omni.physx.plugin] Invalid PhysX transform detected for /World/Stem/Stress_50_09.
2026-07-23 09:52:13 [15,099ms] [Warning] [omni.physx.plugin] Invalid PhysX transform detected for /World/Stem/Stress_50_10.
2026-07-23 09:52:13 [15,099ms] [Warning] [omni.physx.plugin] Invalid PhysX transform detected for /World/Stem/Stress_50_11.
2026-07-23 09:52:13 [15,099ms] [Warning] [omni.physx.plugin] Invalid PhysX transform detected for /World/Stem/Stress_50_12.
2026-07-23 09:52:13 [15,099ms] [Warning] [omni.physx.plugin] Invalid PhysX transform detected for /World/Stem/Stress_50_13.
2026-07-23 09:52:13 [15,099ms] [Warning] [omni.physx.plugin] Invalid PhysX transform detected for /World/Stem/Stress_50_14.
2026-07-23 09:52:13 [15,099ms] [Warning] [omni.physx.plugin] Invalid PhysX transform detected for /World/Stem/Stress_50_15.
2026-07-23 09:52:13 [15,099ms] [Warning] [omni.physx.plugin] Invalid PhysX transform detected for /World/Stem/Stress_50_16.
2026-07-23 09:52:13 [15,099ms] [Warning] [omni.physx.plugin] Invalid PhysX transform detected for /World/Stem/Stress_50_17.
2026-07-23 09:52:13 [15,099ms] [Warning] [omni.physx.plugin] Invalid PhysX transform detected for /World/Stem/Stress_50_18.
2026-07-23 09:52:13 [15,099ms] [Warning] [omni.physx.plugin] Invalid PhysX transform detected for /World/Stem/Stress_50_19.
2026-07-23 09:52:13 [15,099ms] [Warning] [omni.physx.plugin] Invalid PhysX transform detected for /World/Stem/Stress_50_20.
2026-07-23 09:52:13 [15,099ms] [Warning] [omni.physx.plugin] Invalid PhysX transform detected for /World/Stem/Stress_50_21.
2026-07-23 09:52:13 [15,099ms] [Warning] [omni.physx.plugin] Invalid PhysX transform detected for /World/Stem/Stress_50_22.
2026-07-23 09:52:13 [15,099ms] [Warning] [omni.physx.plugin] Invalid PhysX transform detected for /World/Stem/Stress_50_23.
2026-07-23 09:52:13 [15,099ms] [Warning] [omni.physx.plugin] Invalid PhysX transform detected for /World/Stem/Stress_50_24.
2026-07-23 09:52:13 [15,099ms] [Warning] [omni.physx.plugin] Invalid PhysX transform detected for /World/Stem/Stress_50_25.
2026-07-23 09:52:13 [15,099ms] [Warning] [omni.physx.plugin] Invalid PhysX transform detected for /World/Stem/Stress_50_26.
2026-07-23 09:52:13 [15,099ms] [Warning] [omni.physx.plugin] Invalid PhysX transform detected for /World/Stem/Stress_50_27.
2026-07-23 09:52:13 [15,099ms] [Warning] [omni.physx.plugin] Invalid PhysX transform detected for /World/Stem/Stress_50_28.
2026-07-23 09:52:13 [15,099ms] [Warning] [omni.physx.plugin] Invalid PhysX transform detected for /World/Stem/Stress_50_29.
2026-07-23 09:52:13 [15,099ms] [Warning] [omni.physx.plugin] Invalid PhysX transform detected for /World/Stem/Stress_50_30.
2026-07-23 09:52:13 [15,099ms] [Warning] [omni.physx.plugin] Invalid PhysX transform detected for /World/Stem/Stress_50_31.
2026-07-23 09:52:13 [15,099ms] [Warning] [omni.physx.plugin] Invalid PhysX transform detected for /World/Stem/Stress_50_32.
2026-07-23 09:52:13 [15,099ms] [Warning] [omni.physx.plugin] Invalid PhysX transform detected for /World/Stem/Stress_50_33.
2026-07-23 09:52:13 [15,099ms] [Warning] [omni.physx.plugin] Invalid PhysX transform detected for /World/Stem/Stress_50_34.
2026-07-23 09:52:13 [15,099ms] [Warning] [omni.physx.plugin] Invalid PhysX transform detected for /World/Stem/Stress_50_35.
2026-07-23 09:52:13 [15,099ms] [Warning] [omni.physx.plugin] Invalid PhysX transform detected for /World/Stem/Stress_50_36.
2026-07-23 09:52:13 [15,099ms] [Warning] [omni.physx.plugin] Invalid PhysX transform detected for /World/Stem/Stress_50_37.
2026-07-23 09:52:13 [15,099ms] [Warning] [omni.physx.plugin] Invalid PhysX transform detected for /World/Stem/Stress_50_38.
2026-07-23 09:52:13 [15,099ms] [Warning] [omni.physx.plugin] Invalid PhysX transform detected for /World/Stem/Stress_50_39.
2026-07-23 09:52:13 [15,099ms] [Warning] [omni.physx.plugin] Invalid PhysX transform detected for /World/Stem/Stress_50_40.
2026-07-23 09:52:13 [15,099ms] [Warning] [omni.physx.plugin] Invalid PhysX transform detected for /World/Stem/Stress_50_41.
2026-07-23 09:52:13 [15,099ms] [Warning] [omni.physx.plugin] Invalid PhysX transform detected for /World/Stem/Stress_50_42.
2026-07-23 09:52:13 [15,099ms] [Warning] [omni.physx.plugin] Invalid PhysX transform detected for /World/Stem/Stress_50_43.
2026-07-23 09:52:13 [15,099ms] [Warning] [omni.physx.plugin] Invalid PhysX transform detected for /World/Stem/Stress_50_44.
2026-07-23 09:52:13 [15,099ms] [Warning] [omni.physx.plugin] Invalid PhysX transform detected for /World/Stem/Stress_50_45.
2026-07-23 09:52:13 [15,099ms] [Warning] [omni.physx.plugin] Invalid PhysX transform detected for /World/Stem/Stress_50_46.
2026-07-23 09:52:13 [15,099ms] [Warning] [omni.physx.plugin] Invalid PhysX transform detected for /World/Stem/Stress_50_47.
2026-07-23 09:52:13 [15,099ms] [Warning] [omni.physx.plugin] Invalid PhysX transform detected for /World/Stem/Stress_50_48.
2026-07-23 09:52:13 [15,099ms] [Warning] [omni.physx.plugin] Invalid PhysX transform detected for /World/Stem/Stress_50_49.
2026-07-23 09:52:13 [15,099ms] [Warning] [omni.physx.plugin] Invalid PhysX transform detected for /World/Stem/Fruit_Stress_50_base.
2026-07-23 09:52:13 [15,099ms] [Warning] [omni.physx.plugin] Invalid PhysX transform detected for /World/Stem/Fruit_Stress_50_tip.
2026-07-23 09:52:13 [15,099ms] [Warning] [omni.physx.plugin] Invalid PhysX transform detected for /World/Stem/Fruit_Stress_50.
2026-07-23 09:52:13 [15,118ms] [Warning] [omni.physx.plugin] Invalid PhysX transform detected for /World/Stem/Stress_50_00.
2026-07-23 09:52:13 [15,118ms] [Warning] [omni.physx.plugin] Invalid PhysX transform detected for /World/Stem/Stress_50_01.
2026-07-23 09:52:13 [15,118ms] [Warning] [omni.physx.plugin] Invalid PhysX transform detected for /World/Stem/Stress_50_02.
2026-07-23 09:52:13 [15,118ms] [Warning] [omni.physx.plugin] Invalid PhysX transform detected for /World/Stem/Stress_50_03.
2026-07-23 09:52:13 [15,118ms] [Warning] [omni.physx.plugin] Invalid PhysX transform detected for /World/Stem/Stress_50_04.
2026-07-23 09:52:13 [15,118ms] [Warning] [omni.physx.plugin] Invalid PhysX transform detected for /World/Stem/Stress_50_05.
2026-07-23 09:52:13 [15,118ms] [Warning] [omni.physx.plugin] Invalid PhysX transform detected for /World/Stem/Stress_50_06.
2026-07-23 09:52:13 [15,118ms] [Warning] [omni.physx.plugin] Invalid PhysX transform detected for /World/Stem/Stress_50_07.
2026-07-23 09:52:13 [15,118ms] [Warning] [omni.physx.plugin] Invalid PhysX transform detected for /World/Stem/Stress_50_08.
2026-07-23 09:52:13 [15,118ms] [Warning] [omni.physx.plugin] Invalid PhysX transform detected for /World/Stem/Stress_50_09.
2026-07-23 09:52:13 [15,118ms] [Warning] [omni.physx.plugin] Invalid PhysX transform detected for /World/Stem/Stress_50_10.
2026-07-23 09:52:13 [15,118ms] [Warning] [omni.physx.plugin] Invalid PhysX transform detected for /World/Stem/Stress_50_11.
2026-07-23 09:52:13 [15,118ms] [Warning] [omni.physx.plugin] Invalid PhysX transform detected for /World/Stem/Stress_50_12.
2026-07-23 09:52:13 [15,118ms] [Warning] [omni.physx.plugin] Invalid PhysX transform detected for /World/Stem/Stress_50_13.
2026-07-23 09:52:13 [15,118ms] [Warning] [omni.physx.plugin] Invalid PhysX transform detected for /World/Stem/Stress_50_14.
2026-07-23 09:52:13 [15,118ms] [Warning] [omni.physx.plugin] Invalid PhysX transform detected for /World/Stem/Stress_50_15.
2026-07-23 09:52:13 [15,118ms] [Warning] [omni.physx.plugin] Invalid PhysX transform detected for /World/Stem/Stress_50_16.
2026-07-23 09:52:13 [15,118ms] [Warning] [omni.physx.plugin] Invalid PhysX transform detected for /World/Stem/Stress_50_17.
2026-07-23 09:52:13 [15,118ms] [Warning] [omni.physx.plugin] Invalid PhysX transform detected for /World/Stem/Stress_50_18.
2026-07-23 09:52:13 [15,118ms] [Warning] [omni.physx.plugin] Invalid PhysX transform detected for /World/Stem/Stress_50_19.
2026-07-23 09:52:13 [15,118ms] [Warning] [omni.physx.plugin] Invalid PhysX transform detected for /World/Stem/Stress_50_20.
2026-07-23 09:52:13 [15,118ms] [Warning] [omni.physx.plugin] Invalid PhysX transform detected for /World/Stem/Stress_50_21.
2026-07-23 09:52:13 [15,118ms] [Warning] [omni.physx.plugin] Invalid PhysX transform detected for /World/Stem/Stress_50_22.
2026-07-23 09:52:13 [15,118ms] [Warning] [omni.physx.plugin] Invalid PhysX transform detected for /World/Stem/Stress_50_23.
2026-07-23 09:52:13 [15,118ms] [Warning] [omni.physx.plugin] Invalid PhysX transform detected for /World/Stem/Stress_50_24.
2026-07-23 09:52:13 [15,118ms] [Warning] [omni.physx.plugin] Invalid PhysX transform detected for /World/Stem/Stress_50_25.
2026-07-23 09:52:13 [15,118ms] [Warning] [omni.physx.plugin] Invalid PhysX transform detected for /World/Stem/Stress_50_26.
2026-07-23 09:52:13 [15,118ms] [Warning] [omni.physx.plugin] Invalid PhysX transform detected for /World/Stem/Stress_50_27.
2026-07-23 09:52:13 [15,118ms] [Warning] [omni.physx.plugin] Invalid PhysX transform detected for /World/Stem/Stress_50_28.
2026-07-23 09:52:13 [15,118ms] [Warning] [omni.physx.plugin] Invalid PhysX transform detected for /World/Stem/Stress_50_29.
2026-07-23 09:52:13 [15,118ms] [Warning] [omni.physx.plugin] Invalid PhysX transform detected for /World/Stem/Stress_50_30.
2026-07-23 09:52:13 [15,118ms] [Warning] [omni.physx.plugin] Invalid PhysX transform detected for /World/Stem/Stress_50_31.
2026-07-23 09:52:13 [15,118ms] [Warning] [omni.physx.plugin] Invalid PhysX transform detected for /World/Stem/Stress_50_32.
2026-07-23 09:52:13 [15,118ms] [Warning] [omni.physx.plugin] Invalid PhysX transform detected for /World/Stem/Stress_50_33.
2026-07-23 09:52:13 [15,118ms] [Warning] [omni.physx.plugin] Invalid PhysX transform detected for /World/Stem/Stress_50_34.
2026-07-23 09:52:13 [15,118ms] [Warning] [omni.physx.plugin] Invalid PhysX transform detected for /World/Stem/Stress_50_35.
2026-07-23 09:52:13 [15,118ms] [Warning] [omni.physx.plugin] Invalid PhysX transform detected for /World/Stem/Stress_50_36.
2026-07-23 09:52:13 [15,118ms] [Warning] [omni.physx.plugin] Invalid PhysX transform detected for /World/Stem/Stress_50_37.
2026-07-23 09:52:13 [15,118ms] [Warning] [omni.physx.plugin] Invalid PhysX transform detected for /World/Stem/Stress_50_38.
2026-07-23 09:52:13 [15,118ms] [Warning] [omni.physx.plugin] Invalid PhysX transform detected for /World/Stem/Stress_50_39.
2026-07-23 09:52:13 [15,118ms] [Warning] [omni.physx.plugin] Invalid PhysX transform detected for /World/Stem/Stress_50_40.
2026-07-23 09:52:13 [15,118ms] [Warning] [omni.physx.plugin] Invalid PhysX transform detected for /World/Stem/Stress_50_41.
2026-07-23 09:52:13 [15,118ms] [Warning] [omni.physx.plugin] Invalid PhysX transform detected for /World/Stem/Stress_50_42.
2026-07-23 09:52:13 [15,118ms] [Warning] [omni.physx.plugin] Invalid PhysX transform detected for /World/Stem/Stress_50_43.
2026-07-23 09:52:13 [15,118ms] [Warning] [omni.physx.plugin] Invalid PhysX transform detected for /World/Stem/Stress_50_44.
2026-07-23 09:52:13 [15,118ms] [Warning] [omni.physx.plugin] Invalid PhysX transform detected for /World/Stem/Stress_50_45.
2026-07-23 09:52:13 [15,118ms] [Warning] [omni.physx.plugin] Invalid PhysX transform detected for /World/Stem/Stress_50_46.
2026-07-23 09:52:13 [15,118ms] [Warning] [omni.physx.plugin] Invalid PhysX transform detected for /World/Stem/Stress_50_47.
2026-07-23 09:52:13 [15,118ms] [Warning] [omni.physx.plugin] Invalid PhysX transform detected for /World/Stem/Stress_50_48.
2026-07-23 09:52:13 [15,118ms] [Warning] [omni.physx.plugin] Invalid PhysX transform detected for /World/Stem/Stress_50_49.
2026-07-23 09:52:13 [15,118ms] [Warning] [omni.physx.plugin] Invalid PhysX transform detected for /World/Stem/Fruit_Stress_50_base.
2026-07-23 09:52:13 [15,118ms] [Warning] [omni.physx.plugin] Invalid PhysX transform detected for /World/Stem/Fruit_Stress_50_tip.
2026-07-23 09:52:13 [15,118ms] [Warning] [omni.physx.plugin] Invalid PhysX transform detected for /World/Stem/Fruit_Stress_50.
2026-07-23 09:52:13 [15,137ms] [Warning] [omni.physx.plugin] Invalid PhysX transform detected for /World/Stem/Stress_50_00.
2026-07-23 09:52:13 [15,137ms] [Warning] [omni.physx.plugin] Invalid PhysX transform detected for /World/Stem/Stress_50_01.
2026-07-23 09:52:13 [15,137ms] [Warning] [omni.physx.plugin] Invalid PhysX transform detected for /World/Stem/Stress_50_02.
2026-07-23 09:52:13 [15,137ms] [Warning] [omni.physx.plugin] Invalid PhysX transform detected for /World/Stem/Stress_50_03.
2026-07-23 09:52:13 [15,137ms] [Warning] [omni.physx.plugin] Invalid PhysX transform detected for /World/Stem/Stress_50_04.
2026-07-23 09:52:13 [15,137ms] [Warning] [omni.physx.plugin] Invalid PhysX transform detected for /World/Stem/Stress_50_05.
2026-07-23 09:52:13 [15,137ms] [Warning] [omni.physx.plugin] Invalid PhysX transform detected for /World/Stem/Stress_50_06.
2026-07-23 09:52:13 [15,137ms] [Warning] [omni.physx.plugin] Invalid PhysX transform detected for /World/Stem/Stress_50_07.
2026-07-23 09:52:13 [15,137ms] [Warning] [omni.physx.plugin] Invalid PhysX transform detected for /World/Stem/Stress_50_08.
2026-07-23 09:52:13 [15,137ms] [Warning] [omni.physx.plugin] Invalid PhysX transform detected for /World/Stem/Stress_50_09.
2026-07-23 09:52:13 [15,137ms] [Warning] [omni.physx.plugin] Invalid PhysX transform detected for /World/Stem/Stress_50_10.
2026-07-23 09:52:13 [15,137ms] [Warning] [omni.physx.plugin] Invalid PhysX transform detected for /World/Stem/Stress_50_11.
2026-07-23 09:52:13 [15,137ms] [Warning] [omni.physx.plugin] Invalid PhysX transform detected for /World/Stem/Stress_50_12.
2026-07-23 09:52:13 [15,137ms] [Warning] [omni.physx.plugin] Invalid PhysX transform detected for /World/Stem/Stress_50_13.
2026-07-23 09:52:13 [15,137ms] [Warning] [omni.physx.plugin] Invalid PhysX transform detected for /World/Stem/Stress_50_14.
2026-07-23 09:52:13 [15,137ms] [Warning] [omni.physx.plugin] Invalid PhysX transform detected for /World/Stem/Stress_50_15.
2026-07-23 09:52:13 [15,137ms] [Warning] [omni.physx.plugin] Invalid PhysX transform detected for /World/Stem/Stress_50_16.
2026-07-23 09:52:13 [15,137ms] [Warning] [omni.physx.plugin] Invalid PhysX transform detected for /World/Stem/Stress_50_17.
2026-07-23 09:52:13 [15,137ms] [Warning] [omni.physx.plugin] Invalid PhysX transform detected for /World/Stem/Stress_50_18.
2026-07-23 09:52:13 [15,137ms] [Warning] [omni.physx.plugin] Invalid PhysX transform detected for /World/Stem/Stress_50_19.
2026-07-23 09:52:13 [15,137ms] [Warning] [omni.physx.plugin] Invalid PhysX transform detected for /World/Stem/Stress_50_20.
2026-07-23 09:52:13 [15,137ms] [Warning] [omni.physx.plugin] Invalid PhysX transform detected for /World/Stem/Stress_50_21.
2026-07-23 09:52:13 [15,137ms] [Warning] [omni.physx.plugin] Invalid PhysX transform detected for /World/Stem/Stress_50_22.
2026-07-23 09:52:13 [15,137ms] [Warning] [omni.physx.plugin] Invalid PhysX transform detected for /World/Stem/Stress_50_23.
2026-07-23 09:52:13 [15,137ms] [Warning] [omni.physx.plugin] Invalid PhysX transform detected for /World/Stem/Stress_50_24.
2026-07-23 09:52:13 [15,137ms] [Warning] [omni.physx.plugin] Invalid PhysX transform detected for /World/Stem/Stress_50_25.
2026-07-23 09:52:13 [15,137ms] [Warning] [omni.physx.plugin] Invalid PhysX transform detected for /World/Stem/Stress_50_26.
2026-07-23 09:52:13 [15,137ms] [Warning] [omni.physx.plugin] Invalid PhysX transform detected for /World/Stem/Stress_50_27.
2026-07-23 09:52:13 [15,137ms] [Warning] [omni.physx.plugin] Invalid PhysX transform detected for /World/Stem/Stress_50_28.
2026-07-23 09:52:13 [15,137ms] [Warning] [omni.physx.plugin] Invalid PhysX transform detected for /World/Stem/Stress_50_29.
2026-07-23 09:52:13 [15,137ms] [Warning] [omni.physx.plugin] Invalid PhysX transform detected for /World/Stem/Stress_50_30.
2026-07-23 09:52:13 [15,137ms] [Warning] [omni.physx.plugin] Invalid PhysX transform detected for /World/Stem/Stress_50_31.
2026-07-23 09:52:13 [15,137ms] [Warning] [omni.physx.plugin] Invalid PhysX transform detected for /World/Stem/Stress_50_32.
2026-07-23 09:52:13 [15,137ms] [Warning] [omni.physx.plugin] Invalid PhysX transform detected for /World/Stem/Stress_50_33.
2026-07-23 09:52:13 [15,137ms] [Warning] [omni.physx.plugin] Invalid PhysX transform detected for /World/Stem/Stress_50_34.
2026-07-23 09:52:13 [15,137ms] [Warning] [omni.physx.plugin] Invalid PhysX transform detected for /World/Stem/Stress_50_35.
2026-07-23 09:52:13 [15,137ms] [Warning] [omni.physx.plugin] Invalid PhysX transform detected for /World/Stem/Stress_50_36.
2026-07-23 09:52:13 [15,137ms] [Warning] [omni.physx.plugin] Invalid PhysX transform detected for /World/Stem/Stress_50_37.
2026-07-23 09:52:13 [15,137ms] [Warning] [omni.physx.plugin] Invalid PhysX transform detected for /World/Stem/Stress_50_38.
2026-07-23 09:52:13 [15,137ms] [Warning] [omni.physx.plugin] Invalid PhysX transform detected for /World/Stem/Stress_50_39.
2026-07-23 09:52:13 [15,137ms] [Warning] [omni.physx.plugin] Invalid PhysX transform detected for /World/Stem/Stress_50_40.
2026-07-23 09:52:13 [15,137ms] [Warning] [omni.physx.plugin] Invalid PhysX transform detected for /World/Stem/Stress_50_41.
2026-07-23 09:52:13 [15,137ms] [Warning] [omni.physx.plugin] Invalid PhysX transform detected for /World/Stem/Stress_50_42.
2026-07-23 09:52:13 [15,137ms] [Warning] [omni.physx.plugin] Invalid PhysX transform detected for /World/Stem/Stress_50_43.
2026-07-23 09:52:13 [15,137ms] [Warning] [omni.physx.plugin] Invalid PhysX transform detected for /World/Stem/Stress_50_44.
2026-07-23 09:52:13 [15,137ms] [Warning] [omni.physx.plugin] Invalid PhysX transform detected for /World/Stem/Stress_50_45.
2026-07-23 09:52:13 [15,137ms] [Warning] [omni.physx.plugin] Invalid PhysX transform detected for /World/Stem/Stress_50_46.
2026-07-23 09:52:13 [15,137ms] [Warning] [omni.physx.plugin] Invalid PhysX transform detected for /World/Stem/Stress_50_47.
2026-07-23 09:52:13 [15,137ms] [Warning] [omni.physx.plugin] Invalid PhysX transform detected for /World/Stem/Stress_50_48.
2026-07-23 09:52:13 [15,137ms] [Warning] [omni.physx.plugin] Invalid PhysX transform detected for /World/Stem/Stress_50_49.
2026-07-23 09:52:13 [15,137ms] [Warning] [omni.physx.plugin] Invalid PhysX transform detected for /World/Stem/Fruit_Stress_50_base.
2026-07-23 09:52:13 [15,137ms] [Warning] [omni.physx.plugin] Invalid PhysX transform detected for /World/Stem/Fruit_Stress_50_tip.
2026-07-23 09:52:13 [15,137ms] [Warning] [omni.physx.plugin] Invalid PhysX transform detected for /World/Stem/Fruit_Stress_50.
2026-07-23 09:52:13 [15,155ms] [Warning] [omni.physx.plugin] Invalid PhysX transform detected for /World/Stem/Stress_50_00.
2026-07-23 09:52:13 [15,155ms] [Warning] [omni.physx.plugin] Invalid PhysX transform detected for /World/Stem/Stress_50_01.
2026-07-23 09:52:13 [15,155ms] [Warning] [omni.physx.plugin] Invalid PhysX transform detected for /World/Stem/Stress_50_02.
2026-07-23 09:52:13 [15,155ms] [Warning] [omni.physx.plugin] Invalid PhysX transform detected for /World/Stem/Stress_50_03.
2026-07-23 09:52:13 [15,155ms] [Warning] [omni.physx.plugin] Invalid PhysX transform detected for /World/Stem/Stress_50_04.
2026-07-23 09:52:13 [15,155ms] [Warning] [omni.physx.plugin] Invalid PhysX transform detected for /World/Stem/Stress_50_05.
2026-07-23 09:52:13 [15,155ms] [Warning] [omni.physx.plugin] Invalid PhysX transform detected for /World/Stem/Stress_50_06.
2026-07-23 09:52:13 [15,155ms] [Warning] [omni.physx.plugin] Invalid PhysX transform detected for /World/Stem/Stress_50_07.
2026-07-23 09:52:13 [15,155ms] [Warning] [omni.physx.plugin] Invalid PhysX transform detected for /World/Stem/Stress_50_08.
2026-07-23 09:52:13 [15,155ms] [Warning] [omni.physx.plugin] Invalid PhysX transform detected for /World/Stem/Stress_50_09.
2026-07-23 09:52:13 [15,155ms] [Warning] [omni.physx.plugin] Invalid PhysX transform detected for /World/Stem/Stress_50_10.
2026-07-23 09:52:13 [15,155ms] [Warning] [omni.physx.plugin] Invalid PhysX transform detected for /World/Stem/Stress_50_11.
2026-07-23 09:52:13 [15,155ms] [Warning] [omni.physx.plugin] Invalid PhysX transform detected for /World/Stem/Stress_50_12.
2026-07-23 09:52:13 [15,155ms] [Warning] [omni.physx.plugin] Invalid PhysX transform detected for /World/Stem/Stress_50_13.
2026-07-23 09:52:13 [15,155ms] [Warning] [omni.physx.plugin] Invalid PhysX transform detected for /World/Stem/Stress_50_14.
2026-07-23 09:52:13 [15,155ms] [Warning] [omni.physx.plugin] Invalid PhysX transform detected for /World/Stem/Stress_50_15.
2026-07-23 09:52:13 [15,155ms] [Warning] [omni.physx.plugin] Invalid PhysX transform detected for /World/Stem/Stress_50_16.
2026-07-23 09:52:13 [15,155ms] [Warning] [omni.physx.plugin] Invalid PhysX transform detected for /World/Stem/Stress_50_17.
2026-07-23 09:52:13 [15,155ms] [Warning] [omni.physx.plugin] Invalid PhysX transform detected for /World/Stem/Stress_50_18.
2026-07-23 09:52:13 [15,155ms] [Warning] [omni.physx.plugin] Invalid PhysX transform detected for /World/Stem/Stress_50_19.
2026-07-23 09:52:13 [15,155ms] [Warning] [omni.physx.plugin] Invalid PhysX transform detected for /World/Stem/Stress_50_20.
2026-07-23 09:52:13 [15,155ms] [Warning] [omni.physx.plugin] Invalid PhysX transform detected for /World/Stem/Stress_50_21.
2026-07-23 09:52:13 [15,155ms] [Warning] [omni.physx.plugin] Invalid PhysX transform detected for /World/Stem/Stress_50_22.
2026-07-23 09:52:13 [15,156ms] [Warning] [omni.physx.plugin] Invalid PhysX transform detected for /World/Stem/Stress_50_23.
2026-07-23 09:52:13 [15,156ms] [Warning] [omni.physx.plugin] Invalid PhysX transform detected for /World/Stem/Stress_50_24.
2026-07-23 09:52:13 [15,156ms] [Warning] [omni.physx.plugin] Invalid PhysX transform detected for /World/Stem/Stress_50_25.
2026-07-23 09:52:13 [15,156ms] [Warning] [omni.physx.plugin] Invalid PhysX transform detected for /World/Stem/Stress_50_26.
2026-07-23 09:52:13 [15,156ms] [Warning] [omni.physx.plugin] Invalid PhysX transform detected for /World/Stem/Stress_50_27.
2026-07-23 09:52:13 [15,156ms] [Warning] [omni.physx.plugin] Invalid PhysX transform detected for /World/Stem/Stress_50_28.
2026-07-23 09:52:13 [15,156ms] [Warning] [omni.physx.plugin] Invalid PhysX transform detected for /World/Stem/Stress_50_29.
2026-07-23 09:52:13 [15,156ms] [Warning] [omni.physx.plugin] Invalid PhysX transform detected for /World/Stem/Stress_50_30.
2026-07-23 09:52:13 [15,156ms] [Warning] [omni.physx.plugin] Invalid PhysX transform detected for /World/Stem/Stress_50_31.
2026-07-23 09:52:13 [15,156ms] [Warning] [omni.physx.plugin] Invalid PhysX transform detected for /World/Stem/Stress_50_32.
2026-07-23 09:52:13 [15,156ms] [Warning] [omni.physx.plugin] Invalid PhysX transform detected for /World/Stem/Stress_50_33.
2026-07-23 09:52:13 [15,156ms] [Warning] [omni.physx.plugin] Invalid PhysX transform detected for /World/Stem/Stress_50_34.
2026-07-23 09:52:13 [15,156ms] [Warning] [omni.physx.plugin] Invalid PhysX transform detected for /World/Stem/Stress_50_35.
2026-07-23 09:52:13 [15,156ms] [Warning] [omni.physx.plugin] Invalid PhysX transform detected for /World/Stem/Stress_50_36.
2026-07-23 09:52:13 [15,156ms] [Warning] [omni.physx.plugin] Invalid PhysX transform detected for /World/Stem/Stress_50_37.
2026-07-23 09:52:13 [15,156ms] [Warning] [omni.physx.plugin] Invalid PhysX transform detected for /World/Stem/Stress_50_38.
2026-07-23 09:52:13 [15,156ms] [Warning] [omni.physx.plugin] Invalid PhysX transform detected for /World/Stem/Stress_50_39.
2026-07-23 09:52:13 [15,156ms] [Warning] [omni.physx.plugin] Invalid PhysX transform detected for /World/Stem/Stress_50_40.
2026-07-23 09:52:13 [15,156ms] [Warning] [omni.physx.plugin] Invalid PhysX transform detected for /World/Stem/Stress_50_41.
2026-07-23 09:52:13 [15,156ms] [Warning] [omni.physx.plugin] Invalid PhysX transform detected for /World/Stem/Stress_50_42.
2026-07-23 09:52:13 [15,156ms] [Warning] [omni.physx.plugin] Invalid PhysX transform detected for /World/Stem/Stress_50_43.
2026-07-23 09:52:13 [15,156ms] [Warning] [omni.physx.plugin] Invalid PhysX transform detected for /World/Stem/Stress_50_44.
2026-07-23 09:52:13 [15,156ms] [Warning] [omni.physx.plugin] Invalid PhysX transform detected for /World/Stem/Stress_50_45.
2026-07-23 09:52:13 [15,156ms] [Warning] [omni.physx.plugin] Invalid PhysX transform detected for /World/Stem/Stress_50_46.
2026-07-23 09:52:13 [15,156ms] [Warning] [omni.physx.plugin] Invalid PhysX transform detected for /World/Stem/Stress_50_47.
2026-07-23 09:52:13 [15,156ms] [Warning] [omni.physx.plugin] Invalid PhysX transform detected for /World/Stem/Stress_50_48.
2026-07-23 09:52:13 [15,156ms] [Warning] [omni.physx.plugin] Invalid PhysX transform detected for /World/Stem/Stress_50_49.
2026-07-23 09:52:13 [15,156ms] [Warning] [omni.physx.plugin] Invalid PhysX transform detected for /World/Stem/Fruit_Stress_50_base.
2026-07-23 09:52:13 [15,156ms] [Warning] [omni.physx.plugin] Invalid PhysX transform detected for /World/Stem/Fruit_Stress_50_tip.
2026-07-23 09:52:13 [15,156ms] [Warning] [omni.physx.plugin] Invalid PhysX transform detected for /World/Stem/Fruit_Stress_50.
2026-07-23 09:52:13 [15,174ms] [Warning] [omni.physx.plugin] Invalid PhysX transform detected for /World/Stem/Stress_50_00.
2026-07-23 09:52:13 [15,174ms] [Warning] [omni.physx.plugin] Invalid PhysX transform detected for /World/Stem/Stress_50_01.
2026-07-23 09:52:13 [15,174ms] [Warning] [omni.physx.plugin] Invalid PhysX transform detected for /World/Stem/Stress_50_02.
2026-07-23 09:52:13 [15,174ms] [Warning] [omni.physx.plugin] Invalid PhysX transform detected for /World/Stem/Stress_50_03.
2026-07-23 09:52:13 [15,174ms] [Warning] [omni.physx.plugin] Invalid PhysX transform detected for /World/Stem/Stress_50_04.
2026-07-23 09:52:13 [15,174ms] [Warning] [omni.physx.plugin] Invalid PhysX transform detected for /World/Stem/Stress_50_05.
2026-07-23 09:52:13 [15,174ms] [Warning] [omni.physx.plugin] Invalid PhysX transform detected for /World/Stem/Stress_50_06.
2026-07-23 09:52:13 [15,174ms] [Warning] [omni.physx.plugin] Invalid PhysX transform detected for /World/Stem/Stress_50_07.
2026-07-23 09:52:13 [15,174ms] [Warning] [omni.physx.plugin] Invalid PhysX transform detected for /World/Stem/Stress_50_08.
2026-07-23 09:52:13 [15,174ms] [Warning] [omni.physx.plugin] Invalid PhysX transform detected for /World/Stem/Stress_50_09.
2026-07-23 09:52:13 [15,174ms] [Warning] [omni.physx.plugin] Invalid PhysX transform detected for /World/Stem/Stress_50_10.
2026-07-23 09:52:13 [15,174ms] [Warning] [omni.physx.plugin] Invalid PhysX transform detected for /World/Stem/Stress_50_11.
2026-07-23 09:52:13 [15,174ms] [Warning] [omni.physx.plugin] Invalid PhysX transform detected for /World/Stem/Stress_50_12.
2026-07-23 09:52:13 [15,174ms] [Warning] [omni.physx.plugin] Invalid PhysX transform detected for /World/Stem/Stress_50_13.
2026-07-23 09:52:13 [15,174ms] [Warning] [omni.physx.plugin] Invalid PhysX transform detected for /World/Stem/Stress_50_14.
2026-07-23 09:52:13 [15,174ms] [Warning] [omni.physx.plugin] Invalid PhysX transform detected for /World/Stem/Stress_50_15.
2026-07-23 09:52:13 [15,174ms] [Warning] [omni.physx.plugin] Invalid PhysX transform detected for /World/Stem/Stress_50_16.
2026-07-23 09:52:13 [15,174ms] [Warning] [omni.physx.plugin] Invalid PhysX transform detected for /World/Stem/Stress_50_17.
2026-07-23 09:52:13 [15,174ms] [Warning] [omni.physx.plugin] Invalid PhysX transform detected for /World/Stem/Stress_50_18.
2026-07-23 09:52:13 [15,174ms] [Warning] [omni.physx.plugin] Invalid PhysX transform detected for /World/Stem/Stress_50_19.
2026-07-23 09:52:13 [15,174ms] [Warning] [omni.physx.plugin] Invalid PhysX transform detected for /World/Stem/Stress_50_20.
2026-07-23 09:52:13 [15,174ms] [Warning] [omni.physx.plugin] Invalid PhysX transform detected for /World/Stem/Stress_50_21.
2026-07-23 09:52:13 [15,174ms] [Warning] [omni.physx.plugin] Invalid PhysX transform detected for /World/Stem/Stress_50_22.
2026-07-23 09:52:13 [15,174ms] [Warning] [omni.physx.plugin] Invalid PhysX transform detected for /World/Stem/Stress_50_23.
2026-07-23 09:52:13 [15,174ms] [Warning] [omni.physx.plugin] Invalid PhysX transform detected for /World/Stem/Stress_50_24.
2026-07-23 09:52:13 [15,174ms] [Warning] [omni.physx.plugin] Invalid PhysX transform detected for /World/Stem/Stress_50_25.
2026-07-23 09:52:13 [15,174ms] [Warning] [omni.physx.plugin] Invalid PhysX transform detected for /World/Stem/Stress_50_26.
2026-07-23 09:52:13 [15,174ms] [Warning] [omni.physx.plugin] Invalid PhysX transform detected for /World/Stem/Stress_50_27.
2026-07-23 09:52:13 [15,174ms] [Warning] [omni.physx.plugin] Invalid PhysX transform detected for /World/Stem/Stress_50_28.
2026-07-23 09:52:13 [15,174ms] [Warning] [omni.physx.plugin] Invalid PhysX transform detected for /World/Stem/Stress_50_29.
2026-07-23 09:52:13 [15,174ms] [Warning] [omni.physx.plugin] Invalid PhysX transform detected for /World/Stem/Stress_50_30.
2026-07-23 09:52:13 [15,174ms] [Warning] [omni.physx.plugin] Invalid PhysX transform detected for /World/Stem/Stress_50_31.
2026-07-23 09:52:13 [15,174ms] [Warning] [omni.physx.plugin] Invalid PhysX transform detected for /World/Stem/Stress_50_32.
2026-07-23 09:52:13 [15,174ms] [Warning] [omni.physx.plugin] Invalid PhysX transform detected for /World/Stem/Stress_50_33.
2026-07-23 09:52:13 [15,174ms] [Warning] [omni.physx.plugin] Invalid PhysX transform detected for /World/Stem/Stress_50_34.
2026-07-23 09:52:13 [15,174ms] [Warning] [omni.physx.plugin] Invalid PhysX transform detected for /World/Stem/Stress_50_35.
2026-07-23 09:52:13 [15,174ms] [Warning] [omni.physx.plugin] Invalid PhysX transform detected for /World/Stem/Stress_50_36.
2026-07-23 09:52:13 [15,174ms] [Warning] [omni.physx.plugin] Invalid PhysX transform detected for /World/Stem/Stress_50_37.
2026-07-23 09:52:13 [15,174ms] [Warning] [omni.physx.plugin] Invalid PhysX transform detected for /World/Stem/Stress_50_38.
2026-07-23 09:52:13 [15,174ms] [Warning] [omni.physx.plugin] Invalid PhysX transform detected for /World/Stem/Stress_50_39.
2026-07-23 09:52:13 [15,174ms] [Warning] [omni.physx.plugin] Invalid PhysX transform detected for /World/Stem/Stress_50_40.
2026-07-23 09:52:13 [15,174ms] [Warning] [omni.physx.plugin] Invalid PhysX transform detected for /World/Stem/Stress_50_41.
2026-07-23 09:52:13 [15,174ms] [Warning] [omni.physx.plugin] Invalid PhysX transform detected for /World/Stem/Stress_50_42.
2026-07-23 09:52:13 [15,174ms] [Warning] [omni.physx.plugin] Invalid PhysX transform detected for /World/Stem/Stress_50_43.
2026-07-23 09:52:13 [15,174ms] [Warning] [omni.physx.plugin] Invalid PhysX transform detected for /World/Stem/Stress_50_44.
2026-07-23 09:52:13 [15,174ms] [Warning] [omni.physx.plugin] Invalid PhysX transform detected for /World/Stem/Stress_50_45.
2026-07-23 09:52:13 [15,174ms] [Warning] [omni.physx.plugin] Invalid PhysX transform detected for /World/Stem/Stress_50_46.
2026-07-23 09:52:13 [15,174ms] [Warning] [omni.physx.plugin] Invalid PhysX transform detected for /World/Stem/Stress_50_47.
2026-07-23 09:52:13 [15,174ms] [Warning] [omni.physx.plugin] Invalid PhysX transform detected for /World/Stem/Stress_50_48.
2026-07-23 09:52:13 [15,174ms] [Warning] [omni.physx.plugin] Invalid PhysX transform detected for /World/Stem/Stress_50_49.
2026-07-23 09:52:13 [15,174ms] [Warning] [omni.physx.plugin] Invalid PhysX transform detected for /World/Stem/Fruit_Stress_50_base.
2026-07-23 09:52:13 [15,174ms] [Warning] [omni.physx.plugin] Invalid PhysX transform detected for /World/Stem/Fruit_Stress_50_tip.
2026-07-23 09:52:13 [15,174ms] [Warning] [omni.physx.plugin] Invalid PhysX transform detected for /World/Stem/Fruit_Stress_50.
2026-07-23 09:52:13 [15,193ms] [Warning] [omni.physx.plugin] Invalid PhysX transform detected for /World/Stem/Stress_50_00.
2026-07-23 09:52:13 [15,193ms] [Warning] [omni.physx.plugin] Invalid PhysX transform detected for /World/Stem/Stress_50_01.
2026-07-23 09:52:13 [15,193ms] [Warning] [omni.physx.plugin] Invalid PhysX transform detected for /World/Stem/Stress_50_02.
2026-07-23 09:52:13 [15,193ms] [Warning] [omni.physx.plugin] Invalid PhysX transform detected for /World/Stem/Stress_50_03.
2026-07-23 09:52:13 [15,193ms] [Warning] [omni.physx.plugin] Invalid PhysX transform detected for /World/Stem/Stress_50_04.
2026-07-23 09:52:13 [15,193ms] [Warning] [omni.physx.plugin] Invalid PhysX transform detected for /World/Stem/Stress_50_05.
2026-07-23 09:52:13 [15,193ms] [Warning] [omni.physx.plugin] Invalid PhysX transform detected for /World/Stem/Stress_50_06.
2026-07-23 09:52:13 [15,193ms] [Warning] [omni.physx.plugin] Invalid PhysX transform detected for /World/Stem/Stress_50_07.
2026-07-23 09:52:13 [15,193ms] [Warning] [omni.physx.plugin] Invalid PhysX transform detected for /World/Stem/Stress_50_08.
2026-07-23 09:52:13 [15,193ms] [Warning] [omni.physx.plugin] Invalid PhysX transform detected for /World/Stem/Stress_50_09.
2026-07-23 09:52:13 [15,193ms] [Warning] [omni.physx.plugin] Invalid PhysX transform detected for /World/Stem/Stress_50_10.
2026-07-23 09:52:13 [15,193ms] [Warning] [omni.physx.plugin] Invalid PhysX transform detected for /World/Stem/Stress_50_11.
2026-07-23 09:52:13 [15,193ms] [Warning] [omni.physx.plugin] Invalid PhysX transform detected for /World/Stem/Stress_50_12.
2026-07-23 09:52:13 [15,193ms] [Warning] [omni.physx.plugin] Invalid PhysX transform detected for /World/Stem/Stress_50_13.
2026-07-23 09:52:13 [15,193ms] [Warning] [omni.physx.plugin] Invalid PhysX transform detected for /World/Stem/Stress_50_14.
2026-07-23 09:52:13 [15,193ms] [Warning] [omni.physx.plugin] Invalid PhysX transform detected for /World/Stem/Stress_50_15.
2026-07-23 09:52:13 [15,193ms] [Warning] [omni.physx.plugin] Invalid PhysX transform detected for /World/Stem/Stress_50_16.
2026-07-23 09:52:13 [15,193ms] [Warning] [omni.physx.plugin] Invalid PhysX transform detected for /World/Stem/Stress_50_17.
2026-07-23 09:52:13 [15,193ms] [Warning] [omni.physx.plugin] Invalid PhysX transform detected for /World/Stem/Stress_50_18.
2026-07-23 09:52:13 [15,193ms] [Warning] [omni.physx.plugin] Invalid PhysX transform detected for /World/Stem/Stress_50_19.
2026-07-23 09:52:13 [15,193ms] [Warning] [omni.physx.plugin] Invalid PhysX transform detected for /World/Stem/Stress_50_20.
2026-07-23 09:52:13 [15,193ms] [Warning] [omni.physx.plugin] Invalid PhysX transform detected for /World/Stem/Stress_50_21.
2026-07-23 09:52:13 [15,193ms] [Warning] [omni.physx.plugin] Invalid PhysX transform detected for /World/Stem/Stress_50_22.
2026-07-23 09:52:13 [15,193ms] [Warning] [omni.physx.plugin] Invalid PhysX transform detected for /World/Stem/Stress_50_23.
2026-07-23 09:52:13 [15,193ms] [Warning] [omni.physx.plugin] Invalid PhysX transform detected for /World/Stem/Stress_50_24.
2026-07-23 09:52:13 [15,193ms] [Warning] [omni.physx.plugin] Invalid PhysX transform detected for /World/Stem/Stress_50_25.
2026-07-23 09:52:13 [15,193ms] [Warning] [omni.physx.plugin] Invalid PhysX transform detected for /World/Stem/Stress_50_26.
2026-07-23 09:52:13 [15,193ms] [Warning] [omni.physx.plugin] Invalid PhysX transform detected for /World/Stem/Stress_50_27.
2026-07-23 09:52:13 [15,193ms] [Warning] [omni.physx.plugin] Invalid PhysX transform detected for /World/Stem/Stress_50_28.
2026-07-23 09:52:13 [15,193ms] [Warning] [omni.physx.plugin] Invalid PhysX transform detected for /World/Stem/Stress_50_29.
2026-07-23 09:52:13 [15,193ms] [Warning] [omni.physx.plugin] Invalid PhysX transform detected for /World/Stem/Stress_50_30.
2026-07-23 09:52:13 [15,193ms] [Warning] [omni.physx.plugin] Invalid PhysX transform detected for /World/Stem/Stress_50_31.
2026-07-23 09:52:13 [15,193ms] [Warning] [omni.physx.plugin] Invalid PhysX transform detected for /World/Stem/Stress_50_32.
2026-07-23 09:52:13 [15,193ms] [Warning] [omni.physx.plugin] Invalid PhysX transform detected for /World/Stem/Stress_50_33.
2026-07-23 09:52:13 [15,193ms] [Warning] [omni.physx.plugin] Invalid PhysX transform detected for /World/Stem/Stress_50_34.
2026-07-23 09:52:13 [15,193ms] [Warning] [omni.physx.plugin] Invalid PhysX transform detected for /World/Stem/Stress_50_35.
2026-07-23 09:52:13 [15,193ms] [Warning] [omni.physx.plugin] Invalid PhysX transform detected for /World/Stem/Stress_50_36.
2026-07-23 09:52:13 [15,193ms] [Warning] [omni.physx.plugin] Invalid PhysX transform detected for /World/Stem/Stress_50_37.
2026-07-23 09:52:13 [15,193ms] [Warning] [omni.physx.plugin] Invalid PhysX transform detected for /World/Stem/Stress_50_38.
2026-07-23 09:52:13 [15,193ms] [Warning] [omni.physx.plugin] Invalid PhysX transform detected for /World/Stem/Stress_50_39.
2026-07-23 09:52:13 [15,193ms] [Warning] [omni.physx.plugin] Invalid PhysX transform detected for /World/Stem/Stress_50_40.
2026-07-23 09:52:13 [15,193ms] [Warning] [omni.physx.plugin] Invalid PhysX transform detected for /World/Stem/Stress_50_41.
2026-07-23 09:52:13 [15,193ms] [Warning] [omni.physx.plugin] Invalid PhysX transform detected for /World/Stem/Stress_50_42.
2026-07-23 09:52:13 [15,193ms] [Warning] [omni.physx.plugin] Invalid PhysX transform detected for /World/Stem/Stress_50_43.
2026-07-23 09:52:13 [15,193ms] [Warning] [omni.physx.plugin] Invalid PhysX transform detected for /World/Stem/Stress_50_44.
2026-07-23 09:52:13 [15,193ms] [Warning] [omni.physx.plugin] Invalid PhysX transform detected for /World/Stem/Stress_50_45.
2026-07-23 09:52:13 [15,193ms] [Warning] [omni.physx.plugin] Invalid PhysX transform detected for /World/Stem/Stress_50_46.
2026-07-23 09:52:13 [15,193ms] [Warning] [omni.physx.plugin] Invalid PhysX transform detected for /World/Stem/Stress_50_47.
2026-07-23 09:52:13 [15,193ms] [Warning] [omni.physx.plugin] Invalid PhysX transform detected for /World/Stem/Stress_50_48.
2026-07-23 09:52:13 [15,193ms] [Warning] [omni.physx.plugin] Invalid PhysX transform detected for /World/Stem/Stress_50_49.
2026-07-23 09:52:13 [15,193ms] [Warning] [omni.physx.plugin] Invalid PhysX transform detected for /World/Stem/Fruit_Stress_50_base.
2026-07-23 09:52:13 [15,193ms] [Warning] [omni.physx.plugin] Invalid PhysX transform detected for /World/Stem/Fruit_Stress_50_tip.
2026-07-23 09:52:13 [15,193ms] [Warning] [omni.physx.plugin] Invalid PhysX transform detected for /World/Stem/Fruit_Stress_50.
2026-07-23 09:52:13 [15,211ms] [Warning] [omni.physx.plugin] Invalid PhysX transform detected for /World/Stem/Stress_50_00.
2026-07-23 09:52:13 [15,211ms] [Warning] [omni.physx.plugin] Invalid PhysX transform detected for /World/Stem/Stress_50_01.
2026-07-23 09:52:13 [15,211ms] [Warning] [omni.physx.plugin] Invalid PhysX transform detected for /World/Stem/Stress_50_02.
2026-07-23 09:52:13 [15,211ms] [Warning] [omni.physx.plugin] Invalid PhysX transform detected for /World/Stem/Stress_50_03.
2026-07-23 09:52:13 [15,211ms] [Warning] [omni.physx.plugin] Invalid PhysX transform detected for /World/Stem/Stress_50_04.
2026-07-23 09:52:13 [15,211ms] [Warning] [omni.physx.plugin] Invalid PhysX transform detected for /World/Stem/Stress_50_05.
2026-07-23 09:52:13 [15,211ms] [Warning] [omni.physx.plugin] Invalid PhysX transform detected for /World/Stem/Stress_50_06.
2026-07-23 09:52:13 [15,211ms] [Warning] [omni.physx.plugin] Invalid PhysX transform detected for /World/Stem/Stress_50_07.
2026-07-23 09:52:13 [15,211ms] [Warning] [omni.physx.plugin] Invalid PhysX transform detected for /World/Stem/Stress_50_08.
2026-07-23 09:52:13 [15,211ms] [Warning] [omni.physx.plugin] Invalid PhysX transform detected for /World/Stem/Stress_50_09.
2026-07-23 09:52:13 [15,211ms] [Warning] [omni.physx.plugin] Invalid PhysX transform detected for /World/Stem/Stress_50_10.
2026-07-23 09:52:13 [15,211ms] [Warning] [omni.physx.plugin] Invalid PhysX transform detected for /World/Stem/Stress_50_11.
2026-07-23 09:52:13 [15,211ms] [Warning] [omni.physx.plugin] Invalid PhysX transform detected for /World/Stem/Stress_50_12.
2026-07-23 09:52:13 [15,211ms] [Warning] [omni.physx.plugin] Invalid PhysX transform detected for /World/Stem/Stress_50_13.
2026-07-23 09:52:13 [15,211ms] [Warning] [omni.physx.plugin] Invalid PhysX transform detected for /World/Stem/Stress_50_14.
2026-07-23 09:52:13 [15,211ms] [Warning] [omni.physx.plugin] Invalid PhysX transform detected for /World/Stem/Stress_50_15.
2026-07-23 09:52:13 [15,211ms] [Warning] [omni.physx.plugin] Invalid PhysX transform detected for /World/Stem/Stress_50_16.
2026-07-23 09:52:13 [15,211ms] [Warning] [omni.physx.plugin] Invalid PhysX transform detected for /World/Stem/Stress_50_17.
2026-07-23 09:52:13 [15,211ms] [Warning] [omni.physx.plugin] Invalid PhysX transform detected for /World/Stem/Stress_50_18.
2026-07-23 09:52:13 [15,211ms] [Warning] [omni.physx.plugin] Invalid PhysX transform detected for /World/Stem/Stress_50_19.
2026-07-23 09:52:13 [15,211ms] [Warning] [omni.physx.plugin] Invalid PhysX transform detected for /World/Stem/Stress_50_20.
2026-07-23 09:52:13 [15,211ms] [Warning] [omni.physx.plugin] Invalid PhysX transform detected for /World/Stem/Stress_50_21.
2026-07-23 09:52:13 [15,211ms] [Warning] [omni.physx.plugin] Invalid PhysX transform detected for /World/Stem/Stress_50_22.
2026-07-23 09:52:13 [15,211ms] [Warning] [omni.physx.plugin] Invalid PhysX transform detected for /World/Stem/Stress_50_23.
2026-07-23 09:52:13 [15,211ms] [Warning] [omni.physx.plugin] Invalid PhysX transform detected for /World/Stem/Stress_50_24.
2026-07-23 09:52:13 [15,211ms] [Warning] [omni.physx.plugin] Invalid PhysX transform detected for /World/Stem/Stress_50_25.
2026-07-23 09:52:13 [15,211ms] [Warning] [omni.physx.plugin] Invalid PhysX transform detected for /World/Stem/Stress_50_26.
2026-07-23 09:52:13 [15,211ms] [Warning] [omni.physx.plugin] Invalid PhysX transform detected for /World/Stem/Stress_50_27.
2026-07-23 09:52:13 [15,211ms] [Warning] [omni.physx.plugin] Invalid PhysX transform detected for /World/Stem/Stress_50_28.
2026-07-23 09:52:13 [15,211ms] [Warning] [omni.physx.plugin] Invalid PhysX transform detected for /World/Stem/Stress_50_29.
2026-07-23 09:52:13 [15,211ms] [Warning] [omni.physx.plugin] Invalid PhysX transform detected for /World/Stem/Stress_50_30.
2026-07-23 09:52:13 [15,211ms] [Warning] [omni.physx.plugin] Invalid PhysX transform detected for /World/Stem/Stress_50_31.
2026-07-23 09:52:13 [15,211ms] [Warning] [omni.physx.plugin] Invalid PhysX transform detected for /World/Stem/Stress_50_32.
2026-07-23 09:52:13 [15,211ms] [Warning] [omni.physx.plugin] Invalid PhysX transform detected for /World/Stem/Stress_50_33.
2026-07-23 09:52:13 [15,211ms] [Warning] [omni.physx.plugin] Invalid PhysX transform detected for /World/Stem/Stress_50_34.
2026-07-23 09:52:13 [15,211ms] [Warning] [omni.physx.plugin] Invalid PhysX transform detected for /World/Stem/Stress_50_35.
2026-07-23 09:52:13 [15,211ms] [Warning] [omni.physx.plugin] Invalid PhysX transform detected for /World/Stem/Stress_50_36.
2026-07-23 09:52:13 [15,211ms] [Warning] [omni.physx.plugin] Invalid PhysX transform detected for /World/Stem/Stress_50_37.
2026-07-23 09:52:13 [15,211ms] [Warning] [omni.physx.plugin] Invalid PhysX transform detected for /World/Stem/Stress_50_38.
2026-07-23 09:52:13 [15,211ms] [Warning] [omni.physx.plugin] Invalid PhysX transform detected for /World/Stem/Stress_50_39.
2026-07-23 09:52:13 [15,211ms] [Warning] [omni.physx.plugin] Invalid PhysX transform detected for /World/Stem/Stress_50_40.
2026-07-23 09:52:13 [15,211ms] [Warning] [omni.physx.plugin] Invalid PhysX transform detected for /World/Stem/Stress_50_41.
2026-07-23 09:52:13 [15,211ms] [Warning] [omni.physx.plugin] Invalid PhysX transform detected for /World/Stem/Stress_50_42.
2026-07-23 09:52:13 [15,211ms] [Warning] [omni.physx.plugin] Invalid PhysX transform detected for /World/Stem/Stress_50_43.
2026-07-23 09:52:13 [15,211ms] [Warning] [omni.physx.plugin] Invalid PhysX transform detected for /World/Stem/Stress_50_44.
2026-07-23 09:52:13 [15,211ms] [Warning] [omni.physx.plugin] Invalid PhysX transform detected for /World/Stem/Stress_50_45.
2026-07-23 09:52:13 [15,211ms] [Warning] [omni.physx.plugin] Invalid PhysX transform detected for /World/Stem/Stress_50_46.
2026-07-23 09:52:13 [15,211ms] [Warning] [omni.physx.plugin] Invalid PhysX transform detected for /World/Stem/Stress_50_47.
2026-07-23 09:52:13 [15,211ms] [Warning] [omni.physx.plugin] Invalid PhysX transform detected for /World/Stem/Stress_50_48.
2026-07-23 09:52:13 [15,211ms] [Warning] [omni.physx.plugin] Invalid PhysX transform detected for /World/Stem/Stress_50_49.
2026-07-23 09:52:13 [15,211ms] [Warning] [omni.physx.plugin] Invalid PhysX transform detected for /World/Stem/Fruit_Stress_50_base.
2026-07-23 09:52:13 [15,211ms] [Warning] [omni.physx.plugin] Invalid PhysX transform detected for /World/Stem/Fruit_Stress_50_tip.
2026-07-23 09:52:13 [15,211ms] [Warning] [omni.physx.plugin] Invalid PhysX transform detected for /World/Stem/Fruit_Stress_50.
[16.330s] Simulation App Shutting Down
