#usda 1.0
(
    defaultPrim = "Plant_1"
    metersPerUnit = 1
    upAxis = "Z"
)

def Xform "Plant_1" (
    prepend apiSchemas = ["PhysicsArticulationRootAPI"]
)
{
    def Xform "Stem"
    {
        def Cylinder "Internode_o0_r0" (
            prepend apiSchemas = ["PhysicsCollisionAPI"]
        )
        {
            uniform token axis = "Z"
            double height = 0.009271495
            rel material:binding = </Plant_1/Materials/Stem>
            double radius = 0.00322005907192895
            matrix4d xformOp:transform = ( (1, 0, 0, 0), (0, 1, 0, 0), (0, 0, 1, 0), (0, 0, 0.0046357475, 1) )
            uniform token[] xformOpOrder = ["xformOp:transform"]
        }

        def Cylinder "Internode_o0_r1" (
            prepend apiSchemas = ["PhysicsCollisionAPI"]
        )
        {
            uniform token axis = "Z"
            double height = 0.010039136
            rel material:binding = </Plant_1/Materials/Stem>
            double radius = 0.00334230173118215
            matrix4d xformOp:transform = ( (1, 0, 0, 0), (0, 1, 0, 0), (0, 0, 1, 0), (0, 0, 0.014291063, 1) )
            uniform token[] xformOpOrder = ["xformOp:transform"]
        }

        def Cylinder "Internode_o0_r2" (
            prepend apiSchemas = ["PhysicsCollisionAPI"]
        )
        {
            uniform token axis = "Z"
            double height = 0.016200904
            rel material:binding = </Plant_1/Materials/Stem>
            double radius = 0.00418215937586575
            matrix4d xformOp:transform = ( (1, 0, 0, 0), (0, 1, 0, 0), (0, 0, 1, 0), (0, 0, 0.027411083000000003, 1) )
            uniform token[] xformOpOrder = ["xformOp:transform"]
        }

        def Cylinder "Internode_o0_r3" (
            prepend apiSchemas = ["PhysicsCollisionAPI"]
        )
        {
            uniform token axis = "Z"
            double height = 0.016087174
            rel material:binding = </Plant_1/Materials/Stem>
            double radius = 0.00416838185043765
            matrix4d xformOp:transform = ( (1, 0, 0, 0), (0, 1, 0, 0), (0, 0, 1, 0), (0, 0, 0.043555121999999995, 1) )
            uniform token[] xformOpOrder = ["xformOp:transform"]
        }

        def Cylinder "Internode_o0_r4" (
            prepend apiSchemas = ["PhysicsCollisionAPI"]
        )
        {
            uniform token axis = "Z"
            double height = 0.015273376
            rel material:binding = </Plant_1/Materials/Stem>
            double radius = 0.0040682480124517
            matrix4d xformOp:transform = ( (1, 0, 0, 0), (0, 1, 0, 0), (0, 0, 1, 0), (0, 0, 0.059235396999999995, 1) )
            uniform token[] xformOpOrder = ["xformOp:transform"]
        }

        def Cylinder "Internode_o0_r5" (
            prepend apiSchemas = ["PhysicsCollisionAPI"]
        )
        {
            uniform token axis = "Z"
            double height = 0.013863279
            rel material:binding = </Plant_1/Materials/Stem>
            double radius = 0.00388778271656935
            matrix4d xformOp:transform = ( (1, 0, 0, 0), (0, 1, 0, 0), (0, 0, 1, 0), (0, 0, 0.0738037245, 1) )
            uniform token[] xformOpOrder = ["xformOp:transform"]
        }

        def Cylinder "Internode_o0_r6" (
            prepend apiSchemas = ["PhysicsCollisionAPI"]
        )
        {
            uniform token axis = "Z"
            double height = 0.027809002
            rel material:binding = </Plant_1/Materials/Stem>
            double radius = 0.00362551345894715
            matrix4d xformOp:transform = ( (1, 0, 0, 0), (0, 1, 0, 0), (0, 0, 1, 0), (0, 0, 0.094639865, 1) )
            uniform token[] xformOpOrder = ["xformOp:transform"]
        }

        def Cylinder "Internode_o0_r7" (
            prepend apiSchemas = ["PhysicsCollisionAPI"]
        )
        {
            uniform token axis = "Z"
            double height = 0.019547831
            rel material:binding = </Plant_1/Materials/Stem>
            double radius = 0.00301881320922685
            matrix4d xformOp:transform = ( (1, 0, 0, 0), (0, 1, 0, 0), (0, 0, 1, 0), (0, 0, 0.11831828150000001, 1) )
            uniform token[] xformOpOrder = ["xformOp:transform"]
        }

        def Cylinder "Internode_o1_r1" (
            prepend apiSchemas = ["PhysicsCollisionAPI"]
        )
        {
            uniform token axis = "Z"
            double height = 0.020708203
            rel material:binding = </Plant_1/Materials/Stem>
            double radius = 0.00311062230083
            matrix4d xformOp:transform = ( (1, 0, 0, 0), (0, 1, 0, 0), (0, 0, 1, 0), (0, 0, 0.019625596500000002, 1) )
            uniform token[] xformOpOrder = ["xformOp:transform"]
        }
    }

    def Xform "Roots"
    {
        def Sphere "Root"
        {
            rel material:binding = </Plant_1/Materials/Root>
            double radius = 0.005
            matrix4d xformOp:transform = ( (1, 0, 0, 0), (0, 1, 0, 0), (0, 0, 1, 0), (0, 0, -0.005, 1) )
            uniform token[] xformOpOrder = ["xformOp:transform"]
        }
    }

    def Xform "Materials"
    {
        def Material "Stem"
        {
            token outputs:surface.connect = </Plant_1/Materials/Stem/Shader.outputs:surface>

            def Shader "Shader"
            {
                uniform token info:id = "UsdPreviewSurface"
                color3f inputs:diffuseColor = (0.45, 0.3, 0.1)
                float inputs:metallic = 0
                float inputs:roughness = 0.6
                token outputs:surface
            }
        }

        def Material "Root"
        {
            token outputs:surface.connect = </Plant_1/Materials/Root/Shader.outputs:surface>

            def Shader "Shader"
            {
                uniform token info:id = "UsdPreviewSurface"
                color3f inputs:diffuseColor = (0.55, 0.35, 0.15)
                float inputs:metallic = 0
                float inputs:roughness = 0.6
                token outputs:surface
            }
        }

        def Material "Leaf"
        {
            token outputs:surface.connect = </Plant_1/Materials/Leaf/Shader.outputs:surface>

            def Shader "Shader"
            {
                uniform token info:id = "UsdPreviewSurface"
                color3f inputs:diffuseColor = (0.15, 0.55, 0.1)
                float inputs:metallic = 0
                float inputs:roughness = 0.6
                token outputs:surface
            }
        }

        def Material "Pedicel"
        {
            token outputs:surface.connect = </Plant_1/Materials/Pedicel/Shader.outputs:surface>

            def Shader "Shader"
            {
                uniform token info:id = "UsdPreviewSurface"
                color3f inputs:diffuseColor = (0.2, 0.5, 0.1)
                float inputs:metallic = 0
                float inputs:roughness = 0.6
                token outputs:surface
            }
        }

        def Material "FruitRipe"
        {
            token outputs:surface.connect = </Plant_1/Materials/FruitRipe/Shader.outputs:surface>

            def Shader "Shader"
            {
                uniform token info:id = "UsdPreviewSurface"
                color3f inputs:diffuseColor = (0.9, 0.17, 0.1)
                float inputs:metallic = 0
                float inputs:roughness = 0.6
                token outputs:surface
            }
        }

        def Material "FruitUnripe"
        {
            token outputs:surface.connect = </Plant_1/Materials/FruitUnripe/Shader.outputs:surface>

            def Shader "Shader"
            {
                uniform token info:id = "UsdPreviewSurface"
                color3f inputs:diffuseColor = (0.45, 0.58, 0.25)
                float inputs:metallic = 0
                float inputs:roughness = 0.6
                token outputs:surface
            }
        }
    }

    def Xform "Leaves"
    {
        def Xform "Leaf_o1_r1_i0" (
            prepend apiSchemas = ["PhysicsRigidBodyAPI", "PhysicsMassAPI", "PhysicsFilteredPairsAPI"]
        )
        {
            prepend rel physics:filteredPairs = </Plant_1/Stem/Internode_o1_r1>
            float physics:mass = 0.05

            def Cylinder "Petiole" (
                prepend apiSchemas = ["PhysicsCollisionAPI"]
            )
            {
                uniform token axis = "Z"
                double height = 0.007820638
                rel material:binding = </Plant_1/Materials/Leaf>
                double radius = 0.00085398765
                matrix4d xformOp:transform = ( (-0.6755902076156604, -0.737277336810124, 0, 0), (0.25216370040656594, -0.23106545963812644, 0.9396926207859084, 0), (-0.6928140728731603, 0.6348471327716558, 0.3420201433256687, 0), (-0.002709124032623303, 0.0024824548053725285, 0.021234735864829084, 1) )
                uniform token[] xformOpOrder = ["xformOp:transform"]
            }

            def Cylinder "Rachis" (
                prepend apiSchemas = ["PhysicsCollisionAPI"]
            )
            {
                uniform token axis = "Z"
                double height = 0.011938389
                rel material:binding = </Plant_1/Materials/Leaf>
                double radius = 0.00051239259
                matrix4d xformOp:transform = ( (-0.6755902076156604, -0.737277336810124, 0, 0), (0.25216370040656594, -0.23106545963812644, 0.9396926207859084, 0), (-0.6928140728731603, 0.6348471327716558, 0.3420201433256687, 0), (-0.009553790018563674, 0.008754435624026394, 0.024613728488086965, 1) )
                uniform token[] xformOpOrder = ["xformOp:transform"]
            }

            def Cylinder "Petiolule_0" (
                prepend apiSchemas = ["PhysicsCollisionAPI"]
            )
            {
                uniform token axis = "Z"
                double height = 0.01
                rel material:binding = </Plant_1/Materials/Leaf>
                double radius = 0.00034159506
                matrix4d xformOp:transform = ( (0.16064560780738846, -0.9870121522515286, 0, 0), (0.21699097998550732, 0.035317344157287905, 0.9755345200486782, 0), (-0.9628644262289079, -0.1567153359103089, 0.2198463103929542, 0), (-0.010232570196391146, 0.004181332931193512, 0.02367137528162294, 1) )
                uniform token[] xformOpOrder = ["xformOp:transform"]
            }

            def Mesh "Blade_0" (
                prepend apiSchemas = ["PhysicsCollisionAPI", "PhysicsMeshCollisionAPI"]
            )
            {
                int[] faceVertexCounts = [3, 3, 3, 3, 3, 3, 3, 3, 3, 3, 3, 3, 3, 3]
                int[] faceVertexIndices = [0, 1, 2, 0, 2, 3, 0, 3, 4, 0, 4, 5, 0, 5, 6, 0, 6, 7, 0, 7, 8, 0, 8, 9, 0, 9, 10, 0, 10, 11, 0, 11, 12, 0, 12, 13, 0, 13, 14, 0, 14, 15]
                rel material:binding = </Plant_1/Materials/Leaf>
                uniform token physics:approximation = "convexHull"
                point3f[] points = [(0, 0, 0), (0.000103401435, 0.000097898905, 0), (0.00018275394, 0.00019579781, 0), (0.00022792592, 0.0002936967, 0), (0.00023495736, 0.00039159562, 0), (0.00020621868, 0.00048949453, 0), (0.00014952595, 0.0005873934, 0), (0.000076427146, 0.0006852923, 0), (0, 0.00078319124, 0), (-0.000076427146, 0.0006852923, 0), (-0.00014952595, 0.0005873934, 0), (-0.00020621868, 0.00048949453, 0), (-0.00023495736, 0.00039159562, 0), (-0.00022792592, 0.0002936967, 0), (-0.00018275394, 0.00019579781, 0), (-0.000103401435, 0.000097898905, 0)]
                uniform token subdivisionScheme = "none"
                matrix4d xformOp:transform = ( (-0.16064560780738846, 0.9870121522515286, 0, 0), (-0.9628644262289079, -0.1567153359103089, 0.2198463103929542, 0), (0.21699097998550732, 0.035317344157287905, 0.9755345200486782, 0), (-0.015046892327535685, 0.0033977562516419677, 0.024770606833587713, 1) )
                uniform token[] xformOpOrder = ["xformOp:transform"]
            }

            def Cylinder "Petiolule_1" (
                prepend apiSchemas = ["PhysicsCollisionAPI"]
            )
            {
                uniform token axis = "Z"
                double height = 0.01
                rel material:binding = </Plant_1/Materials/Leaf>
                double radius = 0.00034159506
                matrix4d xformOp:transform = ( (-0.9972574602926975, 0.07401052553899984, 0, 0), (-0.016270940969992622, -0.21924337315719755, 0.9755345200486782, 0), (0.07219982251023865, 0.9728590778916004, 0.2198463103929542, 0), (-0.005057248952695413, 0.00982920500020306, 0.02367137528162294, 1) )
                uniform token[] xformOpOrder = ["xformOp:transform"]
            }

            def Mesh "Blade_1" (
                prepend apiSchemas = ["PhysicsCollisionAPI", "PhysicsMeshCollisionAPI"]
            )
            {
                int[] faceVertexCounts = [3, 3, 3, 3, 3, 3, 3, 3, 3, 3, 3, 3, 3, 3]
                int[] faceVertexIndices = [0, 1, 2, 0, 2, 3, 0, 3, 4, 0, 4, 5, 0, 5, 6, 0, 6, 7, 0, 7, 8, 0, 8, 9, 0, 9, 10, 0, 10, 11, 0, 11, 12, 0, 12, 13, 0, 13, 14, 0, 14, 15]
                rel material:binding = </Plant_1/Materials/Leaf>
                uniform token physics:approximation = "convexHull"
                point3f[] points = [(0, 0, 0), (0.000103401435, 0.000097898905, 0), (0.00018275394, 0.00019579781, 0), (0.00022792592, 0.0002936967, 0), (0.00023495736, 0.00039159562, 0), (0.00020621868, 0.00048949453, 0), (0.00014952595, 0.0005873934, 0), (0.000076427146, 0.0006852923, 0), (0, 0.00078319124, 0), (-0.000076427146, 0.0006852923, 0), (-0.00014952595, 0.0005873934, 0), (-0.00020621868, 0.00048949453, 0), (-0.00023495736, 0.00039159562, 0), (-0.00022792592, 0.0002936967, 0), (-0.00018275394, 0.00019579781, 0), (-0.000103401435, 0.000097898905, 0)]
                uniform token subdivisionScheme = "none"
                matrix4d xformOp:transform = ( (0.9972574602926975, -0.07401052553899984, 0, 0), (0.07219982251023865, 0.9728590778916004, 0.2198463103929542, 0), (-0.016270940969992622, -0.21924337315719755, 0.9755345200486782, 0), (-0.004696249840144219, 0.014693500389661062, 0.024770606833587713, 1) )
                uniform token[] xformOpOrder = ["xformOp:transform"]
            }

            def Cylinder "Petiolule_2" (
                prepend apiSchemas = ["PhysicsCollisionAPI"]
            )
            {
                uniform token axis = "Z"
                double height = 0.01
                rel material:binding = </Plant_1/Materials/Leaf>
                double radius = 0.00034159506
                matrix4d xformOp:transform = ( (0.16064560780738846, -0.9870121522515286, 0, 0), (0.21699097998550732, 0.035317344157287905, 0.9755345200486782, 0), (-0.9628644262289079, -0.1567153359103089, 0.2198463103929542, 0), (-0.01366704652266432, 0.007328450655382457, 0.02536686636841503, 1) )
                uniform token[] xformOpOrder = ["xformOp:transform"]
            }

            def Mesh "Blade_2" (
                prepend apiSchemas = ["PhysicsCollisionAPI", "PhysicsMeshCollisionAPI"]
            )
            {
                int[] faceVertexCounts = [3, 3, 3, 3, 3, 3, 3, 3, 3, 3, 3, 3, 3, 3]
                int[] faceVertexIndices = [0, 1, 2, 0, 2, 3, 0, 3, 4, 0, 4, 5, 0, 5, 6, 0, 6, 7, 0, 7, 8, 0, 8, 9, 0, 9, 10, 0, 10, 11, 0, 11, 12, 0, 12, 13, 0, 13, 14, 0, 14, 15]
                rel material:binding = </Plant_1/Materials/Leaf>
                uniform token physics:approximation = "convexHull"
                point3f[] points = [(0, 0, 0), (0.000103401435, 0.000097898905, 0), (0.00018275394, 0.00019579781, 0), (0.00022792592, 0.0002936967, 0), (0.00023495736, 0.00039159562, 0), (0.00020621868, 0.00048949453, 0), (0.00014952595, 0.0005873934, 0), (0.000076427146, 0.0006852923, 0), (0, 0.00078319124, 0), (-0.000076427146, 0.0006852923, 0), (-0.00014952595, 0.0005873934, 0), (-0.00020621868, 0.00048949453, 0), (-0.00023495736, 0.00039159562, 0), (-0.00022792592, 0.0002936967, 0), (-0.00018275394, 0.00019579781, 0), (-0.000103401435, 0.000097898905, 0)]
                uniform token subdivisionScheme = "none"
                matrix4d xformOp:transform = ( (-0.16064560780738846, 0.9870121522515286, 0, 0), (-0.9628644262289079, -0.1567153359103089, 0.2198463103929542, 0), (0.21699097998550732, 0.035317344157287905, 0.9755345200486782, 0), (-0.01848136865380886, 0.006544873975830912, 0.0264660979203798, 1) )
                uniform token[] xformOpOrder = ["xformOp:transform"]
            }

            def Cylinder "Petiolule_3" (
                prepend apiSchemas = ["PhysicsCollisionAPI"]
            )
            {
                uniform token axis = "Z"
                double height = 0.01
                rel material:binding = </Plant_1/Materials/Leaf>
                double radius = 0.00034159506
                matrix4d xformOp:transform = ( (-0.9972574602926975, 0.07401052553899984, 0, 0), (-0.016270940969992622, -0.21924337315719755, 0.9755345200486782, 0), (0.07219982251023865, 0.9728590778916004, 0.2198463103929542, 0), (-0.008491725278968586, 0.012976322724392003, 0.02536686636841503, 1) )
                uniform token[] xformOpOrder = ["xformOp:transform"]
            }

            def Mesh "Blade_3" (
                prepend apiSchemas = ["PhysicsCollisionAPI", "PhysicsMeshCollisionAPI"]
            )
            {
                int[] faceVertexCounts = [3, 3, 3, 3, 3, 3, 3, 3, 3, 3, 3, 3, 3, 3]
                int[] faceVertexIndices = [0, 1, 2, 0, 2, 3, 0, 3, 4, 0, 4, 5, 0, 5, 6, 0, 6, 7, 0, 7, 8, 0, 8, 9, 0, 9, 10, 0, 10, 11, 0, 11, 12, 0, 12, 13, 0, 13, 14, 0, 14, 15]
                rel material:binding = </Plant_1/Materials/Leaf>
                uniform token physics:approximation = "convexHull"
                point3f[] points = [(0, 0, 0), (0.000103401435, 0.000097898905, 0), (0.00018275394, 0.00019579781, 0), (0.00022792592, 0.0002936967, 0), (0.00023495736, 0.00039159562, 0), (0.00020621868, 0.00048949453, 0), (0.00014952595, 0.0005873934, 0), (0.000076427146, 0.0006852923, 0), (0, 0.00078319124, 0), (-0.000076427146, 0.0006852923, 0), (-0.00014952595, 0.0005873934, 0), (-0.00020621868, 0.00048949453, 0), (-0.00023495736, 0.00039159562, 0), (-0.00022792592, 0.0002936967, 0), (-0.00018275394, 0.00019579781, 0), (-0.000103401435, 0.000097898905, 0)]
                uniform token subdivisionScheme = "none"
                matrix4d xformOp:transform = ( (0.9972574602926975, -0.07401052553899984, 0, 0), (0.07219982251023865, 0.9728590778916004, 0.2198463103929542, 0), (-0.016270940969992622, -0.21924337315719755, 0.9755345200486782, 0), (-0.008130726166417393, 0.01784061811385001, 0.0264660979203798, 1) )
                uniform token[] xformOpOrder = ["xformOp:transform"]
            }

            def Cylinder "Petiolule_term" (
                prepend apiSchemas = ["PhysicsCollisionAPI"]
            )
            {
                uniform token axis = "Z"
                double height = 0.01
                rel material:binding = </Plant_1/Materials/Leaf>
                double radius = 0.00034159506
                matrix4d xformOp:transform = ( (-0.6755902076156604, -0.737277336810124, 0, 0), (0.25216370040656594, -0.23106545963812644, 0.9396926207859084, 0), (-0.6928140728731603, 0.6348471327716558, 0.3420201433256687, 0), (-0.017153402336246543, 0.015718197301166012, 0.0283654139631441, 1) )
                uniform token[] xformOpOrder = ["xformOp:transform"]
            }

            def Mesh "Blade_4" (
                prepend apiSchemas = ["PhysicsCollisionAPI", "PhysicsMeshCollisionAPI"]
            )
            {
                int[] faceVertexCounts = [3, 3, 3, 3, 3, 3, 3, 3, 3, 3, 3, 3, 3, 3]
                int[] faceVertexIndices = [0, 1, 2, 0, 2, 3, 0, 3, 4, 0, 4, 5, 0, 5, 6, 0, 6, 7, 0, 7, 8, 0, 8, 9, 0, 9, 10, 0, 10, 11, 0, 11, 12, 0, 12, 13, 0, 13, 14, 0, 14, 15]
                rel material:binding = </Plant_1/Materials/Leaf>
                uniform token physics:approximation = "convexHull"
                point3f[] points = [(0, 0, 0), (0.000103401435, 0.0000978989, 0), (0.00018275394, 0.0001957978, 0), (0.0002279259, 0.0002936967, 0), (0.00023495736, 0.0003915956, 0), (0.00020621868, 0.00048949453, 0), (0.00014952595, 0.0005873934, 0), (0.000076427146, 0.0006852923, 0), (0, 0.0007831912, 0), (-0.000076427146, 0.0006852923, 0), (-0.00014952595, 0.0005873934, 0), (-0.00020621868, 0.00048949453, 0), (-0.00023495736, 0.0003915956, 0), (-0.0002279259, 0.0002936967, 0), (-0.00018275394, 0.0001957978, 0), (-0.000103401435, 0.0000978989, 0)]
                uniform token subdivisionScheme = "none"
                matrix4d xformOp:transform = ( (0.6755902076156604, 0.737277336810124, -0, 0), (-0.6928140728731603, 0.6348471327716558, 0.3420201433256687, 0), (0.25216370040656594, -0.23106545963812644, 0.9396926207859084, 0), (-0.020617472700612344, 0.01889243296502429, 0.030075514679772448, 1) )
                uniform token[] xformOpOrder = ["xformOp:transform"]
            }
        }

        def Xform "Leaf_o0_r7_i0" (
            prepend apiSchemas = ["PhysicsRigidBodyAPI", "PhysicsMassAPI", "PhysicsFilteredPairsAPI"]
        )
        {
            prepend rel physics:filteredPairs = </Plant_1/Stem/Internode_o0_r7>
            float physics:mass = 0.05

            def Cylinder "Petiole" (
                prepend apiSchemas = ["PhysicsCollisionAPI"]
            )
            {
                uniform token axis = "Z"
                double height = 0.01629863
                rel material:binding = </Plant_1/Materials/Leaf>
                double radius = 0.0015405145
                matrix4d xformOp:transform = ( (0.8870108331782215, -0.46174861323503436, 0, 0), (0.1579273268790752, 0.30337557229503614, 0.9396926207859084, 0), (-0.4339017645150882, -0.8335175344947352, 0.3420201433256687, 0), (-0.0035360021580892764, -0.006792596946620964, 0.13087942688430604, 1) )
                uniform token[] xformOpOrder = ["xformOp:transform"]
            }

            def Cylinder "Rachis" (
                prepend apiSchemas = ["PhysicsCollisionAPI"]
            )
            {
                uniform token axis = "Z"
                double height = 0.048509352
                rel material:binding = </Plant_1/Materials/Leaf>
                double radius = 0.0009243086999999999
                matrix4d xformOp:transform = ( (0.8870108331782215, -0.46174861323503436, 0, 0), (0.1579273268790752, 0.30337557229503614, 0.9396926207859084, 0), (-0.4339017645150882, -0.8335175344947352, 0.3420201433256687, 0), (-0.017596151030320313, -0.03380189163273055, 0.14196224453044973, 1) )
                uniform token[] xformOpOrder = ["xformOp:transform"]
            }

            def Cylinder "Petiolule_0" (
                prepend apiSchemas = ["PhysicsCollisionAPI"]
            )
            {
                uniform token axis = "Z"
                double height = 0.01
                rel material:binding = </Plant_1/Materials/Leaf>
                double radius = 0.0006162058
                matrix4d xformOp:transform = ( (0.9118023859082873, 0.4106292842113854, -0, 0), (-0.09027533307317283, 0.20045639034942953, 0.9755345200486782, 0), (0.40058304169108616, -0.8894947029162807, 0.2198463103929542, 0), (-0.005069089107723122, -0.018032667407823333, 0.13476588832057682, 1) )
                uniform token[] xformOpOrder = ["xformOp:transform"]
            }

            def Mesh "Blade_0" (
                prepend apiSchemas = ["PhysicsCollisionAPI", "PhysicsMeshCollisionAPI"]
            )
            {
                int[] faceVertexCounts = [3, 3, 3, 3, 3, 3, 3, 3, 3, 3, 3, 3, 3, 3]
                int[] faceVertexIndices = [0, 1, 2, 0, 2, 3, 0, 3, 4, 0, 4, 5, 0, 5, 6, 0, 6, 7, 0, 7, 8, 0, 8, 9, 0, 9, 10, 0, 10, 11, 0, 11, 12, 0, 12, 13, 0, 13, 14, 0, 14, 15]
                rel material:binding = </Plant_1/Materials/Leaf>
                uniform token physics:approximation = "convexHull"
                point3f[] points = [(0, 0, 0), (0.0007107471, 0.0006729245, 0), (0.0012561898, 0.001345849, 0), (0.0015666869, 0.0020187735, 0), (0.0016150188, 0.002691698, 0), (0.0014174787, 0.0033646224, 0), (0.0010277916, 0.004037547, 0), (0.0005253348, 0.0047104713, 0), (0, 0.005383396, 0), (-0.0005253348, 0.0047104713, 0), (-0.0010277916, 0.004037547, 0), (-0.0014174787, 0.0033646224, 0), (-0.0016150188, 0.002691698, 0), (-0.0015666869, 0.0020187735, 0), (-0.0012561898, 0.001345849, 0), (-0.0007107471, 0.0006729245, 0)]
                uniform token subdivisionScheme = "none"
                matrix4d xformOp:transform = ( (-0.9118023859082873, -0.4106292842113854, 0, 0), (0.40058304169108616, -0.8894947029162807, 0.2198463103929542, 0), (-0.09027533307317283, 0.20045639034942953, 0.9755345200486782, 0), (-0.003066173899267691, -0.022480140922404735, 0.1358651198725416, 1) )
                uniform token[] xformOpOrder = ["xformOp:transform"]
            }

            def Cylinder "Petiolule_1" (
                prepend apiSchemas = ["PhysicsCollisionAPI"]
            )
            {
                uniform token axis = "Z"
                double height = 0.01
                rel material:binding = </Plant_1/Materials/Leaf>
                double radius = 0.0006162058
                matrix4d xformOp:transform = ( (0.18662054555897403, -0.9824320699037012, 0, 0), (0.2159840657800416, 0.04102783838466066, 0.9755345200486784, 0), (-0.9583963977939367, -0.18205478434309622, 0.21984631039295421, 0), (-0.011863986305148237, -0.014495467814957409, 0.13476588832057682, 1) )
                uniform token[] xformOpOrder = ["xformOp:transform"]
            }

            def Mesh "Blade_1" (
                prepend apiSchemas = ["PhysicsCollisionAPI", "PhysicsMeshCollisionAPI"]
            )
            {
                int[] faceVertexCounts = [3, 3, 3, 3, 3, 3, 3, 3, 3, 3, 3, 3, 3, 3]
                int[] faceVertexIndices = [0, 1, 2, 0, 2, 3, 0, 3, 4, 0, 4, 5, 0, 5, 6, 0, 6, 7, 0, 7, 8, 0, 8, 9, 0, 9, 10, 0, 10, 11, 0, 11, 12, 0, 12, 13, 0, 13, 14, 0, 14, 15]
                rel material:binding = </Plant_1/Materials/Leaf>
                uniform token physics:approximation = "convexHull"
                point3f[] points = [(0, 0, 0), (0.0007107471, 0.0006729245, 0), (0.0012561898, 0.001345849, 0), (0.0015666869, 0.0020187735, 0), (0.0016150188, 0.002691698, 0), (0.0014174787, 0.0033646224, 0), (0.0010277916, 0.004037547, 0), (0.0005253348, 0.0047104713, 0), (0, 0.005383396, 0), (-0.0005253348, 0.0047104713, 0), (-0.0010277916, 0.004037547, 0), (-0.0014174787, 0.0033646224, 0), (-0.0016150188, 0.002691698, 0), (-0.0015666869, 0.0020187735, 0), (-0.0012561898, 0.001345849, 0), (-0.0007107471, 0.0006729245, 0)]
                uniform token subdivisionScheme = "none"
                matrix4d xformOp:transform = ( (-0.18662054555897403, 0.9824320699037012, 0, 0), (-0.9583963977939367, -0.18205478434309622, 0.21984631039295421, 0), (0.2159840657800416, 0.04102783838466066, 0.9755345200486784, 0), (-0.01665596829411792, -0.01540574173667289, 0.1358651198725416, 1) )
                uniform token[] xformOpOrder = ["xformOp:transform"]
            }

            def Cylinder "Petiolule_2" (
                prepend apiSchemas = ["PhysicsCollisionAPI"]
            )
            {
                uniform token axis = "Z"
                double height = 0.01
                rel material:binding = </Plant_1/Materials/Leaf>
                double radius = 0.0006162058
                matrix4d xformOp:transform = ( (0.9118023859082873, 0.4106292842113854, -0, 0), (-0.09027533307317283, 0.20045639034942953, 0.9755345200486782, 0), (0.40058304169108616, -0.8894947029162807, 0.2198463103929542, 0), (-0.011129647583532305, -0.029674891919316375, 0.13954308271812985, 1) )
                uniform token[] xformOpOrder = ["xformOp:transform"]
            }

            def Mesh "Blade_2" (
                prepend apiSchemas = ["PhysicsCollisionAPI", "PhysicsMeshCollisionAPI"]
            )
            {
                int[] faceVertexCounts = [3, 3, 3, 3, 3, 3, 3, 3, 3, 3, 3, 3, 3, 3]
                int[] faceVertexIndices = [0, 1, 2, 0, 2, 3, 0, 3, 4, 0, 4, 5, 0, 5, 6, 0, 6, 7, 0, 7, 8, 0, 8, 9, 0, 9, 10, 0, 10, 11, 0, 11, 12, 0, 12, 13, 0, 13, 14, 0, 14, 15]
                rel material:binding = </Plant_1/Materials/Leaf>
                uniform token physics:approximation = "convexHull"
                point3f[] points = [(0, 0, 0), (0.0007107471, 0.0006729245, 0), (0.0012561898, 0.001345849, 0), (0.0015666869, 0.0020187735, 0), (0.0016150188, 0.002691698, 0), (0.0014174787, 0.0033646224, 0), (0.0010277916, 0.004037547, 0), (0.0005253348, 0.0047104713, 0), (0, 0.005383396, 0), (-0.0005253348, 0.0047104713, 0), (-0.0010277916, 0.004037547, 0), (-0.0014174787, 0.0033646224, 0), (-0.0016150188, 0.002691698, 0), (-0.0015666869, 0.0020187735, 0), (-0.0012561898, 0.001345849, 0), (-0.0007107471, 0.0006729245, 0)]
                uniform token subdivisionScheme = "none"
                matrix4d xformOp:transform = ( (-0.9118023859082873, -0.4106292842113854, 0, 0), (0.40058304169108616, -0.8894947029162807, 0.2198463103929542, 0), (-0.09027533307317283, 0.20045639034942953, 0.9755345200486782, 0), (-0.009126732375076874, -0.03412236543389778, 0.14064231427009463, 1) )
                uniform token[] xformOpOrder = ["xformOp:transform"]
            }

            def Cylinder "Petiolule_3" (
                prepend apiSchemas = ["PhysicsCollisionAPI"]
            )
            {
                uniform token axis = "Z"
                double height = 0.01
                rel material:binding = </Plant_1/Materials/Leaf>
                double radius = 0.0006162058
                matrix4d xformOp:transform = ( (0.18662054555897403, -0.9824320699037012, 0, 0), (0.2159840657800416, 0.04102783838466066, 0.9755345200486784, 0), (-0.9583963977939367, -0.18205478434309622, 0.21984631039295421, 0), (-0.01792454478095742, -0.02613769232645045, 0.13954308271812985, 1) )
                uniform token[] xformOpOrder = ["xformOp:transform"]
            }

            def Mesh "Blade_3" (
                prepend apiSchemas = ["PhysicsCollisionAPI", "PhysicsMeshCollisionAPI"]
            )
            {
                int[] faceVertexCounts = [3, 3, 3, 3, 3, 3, 3, 3, 3, 3, 3, 3, 3, 3]
                int[] faceVertexIndices = [0, 1, 2, 0, 2, 3, 0, 3, 4, 0, 4, 5, 0, 5, 6, 0, 6, 7, 0, 7, 8, 0, 8, 9, 0, 9, 10, 0, 10, 11, 0, 11, 12, 0, 12, 13, 0, 13, 14, 0, 14, 15]
                rel material:binding = </Plant_1/Materials/Leaf>
                uniform token physics:approximation = "convexHull"
                point3f[] points = [(0, 0, 0), (0.0007107471, 0.0006729245, 0), (0.0012561898, 0.001345849, 0), (0.0015666869, 0.0020187735, 0), (0.0016150188, 0.002691698, 0), (0.0014174787, 0.0033646224, 0), (0.0010277916, 0.004037547, 0), (0.0005253348, 0.0047104713, 0), (0, 0.005383396, 0), (-0.0005253348, 0.0047104713, 0), (-0.0010277916, 0.004037547, 0), (-0.0014174787, 0.0033646224, 0), (-0.0016150188, 0.002691698, 0), (-0.0015666869, 0.0020187735, 0), (-0.0012561898, 0.001345849, 0), (-0.0007107471, 0.0006729245, 0)]
                uniform token subdivisionScheme = "none"
                matrix4d xformOp:transform = ( (-0.18662054555897403, 0.9824320699037012, 0, 0), (-0.9583963977939367, -0.18205478434309622, 0.21984631039295421, 0), (0.2159840657800416, 0.04102783838466066, 0.9755345200486784, 0), (-0.022716526769927102, -0.027047966248165932, 0.14064231427009463, 1) )
                uniform token[] xformOpOrder = ["xformOp:transform"]
            }

            def Cylinder "Petiolule_4" (
                prepend apiSchemas = ["PhysicsCollisionAPI"]
            )
            {
                uniform token axis = "Z"
                double height = 0.01
                rel material:binding = </Plant_1/Materials/Leaf>
                double radius = 0.0006162058
                matrix4d xformOp:transform = ( (0.9118023859082873, 0.4106292842113854, -0, 0), (-0.09027533307317283, 0.20045639034942953, 0.9755345200486782, 0), (0.40058304169108616, -0.8894947029162807, 0.2198463103929542, 0), (-0.01719020605934149, -0.04131711643080942, 0.14432027711568288, 1) )
                uniform token[] xformOpOrder = ["xformOp:transform"]
            }

            def Mesh "Blade_4" (
                prepend apiSchemas = ["PhysicsCollisionAPI", "PhysicsMeshCollisionAPI"]
            )
            {
                int[] faceVertexCounts = [3, 3, 3, 3, 3, 3, 3, 3, 3, 3, 3, 3, 3, 3]
                int[] faceVertexIndices = [0, 1, 2, 0, 2, 3, 0, 3, 4, 0, 4, 5, 0, 5, 6, 0, 6, 7, 0, 7, 8, 0, 8, 9, 0, 9, 10, 0, 10, 11, 0, 11, 12, 0, 12, 13, 0, 13, 14, 0, 14, 15]
                rel material:binding = </Plant_1/Materials/Leaf>
                uniform token physics:approximation = "convexHull"
                point3f[] points = [(0, 0, 0), (0.0007107471, 0.0006729245, 0), (0.0012561898, 0.001345849, 0), (0.0015666869, 0.0020187735, 0), (0.0016150188, 0.002691698, 0), (0.0014174787, 0.0033646224, 0), (0.0010277916, 0.004037547, 0), (0.0005253348, 0.0047104713, 0), (0, 0.005383396, 0), (-0.0005253348, 0.0047104713, 0), (-0.0010277916, 0.004037547, 0), (-0.0014174787, 0.0033646224, 0), (-0.0016150188, 0.002691698, 0), (-0.0015666869, 0.0020187735, 0), (-0.0012561898, 0.001345849, 0), (-0.0007107471, 0.0006729245, 0)]
                uniform token subdivisionScheme = "none"
                matrix4d xformOp:transform = ( (-0.9118023859082873, -0.4106292842113854, 0, 0), (0.40058304169108616, -0.8894947029162807, 0.2198463103929542, 0), (-0.09027533307317283, 0.20045639034942953, 0.9755345200486782, 0), (-0.015187290850886059, -0.045764589945390816, 0.14541950866764766, 1) )
                uniform token[] xformOpOrder = ["xformOp:transform"]
            }

            def Cylinder "Petiolule_5" (
                prepend apiSchemas = ["PhysicsCollisionAPI"]
            )
            {
                uniform token axis = "Z"
                double height = 0.01
                rel material:binding = </Plant_1/Materials/Leaf>
                double radius = 0.0006162058
                matrix4d xformOp:transform = ( (0.18662054555897403, -0.9824320699037012, 0, 0), (0.2159840657800416, 0.04102783838466066, 0.9755345200486784, 0), (-0.9583963977939367, -0.18205478434309622, 0.21984631039295421, 0), (-0.023985103256766605, -0.03777991683794349, 0.14432027711568288, 1) )
                uniform token[] xformOpOrder = ["xformOp:transform"]
            }

            def Mesh "Blade_5" (
                prepend apiSchemas = ["PhysicsCollisionAPI", "PhysicsMeshCollisionAPI"]
            )
            {
                int[] faceVertexCounts = [3, 3, 3, 3, 3, 3, 3, 3, 3, 3, 3, 3, 3, 3]
                int[] faceVertexIndices = [0, 1, 2, 0, 2, 3, 0, 3, 4, 0, 4, 5, 0, 5, 6, 0, 6, 7, 0, 7, 8, 0, 8, 9, 0, 9, 10, 0, 10, 11, 0, 11, 12, 0, 12, 13, 0, 13, 14, 0, 14, 15]
                rel material:binding = </Plant_1/Materials/Leaf>
                uniform token physics:approximation = "convexHull"
                point3f[] points = [(0, 0, 0), (0.0007107471, 0.0006729245, 0), (0.0012561898, 0.001345849, 0), (0.0015666869, 0.0020187735, 0), (0.0016150188, 0.002691698, 0), (0.0014174787, 0.0033646224, 0), (0.0010277916, 0.004037547, 0), (0.0005253348, 0.0047104713, 0), (0, 0.005383396, 0), (-0.0005253348, 0.0047104713, 0), (-0.0010277916, 0.004037547, 0), (-0.0014174787, 0.0033646224, 0), (-0.0016150188, 0.002691698, 0), (-0.0015666869, 0.0020187735, 0), (-0.0012561898, 0.001345849, 0), (-0.0007107471, 0.0006729245, 0)]
                uniform token subdivisionScheme = "none"
                matrix4d xformOp:transform = ( (-0.18662054555897403, 0.9824320699037012, 0, 0), (-0.9583963977939367, -0.18205478434309622, 0.21984631039295421, 0), (0.2159840657800416, 0.04102783838466066, 0.9755345200486784, 0), (-0.028777085245736286, -0.038690190759658974, 0.14541950866764766, 1) )
                uniform token[] xformOpOrder = ["xformOp:transform"]
            }

            def Cylinder "Petiolule_term" (
                prepend apiSchemas = ["PhysicsCollisionAPI"]
            )
            {
                uniform token axis = "Z"
                double height = 0.01
                rel material:binding = </Plant_1/Materials/Leaf>
                double radius = 0.0006162058
                matrix4d xformOp:transform = ( (0.8870108331782215, -0.46174861323503436, 0, 0), (0.1579273268790752, 0.30337557229503614, 0.9396926207859084, 0), (-0.4339017645150882, -0.8335175344947352, 0.3420201433256687, 0), (-0.030289806567037517, -0.05818617704469285, 0.1519679330089157, 1) )
                uniform token[] xformOpOrder = ["xformOp:transform"]
            }

            def Mesh "Blade_6" (
                prepend apiSchemas = ["PhysicsCollisionAPI", "PhysicsMeshCollisionAPI"]
            )
            {
                int[] faceVertexCounts = [3, 3, 3, 3, 3, 3, 3, 3, 3, 3, 3, 3, 3, 3]
                int[] faceVertexIndices = [0, 1, 2, 0, 2, 3, 0, 3, 4, 0, 4, 5, 0, 5, 6, 0, 6, 7, 0, 7, 8, 0, 8, 9, 0, 9, 10, 0, 10, 11, 0, 11, 12, 0, 12, 13, 0, 13, 14, 0, 14, 15]
                rel material:binding = </Plant_1/Materials/Leaf>
                uniform token physics:approximation = "convexHull"
                point3f[] points = [(0, 0, 0), (0.0007108715, 0.0006730423, 0), (0.0012564097, 0.0013460846, 0), (0.0015669612, 0.002019127, 0), (0.0016153015, 0.0026921693, 0), (0.0014177269, 0.0033652114, 0), (0.0010279716, 0.004038254, 0), (0.00052542676, 0.004711296, 0), (0, 0.0053843386, 0), (-0.00052542676, 0.004711296, 0), (-0.0010279716, 0.004038254, 0), (-0.0014177269, 0.0033652114, 0), (-0.0016153015, 0.0026921693, 0), (-0.0015669612, 0.002019127, 0), (-0.0012564097, 0.0013460846, 0), (-0.0007108715, 0.0006730423, 0)]
                uniform token subdivisionScheme = "none"
                matrix4d xformOp:transform = ( (-0.8870108331782215, 0.46174861323503436, 0, 0), (-0.4339017645150882, -0.8335175344947352, 0.3420201433256687, 0), (0.1579273268790752, 0.30337557229503614, 0.9396926207859084, 0), (-0.032459315389612955, -0.06235376471716653, 0.15367803372554406, 1) )
                uniform token[] xformOpOrder = ["xformOp:transform"]
            }
        }

        def Xform "Leaf_o1_r1_i1" (
            prepend apiSchemas = ["PhysicsRigidBodyAPI", "PhysicsMassAPI", "PhysicsFilteredPairsAPI"]
        )
        {
            prepend rel physics:filteredPairs = </Plant_1/Stem/Internode_o1_r1>
            float physics:mass = 0.05

            def Cylinder "Petiole" (
                prepend apiSchemas = ["PhysicsCollisionAPI"]
            )
            {
                uniform token axis = "Z"
                double height = 0.016287385
                rel material:binding = </Plant_1/Materials/Leaf>
                double radius = 0.0015396605
                matrix4d xformOp:transform = ( (-0.6755902076156604, -0.737277336810124, 0, 0), (0.25216370040656594, -0.23106545963812644, 0.9396926207859084, 0), (-0.6928140728731603, 0.6348471327716558, 0.3420201433256687, 0), (-0.00564206476915161, 0.005169999833799038, 0.03276500487605017, 1) )
                uniform token[] xformOpOrder = ["xformOp:transform"]
            }

            def Cylinder "Rachis" (
                prepend apiSchemas = ["PhysicsCollisionAPI"]
            )
            {
                uniform token axis = "Z"
                double height = 0.031668298
                rel material:binding = </Plant_1/Materials/Leaf>
                double radius = 0.0009237962999999999
                matrix4d xformOp:transform = ( (-0.6755902076156604, -0.737277336810124, 0, 0), (0.25216370040656594, -0.23106545963812644, 0.9396926207859084, 0), (-0.6928140728731603, 0.6348471327716558, 0.3420201433256687, 0), (-0.022254250797473698, 0.020392263760127257, 0.04096590966252034, 1) )
                uniform token[] xformOpOrder = ["xformOp:transform"]
            }

            def Cylinder "Petiolule_0" (
                prepend apiSchemas = ["PhysicsCollisionAPI"]
            )
            {
                uniform token axis = "Z"
                double height = 0.01
                rel material:binding = </Plant_1/Materials/Leaf>
                double radius = 0.0006158642
                matrix4d xformOp:transform = ( (0.16064560780738846, -0.9870121522515286, 0, 0), (0.21699097998550732, 0.035317344157287905, 0.9755345200486782, 0), (-0.9628644262289079, -0.1567153359103089, 0.2198463103929542, 0), (-0.01609845166944776, 0.009556422988046532, 0.03664954330406512, 1) )
                uniform token[] xformOpOrder = ["xformOp:transform"]
            }

            def Mesh "Blade_0" (
                prepend apiSchemas = ["PhysicsCollisionAPI", "PhysicsMeshCollisionAPI"]
            )
            {
                int[] faceVertexCounts = [3, 3, 3, 3, 3, 3, 3, 3, 3, 3, 3, 3, 3, 3]
                int[] faceVertexIndices = [0, 1, 2, 0, 2, 3, 0, 3, 4, 0, 4, 5, 0, 5, 6, 0, 6, 7, 0, 7, 8, 0, 8, 9, 0, 9, 10, 0, 10, 11, 0, 11, 12, 0, 12, 13, 0, 13, 14, 0, 14, 15]
                rel material:binding = </Plant_1/Materials/Leaf>
                uniform token physics:approximation = "convexHull"
                point3f[] points = [(0, 0, 0), (0.0008393331, 0.00079466775, 0), (0.0014834555, 0.0015893355, 0), (0.0018501268, 0.0023840033, 0), (0.0019072026, 0.003178671, 0), (0.0016739243, 0.0039733388, 0), (0.0012137364, 0.0047680065, 0), (0.0006203766, 0.0055626743, 0), (0, 0.006357342, 0), (-0.0006203766, 0.0055626743, 0), (-0.0012137364, 0.0047680065, 0), (-0.0016739243, 0.0039733388, 0), (-0.0019072026, 0.003178671, 0), (-0.0018501268, 0.0023840033, 0), (-0.0014834555, 0.0015893355, 0), (-0.0008393331, 0.00079466775, 0)]
                uniform token subdivisionScheme = "none"
                matrix4d xformOp:transform = ( (-0.16064560780738846, 0.9870121522515286, 0, 0), (-0.9628644262289079, -0.1567153359103089, 0.2198463103929542, 0), (0.21699097998550732, 0.035317344157287905, 0.9755345200486782, 0), (-0.0209127738005923, 0.008772846308494987, 0.03774877485602989, 1) )
                uniform token[] xformOpOrder = ["xformOp:transform"]
            }

            def Cylinder "Petiolule_1" (
                prepend apiSchemas = ["PhysicsCollisionAPI"]
            )
            {
                uniform token axis = "Z"
                double height = 0.01
                rel material:binding = </Plant_1/Materials/Leaf>
                double radius = 0.0006158642
                matrix4d xformOp:transform = ( (-0.9972574602926975, 0.07401052553899984, 0, 0), (-0.016270940969992622, -0.21924337315719755, 0.9755345200486782, 0), (0.07219982251023865, 0.9728590778916004, 0.2198463103929542, 0), (-0.010923130425752027, 0.015204295057056078, 0.03664954330406512, 1) )
                uniform token[] xformOpOrder = ["xformOp:transform"]
            }

            def Mesh "Blade_1" (
                prepend apiSchemas = ["PhysicsCollisionAPI", "PhysicsMeshCollisionAPI"]
            )
            {
                int[] faceVertexCounts = [3, 3, 3, 3, 3, 3, 3, 3, 3, 3, 3, 3, 3, 3]
                int[] faceVertexIndices = [0, 1, 2, 0, 2, 3, 0, 3, 4, 0, 4, 5, 0, 5, 6, 0, 6, 7, 0, 7, 8, 0, 8, 9, 0, 9, 10, 0, 10, 11, 0, 11, 12, 0, 12, 13, 0, 13, 14, 0, 14, 15]
                rel material:binding = </Plant_1/Materials/Leaf>
                uniform token physics:approximation = "convexHull"
                point3f[] points = [(0, 0, 0), (0.0008393331, 0.00079466775, 0), (0.0014834555, 0.0015893355, 0), (0.0018501268, 0.0023840033, 0), (0.0019072026, 0.003178671, 0), (0.0016739243, 0.0039733388, 0), (0.0012137364, 0.0047680065, 0), (0.0006203766, 0.0055626743, 0), (0, 0.006357342, 0), (-0.0006203766, 0.0055626743, 0), (-0.0012137364, 0.0047680065, 0), (-0.0016739243, 0.0039733388, 0), (-0.0019072026, 0.003178671, 0), (-0.0018501268, 0.0023840033, 0), (-0.0014834555, 0.0015893355, 0), (-0.0008393331, 0.00079466775, 0)]
                uniform token subdivisionScheme = "none"
                matrix4d xformOp:transform = ( (0.9972574602926975, -0.07401052553899984, 0, 0), (0.07219982251023865, 0.9728590778916004, 0.2198463103929542, 0), (-0.016270940969992622, -0.21924337315719755, 0.9755345200486782, 0), (-0.010562131313200834, 0.02006859044651408, 0.03774877485602989, 1) )
                uniform token[] xformOpOrder = ["xformOp:transform"]
            }

            def Cylinder "Petiolule_2" (
                prepend apiSchemas = ["PhysicsCollisionAPI"]
            )
            {
                uniform token axis = "Z"
                double height = 0.01
                rel material:binding = </Plant_1/Materials/Leaf>
                double radius = 0.0006158642
                matrix4d xformOp:transform = ( (0.16064560780738846, -0.9870121522515286, 0, 0), (0.21699097998550732, 0.035317344157287905, 0.9755345200486782, 0), (-0.9628644262289079, -0.1567153359103089, 0.2198463103929542, 0), (-0.027965897402034683, 0.02043093346877597, 0.0425081215998788, 1) )
                uniform token[] xformOpOrder = ["xformOp:transform"]
            }

            def Mesh "Blade_2" (
                prepend apiSchemas = ["PhysicsCollisionAPI", "PhysicsMeshCollisionAPI"]
            )
            {
                int[] faceVertexCounts = [3, 3, 3, 3, 3, 3, 3, 3, 3, 3, 3, 3, 3, 3]
                int[] faceVertexIndices = [0, 1, 2, 0, 2, 3, 0, 3, 4, 0, 4, 5, 0, 5, 6, 0, 6, 7, 0, 7, 8, 0, 8, 9, 0, 9, 10, 0, 10, 11, 0, 11, 12, 0, 12, 13, 0, 13, 14, 0, 14, 15]
                rel material:binding = </Plant_1/Materials/Leaf>
                uniform token physics:approximation = "convexHull"
                point3f[] points = [(0, 0, 0), (0.0008393331, 0.00079466775, 0), (0.0014834555, 0.0015893355, 0), (0.0018501268, 0.0023840033, 0), (0.0019072026, 0.003178671, 0), (0.0016739243, 0.0039733388, 0), (0.0012137364, 0.0047680065, 0), (0.0006203766, 0.0055626743, 0), (0, 0.006357342, 0), (-0.0006203766, 0.0055626743, 0), (-0.0012137364, 0.0047680065, 0), (-0.0016739243, 0.0039733388, 0), (-0.0019072026, 0.003178671, 0), (-0.0018501268, 0.0023840033, 0), (-0.0014834555, 0.0015893355, 0), (-0.0008393331, 0.00079466775, 0)]
                uniform token subdivisionScheme = "none"
                matrix4d xformOp:transform = ( (-0.16064560780738846, 0.9870121522515286, 0, 0), (-0.9628644262289079, -0.1567153359103089, 0.2198463103929542, 0), (0.21699097998550732, 0.035317344157287905, 0.9755345200486782, 0), (-0.03278021953317922, 0.019647356789224427, 0.043607353151843574, 1) )
                uniform token[] xformOpOrder = ["xformOp:transform"]
            }

            def Cylinder "Petiolule_3" (
                prepend apiSchemas = ["PhysicsCollisionAPI"]
            )
            {
                uniform token axis = "Z"
                double height = 0.01
                rel material:binding = </Plant_1/Materials/Leaf>
                double radius = 0.0006158642
                matrix4d xformOp:transform = ( (-0.9972574602926975, 0.07401052553899984, 0, 0), (-0.016270940969992622, -0.21924337315719755, 0.9755345200486782, 0), (0.07219982251023865, 0.9728590778916004, 0.2198463103929542, 0), (-0.02279057615833895, 0.026078805537785518, 0.0425081215998788, 1) )
                uniform token[] xformOpOrder = ["xformOp:transform"]
            }

            def Mesh "Blade_3" (
                prepend apiSchemas = ["PhysicsCollisionAPI", "PhysicsMeshCollisionAPI"]
            )
            {
                int[] faceVertexCounts = [3, 3, 3, 3, 3, 3, 3, 3, 3, 3, 3, 3, 3, 3]
                int[] faceVertexIndices = [0, 1, 2, 0, 2, 3, 0, 3, 4, 0, 4, 5, 0, 5, 6, 0, 6, 7, 0, 7, 8, 0, 8, 9, 0, 9, 10, 0, 10, 11, 0, 11, 12, 0, 12, 13, 0, 13, 14, 0, 14, 15]
                rel material:binding = </Plant_1/Materials/Leaf>
                uniform token physics:approximation = "convexHull"
                point3f[] points = [(0, 0, 0), (0.0008393331, 0.00079466775, 0), (0.0014834555, 0.0015893355, 0), (0.0018501268, 0.0023840033, 0), (0.0019072026, 0.003178671, 0), (0.0016739243, 0.0039733388, 0), (0.0012137364, 0.0047680065, 0), (0.0006203766, 0.0055626743, 0), (0, 0.006357342, 0), (-0.0006203766, 0.0055626743, 0), (-0.0012137364, 0.0047680065, 0), (-0.0016739243, 0.0039733388, 0), (-0.0019072026, 0.003178671, 0), (-0.0018501268, 0.0023840033, 0), (-0.0014834555, 0.0015893355, 0), (-0.0008393331, 0.00079466775, 0)]
                uniform token subdivisionScheme = "none"
                matrix4d xformOp:transform = ( (0.9972574602926975, -0.07401052553899984, 0, 0), (0.07219982251023865, 0.9728590778916004, 0.2198463103929542, 0), (-0.016270940969992622, -0.21924337315719755, 0.9755345200486782, 0), (-0.022429577045787758, 0.03094310092724352, 0.043607353151843574, 1) )
                uniform token[] xformOpOrder = ["xformOp:transform"]
            }

            def Cylinder "Petiolule_term" (
                prepend apiSchemas = ["PhysicsCollisionAPI"]
            )
            {
                uniform token axis = "Z"
                double height = 0.01
                rel material:binding = </Plant_1/Materials/Leaf>
                double radius = 0.0006158642
                matrix4d xformOp:transform = ( (-0.6755902076156604, -0.737277336810124, 0, 0), (0.25216370040656594, -0.23106545963812644, 0.9396926207859084, 0), (-0.6928140728731603, 0.6348471327716558, 0.3420201433256687, 0), (-0.03668844242100998, 0.033618763516514716, 0.04809160828956868, 1) )
                uniform token[] xformOpOrder = ["xformOp:transform"]
            }

            def Mesh "Blade_4" (
                prepend apiSchemas = ["PhysicsCollisionAPI", "PhysicsMeshCollisionAPI"]
            )
            {
                int[] faceVertexCounts = [3, 3, 3, 3, 3, 3, 3, 3, 3, 3, 3, 3, 3, 3]
                int[] faceVertexIndices = [0, 1, 2, 0, 2, 3, 0, 3, 4, 0, 4, 5, 0, 5, 6, 0, 6, 7, 0, 7, 8, 0, 8, 9, 0, 9, 10, 0, 10, 11, 0, 11, 12, 0, 12, 13, 0, 13, 14, 0, 14, 15]
                rel material:binding = </Plant_1/Materials/Leaf>
                uniform token physics:approximation = "convexHull"
                point3f[] points = [(0, 0, 0), (0.0008393331, 0.00079466775, 0), (0.0014834555, 0.0015893355, 0), (0.0018501268, 0.0023840033, 0), (0.0019072026, 0.003178671, 0), (0.0016739243, 0.0039733388, 0), (0.0012137364, 0.0047680065, 0), (0.0006203766, 0.0055626743, 0), (0, 0.006357342, 0), (-0.0006203766, 0.0055626743, 0), (-0.0012137364, 0.0047680065, 0), (-0.0016739243, 0.0039733388, 0), (-0.0019072026, 0.003178671, 0), (-0.0018501268, 0.0023840033, 0), (-0.0014834555, 0.0015893355, 0), (-0.0008393331, 0.00079466775, 0)]
                uniform token subdivisionScheme = "none"
                matrix4d xformOp:transform = ( (0.6755902076156604, 0.737277336810124, -0, 0), (-0.6928140728731603, 0.6348471327716558, 0.3420201433256687, 0), (0.25216370040656594, -0.23106545963812644, 0.9396926207859084, 0), (-0.04015251278537578, 0.036792999180372994, 0.04980170900619702, 1) )
                uniform token[] xformOpOrder = ["xformOp:transform"]
            }
        }

        def Xform "Leaf_o1_r1_i2" (
            prepend apiSchemas = ["PhysicsRigidBodyAPI", "PhysicsMassAPI", "PhysicsFilteredPairsAPI"]
        )
        {
            prepend rel physics:filteredPairs = </Plant_1/Stem/Internode_o1_r1>
            float physics:mass = 0.05

            def Cylinder "Petiole" (
                prepend apiSchemas = ["PhysicsCollisionAPI"]
            )
            {
                uniform token axis = "Z"
                double height = 0.016287385
                rel material:binding = </Plant_1/Materials/Leaf>
                double radius = 0.0015396605
                matrix4d xformOp:transform = ( (-0.6755902076156604, -0.737277336810124, 0, 0), (0.25216370040656594, -0.23106545963812644, 0.9396926207859084, 0), (-0.6928140728731603, 0.6348471327716558, 0.3420201433256687, 0), (-0.00564206476915161, 0.005169999833799038, 0.03276500487605017, 1) )
                uniform token[] xformOpOrder = ["xformOp:transform"]
            }

            def Cylinder "Rachis" (
                prepend apiSchemas = ["PhysicsCollisionAPI"]
            )
            {
                uniform token axis = "Z"
                double height = 0.031668298
                rel material:binding = </Plant_1/Materials/Leaf>
                double radius = 0.0009237962999999999
                matrix4d xformOp:transform = ( (-0.6755902076156604, -0.737277336810124, 0, 0), (0.25216370040656594, -0.23106545963812644, 0.9396926207859084, 0), (-0.6928140728731603, 0.6348471327716558, 0.3420201433256687, 0), (-0.022254250797473698, 0.020392263760127257, 0.04096590966252034, 1) )
                uniform token[] xformOpOrder = ["xformOp:transform"]
            }

            def Cylinder "Petiolule_0" (
                prepend apiSchemas = ["PhysicsCollisionAPI"]
            )
            {
                uniform token axis = "Z"
                double height = 0.01
                rel material:binding = </Plant_1/Materials/Leaf>
                double radius = 0.0006158642
                matrix4d xformOp:transform = ( (0.16064560780738846, -0.9870121522515286, 0, 0), (0.21699097998550732, 0.035317344157287905, 0.9755345200486782, 0), (-0.9628644262289079, -0.1567153359103089, 0.2198463103929542, 0), (-0.01609845166944776, 0.009556422988046532, 0.03664954330406512, 1) )
                uniform token[] xformOpOrder = ["xformOp:transform"]
            }

            def Mesh "Blade_0" (
                prepend apiSchemas = ["PhysicsCollisionAPI", "PhysicsMeshCollisionAPI"]
            )
            {
                int[] faceVertexCounts = [3, 3, 3, 3, 3, 3, 3, 3, 3, 3, 3, 3, 3, 3]
                int[] faceVertexIndices = [0, 1, 2, 0, 2, 3, 0, 3, 4, 0, 4, 5, 0, 5, 6, 0, 6, 7, 0, 7, 8, 0, 8, 9, 0, 9, 10, 0, 10, 11, 0, 11, 12, 0, 12, 13, 0, 13, 14, 0, 14, 15]
                rel material:binding = </Plant_1/Materials/Leaf>
                uniform token physics:approximation = "convexHull"
                point3f[] points = [(0, 0, 0), (0.0008393331, 0.00079466775, 0), (0.0014834555, 0.0015893355, 0), (0.0018501268, 0.0023840033, 0), (0.0019072026, 0.003178671, 0), (0.0016739243, 0.0039733388, 0), (0.0012137364, 0.0047680065, 0), (0.0006203766, 0.0055626743, 0), (0, 0.006357342, 0), (-0.0006203766, 0.0055626743, 0), (-0.0012137364, 0.0047680065, 0), (-0.0016739243, 0.0039733388, 0), (-0.0019072026, 0.003178671, 0), (-0.0018501268, 0.0023840033, 0), (-0.0014834555, 0.0015893355, 0), (-0.0008393331, 0.00079466775, 0)]
                uniform token subdivisionScheme = "none"
                matrix4d xformOp:transform = ( (-0.16064560780738846, 0.9870121522515286, 0, 0), (-0.9628644262289079, -0.1567153359103089, 0.2198463103929542, 0), (0.21699097998550732, 0.035317344157287905, 0.9755345200486782, 0), (-0.0209127738005923, 0.008772846308494987, 0.03774877485602989, 1) )
                uniform token[] xformOpOrder = ["xformOp:transform"]
            }

            def Cylinder "Petiolule_1" (
                prepend apiSchemas = ["PhysicsCollisionAPI"]
            )
            {
                uniform token axis = "Z"
                double height = 0.01
                rel material:binding = </Plant_1/Materials/Leaf>
                double radius = 0.0006158642
                matrix4d xformOp:transform = ( (-0.9972574602926975, 0.07401052553899984, 0, 0), (-0.016270940969992622, -0.21924337315719755, 0.9755345200486782, 0), (0.07219982251023865, 0.9728590778916004, 0.2198463103929542, 0), (-0.010923130425752027, 0.015204295057056078, 0.03664954330406512, 1) )
                uniform token[] xformOpOrder = ["xformOp:transform"]
            }

            def Mesh "Blade_1" (
                prepend apiSchemas = ["PhysicsCollisionAPI", "PhysicsMeshCollisionAPI"]
            )
            {
                int[] faceVertexCounts = [3, 3, 3, 3, 3, 3, 3, 3, 3, 3, 3, 3, 3, 3]
                int[] faceVertexIndices = [0, 1, 2, 0, 2, 3, 0, 3, 4, 0, 4, 5, 0, 5, 6, 0, 6, 7, 0, 7, 8, 0, 8, 9, 0, 9, 10, 0, 10, 11, 0, 11, 12, 0, 12, 13, 0, 13, 14, 0, 14, 15]
                rel material:binding = </Plant_1/Materials/Leaf>
                uniform token physics:approximation = "convexHull"
                point3f[] points = [(0, 0, 0), (0.0008393331, 0.00079466775, 0), (0.0014834555, 0.0015893355, 0), (0.0018501268, 0.0023840033, 0), (0.0019072026, 0.003178671, 0), (0.0016739243, 0.0039733388, 0), (0.0012137364, 0.0047680065, 0), (0.0006203766, 0.0055626743, 0), (0, 0.006357342, 0), (-0.0006203766, 0.0055626743, 0), (-0.0012137364, 0.0047680065, 0), (-0.0016739243, 0.0039733388, 0), (-0.0019072026, 0.003178671, 0), (-0.0018501268, 0.0023840033, 0), (-0.0014834555, 0.0015893355, 0), (-0.0008393331, 0.00079466775, 0)]
                uniform token subdivisionScheme = "none"
                matrix4d xformOp:transform = ( (0.9972574602926975, -0.07401052553899984, 0, 0), (0.07219982251023865, 0.9728590778916004, 0.2198463103929542, 0), (-0.016270940969992622, -0.21924337315719755, 0.9755345200486782, 0), (-0.010562131313200834, 0.02006859044651408, 0.03774877485602989, 1) )
                uniform token[] xformOpOrder = ["xformOp:transform"]
            }

            def Cylinder "Petiolule_2" (
                prepend apiSchemas = ["PhysicsCollisionAPI"]
            )
            {
                uniform token axis = "Z"
                double height = 0.01
                rel material:binding = </Plant_1/Materials/Leaf>
                double radius = 0.0006158642
                matrix4d xformOp:transform = ( (0.16064560780738846, -0.9870121522515286, 0, 0), (0.21699097998550732, 0.035317344157287905, 0.9755345200486782, 0), (-0.9628644262289079, -0.1567153359103089, 0.2198463103929542, 0), (-0.027965897402034683, 0.02043093346877597, 0.0425081215998788, 1) )
                uniform token[] xformOpOrder = ["xformOp:transform"]
            }

            def Mesh "Blade_2" (
                prepend apiSchemas = ["PhysicsCollisionAPI", "PhysicsMeshCollisionAPI"]
            )
            {
                int[] faceVertexCounts = [3, 3, 3, 3, 3, 3, 3, 3, 3, 3, 3, 3, 3, 3]
                int[] faceVertexIndices = [0, 1, 2, 0, 2, 3, 0, 3, 4, 0, 4, 5, 0, 5, 6, 0, 6, 7, 0, 7, 8, 0, 8, 9, 0, 9, 10, 0, 10, 11, 0, 11, 12, 0, 12, 13, 0, 13, 14, 0, 14, 15]
                rel material:binding = </Plant_1/Materials/Leaf>
                uniform token physics:approximation = "convexHull"
                point3f[] points = [(0, 0, 0), (0.0008393331, 0.00079466775, 0), (0.0014834555, 0.0015893355, 0), (0.0018501268, 0.0023840033, 0), (0.0019072026, 0.003178671, 0), (0.0016739243, 0.0039733388, 0), (0.0012137364, 0.0047680065, 0), (0.0006203766, 0.0055626743, 0), (0, 0.006357342, 0), (-0.0006203766, 0.0055626743, 0), (-0.0012137364, 0.0047680065, 0), (-0.0016739243, 0.0039733388, 0), (-0.0019072026, 0.003178671, 0), (-0.0018501268, 0.0023840033, 0), (-0.0014834555, 0.0015893355, 0), (-0.0008393331, 0.00079466775, 0)]
                uniform token subdivisionScheme = "none"
                matrix4d xformOp:transform = ( (-0.16064560780738846, 0.9870121522515286, 0, 0), (-0.9628644262289079, -0.1567153359103089, 0.2198463103929542, 0), (0.21699097998550732, 0.035317344157287905, 0.9755345200486782, 0), (-0.03278021953317922, 0.019647356789224427, 0.043607353151843574, 1) )
                uniform token[] xformOpOrder = ["xformOp:transform"]
            }

            def Cylinder "Petiolule_3" (
                prepend apiSchemas = ["PhysicsCollisionAPI"]
            )
            {
                uniform token axis = "Z"
                double height = 0.01
                rel material:binding = </Plant_1/Materials/Leaf>
                double radius = 0.0006158642
                matrix4d xformOp:transform = ( (-0.9972574602926975, 0.07401052553899984, 0, 0), (-0.016270940969992622, -0.21924337315719755, 0.9755345200486782, 0), (0.07219982251023865, 0.9728590778916004, 0.2198463103929542, 0), (-0.02279057615833895, 0.026078805537785518, 0.0425081215998788, 1) )
                uniform token[] xformOpOrder = ["xformOp:transform"]
            }

            def Mesh "Blade_3" (
                prepend apiSchemas = ["PhysicsCollisionAPI", "PhysicsMeshCollisionAPI"]
            )
            {
                int[] faceVertexCounts = [3, 3, 3, 3, 3, 3, 3, 3, 3, 3, 3, 3, 3, 3]
                int[] faceVertexIndices = [0, 1, 2, 0, 2, 3, 0, 3, 4, 0, 4, 5, 0, 5, 6, 0, 6, 7, 0, 7, 8, 0, 8, 9, 0, 9, 10, 0, 10, 11, 0, 11, 12, 0, 12, 13, 0, 13, 14, 0, 14, 15]
                rel material:binding = </Plant_1/Materials/Leaf>
                uniform token physics:approximation = "convexHull"
                point3f[] points = [(0, 0, 0), (0.0008393331, 0.00079466775, 0), (0.0014834555, 0.0015893355, 0), (0.0018501268, 0.0023840033, 0), (0.0019072026, 0.003178671, 0), (0.0016739243, 0.0039733388, 0), (0.0012137364, 0.0047680065, 0), (0.0006203766, 0.0055626743, 0), (0, 0.006357342, 0), (-0.0006203766, 0.0055626743, 0), (-0.0012137364, 0.0047680065, 0), (-0.0016739243, 0.0039733388, 0), (-0.0019072026, 0.003178671, 0), (-0.0018501268, 0.0023840033, 0), (-0.0014834555, 0.0015893355, 0), (-0.0008393331, 0.00079466775, 0)]
                uniform token subdivisionScheme = "none"
                matrix4d xformOp:transform = ( (0.9972574602926975, -0.07401052553899984, 0, 0), (0.07219982251023865, 0.9728590778916004, 0.2198463103929542, 0), (-0.016270940969992622, -0.21924337315719755, 0.9755345200486782, 0), (-0.022429577045787758, 0.03094310092724352, 0.043607353151843574, 1) )
                uniform token[] xformOpOrder = ["xformOp:transform"]
            }

            def Cylinder "Petiolule_term" (
                prepend apiSchemas = ["PhysicsCollisionAPI"]
            )
            {
                uniform token axis = "Z"
                double height = 0.01
                rel material:binding = </Plant_1/Materials/Leaf>
                double radius = 0.0006158642
                matrix4d xformOp:transform = ( (-0.6755902076156604, -0.737277336810124, 0, 0), (0.25216370040656594, -0.23106545963812644, 0.9396926207859084, 0), (-0.6928140728731603, 0.6348471327716558, 0.3420201433256687, 0), (-0.03668844242100998, 0.033618763516514716, 0.04809160828956868, 1) )
                uniform token[] xformOpOrder = ["xformOp:transform"]
            }

            def Mesh "Blade_4" (
                prepend apiSchemas = ["PhysicsCollisionAPI", "PhysicsMeshCollisionAPI"]
            )
            {
                int[] faceVertexCounts = [3, 3, 3, 3, 3, 3, 3, 3, 3, 3, 3, 3, 3, 3]
                int[] faceVertexIndices = [0, 1, 2, 0, 2, 3, 0, 3, 4, 0, 4, 5, 0, 5, 6, 0, 6, 7, 0, 7, 8, 0, 8, 9, 0, 9, 10, 0, 10, 11, 0, 11, 12, 0, 12, 13, 0, 13, 14, 0, 14, 15]
                rel material:binding = </Plant_1/Materials/Leaf>
                uniform token physics:approximation = "convexHull"
                point3f[] points = [(0, 0, 0), (0.0008393331, 0.00079466775, 0), (0.0014834555, 0.0015893355, 0), (0.0018501268, 0.0023840033, 0), (0.0019072026, 0.003178671, 0), (0.0016739243, 0.0039733388, 0), (0.0012137364, 0.0047680065, 0), (0.0006203766, 0.0055626743, 0), (0, 0.006357342, 0), (-0.0006203766, 0.0055626743, 0), (-0.0012137364, 0.0047680065, 0), (-0.0016739243, 0.0039733388, 0), (-0.0019072026, 0.003178671, 0), (-0.0018501268, 0.0023840033, 0), (-0.0014834555, 0.0015893355, 0), (-0.0008393331, 0.00079466775, 0)]
                uniform token subdivisionScheme = "none"
                matrix4d xformOp:transform = ( (0.6755902076156604, 0.737277336810124, -0, 0), (-0.6928140728731603, 0.6348471327716558, 0.3420201433256687, 0), (0.25216370040656594, -0.23106545963812644, 0.9396926207859084, 0), (-0.04015251278537578, 0.036792999180372994, 0.04980170900619702, 1) )
                uniform token[] xformOpOrder = ["xformOp:transform"]
            }
        }

        def Xform "Leaf_o1_r1_i3" (
            prepend apiSchemas = ["PhysicsRigidBodyAPI", "PhysicsMassAPI", "PhysicsFilteredPairsAPI"]
        )
        {
            prepend rel physics:filteredPairs = </Plant_1/Stem/Internode_o1_r1>
            float physics:mass = 0.05

            def Cylinder "Petiole" (
                prepend apiSchemas = ["PhysicsCollisionAPI"]
            )
            {
                uniform token axis = "Z"
                double height = 0.016287385
                rel material:binding = </Plant_1/Materials/Leaf>
                double radius = 0.0015396605
                matrix4d xformOp:transform = ( (-0.6755902076156604, -0.737277336810124, 0, 0), (0.25216370040656594, -0.23106545963812644, 0.9396926207859084, 0), (-0.6928140728731603, 0.6348471327716558, 0.3420201433256687, 0), (-0.00564206476915161, 0.005169999833799038, 0.03276500487605017, 1) )
                uniform token[] xformOpOrder = ["xformOp:transform"]
            }

            def Cylinder "Rachis" (
                prepend apiSchemas = ["PhysicsCollisionAPI"]
            )
            {
                uniform token axis = "Z"
                double height = 0.031668298
                rel material:binding = </Plant_1/Materials/Leaf>
                double radius = 0.0009237962999999999
                matrix4d xformOp:transform = ( (-0.6755902076156604, -0.737277336810124, 0, 0), (0.25216370040656594, -0.23106545963812644, 0.9396926207859084, 0), (-0.6928140728731603, 0.6348471327716558, 0.3420201433256687, 0), (-0.022254250797473698, 0.020392263760127257, 0.04096590966252034, 1) )
                uniform token[] xformOpOrder = ["xformOp:transform"]
            }

            def Cylinder "Petiolule_0" (
                prepend apiSchemas = ["PhysicsCollisionAPI"]
            )
            {
                uniform token axis = "Z"
                double height = 0.01
                rel material:binding = </Plant_1/Materials/Leaf>
                double radius = 0.0006158642
                matrix4d xformOp:transform = ( (0.16064560780738846, -0.9870121522515286, 0, 0), (0.21699097998550732, 0.035317344157287905, 0.9755345200486782, 0), (-0.9628644262289079, -0.1567153359103089, 0.2198463103929542, 0), (-0.01609845166944776, 0.009556422988046532, 0.03664954330406512, 1) )
                uniform token[] xformOpOrder = ["xformOp:transform"]
            }

            def Mesh "Blade_0" (
                prepend apiSchemas = ["PhysicsCollisionAPI", "PhysicsMeshCollisionAPI"]
            )
            {
                int[] faceVertexCounts = [3, 3, 3, 3, 3, 3, 3, 3, 3, 3, 3, 3, 3, 3]
                int[] faceVertexIndices = [0, 1, 2, 0, 2, 3, 0, 3, 4, 0, 4, 5, 0, 5, 6, 0, 6, 7, 0, 7, 8, 0, 8, 9, 0, 9, 10, 0, 10, 11, 0, 11, 12, 0, 12, 13, 0, 13, 14, 0, 14, 15]
                rel material:binding = </Plant_1/Materials/Leaf>
                uniform token physics:approximation = "convexHull"
                point3f[] points = [(0, 0, 0), (0.0008393331, 0.00079466775, 0), (0.0014834555, 0.0015893355, 0), (0.0018501268, 0.0023840033, 0), (0.0019072026, 0.003178671, 0), (0.0016739243, 0.0039733388, 0), (0.0012137364, 0.0047680065, 0), (0.0006203766, 0.0055626743, 0), (0, 0.006357342, 0), (-0.0006203766, 0.0055626743, 0), (-0.0012137364, 0.0047680065, 0), (-0.0016739243, 0.0039733388, 0), (-0.0019072026, 0.003178671, 0), (-0.0018501268, 0.0023840033, 0), (-0.0014834555, 0.0015893355, 0), (-0.0008393331, 0.00079466775, 0)]
                uniform token subdivisionScheme = "none"
                matrix4d xformOp:transform = ( (-0.16064560780738846, 0.9870121522515286, 0, 0), (-0.9628644262289079, -0.1567153359103089, 0.2198463103929542, 0), (0.21699097998550732, 0.035317344157287905, 0.9755345200486782, 0), (-0.0209127738005923, 0.008772846308494987, 0.03774877485602989, 1) )
                uniform token[] xformOpOrder = ["xformOp:transform"]
            }

            def Cylinder "Petiolule_1" (
                prepend apiSchemas = ["PhysicsCollisionAPI"]
            )
            {
                uniform token axis = "Z"
                double height = 0.01
                rel material:binding = </Plant_1/Materials/Leaf>
                double radius = 0.0006158642
                matrix4d xformOp:transform = ( (-0.9972574602926975, 0.07401052553899984, 0, 0), (-0.016270940969992622, -0.21924337315719755, 0.9755345200486782, 0), (0.07219982251023865, 0.9728590778916004, 0.2198463103929542, 0), (-0.010923130425752027, 0.015204295057056078, 0.03664954330406512, 1) )
                uniform token[] xformOpOrder = ["xformOp:transform"]
            }

            def Mesh "Blade_1" (
                prepend apiSchemas = ["PhysicsCollisionAPI", "PhysicsMeshCollisionAPI"]
            )
            {
                int[] faceVertexCounts = [3, 3, 3, 3, 3, 3, 3, 3, 3, 3, 3, 3, 3, 3]
                int[] faceVertexIndices = [0, 1, 2, 0, 2, 3, 0, 3, 4, 0, 4, 5, 0, 5, 6, 0, 6, 7, 0, 7, 8, 0, 8, 9, 0, 9, 10, 0, 10, 11, 0, 11, 12, 0, 12, 13, 0, 13, 14, 0, 14, 15]
                rel material:binding = </Plant_1/Materials/Leaf>
                uniform token physics:approximation = "convexHull"
                point3f[] points = [(0, 0, 0), (0.0008393331, 0.00079466775, 0), (0.0014834555, 0.0015893355, 0), (0.0018501268, 0.0023840033, 0), (0.0019072026, 0.003178671, 0), (0.0016739243, 0.0039733388, 0), (0.0012137364, 0.0047680065, 0), (0.0006203766, 0.0055626743, 0), (0, 0.006357342, 0), (-0.0006203766, 0.0055626743, 0), (-0.0012137364, 0.0047680065, 0), (-0.0016739243, 0.0039733388, 0), (-0.0019072026, 0.003178671, 0), (-0.0018501268, 0.0023840033, 0), (-0.0014834555, 0.0015893355, 0), (-0.0008393331, 0.00079466775, 0)]
                uniform token subdivisionScheme = "none"
                matrix4d xformOp:transform = ( (0.9972574602926975, -0.07401052553899984, 0, 0), (0.07219982251023865, 0.9728590778916004, 0.2198463103929542, 0), (-0.016270940969992622, -0.21924337315719755, 0.9755345200486782, 0), (-0.010562131313200834, 0.02006859044651408, 0.03774877485602989, 1) )
                uniform token[] xformOpOrder = ["xformOp:transform"]
            }

            def Cylinder "Petiolule_2" (
                prepend apiSchemas = ["PhysicsCollisionAPI"]
            )
            {
                uniform token axis = "Z"
                double height = 0.01
                rel material:binding = </Plant_1/Materials/Leaf>
                double radius = 0.0006158642
                matrix4d xformOp:transform = ( (0.16064560780738846, -0.9870121522515286, 0, 0), (0.21699097998550732, 0.035317344157287905, 0.9755345200486782, 0), (-0.9628644262289079, -0.1567153359103089, 0.2198463103929542, 0), (-0.027965897402034683, 0.02043093346877597, 0.0425081215998788, 1) )
                uniform token[] xformOpOrder = ["xformOp:transform"]
            }

            def Mesh "Blade_2" (
                prepend apiSchemas = ["PhysicsCollisionAPI", "PhysicsMeshCollisionAPI"]
            )
            {
                int[] faceVertexCounts = [3, 3, 3, 3, 3, 3, 3, 3, 3, 3, 3, 3, 3, 3]
                int[] faceVertexIndices = [0, 1, 2, 0, 2, 3, 0, 3, 4, 0, 4, 5, 0, 5, 6, 0, 6, 7, 0, 7, 8, 0, 8, 9, 0, 9, 10, 0, 10, 11, 0, 11, 12, 0, 12, 13, 0, 13, 14, 0, 14, 15]
                rel material:binding = </Plant_1/Materials/Leaf>
                uniform token physics:approximation = "convexHull"
                point3f[] points = [(0, 0, 0), (0.0008393331, 0.00079466775, 0), (0.0014834555, 0.0015893355, 0), (0.0018501268, 0.0023840033, 0), (0.0019072026, 0.003178671, 0), (0.0016739243, 0.0039733388, 0), (0.0012137364, 0.0047680065, 0), (0.0006203766, 0.0055626743, 0), (0, 0.006357342, 0), (-0.0006203766, 0.0055626743, 0), (-0.0012137364, 0.0047680065, 0), (-0.0016739243, 0.0039733388, 0), (-0.0019072026, 0.003178671, 0), (-0.0018501268, 0.0023840033, 0), (-0.0014834555, 0.0015893355, 0), (-0.0008393331, 0.00079466775, 0)]
                uniform token subdivisionScheme = "none"
                matrix4d xformOp:transform = ( (-0.16064560780738846, 0.9870121522515286, 0, 0), (-0.9628644262289079, -0.1567153359103089, 0.2198463103929542, 0), (0.21699097998550732, 0.035317344157287905, 0.9755345200486782, 0), (-0.03278021953317922, 0.019647356789224427, 0.043607353151843574, 1) )
                uniform token[] xformOpOrder = ["xformOp:transform"]
            }

            def Cylinder "Petiolule_3" (
                prepend apiSchemas = ["PhysicsCollisionAPI"]
            )
            {
                uniform token axis = "Z"
                double height = 0.01
                rel material:binding = </Plant_1/Materials/Leaf>
                double radius = 0.0006158642
                matrix4d xformOp:transform = ( (-0.9972574602926975, 0.07401052553899984, 0, 0), (-0.016270940969992622, -0.21924337315719755, 0.9755345200486782, 0), (0.07219982251023865, 0.9728590778916004, 0.2198463103929542, 0), (-0.02279057615833895, 0.026078805537785518, 0.0425081215998788, 1) )
                uniform token[] xformOpOrder = ["xformOp:transform"]
            }

            def Mesh "Blade_3" (
                prepend apiSchemas = ["PhysicsCollisionAPI", "PhysicsMeshCollisionAPI"]
            )
            {
                int[] faceVertexCounts = [3, 3, 3, 3, 3, 3, 3, 3, 3, 3, 3, 3, 3, 3]
                int[] faceVertexIndices = [0, 1, 2, 0, 2, 3, 0, 3, 4, 0, 4, 5, 0, 5, 6, 0, 6, 7, 0, 7, 8, 0, 8, 9, 0, 9, 10, 0, 10, 11, 0, 11, 12, 0, 12, 13, 0, 13, 14, 0, 14, 15]
                rel material:binding = </Plant_1/Materials/Leaf>
                uniform token physics:approximation = "convexHull"
                point3f[] points = [(0, 0, 0), (0.0008393331, 0.00079466775, 0), (0.0014834555, 0.0015893355, 0), (0.0018501268, 0.0023840033, 0), (0.0019072026, 0.003178671, 0), (0.0016739243, 0.0039733388, 0), (0.0012137364, 0.0047680065, 0), (0.0006203766, 0.0055626743, 0), (0, 0.006357342, 0), (-0.0006203766, 0.0055626743, 0), (-0.0012137364, 0.0047680065, 0), (-0.0016739243, 0.0039733388, 0), (-0.0019072026, 0.003178671, 0), (-0.0018501268, 0.0023840033, 0), (-0.0014834555, 0.0015893355, 0), (-0.0008393331, 0.00079466775, 0)]
                uniform token subdivisionScheme = "none"
                matrix4d xformOp:transform = ( (0.9972574602926975, -0.07401052553899984, 0, 0), (0.07219982251023865, 0.9728590778916004, 0.2198463103929542, 0), (-0.016270940969992622, -0.21924337315719755, 0.9755345200486782, 0), (-0.022429577045787758, 0.03094310092724352, 0.043607353151843574, 1) )
                uniform token[] xformOpOrder = ["xformOp:transform"]
            }

            def Cylinder "Petiolule_term" (
                prepend apiSchemas = ["PhysicsCollisionAPI"]
            )
            {
                uniform token axis = "Z"
                double height = 0.01
                rel material:binding = </Plant_1/Materials/Leaf>
                double radius = 0.0006158642
                matrix4d xformOp:transform = ( (-0.6755902076156604, -0.737277336810124, 0, 0), (0.25216370040656594, -0.23106545963812644, 0.9396926207859084, 0), (-0.6928140728731603, 0.6348471327716558, 0.3420201433256687, 0), (-0.03668844242100998, 0.033618763516514716, 0.04809160828956868, 1) )
                uniform token[] xformOpOrder = ["xformOp:transform"]
            }

            def Mesh "Blade_4" (
                prepend apiSchemas = ["PhysicsCollisionAPI", "PhysicsMeshCollisionAPI"]
            )
            {
                int[] faceVertexCounts = [3, 3, 3, 3, 3, 3, 3, 3, 3, 3, 3, 3, 3, 3]
                int[] faceVertexIndices = [0, 1, 2, 0, 2, 3, 0, 3, 4, 0, 4, 5, 0, 5, 6, 0, 6, 7, 0, 7, 8, 0, 8, 9, 0, 9, 10, 0, 10, 11, 0, 11, 12, 0, 12, 13, 0, 13, 14, 0, 14, 15]
                rel material:binding = </Plant_1/Materials/Leaf>
                uniform token physics:approximation = "convexHull"
                point3f[] points = [(0, 0, 0), (0.0008393331, 0.00079466775, 0), (0.0014834555, 0.0015893355, 0), (0.0018501268, 0.0023840033, 0), (0.0019072026, 0.003178671, 0), (0.0016739243, 0.0039733388, 0), (0.0012137364, 0.0047680065, 0), (0.0006203766, 0.0055626743, 0), (0, 0.006357342, 0), (-0.0006203766, 0.0055626743, 0), (-0.0012137364, 0.0047680065, 0), (-0.0016739243, 0.0039733388, 0), (-0.0019072026, 0.003178671, 0), (-0.0018501268, 0.0023840033, 0), (-0.0014834555, 0.0015893355, 0), (-0.0008393331, 0.00079466775, 0)]
                uniform token subdivisionScheme = "none"
                matrix4d xformOp:transform = ( (0.6755902076156604, 0.737277336810124, -0, 0), (-0.6928140728731603, 0.6348471327716558, 0.3420201433256687, 0), (0.25216370040656594, -0.23106545963812644, 0.9396926207859084, 0), (-0.04015251278537578, 0.036792999180372994, 0.04980170900619702, 1) )
                uniform token[] xformOpOrder = ["xformOp:transform"]
            }
        }

        def Xform "Leaf_o0_r6_i0" (
            prepend apiSchemas = ["PhysicsRigidBodyAPI", "PhysicsMassAPI", "PhysicsFilteredPairsAPI"]
        )
        {
            prepend rel physics:filteredPairs = </Plant_1/Stem/Internode_o0_r6>
            float physics:mass = 0.05

            def Cylinder "Petiole" (
                prepend apiSchemas = ["PhysicsCollisionAPI"]
            )
            {
                uniform token axis = "Z"
                double height = 0.024031054
                rel material:binding = </Plant_1/Materials/Leaf>
                double radius = 0.00210444675
                matrix4d xformOp:transform = ( (-0.9659258262890683, -0.25881904510252085, 0, 0), (0.0885213269013769, -0.33036608954935215, 0.9396926207859085, 0), (-0.24321034680169407, 0.9076733711903687, 0.3420201433256687, 0), (-0.0029223004886751187, 0.010906173898718898, 0.11265391826667344, 1) )
                uniform token[] xformOpOrder = ["xformOp:transform"]
            }

            def Cylinder "Rachis" (
                prepend apiSchemas = ["PhysicsCollisionAPI"]
            )
            {
                uniform token axis = "Z"
                double height = 0.084180236
                rel material:binding = </Plant_1/Materials/Leaf>
                double radius = 0.0012626680499999998
                matrix4d xformOp:transform = ( (-0.9659258262890683, -0.25881904510252085, 0, 0), (0.0885213269013769, -0.33036608954935215, 0.9396926207859085, 0), (-0.24321034680169407, 0.9076733711903687, 0.3420201433256687, 0), (-0.016081353173054466, 0.06001642709629822, 0.1311591387243012, 1) )
                uniform token[] xformOpOrder = ["xformOp:transform"]
            }

            def Cylinder "Petiolule_0" (
                prepend apiSchemas = ["PhysicsCollisionAPI"]
            )
            {
                uniform token axis = "Z"
                double height = 0.01
                rel material:binding = </Plant_1/Materials/Leaf>
                double radius = 0.0008417787
                matrix4d xformOp:transform = ( (-0.3948341114061387, -0.9187524282798522, 0, 0), (0.20198433152189277, -0.08680282260992023, 0.9755345200486782, 0), (-0.8962747091655432, 0.38517430536943387, 0.2198463103929542, 0), (-0.010325974523177954, 0.023738219324284965, 0.11786270208531166, 1) )
                uniform token[] xformOpOrder = ["xformOp:transform"]
            }

            def Mesh "Blade_0" (
                prepend apiSchemas = ["PhysicsCollisionAPI", "PhysicsMeshCollisionAPI"]
            )
            {
                int[] faceVertexCounts = [3, 3, 3, 3, 3, 3, 3, 3, 3, 3, 3, 3, 3, 3]
                int[] faceVertexIndices = [0, 1, 2, 0, 2, 3, 0, 3, 4, 0, 4, 5, 0, 5, 6, 0, 6, 7, 0, 7, 8, 0, 8, 9, 0, 9, 10, 0, 10, 11, 0, 11, 12, 0, 12, 13, 0, 13, 14, 0, 14, 15]
                rel material:binding = </Plant_1/Materials/Leaf>
                uniform token physics:approximation = "convexHull"
                point3f[] points = [(0, 0, 0), (0.0021528462, 0.0020382819, 0), (0.0038049868, 0.0040765638, 0), (0.0047454797, 0.0061148456, 0), (0.0048918766, 0.0081531275, 0), (0.0042935293, 0.010191409, 0), (0.003113171, 0.012229691, 0), (0.0015912341, 0.014267973, 0), (0, 0.016306255, 0), (-0.0015912341, 0.014267973, 0), (-0.003113171, 0.012229691, 0), (-0.0042935293, 0.010191409, 0), (-0.0048918766, 0.0081531275, 0), (-0.0047454797, 0.0061148456, 0), (-0.0038049868, 0.0040765638, 0), (-0.0021528462, 0.0020382819, 0)]
                uniform token subdivisionScheme = "none"
                matrix4d xformOp:transform = ( (0.3948341114061387, 0.9187524282798522, -0, 0), (-0.8962747091655432, 0.38517430536943387, 0.2198463103929542, 0), (0.20198433152189277, -0.08680282260992023, 0.9755345200486782, 0), (-0.014807348069005669, 0.025664090851132134, 0.11896193363727643, 1) )
                uniform token[] xformOpOrder = ["xformOp:transform"]
            }

            def Cylinder "Petiolule_1" (
                prepend apiSchemas = ["PhysicsCollisionAPI"]
            )
            {
                uniform token axis = "Z"
                double height = 0.01
                rel material:binding = </Plant_1/Materials/Leaf>
                double radius = 0.0008417787
                matrix4d xformOp:transform = ( (-0.8013125848982975, 0.5982458869759231, 0, 0), (-0.13152215095941697, -0.17616561526133157, 0.9755345200486782, 0), (0.5836095142221529, 0.7817080879177263, 0.2198463103929542, 0), (-0.0029265534062394728, 0.025720888237026427, 0.11786270208531166, 1) )
                uniform token[] xformOpOrder = ["xformOp:transform"]
            }

            def Mesh "Blade_1" (
                prepend apiSchemas = ["PhysicsCollisionAPI", "PhysicsMeshCollisionAPI"]
            )
            {
                int[] faceVertexCounts = [3, 3, 3, 3, 3, 3, 3, 3, 3, 3, 3, 3, 3, 3]
                int[] faceVertexIndices = [0, 1, 2, 0, 2, 3, 0, 3, 4, 0, 4, 5, 0, 5, 6, 0, 6, 7, 0, 7, 8, 0, 8, 9, 0, 9, 10, 0, 10, 11, 0, 11, 12, 0, 12, 13, 0, 13, 14, 0, 14, 15]
                rel material:binding = </Plant_1/Materials/Leaf>
                uniform token physics:approximation = "convexHull"
                point3f[] points = [(0, 0, 0), (0.0021528462, 0.0020382819, 0), (0.0038049868, 0.0040765638, 0), (0.0047454797, 0.0061148456, 0), (0.0048918766, 0.0081531275, 0), (0.0042935293, 0.010191409, 0), (0.003113171, 0.012229691, 0), (0.0015912341, 0.014267973, 0), (0, 0.016306255, 0), (-0.0015912341, 0.014267973, 0), (-0.003113171, 0.012229691, 0), (-0.0042935293, 0.010191409, 0), (-0.0048918766, 0.0081531275, 0), (-0.0047454797, 0.0061148456, 0), (-0.0038049868, 0.0040765638, 0), (-0.0021528462, 0.0020382819, 0)]
                uniform token subdivisionScheme = "none"
                matrix4d xformOp:transform = ( (0.8013125848982975, -0.5982458869759231, 0, 0), (0.5836095142221529, 0.7817080879177263, 0.2198463103929542, 0), (-0.13152215095941697, -0.17616561526133157, 0.9755345200486782, 0), (-0.000008505835128708172, 0.02962942867661506, 0.11896193363727643, 1) )
                uniform token[] xformOpOrder = ["xformOp:transform"]
            }

            def Cylinder "Petiolule_2" (
                prepend apiSchemas = ["PhysicsCollisionAPI"]
            )
            {
                uniform token axis = "Z"
                double height = 0.01
                rel material:binding = </Plant_1/Materials/Leaf>
                double radius = 0.0008417787
                matrix4d xformOp:transform = ( (-0.3948341114061387, -0.9187524282798522, 0, 0), (0.20198433152189277, -0.08680282260992023, 0.9755345200486782, 0), (-0.8962747091655432, 0.38517430536943387, 0.2198463103929542, 0), (-0.01687382891956055, 0.048175144612148044, 0.127070772911971, 1) )
                uniform token[] xformOpOrder = ["xformOp:transform"]
            }

            def Mesh "Blade_2" (
                prepend apiSchemas = ["PhysicsCollisionAPI", "PhysicsMeshCollisionAPI"]
            )
            {
                int[] faceVertexCounts = [3, 3, 3, 3, 3, 3, 3, 3, 3, 3, 3, 3, 3, 3]
                int[] faceVertexIndices = [0, 1, 2, 0, 2, 3, 0, 3, 4, 0, 4, 5, 0, 5, 6, 0, 6, 7, 0, 7, 8, 0, 8, 9, 0, 9, 10, 0, 10, 11, 0, 11, 12, 0, 12, 13, 0, 13, 14, 0, 14, 15]
                rel material:binding = </Plant_1/Materials/Leaf>
                uniform token physics:approximation = "convexHull"
                point3f[] points = [(0, 0, 0), (0.0021528462, 0.0020382819, 0), (0.0038049868, 0.0040765638, 0), (0.0047454797, 0.0061148456, 0), (0.0048918766, 0.0081531275, 0), (0.0042935293, 0.010191409, 0), (0.003113171, 0.012229691, 0), (0.0015912341, 0.014267973, 0), (0, 0.016306255, 0), (-0.0015912341, 0.014267973, 0), (-0.003113171, 0.012229691, 0), (-0.0042935293, 0.010191409, 0), (-0.0048918766, 0.0081531275, 0), (-0.0047454797, 0.0061148456, 0), (-0.0038049868, 0.0040765638, 0), (-0.0021528462, 0.0020382819, 0)]
                uniform token subdivisionScheme = "none"
                matrix4d xformOp:transform = ( (0.3948341114061387, 0.9187524282798522, -0, 0), (-0.8962747091655432, 0.38517430536943387, 0.2198463103929542, 0), (0.20198433152189277, -0.08680282260992023, 0.9755345200486782, 0), (-0.021355202465388266, 0.05010101613899521, 0.12817000446393578, 1) )
                uniform token[] xformOpOrder = ["xformOp:transform"]
            }

            def Cylinder "Petiolule_3" (
                prepend apiSchemas = ["PhysicsCollisionAPI"]
            )
            {
                uniform token axis = "Z"
                double height = 0.01
                rel material:binding = </Plant_1/Materials/Leaf>
                double radius = 0.0008417787
                matrix4d xformOp:transform = ( (-0.8013125848982975, 0.5982458869759231, 0, 0), (-0.13152215095941697, -0.17616561526133157, 0.9755345200486782, 0), (0.5836095142221529, 0.7817080879177263, 0.2198463103929542, 0), (-0.009474407802622068, 0.0501578135248895, 0.127070772911971, 1) )
                uniform token[] xformOpOrder = ["xformOp:transform"]
            }

            def Mesh "Blade_3" (
                prepend apiSchemas = ["PhysicsCollisionAPI", "PhysicsMeshCollisionAPI"]
            )
            {
                int[] faceVertexCounts = [3, 3, 3, 3, 3, 3, 3, 3, 3, 3, 3, 3, 3, 3]
                int[] faceVertexIndices = [0, 1, 2, 0, 2, 3, 0, 3, 4, 0, 4, 5, 0, 5, 6, 0, 6, 7, 0, 7, 8, 0, 8, 9, 0, 9, 10, 0, 10, 11, 0, 11, 12, 0, 12, 13, 0, 13, 14, 0, 14, 15]
                rel material:binding = </Plant_1/Materials/Leaf>
                uniform token physics:approximation = "convexHull"
                point3f[] points = [(0, 0, 0), (0.0021528462, 0.0020382819, 0), (0.0038049868, 0.0040765638, 0), (0.0047454797, 0.0061148456, 0), (0.0048918766, 0.0081531275, 0), (0.0042935293, 0.010191409, 0), (0.003113171, 0.012229691, 0), (0.0015912341, 0.014267973, 0), (0, 0.016306255, 0), (-0.0015912341, 0.014267973, 0), (-0.003113171, 0.012229691, 0), (-0.0042935293, 0.010191409, 0), (-0.0048918766, 0.0081531275, 0), (-0.0047454797, 0.0061148456, 0), (-0.0038049868, 0.0040765638, 0), (-0.0021528462, 0.0020382819, 0)]
                uniform token subdivisionScheme = "none"
                matrix4d xformOp:transform = ( (0.8013125848982975, -0.5982458869759231, 0, 0), (0.5836095142221529, 0.7817080879177263, 0.2198463103929542, 0), (-0.13152215095941697, -0.17616561526133157, 0.9755345200486782, 0), (-0.006556360231511304, 0.054066353964478134, 0.12817000446393578, 1) )
                uniform token[] xformOpOrder = ["xformOp:transform"]
            }

            def Cylinder "Petiolule_4" (
                prepend apiSchemas = ["PhysicsCollisionAPI"]
            )
            {
                uniform token axis = "Z"
                double height = 0.01
                rel material:binding = </Plant_1/Materials/Leaf>
                double radius = 0.0008417787
                matrix4d xformOp:transform = ( (-0.3948341114061387, -0.9187524282798522, 0, 0), (0.20198433152189277, -0.08680282260992023, 0.9755345200486782, 0), (-0.8962747091655432, 0.38517430536943387, 0.2198463103929542, 0), (-0.023421683315943142, 0.07261206990001112, 0.13627884373863036, 1) )
                uniform token[] xformOpOrder = ["xformOp:transform"]
            }

            def Mesh "Blade_4" (
                prepend apiSchemas = ["PhysicsCollisionAPI", "PhysicsMeshCollisionAPI"]
            )
            {
                int[] faceVertexCounts = [3, 3, 3, 3, 3, 3, 3, 3, 3, 3, 3, 3, 3, 3]
                int[] faceVertexIndices = [0, 1, 2, 0, 2, 3, 0, 3, 4, 0, 4, 5, 0, 5, 6, 0, 6, 7, 0, 7, 8, 0, 8, 9, 0, 9, 10, 0, 10, 11, 0, 11, 12, 0, 12, 13, 0, 13, 14, 0, 14, 15]
                rel material:binding = </Plant_1/Materials/Leaf>
                uniform token physics:approximation = "convexHull"
                point3f[] points = [(0, 0, 0), (0.0021528462, 0.0020382819, 0), (0.0038049868, 0.0040765638, 0), (0.0047454797, 0.0061148456, 0), (0.0048918766, 0.0081531275, 0), (0.0042935293, 0.010191409, 0), (0.003113171, 0.012229691, 0), (0.0015912341, 0.014267973, 0), (0, 0.016306255, 0), (-0.0015912341, 0.014267973, 0), (-0.003113171, 0.012229691, 0), (-0.0042935293, 0.010191409, 0), (-0.0048918766, 0.0081531275, 0), (-0.0047454797, 0.0061148456, 0), (-0.0038049868, 0.0040765638, 0), (-0.0021528462, 0.0020382819, 0)]
                uniform token subdivisionScheme = "none"
                matrix4d xformOp:transform = ( (0.3948341114061387, 0.9187524282798522, -0, 0), (-0.8962747091655432, 0.38517430536943387, 0.2198463103929542, 0), (0.20198433152189277, -0.08680282260992023, 0.9755345200486782, 0), (-0.02790305686177086, 0.0745379414268583, 0.13737807529059515, 1) )
                uniform token[] xformOpOrder = ["xformOp:transform"]
            }

            def Cylinder "Petiolule_5" (
                prepend apiSchemas = ["PhysicsCollisionAPI"]
            )
            {
                uniform token axis = "Z"
                double height = 0.01
                rel material:binding = </Plant_1/Materials/Leaf>
                double radius = 0.0008417787
                matrix4d xformOp:transform = ( (-0.8013125848982975, 0.5982458869759231, 0, 0), (-0.13152215095941697, -0.17616561526133157, 0.9755345200486782, 0), (0.5836095142221529, 0.7817080879177263, 0.2198463103929542, 0), (-0.016022262199004662, 0.07459473881275258, 0.13627884373863036, 1) )
                uniform token[] xformOpOrder = ["xformOp:transform"]
            }

            def Mesh "Blade_5" (
                prepend apiSchemas = ["PhysicsCollisionAPI", "PhysicsMeshCollisionAPI"]
            )
            {
                int[] faceVertexCounts = [3, 3, 3, 3, 3, 3, 3, 3, 3, 3, 3, 3, 3, 3]
                int[] faceVertexIndices = [0, 1, 2, 0, 2, 3, 0, 3, 4, 0, 4, 5, 0, 5, 6, 0, 6, 7, 0, 7, 8, 0, 8, 9, 0, 9, 10, 0, 10, 11, 0, 11, 12, 0, 12, 13, 0, 13, 14, 0, 14, 15]
                rel material:binding = </Plant_1/Materials/Leaf>
                uniform token physics:approximation = "convexHull"
                point3f[] points = [(0, 0, 0), (0.0021528462, 0.0020382819, 0), (0.0038049868, 0.0040765638, 0), (0.0047454797, 0.0061148456, 0), (0.0048918766, 0.0081531275, 0), (0.0042935293, 0.010191409, 0), (0.003113171, 0.012229691, 0), (0.0015912341, 0.014267973, 0), (0, 0.016306255, 0), (-0.0015912341, 0.014267973, 0), (-0.003113171, 0.012229691, 0), (-0.0042935293, 0.010191409, 0), (-0.0048918766, 0.0081531275, 0), (-0.0047454797, 0.0061148456, 0), (-0.0038049868, 0.0040765638, 0), (-0.0021528462, 0.0020382819, 0)]
                uniform token subdivisionScheme = "none"
                matrix4d xformOp:transform = ( (0.8013125848982975, -0.5982458869759231, 0, 0), (0.5836095142221529, 0.7817080879177263, 0.2198463103929542, 0), (-0.13152215095941697, -0.17616561526133157, 0.9755345200486782, 0), (-0.013104214627893896, 0.07850327925234121, 0.13737807529059515, 1) )
                uniform token[] xformOpOrder = ["xformOp:transform"]
            }

            def Cylinder "Petiolule_term" (
                prepend apiSchemas = ["PhysicsCollisionAPI"]
            )
            {
                uniform token axis = "Z"
                double height = 0.01
                rel material:binding = </Plant_1/Materials/Leaf>
                double radius = 0.0008417787
                matrix4d xformOp:transform = ( (-0.9659258262890683, -0.25881904510252085, 0, 0), (0.0885213269013769, -0.33036608954935215, 0.9396926207859085, 0), (-0.24321034680169407, 0.9076733711903687, 0.3420201433256687, 0), (-0.027534157102767163, 0.10275887325111048, 0.14726490763188385, 1) )
                uniform token[] xformOpOrder = ["xformOp:transform"]
            }

            def Mesh "Blade_6" (
                prepend apiSchemas = ["PhysicsCollisionAPI", "PhysicsMeshCollisionAPI"]
            )
            {
                int[] faceVertexCounts = [3, 3, 3, 3, 3, 3, 3, 3, 3, 3, 3, 3, 3, 3]
                int[] faceVertexIndices = [0, 1, 2, 0, 2, 3, 0, 3, 4, 0, 4, 5, 0, 5, 6, 0, 6, 7, 0, 7, 8, 0, 8, 9, 0, 9, 10, 0, 10, 11, 0, 11, 12, 0, 12, 13, 0, 13, 14, 0, 14, 15]
                rel material:binding = </Plant_1/Materials/Leaf>
                uniform token physics:approximation = "convexHull"
                point3f[] points = [(0, 0, 0), (0.002153223, 0.0020386386, 0), (0.003805653, 0.004077277, 0), (0.0047463104, 0.0061159157, 0), (0.0048927325, 0.008154554, 0), (0.004294281, 0.010193193, 0), (0.003113716, 0.012231831, 0), (0.0015915126, 0.0142704705, 0), (0, 0.016309109, 0), (-0.0015915126, 0.0142704705, 0), (-0.003113716, 0.012231831, 0), (-0.004294281, 0.010193193, 0), (-0.0048927325, 0.008154554, 0), (-0.0047463104, 0.0061159157, 0), (-0.003805653, 0.004077277, 0), (-0.002153223, 0.0020386386, 0)]
                uniform token subdivisionScheme = "none"
                matrix4d xformOp:transform = ( (0.9659258262890683, 0.25881904510252085, -0, 0), (-0.24321034680169407, 0.9076733711903687, 0.3420201433256687, 0), (0.0885213269013769, -0.33036608954935215, 0.9396926207859085, 0), (-0.028750208836775634, 0.10729724010706233, 0.1489750083485122, 1) )
                uniform token[] xformOpOrder = ["xformOp:transform"]
            }
        }

        def Xform "Leaf_o0_r5_i0" (
            prepend apiSchemas = ["PhysicsRigidBodyAPI", "PhysicsMassAPI", "PhysicsFilteredPairsAPI"]
        )
        {
            prepend rel physics:filteredPairs = </Plant_1/Stem/Internode_o0_r5>
            float physics:mass = 0.05

            def Cylinder "Petiole" (
                prepend apiSchemas = ["PhysicsCollisionAPI"]
            )
            {
                uniform token axis = "Z"
                double height = 0.027873967
                rel material:binding = </Plant_1/Materials/Leaf>
                double radius = 0.0023708185
                matrix4d xformOp:transform = ( (0.5372996083468242, 0.8433914458128855, -0, 0), (-0.28845686317656605, 0.1837672890556065, 0.9396926207859086, 0), (0.7925287180643269, -0.5048964771146695, 0.3420201433256687, 0), (0.011045459666938675, -0.007036733870755276, 0.08550209309419748, 1) )
                uniform token[] xformOpOrder = ["xformOp:transform"]
            }

            def Cylinder "Rachis" (
                prepend apiSchemas = ["PhysicsCollisionAPI"]
            )
            {
                uniform token axis = "Z"
                double height = 0.10437494
                rel material:binding = </Plant_1/Materials/Leaf>
                double radius = 0.0014224911
                matrix4d xformOp:transform = ( (0.5372996083468242, 0.8433914458128855, -0, 0), (-0.28845686317656605, 0.1837672890556065, 0.9396926207859086, 0), (0.7925287180643269, -0.5048964771146695, 0.3420201433256687, 0), (0.06345098803199786, -0.04042273749403805, 0.108117988157599, 1) )
                uniform token[] xformOpOrder = ["xformOp:transform"]
            }

            def Cylinder "Petiolule_0" (
                prepend apiSchemas = ["PhysicsCollisionAPI"]
            )
            {
                uniform token axis = "Z"
                double height = 0.01
                rel material:binding = </Plant_1/Materials/Leaf>
                double radius = 0.0009483274
                matrix4d xformOp:transform = ( (-0.3295979016296671, 0.944121402808622, 0, 0), (-0.20756160697049564, -0.07246088258654218, 0.9755345200486782, 0), (0.9210230195565939, 0.32153413077534876, 0.2198463103929542, 0), (0.02669603443166032, -0.012465797087633807, 0.09136805374035974, 1) )
                uniform token[] xformOpOrder = ["xformOp:transform"]
            }

            def Mesh "Blade_0" (
                prepend apiSchemas = ["PhysicsCollisionAPI", "PhysicsMeshCollisionAPI"]
            )
            {
                int[] faceVertexCounts = [3, 3, 3, 3, 3, 3, 3, 3, 3, 3, 3, 3, 3, 3]
                int[] faceVertexIndices = [0, 1, 2, 0, 2, 3, 0, 3, 4, 0, 4, 5, 0, 5, 6, 0, 6, 7, 0, 7, 8, 0, 8, 9, 0, 9, 10, 0, 10, 11, 0, 11, 12, 0, 12, 13, 0, 13, 14, 0, 14, 15]
                rel material:binding = </Plant_1/Materials/Leaf>
                uniform token physics:approximation = "convexHull"
                point3f[] points = [(0, 0, 0), (0.003287792, 0.0031128314, 0), (0.005810915, 0.006225663, 0), (0.0072472207, 0.009338494, 0), (0.0074707954, 0.012451326, 0), (0.006557009, 0.015564157, 0), (0.004754385, 0.018676989, 0), (0.0024301072, 0.021789819, 0), (0, 0.024902651, 0), (-0.0024301072, 0.021789819, 0), (-0.004754385, 0.018676989, 0), (-0.006557009, 0.015564157, 0), (-0.0074707954, 0.012451326, 0), (-0.0072472207, 0.009338494, 0), (-0.005810915, 0.006225663, 0), (-0.003287792, 0.0031128314, 0)]
                uniform token subdivisionScheme = "none"
                matrix4d xformOp:transform = ( (0.3295979016296671, -0.944121402808622, 0, 0), (0.9210230195565939, 0.32153413077534876, 0.2198463103929542, 0), (-0.20756160697049564, -0.07246088258654218, 0.9755345200486782, 0), (0.03130114952944329, -0.010858126433757064, 0.09246728529232451, 1) )
                uniform token[] xformOpOrder = ["xformOp:transform"]
            }

            def Cylinder "Petiolule_1" (
                prepend apiSchemas = ["PhysicsCollisionAPI"]
            )
            {
                uniform token axis = "Z"
                double height = 0.01
                rel material:binding = </Plant_1/Materials/Leaf>
                double radius = 0.0009483274
                matrix4d xformOp:transform = ( (0.9949586715335319, 0.10028580128926272, -0, 0), (-0.022047463398245377, 0.2187379929301222, 0.9755345200486784, 0), (0.09783226102841802, -0.9706165301027345, 0.2198463103929542, 0), (0.02258008063901944, -0.018926550392024226, 0.09136805374035974, 1) )
                uniform token[] xformOpOrder = ["xformOp:transform"]
            }

            def Mesh "Blade_1" (
                prepend apiSchemas = ["PhysicsCollisionAPI", "PhysicsMeshCollisionAPI"]
            )
            {
                int[] faceVertexCounts = [3, 3, 3, 3, 3, 3, 3, 3, 3, 3, 3, 3, 3, 3]
                int[] faceVertexIndices = [0, 1, 2, 0, 2, 3, 0, 3, 4, 0, 4, 5, 0, 5, 6, 0, 6, 7, 0, 7, 8, 0, 8, 9, 0, 9, 10, 0, 10, 11, 0, 11, 12, 0, 12, 13, 0, 13, 14, 0, 14, 15]
                rel material:binding = </Plant_1/Materials/Leaf>
                uniform token physics:approximation = "convexHull"
                point3f[] points = [(0, 0, 0), (0.003287792, 0.0031128314, 0), (0.005810915, 0.006225663, 0), (0.0072472207, 0.009338494, 0), (0.0074707954, 0.012451326, 0), (0.006557009, 0.015564157, 0), (0.004754385, 0.018676989, 0), (0.0024301072, 0.021789819, 0), (0, 0.024902651, 0), (-0.0024301072, 0.021789819, 0), (-0.004754385, 0.018676989, 0), (-0.006557009, 0.015564157, 0), (-0.0074707954, 0.012451326, 0), (-0.0072472207, 0.009338494, 0), (-0.005810915, 0.006225663, 0), (-0.003287792, 0.0031128314, 0)]
                uniform token subdivisionScheme = "none"
                matrix4d xformOp:transform = ( (-0.9949586715335319, -0.10028580128926272, 0, 0), (0.09783226102841802, -0.9706165301027345, 0.2198463103929542, 0), (-0.022047463398245377, 0.2187379929301222, 0.9755345200486784, 0), (0.02306924194416153, -0.023779633042537898, 0.09246728529232451, 1) )
                uniform token[] xformOpOrder = ["xformOp:transform"]
            }

            def Cylinder "Petiolule_2" (
                prepend apiSchemas = ["PhysicsCollisionAPI"]
            )
            {
                uniform token axis = "Z"
                double height = 0.01
                rel material:binding = </Plant_1/Materials/Leaf>
                double radius = 0.0009483274
                matrix4d xformOp:transform = ( (-0.3295979016296671, 0.944121402808622, 0, 0), (-0.20756160697049564, -0.07246088258654218, 0.9755345200486782, 0), (0.9210230195565939, 0.32153413077534876, 0.2198463103929542, 0), (0.054113126372185905, -0.029932411000767475, 0.10320005111955184, 1) )
                uniform token[] xformOpOrder = ["xformOp:transform"]
            }

            def Mesh "Blade_2" (
                prepend apiSchemas = ["PhysicsCollisionAPI", "PhysicsMeshCollisionAPI"]
            )
            {
                int[] faceVertexCounts = [3, 3, 3, 3, 3, 3, 3, 3, 3, 3, 3, 3, 3, 3]
                int[] faceVertexIndices = [0, 1, 2, 0, 2, 3, 0, 3, 4, 0, 4, 5, 0, 5, 6, 0, 6, 7, 0, 7, 8, 0, 8, 9, 0, 9, 10, 0, 10, 11, 0, 11, 12, 0, 12, 13, 0, 13, 14, 0, 14, 15]
                rel material:binding = </Plant_1/Materials/Leaf>
                uniform token physics:approximation = "convexHull"
                point3f[] points = [(0, 0, 0), (0.003287792, 0.0031128314, 0), (0.005810915, 0.006225663, 0), (0.0072472207, 0.009338494, 0), (0.0074707954, 0.012451326, 0), (0.006557009, 0.015564157, 0), (0.004754385, 0.018676989, 0), (0.0024301072, 0.021789819, 0), (0, 0.024902651, 0), (-0.0024301072, 0.021789819, 0), (-0.004754385, 0.018676989, 0), (-0.006557009, 0.015564157, 0), (-0.0074707954, 0.012451326, 0), (-0.0072472207, 0.009338494, 0), (-0.005810915, 0.006225663, 0), (-0.003287792, 0.0031128314, 0)]
                uniform token subdivisionScheme = "none"
                matrix4d xformOp:transform = ( (0.3295979016296671, -0.944121402808622, 0, 0), (0.9210230195565939, 0.32153413077534876, 0.2198463103929542, 0), (-0.20756160697049564, -0.07246088258654218, 0.9755345200486782, 0), (0.058718241469968874, -0.028324740346890732, 0.10429928267151661, 1) )
                uniform token[] xformOpOrder = ["xformOp:transform"]
            }

            def Cylinder "Petiolule_3" (
                prepend apiSchemas = ["PhysicsCollisionAPI"]
            )
            {
                uniform token axis = "Z"
                double height = 0.01
                rel material:binding = </Plant_1/Materials/Leaf>
                double radius = 0.0009483274
                matrix4d xformOp:transform = ( (0.9949586715335319, 0.10028580128926272, -0, 0), (-0.022047463398245377, 0.2187379929301222, 0.9755345200486784, 0), (0.09783226102841802, -0.9706165301027345, 0.2198463103929542, 0), (0.04999717257954502, -0.03639316430515789, 0.10320005111955184, 1) )
                uniform token[] xformOpOrder = ["xformOp:transform"]
            }

            def Mesh "Blade_3" (
                prepend apiSchemas = ["PhysicsCollisionAPI", "PhysicsMeshCollisionAPI"]
            )
            {
                int[] faceVertexCounts = [3, 3, 3, 3, 3, 3, 3, 3, 3, 3, 3, 3, 3, 3]
                int[] faceVertexIndices = [0, 1, 2, 0, 2, 3, 0, 3, 4, 0, 4, 5, 0, 5, 6, 0, 6, 7, 0, 7, 8, 0, 8, 9, 0, 9, 10, 0, 10, 11, 0, 11, 12, 0, 12, 13, 0, 13, 14, 0, 14, 15]
                rel material:binding = </Plant_1/Materials/Leaf>
                uniform token physics:approximation = "convexHull"
                point3f[] points = [(0, 0, 0), (0.003287792, 0.0031128314, 0), (0.005810915, 0.006225663, 0), (0.0072472207, 0.009338494, 0), (0.0074707954, 0.012451326, 0), (0.006557009, 0.015564157, 0), (0.004754385, 0.018676989, 0), (0.0024301072, 0.021789819, 0), (0, 0.024902651, 0), (-0.0024301072, 0.021789819, 0), (-0.004754385, 0.018676989, 0), (-0.006557009, 0.015564157, 0), (-0.0074707954, 0.012451326, 0), (-0.0072472207, 0.009338494, 0), (-0.005810915, 0.006225663, 0), (-0.003287792, 0.0031128314, 0)]
                uniform token subdivisionScheme = "none"
                matrix4d xformOp:transform = ( (-0.9949586715335319, -0.10028580128926272, 0, 0), (0.09783226102841802, -0.9706165301027345, 0.2198463103929542, 0), (-0.022047463398245377, 0.2187379929301222, 0.9755345200486784, 0), (0.050486333884687117, -0.04124624695567156, 0.10429928267151661, 1) )
                uniform token[] xformOpOrder = ["xformOp:transform"]
            }

            def Cylinder "Petiolule_4" (
                prepend apiSchemas = ["PhysicsCollisionAPI"]
            )
            {
                uniform token axis = "Z"
                double height = 0.01
                rel material:binding = </Plant_1/Materials/Leaf>
                double radius = 0.0009483274
                matrix4d xformOp:transform = ( (-0.3295979016296671, 0.944121402808622, 0, 0), (-0.20756160697049564, -0.07246088258654218, 0.9755345200486782, 0), (0.9210230195565939, 0.32153413077534876, 0.2198463103929542, 0), (0.08153021831271148, -0.04739902491390115, 0.11503204849874395, 1) )
                uniform token[] xformOpOrder = ["xformOp:transform"]
            }

            def Mesh "Blade_4" (
                prepend apiSchemas = ["PhysicsCollisionAPI", "PhysicsMeshCollisionAPI"]
            )
            {
                int[] faceVertexCounts = [3, 3, 3, 3, 3, 3, 3, 3, 3, 3, 3, 3, 3, 3]
                int[] faceVertexIndices = [0, 1, 2, 0, 2, 3, 0, 3, 4, 0, 4, 5, 0, 5, 6, 0, 6, 7, 0, 7, 8, 0, 8, 9, 0, 9, 10, 0, 10, 11, 0, 11, 12, 0, 12, 13, 0, 13, 14, 0, 14, 15]
                rel material:binding = </Plant_1/Materials/Leaf>
                uniform token physics:approximation = "convexHull"
                point3f[] points = [(0, 0, 0), (0.003287792, 0.0031128314, 0), (0.005810915, 0.006225663, 0), (0.0072472207, 0.009338494, 0), (0.0074707954, 0.012451326, 0), (0.006557009, 0.015564157, 0), (0.004754385, 0.018676989, 0), (0.0024301072, 0.021789819, 0), (0, 0.024902651, 0), (-0.0024301072, 0.021789819, 0), (-0.004754385, 0.018676989, 0), (-0.006557009, 0.015564157, 0), (-0.0074707954, 0.012451326, 0), (-0.0072472207, 0.009338494, 0), (-0.005810915, 0.006225663, 0), (-0.003287792, 0.0031128314, 0)]
                uniform token subdivisionScheme = "none"
                matrix4d xformOp:transform = ( (0.3295979016296671, -0.944121402808622, 0, 0), (0.9210230195565939, 0.32153413077534876, 0.2198463103929542, 0), (-0.20756160697049564, -0.07246088258654218, 0.9755345200486782, 0), (0.08613533341049445, -0.045791354260024404, 0.11613128005070872, 1) )
                uniform token[] xformOpOrder = ["xformOp:transform"]
            }

            def Cylinder "Petiolule_5" (
                prepend apiSchemas = ["PhysicsCollisionAPI"]
            )
            {
                uniform token axis = "Z"
                double height = 0.01
                rel material:binding = </Plant_1/Materials/Leaf>
                double radius = 0.0009483274
                matrix4d xformOp:transform = ( (0.9949586715335319, 0.10028580128926272, -0, 0), (-0.022047463398245377, 0.2187379929301222, 0.9755345200486784, 0), (0.09783226102841802, -0.9706165301027345, 0.2198463103929542, 0), (0.07741426452007061, -0.05385977821829156, 0.11503204849874395, 1) )
                uniform token[] xformOpOrder = ["xformOp:transform"]
            }

            def Mesh "Blade_5" (
                prepend apiSchemas = ["PhysicsCollisionAPI", "PhysicsMeshCollisionAPI"]
            )
            {
                int[] faceVertexCounts = [3, 3, 3, 3, 3, 3, 3, 3, 3, 3, 3, 3, 3, 3]
                int[] faceVertexIndices = [0, 1, 2, 0, 2, 3, 0, 3, 4, 0, 4, 5, 0, 5, 6, 0, 6, 7, 0, 7, 8, 0, 8, 9, 0, 9, 10, 0, 10, 11, 0, 11, 12, 0, 12, 13, 0, 13, 14, 0, 14, 15]
                rel material:binding = </Plant_1/Materials/Leaf>
                uniform token physics:approximation = "convexHull"
                point3f[] points = [(0, 0, 0), (0.003287792, 0.0031128314, 0), (0.005810915, 0.006225663, 0), (0.0072472207, 0.009338494, 0), (0.0074707954, 0.012451326, 0), (0.006557009, 0.015564157, 0), (0.004754385, 0.018676989, 0), (0.0024301072, 0.021789819, 0), (0, 0.024902651, 0), (-0.0024301072, 0.021789819, 0), (-0.004754385, 0.018676989, 0), (-0.006557009, 0.015564157, 0), (-0.0074707954, 0.012451326, 0), (-0.0072472207, 0.009338494, 0), (-0.005810915, 0.006225663, 0), (-0.003287792, 0.0031128314, 0)]
                uniform token subdivisionScheme = "none"
                matrix4d xformOp:transform = ( (-0.9949586715335319, -0.10028580128926272, 0, 0), (0.09783226102841802, -0.9706165301027345, 0.2198463103929542, 0), (-0.022047463398245377, 0.2187379929301222, 0.9755345200486784, 0), (0.07790342582521269, -0.058712860868805235, 0.11613128005070872, 1) )
                uniform token[] xformOpOrder = ["xformOp:transform"]
            }

            def Cylinder "Petiolule_term" (
                prepend apiSchemas = ["PhysicsCollisionAPI"]
            )
            {
                uniform token axis = "Z"
                double height = 0.01
                rel material:binding = </Plant_1/Materials/Leaf>
                double radius = 0.0009483274
                matrix4d xformOp:transform = ( (0.5372996083468242, 0.8433914458128855, -0, 0), (-0.28845686317656605, 0.1837672890556065, 0.9396926207859086, 0), (0.7925287180643269, -0.5048964771146695, 0.3420201433256687, 0), (0.10877370032044004, -0.06929648963213889, 0.12767725484343137, 1) )
                uniform token[] xformOpOrder = ["xformOp:transform"]
            }

            def Mesh "Blade_6" (
                prepend apiSchemas = ["PhysicsCollisionAPI", "PhysicsMeshCollisionAPI"]
            )
            {
                int[] faceVertexCounts = [3, 3, 3, 3, 3, 3, 3, 3, 3, 3, 3, 3, 3, 3]
                int[] faceVertexIndices = [0, 1, 2, 0, 2, 3, 0, 3, 4, 0, 4, 5, 0, 5, 6, 0, 6, 7, 0, 7, 8, 0, 8, 9, 0, 9, 10, 0, 10, 11, 0, 11, 12, 0, 12, 13, 0, 13, 14, 0, 14, 15]
                rel material:binding = </Plant_1/Materials/Leaf>
                uniform token physics:approximation = "convexHull"
                point3f[] points = [(0, 0, 0), (0.0032883675, 0.0031133762, 0), (0.005811932, 0.0062267524, 0), (0.007248489, 0.009340129, 0), (0.007472103, 0.012453505, 0), (0.0065581566, 0.015566881, 0), (0.004755217, 0.018680258, 0), (0.0024305324, 0.021793634, 0), (0, 0.02490701, 0), (-0.0024305324, 0.021793634, 0), (-0.004755217, 0.018680258, 0), (-0.0065581566, 0.015566881, 0), (-0.007472103, 0.012453505, 0), (-0.007248489, 0.009340129, 0), (-0.005811932, 0.0062267524, 0), (-0.0032883675, 0.0031133762, 0)]
                uniform token subdivisionScheme = "none"
                matrix4d xformOp:transform = ( (-0.5372996083468242, -0.8433914458128855, 0, 0), (0.7925287180643269, -0.5048964771146695, 0.3420201433256687, 0), (-0.28845686317656605, 0.1837672890556065, 0.9396926207859086, 0), (0.11273634391076166, -0.07182097201771223, 0.12938735556005973, 1) )
                uniform token[] xformOpOrder = ["xformOp:transform"]
            }
        }

        def Xform "Leaf_o0_r4_i0" (
            prepend apiSchemas = ["PhysicsRigidBodyAPI", "PhysicsMassAPI", "PhysicsFilteredPairsAPI"]
        )
        {
            prepend rel physics:filteredPairs = </Plant_1/Stem/Internode_o0_r4>
            float physics:mass = 0.05

            def Cylinder "Petiole" (
                prepend apiSchemas = ["PhysicsCollisionAPI"]
            )
            {
                uniform token axis = "Z"
                double height = 0.030684147
                rel material:binding = </Plant_1/Materials/Leaf>
                double radius = 0.0025610185
                matrix4d xformOp:transform = ( (0.17364817766693047, -0.984807753012208, 0, 0), (0.33682408883346515, 0.05939117461388475, 0.9396926207859084, 0), (-0.9254165783983234, -0.16317591116653496, 0.3420201433256687, 0), (-0.01419780916390559, -0.00250345682254645, 0.07211938317738294, 1) )
                uniform token[] xformOpOrder = ["xformOp:transform"]
            }

            def Cylinder "Rachis" (
                prepend apiSchemas = ["PhysicsCollisionAPI"]
            )
            {
                uniform token axis = "Z"
                double height = 0.12011784
                rel material:binding = </Plant_1/Materials/Leaf>
                double radius = 0.0015366111
                matrix4d xformOp:transform = ( (0.17364817766693047, -0.984807753012208, 0, 0), (0.33682408883346515, 0.05939117461388475, 0.9396926207859084, 0), (-0.9254165783983234, -0.16317591116653496, 0.3420201433256687, 0), (-0.08397513857650982, -0.01480708263977093, 0.09790804178115076, 1) )
                uniform token[] xformOpOrder = ["xformOp:transform"]
            }

            def Cylinder "Petiolule_0" (
                prepend apiSchemas = ["PhysicsCollisionAPI"]
            )
            {
                uniform token axis = "Z"
                double height = 0.01
                rel material:binding = </Plant_1/Materials/Leaf>
                double radius = 0.0010244074
                matrix4d xformOp:transform = ( (0.8808442376695917, -0.4734061986965059, 0, 0), (0.10407660610058059, 0.19365035568255418, 0.9755345200486781, 0), (-0.4618240888334651, -0.8592939606326491, 0.2198463103929542, 0), (-0.030704738771978504, -0.009303383448256146, 0.07846591290673066, 1) )
                uniform token[] xformOpOrder = ["xformOp:transform"]
            }

            def Mesh "Blade_0" (
                prepend apiSchemas = ["PhysicsCollisionAPI", "PhysicsMeshCollisionAPI"]
            )
            {
                int[] faceVertexCounts = [3, 3, 3, 3, 3, 3, 3, 3, 3, 3, 3, 3, 3, 3]
                int[] faceVertexIndices = [0, 1, 2, 0, 2, 3, 0, 3, 4, 0, 4, 5, 0, 5, 6, 0, 6, 7, 0, 7, 8, 0, 8, 9, 0, 9, 10, 0, 10, 11, 0, 11, 12, 0, 12, 13, 0, 13, 14, 0, 14, 15]
                rel material:binding = </Plant_1/Materials/Leaf>
                uniform token physics:approximation = "convexHull"
                point3f[] points = [(0, 0, 0), (0.004324863, 0.0040947148, 0), (0.0076438575, 0.0081894295, 0), (0.009533218, 0.012284144, 0), (0.009827316, 0.016378859, 0), (0.008625293, 0.020473573, 0), (0.0062540653, 0.024568288, 0), (0.003196638, 0.028663004, 0), (0, 0.032757718, 0), (-0.003196638, 0.028663004, 0), (-0.0062540653, 0.024568288, 0), (-0.008625293, 0.020473573, 0), (-0.009827316, 0.016378859, 0), (-0.009533218, 0.012284144, 0), (-0.0076438575, 0.0081894295, 0), (-0.004324863, 0.0040947148, 0)]
                uniform token subdivisionScheme = "none"
                matrix4d xformOp:transform = ( (-0.8808442376695917, 0.4734061986965059, 0, 0), (-0.4618240888334651, -0.8592939606326491, 0.2198463103929542, 0), (0.10407660610058059, 0.19365035568255418, 0.9755345200486781, 0), (-0.03301385921614583, -0.01359985325141939, 0.07956514445869543, 1) )
                uniform token[] xformOpOrder = ["xformOp:transform"]
            }

            def Cylinder "Petiolule_1" (
                prepend apiSchemas = ["PhysicsCollisionAPI"]
            )
            {
                uniform token axis = "Z"
                double height = 0.01
                rel material:binding = </Plant_1/Materials/Leaf>
                double radius = 0.0010244074
                matrix4d xformOp:transform = ( (-0.665808374270465, -0.7461227839647576, 0, 0), (0.1640323411547712, -0.14637551451209285, 0.9755345200486782, 0), (-0.7278685319524434, 0.6495190528383288, 0.2198463103929542, 0), (-0.03203496098757339, -0.001759318380901256, 0.07846591290673066, 1) )
                uniform token[] xformOpOrder = ["xformOp:transform"]
            }

            def Mesh "Blade_1" (
                prepend apiSchemas = ["PhysicsCollisionAPI", "PhysicsMeshCollisionAPI"]
            )
            {
                int[] faceVertexCounts = [3, 3, 3, 3, 3, 3, 3, 3, 3, 3, 3, 3, 3, 3]
                int[] faceVertexIndices = [0, 1, 2, 0, 2, 3, 0, 3, 4, 0, 4, 5, 0, 5, 6, 0, 6, 7, 0, 7, 8, 0, 8, 9, 0, 9, 10, 0, 10, 11, 0, 11, 12, 0, 12, 13, 0, 13, 14, 0, 14, 15]
                rel material:binding = </Plant_1/Materials/Leaf>
                uniform token physics:approximation = "convexHull"
                point3f[] points = [(0, 0, 0), (0.004324863, 0.0040947148, 0), (0.0076438575, 0.0081894295, 0), (0.009533218, 0.012284144, 0), (0.009827316, 0.016378859, 0), (0.008625293, 0.020473573, 0), (0.0062540653, 0.024568288, 0), (0.003196638, 0.028663004, 0), (0, 0.032757718, 0), (-0.003196638, 0.028663004, 0), (-0.0062540653, 0.024568288, 0), (-0.008625293, 0.020473573, 0), (-0.009827316, 0.016378859, 0), (-0.009533218, 0.012284144, 0), (-0.0076438575, 0.0081894295, 0), (-0.004324863, 0.0040947148, 0)]
                uniform token subdivisionScheme = "none"
                matrix4d xformOp:transform = ( (0.665808374270465, 0.7461227839647576, -0, 0), (-0.7278685319524434, 0.6495190528383288, 0.2198463103929542, 0), (0.1640323411547712, -0.14637551451209285, 0.9755345200486782, 0), (-0.03567430364733561, 0.001488276883290388, 0.07956514445869543, 1) )
                uniform token[] xformOpOrder = ["xformOp:transform"]
            }

            def Cylinder "Petiolule_2" (
                prepend apiSchemas = ["PhysicsCollisionAPI"]
            )
            {
                uniform token axis = "Z"
                double height = 0.01
                rel material:binding = </Plant_1/Materials/Leaf>
                double radius = 0.0010244074
                matrix4d xformOp:transform = ( (0.8808442376695917, -0.4734061986965059, 0, 0), (0.10407660610058059, 0.19365035568255418, 0.9755345200486781, 0), (-0.4618240888334651, -0.8592939606326491, 0.2198463103929542, 0), (-0.06836199192097718, -0.01594337319779342, 0.09238347113933001, 1) )
                uniform token[] xformOpOrder = ["xformOp:transform"]
            }

            def Mesh "Blade_2" (
                prepend apiSchemas = ["PhysicsCollisionAPI", "PhysicsMeshCollisionAPI"]
            )
            {
                int[] faceVertexCounts = [3, 3, 3, 3, 3, 3, 3, 3, 3, 3, 3, 3, 3, 3]
                int[] faceVertexIndices = [0, 1, 2, 0, 2, 3, 0, 3, 4, 0, 4, 5, 0, 5, 6, 0, 6, 7, 0, 7, 8, 0, 8, 9, 0, 9, 10, 0, 10, 11, 0, 11, 12, 0, 12, 13, 0, 13, 14, 0, 14, 15]
                rel material:binding = </Plant_1/Materials/Leaf>
                uniform token physics:approximation = "convexHull"
                point3f[] points = [(0, 0, 0), (0.004324863, 0.0040947148, 0), (0.0076438575, 0.0081894295, 0), (0.009533218, 0.012284144, 0), (0.009827316, 0.016378859, 0), (0.008625293, 0.020473573, 0), (0.0062540653, 0.024568288, 0), (0.003196638, 0.028663004, 0), (0, 0.032757718, 0), (-0.003196638, 0.028663004, 0), (-0.0062540653, 0.024568288, 0), (-0.008625293, 0.020473573, 0), (-0.009827316, 0.016378859, 0), (-0.009533218, 0.012284144, 0), (-0.0076438575, 0.0081894295, 0), (-0.004324863, 0.0040947148, 0)]
                uniform token subdivisionScheme = "none"
                matrix4d xformOp:transform = ( (-0.8808442376695917, 0.4734061986965059, 0, 0), (-0.4618240888334651, -0.8592939606326491, 0.2198463103929542, 0), (0.10407660610058059, 0.19365035568255418, 0.9755345200486781, 0), (-0.0706711123651445, -0.020239843000956666, 0.09348270269129479, 1) )
                uniform token[] xformOpOrder = ["xformOp:transform"]
            }

            def Cylinder "Petiolule_3" (
                prepend apiSchemas = ["PhysicsCollisionAPI"]
            )
            {
                uniform token axis = "Z"
                double height = 0.01
                rel material:binding = </Plant_1/Materials/Leaf>
                double radius = 0.0010244074
                matrix4d xformOp:transform = ( (-0.665808374270465, -0.7461227839647576, 0, 0), (0.1640323411547712, -0.14637551451209285, 0.9755345200486782, 0), (-0.7278685319524434, 0.6495190528383288, 0.2198463103929542, 0), (-0.06969221413657208, -0.008399308130438533, 0.09238347113933001, 1) )
                uniform token[] xformOpOrder = ["xformOp:transform"]
            }

            def Mesh "Blade_3" (
                prepend apiSchemas = ["PhysicsCollisionAPI", "PhysicsMeshCollisionAPI"]
            )
            {
                int[] faceVertexCounts = [3, 3, 3, 3, 3, 3, 3, 3, 3, 3, 3, 3, 3, 3]
                int[] faceVertexIndices = [0, 1, 2, 0, 2, 3, 0, 3, 4, 0, 4, 5, 0, 5, 6, 0, 6, 7, 0, 7, 8, 0, 8, 9, 0, 9, 10, 0, 10, 11, 0, 11, 12, 0, 12, 13, 0, 13, 14, 0, 14, 15]
                rel material:binding = </Plant_1/Materials/Leaf>
                uniform token physics:approximation = "convexHull"
                point3f[] points = [(0, 0, 0), (0.004324863, 0.0040947148, 0), (0.0076438575, 0.0081894295, 0), (0.009533218, 0.012284144, 0), (0.009827316, 0.016378859, 0), (0.008625293, 0.020473573, 0), (0.0062540653, 0.024568288, 0), (0.003196638, 0.028663004, 0), (0, 0.032757718, 0), (-0.003196638, 0.028663004, 0), (-0.0062540653, 0.024568288, 0), (-0.008625293, 0.020473573, 0), (-0.009827316, 0.016378859, 0), (-0.009533218, 0.012284144, 0), (-0.0076438575, 0.0081894295, 0), (-0.004324863, 0.0040947148, 0)]
                uniform token subdivisionScheme = "none"
                matrix4d xformOp:transform = ( (0.665808374270465, 0.7461227839647576, -0, 0), (-0.7278685319524434, 0.6495190528383288, 0.2198463103929542, 0), (0.1640323411547712, -0.14637551451209285, 0.9755345200486782, 0), (-0.07333155679633428, -0.005151712866246888, 0.09348270269129479, 1) )
                uniform token[] xformOpOrder = ["xformOp:transform"]
            }

            def Cylinder "Petiolule_4" (
                prepend apiSchemas = ["PhysicsCollisionAPI"]
            )
            {
                uniform token axis = "Z"
                double height = 0.01
                rel material:binding = </Plant_1/Materials/Leaf>
                double radius = 0.0010244074
                matrix4d xformOp:transform = ( (0.8808442376695917, -0.4734061986965059, 0, 0), (0.10407660610058059, 0.19365035568255418, 0.9755345200486781, 0), (-0.4618240888334651, -0.8592939606326491, 0.2198463103929542, 0), (-0.10601924506997584, -0.022583362947330696, 0.10630102937192938, 1) )
                uniform token[] xformOpOrder = ["xformOp:transform"]
            }

            def Mesh "Blade_4" (
                prepend apiSchemas = ["PhysicsCollisionAPI", "PhysicsMeshCollisionAPI"]
            )
            {
                int[] faceVertexCounts = [3, 3, 3, 3, 3, 3, 3, 3, 3, 3, 3, 3, 3, 3]
                int[] faceVertexIndices = [0, 1, 2, 0, 2, 3, 0, 3, 4, 0, 4, 5, 0, 5, 6, 0, 6, 7, 0, 7, 8, 0, 8, 9, 0, 9, 10, 0, 10, 11, 0, 11, 12, 0, 12, 13, 0, 13, 14, 0, 14, 15]
                rel material:binding = </Plant_1/Materials/Leaf>
                uniform token physics:approximation = "convexHull"
                point3f[] points = [(0, 0, 0), (0.004324863, 0.0040947148, 0), (0.0076438575, 0.0081894295, 0), (0.009533218, 0.012284144, 0), (0.009827316, 0.016378859, 0), (0.008625293, 0.020473573, 0), (0.0062540653, 0.024568288, 0), (0.003196638, 0.028663004, 0), (0, 0.032757718, 0), (-0.003196638, 0.028663004, 0), (-0.0062540653, 0.024568288, 0), (-0.008625293, 0.020473573, 0), (-0.009827316, 0.016378859, 0), (-0.009533218, 0.012284144, 0), (-0.0076438575, 0.0081894295, 0), (-0.004324863, 0.0040947148, 0)]
                uniform token subdivisionScheme = "none"
                matrix4d xformOp:transform = ( (-0.8808442376695917, 0.4734061986965059, 0, 0), (-0.4618240888334651, -0.8592939606326491, 0.2198463103929542, 0), (0.10407660610058059, 0.19365035568255418, 0.9755345200486781, 0), (-0.10832836551414317, -0.026879832750493944, 0.10740026092389415, 1) )
                uniform token[] xformOpOrder = ["xformOp:transform"]
            }

            def Cylinder "Petiolule_5" (
                prepend apiSchemas = ["PhysicsCollisionAPI"]
            )
            {
                uniform token axis = "Z"
                double height = 0.01
                rel material:binding = </Plant_1/Materials/Leaf>
                double radius = 0.0010244074
                matrix4d xformOp:transform = ( (-0.665808374270465, -0.7461227839647576, 0, 0), (0.1640323411547712, -0.14637551451209285, 0.9755345200486782, 0), (-0.7278685319524434, 0.6495190528383288, 0.2198463103929542, 0), (-0.10734946728557074, -0.015039297879975808, 0.10630102937192938, 1) )
                uniform token[] xformOpOrder = ["xformOp:transform"]
            }

            def Mesh "Blade_5" (
                prepend apiSchemas = ["PhysicsCollisionAPI", "PhysicsMeshCollisionAPI"]
            )
            {
                int[] faceVertexCounts = [3, 3, 3, 3, 3, 3, 3, 3, 3, 3, 3, 3, 3, 3]
                int[] faceVertexIndices = [0, 1, 2, 0, 2, 3, 0, 3, 4, 0, 4, 5, 0, 5, 6, 0, 6, 7, 0, 7, 8, 0, 8, 9, 0, 9, 10, 0, 10, 11, 0, 11, 12, 0, 12, 13, 0, 13, 14, 0, 14, 15]
                rel material:binding = </Plant_1/Materials/Leaf>
                uniform token physics:approximation = "convexHull"
                point3f[] points = [(0, 0, 0), (0.004324863, 0.0040947148, 0), (0.0076438575, 0.0081894295, 0), (0.009533218, 0.012284144, 0), (0.009827316, 0.016378859, 0), (0.008625293, 0.020473573, 0), (0.0062540653, 0.024568288, 0), (0.003196638, 0.028663004, 0), (0, 0.032757718, 0), (-0.003196638, 0.028663004, 0), (-0.0062540653, 0.024568288, 0), (-0.008625293, 0.020473573, 0), (-0.009827316, 0.016378859, 0), (-0.009533218, 0.012284144, 0), (-0.0076438575, 0.0081894295, 0), (-0.004324863, 0.0040947148, 0)]
                uniform token subdivisionScheme = "none"
                matrix4d xformOp:transform = ( (0.665808374270465, 0.7461227839647576, -0, 0), (-0.7278685319524434, 0.6495190528383288, 0.2198463103929542, 0), (0.1640323411547712, -0.14637551451209285, 0.9755345200486782, 0), (-0.11098880994533294, -0.011791702615784163, 0.10740026092389415, 1) )
                uniform token[] xformOpOrder = ["xformOp:transform"]
            }

            def Cylinder "Petiolule_term" (
                prepend apiSchemas = ["PhysicsCollisionAPI"]
            )
            {
                uniform token axis = "Z"
                double height = 0.01
                rel material:binding = </Plant_1/Materials/Leaf>
                double radius = 0.0010244074
                matrix4d xformOp:transform = ( (0.17364817766693047, -0.984807753012208, 0, 0), (0.33682408883346515, 0.05939117461388475, 0.9396926207859084, 0), (-0.9254165783983234, -0.16317591116653496, 0.3420201433256687, 0), (-0.14418174171720008, -0.025423131190281636, 0.12015950292416398, 1) )
                uniform token[] xformOpOrder = ["xformOp:transform"]
            }

            def Mesh "Blade_6" (
                prepend apiSchemas = ["PhysicsCollisionAPI", "PhysicsMeshCollisionAPI"]
            )
            {
                int[] faceVertexCounts = [3, 3, 3, 3, 3, 3, 3, 3, 3, 3, 3, 3, 3, 3]
                int[] faceVertexIndices = [0, 1, 2, 0, 2, 3, 0, 3, 4, 0, 4, 5, 0, 5, 6, 0, 6, 7, 0, 7, 8, 0, 8, 9, 0, 9, 10, 0, 10, 11, 0, 11, 12, 0, 12, 13, 0, 13, 14, 0, 14, 15]
                rel material:binding = </Plant_1/Materials/Leaf>
                uniform token physics:approximation = "convexHull"
                point3f[] points = [(0, 0, 0), (0.0043256204, 0.0040954314, 0), (0.0076451954, 0.008190863, 0), (0.009534887, 0.012286294, 0), (0.009829035, 0.016381726, 0), (0.008626803, 0.020477157, 0), (0.0062551596, 0.024572589, 0), (0.0031971976, 0.02866802, 0), (0, 0.03276345, 0), (-0.0031971976, 0.02866802, 0), (-0.0062551596, 0.024572589, 0), (-0.008626803, 0.020477157, 0), (-0.009829035, 0.016381726, 0), (-0.009534887, 0.012286294, 0), (-0.0076451954, 0.008190863, 0), (-0.0043256204, 0.0040954314, 0)]
                uniform token subdivisionScheme = "none"
                matrix4d xformOp:transform = ( (-0.17364817766693047, 0.984807753012208, 0, 0), (-0.9254165783983234, -0.16317591116653496, 0.3420201433256687, 0), (0.33682408883346515, 0.05939117461388475, 0.9396926207859084, 0), (-0.1488088246091917, -0.026239010746114313, 0.12186960364079233, 1) )
                uniform token[] xformOpOrder = ["xformOp:transform"]
            }
        }

        def Xform "Leaf_o0_r3_i0" (
            prepend apiSchemas = ["PhysicsRigidBodyAPI", "PhysicsMassAPI", "PhysicsFilteredPairsAPI"]
        )
        {
            prepend rel physics:filteredPairs = </Plant_1/Stem/Internode_o0_r3>
            float physics:mass = 0.05

            def Cylinder "Petiole" (
                prepend apiSchemas = ["PhysicsCollisionAPI"]
            )
            {
                uniform token axis = "Z"
                double height = 0.03228566
                rel material:binding = </Plant_1/Materials/Leaf>
                double radius = 0.0026678695
                matrix4d xformOp:transform = ( (-0.7933533402912352, 0.6087614290087207, 0, 0), (-0.20820867120070155, -0.2713428231543063, 0.9396926207859084, 0), (0.5720486226585795, 0.7455082795475254, 0.3420201433256687, 0), (0.009234483667311597, 0.01203461342032818, 0.0571198820302819, 1) )
                uniform token[] xformOpOrder = ["xformOp:transform"]
            }

            def Cylinder "Rachis" (
                prepend apiSchemas = ["PhysicsCollisionAPI"]
            )
            {
                uniform token axis = "Z"
                double height = 0.08326788
                rel material:binding = </Plant_1/Materials/Leaf>
                double radius = 0.0016007216999999998
                matrix4d xformOp:transform = ( (-0.7933533402912352, 0.6087614290087207, 0, 0), (-0.20820867120070155, -0.2713428231543063, 0.9396926207859084, 0), (0.5720486226585795, 0.7455082795475254, 0.3420201433256687, 0), (0.04228560536747313, 0.05510767382084126, 0.0768807011865761, 1) )
                uniform token[] xformOpOrder = ["xformOp:transform"]
            }

            def Cylinder "Petiolule_0" (
                prepend apiSchemas = ["PhysicsCollisionAPI"]
            )
            {
                uniform token axis = "Z"
                double height = 0.01
                rel material:binding = </Plant_1/Materials/Leaf>
                double radius = 0.0010671478000000001
                matrix4d xformOp:transform = ( (-0.9692550857574936, -0.24605807999989301, 0, 0), (0.05409496103035083, -0.21308715443339138, 0.9755345200486782, 0), (-0.24003815097679487, 0.9455417948891769, 0.2198463103929542, 0), (0.017268776579739218, 0.028796935815102245, 0.06374028661252858, 1) )
                uniform token[] xformOpOrder = ["xformOp:transform"]
            }

            def Mesh "Blade_0" (
                prepend apiSchemas = ["PhysicsCollisionAPI", "PhysicsMeshCollisionAPI"]
            )
            {
                int[] faceVertexCounts = [3, 3, 3, 3, 3, 3, 3, 3, 3, 3, 3, 3, 3, 3]
                int[] faceVertexIndices = [0, 1, 2, 0, 2, 3, 0, 3, 4, 0, 4, 5, 0, 5, 6, 0, 6, 7, 0, 7, 8, 0, 8, 9, 0, 9, 10, 0, 10, 11, 0, 11, 12, 0, 12, 13, 0, 13, 14, 0, 14, 15]
                rel material:binding = </Plant_1/Materials/Leaf>
                uniform token physics:approximation = "convexHull"
                point3f[] points = [(0, 0, 0), (0.0059171827, 0.0056022983, 0), (0.010458157, 0.011204597, 0), (0.013043139, 0.016806895, 0), (0.013445516, 0.022409193, 0), (0.0118009355, 0.028011492, 0), (0.008556674, 0.03361379, 0), (0.00437357, 0.039216086, 0), (0, 0.044818386, 0), (-0.00437357, 0.039216086, 0), (-0.008556674, 0.03361379, 0), (-0.0118009355, 0.028011492, 0), (-0.013445516, 0.022409193, 0), (-0.013043139, 0.016806895, 0), (-0.010458157, 0.011204597, 0), (-0.0059171827, 0.0056022983, 0)]
                uniform token subdivisionScheme = "none"
                matrix4d xformOp:transform = ( (0.9692550857574936, 0.24605807999989301, -0, 0), (-0.24003815097679487, 0.9455417948891769, 0.2198463103929542, 0), (0.05409496103035083, -0.21308715443339138, 0.9755345200486782, 0), (0.016068585824855243, 0.03352464478954813, 0.06483951816449335, 1) )
                uniform token[] xformOpOrder = ["xformOp:transform"]
            }

            def Cylinder "Petiolule_1" (
                prepend apiSchemas = ["PhysicsCollisionAPI"]
            )
            {
                uniform token axis = "Z"
                double height = 0.01
                rel material:binding = </Plant_1/Materials/Leaf>
                double radius = 0.0010671478000000001
                matrix4d xformOp:transform = ( (-0.013187821517518024, 0.9999130369005207, 0, 0), (-0.21982719187639332, -0.0028992939027471477, 0.9755345200486782, 0), (0.9754496845431657, 0.012865175134579576, 0.2198463103929542, 0), (0.02334621575733902, 0.02413355271632926, 0.06374028661252858, 1) )
                uniform token[] xformOpOrder = ["xformOp:transform"]
            }

            def Mesh "Blade_1" (
                prepend apiSchemas = ["PhysicsCollisionAPI", "PhysicsMeshCollisionAPI"]
            )
            {
                int[] faceVertexCounts = [3, 3, 3, 3, 3, 3, 3, 3, 3, 3, 3, 3, 3, 3]
                int[] faceVertexIndices = [0, 1, 2, 0, 2, 3, 0, 3, 4, 0, 4, 5, 0, 5, 6, 0, 6, 7, 0, 7, 8, 0, 8, 9, 0, 9, 10, 0, 10, 11, 0, 11, 12, 0, 12, 13, 0, 13, 14, 0, 14, 15]
                rel material:binding = </Plant_1/Materials/Leaf>
                uniform token physics:approximation = "convexHull"
                point3f[] points = [(0, 0, 0), (0.0059171827, 0.0056022983, 0), (0.010458157, 0.011204597, 0), (0.013043139, 0.016806895, 0), (0.013445516, 0.022409193, 0), (0.0118009355, 0.028011492, 0), (0.008556674, 0.03361379, 0), (0.00437357, 0.039216086, 0), (0, 0.044818386, 0), (-0.00437357, 0.039216086, 0), (-0.008556674, 0.03361379, 0), (-0.0118009355, 0.028011492, 0), (-0.013445516, 0.022409193, 0), (-0.013043139, 0.016806895, 0), (-0.010458157, 0.011204597, 0), (-0.0059171827, 0.0056022983, 0)]
                uniform token subdivisionScheme = "none"
                matrix4d xformOp:transform = ( (0.013187821517518024, -0.9999130369005207, 0, 0), (0.9754496845431657, 0.012865175134579576, 0.2198463103929542, 0), (-0.21982719187639332, -0.0028992939027471477, 0.9755345200486782, 0), (0.02822346418005485, 0.024197878592002155, 0.06483951816449335, 1) )
                uniform token[] xformOpOrder = ["xformOp:transform"]
            }

            def Cylinder "Petiolule_2" (
                prepend apiSchemas = ["PhysicsCollisionAPI"]
            )
            {
                uniform token axis = "Z"
                double height = 0.01
                rel material:binding = </Plant_1/Materials/Leaf>
                double radius = 0.0010671478000000001
                matrix4d xformOp:transform = ( (-0.9692550857574936, -0.24605807999989301, 0, 0), (0.05409496103035083, -0.21308715443339138, 0.9755345200486782, 0), (-0.24003815097679487, 0.9455417948891769, 0.2198463103929542, 0), (0.04841570000795535, 0.06938839671269569, 0.0823626113470296, 1) )
                uniform token[] xformOpOrder = ["xformOp:transform"]
            }

            def Mesh "Blade_2" (
                prepend apiSchemas = ["PhysicsCollisionAPI", "PhysicsMeshCollisionAPI"]
            )
            {
                int[] faceVertexCounts = [3, 3, 3, 3, 3, 3, 3, 3, 3, 3, 3, 3, 3, 3]
                int[] faceVertexIndices = [0, 1, 2, 0, 2, 3, 0, 3, 4, 0, 4, 5, 0, 5, 6, 0, 6, 7, 0, 7, 8, 0, 8, 9, 0, 9, 10, 0, 10, 11, 0, 11, 12, 0, 12, 13, 0, 13, 14, 0, 14, 15]
                rel material:binding = </Plant_1/Materials/Leaf>
                uniform token physics:approximation = "convexHull"
                point3f[] points = [(0, 0, 0), (0.0059171827, 0.0056022983, 0), (0.010458157, 0.011204597, 0), (0.013043139, 0.016806895, 0), (0.013445516, 0.022409193, 0), (0.0118009355, 0.028011492, 0), (0.008556674, 0.03361379, 0), (0.00437357, 0.039216086, 0), (0, 0.044818386, 0), (-0.00437357, 0.039216086, 0), (-0.008556674, 0.03361379, 0), (-0.0118009355, 0.028011492, 0), (-0.013445516, 0.022409193, 0), (-0.013043139, 0.016806895, 0), (-0.010458157, 0.011204597, 0), (-0.0059171827, 0.0056022983, 0)]
                uniform token subdivisionScheme = "none"
                matrix4d xformOp:transform = ( (0.9692550857574936, 0.24605807999989301, -0, 0), (-0.24003815097679487, 0.9455417948891769, 0.2198463103929542, 0), (0.05409496103035083, -0.21308715443339138, 0.9755345200486782, 0), (0.04721550925307137, 0.07411610568714157, 0.08346184289899437, 1) )
                uniform token[] xformOpOrder = ["xformOp:transform"]
            }

            def Cylinder "Petiolule_3" (
                prepend apiSchemas = ["PhysicsCollisionAPI"]
            )
            {
                uniform token axis = "Z"
                double height = 0.01
                rel material:binding = </Plant_1/Materials/Leaf>
                double radius = 0.0010671478000000001
                matrix4d xformOp:transform = ( (-0.013187821517518024, 0.9999130369005207, 0, 0), (-0.21982719187639332, -0.0028992939027471477, 0.9755345200486782, 0), (0.9754496845431657, 0.012865175134579576, 0.2198463103929542, 0), (0.05449313918555515, 0.0647250136139227, 0.0823626113470296, 1) )
                uniform token[] xformOpOrder = ["xformOp:transform"]
            }

            def Mesh "Blade_3" (
                prepend apiSchemas = ["PhysicsCollisionAPI", "PhysicsMeshCollisionAPI"]
            )
            {
                int[] faceVertexCounts = [3, 3, 3, 3, 3, 3, 3, 3, 3, 3, 3, 3, 3, 3]
                int[] faceVertexIndices = [0, 1, 2, 0, 2, 3, 0, 3, 4, 0, 4, 5, 0, 5, 6, 0, 6, 7, 0, 7, 8, 0, 8, 9, 0, 9, 10, 0, 10, 11, 0, 11, 12, 0, 12, 13, 0, 13, 14, 0, 14, 15]
                rel material:binding = </Plant_1/Materials/Leaf>
                uniform token physics:approximation = "convexHull"
                point3f[] points = [(0, 0, 0), (0.0059171827, 0.0056022983, 0), (0.010458157, 0.011204597, 0), (0.013043139, 0.016806895, 0), (0.013445516, 0.022409193, 0), (0.0118009355, 0.028011492, 0), (0.008556674, 0.03361379, 0), (0.00437357, 0.039216086, 0), (0, 0.044818386, 0), (-0.00437357, 0.039216086, 0), (-0.008556674, 0.03361379, 0), (-0.0118009355, 0.028011492, 0), (-0.013445516, 0.022409193, 0), (-0.013043139, 0.016806895, 0), (-0.010458157, 0.011204597, 0), (-0.0059171827, 0.0056022983, 0)]
                uniform token subdivisionScheme = "none"
                matrix4d xformOp:transform = ( (0.013187821517518024, -0.9999130369005207, 0, 0), (0.9754496845431657, 0.012865175134579576, 0.2198463103929542, 0), (-0.21982719187639332, -0.0028992939027471477, 0.9755345200486782, 0), (0.05937038760827098, 0.0647893394895956, 0.08346184289899437, 1) )
                uniform token[] xformOpOrder = ["xformOp:transform"]
            }

            def Cylinder "Petiolule_term" (
                prepend apiSchemas = ["PhysicsCollisionAPI"]
            )
            {
                uniform token axis = "Z"
                double height = 0.01
                rel material:binding = </Plant_1/Materials/Leaf>
                double radius = 0.0010671478000000001
                matrix4d xformOp:transform = ( (-0.7933533402912352, 0.6087614290087207, 0, 0), (-0.20820867120070155, -0.2713428231543063, 0.9396926207859084, 0), (0.5720486226585795, 0.7455082795475254, 0.3420201433256687, 0), (0.06896248651361597, 0.08987366219876378, 0.09283044802921674, 1) )
                uniform token[] xformOpOrder = ["xformOp:transform"]
            }

            def Mesh "Blade_4" (
                prepend apiSchemas = ["PhysicsCollisionAPI", "PhysicsMeshCollisionAPI"]
            )
            {
                int[] faceVertexCounts = [3, 3, 3, 3, 3, 3, 3, 3, 3, 3, 3, 3, 3, 3]
                int[] faceVertexIndices = [0, 1, 2, 0, 2, 3, 0, 3, 4, 0, 4, 5, 0, 5, 6, 0, 6, 7, 0, 7, 8, 0, 8, 9, 0, 9, 10, 0, 10, 11, 0, 11, 12, 0, 12, 13, 0, 13, 14, 0, 14, 15]
                rel material:binding = </Plant_1/Materials/Leaf>
                uniform token physics:approximation = "convexHull"
                point3f[] points = [(0, 0, 0), (0.0059171827, 0.0056022983, 0), (0.010458157, 0.011204597, 0), (0.013043139, 0.016806895, 0), (0.013445516, 0.022409193, 0), (0.0118009355, 0.028011492, 0), (0.008556674, 0.03361379, 0), (0.00437357, 0.03921609, 0), (0, 0.044818386, 0), (-0.00437357, 0.03921609, 0), (-0.008556674, 0.03361379, 0), (-0.0118009355, 0.028011492, 0), (-0.013445516, 0.022409193, 0), (-0.013043139, 0.016806895, 0), (-0.010458157, 0.011204597, 0), (-0.0059171827, 0.0056022983, 0)]
                uniform token subdivisionScheme = "none"
                matrix4d xformOp:transform = ( (0.7933533402912352, -0.6087614290087207, 0, 0), (0.5720486226585795, 0.7455082795475254, 0.3420201433256687, 0), (-0.20820867120070155, -0.2713428231543063, 0.9396926207859084, 0), (0.07182272962690886, 0.09360120359650141, 0.09454054874584508, 1) )
                uniform token[] xformOpOrder = ["xformOp:transform"]
            }
        }

        def Xform "Leaf_o0_r0_i0" (
            prepend apiSchemas = ["PhysicsRigidBodyAPI", "PhysicsMassAPI", "PhysicsFilteredPairsAPI"]
        )
        {
            prepend rel physics:filteredPairs = </Plant_1/Stem/Internode_o0_r0>
            float physics:mass = 0.05

            def Cylinder "Petiole" (
                prepend apiSchemas = ["PhysicsCollisionAPI"]
            )
            {
                uniform token axis = "Z"
                double height = 0.0140959285
                rel material:binding = </Plant_1/Materials/Leaf>
                double radius = 0.0013708973
                matrix4d xformOp:transform = ( (-1.2246467991473532e-16, -1, 0, 0), (0, 0, 1, 0), (-1, 1.2246467991473532e-16, 0, 0), (-0.00704796425, 8.631266859267476e-19, 0.009271495, 1) )
                uniform token[] xformOpOrder = ["xformOp:transform"]
            }

            def Cylinder "Rachis" (
                prepend apiSchemas = ["PhysicsCollisionAPI"]
            )
            {
                uniform token axis = "Z"
                double height = 0.0001
                rel material:binding = </Plant_1/Materials/Leaf>
                double radius = 0.0008225383799999999
                matrix4d xformOp:transform = ( (-1.2246467991473532e-16, -1, 0, 0), (0, 0, 1, 0), (-1, 1.2246467991473532e-16, 0, 0), (-0.0141459285, 1.732376605849232e-18, 0.009271495, 1) )
                uniform token[] xformOpOrder = ["xformOp:transform"]
            }

            def Cylinder "Petiolule_term" (
                prepend apiSchemas = ["PhysicsCollisionAPI"]
            )
            {
                uniform token axis = "Z"
                double height = 0.01
                rel material:binding = </Plant_1/Materials/Leaf>
                double radius = 0.00054835892
                matrix4d xformOp:transform = ( (-1.2246467991473532e-16, -1, 0, 0), (0, 0, 1, 0), (-1, 1.2246467991473532e-16, 0, 0), (-0.0191959285, 2.3508232394186455e-18, 0.009271495, 1) )
                uniform token[] xformOpOrder = ["xformOp:transform"]
            }

            def Mesh "Blade_0" (
                prepend apiSchemas = ["PhysicsCollisionAPI", "PhysicsMeshCollisionAPI"]
            )
            {
                int[] faceVertexCounts = [3, 3, 3, 3, 3, 3, 3, 3, 3, 3, 3, 3, 3, 3]
                int[] faceVertexIndices = [0, 1, 2, 0, 2, 3, 0, 3, 4, 0, 4, 5, 0, 5, 6, 0, 6, 7, 0, 7, 8, 0, 8, 9, 0, 9, 10, 0, 10, 11, 0, 11, 12, 0, 12, 13, 0, 13, 14, 0, 14, 15]
                rel material:binding = </Plant_1/Materials/Leaf>
                uniform token physics:approximation = "convexHull"
                point3f[] points = [(0, 0, 0), (0.001977589, 0.0018723512, 0), (0.0034952338, 0.0037447023, 0), (0.004359164, 0.0056170537, 0), (0.004493643, 0.0074894046, 0), (0.0039440054, 0.009361756, 0), (0.0028597368, 0.011234107, 0), (0.0014616962, 0.013106458, 0), (0, 0.014978809, 0), (-0.0014616962, 0.013106458, 0), (-0.0028597368, 0.011234107, 0), (-0.0039440054, 0.009361756, 0), (-0.004493643, 0.0074894046, 0), (-0.004359164, 0.0056170537, 0), (-0.0034952338, 0.0037447023, 0), (-0.001977589, 0.0018723512, 0)]
                uniform token subdivisionScheme = "none"
                matrix4d xformOp:transform = ( (1.2246467991473532e-16, 1, -0, 0), (-1, 1.2246467991473532e-16, 0, 0), (0, 0, 1, 0), (-0.024195928499999998, 2.963146638992322e-18, 0.009271495, 1) )
                uniform token[] xformOpOrder = ["xformOp:transform"]
            }
        }

        def Xform "Leaf_o0_r0_i1" (
            prepend apiSchemas = ["PhysicsRigidBodyAPI", "PhysicsMassAPI"]
        )
        {
            float physics:mass = 0.05

            def Cylinder "Petiole" (
                prepend apiSchemas = ["PhysicsCollisionAPI"]
            )
            {
                uniform token axis = "Z"
                double height = 0.0140959285
                rel material:binding = </Plant_1/Materials/Leaf>
                double radius = 0.0013708973
                matrix4d xformOp:transform = ( (0, 1, 0, 0), (0, 0, 1, 0), (1, 0, 0, 0), (0.00704796425, 0, 0, 1) )
                uniform token[] xformOpOrder = ["xformOp:transform"]
            }

            def Cylinder "Rachis" (
                prepend apiSchemas = ["PhysicsCollisionAPI"]
            )
            {
                uniform token axis = "Z"
                double height = 0.0001
                rel material:binding = </Plant_1/Materials/Leaf>
                double radius = 0.0008225383799999999
                matrix4d xformOp:transform = ( (0, 1, 0, 0), (0, 0, 1, 0), (1, 0, 0, 0), (0.0141459285, 0, 0, 1) )
                uniform token[] xformOpOrder = ["xformOp:transform"]
            }

            def Cylinder "Petiolule_term" (
                prepend apiSchemas = ["PhysicsCollisionAPI"]
            )
            {
                uniform token axis = "Z"
                double height = 0.01
                rel material:binding = </Plant_1/Materials/Leaf>
                double radius = 0.00054835892
                matrix4d xformOp:transform = ( (0, 1, 0, 0), (0, 0, 1, 0), (1, 0, 0, 0), (0.0191959285, 0, 0, 1) )
                uniform token[] xformOpOrder = ["xformOp:transform"]
            }

            def Mesh "Blade_0" (
                prepend apiSchemas = ["PhysicsCollisionAPI", "PhysicsMeshCollisionAPI"]
            )
            {
                int[] faceVertexCounts = [3, 3, 3, 3, 3, 3, 3, 3, 3, 3, 3, 3, 3, 3]
                int[] faceVertexIndices = [0, 1, 2, 0, 2, 3, 0, 3, 4, 0, 4, 5, 0, 5, 6, 0, 6, 7, 0, 7, 8, 0, 8, 9, 0, 9, 10, 0, 10, 11, 0, 11, 12, 0, 12, 13, 0, 13, 14, 0, 14, 15]
                rel material:binding = </Plant_1/Materials/Leaf>
                uniform token physics:approximation = "convexHull"
                point3f[] points = [(0, 0, 0), (0.001977589, 0.0018723512, 0), (0.0034952338, 0.0037447023, 0), (0.004359164, 0.0056170537, 0), (0.004493643, 0.0074894046, 0), (0.0039440054, 0.009361756, 0), (0.0028597368, 0.011234107, 0), (0.0014616962, 0.013106458, 0), (0, 0.014978809, 0), (-0.0014616962, 0.013106458, 0), (-0.0028597368, 0.011234107, 0), (-0.0039440054, 0.009361756, 0), (-0.004493643, 0.0074894046, 0), (-0.004359164, 0.0056170537, 0), (-0.0034952338, 0.0037447023, 0), (-0.001977589, 0.0018723512, 0)]
                uniform token subdivisionScheme = "none"
                matrix4d xformOp:transform = ( (0, -1, 0, 0), (1, 0, 0, 0), (-0, 0, 1, 0), (0.024195928499999998, 0, 0, 1) )
                uniform token[] xformOpOrder = ["xformOp:transform"]
            }
        }

        def Xform "Leaf_o0_r1_i0" (
            prepend apiSchemas = ["PhysicsRigidBodyAPI", "PhysicsMassAPI", "PhysicsFilteredPairsAPI"]
        )
        {
            prepend rel physics:filteredPairs = </Plant_1/Stem/Internode_o0_r1>
            float physics:mass = 0.05

            def Cylinder "Petiole" (
                prepend apiSchemas = ["PhysicsCollisionAPI"]
            )
            {
                uniform token axis = "Z"
                double height = 0.026974974
                rel material:binding = </Plant_1/Materials/Leaf>
                double radius = 0.00230918965
                matrix4d xformOp:transform = ( (-1, 6.123233995736766e-17, 0, 0), (0, -0, 1, 0), (6.123233995736766e-17, 1, 0, 0), (8.258703891545769e-19, 0.013487487, 0.019310631, 1) )
                uniform token[] xformOpOrder = ["xformOp:transform"]
            }

            def Cylinder "Rachis" (
                prepend apiSchemas = ["PhysicsCollisionAPI"]
            )
            {
                uniform token axis = "Z"
                double height = 0.032086246
                rel material:binding = </Plant_1/Materials/Leaf>
                double radius = 0.00138551379
                matrix4d xformOp:transform = ( (-1, 6.123233995736766e-17, 0, 0), (0, -0, 1, 0), (6.123233995736766e-17, 1, 0, 0), (2.634098739823018e-18, 0.043018097, 0.019310631, 1) )
                uniform token[] xformOpOrder = ["xformOp:transform"]
            }

            def Cylinder "Petiolule_0" (
                prepend apiSchemas = ["PhysicsCollisionAPI"]
            )
            {
                uniform token axis = "Z"
                double height = 0.01
                rel material:binding = </Plant_1/Materials/Leaf>
                double radius = 0.0009236758600000001
                matrix4d xformOp:transform = ( (-0.6427876096865394, -0.766044443118978, 0, 0), (0, 0, 1, 0), (-0.766044443118978, 0.6427876096865394, 0, 0), (-0.0038302222155948886, 0.030188912048432697, 0.019310631, 1) )
                uniform token[] xformOpOrder = ["xformOp:transform"]
            }

            def Mesh "Blade_0" (
                prepend apiSchemas = ["PhysicsCollisionAPI", "PhysicsMeshCollisionAPI"]
            )
            {
                int[] faceVertexCounts = [3, 3, 3, 3, 3, 3, 3, 3, 3, 3, 3, 3, 3, 3]
                int[] faceVertexIndices = [0, 1, 2, 0, 2, 3, 0, 3, 4, 0, 4, 5, 0, 5, 6, 0, 6, 7, 0, 7, 8, 0, 8, 9, 0, 9, 10, 0, 10, 11, 0, 11, 12, 0, 12, 13, 0, 13, 14, 0, 14, 15]
                rel material:binding = </Plant_1/Materials/Leaf>
                uniform token physics:approximation = "convexHull"
                point3f[] points = [(0, 0, 0), (0.004147845, 0.0039271163, 0), (0.0073309913, 0.007854233, 0), (0.00914302, 0.011781349, 0), (0.009425079, 0.015708465, 0), (0.008272256, 0.019635582, 0), (0.005998084, 0.023562698, 0), (0.0030657984, 0.027489815, 0), (0, 0.03141693, 0), (-0.0030657984, 0.027489815, 0), (-0.005998084, 0.023562698, 0), (-0.008272256, 0.019635582, 0), (-0.009425079, 0.015708465, 0), (-0.00914302, 0.011781349, 0), (-0.0073309913, 0.007854233, 0), (-0.004147845, 0.0039271163, 0)]
                uniform token subdivisionScheme = "none"
                matrix4d xformOp:transform = ( (0.6427876096865394, 0.766044443118978, -0, 0), (-0.766044443118978, 0.6427876096865394, 0, 0), (0, 0, 1, 0), (-0.007660444431189779, 0.033402850096865395, 0.019310631, 1) )
                uniform token[] xformOpOrder = ["xformOp:transform"]
            }

            def Cylinder "Petiolule_1" (
                prepend apiSchemas = ["PhysicsCollisionAPI"]
            )
            {
                uniform token axis = "Z"
                double height = 0.01
                rel material:binding = </Plant_1/Materials/Leaf>
                double radius = 0.0009236758600000001
                matrix4d xformOp:transform = ( (-0.6427876096865394, 0.766044443118978, 0, 0), (0, -0, 1, 0), (0.766044443118978, 0.6427876096865394, 0, 0), (0.003830222215594892, 0.030188912048432697, 0.019310631, 1) )
                uniform token[] xformOpOrder = ["xformOp:transform"]
            }

            def Mesh "Blade_1" (
                prepend apiSchemas = ["PhysicsCollisionAPI", "PhysicsMeshCollisionAPI"]
            )
            {
                int[] faceVertexCounts = [3, 3, 3, 3, 3, 3, 3, 3, 3, 3, 3, 3, 3, 3]
                int[] faceVertexIndices = [0, 1, 2, 0, 2, 3, 0, 3, 4, 0, 4, 5, 0, 5, 6, 0, 6, 7, 0, 7, 8, 0, 8, 9, 0, 9, 10, 0, 10, 11, 0, 11, 12, 0, 12, 13, 0, 13, 14, 0, 14, 15]
                rel material:binding = </Plant_1/Materials/Leaf>
                uniform token physics:approximation = "convexHull"
                point3f[] points = [(0, 0, 0), (0.004147845, 0.0039271163, 0), (0.0073309913, 0.007854233, 0), (0.00914302, 0.011781349, 0), (0.009425079, 0.015708465, 0), (0.008272256, 0.019635582, 0), (0.005998084, 0.023562698, 0), (0.0030657984, 0.027489815, 0), (0, 0.03141693, 0), (-0.0030657984, 0.027489815, 0), (-0.005998084, 0.023562698, 0), (-0.008272256, 0.019635582, 0), (-0.009425079, 0.015708465, 0), (-0.00914302, 0.011781349, 0), (-0.0073309913, 0.007854233, 0), (-0.004147845, 0.0039271163, 0)]
                uniform token subdivisionScheme = "none"
                matrix4d xformOp:transform = ( (0.6427876096865394, -0.766044443118978, 0, 0), (0.766044443118978, 0.6427876096865394, 0, 0), (-0, 0, 1, 0), (0.007660444431189782, 0.033402850096865395, 0.019310631, 1) )
                uniform token[] xformOpOrder = ["xformOp:transform"]
            }

            def Cylinder "Petiolule_term" (
                prepend apiSchemas = ["PhysicsCollisionAPI"]
            )
            {
                uniform token axis = "Z"
                double height = 0.01
                rel material:binding = </Plant_1/Materials/Leaf>
                double radius = 0.0009236758600000001
                matrix4d xformOp:transform = ( (-1, 6.123233995736766e-17, 0, 0), (0, -0, 1, 0), (6.123233995736766e-17, 1, 0, 0), (3.922618401123721e-18, 0.06406122, 0.019310631, 1) )
                uniform token[] xformOpOrder = ["xformOp:transform"]
            }

            def Mesh "Blade_2" (
                prepend apiSchemas = ["PhysicsCollisionAPI", "PhysicsMeshCollisionAPI"]
            )
            {
                int[] faceVertexCounts = [3, 3, 3, 3, 3, 3, 3, 3, 3, 3, 3, 3, 3, 3]
                int[] faceVertexIndices = [0, 1, 2, 0, 2, 3, 0, 3, 4, 0, 4, 5, 0, 5, 6, 0, 6, 7, 0, 7, 8, 0, 8, 9, 0, 9, 10, 0, 10, 11, 0, 11, 12, 0, 12, 13, 0, 13, 14, 0, 14, 15]
                rel material:binding = </Plant_1/Materials/Leaf>
                uniform token physics:approximation = "convexHull"
                point3f[] points = [(0, 0, 0), (0.0042102225, 0.0039861742, 0), (0.0074412385, 0.0079723485, 0), (0.009280517, 0.011958523, 0), (0.009566818, 0.015944697, 0), (0.008396658, 0.019930871, 0), (0.006088286, 0.023917045, 0), (0.0031119036, 0.02790322, 0), (0, 0.031889394, 0), (-0.0031119036, 0.02790322, 0), (-0.006088286, 0.023917045, 0), (-0.008396658, 0.019930871, 0), (-0.009566818, 0.015944697, 0), (-0.009280517, 0.011958523, 0), (-0.0074412385, 0.0079723485, 0), (-0.0042102225, 0.0039861742, 0)]
                uniform token subdivisionScheme = "none"
                matrix4d xformOp:transform = ( (1, -6.123233995736766e-17, 0, 0), (6.123233995736766e-17, 1, 0, 0), (-0, 0, 1, 0), (4.228780100910559e-18, 0.06906121999999999, 0.019310631, 1) )
                uniform token[] xformOpOrder = ["xformOp:transform"]
            }
        }

        def Xform "Leaf_o0_r1_i1" (
            prepend apiSchemas = ["PhysicsRigidBodyAPI", "PhysicsMassAPI"]
        )
        {
            float physics:mass = 0.05

            def Cylinder "Petiole" (
                prepend apiSchemas = ["PhysicsCollisionAPI"]
            )
            {
                uniform token axis = "Z"
                double height = 0.026974974
                rel material:binding = </Plant_1/Materials/Leaf>
                double radius = 0.00230918965
                matrix4d xformOp:transform = ( (1, -1.8369701987210297e-16, 0, 0), (0, 0, 1, 0), (-1.8369701987210297e-16, -1, 0, 0), (-2.4776111674637304e-18, -0.013487487, 0, 1) )
                uniform token[] xformOpOrder = ["xformOp:transform"]
            }

            def Cylinder "Rachis" (
                prepend apiSchemas = ["PhysicsCollisionAPI"]
            )
            {
                uniform token axis = "Z"
                double height = 0.032086246
                rel material:binding = </Plant_1/Materials/Leaf>
                double radius = 0.00138551379
                matrix4d xformOp:transform = ( (1, -1.8369701987210297e-16, 0, 0), (0, 0, 1, 0), (-1.8369701987210297e-16, -1, 0, 0), (-7.902296219469053e-18, -0.043018097, 0, 1) )
                uniform token[] xformOpOrder = ["xformOp:transform"]
            }

            def Cylinder "Petiolule_0" (
                prepend apiSchemas = ["PhysicsCollisionAPI"]
            )
            {
                uniform token axis = "Z"
                double height = 0.01
                rel material:binding = </Plant_1/Materials/Leaf>
                double radius = 0.0009236758600000001
                matrix4d xformOp:transform = ( (0.6427876096865395, 0.7660444431189779, -0, 0), (0, 0, 1, 0), (0.7660444431189779, -0.6427876096865395, 0, 0), (0.0038302222155948847, -0.030188912048432697, 0, 1) )
                uniform token[] xformOpOrder = ["xformOp:transform"]
            }

            def Mesh "Blade_0" (
                prepend apiSchemas = ["PhysicsCollisionAPI", "PhysicsMeshCollisionAPI"]
            )
            {
                int[] faceVertexCounts = [3, 3, 3, 3, 3, 3, 3, 3, 3, 3, 3, 3, 3, 3]
                int[] faceVertexIndices = [0, 1, 2, 0, 2, 3, 0, 3, 4, 0, 4, 5, 0, 5, 6, 0, 6, 7, 0, 7, 8, 0, 8, 9, 0, 9, 10, 0, 10, 11, 0, 11, 12, 0, 12, 13, 0, 13, 14, 0, 14, 15]
                rel material:binding = </Plant_1/Materials/Leaf>
                uniform token physics:approximation = "convexHull"
                point3f[] points = [(0, 0, 0), (0.004147845, 0.0039271163, 0), (0.0073309913, 0.007854233, 0), (0.00914302, 0.011781349, 0), (0.009425079, 0.015708465, 0), (0.008272256, 0.019635582, 0), (0.005998084, 0.023562698, 0), (0.0030657984, 0.027489815, 0), (0, 0.03141693, 0), (-0.0030657984, 0.027489815, 0), (-0.005998084, 0.023562698, 0), (-0.008272256, 0.019635582, 0), (-0.009425079, 0.015708465, 0), (-0.00914302, 0.011781349, 0), (-0.0073309913, 0.007854233, 0), (-0.004147845, 0.0039271163, 0)]
                uniform token subdivisionScheme = "none"
                matrix4d xformOp:transform = ( (-0.6427876096865395, -0.7660444431189779, 0, 0), (0.7660444431189779, -0.6427876096865395, 0, 0), (0, 0, 1, 0), (0.007660444431189774, -0.033402850096865395, 0, 1) )
                uniform token[] xformOpOrder = ["xformOp:transform"]
            }

            def Cylinder "Petiolule_1" (
                prepend apiSchemas = ["PhysicsCollisionAPI"]
            )
            {
                uniform token axis = "Z"
                double height = 0.01
                rel material:binding = </Plant_1/Materials/Leaf>
                double radius = 0.0009236758600000001
                matrix4d xformOp:transform = ( (0.6427876096865393, -0.7660444431189781, 0, 0), (0, 0, 1, 0), (-0.7660444431189781, -0.6427876096865393, 0, 0), (-0.0038302222155948955, -0.030188912048432694, 0, 1) )
                uniform token[] xformOpOrder = ["xformOp:transform"]
            }

            def Mesh "Blade_1" (
                prepend apiSchemas = ["PhysicsCollisionAPI", "PhysicsMeshCollisionAPI"]
            )
            {
                int[] faceVertexCounts = [3, 3, 3, 3, 3, 3, 3, 3, 3, 3, 3, 3, 3, 3]
                int[] faceVertexIndices = [0, 1, 2, 0, 2, 3, 0, 3, 4, 0, 4, 5, 0, 5, 6, 0, 6, 7, 0, 7, 8, 0, 8, 9, 0, 9, 10, 0, 10, 11, 0, 11, 12, 0, 12, 13, 0, 13, 14, 0, 14, 15]
                rel material:binding = </Plant_1/Materials/Leaf>
                uniform token physics:approximation = "convexHull"
                point3f[] points = [(0, 0, 0), (0.004147845, 0.0039271163, 0), (0.0073309913, 0.007854233, 0), (0.00914302, 0.011781349, 0), (0.009425079, 0.015708465, 0), (0.008272256, 0.019635582, 0), (0.005998084, 0.023562698, 0), (0.0030657984, 0.027489815, 0), (0, 0.03141693, 0), (-0.0030657984, 0.027489815, 0), (-0.005998084, 0.023562698, 0), (-0.008272256, 0.019635582, 0), (-0.009425079, 0.015708465, 0), (-0.00914302, 0.011781349, 0), (-0.0073309913, 0.007854233, 0), (-0.004147845, 0.0039271163, 0)]
                uniform token subdivisionScheme = "none"
                matrix4d xformOp:transform = ( (-0.6427876096865393, 0.7660444431189781, 0, 0), (-0.7660444431189781, -0.6427876096865393, 0, 0), (0, 0, 1, 0), (-0.007660444431189787, -0.03340285009686539, 0, 1) )
                uniform token[] xformOpOrder = ["xformOp:transform"]
            }

            def Cylinder "Petiolule_term" (
                prepend apiSchemas = ["PhysicsCollisionAPI"]
            )
            {
                uniform token axis = "Z"
                double height = 0.01
                rel material:binding = </Plant_1/Materials/Leaf>
                double radius = 0.0009236758600000001
                matrix4d xformOp:transform = ( (1, -1.8369701987210297e-16, 0, 0), (0, 0, 1, 0), (-1.8369701987210297e-16, -1, 0, 0), (-1.1767855203371159e-17, -0.06406122, 0, 1) )
                uniform token[] xformOpOrder = ["xformOp:transform"]
            }

            def Mesh "Blade_2" (
                prepend apiSchemas = ["PhysicsCollisionAPI", "PhysicsMeshCollisionAPI"]
            )
            {
                int[] faceVertexCounts = [3, 3, 3, 3, 3, 3, 3, 3, 3, 3, 3, 3, 3, 3]
                int[] faceVertexIndices = [0, 1, 2, 0, 2, 3, 0, 3, 4, 0, 4, 5, 0, 5, 6, 0, 6, 7, 0, 7, 8, 0, 8, 9, 0, 9, 10, 0, 10, 11, 0, 11, 12, 0, 12, 13, 0, 13, 14, 0, 14, 15]
                rel material:binding = </Plant_1/Materials/Leaf>
                uniform token physics:approximation = "convexHull"
                point3f[] points = [(0, 0, 0), (0.0042102225, 0.0039861742, 0), (0.0074412385, 0.0079723485, 0), (0.009280517, 0.011958523, 0), (0.009566818, 0.015944697, 0), (0.008396658, 0.019930871, 0), (0.006088286, 0.023917045, 0), (0.0031119036, 0.02790322, 0), (0, 0.031889394, 0), (-0.0031119036, 0.02790322, 0), (-0.006088286, 0.023917045, 0), (-0.008396658, 0.019930871, 0), (-0.009566818, 0.015944697, 0), (-0.009280517, 0.011958523, 0), (-0.0074412385, 0.0079723485, 0), (-0.0042102225, 0.0039861742, 0)]
                uniform token subdivisionScheme = "none"
                matrix4d xformOp:transform = ( (-1, 1.8369701987210297e-16, 0, 0), (-1.8369701987210297e-16, -1, 0, 0), (0, 0, 1, 0), (-1.2686340302731673e-17, -0.06906121999999999, 0, 1) )
                uniform token[] xformOpOrder = ["xformOp:transform"]
            }
        }

        def Xform "Leaf_o0_r2_i0" (
            prepend apiSchemas = ["PhysicsRigidBodyAPI", "PhysicsMassAPI", "PhysicsFilteredPairsAPI"]
        )
        {
            prepend rel physics:filteredPairs = </Plant_1/Stem/Internode_o0_r2>
            float physics:mass = 0.05

            def Cylinder "Petiole" (
                prepend apiSchemas = ["PhysicsCollisionAPI"]
            )
            {
                uniform token axis = "Z"
                double height = 0.033447728
                rel material:binding = </Plant_1/Materials/Leaf>
                double radius = 0.0027447478
                matrix4d xformOp:transform = ( (-1.2246467991473532e-16, -1, 0, 0), (0.3420201433256687, -4.188538737676992e-17, 0.9396926207859084, 0), (-0.9396926207859084, 1.1507915602278503e-16, 0.3420201433256687, 0), (-0.015715291591827107, 1.9245681545598377e-18, 0.04123143336223899, 1) )
                uniform token[] xformOpOrder = ["xformOp:transform"]
            }

            def Cylinder "Rachis" (
                prepend apiSchemas = ["PhysicsCollisionAPI"]
            )
            {
                uniform token axis = "Z"
                double height = 0.09295204
                rel material:binding = </Plant_1/Materials/Leaf>
                double radius = 0.00164684868
                matrix4d xformOp:transform = ( (-1.2246467991473532e-16, -1, 0, 0), (0.3420201433256687, -4.188538737676992e-17, 0.9396926207859084, 0), (-0.9396926207859084, 1.1507915602278503e-16, 0.3420201433256687, 0), (-0.0751037562211525, 9.197557466017753e-18, 0.06284706674608462, 1) )
                uniform token[] xformOpOrder = ["xformOp:transform"]
            }

            def Cylinder "Petiolule_0" (
                prepend apiSchemas = ["PhysicsCollisionAPI"]
            )
            {
                uniform token axis = "Z"
                double height = 0.01
                rel material:binding = </Plant_1/Materials/Leaf>
                double radius = 0.00109789912
                matrix4d xformOp:transform = ( (0.7852561107532648, -0.6191710914800983, 0, 0), (0.1361224799638779, 0.17263565866262628, 0.9755345200486781, 0), (-0.6040227735550538, -0.7660444431189779, 0.2198463103929542, 0), (-0.03445069705142948, -0.0038302222155948856, 0.04805056327644275, 1) )
                uniform token[] xformOpOrder = ["xformOp:transform"]
            }

            def Mesh "Blade_0" (
                prepend apiSchemas = ["PhysicsCollisionAPI", "PhysicsMeshCollisionAPI"]
            )
            {
                int[] faceVertexCounts = [3, 3, 3, 3, 3, 3, 3, 3, 3, 3, 3, 3, 3, 3]
                int[] faceVertexIndices = [0, 1, 2, 0, 2, 3, 0, 3, 4, 0, 4, 5, 0, 5, 6, 0, 6, 7, 0, 7, 8, 0, 8, 9, 0, 9, 10, 0, 10, 11, 0, 11, 12, 0, 12, 13, 0, 13, 14, 0, 14, 15]
                rel material:binding = </Plant_1/Materials/Leaf>
                uniform token physics:approximation = "convexHull"
                point3f[] points = [(0, 0, 0), (0.0065455833, 0.0061972584, 0), (0.011568806, 0.012394517, 0), (0.014428311, 0.018591775, 0), (0.01487342, 0.024789033, 0), (0.0130541865, 0.030986292, 0), (0.009465387, 0.03718355, 0), (0.0048380396, 0.043380808, 0), (0, 0.049578067, 0), (-0.0048380396, 0.043380808, 0), (-0.009465387, 0.03718355, 0), (-0.0130541865, 0.030986292, 0), (-0.01487342, 0.024789033, 0), (-0.014428311, 0.018591775, 0), (-0.011568806, 0.012394517, 0), (-0.0065455833, 0.0061972584, 0)]
                uniform token subdivisionScheme = "none"
                matrix4d xformOp:transform = ( (-0.7852561107532648, 0.6191710914800983, 0, 0), (-0.6040227735550538, -0.7660444431189779, 0.2198463103929542, 0), (0.1361224799638779, 0.17263565866262628, 0.9755345200486781, 0), (-0.037470810919204754, -0.0076604444311897755, 0.04914979482840752, 1) )
                uniform token[] xformOpOrder = ["xformOp:transform"]
            }

            def Cylinder "Petiolule_1" (
                prepend apiSchemas = ["PhysicsCollisionAPI"]
            )
            {
                uniform token axis = "Z"
                double height = 0.01
                rel material:binding = </Plant_1/Materials/Leaf>
                double radius = 0.00109789912
                matrix4d xformOp:transform = ( (-0.7852561107532651, -0.6191710914800981, 0, 0), (0.13612247996387788, -0.1726356586626263, 0.9755345200486782, 0), (-0.6040227735550536, 0.7660444431189781, 0.2198463103929542, 0), (-0.03445069705142948, 0.0038302222155948947, 0.04805056327644275, 1) )
                uniform token[] xformOpOrder = ["xformOp:transform"]
            }

            def Mesh "Blade_1" (
                prepend apiSchemas = ["PhysicsCollisionAPI", "PhysicsMeshCollisionAPI"]
            )
            {
                int[] faceVertexCounts = [3, 3, 3, 3, 3, 3, 3, 3, 3, 3, 3, 3, 3, 3]
                int[] faceVertexIndices = [0, 1, 2, 0, 2, 3, 0, 3, 4, 0, 4, 5, 0, 5, 6, 0, 6, 7, 0, 7, 8, 0, 8, 9, 0, 9, 10, 0, 10, 11, 0, 11, 12, 0, 12, 13, 0, 13, 14, 0, 14, 15]
                rel material:binding = </Plant_1/Materials/Leaf>
                uniform token physics:approximation = "convexHull"
                point3f[] points = [(0, 0, 0), (0.0065455833, 0.0061972584, 0), (0.011568806, 0.012394517, 0), (0.014428311, 0.018591775, 0), (0.01487342, 0.024789033, 0), (0.0130541865, 0.030986292, 0), (0.009465387, 0.03718355, 0), (0.0048380396, 0.043380808, 0), (0, 0.049578067, 0), (-0.0048380396, 0.043380808, 0), (-0.009465387, 0.03718355, 0), (-0.0130541865, 0.030986292, 0), (-0.01487342, 0.024789033, 0), (-0.014428311, 0.018591775, 0), (-0.011568806, 0.012394517, 0), (-0.0065455833, 0.0061972584, 0)]
                uniform token subdivisionScheme = "none"
                matrix4d xformOp:transform = ( (0.7852561107532651, 0.6191710914800981, -0, 0), (-0.6040227735550536, 0.7660444431189781, 0.2198463103929542, 0), (0.13612247996387788, -0.1726356586626263, 0.9755345200486782, 0), (-0.037470810919204754, 0.007660444431189785, 0.04914979482840752, 1) )
                uniform token[] xformOpOrder = ["xformOp:transform"]
            }

            def Cylinder "Petiolule_2" (
                prepend apiSchemas = ["PhysicsCollisionAPI"]
            )
            {
                uniform token axis = "Z"
                double height = 0.01
                rel material:binding = </Plant_1/Materials/Leaf>
                double radius = 0.00109789912
                matrix4d xformOp:transform = ( (0.7852561107532648, -0.6191710914800983, 0, 0), (0.1361224799638779, 0.17263565866262628, 0.9755345200486781, 0), (-0.6040227735550538, -0.7660444431189779, 0.2198463103929542, 0), (-0.08876616528895871, -0.003830222215594879, 0.06781977697513474, 1) )
                uniform token[] xformOpOrder = ["xformOp:transform"]
            }

            def Mesh "Blade_2" (
                prepend apiSchemas = ["PhysicsCollisionAPI", "PhysicsMeshCollisionAPI"]
            )
            {
                int[] faceVertexCounts = [3, 3, 3, 3, 3, 3, 3, 3, 3, 3, 3, 3, 3, 3]
                int[] faceVertexIndices = [0, 1, 2, 0, 2, 3, 0, 3, 4, 0, 4, 5, 0, 5, 6, 0, 6, 7, 0, 7, 8, 0, 8, 9, 0, 9, 10, 0, 10, 11, 0, 11, 12, 0, 12, 13, 0, 13, 14, 0, 14, 15]
                rel material:binding = </Plant_1/Materials/Leaf>
                uniform token physics:approximation = "convexHull"
                point3f[] points = [(0, 0, 0), (0.0065455833, 0.0061972584, 0), (0.011568806, 0.012394517, 0), (0.014428311, 0.018591775, 0), (0.01487342, 0.024789033, 0), (0.0130541865, 0.030986292, 0), (0.009465387, 0.03718355, 0), (0.0048380396, 0.043380808, 0), (0, 0.049578067, 0), (-0.0048380396, 0.043380808, 0), (-0.009465387, 0.03718355, 0), (-0.0130541865, 0.030986292, 0), (-0.01487342, 0.024789033, 0), (-0.014428311, 0.018591775, 0), (-0.011568806, 0.012394517, 0), (-0.0065455833, 0.0061972584, 0)]
                uniform token subdivisionScheme = "none"
                matrix4d xformOp:transform = ( (-0.7852561107532648, 0.6191710914800983, 0, 0), (-0.6040227735550538, -0.7660444431189779, 0.2198463103929542, 0), (0.1361224799638779, 0.17263565866262628, 0.9755345200486781, 0), (-0.09178627915673397, -0.0076604444311897685, 0.0689190085270995, 1) )
                uniform token[] xformOpOrder = ["xformOp:transform"]
            }

            def Cylinder "Petiolule_3" (
                prepend apiSchemas = ["PhysicsCollisionAPI"]
            )
            {
                uniform token axis = "Z"
                double height = 0.01
                rel material:binding = </Plant_1/Materials/Leaf>
                double radius = 0.00109789912
                matrix4d xformOp:transform = ( (-0.7852561107532651, -0.6191710914800981, 0, 0), (0.13612247996387788, -0.1726356586626263, 0.9755345200486782, 0), (-0.6040227735550536, 0.7660444431189781, 0.2198463103929542, 0), (-0.08876616528895871, 0.003830222215594901, 0.06781977697513474, 1) )
                uniform token[] xformOpOrder = ["xformOp:transform"]
            }

            def Mesh "Blade_3" (
                prepend apiSchemas = ["PhysicsCollisionAPI", "PhysicsMeshCollisionAPI"]
            )
            {
                int[] faceVertexCounts = [3, 3, 3, 3, 3, 3, 3, 3, 3, 3, 3, 3, 3, 3]
                int[] faceVertexIndices = [0, 1, 2, 0, 2, 3, 0, 3, 4, 0, 4, 5, 0, 5, 6, 0, 6, 7, 0, 7, 8, 0, 8, 9, 0, 9, 10, 0, 10, 11, 0, 11, 12, 0, 12, 13, 0, 13, 14, 0, 14, 15]
                rel material:binding = </Plant_1/Materials/Leaf>
                uniform token physics:approximation = "convexHull"
                point3f[] points = [(0, 0, 0), (0.0065455833, 0.0061972584, 0), (0.011568806, 0.012394517, 0), (0.014428311, 0.018591775, 0), (0.01487342, 0.024789033, 0), (0.0130541865, 0.030986292, 0), (0.009465387, 0.03718355, 0), (0.0048380396, 0.043380808, 0), (0, 0.049578067, 0), (-0.0048380396, 0.043380808, 0), (-0.009465387, 0.03718355, 0), (-0.0130541865, 0.030986292, 0), (-0.01487342, 0.024789033, 0), (-0.014428311, 0.018591775, 0), (-0.011568806, 0.012394517, 0), (-0.0065455833, 0.0061972584, 0)]
                uniform token subdivisionScheme = "none"
                matrix4d xformOp:transform = ( (0.7852561107532651, 0.6191710914800981, -0, 0), (-0.6040227735550536, 0.7660444431189781, 0.2198463103929542, 0), (0.13612247996387788, -0.1726356586626263, 0.9755345200486782, 0), (-0.09178627915673397, 0.007660444431189792, 0.0689190085270995, 1) )
                uniform token[] xformOpOrder = ["xformOp:transform"]
            }

            def Cylinder "Petiolule_term" (
                prepend apiSchemas = ["PhysicsCollisionAPI"]
            )
            {
                uniform token axis = "Z"
                double height = 0.01
                rel material:binding = </Plant_1/Materials/Leaf>
                double radius = 0.00109789912
                matrix4d xformOp:transform = ( (-1.2246467991473532e-16, -1, 0, 0), (0.3420201433256687, -4.188538737676992e-17, 0.9396926207859084, 0), (-0.9396926207859084, 1.1507915602278503e-16, 0.3420201433256687, 0), (-0.12347539236258036, 1.5121374403029755e-17, 0.08045290248431962, 1) )
                uniform token[] xformOpOrder = ["xformOp:transform"]
            }

            def Mesh "Blade_4" (
                prepend apiSchemas = ["PhysicsCollisionAPI", "PhysicsMeshCollisionAPI"]
            )
            {
                int[] faceVertexCounts = [3, 3, 3, 3, 3, 3, 3, 3, 3, 3, 3, 3, 3, 3]
                int[] faceVertexIndices = [0, 1, 2, 0, 2, 3, 0, 3, 4, 0, 4, 5, 0, 5, 6, 0, 6, 7, 0, 7, 8, 0, 8, 9, 0, 9, 10, 0, 10, 11, 0, 11, 12, 0, 12, 13, 0, 13, 14, 0, 14, 15]
                rel material:binding = </Plant_1/Materials/Leaf>
                uniform token physics:approximation = "convexHull"
                point3f[] points = [(0, 0, 0), (0.0065455833, 0.0061972584, 0), (0.011568806, 0.012394517, 0), (0.014428311, 0.018591775, 0), (0.014873421, 0.024789033, 0), (0.0130541865, 0.030986292, 0), (0.009465387, 0.03718355, 0), (0.0048380396, 0.043380808, 0), (0, 0.049578067, 0), (-0.0048380396, 0.043380808, 0), (-0.009465387, 0.03718355, 0), (-0.0130541865, 0.030986292, 0), (-0.014873421, 0.024789033, 0), (-0.014428311, 0.018591775, 0), (-0.011568806, 0.012394517, 0), (-0.0065455833, 0.0061972584, 0)]
                uniform token subdivisionScheme = "none"
                matrix4d xformOp:transform = ( (1.2246467991473532e-16, 1, -0, 0), (-0.9396926207859084, 1.1507915602278503e-16, 0.3420201433256687, 0), (0.3420201433256687, -4.188538737676992e-17, 0.9396926207859084, 0), (-0.1281738554665099, 1.569677018314368e-17, 0.08216300320094796, 1) )
                uniform token[] xformOpOrder = ["xformOp:transform"]
            }
        }
    }

    def "Joints"
    {
        def PhysicsSphericalJoint "Joint_Leaf_o1_r1_i0" (
            prepend apiSchemas = ["PhysicsDriveAPI:rotX", "PhysicsDriveAPI:rotY", "PhysicsDriveAPI:rotZ"]
        )
        {
            float drive:rotX:physics:damping = 0.5
            float drive:rotX:physics:stiffness = 5
            float drive:rotX:physics:targetPosition = 0
            uniform token drive:rotX:physics:type = "force"
            float drive:rotY:physics:damping = 0.5
            float drive:rotY:physics:stiffness = 5
            float drive:rotY:physics:targetPosition = 0
            uniform token drive:rotY:physics:type = "force"
            float drive:rotZ:physics:damping = 0.5
            float drive:rotZ:physics:stiffness = 5
            float drive:rotZ:physics:targetPosition = 0
            uniform token drive:rotZ:physics:type = "force"
            rel physics:body0 = </Plant_1/Stem/Internode_o1_r1>
            rel physics:body1 = </Plant_1/Leaves/Leaf_o1_r1_i0>
            float physics:coneAngle0Limit = 45
            float physics:coneAngle1Limit = 45
            point3f physics:localPos0 = (0, 0, 0.0053129164)
            point3f physics:localPos1 = (0, 0, 0.019897329)
        }

        def PhysicsSphericalJoint "Joint_Leaf_o0_r7_i0" (
            prepend apiSchemas = ["PhysicsDriveAPI:rotX", "PhysicsDriveAPI:rotY", "PhysicsDriveAPI:rotZ"]
        )
        {
            float drive:rotX:physics:damping = 0.5
            float drive:rotX:physics:stiffness = 5
            float drive:rotX:physics:targetPosition = 0
            uniform token drive:rotX:physics:type = "force"
            float drive:rotY:physics:damping = 0.5
            float drive:rotY:physics:stiffness = 5
            float drive:rotY:physics:targetPosition = 0
            uniform token drive:rotY:physics:type = "force"
            float drive:rotZ:physics:damping = 0.5
            float drive:rotZ:physics:stiffness = 5
            float drive:rotZ:physics:targetPosition = 0
            uniform token drive:rotZ:physics:type = "force"
            rel physics:body0 = </Plant_1/Stem/Internode_o0_r7>
            rel physics:body1 = </Plant_1/Leaves/Leaf_o0_r7_i0>
            float physics:coneAngle0Limit = 45
            float physics:coneAngle1Limit = 45
            point3f physics:localPos0 = (0, 0, 0.009773916)
            point3f physics:localPos1 = (0, 0, 0.1280922)
        }

        def PhysicsSphericalJoint "Joint_Leaf_o1_r1_i1" (
            prepend apiSchemas = ["PhysicsDriveAPI:rotX", "PhysicsDriveAPI:rotY", "PhysicsDriveAPI:rotZ"]
        )
        {
            float drive:rotX:physics:damping = 0.5
            float drive:rotX:physics:stiffness = 5
            float drive:rotX:physics:targetPosition = 0
            uniform token drive:rotX:physics:type = "force"
            float drive:rotY:physics:damping = 0.5
            float drive:rotY:physics:stiffness = 5
            float drive:rotY:physics:targetPosition = 0
            uniform token drive:rotY:physics:type = "force"
            float drive:rotZ:physics:damping = 0.5
            float drive:rotZ:physics:stiffness = 5
            float drive:rotZ:physics:targetPosition = 0
            uniform token drive:rotZ:physics:type = "force"
            rel physics:body0 = </Plant_1/Stem/Internode_o1_r1>
            rel physics:body1 = </Plant_1/Leaves/Leaf_o1_r1_i1>
            float physics:coneAngle0Limit = 45
            float physics:coneAngle1Limit = 45
            point3f physics:localPos0 = (0, 0, 0.010354102)
            point3f physics:localPos1 = (0, 0, 0.029979698)
        }

        def PhysicsSphericalJoint "Joint_Leaf_o1_r1_i2" (
            prepend apiSchemas = ["PhysicsDriveAPI:rotX", "PhysicsDriveAPI:rotY", "PhysicsDriveAPI:rotZ"]
        )
        {
            float drive:rotX:physics:damping = 0.5
            float drive:rotX:physics:stiffness = 5
            float drive:rotX:physics:targetPosition = 0
            uniform token drive:rotX:physics:type = "force"
            float drive:rotY:physics:damping = 0.5
            float drive:rotY:physics:stiffness = 5
            float drive:rotY:physics:targetPosition = 0
            uniform token drive:rotY:physics:type = "force"
            float drive:rotZ:physics:damping = 0.5
            float drive:rotZ:physics:stiffness = 5
            float drive:rotZ:physics:targetPosition = 0
            uniform token drive:rotZ:physics:type = "force"
            rel physics:body0 = </Plant_1/Stem/Internode_o1_r1>
            rel physics:body1 = </Plant_1/Leaves/Leaf_o1_r1_i2>
            float physics:coneAngle0Limit = 45
            float physics:coneAngle1Limit = 45
            point3f physics:localPos0 = (0, 0, 0.010354102)
            point3f physics:localPos1 = (0, 0, 0.029979698)
        }

        def PhysicsSphericalJoint "Joint_Leaf_o1_r1_i3" (
            prepend apiSchemas = ["PhysicsDriveAPI:rotX", "PhysicsDriveAPI:rotY", "PhysicsDriveAPI:rotZ"]
        )
        {
            float drive:rotX:physics:damping = 0.5
            float drive:rotX:physics:stiffness = 5
            float drive:rotX:physics:targetPosition = 0
            uniform token drive:rotX:physics:type = "force"
            float drive:rotY:physics:damping = 0.5
            float drive:rotY:physics:stiffness = 5
            float drive:rotY:physics:targetPosition = 0
            uniform token drive:rotY:physics:type = "force"
            float drive:rotZ:physics:damping = 0.5
            float drive:rotZ:physics:stiffness = 5
            float drive:rotZ:physics:targetPosition = 0
            uniform token drive:rotZ:physics:type = "force"
            rel physics:body0 = </Plant_1/Stem/Internode_o1_r1>
            rel physics:body1 = </Plant_1/Leaves/Leaf_o1_r1_i3>
            float physics:coneAngle0Limit = 45
            float physics:coneAngle1Limit = 45
            point3f physics:localPos0 = (0, 0, 0.010354102)
            point3f physics:localPos1 = (0, 0, 0.029979698)
        }

        def PhysicsSphericalJoint "Joint_Leaf_o0_r6_i0" (
            prepend apiSchemas = ["PhysicsDriveAPI:rotX", "PhysicsDriveAPI:rotY", "PhysicsDriveAPI:rotZ"]
        )
        {
            float drive:rotX:physics:damping = 0.5
            float drive:rotX:physics:stiffness = 5
            float drive:rotX:physics:targetPosition = 0
            uniform token drive:rotX:physics:type = "force"
            float drive:rotY:physics:damping = 0.5
            float drive:rotY:physics:stiffness = 5
            float drive:rotY:physics:targetPosition = 0
            uniform token drive:rotY:physics:type = "force"
            float drive:rotZ:physics:damping = 0.5
            float drive:rotZ:physics:stiffness = 5
            float drive:rotZ:physics:targetPosition = 0
            uniform token drive:rotZ:physics:type = "force"
            rel physics:body0 = </Plant_1/Stem/Internode_o0_r6>
            rel physics:body1 = </Plant_1/Leaves/Leaf_o0_r6_i0>
            float physics:coneAngle0Limit = 45
            float physics:coneAngle1Limit = 45
            point3f physics:localPos0 = (0, 0, 0.013904501)
            point3f physics:localPos1 = (0, 0, 0.108544365)
        }

        def PhysicsSphericalJoint "Joint_Leaf_o0_r5_i0" (
            prepend apiSchemas = ["PhysicsDriveAPI:rotX", "PhysicsDriveAPI:rotY", "PhysicsDriveAPI:rotZ"]
        )
        {
            float drive:rotX:physics:damping = 0.5
            float drive:rotX:physics:stiffness = 5
            float drive:rotX:physics:targetPosition = 0
            uniform token drive:rotX:physics:type = "force"
            float drive:rotY:physics:damping = 0.5
            float drive:rotY:physics:stiffness = 5
            float drive:rotY:physics:targetPosition = 0
            uniform token drive:rotY:physics:type = "force"
            float drive:rotZ:physics:damping = 0.5
            float drive:rotZ:physics:stiffness = 5
            float drive:rotZ:physics:targetPosition = 0
            uniform token drive:rotZ:physics:type = "force"
            rel physics:body0 = </Plant_1/Stem/Internode_o0_r5>
            rel physics:body1 = </Plant_1/Leaves/Leaf_o0_r5_i0>
            float physics:coneAngle0Limit = 45
            float physics:coneAngle1Limit = 45
            point3f physics:localPos0 = (0, 0, 0.0069316393)
            point3f physics:localPos1 = (0, 0, 0.08073536)
        }

        def PhysicsSphericalJoint "Joint_Leaf_o0_r4_i0" (
            prepend apiSchemas = ["PhysicsDriveAPI:rotX", "PhysicsDriveAPI:rotY", "PhysicsDriveAPI:rotZ"]
        )
        {
            float drive:rotX:physics:damping = 0.5
            float drive:rotX:physics:stiffness = 5
            float drive:rotX:physics:targetPosition = 0
            uniform token drive:rotX:physics:type = "force"
            float drive:rotY:physics:damping = 0.5
            float drive:rotY:physics:stiffness = 5
            float drive:rotY:physics:targetPosition = 0
            uniform token drive:rotY:physics:type = "force"
            float drive:rotZ:physics:damping = 0.5
            float drive:rotZ:physics:stiffness = 5
            float drive:rotZ:physics:targetPosition = 0
            uniform token drive:rotZ:physics:type = "force"
            rel physics:body0 = </Plant_1/Stem/Internode_o0_r4>
            rel physics:body1 = </Plant_1/Leaves/Leaf_o0_r4_i0>
            float physics:coneAngle0Limit = 45
            float physics:coneAngle1Limit = 45
            point3f physics:localPos0 = (0, 0, 0.007636688)
            point3f physics:localPos1 = (0, 0, 0.06687208)
        }

        def PhysicsSphericalJoint "Joint_Leaf_o0_r3_i0" (
            prepend apiSchemas = ["PhysicsDriveAPI:rotX", "PhysicsDriveAPI:rotY", "PhysicsDriveAPI:rotZ"]
        )
        {
            float drive:rotX:physics:damping = 0.5
            float drive:rotX:physics:stiffness = 5
            float drive:rotX:physics:targetPosition = 0
            uniform token drive:rotX:physics:type = "force"
            float drive:rotY:physics:damping = 0.5
            float drive:rotY:physics:stiffness = 5
            float drive:rotY:physics:targetPosition = 0
            uniform token drive:rotY:physics:type = "force"
            float drive:rotZ:physics:damping = 0.5
            float drive:rotZ:physics:stiffness = 5
            float drive:rotZ:physics:targetPosition = 0
            uniform token drive:rotZ:physics:type = "force"
            rel physics:body0 = </Plant_1/Stem/Internode_o0_r3>
            rel physics:body1 = </Plant_1/Leaves/Leaf_o0_r3_i0>
            float physics:coneAngle0Limit = 45
            float physics:coneAngle1Limit = 45
            point3f physics:localPos0 = (0, 0, 0.008043587)
            point3f physics:localPos1 = (0, 0, 0.05159871)
        }

        def PhysicsSphericalJoint "Joint_Leaf_o0_r0_i0" (
            prepend apiSchemas = ["PhysicsDriveAPI:rotX", "PhysicsDriveAPI:rotY", "PhysicsDriveAPI:rotZ"]
        )
        {
            float drive:rotX:physics:damping = 0.5
            float drive:rotX:physics:stiffness = 5
            float drive:rotX:physics:targetPosition = 0
            uniform token drive:rotX:physics:type = "force"
            float drive:rotY:physics:damping = 0.5
            float drive:rotY:physics:stiffness = 5
            float drive:rotY:physics:targetPosition = 0
            uniform token drive:rotY:physics:type = "force"
            float drive:rotZ:physics:damping = 0.5
            float drive:rotZ:physics:stiffness = 5
            float drive:rotZ:physics:targetPosition = 0
            uniform token drive:rotZ:physics:type = "force"
            rel physics:body0 = </Plant_1/Stem/Internode_o0_r0>
            rel physics:body1 = </Plant_1/Leaves/Leaf_o0_r0_i0>
            float physics:coneAngle0Limit = 45
            float physics:coneAngle1Limit = 45
            point3f physics:localPos0 = (0, 0, 0.0046357475)
            point3f physics:localPos1 = (0, 0, 0.009271495)
        }

        def PhysicsSphericalJoint "Joint_Leaf_o0_r1_i0" (
            prepend apiSchemas = ["PhysicsDriveAPI:rotX", "PhysicsDriveAPI:rotY", "PhysicsDriveAPI:rotZ"]
        )
        {
            float drive:rotX:physics:damping = 0.5
            float drive:rotX:physics:stiffness = 5
            float drive:rotX:physics:targetPosition = 0
            uniform token drive:rotX:physics:type = "force"
            float drive:rotY:physics:damping = 0.5
            float drive:rotY:physics:stiffness = 5
            float drive:rotY:physics:targetPosition = 0
            uniform token drive:rotY:physics:type = "force"
            float drive:rotZ:physics:damping = 0.5
            float drive:rotZ:physics:stiffness = 5
            float drive:rotZ:physics:targetPosition = 0
            uniform token drive:rotZ:physics:type = "force"
            rel physics:body0 = </Plant_1/Stem/Internode_o0_r1>
            rel physics:body1 = </Plant_1/Leaves/Leaf_o0_r1_i0>
            float physics:coneAngle0Limit = 45
            float physics:coneAngle1Limit = 45
            point3f physics:localPos0 = (0, 0, 0.005019568)
            point3f physics:localPos1 = (0, 0, 0.01931063)
        }

        def PhysicsSphericalJoint "Joint_Leaf_o0_r2_i0" (
            prepend apiSchemas = ["PhysicsDriveAPI:rotX", "PhysicsDriveAPI:rotY", "PhysicsDriveAPI:rotZ"]
        )
        {
            float drive:rotX:physics:damping = 0.5
            float drive:rotX:physics:stiffness = 5
            float drive:rotX:physics:targetPosition = 0
            uniform token drive:rotX:physics:type = "force"
            float drive:rotY:physics:damping = 0.5
            float drive:rotY:physics:stiffness = 5
            float drive:rotY:physics:targetPosition = 0
            uniform token drive:rotY:physics:type = "force"
            float drive:rotZ:physics:damping = 0.5
            float drive:rotZ:physics:stiffness = 5
            float drive:rotZ:physics:targetPosition = 0
            uniform token drive:rotZ:physics:type = "force"
            rel physics:body0 = </Plant_1/Stem/Internode_o0_r2>
            rel physics:body1 = </Plant_1/Leaves/Leaf_o0_r2_i0>
            float physics:coneAngle0Limit = 45
            float physics:coneAngle1Limit = 45
            point3f physics:localPos0 = (0, 0, 0.008100452)
            point3f physics:localPos1 = (0, 0, 0.035511535)
        }
    }

    def Xform "Trusses"
    {
    }
}

