day,plant_id,organ_class,organ_index,rank,order,parent_rank,parent_organ_class,age_dd,dry_biomass_mg,area_m2,length,is_fruit,is_root,internode_width_m,leaf_length_petiole,leaf_diameter_petiole,leaf_angle_petiole,leaf_ccw_orientation,leaf_curvature,leaf_blades_nr,leaf_area_blades_total,leaf_rachis_length,leaf_segments_length,leaf_area_m2blades,leaf_inclination_segments,fruit_nr,fruit_radius_0,fruit_radius_1,fruit_radius_2,fruit_age_dd_0,fruit_age_dd_1,fruit_age_dd_2,fruit_ripening_dd,fruit_truss_angle
2,1,Root,0,0,0,-1,none,27.554096,82.25375828426415,0.0,0.0,false,true,0,0,0,0,0,0,0,0,0,0,0,0,0,0,0,0,0,0,0,0,0
2,1,Internode,0,0,0,0,Root,417.5541,11.623633739858231,1.7707733136856476E-4,0.008914638,false,false,0.006322798887554146,0,0,0,0,0,0,0,0,0,0,0,0,0,0,0,0,0,0,0,0
2,1,Internode,0,1,0,0,Internode,327.5541,12.108001818605658,1.7971808665419612E-4,0.009004961,false,false,0.006352725479030495,0,0,0,0,0,0,0,0,0,0,0,0,0,0,0,0,0,0,0,0
2,1,Internode,0,2,0,1,Internode,27.554096,4.640101946509407,1.2981730000811656E-4,0.0072157723,false,false,0.0057266399673921295,0,0,0,0,0,0,0,0,0,0,0,0,0,0,0,0,0,0,0,0
2,1,Leaf,0,0,0,0,Internode,327.5541,6.492017632400695,1.9532719377323964E-4,0.0,false,false,0,0.0140959285,0.0027417946,90.0,180.0,90.0,1,1.3461884E-4,0.0,0.0,1.3461884E-4,0,0,0,0,0,0,0,0,0,0
2,1,Leaf,1,0,0,0,Internode,327.5541,6.492017632400695,1.9532719377323964E-4,0.0,false,false,0,0.0140959285,0.0027417946,90.0,0.0,90.0,1,1.3461884E-4,0.0,0.0,1.3461884E-4,0,0,0,0,0,0,0,0,0,0
2,1,Leaf,0,1,0,1,Internode,27.554096,32.0039158881054,8.504584670798146E-4,0.0,false,false,0,0.022118777,0.0039376384,90.0,90.0,90.0,2,5.779404E-4,0.028593792,0,3.8144062E-4_1.9649974E-4,90.0_90.0,0,0,0,0,0,0,0,0,0
2,1,Leaf,1,1,0,1,Internode,27.554096,32.0039158881054,8.504584670798146E-4,0.0,false,false,0,0.022118777,0.0039376384,90.0,270.0,90.0,2,5.779404E-4,0.028593792,0,3.8144062E-4_1.9649974E-4,90.0_90.0,0,0,0,0,0,0,0,0,0
2,1,Leaf,0,2,0,2,Internode,27.554096,4.292705998478256,2.525672697913443E-4,0.0,false,false,0,0.014877327,0.0028632532,70.0,180.0,90.0,3,7.230582E-5,0.03327233,0.014698502,2.8922328E-5_2.8922328E-5_1.4461164E-5,90.0_90.0_90.0,0,0,0,0,0,0,0,0,0
