Step,Time,JointName,Fx,Fy,Fz,Tx,Ty,Tz,F_norm
10,0.1280,Trunk_02,0.000000,-0.042854,0.648198,0.069708,0.000000,0.000000,0.649613
10,0.1280,Trunk_03,0.000000,-0.001203,0.154092,0.000031,0.000000,0.000000,0.154096
10,0.1280,Link_01,0.000000,-0.276177,0.202443,0.066895,0.000000,0.000000,0.342428
10,0.1280,Link_02,0.000000,-0.270497,0.138896,0.053627,0.000000,0.000000,0.304073
10,0.1280,Link_03,0.000000,-0.250275,0.087915,0.040796,0.000000,0.000000,0.265267
10,0.1280,Link_04,0.000000,-0.219127,0.052950,0.029080,0.000000,0.000000,0.225434
10,0.1280,Link_05,0.000000,-0.181577,0.030650,0.019000,0.000000,0.000000,0.184146
10,0.1280,Link_06,0.000000,-0.140078,0.017085,0.010873,0.000000,0.000000,0.141116
10,0.1280,Link_07,0.000000,-0.095750,0.008814,0.004902,0.000000,0.000000,0.096155
10,0.1280,Link_08,0.000000,-0.049022,0.003455,0.001235,0.000000,0.000000,0.049144
20,0.2438,Trunk_02,0.000000,-0.032640,0.689444,0.081537,0.000000,0.000000,0.690216
20,0.2438,Trunk_03,0.000000,-0.001556,0.154087,0.000040,0.000000,0.000000,0.154095
20,0.2438,Link_01,0.000000,-0.300234,0.236873,0.078723,0.000000,0.000000,0.382426
20,0.2438,Link_02,0.000000,-0.306062,0.156796,0.064123,0.000000,0.000000,0.343888
20,0.2438,Link_03,0.000000,-0.290484,0.091612,0.049342,0.000000,0.000000,0.304588
20,0.2438,Link_04,0.000000,-0.258725,0.049094,0.035486,0.000000,0.000000,0.263342
20,0.2438,Link_05,0.000000,-0.217626,0.024963,0.023378,0.000000,0.000000,0.219053
20,0.2438,Link_06,0.000000,-0.170434,0.013015,0.013490,0.000000,0.000000,0.170930
20,0.2438,Link_07,0.000000,-0.118271,0.007334,0.006131,0.000000,0.000000,0.118498
20,0.2438,Link_08,0.000000,-0.061434,0.003620,0.001555,0.000000,0.000000,0.061541
30,0.3552,Trunk_02,0.000000,0.009105,0.572112,0.039671,0.000000,0.000000,0.572185
30,0.3552,Trunk_03,0.000000,-0.000378,0.154090,0.000009,0.000000,0.000000,0.154090
30,0.3552,Link_01,0.000000,-0.183375,0.190085,0.038548,0.000000,0.000000,0.264119
30,0.3552,Link_02,0.000000,-0.170020,0.148457,0.029869,0.000000,0.000000,0.225713
30,0.3552,Link_03,0.000000,-0.149358,0.113862,0.021881,0.000000,0.000000,0.187809
30,0.3552,Link_04,0.000000,-0.123752,0.086703,0.014953,0.000000,0.000000,0.151102
30,0.3552,Link_05,0.000000,-0.096389,0.064884,0.009323,0.000000,0.000000,0.116193
30,0.3552,Link_06,0.000000,-0.069369,0.046436,0.005067,0.000000,0.000000,0.083477
30,0.3552,Link_07,0.000000,-0.043943,0.029922,0.002159,0.000000,0.000000,0.053163
30,0.3552,Link_08,0.000000,-0.020751,0.014535,0.000508,0.000000,0.000000,0.025335
40,0.4677,Trunk_02,0.000000,0.024711,0.577963,0.036206,0.000000,0.000000,0.578491
40,0.4677,Trunk_03,0.000000,-0.000343,0.154093,0.000008,0.000000,0.000000,0.154094
40,0.4677,Link_01,0.000000,-0.176410,0.205692,0.035467,0.000000,0.000000,0.270980
40,0.4677,Link_02,0.000000,-0.161580,0.167499,0.027220,0.000000,0.000000,0.232732
40,0.4677,Link_03,0.000000,-0.140678,0.134961,0.019789,0.000000,0.000000,0.194948
40,0.4677,Link_04,0.000000,-0.115713,0.107830,0.013438,0.000000,0.000000,0.158167
40,0.4677,Link_05,0.000000,-0.089453,0.084181,0.008330,0.000000,0.000000,0.122834
40,0.4677,Link_06,0.000000,-0.063819,0.062398,0.004506,0.000000,0.000000,0.089254
40,0.4677,Link_07,0.000000,-0.040015,0.041411,0.001915,0.000000,0.000000,0.057586
40,0.4677,Link_08,0.000000,-0.018673,0.020670,0.000456,0.000000,0.000000,0.027855
50,0.5794,Trunk_02,0.000000,-0.021031,0.644444,0.065334,0.000000,0.000000,0.644787
50,0.5794,Trunk_03,0.000000,-0.001090,0.154092,0.000028,0.000000,0.000000,0.154095
50,0.5794,Link_01,0.000000,-0.258285,0.216144,0.063080,0.000000,0.000000,0.336793
50,0.5794,Link_02,0.000000,-0.254508,0.155526,0.050679,0.000000,0.000000,0.298266
50,0.5794,Link_03,0.000000,-0.236572,0.106425,0.038593,0.000000,0.000000,0.259408
50,0.5794,Link_04,0.000000,-0.207613,0.072038,0.027506,0.000000,0.000000,0.219756
50,0.5794,Link_05,0.000000,-0.172091,0.048960,0.017952,0.000000,0.000000,0.178920
50,0.5794,Link_06,0.000000,-0.132557,0.033144,0.010254,0.000000,0.000000,0.136638
50,0.5794,Link_07,0.000000,-0.090337,0.021072,0.004612,0.000000,0.000000,0.092762
50,0.5794,Link_08,0.000000,-0.046075,0.010352,0.001159,0.000000,0.000000,0.047224
60,0.7023,Trunk_02,0.000000,-0.018805,0.643306,0.065474,0.000000,0.000000,0.643581
60,0.7023,Trunk_03,0.000000,-0.001099,0.154090,0.000028,0.000000,0.000000,0.154094
60,0.7023,Link_01,0.000000,-0.255944,0.216979,0.063265,0.000000,0.000000,0.335541
60,0.7023,Link_02,0.000000,-0.253493,0.154787,0.050926,0.000000,0.000000,0.297014
60,0.7023,Link_03,0.000000,-0.236164,0.104403,0.038799,0.000000,0.000000,0.258212
60,0.7023,Link_04,0.000000,-0.207339,0.069585,0.027642,0.000000,0.000000,0.218704
60,0.7023,Link_05,0.000000,-0.171828,0.046788,0.018027,0.000000,0.000000,0.178084
60,0.7023,Link_06,0.000000,-0.132317,0.031643,0.010287,0.000000,0.000000,0.136048
60,0.7023,Link_07,0.000000,-0.090150,0.020291,0.004619,0.000000,0.000000,0.092405
60,0.7023,Link_08,0.000000,-0.045967,0.010104,0.001157,0.000000,0.000000,0.047064
70,0.8172,Trunk_02,0.000000,0.007647,0.592047,0.045201,0.000000,0.000000,0.592096
70,0.8172,Trunk_03,0.000000,-0.000558,0.154091,0.000014,0.000000,0.000000,0.154092
70,0.8172,Link_01,0.000000,-0.199116,0.202507,0.043939,0.000000,0.000000,0.284000
70,0.8172,Link_02,0.000000,-0.188273,0.157631,0.034489,0.000000,0.000000,0.245549
70,0.8172,Link_03,0.000000,-0.168747,0.120549,0.025633,0.000000,0.000000,0.207383
70,0.8172,Link_04,0.000000,-0.142821,0.091990,0.017799,0.000000,0.000000,0.169882
70,0.8172,Link_05,0.000000,-0.113846,0.069466,0.011294,0.000000,0.000000,0.133366
70,0.8172,Link_06,0.000000,-0.084028,0.050508,0.006258,0.000000,0.000000,0.098040
70,0.8172,Link_07,0.000000,-0.054712,0.033236,0.002724,0.000000,0.000000,0.064016
70,0.8172,Link_08,0.000000,-0.026619,0.016532,0.000659,0.000000,0.000000,0.031335
80,0.9299,Trunk_02,0.000000,0.006676,0.600421,0.047090,0.000000,0.000000,0.600458
80,0.9299,Trunk_03,0.000000,-0.000617,0.154093,0.000015,0.000000,0.000000,0.154094
80,0.9299,Link_01,0.000000,-0.205944,0.207490,0.045770,0.000000,0.000000,0.292344
80,0.9299,Link_02,0.000000,-0.195462,0.162001,0.036011,0.000000,0.000000,0.253870
80,0.9299,Link_03,0.000000,-0.176077,0.124375,0.026863,0.000000,0.000000,0.215574
80,0.9299,Link_04,0.000000,-0.149966,0.095321,0.018741,0.000000,0.000000,0.177696
80,0.9299,Link_05,0.000000,-0.120410,0.072292,0.011959,0.000000,0.000000,0.140445
80,0.9299,Link_06,0.000000,-0.089583,0.052781,0.006670,0.000000,0.000000,0.103976
80,0.9299,Link_07,0.000000,-0.058829,0.034870,0.002926,0.000000,0.000000,0.068387
80,0.9299,Link_08,0.000000,-0.028881,0.017416,0.000718,0.000000,0.000000,0.033726
90,1.0405,Trunk_02,0.000000,-0.012771,0.633675,0.060952,0.000000,0.000000,0.633804
90,1.0405,Trunk_03,0.000000,-0.000978,0.154091,0.000025,0.000000,0.000000,0.154095
90,1.0405,Link_01,0.000000,-0.244477,0.215160,0.058958,0.000000,0.000000,0.325673
90,1.0405,Link_02,0.000000,-0.239657,0.158149,0.047239,0.000000,0.000000,0.287135
90,1.0405,Link_03,0.000000,-0.221814,0.111821,0.035865,0.000000,0.000000,0.248406
90,1.0405,Link_04,0.000000,-0.193800,0.078795,0.025475,0.000000,0.000000,0.209206
90,1.0405,Link_05,0.000000,-0.159825,0.055808,0.016563,0.000000,0.000000,0.169289
90,1.0405,Link_06,0.000000,-0.122391,0.039091,0.009421,0.000000,0.000000,0.128483
90,1.0405,Link_07,0.000000,-0.082876,0.025429,0.004217,0.000000,0.000000,0.086690
90,1.0405,Link_08,0.000000,-0.041992,0.012684,0.001054,0.000000,0.000000,0.043866
100,1.1522,Trunk_02,0.000000,-0.009909,0.625601,0.058464,0.000000,0.000000,0.625680
100,1.1522,Trunk_03,0.000000,-0.000910,0.154091,0.000023,0.000000,0.000000,0.154093
100,1.1522,Link_01,0.000000,-0.236468,0.211904,0.056579,0.000000,0.000000,0.317523
100,1.1522,Link_02,0.000000,-0.230950,0.156524,0.045239,0.000000,0.000000,0.278994
100,1.1522,Link_03,0.000000,-0.212955,0.111496,0.034257,0.000000,0.000000,0.240377
100,1.1522,Link_04,0.000000,-0.185295,0.079242,0.024259,0.000000,0.000000,0.201528
100,1.1522,Link_05,0.000000,-0.152124,0.056579,0.015720,0.000000,0.000000,0.162304
100,1.1522,Link_06,0.000000,-0.115934,0.039858,0.008909,0.000000,0.000000,0.122594
100,1.1522,Link_07,0.000000,-0.078113,0.025998,0.003972,0.000000,0.000000,0.082326
100,1.1522,Link_08,0.000000,-0.039381,0.012978,0.000987,0.000000,0.000000,0.041464
110,1.2604,Trunk_02,0.000000,0.003316,0.603041,0.049082,0.000000,0.000000,0.603050
110,1.2604,Trunk_03,0.000000,-0.000665,0.154092,0.000016,0.000000,0.000000,0.154093
110,1.2604,Link_01,0.000000,-0.210327,0.206700,0.047655,0.000000,0.000000,0.294894
110,1.2604,Link_02,0.000000,-0.200989,0.159208,0.037648,0.000000,0.000000,0.256405
110,1.2604,Link_03,0.000000,-0.181986,0.120159,0.028178,0.000000,0.000000,0.218076
110,1.2604,Link_04,0.000000,-0.155651,0.090631,0.019716,0.000000,0.000000,0.180115
110,1.2604,Link_05,0.000000,-0.125488,0.067930,0.012615,0.000000,0.000000,0.142694
110,1.2604,Link_06,0.000000,-0.093767,0.049277,0.007053,0.000000,0.000000,0.105926
110,1.2604,Link_07,0.000000,-0.061863,0.032488,0.003100,0.000000,0.000000,0.069875
110,1.2604,Link_08,0.000000,-0.030518,0.016227,0.000760,0.000000,0.000000,0.034564
120,1.3719,Trunk_02,0.000000,-0.000013,0.610634,0.051663,0.000000,0.000000,0.610634
120,1.3719,Trunk_03,0.000000,-0.000737,0.154092,0.000018,0.000000,0.000000,0.154094
120,1.3719,Link_01,0.000000,-0.218295,0.209344,0.050115,0.000000,0.000000,0.302453
120,1.3719,Link_02,0.000000,-0.209755,0.160213,0.039722,0.000000,0.000000,0.263942
120,1.3719,Link_03,0.000000,-0.190972,0.119910,0.029843,0.000000,0.000000,0.225497
120,1.3719,Link_04,0.000000,-0.164306,0.089718,0.020971,0.000000,0.000000,0.187205
120,1.3719,Link_05,0.000000,-0.133329,0.066831,0.013482,0.000000,0.000000,0.149141
120,1.3719,Link_06,0.000000,-0.100333,0.048316,0.007578,0.000000,0.000000,0.111360
120,1.3719,Link_07,0.000000,-0.066694,0.031827,0.003351,0.000000,0.000000,0.073899
120,1.3719,Link_08,0.000000,-0.033160,0.015906,0.000827,0.000000,0.000000,0.036777
130,1.4910,Trunk_02,0.000000,-0.008581,0.625728,0.057942,0.000000,0.000000,0.625787
130,1.4910,Trunk_03,0.000000,-0.000900,0.154091,0.000023,0.000000,0.000000,0.154094
130,1.4910,Link_01,0.000000,-0.235606,0.213005,0.056095,0.000000,0.000000,0.317618
130,1.4910,Link_02,0.000000,-0.229710,0.158498,0.044817,0.000000,0.000000,0.279084
130,1.4910,Link_03,0.000000,-0.211651,0.114111,0.033928,0.000000,0.000000,0.240453
130,1.4910,Link_04,0.000000,-0.184119,0.082052,0.024025,0.000000,0.000000,0.201575
130,1.4910,Link_05,0.000000,-0.151137,0.059183,0.015569,0.000000,0.000000,0.162312
130,1.4910,Link_06,0.000000,-0.115154,0.041974,0.008824,0.000000,0.000000,0.122565
130,1.4910,Link_07,0.000000,-0.077558,0.027466,0.003935,0.000000,0.000000,0.082278
130,1.4910,Link_08,0.000000,-0.039084,0.013729,0.000980,0.000000,0.000000,0.041425
140,1.5991,Trunk_02,0.000000,-0.005796,0.618961,0.055606,0.000000,0.000000,0.618988
140,1.5991,Trunk_03,0.000000,-0.000831,0.154091,0.000021,0.000000,0.000000,0.154093
140,1.5991,Link_01,0.000000,-0.228618,0.210555,0.053863,0.000000,0.000000,0.310805
140,1.5991,Link_02,0.000000,-0.221890,0.157803,0.042927,0.000000,0.000000,0.272281
140,1.5991,Link_03,0.000000,-0.203611,0.114787,0.032410,0.000000,0.000000,0.233738
140,1.5991,Link_04,0.000000,-0.176398,0.083443,0.022883,0.000000,0.000000,0.195138
140,1.5991,Link_05,0.000000,-0.144162,0.060742,0.014782,0.000000,0.000000,0.156436
140,1.5991,Link_06,0.000000,-0.109320,0.043320,0.008350,0.000000,0.000000,0.117591
140,1.5991,Link_07,0.000000,-0.073265,0.028399,0.003710,0.000000,0.000000,0.078576
140,1.5991,Link_08,0.000000,-0.036735,0.014191,0.000919,0.000000,0.000000,0.039380
150,1.7093,Trunk_02,0.000000,0.000156,0.609275,0.051467,0.000000,0.000000,0.609275
150,1.7093,Trunk_03,0.000000,-0.000730,0.154092,0.000018,0.000000,0.000000,0.154093
150,1.7093,Link_01,0.000000,-0.217188,0.208536,0.049928,0.000000,0.000000,0.301095
150,1.7093,Link_02,0.000000,-0.208752,0.159295,0.039578,0.000000,0.000000,0.262588
150,1.7093,Link_03,0.000000,-0.190019,0.118929,0.029727,0.000000,0.000000,0.224168
150,1.7093,Link_04,0.000000,-0.163387,0.088777,0.020880,0.000000,0.000000,0.185948
150,1.7093,Link_05,0.000000,-0.132477,0.066019,0.013414,0.000000,0.000000,0.148016
150,1.7093,Link_06,0.000000,-0.099602,0.047691,0.007533,0.000000,0.000000,0.110431
150,1.7093,Link_07,0.000000,-0.066145,0.031414,0.003327,0.000000,0.000000,0.073225
150,1.7093,Link_08,0.000000,-0.032854,0.015703,0.000820,0.000000,0.000000,0.036414
160,1.8158,Trunk_02,0.000000,-0.002500,0.614649,0.053447,0.000000,0.000000,0.614654
160,1.8158,Trunk_03,0.000000,-0.000779,0.154092,0.000019,0.000000,0.000000,0.154094
160,1.8158,Link_01,0.000000,-0.223056,0.210161,0.051814,0.000000,0.000000,0.306466
160,1.8158,Link_02,0.000000,-0.215311,0.159489,0.041174,0.000000,0.000000,0.267947
160,1.8158,Link_03,0.000000,-0.196765,0.118032,0.031008,0.000000,0.000000,0.229452
160,1.8158,Link_04,0.000000,-0.169869,0.087339,0.021842,0.000000,0.000000,0.191007
160,1.8158,Link_05,0.000000,-0.138330,0.064502,0.014076,0.000000,0.000000,0.152630
160,1.8158,Link_06,0.000000,-0.104491,0.046405,0.007932,0.000000,0.000000,0.114332
160,1.8158,Link_07,0.000000,-0.069738,0.030524,0.003516,0.000000,0.000000,0.076125
160,1.8158,Link_08,0.000000,-0.034817,0.015260,0.000870,0.000000,0.000000,0.038014
170,1.9264,Trunk_02,0.000000,-0.006217,0.621027,0.056147,0.000000,0.000000,0.621058
170,1.9264,Trunk_03,0.000000,-0.000854,0.154091,0.000021,0.000000,0.000000,0.154094
170,1.9264,Link_01,0.000000,-0.230436,0.211638,0.054384,0.000000,0.000000,0.312876
170,1.9264,Link_02,0.000000,-0.223848,0.158615,0.043365,0.000000,0.000000,0.274348
170,1.9264,Link_03,0.000000,-0.205618,0.115374,0.032764,0.000000,0.000000,0.235775
170,1.9264,Link_04,0.000000,-0.178348,0.083872,0.023154,0.000000,0.000000,0.197085
170,1.9264,Link_05,0.000000,-0.145946,0.061060,0.014972,0.000000,0.000000,0.158205
170,1.9264,Link_06,0.000000,-0.110827,0.043558,0.008466,0.000000,0.000000,0.119079
170,1.9264,Link_07,0.000000,-0.074380,0.028567,0.003766,0.000000,0.000000,0.079677
170,1.9264,Link_08,0.000000,-0.037348,0.014282,0.000935,0.000000,0.000000,0.039985
180,2.0348,Trunk_02,0.000000,-0.004194,0.616643,0.054542,0.000000,0.000000,0.616658
180,2.0348,Trunk_03,0.000000,-0.000810,0.154091,0.000020,0.000000,0.000000,0.154094
180,2.0348,Link_01,0.000000,-0.225751,0.210215,0.052852,0.000000,0.000000,0.308470
180,2.0348,Link_02,0.000000,-0.218561,0.158440,0.042066,0.000000,0.000000,0.269949
180,2.0348,Link_03,0.000000,-0.200169,0.116162,0.031722,0.000000,0.000000,0.231433
180,2.0348,Link_04,0.000000,-0.173116,0.085141,0.022371,0.000000,0.000000,0.192920
180,2.0348,Link_05,0.000000,-0.141228,0.062399,0.014434,0.000000,0.000000,0.154398
180,2.0348,Link_06,0.000000,-0.106886,0.044691,0.008142,0.000000,0.000000,0.115852
180,2.0348,Link_07,0.000000,-0.071483,0.029348,0.003613,0.000000,0.000000,0.077273
180,2.0348,Link_08,0.000000,-0.035764,0.014670,0.000894,0.000000,0.000000,0.038656
190,2.1463,Trunk_02,0.000000,-0.001687,0.612696,0.052814,0.000000,0.000000,0.612698
190,2.1463,Trunk_03,0.000000,-0.000762,0.154092,0.000019,0.000000,0.000000,0.154094
190,2.1463,Link_01,0.000000,-0.221038,0.209450,0.051210,0.000000,0.000000,0.304511
190,2.1463,Link_02,0.000000,-0.213118,0.159169,0.040667,0.000000,0.000000,0.265996
190,2.1463,Link_03,0.000000,-0.194529,0.118016,0.030601,0.000000,0.000000,0.227528
190,2.1463,Link_04,0.000000,-0.167717,0.087494,0.021534,0.000000,0.000000,0.189167
190,2.1463,Link_05,0.000000,-0.136379,0.064718,0.013863,0.000000,0.000000,0.150956
190,2.1463,Link_06,0.000000,-0.102855,0.046606,0.007802,0.000000,0.000000,0.112922
190,2.1463,Link_07,0.000000,-0.068532,0.030668,0.003454,0.000000,0.000000,0.075081
190,2.1463,Link_08,0.000000,-0.034156,0.015333,0.000853,0.000000,0.000000,0.037440
200,2.2600,Trunk_02,0.000000,-0.003392,0.616001,0.054072,0.000000,0.000000,0.616010
200,2.2600,Trunk_03,0.000000,-0.000800,0.154092,0.000020,0.000000,0.000000,0.154094
200,2.2600,Link_01,0.000000,-0.224694,0.210397,0.052409,0.000000,0.000000,0.307822
200,2.2600,Link_02,0.000000,-0.217239,0.159153,0.041683,0.000000,0.000000,0.269300
200,2.2600,Link_03,0.000000,-0.198774,0.117268,0.031416,0.000000,0.000000,0.230788
200,2.2600,Link_04,0.000000,-0.171792,0.086391,0.022145,0.000000,0.000000,0.192291
200,2.2600,Link_05,0.000000,-0.140053,0.063580,0.014282,0.000000,0.000000,0.153809
200,2.2600,Link_06,0.000000,-0.105919,0.045651,0.008054,0.000000,0.000000,0.115338
200,2.2600,Link_07,0.000000,-0.070781,0.030009,0.003573,0.000000,0.000000,0.076880
200,2.2600,Link_08,0.000000,-0.035384,0.015004,0.000885,0.000000,0.000000,0.038434
210,2.3692,Trunk_02,0.000000,-0.004910,0.618505,0.055163,0.000000,0.000000,0.618524
210,2.3692,Trunk_03,0.000000,-0.000824,0.154091,0.000021,0.000000,0.000000,0.154094
210,2.3692,Link_01,0.000000,-0.227639,0.210927,0.053447,0.000000,0.000000,0.310338
210,2.3692,Link_02,0.000000,-0.220662,0.158715,0.042569,0.000000,0.000000,0.271813
210,2.3692,Link_03,0.000000,-0.202329,0.116097,0.032126,0.000000,0.000000,0.233271
210,2.3692,Link_04,0.000000,-0.175196,0.084894,0.022675,0.000000,0.000000,0.194680
210,2.3692,Link_05,0.000000,-0.143109,0.062102,0.014644,0.000000,0.000000,0.156003
210,2.3692,Link_06,0.000000,-0.108461,0.044431,0.008269,0.000000,0.000000,0.117209
210,2.3692,Link_07,0.000000,-0.072643,0.029170,0.003674,0.000000,0.000000,0.078281
210,2.3692,Link_08,0.000000,-0.036399,0.014584,0.000911,0.000000,0.000000,0.039212
220,2.4843,Trunk_02,0.000000,-0.003653,0.615969,0.054200,0.000000,0.000000,0.615980
220,2.4843,Trunk_03,0.000000,-0.000799,0.154092,0.000020,0.000000,0.000000,0.154094
220,2.4843,Link_01,0.000000,-0.224865,0.210170,0.052529,0.000000,0.000000,0.307792
220,2.4843,Link_02,0.000000,-0.217519,0.158721,0.041789,0.000000,0.000000,0.269271
220,2.4843,Link_03,0.000000,-0.199087,0.116687,0.031501,0.000000,0.000000,0.230762
220,2.4843,Link_04,0.000000,-0.172085,0.085768,0.022207,0.000000,0.000000,0.192274
220,2.4843,Link_05,0.000000,-0.140305,0.063005,0.014322,0.000000,0.000000,0.153802
220,2.4843,Link_06,0.000000,-0.106122,0.045187,0.008076,0.000000,0.000000,0.115342
220,2.4843,Link_07,0.000000,-0.070926,0.029691,0.003582,0.000000,0.000000,0.076890
220,2.4843,Link_08,0.000000,-0.035461,0.014844,0.000887,0.000000,0.000000,0.038443
230,2.5927,Trunk_02,0.000000,-0.002674,0.614480,0.053528,0.000000,0.000000,0.614486
230,2.5927,Trunk_03,0.000000,-0.000781,0.154092,0.000020,0.000000,0.000000,0.154094
230,2.5927,Link_01,0.000000,-0.223062,0.209910,0.051889,0.000000,0.000000,0.306298
230,2.5927,Link_02,0.000000,-0.215422,0.159057,0.041244,0.000000,0.000000,0.267780
230,2.5927,Link_03,0.000000,-0.196909,0.117473,0.031063,0.000000,0.000000,0.229288
230,2.5927,Link_04,0.000000,-0.170000,0.086750,0.021880,0.000000,0.000000,0.190855
230,2.5927,Link_05,0.000000,-0.138433,0.063968,0.014100,0.000000,0.000000,0.152498
230,2.5927,Link_06,0.000000,-0.104564,0.045983,0.007944,0.000000,0.000000,0.114228
230,2.5927,Link_07,0.000000,-0.069783,0.030239,0.003520,0.000000,0.000000,0.076053
230,2.5927,Link_08,0.000000,-0.034838,0.015119,0.000870,0.000000,0.000000,0.037977
240,2.6992,Trunk_02,0.000000,-0.003642,0.616331,0.054247,0.000000,0.000000,0.616342
240,2.6992,Trunk_03,0.000000,-0.000801,0.154092,0.000020,0.000000,0.000000,0.154094
240,2.6992,Link_01,0.000000,-0.225122,0.210426,0.052575,0.000000,0.000000,0.308154
240,2.6992,Link_02,0.000000,-0.217758,0.159005,0.041826,0.000000,0.000000,0.269632
240,2.6992,Link_03,0.000000,-0.199321,0.116988,0.031531,0.000000,0.000000,0.231117
240,2.6992,Link_04,0.000000,-0.172315,0.086058,0.022231,0.000000,0.000000,0.192610
240,2.6992,Link_05,0.000000,-0.140521,0.063261,0.014340,0.000000,0.000000,0.154104
240,2.6992,Link_06,0.000000,-0.106308,0.045391,0.008088,0.000000,0.000000,0.115593
240,2.6992,Link_07,0.000000,-0.071065,0.029831,0.003589,0.000000,0.000000,0.077072
240,2.6992,Link_08,0.000000,-0.035538,0.014915,0.000889,0.000000,0.000000,0.038541
250,2.8147,Trunk_02,0.000000,-0.004227,0.617227,0.054655,0.000000,0.000000,0.617242
250,2.8147,Trunk_03,0.000000,-0.000812,0.154092,0.000020,0.000000,0.000000,0.154094
250,2.8147,Link_01,0.000000,-0.226204,0.210585,0.052963,0.000000,0.000000,0.309054
250,2.8147,Link_02,0.000000,-0.219024,0.158794,0.042157,0.000000,0.000000,0.270531
250,2.8147,Link_03,0.000000,-0.200637,0.116496,0.031796,0.000000,0.000000,0.232006
250,2.8147,Link_04,0.000000,-0.173575,0.085444,0.022429,0.000000,0.000000,0.193466
250,2.8147,Link_05,0.000000,-0.141651,0.062660,0.014475,0.000000,0.000000,0.154891
250,2.8147,Link_06,0.000000,-0.107246,0.044897,0.008168,0.000000,0.000000,0.116265
250,2.8147,Link_07,0.000000,-0.071753,0.029491,0.003626,0.000000,0.000000,0.077577
250,2.8147,Link_08,0.000000,-0.035913,0.014744,0.000898,0.000000,0.000000,0.038822
260,2.9250,Trunk_02,0.000000,-0.003520,0.615864,0.054124,0.000000,0.000000,0.615874
260,2.9250,Trunk_03,0.000000,-0.000797,0.154092,0.000020,0.000000,0.000000,0.154094
260,2.9250,Link_01,0.000000,-0.224691,0.210201,0.052457,0.000000,0.000000,0.307686
260,2.9250,Link_02,0.000000,-0.217304,0.158836,0.041727,0.000000,0.000000,0.269165
260,2.9250,Link_03,0.000000,-0.198859,0.116865,0.031451,0.000000,0.000000,0.230657
260,2.9250,Link_04,0.000000,-0.171869,0.085969,0.022170,0.000000,0.000000,0.192170
260,2.9250,Link_05,0.000000,-0.140113,0.063195,0.014298,0.000000,0.000000,0.153705
260,2.9250,Link_06,0.000000,-0.105964,0.045341,0.008062,0.000000,0.000000,0.115257
260,2.9250,Link_07,0.000000,-0.070811,0.029798,0.003576,0.000000,0.000000,0.076825
260,2.9250,Link_08,0.000000,-0.035399,0.014897,0.000885,0.000000,0.000000,0.038406
270,3.0398,Trunk_02,0.000000,-0.003156,0.615355,0.053883,0.000000,0.000000,0.615363
270,3.0398,Trunk_03,0.000000,-0.000790,0.154092,0.000020,0.000000,0.000000,0.154094
270,3.0398,Link_01,0.000000,-0.224053,0.210134,0.052228,0.000000,0.000000,0.307175
270,3.0398,Link_02,0.000000,-0.216558,0.158991,0.041532,0.000000,0.000000,0.268655
270,3.0398,Link_03,0.000000,-0.198086,0.117186,0.031295,0.000000,0.000000,0.230154
270,3.0398,Link_04,0.000000,-0.171132,0.086360,0.022054,0.000000,0.000000,0.191688
270,3.0398,Link_05,0.000000,-0.139456,0.063575,0.014219,0.000000,0.000000,0.153263
270,3.0398,Link_06,0.000000,-0.105419,0.045656,0.008015,0.000000,0.000000,0.114881
270,3.0398,Link_07,0.000000,-0.070412,0.030014,0.003554,0.000000,0.000000,0.076542
270,3.0398,Link_08,0.000000,-0.035182,0.015006,0.000879,0.000000,0.000000,0.038248
280,3.1543,Trunk_02,0.000000,-0.003683,0.616336,0.054270,0.000000,0.000000,0.616347
280,3.1543,Trunk_03,0.000000,-0.000801,0.154092,0.000020,0.000000,0.000000,0.154094
280,3.1543,Link_01,0.000000,-0.225156,0.210397,0.052597,0.000000,0.000000,0.308159
280,3.1543,Link_02,0.000000,-0.217811,0.158942,0.041845,0.000000,0.000000,0.269637
280,3.1543,Link_03,0.000000,-0.199380,0.116900,0.031546,0.000000,0.000000,0.231123
280,3.1543,Link_04,0.000000,-0.172372,0.085962,0.022242,0.000000,0.000000,0.192617
280,3.1543,Link_05,0.000000,-0.140571,0.063172,0.014348,0.000000,0.000000,0.154113
280,3.1543,Link_06,0.000000,-0.106348,0.045320,0.008092,0.000000,0.000000,0.115602
280,3.1543,Link_07,0.000000,-0.071094,0.029782,0.003590,0.000000,0.000000,0.077080
280,3.1543,Link_08,0.000000,-0.035554,0.014890,0.000889,0.000000,0.000000,0.038546
290,3.2627,Trunk_02,0.000000,-0.003885,0.616610,0.054405,0.000000,0.000000,0.616622
290,3.2627,Trunk_03,0.000000,-0.000805,0.154092,0.000020,0.000000,0.000000,0.154094
290,3.2627,Link_01,0.000000,-0.225504,0.210428,0.052725,0.000000,0.000000,0.308435
290,3.2627,Link_02,0.000000,-0.218223,0.158845,0.041955,0.000000,0.000000,0.269912
290,3.2627,Link_03,0.000000,-0.199808,0.116706,0.031634,0.000000,0.000000,0.231395
290,3.2627,Link_04,0.000000,-0.172781,0.085728,0.022307,0.000000,0.000000,0.192879
290,3.2627,Link_05,0.000000,-0.140937,0.062945,0.014392,0.000000,0.000000,0.154355
290,3.2627,Link_06,0.000000,-0.106653,0.045133,0.008119,0.000000,0.000000,0.115809
290,3.2627,Link_07,0.000000,-0.071317,0.029654,0.003603,0.000000,0.000000,0.077237
290,3.2627,Link_08,0.000000,-0.035676,0.014826,0.000892,0.000000,0.000000,0.038634
300,3.3695,Trunk_02,0.000000,-0.003514,0.615911,0.054128,0.000000,0.000000,0.615921
300,3.3695,Trunk_03,0.000000,-0.000798,0.154092,0.000020,0.000000,0.000000,0.154094
300,3.3695,Link_01,0.000000,-0.224721,0.210239,0.052461,0.000000,0.000000,0.307733
300,3.3695,Link_02,0.000000,-0.217329,0.158881,0.041730,0.000000,0.000000,0.269212
300,3.3695,Link_03,0.000000,-0.198884,0.116915,0.031454,0.000000,0.000000,0.230703
300,3.3695,Link_04,0.000000,-0.171894,0.086017,0.022172,0.000000,0.000000,0.192215
300,3.3695,Link_05,0.000000,-0.140138,0.063239,0.014299,0.000000,0.000000,0.153746
300,3.3695,Link_06,0.000000,-0.105986,0.045378,0.008063,0.000000,0.000000,0.115291
300,3.3695,Link_07,0.000000,-0.070827,0.029822,0.003577,0.000000,0.000000,0.076849
300,3.3695,Link_08,0.000000,-0.035408,0.014910,0.000885,0.000000,0.000000,0.038419
310,3.4777,Trunk_02,0.000000,-0.003396,0.615775,0.054056,0.000000,0.000000,0.615785
310,3.4777,Trunk_03,0.000000,-0.000796,0.154092,0.000020,0.000000,0.000000,0.154094
310,3.4777,Link_01,0.000000,-0.224536,0.210236,0.052392,0.000000,0.000000,0.307596
310,3.4777,Link_02,0.000000,-0.217110,0.158950,0.041672,0.000000,0.000000,0.269076
310,3.4777,Link_03,0.000000,-0.198657,0.117037,0.031407,0.000000,0.000000,0.230569
310,3.4777,Link_04,0.000000,-0.171678,0.086160,0.022138,0.000000,0.000000,0.192086
310,3.4777,Link_05,0.000000,-0.139946,0.063376,0.014276,0.000000,0.000000,0.153627
310,3.4777,Link_06,0.000000,-0.105827,0.045491,0.008049,0.000000,0.000000,0.115190
310,3.4777,Link_07,0.000000,-0.070711,0.029900,0.003570,0.000000,0.000000,0.076773
310,3.4777,Link_08,0.000000,-0.035345,0.014949,0.000884,0.000000,0.000000,0.038376
320,3.5936,Trunk_02,0.000000,-0.003670,0.616272,0.054254,0.000000,0.000000,0.616283
320,3.5936,Trunk_03,0.000000,-0.000802,0.154092,0.000020,0.000000,0.000000,0.154094
320,3.5936,Link_01,0.000000,-0.225098,0.210364,0.052581,0.000000,0.000000,0.308095
320,3.5936,Link_02,0.000000,-0.217750,0.158916,0.041832,0.000000,0.000000,0.269573
320,3.5936,Link_03,0.000000,-0.199318,0.116879,0.031536,0.000000,0.000000,0.231059
320,3.5936,Link_04,0.000000,-0.172312,0.085946,0.022234,0.000000,0.000000,0.192557
320,3.5936,Link_05,0.000000,-0.140516,0.063159,0.014342,0.000000,0.000000,0.154058
320,3.5936,Link_06,0.000000,-0.106302,0.045310,0.008089,0.000000,0.000000,0.115556
320,3.5936,Link_07,0.000000,-0.071061,0.029775,0.003589,0.000000,0.000000,0.077047
320,3.5936,Link_08,0.000000,-0.035536,0.014887,0.000888,0.000000,0.000000,0.038528
330,3.7074,Trunk_02,0.000000,-0.003726,0.616325,0.054288,0.000000,0.000000,0.616337
330,3.7074,Trunk_03,0.000000,-0.000803,0.154092,0.000020,0.000000,0.000000,0.154094
330,3.7074,Link_01,0.000000,-0.225178,0.210358,0.052613,0.000000,0.000000,0.308149
330,3.7074,Link_02,0.000000,-0.217848,0.158873,0.041860,0.000000,0.000000,0.269627
330,3.7074,Link_03,0.000000,-0.199420,0.116809,0.031558,0.000000,0.000000,0.231112
330,3.7074,Link_04,0.000000,-0.172409,0.085865,0.022250,0.000000,0.000000,0.192608
330,3.7074,Link_05,0.000000,-0.140603,0.063083,0.014353,0.000000,0.000000,0.154106
330,3.7074,Link_06,0.000000,-0.106374,0.045248,0.008095,0.000000,0.000000,0.115597
330,3.7074,Link_07,0.000000,-0.071112,0.029733,0.003592,0.000000,0.000000,0.077078
330,3.7074,Link_08,0.000000,-0.035563,0.014865,0.000889,0.000000,0.000000,0.038545
340,3.8196,Trunk_02,0.000000,-0.003537,0.615980,0.054149,0.000000,0.000000,0.615990
340,3.8196,Trunk_03,0.000000,-0.000799,0.154092,0.000020,0.000000,0.000000,0.154094
340,3.8196,Link_01,0.000000,-0.224788,0.210268,0.052481,0.000000,0.000000,0.307802
340,3.8196,Link_02,0.000000,-0.217402,0.158898,0.041747,0.000000,0.000000,0.269281
340,3.8196,Link_03,0.000000,-0.198959,0.116922,0.031467,0.000000,0.000000,0.230771
340,3.8196,Link_04,0.000000,-0.171966,0.086019,0.022182,0.000000,0.000000,0.192280
340,3.8196,Link_05,0.000000,-0.140203,0.063237,0.014306,0.000000,0.000000,0.153805
340,3.8196,Link_06,0.000000,-0.106040,0.045376,0.008068,0.000000,0.000000,0.115341
340,3.8196,Link_07,0.000000,-0.070867,0.029822,0.003579,0.000000,0.000000,0.076886
340,3.8196,Link_08,0.000000,-0.035429,0.014910,0.000886,0.000000,0.000000,0.038439
350,3.9379,Trunk_02,0.000000,-0.003512,0.615968,0.054136,0.000000,0.000000,0.615978
350,3.9379,Trunk_03,0.000000,-0.000799,0.154092,0.000020,0.000000,0.000000,0.154094
350,3.9379,Link_01,0.000000,-0.224760,0.210280,0.052468,0.000000,0.000000,0.307790
350,3.9379,Link_02,0.000000,-0.217367,0.158926,0.041736,0.000000,0.000000,0.269269
350,3.9379,Link_03,0.000000,-0.198921,0.116962,0.031459,0.000000,0.000000,0.230759
350,3.9379,Link_04,0.000000,-0.171931,0.086063,0.022176,0.000000,0.000000,0.192268
350,3.9379,Link_05,0.000000,-0.140173,0.063279,0.014302,0.000000,0.000000,0.153794
350,3.9379,Link_06,0.000000,-0.106016,0.045410,0.008065,0.000000,0.000000,0.115332
350,3.9379,Link_07,0.000000,-0.070850,0.029844,0.003578,0.000000,0.000000,0.076879
350,3.9379,Link_08,0.000000,-0.035421,0.014921,0.000885,0.000000,0.000000,0.038435
360,4.0554,Trunk_02,0.000000,-0.003643,0.616208,0.054233,0.000000,0.000000,0.616219
360,4.0554,Trunk_03,0.000000,-0.000801,0.154092,0.000020,0.000000,0.000000,0.154094
360,4.0554,Link_01,0.000000,-0.225032,0.210341,0.052561,0.000000,0.000000,0.308031
360,4.0554,Link_02,0.000000,-0.217677,0.158908,0.041815,0.000000,0.000000,0.269509
360,4.0554,Link_03,0.000000,-0.199244,0.116882,0.031522,0.000000,0.000000,0.230997
360,4.0554,Link_04,0.000000,-0.172241,0.085954,0.022224,0.000000,0.000000,0.192497
360,4.0554,Link_05,0.000000,-0.140453,0.063169,0.014335,0.000000,0.000000,0.154004
360,4.0554,Link_06,0.000000,-0.106249,0.045319,0.008085,0.000000,0.000000,0.115510
360,4.0554,Link_07,0.000000,-0.071021,0.029782,0.003587,0.000000,0.000000,0.077013
360,4.0554,Link_08,0.000000,-0.035514,0.014890,0.000888,0.000000,0.000000,0.038509
370,4.1695,Trunk_02,0.000000,-0.003652,0.616199,0.054235,0.000000,0.000000,0.616210
370,4.1695,Trunk_03,0.000000,-0.000801,0.154092,0.000020,0.000000,0.000000,0.154094
370,4.1695,Link_01,0.000000,-0.225032,0.210329,0.052563,0.000000,0.000000,0.308022
370,4.1695,Link_02,0.000000,-0.217680,0.158889,0.041817,0.000000,0.000000,0.269500
370,4.1695,Link_03,0.000000,-0.199247,0.116859,0.031523,0.000000,0.000000,0.230988
370,4.1695,Link_04,0.000000,-0.172242,0.085931,0.022224,0.000000,0.000000,0.192488
370,4.1695,Link_05,0.000000,-0.140452,0.063148,0.014335,0.000000,0.000000,0.153995
370,4.1695,Link_06,0.000000,-0.106248,0.045302,0.008085,0.000000,0.000000,0.115503
370,4.1695,Link_07,0.000000,-0.071020,0.029770,0.003587,0.000000,0.000000,0.077007
370,4.1695,Link_08,0.000000,-0.035513,0.014884,0.000888,0.000000,0.000000,0.038506
380,4.2788,Trunk_02,0.000000,-0.003560,0.616034,0.054168,0.000000,0.000000,0.616045
380,4.2788,Trunk_03,0.000000,-0.000800,0.154092,0.000020,0.000000,0.000000,0.154094
380,4.2788,Link_01,0.000000,-0.224844,0.210287,0.052499,0.000000,0.000000,0.307857
380,4.2788,Link_02,0.000000,-0.217466,0.158903,0.041763,0.000000,0.000000,0.269335
380,4.2788,Link_03,0.000000,-0.199024,0.116917,0.031480,0.000000,0.000000,0.230825
380,4.2788,Link_04,0.000000,-0.172029,0.086008,0.022192,0.000000,0.000000,0.192331
380,4.2788,Link_05,0.000000,-0.140260,0.063225,0.014313,0.000000,0.000000,0.153852
380,4.2788,Link_06,0.000000,-0.106089,0.045366,0.008072,0.000000,0.000000,0.115381
380,4.2788,Link_07,0.000000,-0.070903,0.029814,0.003581,0.000000,0.000000,0.076916
380,4.2788,Link_08,0.000000,-0.035450,0.014906,0.000886,0.000000,0.000000,0.038456
390,4.3877,Trunk_02,0.000000,-0.003560,0.616052,0.054171,0.000000,0.000000,0.616062
390,4.3877,Trunk_03,0.000000,-0.000799,0.154092,0.000020,0.000000,0.000000,0.154094
390,4.3877,Link_01,0.000000,-0.224857,0.210299,0.052502,0.000000,0.000000,0.307874
390,4.3877,Link_02,0.000000,-0.217478,0.158915,0.041765,0.000000,0.000000,0.269353
390,4.3877,Link_03,0.000000,-0.199037,0.116928,0.031482,0.000000,0.000000,0.230842
390,4.3877,Link_04,0.000000,-0.172042,0.086019,0.022193,0.000000,0.000000,0.192348
390,4.3877,Link_05,0.000000,-0.140273,0.063235,0.014314,0.000000,0.000000,0.153867
390,4.3877,Link_06,0.000000,-0.106099,0.045373,0.008072,0.000000,0.000000,0.115394
390,4.3877,Link_07,0.000000,-0.070911,0.029819,0.003581,0.000000,0.000000,0.076925
390,4.3877,Link_08,0.000000,-0.035454,0.014909,0.000886,0.000000,0.000000,0.038461
400,4.4955,Trunk_02,0.000000,-0.003624,0.616164,0.054217,0.000000,0.000000,0.616175
400,4.4955,Trunk_03,0.000000,-0.000800,0.154092,0.000020,0.000000,0.000000,0.154094
400,4.4955,Link_01,0.000000,-0.224986,0.210326,0.052546,0.000000,0.000000,0.307987
400,4.4955,Link_02,0.000000,-0.217625,0.158904,0.041802,0.000000,0.000000,0.269465
400,4.4955,Link_03,0.000000,-0.199190,0.116888,0.031511,0.000000,0.000000,0.230953
400,4.4955,Link_04,0.000000,-0.172188,0.085965,0.022216,0.000000,0.000000,0.192454
400,4.4955,Link_05,0.000000,-0.140404,0.063181,0.014329,0.000000,0.000000,0.153964
400,4.4955,Link_06,0.000000,-0.106208,0.045329,0.008081,0.000000,0.000000,0.115477
400,4.4955,Link_07,0.000000,-0.070991,0.029788,0.003585,0.000000,0.000000,0.076988
400,4.4955,Link_08,0.000000,-0.035498,0.014893,0.000887,0.000000,0.000000,0.038496
410,4.6065,Trunk_02,0.000000,-0.003619,0.616145,0.054212,0.000000,0.000000,0.616155
410,4.6065,Trunk_03,0.000000,-0.000800,0.154092,0.000020,0.000000,0.000000,0.154094
410,4.6065,Link_01,0.000000,-0.224968,0.210317,0.052541,0.000000,0.000000,0.307967
410,4.6065,Link_02,0.000000,-0.217607,0.158897,0.041798,0.000000,0.000000,0.269446
410,4.6065,Link_03,0.000000,-0.199171,0.116883,0.031508,0.000000,0.000000,0.230934
410,4.6065,Link_04,0.000000,-0.172170,0.085961,0.022213,0.000000,0.000000,0.192436
410,4.6065,Link_05,0.000000,-0.140387,0.063178,0.014328,0.000000,0.000000,0.153948
410,4.6065,Link_06,0.000000,-0.106195,0.045326,0.008080,0.000000,0.000000,0.115463
410,4.6065,Link_07,0.000000,-0.070981,0.029787,0.003585,0.000000,0.000000,0.076978
410,4.6065,Link_08,0.000000,-0.035492,0.014893,0.000887,0.000000,0.000000,0.038490
420,4.7299,Trunk_02,0.000000,-0.003575,0.616067,0.054180,0.000000,0.000000,0.616078
420,4.7299,Trunk_03,0.000000,-0.000799,0.154092,0.000020,0.000000,0.000000,0.154094
420,4.7299,Link_01,0.000000,-0.224879,0.210299,0.052511,0.000000,0.000000,0.307890
420,4.7299,Link_02,0.000000,-0.217505,0.158905,0.041773,0.000000,0.000000,0.269368
420,4.7299,Link_03,0.000000,-0.199065,0.116911,0.031488,0.000000,0.000000,0.230857
420,4.7299,Link_04,0.000000,-0.172069,0.085999,0.022198,0.000000,0.000000,0.192363
420,4.7299,Link_05,0.000000,-0.140297,0.063215,0.014317,0.000000,0.000000,0.153881
420,4.7299,Link_06,0.000000,-0.106120,0.045358,0.008074,0.000000,0.000000,0.115407
420,4.7299,Link_07,0.000000,-0.070927,0.029808,0.003582,0.000000,0.000000,0.076936
420,4.7299,Link_08,0.000000,-0.035462,0.014903,0.000887,0.000000,0.000000,0.038467
430,4.8370,Trunk_02,0.000000,-0.003584,0.616089,0.054187,0.000000,0.000000,0.616100
430,4.8370,Trunk_03,0.000000,-0.000800,0.154092,0.000020,0.000000,0.000000,0.154094
430,4.8370,Link_01,0.000000,-0.224902,0.210306,0.052517,0.000000,0.000000,0.307911
430,4.8370,Link_02,0.000000,-0.217530,0.158909,0.041778,0.000000,0.000000,0.269390
430,4.8370,Link_03,0.000000,-0.199090,0.116911,0.031492,0.000000,0.000000,0.230879
430,4.8370,Link_04,0.000000,-0.172092,0.085997,0.022201,0.000000,0.000000,0.192383
430,4.8370,Link_05,0.000000,-0.140317,0.063214,0.014319,0.000000,0.000000,0.153899
430,4.8370,Link_06,0.000000,-0.106135,0.045356,0.008075,0.000000,0.000000,0.115420
430,4.8370,Link_07,0.000000,-0.070937,0.029807,0.003582,0.000000,0.000000,0.076945
430,4.8370,Link_08,0.000000,-0.035467,0.014903,0.000887,0.000000,0.000000,0.038471
440,4.9470,Trunk_02,0.000000,-0.003612,0.616138,0.054207,0.000000,0.000000,0.616148
440,4.9470,Trunk_03,0.000000,-0.000801,0.154092,0.000020,0.000000,0.000000,0.154094
440,4.9470,Link_01,0.000000,-0.224957,0.210318,0.052536,0.000000,0.000000,0.307960
440,4.9470,Link_02,0.000000,-0.217593,0.158903,0.041794,0.000000,0.000000,0.269438
440,4.9470,Link_03,0.000000,-0.199156,0.116892,0.031505,0.000000,0.000000,0.230927
440,4.9470,Link_04,0.000000,-0.172156,0.085973,0.022211,0.000000,0.000000,0.192429
440,4.9470,Link_05,0.000000,-0.140375,0.063189,0.014326,0.000000,0.000000,0.153942
440,4.9470,Link_06,0.000000,-0.106184,0.045335,0.008079,0.000000,0.000000,0.115457
440,4.9470,Link_07,0.000000,-0.070973,0.029793,0.003584,0.000000,0.000000,0.076973
440,4.9470,Link_08,0.000000,-0.035488,0.014896,0.000887,0.000000,0.000000,0.038487
450,5.0583,Trunk_02,0.000000,-0.003604,0.616122,0.054202,0.000000,0.000000,0.616132
450,5.0583,Trunk_03,0.000000,-0.000800,0.154092,0.000020,0.000000,0.000000,0.154094
450,5.0583,Link_01,0.000000,-0.224941,0.210312,0.052531,0.000000,0.000000,0.307944
450,5.0583,Link_02,0.000000,-0.217575,0.158901,0.041790,0.000000,0.000000,0.269423
450,5.0583,Link_03,0.000000,-0.199138,0.116894,0.031502,0.000000,0.000000,0.230911
450,5.0583,Link_04,0.000000,-0.172139,0.085975,0.022208,0.000000,0.000000,0.192414
450,5.0583,Link_05,0.000000,-0.140359,0.063191,0.014324,0.000000,0.000000,0.153928
450,5.0583,Link_06,0.000000,-0.106171,0.045337,0.008078,0.000000,0.000000,0.115446
450,5.0583,Link_07,0.000000,-0.070964,0.029795,0.003584,0.000000,0.000000,0.076965
450,5.0583,Link_08,0.000000,-0.035483,0.014896,0.000887,0.000000,0.000000,0.038483
460,5.1662,Trunk_02,0.000000,-0.003586,0.616088,0.054188,0.000000,0.000000,0.616098
460,5.1662,Trunk_03,0.000000,-0.000800,0.154092,0.000020,0.000000,0.000000,0.154094
460,5.1662,Link_01,0.000000,-0.224902,0.210304,0.052518,0.000000,0.000000,0.307910
460,5.1662,Link_02,0.000000,-0.217530,0.158905,0.041779,0.000000,0.000000,0.269389
460,5.1662,Link_03,0.000000,-0.199092,0.116906,0.031492,0.000000,0.000000,0.230878
460,5.1662,Link_04,0.000000,-0.172094,0.085992,0.022202,0.000000,0.000000,0.192382
460,5.1662,Link_05,0.000000,-0.140319,0.063208,0.014320,0.000000,0.000000,0.153899
460,5.1662,Link_06,0.000000,-0.106138,0.045352,0.008075,0.000000,0.000000,0.115421
460,5.1662,Link_07,0.000000,-0.070939,0.029804,0.003582,0.000000,0.000000,0.076945
460,5.1662,Link_08,0.000000,-0.035469,0.014901,0.000887,0.000000,0.000000,0.038472
470,5.2767,Trunk_02,0.000000,-0.003592,0.616102,0.054193,0.000000,0.000000,0.616112
470,5.2767,Trunk_03,0.000000,-0.000800,0.154092,0.000020,0.000000,0.000000,0.154094
470,5.2767,Link_01,0.000000,-0.224916,0.210309,0.052522,0.000000,0.000000,0.307924
470,5.2767,Link_02,0.000000,-0.217547,0.158906,0.041782,0.000000,0.000000,0.269403
470,5.2767,Link_03,0.000000,-0.199108,0.116905,0.031495,0.000000,0.000000,0.230891
470,5.2767,Link_04,0.000000,-0.172110,0.085989,0.022204,0.000000,0.000000,0.192395
470,5.2767,Link_05,0.000000,-0.140333,0.063206,0.014321,0.000000,0.000000,0.153910
470,5.2767,Link_06,0.000000,-0.106149,0.045349,0.008076,0.000000,0.000000,0.115430
470,5.2767,Link_07,0.000000,-0.070947,0.029803,0.003583,0.000000,0.000000,0.076953
470,5.2767,Link_08,0.000000,-0.035473,0.014900,0.000887,0.000000,0.000000,0.038476
480,5.3889,Trunk_02,0.000000,-0.003603,0.616123,0.054202,0.000000,0.000000,0.616134
480,5.3889,Trunk_03,0.000000,-0.000800,0.154092,0.000020,0.000000,0.000000,0.154094
480,5.3889,Link_01,0.000000,-0.224941,0.210314,0.052531,0.000000,0.000000,0.307945
480,5.3889,Link_02,0.000000,-0.217575,0.158904,0.041790,0.000000,0.000000,0.269424
480,5.3889,Link_03,0.000000,-0.199138,0.116896,0.031502,0.000000,0.000000,0.230912
480,5.3889,Link_04,0.000000,-0.172138,0.085978,0.022208,0.000000,0.000000,0.192416
480,5.3889,Link_05,0.000000,-0.140359,0.063194,0.014324,0.000000,0.000000,0.153929
480,5.3889,Link_06,0.000000,-0.106171,0.045340,0.008078,0.000000,0.000000,0.115447
480,5.3889,Link_07,0.000000,-0.070964,0.029796,0.003584,0.000000,0.000000,0.076966
480,5.3889,Link_08,0.000000,-0.035483,0.014897,0.000887,0.000000,0.000000,0.038483
490,5.5011,Trunk_02,0.000000,-0.003598,0.616112,0.054198,0.000000,0.000000,0.616123
490,5.5011,Trunk_03,0.000000,-0.000800,0.154092,0.000020,0.000000,0.000000,0.154094
490,5.5011,Link_01,0.000000,-0.224929,0.210311,0.052528,0.000000,0.000000,0.307935
490,5.5011,Link_02,0.000000,-0.217562,0.158903,0.041787,0.000000,0.000000,0.269413
490,5.5011,Link_03,0.000000,-0.199124,0.116898,0.031499,0.000000,0.000000,0.230902
490,5.5011,Link_04,0.000000,-0.172126,0.085981,0.022207,0.000000,0.000000,0.192406
490,5.5011,Link_05,0.000000,-0.140348,0.063197,0.014323,0.000000,0.000000,0.153920
490,5.5011,Link_06,0.000000,-0.106162,0.045342,0.008078,0.000000,0.000000,0.115440
490,5.5011,Link_07,0.000000,-0.070957,0.029798,0.003583,0.000000,0.000000,0.076960
490,5.5011,Link_08,0.000000,-0.035479,0.014898,0.000887,0.000000,0.000000,0.038480
500,5.6149,Trunk_02,0.000000,-0.003591,0.616099,0.054192,0.000000,0.000000,0.616109
500,5.6149,Trunk_03,0.000000,-0.000800,0.154092,0.000020,0.000000,0.000000,0.154094
500,5.6149,Link_01,0.000000,-0.224914,0.210308,0.052522,0.000000,0.000000,0.307921
500,5.6149,Link_02,0.000000,-0.217544,0.158905,0.041782,0.000000,0.000000,0.269400
500,5.6149,Link_03,0.000000,-0.199106,0.116904,0.031495,0.000000,0.000000,0.230888
500,5.6149,Link_04,0.000000,-0.172107,0.085988,0.022204,0.000000,0.000000,0.192393
500,5.6149,Link_05,0.000000,-0.140331,0.063204,0.014321,0.000000,0.000000,0.153908
500,5.6149,Link_06,0.000000,-0.106147,0.045349,0.008076,0.000000,0.000000,0.115429
500,5.6149,Link_07,0.000000,-0.070946,0.029802,0.003583,0.000000,0.000000,0.076951
500,5.6149,Link_08,0.000000,-0.035473,0.014900,0.000887,0.000000,0.000000,0.038475
510,5.7236,Trunk_02,0.000000,-0.003595,0.616108,0.054195,0.000000,0.000000,0.616118
510,5.7236,Trunk_03,0.000000,-0.000800,0.154092,0.000020,0.000000,0.000000,0.154094
510,5.7236,Link_01,0.000000,-0.224923,0.210310,0.052525,0.000000,0.000000,0.307930
510,5.7236,Link_02,0.000000,-0.217555,0.158906,0.041785,0.000000,0.000000,0.269409
510,5.7236,Link_03,0.000000,-0.199117,0.116902,0.031497,0.000000,0.000000,0.230897
510,5.7236,Link_04,0.000000,-0.172118,0.085986,0.022205,0.000000,0.000000,0.192401
510,5.7236,Link_05,0.000000,-0.140341,0.063202,0.014322,0.000000,0.000000,0.153915
510,5.7236,Link_06,0.000000,-0.106155,0.045346,0.008077,0.000000,0.000000,0.115435
510,5.7236,Link_07,0.000000,-0.070952,0.029801,0.003583,0.000000,0.000000,0.076956
510,5.7236,Link_08,0.000000,-0.035476,0.014899,0.000887,0.000000,0.000000,0.038478
520,5.8339,Trunk_02,0.000000,-0.003601,0.616116,0.054199,0.000000,0.000000,0.616126
520,5.8339,Trunk_03,0.000000,-0.000800,0.154092,0.000020,0.000000,0.000000,0.154094
520,5.8339,Link_01,0.000000,-0.224933,0.210312,0.052528,0.000000,0.000000,0.307938
520,5.8339,Link_02,0.000000,-0.217566,0.158904,0.041788,0.000000,0.000000,0.269417
520,5.8339,Link_03,0.000000,-0.199128,0.116898,0.031500,0.000000,0.000000,0.230905
520,5.8339,Link_04,0.000000,-0.172129,0.085980,0.022207,0.000000,0.000000,0.192409
520,5.8339,Link_05,0.000000,-0.140351,0.063197,0.014323,0.000000,0.000000,0.153923
520,5.8339,Link_06,0.000000,-0.106164,0.045342,0.008078,0.000000,0.000000,0.115441
520,5.8339,Link_07,0.000000,-0.070958,0.029798,0.003583,0.000000,0.000000,0.076961
520,5.8339,Link_08,0.000000,-0.035480,0.014898,0.000887,0.000000,0.000000,0.038481
530,5.9464,Trunk_02,0.000000,-0.003599,0.616110,0.054197,0.000000,0.000000,0.616121
530,5.9464,Trunk_03,0.000000,-0.000800,0.154092,0.000020,0.000000,0.000000,0.154094
530,5.9464,Link_01,0.000000,-0.224927,0.210310,0.052526,0.000000,0.000000,0.307933
530,5.9464,Link_02,0.000000,-0.217560,0.158903,0.041786,0.000000,0.000000,0.269411
530,5.9464,Link_03,0.000000,-0.199121,0.116899,0.031498,0.000000,0.000000,0.230899
530,5.9464,Link_04,0.000000,-0.172122,0.085982,0.022206,0.000000,0.000000,0.192403
530,5.9464,Link_05,0.000000,-0.140344,0.063198,0.014323,0.000000,0.000000,0.153917
530,5.9464,Link_06,0.000000,-0.106158,0.045344,0.008077,0.000000,0.000000,0.115437
530,5.9464,Link_07,0.000000,-0.070954,0.029799,0.003583,0.000000,0.000000,0.076958
530,5.9464,Link_08,0.000000,-0.035477,0.014898,0.000887,0.000000,0.000000,0.038479
540,6.0607,Trunk_02,0.000000,-0.003593,0.616105,0.054194,0.000000,0.000000,0.616115
540,6.0607,Trunk_03,0.000000,-0.000800,0.154092,0.000020,0.000000,0.000000,0.154094
540,6.0607,Link_01,0.000000,-0.224920,0.210309,0.052524,0.000000,0.000000,0.307927
540,6.0607,Link_02,0.000000,-0.217551,0.158905,0.041784,0.000000,0.000000,0.269405
540,6.0607,Link_03,0.000000,-0.199113,0.116902,0.031497,0.000000,0.000000,0.230894
540,6.0607,Link_04,0.000000,-0.172115,0.085985,0.022205,0.000000,0.000000,0.192398
540,6.0607,Link_05,0.000000,-0.140338,0.063202,0.014322,0.000000,0.000000,0.153913
540,6.0607,Link_06,0.000000,-0.106153,0.045347,0.008077,0.000000,0.000000,0.115433
540,6.0607,Link_07,0.000000,-0.070951,0.029801,0.003583,0.000000,0.000000,0.076955
540,6.0607,Link_08,0.000000,-0.035475,0.014899,0.000887,0.000000,0.000000,0.038477
550,6.1776,Trunk_02,0.000000,-0.003597,0.616108,0.054196,0.000000,0.000000,0.616118
550,6.1776,Trunk_03,0.000000,-0.000800,0.154092,0.000020,0.000000,0.000000,0.154094
550,6.1776,Link_01,0.000000,-0.224924,0.210310,0.052525,0.000000,0.000000,0.307930
550,6.1776,Link_02,0.000000,-0.217555,0.158905,0.041785,0.000000,0.000000,0.269409
550,6.1776,Link_03,0.000000,-0.199117,0.116901,0.031497,0.000000,0.000000,0.230897
550,6.1776,Link_04,0.000000,-0.172119,0.085984,0.022205,0.000000,0.000000,0.192401
550,6.1776,Link_05,0.000000,-0.140341,0.063201,0.014322,0.000000,0.000000,0.153915
550,6.1776,Link_06,0.000000,-0.106156,0.045346,0.008077,0.000000,0.000000,0.115435
550,6.1776,Link_07,0.000000,-0.070952,0.029800,0.003583,0.000000,0.000000,0.076956
550,6.1776,Link_08,0.000000,-0.035477,0.014899,0.000887,0.000000,0.000000,0.038478
560,6.2956,Trunk_02,0.000000,-0.003596,0.616111,0.054197,0.000000,0.000000,0.616121
560,6.2956,Trunk_03,0.000000,-0.000799,0.154092,0.000020,0.000000,0.000000,0.154094
560,6.2956,Link_01,0.000000,-0.224927,0.210312,0.052527,0.000000,0.000000,0.307933
560,6.2956,Link_02,0.000000,-0.217559,0.158905,0.041786,0.000000,0.000000,0.269412
560,6.2956,Link_03,0.000000,-0.199122,0.116900,0.031498,0.000000,0.000000,0.230901
560,6.2956,Link_04,0.000000,-0.172123,0.085983,0.022206,0.000000,0.000000,0.192404
560,6.2956,Link_05,0.000000,-0.140346,0.063200,0.014323,0.000000,0.000000,0.153919
560,6.2956,Link_06,0.000000,-0.106160,0.045344,0.008077,0.000000,0.000000,0.115439
560,6.2956,Link_07,0.000000,-0.070956,0.029799,0.003583,0.000000,0.000000,0.076959
560,6.2956,Link_08,0.000000,-0.035478,0.014899,0.000887,0.000000,0.000000,0.038479
570,6.4094,Trunk_02,0.000000,-0.003596,0.616110,0.054197,0.000000,0.000000,0.616121
570,6.4094,Trunk_03,0.000000,-0.000799,0.154092,0.000020,0.000000,0.000000,0.154094
570,6.4094,Link_01,0.000000,-0.224926,0.210311,0.052526,0.000000,0.000000,0.307932
570,6.4094,Link_02,0.000000,-0.217558,0.158904,0.041786,0.000000,0.000000,0.269411
570,6.4094,Link_03,0.000000,-0.199121,0.116900,0.031498,0.000000,0.000000,0.230900
570,6.4094,Link_04,0.000000,-0.172122,0.085983,0.022206,0.000000,0.000000,0.192403
570,6.4094,Link_05,0.000000,-0.140344,0.063199,0.014323,0.000000,0.000000,0.153918
570,6.4094,Link_06,0.000000,-0.106158,0.045345,0.008077,0.000000,0.000000,0.115437
570,6.4094,Link_07,0.000000,-0.070954,0.029799,0.003583,0.000000,0.000000,0.076958
570,6.4094,Link_08,0.000000,-0.035477,0.014899,0.000887,0.000000,0.000000,0.038479
580,6.5277,Trunk_02,0.000000,-0.003595,0.616107,0.054196,0.000000,0.000000,0.616118
580,6.5277,Trunk_03,0.000000,-0.000800,0.154092,0.000020,0.000000,0.000000,0.154094
580,6.5277,Link_01,0.000000,-0.224923,0.210310,0.052525,0.000000,0.000000,0.307930
580,6.5277,Link_02,0.000000,-0.217555,0.158905,0.041785,0.000000,0.000000,0.269408
580,6.5277,Link_03,0.000000,-0.199117,0.116901,0.031498,0.000000,0.000000,0.230897
580,6.5277,Link_04,0.000000,-0.172119,0.085984,0.022205,0.000000,0.000000,0.192401
580,6.5277,Link_05,0.000000,-0.140342,0.063201,0.014322,0.000000,0.000000,0.153916
580,6.5277,Link_06,0.000000,-0.106156,0.045346,0.008077,0.000000,0.000000,0.115435
580,6.5277,Link_07,0.000000,-0.070953,0.029800,0.003583,0.000000,0.000000,0.076957
580,6.5277,Link_08,0.000000,-0.035477,0.014899,0.000887,0.000000,0.000000,0.038478
590,6.6441,Trunk_02,0.000000,-0.003597,0.616109,0.054196,0.000000,0.000000,0.616119
590,6.6441,Trunk_03,0.000000,-0.000800,0.154092,0.000020,0.000000,0.000000,0.154094
590,6.6441,Link_01,0.000000,-0.224925,0.210310,0.052526,0.000000,0.000000,0.307931
590,6.6441,Link_02,0.000000,-0.217557,0.158904,0.041785,0.000000,0.000000,0.269410
590,6.6441,Link_03,0.000000,-0.199119,0.116901,0.031498,0.000000,0.000000,0.230898
590,6.6441,Link_04,0.000000,-0.172120,0.085984,0.022205,0.000000,0.000000,0.192402
590,6.6441,Link_05,0.000000,-0.140342,0.063200,0.014322,0.000000,0.000000,0.153916
590,6.6441,Link_06,0.000000,-0.106157,0.045345,0.008077,0.000000,0.000000,0.115436
590,6.6441,Link_07,0.000000,-0.070953,0.029800,0.003583,0.000000,0.000000,0.076957
590,6.6441,Link_08,0.000000,-0.035477,0.014899,0.000887,0.000000,0.000000,0.038478
600,6.7557,Trunk_02,0.000000,-0.003597,0.616110,0.054196,0.000000,0.000000,0.616121
600,6.7557,Trunk_03,0.000000,-0.000800,0.154092,0.000020,0.000000,0.000000,0.154094
600,6.7557,Link_01,0.000000,-0.224927,0.210311,0.052526,0.000000,0.000000,0.307933
600,6.7557,Link_02,0.000000,-0.217559,0.158904,0.041786,0.000000,0.000000,0.269411
600,6.7557,Link_03,0.000000,-0.199121,0.116900,0.031498,0.000000,0.000000,0.230900
600,6.7557,Link_04,0.000000,-0.172122,0.085983,0.022206,0.000000,0.000000,0.192403
600,6.7557,Link_05,0.000000,-0.140344,0.063200,0.014322,0.000000,0.000000,0.153917
600,6.7557,Link_06,0.000000,-0.106158,0.045345,0.008077,0.000000,0.000000,0.115437
600,6.7557,Link_07,0.000000,-0.070954,0.029799,0.003583,0.000000,0.000000,0.076957
600,6.7557,Link_08,0.000000,-0.035477,0.014899,0.000887,0.000000,0.000000,0.038478
610,6.8671,Trunk_02,0.000000,-0.003597,0.616109,0.054196,0.000000,0.000000,0.616120
610,6.8671,Trunk_03,0.000000,-0.000800,0.154092,0.000020,0.000000,0.000000,0.154094
610,6.8671,Link_01,0.000000,-0.224925,0.210310,0.052526,0.000000,0.000000,0.307932
610,6.8671,Link_02,0.000000,-0.217558,0.158904,0.041786,0.000000,0.000000,0.269410
610,6.8671,Link_03,0.000000,-0.199120,0.116900,0.031498,0.000000,0.000000,0.230899
610,6.8671,Link_04,0.000000,-0.172121,0.085983,0.022206,0.000000,0.000000,0.192403
610,6.8671,Link_05,0.000000,-0.140344,0.063200,0.014323,0.000000,0.000000,0.153917
610,6.8671,Link_06,0.000000,-0.106158,0.045345,0.008077,0.000000,0.000000,0.115437
610,6.8671,Link_07,0.000000,-0.070954,0.029799,0.003583,0.000000,0.000000,0.076958
610,6.8671,Link_08,0.000000,-0.035477,0.014899,0.000887,0.000000,0.000000,0.038479
620,6.9791,Trunk_02,0.000000,-0.003597,0.616109,0.054196,0.000000,0.000000,0.616120
620,6.9791,Trunk_03,0.000000,-0.000800,0.154092,0.000020,0.000000,0.000000,0.154094
620,6.9791,Link_01,0.000000,-0.224925,0.210310,0.052526,0.000000,0.000000,0.307931
620,6.9791,Link_02,0.000000,-0.217557,0.158904,0.041785,0.000000,0.000000,0.269410
620,6.9791,Link_03,0.000000,-0.199119,0.116900,0.031498,0.000000,0.000000,0.230899
620,6.9791,Link_04,0.000000,-0.172120,0.085983,0.022206,0.000000,0.000000,0.192402
620,6.9791,Link_05,0.000000,-0.140342,0.063200,0.014322,0.000000,0.000000,0.153916
620,6.9791,Link_06,0.000000,-0.106157,0.045345,0.008077,0.000000,0.000000,0.115436
620,6.9791,Link_07,0.000000,-0.070953,0.029800,0.003583,0.000000,0.000000,0.076957
620,6.9791,Link_08,0.000000,-0.035477,0.014899,0.000887,0.000000,0.000000,0.038478
630,7.0900,Trunk_02,0.000000,-0.003595,0.616108,0.054196,0.000000,0.000000,0.616118
630,7.0900,Trunk_03,0.000000,-0.000799,0.154092,0.000020,0.000000,0.000000,0.154094
630,7.0900,Link_01,0.000000,-0.224923,0.210310,0.052525,0.000000,0.000000,0.307930
630,7.0900,Link_02,0.000000,-0.217556,0.158905,0.041785,0.000000,0.000000,0.269409
630,7.0900,Link_03,0.000000,-0.199118,0.116901,0.031498,0.000000,0.000000,0.230897
630,7.0900,Link_04,0.000000,-0.172119,0.085984,0.022205,0.000000,0.000000,0.192401
630,7.0900,Link_05,0.000000,-0.140342,0.063200,0.014322,0.000000,0.000000,0.153916
630,7.0900,Link_06,0.000000,-0.106157,0.045345,0.008077,0.000000,0.000000,0.115436
630,7.0900,Link_07,0.000000,-0.070953,0.029800,0.003583,0.000000,0.000000,0.076957
630,7.0900,Link_08,0.000000,-0.035477,0.014899,0.000887,0.000000,0.000000,0.038478
640,7.1995,Trunk_02,0.000000,-0.003596,0.616109,0.054196,0.000000,0.000000,0.616119
640,7.1995,Trunk_03,0.000000,-0.000800,0.154092,0.000020,0.000000,0.000000,0.154094
640,7.1995,Link_01,0.000000,-0.224924,0.210311,0.052526,0.000000,0.000000,0.307931
640,7.1995,Link_02,0.000000,-0.217557,0.158905,0.041785,0.000000,0.000000,0.269410
640,7.1995,Link_03,0.000000,-0.199119,0.116901,0.031498,0.000000,0.000000,0.230898
640,7.1995,Link_04,0.000000,-0.172120,0.085984,0.022206,0.000000,0.000000,0.192402
640,7.1995,Link_05,0.000000,-0.140343,0.063200,0.014322,0.000000,0.000000,0.153917
640,7.1995,Link_06,0.000000,-0.106158,0.045345,0.008077,0.000000,0.000000,0.115437
640,7.1995,Link_07,0.000000,-0.070954,0.029800,0.003583,0.000000,0.000000,0.076958
640,7.1995,Link_08,0.000000,-0.035477,0.014899,0.000887,0.000000,0.000000,0.038479
650,7.3078,Trunk_02,0.000000,-0.003596,0.616109,0.054196,0.000000,0.000000,0.616120
650,7.3078,Trunk_03,0.000000,-0.000799,0.154092,0.000020,0.000000,0.000000,0.154094
650,7.3078,Link_01,0.000000,-0.224926,0.210311,0.052526,0.000000,0.000000,0.307932
650,7.3078,Link_02,0.000000,-0.217558,0.158904,0.041785,0.000000,0.000000,0.269410
650,7.3078,Link_03,0.000000,-0.199120,0.116900,0.031498,0.000000,0.000000,0.230899
650,7.3078,Link_04,0.000000,-0.172121,0.085983,0.022206,0.000000,0.000000,0.192403
650,7.3078,Link_05,0.000000,-0.140344,0.063200,0.014322,0.000000,0.000000,0.153917
650,7.3078,Link_06,0.000000,-0.106158,0.045345,0.008077,0.000000,0.000000,0.115437
650,7.3078,Link_07,0.000000,-0.070954,0.029800,0.003583,0.000000,0.000000,0.076957
650,7.3078,Link_08,0.000000,-0.035477,0.014899,0.000887,0.000000,0.000000,0.038479
660,7.4169,Trunk_02,0.000000,-0.003595,0.616109,0.054196,0.000000,0.000000,0.616119
660,7.4169,Trunk_03,0.000000,-0.000800,0.154092,0.000020,0.000000,0.000000,0.154094
660,7.4169,Link_01,0.000000,-0.224924,0.210311,0.052526,0.000000,0.000000,0.307931
660,7.4169,Link_02,0.000000,-0.217556,0.158905,0.041785,0.000000,0.000000,0.269409
660,7.4169,Link_03,0.000000,-0.199118,0.116901,0.031498,0.000000,0.000000,0.230898
660,7.4169,Link_04,0.000000,-0.172120,0.085984,0.022206,0.000000,0.000000,0.192402
660,7.4169,Link_05,0.000000,-0.140343,0.063201,0.014322,0.000000,0.000000,0.153917
660,7.4169,Link_06,0.000000,-0.106157,0.045345,0.008077,0.000000,0.000000,0.115436
660,7.4169,Link_07,0.000000,-0.070954,0.029800,0.003583,0.000000,0.000000,0.076957
660,7.4169,Link_08,0.000000,-0.035477,0.014899,0.000887,0.000000,0.000000,0.038479
670,7.5262,Trunk_02,0.000000,-0.003597,0.616109,0.054196,0.000000,0.000000,0.616119
670,7.5262,Trunk_03,0.000000,-0.000801,0.154092,0.000020,0.000000,0.000000,0.154094
670,7.5262,Link_01,0.000000,-0.224925,0.210310,0.052526,0.000000,0.000000,0.307931
670,7.5262,Link_02,0.000000,-0.217557,0.158904,0.041785,0.000000,0.000000,0.269410
670,7.5262,Link_03,0.000000,-0.199119,0.116900,0.031498,0.000000,0.000000,0.230898
670,7.5262,Link_04,0.000000,-0.172120,0.085984,0.022206,0.000000,0.000000,0.192402
670,7.5262,Link_05,0.000000,-0.140343,0.063200,0.014322,0.000000,0.000000,0.153917
670,7.5262,Link_06,0.000000,-0.106157,0.045345,0.008077,0.000000,0.000000,0.115436
670,7.5262,Link_07,0.000000,-0.070953,0.029800,0.003583,0.000000,0.000000,0.076957
670,7.5262,Link_08,0.000000,-0.035477,0.014899,0.000887,0.000000,0.000000,0.038478
680,7.6371,Trunk_02,0.000000,-0.003596,0.616108,0.054196,0.000000,0.000000,0.616119
680,7.6371,Trunk_03,0.000000,-0.000800,0.154092,0.000020,0.000000,0.000000,0.154094
680,7.6371,Link_01,0.000000,-0.224924,0.210310,0.052526,0.000000,0.000000,0.307930
680,7.6371,Link_02,0.000000,-0.217556,0.158904,0.041785,0.000000,0.000000,0.269409
680,7.6371,Link_03,0.000000,-0.199118,0.116901,0.031498,0.000000,0.000000,0.230898
680,7.6371,Link_04,0.000000,-0.172120,0.085984,0.022206,0.000000,0.000000,0.192402
680,7.6371,Link_05,0.000000,-0.140343,0.063200,0.014322,0.000000,0.000000,0.153917
680,7.6371,Link_06,0.000000,-0.106157,0.045345,0.008077,0.000000,0.000000,0.115436
680,7.6371,Link_07,0.000000,-0.070954,0.029800,0.003583,0.000000,0.000000,0.076957
680,7.6371,Link_08,0.000000,-0.035477,0.014899,0.000887,0.000000,0.000000,0.038479
690,7.7472,Trunk_02,0.000000,-0.003596,0.616108,0.054196,0.000000,0.000000,0.616119
690,7.7472,Trunk_03,0.000000,-0.000800,0.154092,0.000020,0.000000,0.000000,0.154094
690,7.7472,Link_01,0.000000,-0.224924,0.210311,0.052526,0.000000,0.000000,0.307931
690,7.7472,Link_02,0.000000,-0.217556,0.158905,0.041785,0.000000,0.000000,0.269409
690,7.7472,Link_03,0.000000,-0.199118,0.116901,0.031498,0.000000,0.000000,0.230898
690,7.7472,Link_04,0.000000,-0.172120,0.085984,0.022206,0.000000,0.000000,0.192402
690,7.7472,Link_05,0.000000,-0.140343,0.063200,0.014323,0.000000,0.000000,0.153917
690,7.7472,Link_06,0.000000,-0.106158,0.045345,0.008077,0.000000,0.000000,0.115437
690,7.7472,Link_07,0.000000,-0.070954,0.029800,0.003583,0.000000,0.000000,0.076958
690,7.7472,Link_08,0.000000,-0.035477,0.014899,0.000887,0.000000,0.000000,0.038479
700,7.8585,Trunk_02,0.000000,-0.003595,0.616108,0.054196,0.000000,0.000000,0.616119
700,7.8585,Trunk_03,0.000000,-0.000800,0.154092,0.000020,0.000000,0.000000,0.154094
700,7.8585,Link_01,0.000000,-0.224924,0.210311,0.052526,0.000000,0.000000,0.307930
700,7.8585,Link_02,0.000000,-0.217556,0.158905,0.041785,0.000000,0.000000,0.269409
700,7.8585,Link_03,0.000000,-0.199118,0.116901,0.031498,0.000000,0.000000,0.230898
700,7.8585,Link_04,0.000000,-0.172120,0.085984,0.022206,0.000000,0.000000,0.192402
700,7.8585,Link_05,0.000000,-0.140343,0.063200,0.014322,0.000000,0.000000,0.153917
700,7.8585,Link_06,0.000000,-0.106157,0.045345,0.008077,0.000000,0.000000,0.115437
700,7.8585,Link_07,0.000000,-0.070954,0.029800,0.003583,0.000000,0.000000,0.076958
700,7.8585,Link_08,0.000000,-0.035477,0.014899,0.000887,0.000000,0.000000,0.038479
710,7.9669,Trunk_02,0.000000,-0.003598,0.616110,0.054196,0.000000,0.000000,0.616120
710,7.9669,Trunk_03,0.000000,-0.000801,0.154092,0.000020,0.000000,0.000000,0.154094
710,7.9669,Link_01,0.000000,-0.224927,0.210310,0.052526,0.000000,0.000000,0.307932
710,7.9669,Link_02,0.000000,-0.217558,0.158904,0.041785,0.000000,0.000000,0.269411
710,7.9669,Link_03,0.000000,-0.199120,0.116899,0.031498,0.000000,0.000000,0.230899
710,7.9669,Link_04,0.000000,-0.172121,0.085983,0.022206,0.000000,0.000000,0.192403
710,7.9669,Link_05,0.000000,-0.140343,0.063200,0.014322,0.000000,0.000000,0.153917
710,7.9669,Link_06,0.000000,-0.106157,0.045345,0.008077,0.000000,0.000000,0.115436
710,7.9669,Link_07,0.000000,-0.070953,0.029799,0.003583,0.000000,0.000000,0.076957
710,7.9669,Link_08,0.000000,-0.035477,0.014899,0.000887,0.000000,0.000000,0.038478
720,8.0795,Trunk_02,0.000000,-0.003597,0.616109,0.054196,0.000000,0.000000,0.616120
720,8.0795,Trunk_03,0.000000,-0.000800,0.154092,0.000020,0.000000,0.000000,0.154094
720,8.0795,Link_01,0.000000,-0.224925,0.210310,0.052526,0.000000,0.000000,0.307931
720,8.0795,Link_02,0.000000,-0.217557,0.158904,0.041785,0.000000,0.000000,0.269410
720,8.0795,Link_03,0.000000,-0.199119,0.116900,0.031498,0.000000,0.000000,0.230899
720,8.0795,Link_04,0.000000,-0.172120,0.085983,0.022205,0.000000,0.000000,0.192402
720,8.0795,Link_05,0.000000,-0.140343,0.063200,0.014322,0.000000,0.000000,0.153916
720,8.0795,Link_06,0.000000,-0.106157,0.045345,0.008077,0.000000,0.000000,0.115436
720,8.0795,Link_07,0.000000,-0.070953,0.029800,0.003583,0.000000,0.000000,0.076957
720,8.0795,Link_08,0.000000,-0.035477,0.014899,0.000887,0.000000,0.000000,0.038478
730,8.1921,Trunk_02,0.000000,-0.003596,0.616109,0.054196,0.000000,0.000000,0.616119
730,8.1921,Trunk_03,0.000000,-0.000800,0.154092,0.000020,0.000000,0.000000,0.154094
730,8.1921,Link_01,0.000000,-0.224925,0.210311,0.052526,0.000000,0.000000,0.307931
730,8.1921,Link_02,0.000000,-0.217557,0.158905,0.041785,0.000000,0.000000,0.269410
730,8.1921,Link_03,0.000000,-0.199119,0.116901,0.031498,0.000000,0.000000,0.230899
730,8.1921,Link_04,0.000000,-0.172120,0.085984,0.022206,0.000000,0.000000,0.192402
730,8.1921,Link_05,0.000000,-0.140343,0.063200,0.014322,0.000000,0.000000,0.153917
730,8.1921,Link_06,0.000000,-0.106157,0.045345,0.008077,0.000000,0.000000,0.115436
730,8.1921,Link_07,0.000000,-0.070953,0.029800,0.003583,0.000000,0.000000,0.076957
730,8.1921,Link_08,0.000000,-0.035477,0.014899,0.000887,0.000000,0.000000,0.038478
740,8.3023,Trunk_02,0.000000,-0.003596,0.616109,0.054196,0.000000,0.000000,0.616119
740,8.3023,Trunk_03,0.000000,-0.000800,0.154092,0.000020,0.000000,0.000000,0.154094
740,8.3023,Link_01,0.000000,-0.224925,0.210311,0.052526,0.000000,0.000000,0.307931
740,8.3023,Link_02,0.000000,-0.217557,0.158905,0.041785,0.000000,0.000000,0.269410
740,8.3023,Link_03,0.000000,-0.199119,0.116901,0.031498,0.000000,0.000000,0.230899
740,8.3023,Link_04,0.000000,-0.172121,0.085984,0.022206,0.000000,0.000000,0.192402
740,8.3023,Link_05,0.000000,-0.140343,0.063200,0.014322,0.000000,0.000000,0.153917
740,8.3023,Link_06,0.000000,-0.106158,0.045345,0.008077,0.000000,0.000000,0.115437
740,8.3023,Link_07,0.000000,-0.070954,0.029800,0.003583,0.000000,0.000000,0.076957
740,8.3023,Link_08,0.000000,-0.035477,0.014899,0.000887,0.000000,0.000000,0.038479
750,8.4101,Trunk_02,0.000000,-0.003595,0.616108,0.054196,0.000000,0.000000,0.616119
750,8.4101,Trunk_03,0.000000,-0.000800,0.154092,0.000020,0.000000,0.000000,0.154094
750,8.4101,Link_01,0.000000,-0.224924,0.210311,0.052526,0.000000,0.000000,0.307930
750,8.4101,Link_02,0.000000,-0.217556,0.158905,0.041785,0.000000,0.000000,0.269409
750,8.4101,Link_03,0.000000,-0.199118,0.116901,0.031498,0.000000,0.000000,0.230898
750,8.4101,Link_04,0.000000,-0.172120,0.085984,0.022206,0.000000,0.000000,0.192402
750,8.4101,Link_05,0.000000,-0.140343,0.063200,0.014322,0.000000,0.000000,0.153917
750,8.4101,Link_06,0.000000,-0.106157,0.045345,0.008077,0.000000,0.000000,0.115436
750,8.4101,Link_07,0.000000,-0.070953,0.029800,0.003583,0.000000,0.000000,0.076957
750,8.4101,Link_08,0.000000,-0.035477,0.014899,0.000887,0.000000,0.000000,0.038479
760,8.5225,Trunk_02,0.000000,-0.003595,0.616108,0.054196,0.000000,0.000000,0.616118
760,8.5225,Trunk_03,0.000000,-0.000800,0.154092,0.000020,0.000000,0.000000,0.154094
760,8.5225,Link_01,0.000000,-0.224923,0.210311,0.052525,0.000000,0.000000,0.307930
760,8.5225,Link_02,0.000000,-0.217555,0.158905,0.041785,0.000000,0.000000,0.269409
760,8.5225,Link_03,0.000000,-0.199118,0.116901,0.031498,0.000000,0.000000,0.230898
760,8.5225,Link_04,0.000000,-0.172119,0.085984,0.022206,0.000000,0.000000,0.192402
760,8.5225,Link_05,0.000000,-0.140342,0.063201,0.014322,0.000000,0.000000,0.153917
760,8.5225,Link_06,0.000000,-0.106157,0.045345,0.008077,0.000000,0.000000,0.115436
760,8.5225,Link_07,0.000000,-0.070954,0.029800,0.003583,0.000000,0.000000,0.076957
760,8.5225,Link_08,0.000000,-0.035477,0.014899,0.000887,0.000000,0.000000,0.038479
770,8.6318,Trunk_02,0.000000,-0.003596,0.616109,0.054196,0.000000,0.000000,0.616119
770,8.6318,Trunk_03,0.000000,-0.000800,0.154092,0.000020,0.000000,0.000000,0.154094
770,8.6318,Link_01,0.000000,-0.224925,0.210311,0.052526,0.000000,0.000000,0.307931
770,8.6318,Link_02,0.000000,-0.217557,0.158904,0.041785,0.000000,0.000000,0.269410
770,8.6318,Link_03,0.000000,-0.199119,0.116901,0.031498,0.000000,0.000000,0.230899
770,8.6318,Link_04,0.000000,-0.172121,0.085984,0.022206,0.000000,0.000000,0.192402
770,8.6318,Link_05,0.000000,-0.140343,0.063200,0.014322,0.000000,0.000000,0.153917
770,8.6318,Link_06,0.000000,-0.106158,0.045345,0.008077,0.000000,0.000000,0.115437
770,8.6318,Link_07,0.000000,-0.070954,0.029800,0.003583,0.000000,0.000000,0.076957
770,8.6318,Link_08,0.000000,-0.035477,0.014899,0.000887,0.000000,0.000000,0.038479
780,8.7425,Trunk_02,0.000000,-0.003596,0.616109,0.054196,0.000000,0.000000,0.616119
780,8.7425,Trunk_03,0.000000,-0.000800,0.154092,0.000020,0.000000,0.000000,0.154094
780,8.7425,Link_01,0.000000,-0.224925,0.210311,0.052526,0.000000,0.000000,0.307931
780,8.7425,Link_02,0.000000,-0.217557,0.158905,0.041785,0.000000,0.000000,0.269410
780,8.7425,Link_03,0.000000,-0.199119,0.116901,0.031498,0.000000,0.000000,0.230899
780,8.7425,Link_04,0.000000,-0.172120,0.085984,0.022206,0.000000,0.000000,0.192402
780,8.7425,Link_05,0.000000,-0.140343,0.063200,0.014322,0.000000,0.000000,0.153917
780,8.7425,Link_06,0.000000,-0.106158,0.045345,0.008077,0.000000,0.000000,0.115437
780,8.7425,Link_07,0.000000,-0.070954,0.029800,0.003583,0.000000,0.000000,0.076958
780,8.7425,Link_08,0.000000,-0.035477,0.014899,0.000887,0.000000,0.000000,0.038479
790,8.8542,Trunk_02,0.000000,-0.003596,0.616109,0.054196,0.000000,0.000000,0.616119
790,8.8542,Trunk_03,0.000000,-0.000799,0.154092,0.000020,0.000000,0.000000,0.154094
790,8.8542,Link_01,0.000000,-0.224925,0.210310,0.052526,0.000000,0.000000,0.307931
790,8.8542,Link_02,0.000000,-0.217557,0.158905,0.041785,0.000000,0.000000,0.269410
790,8.8542,Link_03,0.000000,-0.199119,0.116900,0.031498,0.000000,0.000000,0.230898
790,8.8542,Link_04,0.000000,-0.172120,0.085984,0.022206,0.000000,0.000000,0.192402
790,8.8542,Link_05,0.000000,-0.140342,0.063200,0.014322,0.000000,0.000000,0.153916
790,8.8542,Link_06,0.000000,-0.106157,0.045345,0.008077,0.000000,0.000000,0.115436
790,8.8542,Link_07,0.000000,-0.070953,0.029800,0.003583,0.000000,0.000000,0.076957
790,8.8542,Link_08,0.000000,-0.035477,0.014899,0.000887,0.000000,0.000000,0.038479
800,8.9705,Trunk_02,0.000000,-0.003595,0.616109,0.054196,0.000000,0.000000,0.616119
800,8.9705,Trunk_03,0.000000,-0.000799,0.154092,0.000020,0.000000,0.000000,0.154094
800,8.9705,Link_01,0.000000,-0.224925,0.210311,0.052526,0.000000,0.000000,0.307931
800,8.9705,Link_02,0.000000,-0.217557,0.158905,0.041785,0.000000,0.000000,0.269410
800,8.9705,Link_03,0.000000,-0.199119,0.116901,0.031498,0.000000,0.000000,0.230898
800,8.9705,Link_04,0.000000,-0.172120,0.085984,0.022205,0.000000,0.000000,0.192402
800,8.9705,Link_05,0.000000,-0.140343,0.063200,0.014322,0.000000,0.000000,0.153917
800,8.9705,Link_06,0.000000,-0.106157,0.045345,0.008077,0.000000,0.000000,0.115436
800,8.9705,Link_07,0.000000,-0.070953,0.029800,0.003583,0.000000,0.000000,0.076957
800,8.9705,Link_08,0.000000,-0.035477,0.014899,0.000887,0.000000,0.000000,0.038478
810,9.0788,Trunk_02,0.000000,-0.003596,0.616109,0.054196,0.000000,0.000000,0.616120
810,9.0788,Trunk_03,0.000000,-0.000800,0.154092,0.000020,0.000000,0.000000,0.154094
810,9.0788,Link_01,0.000000,-0.224925,0.210311,0.052526,0.000000,0.000000,0.307932
810,9.0788,Link_02,0.000000,-0.217558,0.158905,0.041785,0.000000,0.000000,0.269411
810,9.0788,Link_03,0.000000,-0.199120,0.116900,0.031498,0.000000,0.000000,0.230899
810,9.0788,Link_04,0.000000,-0.172121,0.085983,0.022206,0.000000,0.000000,0.192402
810,9.0788,Link_05,0.000000,-0.140343,0.063200,0.014322,0.000000,0.000000,0.153917
810,9.0788,Link_06,0.000000,-0.106157,0.045345,0.008077,0.000000,0.000000,0.115436
810,9.0788,Link_07,0.000000,-0.070954,0.029800,0.003583,0.000000,0.000000,0.076957
810,9.0788,Link_08,0.000000,-0.035477,0.014899,0.000887,0.000000,0.000000,0.038479
820,9.1866,Trunk_02,0.000000,-0.003597,0.616109,0.054196,0.000000,0.000000,0.616120
820,9.1866,Trunk_03,0.000000,-0.000800,0.154092,0.000020,0.000000,0.000000,0.154094
820,9.1866,Link_01,0.000000,-0.224925,0.210310,0.052526,0.000000,0.000000,0.307931
820,9.1866,Link_02,0.000000,-0.217557,0.158904,0.041785,0.000000,0.000000,0.269410
820,9.1866,Link_03,0.000000,-0.199119,0.116900,0.031498,0.000000,0.000000,0.230899
820,9.1866,Link_04,0.000000,-0.172120,0.085984,0.022206,0.000000,0.000000,0.192402
820,9.1866,Link_05,0.000000,-0.140343,0.063200,0.014322,0.000000,0.000000,0.153917
820,9.1866,Link_06,0.000000,-0.106157,0.045345,0.008077,0.000000,0.000000,0.115436
820,9.1866,Link_07,0.000000,-0.070954,0.029800,0.003583,0.000000,0.000000,0.076957
820,9.1866,Link_08,0.000000,-0.035477,0.014899,0.000887,0.000000,0.000000,0.038479
830,9.3129,Trunk_02,0.000000,-0.003597,0.616108,0.054196,0.000000,0.000000,0.616119
830,9.3129,Trunk_03,0.000000,-0.000800,0.154092,0.000020,0.000000,0.000000,0.154094
830,9.3129,Link_01,0.000000,-0.224924,0.210310,0.052526,0.000000,0.000000,0.307931
830,9.3129,Link_02,0.000000,-0.217557,0.158904,0.041785,0.000000,0.000000,0.269409
830,9.3129,Link_03,0.000000,-0.199119,0.116900,0.031498,0.000000,0.000000,0.230898
830,9.3129,Link_04,0.000000,-0.172120,0.085984,0.022205,0.000000,0.000000,0.192402
830,9.3129,Link_05,0.000000,-0.140342,0.063200,0.014322,0.000000,0.000000,0.153916
830,9.3129,Link_06,0.000000,-0.106157,0.045345,0.008077,0.000000,0.000000,0.115436
830,9.3129,Link_07,0.000000,-0.070953,0.029800,0.003583,0.000000,0.000000,0.076957
830,9.3129,Link_08,0.000000,-0.035477,0.014899,0.000887,0.000000,0.000000,0.038478
840,9.4238,Trunk_02,0.000000,-0.003596,0.616109,0.054196,0.000000,0.000000,0.616120
840,9.4238,Trunk_03,0.000000,-0.000800,0.154092,0.000020,0.000000,0.000000,0.154094
840,9.4238,Link_01,0.000000,-0.224925,0.210311,0.052526,0.000000,0.000000,0.307932
840,9.4238,Link_02,0.000000,-0.217557,0.158905,0.041785,0.000000,0.000000,0.269410
840,9.4238,Link_03,0.000000,-0.199119,0.116900,0.031498,0.000000,0.000000,0.230899
840,9.4238,Link_04,0.000000,-0.172121,0.085984,0.022206,0.000000,0.000000,0.192402
840,9.4238,Link_05,0.000000,-0.140343,0.063200,0.014323,0.000000,0.000000,0.153917
840,9.4238,Link_06,0.000000,-0.106158,0.045345,0.008077,0.000000,0.000000,0.115437
840,9.4238,Link_07,0.000000,-0.070954,0.029800,0.003583,0.000000,0.000000,0.076958
840,9.4238,Link_08,0.000000,-0.035477,0.014899,0.000887,0.000000,0.000000,0.038479
850,9.5340,Trunk_02,0.000000,-0.003596,0.616109,0.054196,0.000000,0.000000,0.616120
850,9.5340,Trunk_03,0.000000,-0.000800,0.154092,0.000020,0.000000,0.000000,0.154094
850,9.5340,Link_01,0.000000,-0.224925,0.210311,0.052526,0.000000,0.000000,0.307932
850,9.5340,Link_02,0.000000,-0.217557,0.158905,0.041785,0.000000,0.000000,0.269410
850,9.5340,Link_03,0.000000,-0.199119,0.116901,0.031498,0.000000,0.000000,0.230899
850,9.5340,Link_04,0.000000,-0.172121,0.085984,0.022206,0.000000,0.000000,0.192403
850,9.5340,Link_05,0.000000,-0.140343,0.063200,0.014322,0.000000,0.000000,0.153917
850,9.5340,Link_06,0.000000,-0.106158,0.045345,0.008077,0.000000,0.000000,0.115437
850,9.5340,Link_07,0.000000,-0.070954,0.029800,0.003583,0.000000,0.000000,0.076957
850,9.5340,Link_08,0.000000,-0.035477,0.014899,0.000887,0.000000,0.000000,0.038479
860,9.6438,Trunk_02,0.000000,-0.003598,0.616109,0.054196,0.000000,0.000000,0.616119
860,9.6438,Trunk_03,0.000000,-0.000801,0.154092,0.000020,0.000000,0.000000,0.154094
860,9.6438,Link_01,0.000000,-0.224925,0.210310,0.052526,0.000000,0.000000,0.307931
860,9.6438,Link_02,0.000000,-0.217557,0.158904,0.041785,0.000000,0.000000,0.269410
860,9.6438,Link_03,0.000000,-0.199119,0.116900,0.031498,0.000000,0.000000,0.230898
860,9.6438,Link_04,0.000000,-0.172120,0.085983,0.022205,0.000000,0.000000,0.192402
860,9.6438,Link_05,0.000000,-0.140343,0.063200,0.014322,0.000000,0.000000,0.153917
860,9.6438,Link_06,0.000000,-0.106157,0.045345,0.008077,0.000000,0.000000,0.115436
860,9.6438,Link_07,0.000000,-0.070953,0.029800,0.003583,0.000000,0.000000,0.076957
860,9.6438,Link_08,0.000000,-0.035477,0.014899,0.000887,0.000000,0.000000,0.038478
870,9.7545,Trunk_02,0.000000,-0.003596,0.616109,0.054196,0.000000,0.000000,0.616120
870,9.7545,Trunk_03,0.000000,-0.000800,0.154092,0.000020,0.000000,0.000000,0.154094
870,9.7545,Link_01,0.000000,-0.224925,0.210310,0.052526,0.000000,0.000000,0.307932
870,9.7545,Link_02,0.000000,-0.217557,0.158904,0.041785,0.000000,0.000000,0.269410
870,9.7545,Link_03,0.000000,-0.199119,0.116900,0.031498,0.000000,0.000000,0.230899
870,9.7545,Link_04,0.000000,-0.172121,0.085984,0.022206,0.000000,0.000000,0.192402
870,9.7545,Link_05,0.000000,-0.140343,0.063200,0.014322,0.000000,0.000000,0.153917
870,9.7545,Link_06,0.000000,-0.106157,0.045345,0.008077,0.000000,0.000000,0.115436
870,9.7545,Link_07,0.000000,-0.070954,0.029800,0.003583,0.000000,0.000000,0.076957
870,9.7545,Link_08,0.000000,-0.035477,0.014899,0.000887,0.000000,0.000000,0.038479
880,9.8650,Trunk_02,0.000000,-0.003597,0.616109,0.054196,0.000000,0.000000,0.616120
880,9.8650,Trunk_03,0.000000,-0.000800,0.154092,0.000020,0.000000,0.000000,0.154094
880,9.8650,Link_01,0.000000,-0.224925,0.210310,0.052526,0.000000,0.000000,0.307932
880,9.8650,Link_02,0.000000,-0.217557,0.158904,0.041785,0.000000,0.000000,0.269410
880,9.8650,Link_03,0.000000,-0.199119,0.116900,0.031498,0.000000,0.000000,0.230899
880,9.8650,Link_04,0.000000,-0.172121,0.085983,0.022206,0.000000,0.000000,0.192402
880,9.8650,Link_05,0.000000,-0.140343,0.063200,0.014322,0.000000,0.000000,0.153917
880,9.8650,Link_06,0.000000,-0.106158,0.045345,0.008077,0.000000,0.000000,0.115437
880,9.8650,Link_07,0.000000,-0.070954,0.029800,0.003583,0.000000,0.000000,0.076957
880,9.8650,Link_08,0.000000,-0.035477,0.014899,0.000887,0.000000,0.000000,0.038479
890,9.9771,Trunk_02,0.000000,-0.003596,0.616108,0.054196,0.000000,0.000000,0.616119
890,9.9771,Trunk_03,0.000000,-0.000800,0.154092,0.000020,0.000000,0.000000,0.154094
890,9.9771,Link_01,0.000000,-0.224924,0.210311,0.052526,0.000000,0.000000,0.307931
890,9.9771,Link_02,0.000000,-0.217556,0.158905,0.041785,0.000000,0.000000,0.269409
890,9.9771,Link_03,0.000000,-0.199119,0.116901,0.031498,0.000000,0.000000,0.230898
890,9.9771,Link_04,0.000000,-0.172120,0.085984,0.022206,0.000000,0.000000,0.192402
890,9.9771,Link_05,0.000000,-0.140343,0.063200,0.014322,0.000000,0.000000,0.153917
890,9.9771,Link_06,0.000000,-0.106157,0.045345,0.008077,0.000000,0.000000,0.115436
890,9.9771,Link_07,0.000000,-0.070954,0.029800,0.003583,0.000000,0.000000,0.076957
890,9.9771,Link_08,0.000000,-0.035477,0.014899,0.000887,0.000000,0.000000,0.038479
900,10.0893,Trunk_02,0.000000,-0.003598,0.616109,0.054196,0.000000,0.000000,0.616120
900,10.0893,Trunk_03,0.000000,-0.000800,0.154092,0.000020,0.000000,0.000000,0.154094
900,10.0893,Link_01,0.000000,-0.224926,0.210310,0.052526,0.000000,0.000000,0.307932
900,10.0893,Link_02,0.000000,-0.217558,0.158904,0.041785,0.000000,0.000000,0.269410
900,10.0893,Link_03,0.000000,-0.199120,0.116900,0.031498,0.000000,0.000000,0.230899
900,10.0893,Link_04,0.000000,-0.172120,0.085983,0.022205,0.000000,0.000000,0.192402
900,10.0893,Link_05,0.000000,-0.140342,0.063200,0.014322,0.000000,0.000000,0.153916
900,10.0893,Link_06,0.000000,-0.106157,0.045345,0.008077,0.000000,0.000000,0.115436
900,10.0893,Link_07,0.000000,-0.070953,0.029799,0.003583,0.000000,0.000000,0.076957
900,10.0893,Link_08,0.000000,-0.035477,0.014899,0.000887,0.000000,0.000000,0.038478
910,10.2025,Trunk_02,0.000000,-0.003595,0.616108,0.054196,0.000000,0.000000,0.616119
910,10.2025,Trunk_03,0.000000,-0.000800,0.154092,0.000020,0.000000,0.000000,0.154094
910,10.2025,Link_01,0.000000,-0.224923,0.210311,0.052526,0.000000,0.000000,0.307931
910,10.2025,Link_02,0.000000,-0.217556,0.158905,0.041785,0.000000,0.000000,0.269409
910,10.2025,Link_03,0.000000,-0.199118,0.116901,0.031498,0.000000,0.000000,0.230898
910,10.2025,Link_04,0.000000,-0.172120,0.085984,0.022206,0.000000,0.000000,0.192402
910,10.2025,Link_05,0.000000,-0.140343,0.063201,0.014322,0.000000,0.000000,0.153917
910,10.2025,Link_06,0.000000,-0.106157,0.045345,0.008077,0.000000,0.000000,0.115437
910,10.2025,Link_07,0.000000,-0.070954,0.029800,0.003583,0.000000,0.000000,0.076957
910,10.2025,Link_08,0.000000,-0.035477,0.014899,0.000887,0.000000,0.000000,0.038479
920,10.3129,Trunk_02,0.000000,-0.003597,0.616109,0.054196,0.000000,0.000000,0.616119
920,10.3129,Trunk_03,0.000000,-0.000800,0.154092,0.000020,0.000000,0.000000,0.154094
920,10.3129,Link_01,0.000000,-0.224925,0.210310,0.052526,0.000000,0.000000,0.307931
920,10.3129,Link_02,0.000000,-0.217557,0.158904,0.041785,0.000000,0.000000,0.269410
920,10.3129,Link_03,0.000000,-0.199119,0.116900,0.031498,0.000000,0.000000,0.230898
920,10.3129,Link_04,0.000000,-0.172120,0.085983,0.022206,0.000000,0.000000,0.192402
920,10.3129,Link_05,0.000000,-0.140343,0.063200,0.014322,0.000000,0.000000,0.153917
920,10.3129,Link_06,0.000000,-0.106157,0.045345,0.008077,0.000000,0.000000,0.115436
920,10.3129,Link_07,0.000000,-0.070954,0.029799,0.003583,0.000000,0.000000,0.076957
920,10.3129,Link_08,0.000000,-0.035477,0.014899,0.000887,0.000000,0.000000,0.038479
930,10.4201,Trunk_02,0.000000,-0.003596,0.616109,0.054196,0.000000,0.000000,0.616120
930,10.4201,Trunk_03,0.000000,-0.000799,0.154092,0.000020,0.000000,0.000000,0.154094
930,10.4201,Link_01,0.000000,-0.224925,0.210310,0.052526,0.000000,0.000000,0.307932
930,10.4201,Link_02,0.000000,-0.217557,0.158904,0.041785,0.000000,0.000000,0.269410
930,10.4201,Link_03,0.000000,-0.199119,0.116900,0.031498,0.000000,0.000000,0.230898
930,10.4201,Link_04,0.000000,-0.172121,0.085983,0.022206,0.000000,0.000000,0.192402
930,10.4201,Link_05,0.000000,-0.140343,0.063200,0.014322,0.000000,0.000000,0.153917
930,10.4201,Link_06,0.000000,-0.106157,0.045345,0.008077,0.000000,0.000000,0.115436
930,10.4201,Link_07,0.000000,-0.070953,0.029800,0.003583,0.000000,0.000000,0.076957
930,10.4201,Link_08,0.000000,-0.035477,0.014899,0.000887,0.000000,0.000000,0.038478
940,10.5308,Trunk_02,0.000000,-0.003595,0.616108,0.054196,0.000000,0.000000,0.616119
940,10.5308,Trunk_03,0.000000,-0.000799,0.154092,0.000020,0.000000,0.000000,0.154094
940,10.5308,Link_01,0.000000,-0.224924,0.210311,0.052526,0.000000,0.000000,0.307931
940,10.5308,Link_02,0.000000,-0.217556,0.158905,0.041785,0.000000,0.000000,0.269409
940,10.5308,Link_03,0.000000,-0.199118,0.116901,0.031498,0.000000,0.000000,0.230898
940,10.5308,Link_04,0.000000,-0.172120,0.085984,0.022205,0.000000,0.000000,0.192402
940,10.5308,Link_05,0.000000,-0.140342,0.063201,0.014322,0.000000,0.000000,0.153916
940,10.5308,Link_06,0.000000,-0.106157,0.045345,0.008077,0.000000,0.000000,0.115436
940,10.5308,Link_07,0.000000,-0.070953,0.029800,0.003583,0.000000,0.000000,0.076957
940,10.5308,Link_08,0.000000,-0.035477,0.014899,0.000887,0.000000,0.000000,0.038478
950,10.6431,Trunk_02,0.000000,-0.003596,0.616109,0.054196,0.000000,0.000000,0.616119
950,10.6431,Trunk_03,0.000000,-0.000800,0.154092,0.000020,0.000000,0.000000,0.154094
950,10.6431,Link_01,0.000000,-0.224925,0.210311,0.052526,0.000000,0.000000,0.307931
950,10.6431,Link_02,0.000000,-0.217557,0.158905,0.041785,0.000000,0.000000,0.269410
950,10.6431,Link_03,0.000000,-0.199119,0.116901,0.031498,0.000000,0.000000,0.230898
950,10.6431,Link_04,0.000000,-0.172121,0.085983,0.022206,0.000000,0.000000,0.192402
950,10.6431,Link_05,0.000000,-0.140343,0.063200,0.014322,0.000000,0.000000,0.153917
950,10.6431,Link_06,0.000000,-0.106157,0.045345,0.008077,0.000000,0.000000,0.115436
950,10.6431,Link_07,0.000000,-0.070954,0.029800,0.003583,0.000000,0.000000,0.076957
950,10.6431,Link_08,0.000000,-0.035477,0.014899,0.000887,0.000000,0.000000,0.038479
960,10.7578,Trunk_02,0.000000,-0.003596,0.616109,0.054196,0.000000,0.000000,0.616119
960,10.7578,Trunk_03,0.000000,-0.000800,0.154092,0.000020,0.000000,0.000000,0.154094
960,10.7578,Link_01,0.000000,-0.224925,0.210310,0.052526,0.000000,0.000000,0.307931
960,10.7578,Link_02,0.000000,-0.217557,0.158904,0.041785,0.000000,0.000000,0.269410
960,10.7578,Link_03,0.000000,-0.199119,0.116900,0.031498,0.000000,0.000000,0.230898
960,10.7578,Link_04,0.000000,-0.172120,0.085983,0.022206,0.000000,0.000000,0.192402
960,10.7578,Link_05,0.000000,-0.140343,0.063200,0.014322,0.000000,0.000000,0.153917
960,10.7578,Link_06,0.000000,-0.106157,0.045345,0.008077,0.000000,0.000000,0.115436
960,10.7578,Link_07,0.000000,-0.070954,0.029800,0.003583,0.000000,0.000000,0.076957
960,10.7578,Link_08,0.000000,-0.035477,0.014899,0.000887,0.000000,0.000000,0.038479
970,10.8678,Trunk_02,0.000000,-0.003597,0.616109,0.054196,0.000000,0.000000,0.616120
970,10.8678,Trunk_03,0.000000,-0.000800,0.154092,0.000020,0.000000,0.000000,0.154094
970,10.8678,Link_01,0.000000,-0.224926,0.210310,0.052526,0.000000,0.000000,0.307932
970,10.8678,Link_02,0.000000,-0.217558,0.158904,0.041785,0.000000,0.000000,0.269410
970,10.8678,Link_03,0.000000,-0.199120,0.116900,0.031498,0.000000,0.000000,0.230899
970,10.8678,Link_04,0.000000,-0.172121,0.085983,0.022206,0.000000,0.000000,0.192402
970,10.8678,Link_05,0.000000,-0.140343,0.063200,0.014322,0.000000,0.000000,0.153917
970,10.8678,Link_06,0.000000,-0.106157,0.045345,0.008077,0.000000,0.000000,0.115436
970,10.8678,Link_07,0.000000,-0.070953,0.029799,0.003583,0.000000,0.000000,0.076957
970,10.8678,Link_08,0.000000,-0.035477,0.014899,0.000887,0.000000,0.000000,0.038479
980,10.9798,Trunk_02,0.000000,-0.003596,0.616109,0.054196,0.000000,0.000000,0.616119
980,10.9798,Trunk_03,0.000000,-0.000800,0.154092,0.000020,0.000000,0.000000,0.154094
980,10.9798,Link_01,0.000000,-0.224925,0.210310,0.052526,0.000000,0.000000,0.307931
980,10.9798,Link_02,0.000000,-0.217557,0.158904,0.041785,0.000000,0.000000,0.269410
980,10.9798,Link_03,0.000000,-0.199119,0.116901,0.031498,0.000000,0.000000,0.230898
980,10.9798,Link_04,0.000000,-0.172120,0.085984,0.022206,0.000000,0.000000,0.192402
980,10.9798,Link_05,0.000000,-0.140343,0.063200,0.014322,0.000000,0.000000,0.153917
980,10.9798,Link_06,0.000000,-0.106157,0.045345,0.008077,0.000000,0.000000,0.115436
980,10.9798,Link_07,0.000000,-0.070953,0.029800,0.003583,0.000000,0.000000,0.076957
980,10.9798,Link_08,0.000000,-0.035477,0.014899,0.000887,0.000000,0.000000,0.038479
990,11.0904,Trunk_02,0.000000,-0.003596,0.616108,0.054196,0.000000,0.000000,0.616119
990,11.0904,Trunk_03,0.000000,-0.000799,0.154092,0.000020,0.000000,0.000000,0.154094
990,11.0904,Link_01,0.000000,-0.224924,0.210310,0.052526,0.000000,0.000000,0.307931
990,11.0904,Link_02,0.000000,-0.217556,0.158904,0.041785,0.000000,0.000000,0.269409
990,11.0904,Link_03,0.000000,-0.199118,0.116901,0.031498,0.000000,0.000000,0.230898
990,11.0904,Link_04,0.000000,-0.172120,0.085984,0.022205,0.000000,0.000000,0.192402
990,11.0904,Link_05,0.000000,-0.140342,0.063200,0.014322,0.000000,0.000000,0.153916
990,11.0904,Link_06,0.000000,-0.106157,0.045345,0.008077,0.000000,0.000000,0.115436
990,11.0904,Link_07,0.000000,-0.070953,0.029800,0.003583,0.000000,0.000000,0.076957
990,11.0904,Link_08,0.000000,-0.035477,0.014899,0.000887,0.000000,0.000000,0.038478
1000,11.2071,Trunk_02,0.000000,-0.003595,0.616109,0.054196,0.000000,0.000000,0.616120
1000,11.2071,Trunk_03,0.000000,-0.000799,0.154092,0.000020,0.000000,0.000000,0.154094
1000,11.2071,Link_01,0.000000,-0.224925,0.210311,0.052526,0.000000,0.000000,0.307931
1000,11.2071,Link_02,0.000000,-0.217557,0.158905,0.041785,0.000000,0.000000,0.269410
1000,11.2071,Link_03,0.000000,-0.199119,0.116901,0.031498,0.000000,0.000000,0.230899
1000,11.2071,Link_04,0.000000,-0.172121,0.085984,0.022206,0.000000,0.000000,0.192403
1000,11.2071,Link_05,0.000000,-0.140343,0.063200,0.014322,0.000000,0.000000,0.153917
1000,11.2071,Link_06,0.000000,-0.106157,0.045345,0.008077,0.000000,0.000000,0.115436
1000,11.2071,Link_07,0.000000,-0.070953,0.029800,0.003583,0.000000,0.000000,0.076957
1000,11.2071,Link_08,0.000000,-0.035477,0.014899,0.000887,0.000000,0.000000,0.038478
1010,11.3195,Trunk_02,0.000000,-0.003597,0.616110,0.054196,0.000000,0.000000,0.616120
1010,11.3195,Trunk_03,0.000000,-0.000800,0.154092,0.000020,0.000000,0.000000,0.154094
1010,11.3195,Link_01,0.000000,-0.224926,0.210310,0.052526,0.000000,0.000000,0.307932
1010,11.3195,Link_02,0.000000,-0.217558,0.158904,0.041785,0.000000,0.000000,0.269411
1010,11.3195,Link_03,0.000000,-0.199120,0.116900,0.031498,0.000000,0.000000,0.230899
1010,11.3195,Link_04,0.000000,-0.172121,0.085983,0.022206,0.000000,0.000000,0.192403
1010,11.3195,Link_05,0.000000,-0.140343,0.063200,0.014322,0.000000,0.000000,0.153917
1010,11.3195,Link_06,0.000000,-0.106157,0.045345,0.008077,0.000000,0.000000,0.115436
1010,11.3195,Link_07,0.000000,-0.070953,0.029799,0.003583,0.000000,0.000000,0.076957
1010,11.3195,Link_08,0.000000,-0.035477,0.014899,0.000887,0.000000,0.000000,0.038478
1020,11.4287,Trunk_02,0.000000,-0.003597,0.616109,0.054196,0.000000,0.000000,0.616120
1020,11.4287,Trunk_03,0.000000,-0.000800,0.154092,0.000020,0.000000,0.000000,0.154094
1020,11.4287,Link_01,0.000000,-0.224926,0.210310,0.052526,0.000000,0.000000,0.307932
1020,11.4287,Link_02,0.000000,-0.217558,0.158904,0.041785,0.000000,0.000000,0.269410
1020,11.4287,Link_03,0.000000,-0.199119,0.116900,0.031498,0.000000,0.000000,0.230899
1020,11.4287,Link_04,0.000000,-0.172120,0.085983,0.022205,0.000000,0.000000,0.192402
1020,11.4287,Link_05,0.000000,-0.140343,0.063200,0.014322,0.000000,0.000000,0.153916
1020,11.4287,Link_06,0.000000,-0.106157,0.045345,0.008077,0.000000,0.000000,0.115436
1020,11.4287,Link_07,0.000000,-0.070953,0.029799,0.003583,0.000000,0.000000,0.076957
1020,11.4287,Link_08,0.000000,-0.035477,0.014899,0.000887,0.000000,0.000000,0.038478
1030,11.5484,Trunk_02,0.000000,-0.003595,0.616108,0.054196,0.000000,0.000000,0.616119
1030,11.5484,Trunk_03,0.000000,-0.000800,0.154092,0.000020,0.000000,0.000000,0.154094
1030,11.5484,Link_01,0.000000,-0.224923,0.210311,0.052526,0.000000,0.000000,0.307930
1030,11.5484,Link_02,0.000000,-0.217556,0.158905,0.041785,0.000000,0.000000,0.269409
1030,11.5484,Link_03,0.000000,-0.199118,0.116901,0.031498,0.000000,0.000000,0.230898
1030,11.5484,Link_04,0.000000,-0.172120,0.085984,0.022206,0.000000,0.000000,0.192402
1030,11.5484,Link_05,0.000000,-0.140343,0.063201,0.014322,0.000000,0.000000,0.153917
1030,11.5484,Link_06,0.000000,-0.106157,0.045345,0.008077,0.000000,0.000000,0.115436
1030,11.5484,Link_07,0.000000,-0.070953,0.029800,0.003583,0.000000,0.000000,0.076957
1030,11.5484,Link_08,0.000000,-0.035477,0.014899,0.000887,0.000000,0.000000,0.038478
1040,11.6591,Trunk_02,0.000000,-0.003596,0.616109,0.054196,0.000000,0.000000,0.616120
1040,11.6591,Trunk_03,0.000000,-0.000799,0.154092,0.000020,0.000000,0.000000,0.154094
1040,11.6591,Link_01,0.000000,-0.224926,0.210311,0.052526,0.000000,0.000000,0.307932
1040,11.6591,Link_02,0.000000,-0.217558,0.158904,0.041785,0.000000,0.000000,0.269411
1040,11.6591,Link_03,0.000000,-0.199120,0.116900,0.031498,0.000000,0.000000,0.230899
1040,11.6591,Link_04,0.000000,-0.172121,0.085983,0.022206,0.000000,0.000000,0.192402
1040,11.6591,Link_05,0.000000,-0.140343,0.063200,0.014322,0.000000,0.000000,0.153917
1040,11.6591,Link_06,0.000000,-0.106157,0.045345,0.008077,0.000000,0.000000,0.115436
1040,11.6591,Link_07,0.000000,-0.070954,0.029800,0.003583,0.000000,0.000000,0.076957
1040,11.6591,Link_08,0.000000,-0.035477,0.014899,0.000887,0.000000,0.000000,0.038479
1050,11.7769,Trunk_02,0.000000,-0.003597,0.616110,0.054196,0.000000,0.000000,0.616120
1050,11.7769,Trunk_03,0.000000,-0.000800,0.154092,0.000020,0.000000,0.000000,0.154094
1050,11.7769,Link_01,0.000000,-0.224926,0.210310,0.052526,0.000000,0.000000,0.307932
1050,11.7769,Link_02,0.000000,-0.217558,0.158904,0.041785,0.000000,0.000000,0.269410
1050,11.7769,Link_03,0.000000,-0.199120,0.116900,0.031498,0.000000,0.000000,0.230899
1050,11.7769,Link_04,0.000000,-0.172121,0.085983,0.022206,0.000000,0.000000,0.192403
1050,11.7769,Link_05,0.000000,-0.140343,0.063200,0.014322,0.000000,0.000000,0.153917
1050,11.7769,Link_06,0.000000,-0.106157,0.045345,0.008077,0.000000,0.000000,0.115436
1050,11.7769,Link_07,0.000000,-0.070954,0.029799,0.003583,0.000000,0.000000,0.076957
1050,11.7769,Link_08,0.000000,-0.035477,0.014899,0.000887,0.000000,0.000000,0.038479
1060,11.8907,Trunk_02,0.000000,-0.003596,0.616109,0.054196,0.000000,0.000000,0.616120
1060,11.8907,Trunk_03,0.000000,-0.000800,0.154092,0.000020,0.000000,0.000000,0.154094
1060,11.8907,Link_01,0.000000,-0.224925,0.210310,0.052526,0.000000,0.000000,0.307932
1060,11.8907,Link_02,0.000000,-0.217558,0.158904,0.041785,0.000000,0.000000,0.269410
1060,11.8907,Link_03,0.000000,-0.199120,0.116900,0.031498,0.000000,0.000000,0.230899
1060,11.8907,Link_04,0.000000,-0.172121,0.085983,0.022206,0.000000,0.000000,0.192402
1060,11.8907,Link_05,0.000000,-0.140343,0.063200,0.014322,0.000000,0.000000,0.153917
1060,11.8907,Link_06,0.000000,-0.106157,0.045345,0.008077,0.000000,0.000000,0.115436
1060,11.8907,Link_07,0.000000,-0.070953,0.029800,0.003583,0.000000,0.000000,0.076957
1060,11.8907,Link_08,0.000000,-0.035477,0.014899,0.000887,0.000000,0.000000,0.038478
1070,12.0087,Trunk_02,0.000000,-0.003597,0.616108,0.054196,0.000000,0.000000,0.616118
1070,12.0087,Trunk_03,0.000000,-0.000801,0.154092,0.000020,0.000000,0.000000,0.154094
1070,12.0087,Link_01,0.000000,-0.224924,0.210310,0.052526,0.000000,0.000000,0.307930
1070,12.0087,Link_02,0.000000,-0.217556,0.158905,0.041785,0.000000,0.000000,0.269409
1070,12.0087,Link_03,0.000000,-0.199118,0.116901,0.031498,0.000000,0.000000,0.230898
1070,12.0087,Link_04,0.000000,-0.172120,0.085984,0.022206,0.000000,0.000000,0.192402
1070,12.0087,Link_05,0.000000,-0.140343,0.063200,0.014322,0.000000,0.000000,0.153917
1070,12.0087,Link_06,0.000000,-0.106157,0.045345,0.008077,0.000000,0.000000,0.115437
1070,12.0087,Link_07,0.000000,-0.070954,0.029800,0.003583,0.000000,0.000000,0.076958
1070,12.0087,Link_08,0.000000,-0.035477,0.014899,0.000887,0.000000,0.000000,0.038479
1080,12.1249,Trunk_02,0.000000,-0.003597,0.616109,0.054196,0.000000,0.000000,0.616120
1080,12.1249,Trunk_03,0.000000,-0.000800,0.154092,0.000020,0.000000,0.000000,0.154094
1080,12.1249,Link_01,0.000000,-0.224925,0.210310,0.052526,0.000000,0.000000,0.307932
1080,12.1249,Link_02,0.000000,-0.217557,0.158904,0.041785,0.000000,0.000000,0.269410
1080,12.1249,Link_03,0.000000,-0.199119,0.116900,0.031498,0.000000,0.000000,0.230899
1080,12.1249,Link_04,0.000000,-0.172121,0.085983,0.022206,0.000000,0.000000,0.192402
1080,12.1249,Link_05,0.000000,-0.140343,0.063200,0.014322,0.000000,0.000000,0.153917
1080,12.1249,Link_06,0.000000,-0.106157,0.045345,0.008077,0.000000,0.000000,0.115436
1080,12.1249,Link_07,0.000000,-0.070953,0.029800,0.003583,0.000000,0.000000,0.076957
1080,12.1249,Link_08,0.000000,-0.035477,0.014899,0.000887,0.000000,0.000000,0.038479
1090,12.2402,Trunk_02,0.000000,-0.003598,0.616109,0.054196,0.000000,0.000000,0.616120
1090,12.2402,Trunk_03,0.000000,-0.000800,0.154092,0.000020,0.000000,0.000000,0.154094
1090,12.2402,Link_01,0.000000,-0.224926,0.210310,0.052526,0.000000,0.000000,0.307932
1090,12.2402,Link_02,0.000000,-0.217558,0.158904,0.041785,0.000000,0.000000,0.269410
1090,12.2402,Link_03,0.000000,-0.199120,0.116900,0.031498,0.000000,0.000000,0.230899
1090,12.2402,Link_04,0.000000,-0.172121,0.085983,0.022206,0.000000,0.000000,0.192402
1090,12.2402,Link_05,0.000000,-0.140343,0.063200,0.014322,0.000000,0.000000,0.153917
1090,12.2402,Link_06,0.000000,-0.106157,0.045345,0.008077,0.000000,0.000000,0.115436
1090,12.2402,Link_07,0.000000,-0.070954,0.029799,0.003583,0.000000,0.000000,0.076957
1090,12.2402,Link_08,0.000000,-0.035477,0.014899,0.000887,0.000000,0.000000,0.038479
1100,12.3522,Trunk_02,0.000000,-0.003595,0.616108,0.054196,0.000000,0.000000,0.616119
1100,12.3522,Trunk_03,0.000000,-0.000800,0.154092,0.000020,0.000000,0.000000,0.154094
1100,12.3522,Link_01,0.000000,-0.224924,0.210311,0.052526,0.000000,0.000000,0.307931
1100,12.3522,Link_02,0.000000,-0.217556,0.158905,0.041785,0.000000,0.000000,0.269409
1100,12.3522,Link_03,0.000000,-0.199118,0.116901,0.031498,0.000000,0.000000,0.230898
1100,12.3522,Link_04,0.000000,-0.172120,0.085984,0.022206,0.000000,0.000000,0.192402
1100,12.3522,Link_05,0.000000,-0.140343,0.063200,0.014322,0.000000,0.000000,0.153917
1100,12.3522,Link_06,0.000000,-0.106157,0.045345,0.008077,0.000000,0.000000,0.115436
1100,12.3522,Link_07,0.000000,-0.070954,0.029800,0.003583,0.000000,0.000000,0.076957
1100,12.3522,Link_08,0.000000,-0.035477,0.014899,0.000887,0.000000,0.000000,0.038479
1110,12.4644,Trunk_02,0.000000,-0.003597,0.616109,0.054196,0.000000,0.000000,0.616120
1110,12.4644,Trunk_03,0.000000,-0.000800,0.154092,0.000020,0.000000,0.000000,0.154094
1110,12.4644,Link_01,0.000000,-0.224925,0.210310,0.052526,0.000000,0.000000,0.307931
1110,12.4644,Link_02,0.000000,-0.217557,0.158904,0.041785,0.000000,0.000000,0.269410
1110,12.4644,Link_03,0.000000,-0.199119,0.116900,0.031498,0.000000,0.000000,0.230899
1110,12.4644,Link_04,0.000000,-0.172120,0.085983,0.022206,0.000000,0.000000,0.192402
1110,12.4644,Link_05,0.000000,-0.140343,0.063200,0.014322,0.000000,0.000000,0.153917
1110,12.4644,Link_06,0.000000,-0.106157,0.045345,0.008077,0.000000,0.000000,0.115436
1110,12.4644,Link_07,0.000000,-0.070953,0.029800,0.003583,0.000000,0.000000,0.076957
1110,12.4644,Link_08,0.000000,-0.035477,0.014899,0.000887,0.000000,0.000000,0.038478
1120,12.5738,Trunk_02,0.000000,-0.003595,0.616108,0.054196,0.000000,0.000000,0.616119
1120,12.5738,Trunk_03,0.000000,-0.000799,0.154092,0.000020,0.000000,0.000000,0.154094
1120,12.5738,Link_01,0.000000,-0.224924,0.210311,0.052526,0.000000,0.000000,0.307931
1120,12.5738,Link_02,0.000000,-0.217556,0.158905,0.041785,0.000000,0.000000,0.269409
1120,12.5738,Link_03,0.000000,-0.199118,0.116901,0.031498,0.000000,0.000000,0.230898
1120,12.5738,Link_04,0.000000,-0.172120,0.085984,0.022206,0.000000,0.000000,0.192402
1120,12.5738,Link_05,0.000000,-0.140343,0.063200,0.014322,0.000000,0.000000,0.153917
1120,12.5738,Link_06,0.000000,-0.106158,0.045345,0.008077,0.000000,0.000000,0.115437
1120,12.5738,Link_07,0.000000,-0.070954,0.029800,0.003583,0.000000,0.000000,0.076958
1120,12.5738,Link_08,0.000000,-0.035477,0.014899,0.000887,0.000000,0.000000,0.038479
1130,12.6826,Trunk_02,0.000000,-0.003596,0.616109,0.054196,0.000000,0.000000,0.616120
1130,12.6826,Trunk_03,0.000000,-0.000800,0.154092,0.000020,0.000000,0.000000,0.154094
1130,12.6826,Link_01,0.000000,-0.224925,0.210311,0.052526,0.000000,0.000000,0.307931
1130,12.6826,Link_02,0.000000,-0.217557,0.158904,0.041785,0.000000,0.000000,0.269410
1130,12.6826,Link_03,0.000000,-0.199119,0.116900,0.031498,0.000000,0.000000,0.230899
1130,12.6826,Link_04,0.000000,-0.172121,0.085984,0.022206,0.000000,0.000000,0.192403
1130,12.6826,Link_05,0.000000,-0.140343,0.063200,0.014322,0.000000,0.000000,0.153917
1130,12.6826,Link_06,0.000000,-0.106158,0.045345,0.008077,0.000000,0.000000,0.115437
1130,12.6826,Link_07,0.000000,-0.070954,0.029800,0.003583,0.000000,0.000000,0.076957
1130,12.6826,Link_08,0.000000,-0.035477,0.014899,0.000887,0.000000,0.000000,0.038479
1140,12.7940,Trunk_02,0.000000,-0.003596,0.616109,0.054196,0.000000,0.000000,0.616120
1140,12.7940,Trunk_03,0.000000,-0.000799,0.154092,0.000020,0.000000,0.000000,0.154094
1140,12.7940,Link_01,0.000000,-0.224925,0.210311,0.052526,0.000000,0.000000,0.307932
1140,12.7940,Link_02,0.000000,-0.217558,0.158905,0.041785,0.000000,0.000000,0.269411
1140,12.7940,Link_03,0.000000,-0.199120,0.116901,0.031498,0.000000,0.000000,0.230899
1140,12.7940,Link_04,0.000000,-0.172121,0.085984,0.022206,0.000000,0.000000,0.192403
1140,12.7940,Link_05,0.000000,-0.140343,0.063200,0.014322,0.000000,0.000000,0.153917
1140,12.7940,Link_06,0.000000,-0.106157,0.045345,0.008077,0.000000,0.000000,0.115436
1140,12.7940,Link_07,0.000000,-0.070953,0.029800,0.003583,0.000000,0.000000,0.076957
1140,12.7940,Link_08,0.000000,-0.035477,0.014899,0.000887,0.000000,0.000000,0.038478
1150,12.9057,Trunk_02,0.000000,-0.003596,0.616109,0.054196,0.000000,0.000000,0.616119
1150,12.9057,Trunk_03,0.000000,-0.000800,0.154092,0.000020,0.000000,0.000000,0.154094
1150,12.9057,Link_01,0.000000,-0.224924,0.210310,0.052526,0.000000,0.000000,0.307931
1150,12.9057,Link_02,0.000000,-0.217557,0.158904,0.041785,0.000000,0.000000,0.269409
1150,12.9057,Link_03,0.000000,-0.199119,0.116900,0.031498,0.000000,0.000000,0.230898
1150,12.9057,Link_04,0.000000,-0.172120,0.085984,0.022205,0.000000,0.000000,0.192402
1150,12.9057,Link_05,0.000000,-0.140342,0.063200,0.014322,0.000000,0.000000,0.153916
1150,12.9057,Link_06,0.000000,-0.106157,0.045345,0.008077,0.000000,0.000000,0.115436
1150,12.9057,Link_07,0.000000,-0.070953,0.029800,0.003583,0.000000,0.000000,0.076957
1150,12.9057,Link_08,0.000000,-0.035477,0.014899,0.000887,0.000000,0.000000,0.038478
1160,13.0163,Trunk_02,0.000000,-0.003596,0.616109,0.054196,0.000000,0.000000,0.616119
1160,13.0163,Trunk_03,0.000000,-0.000800,0.154092,0.000020,0.000000,0.000000,0.154094
1160,13.0163,Link_01,0.000000,-0.224924,0.210310,0.052526,0.000000,0.000000,0.307931
1160,13.0163,Link_02,0.000000,-0.217556,0.158905,0.041785,0.000000,0.000000,0.269410
1160,13.0163,Link_03,0.000000,-0.199119,0.116901,0.031498,0.000000,0.000000,0.230898
1160,13.0163,Link_04,0.000000,-0.172120,0.085984,0.022206,0.000000,0.000000,0.192402
1160,13.0163,Link_05,0.000000,-0.140343,0.063200,0.014322,0.000000,0.000000,0.153917
1160,13.0163,Link_06,0.000000,-0.106158,0.045345,0.008077,0.000000,0.000000,0.115437
1160,13.0163,Link_07,0.000000,-0.070954,0.029800,0.003583,0.000000,0.000000,0.076958
1160,13.0163,Link_08,0.000000,-0.035477,0.014899,0.000887,0.000000,0.000000,0.038479
1170,13.1317,Trunk_02,0.000000,-0.003596,0.616109,0.054196,0.000000,0.000000,0.616119
1170,13.1317,Trunk_03,0.000000,-0.000800,0.154092,0.000020,0.000000,0.000000,0.154094
1170,13.1317,Link_01,0.000000,-0.224924,0.210310,0.052526,0.000000,0.000000,0.307931
1170,13.1317,Link_02,0.000000,-0.217557,0.158904,0.041785,0.000000,0.000000,0.269410
1170,13.1317,Link_03,0.000000,-0.199119,0.116900,0.031498,0.000000,0.000000,0.230898
1170,13.1317,Link_04,0.000000,-0.172120,0.085984,0.022206,0.000000,0.000000,0.192402
1170,13.1317,Link_05,0.000000,-0.140343,0.063200,0.014322,0.000000,0.000000,0.153917
1170,13.1317,Link_06,0.000000,-0.106157,0.045345,0.008077,0.000000,0.000000,0.115436
1170,13.1317,Link_07,0.000000,-0.070954,0.029800,0.003583,0.000000,0.000000,0.076957
1170,13.1317,Link_08,0.000000,-0.035477,0.014899,0.000887,0.000000,0.000000,0.038479
1180,13.2442,Trunk_02,0.000000,-0.003596,0.616109,0.054196,0.000000,0.000000,0.616119
1180,13.2442,Trunk_03,0.000000,-0.000800,0.154092,0.000020,0.000000,0.000000,0.154094
1180,13.2442,Link_01,0.000000,-0.224925,0.210310,0.052526,0.000000,0.000000,0.307931
1180,13.2442,Link_02,0.000000,-0.217557,0.158904,0.041785,0.000000,0.000000,0.269410
1180,13.2442,Link_03,0.000000,-0.199119,0.116901,0.031498,0.000000,0.000000,0.230898
1180,13.2442,Link_04,0.000000,-0.172120,0.085984,0.022206,0.000000,0.000000,0.192402
1180,13.2442,Link_05,0.000000,-0.140343,0.063200,0.014322,0.000000,0.000000,0.153917
1180,13.2442,Link_06,0.000000,-0.106157,0.045345,0.008077,0.000000,0.000000,0.115436
1180,13.2442,Link_07,0.000000,-0.070953,0.029800,0.003583,0.000000,0.000000,0.076957
1180,13.2442,Link_08,0.000000,-0.035477,0.014899,0.000887,0.000000,0.000000,0.038479
1190,13.3534,Trunk_02,0.000000,-0.003596,0.616109,0.054196,0.000000,0.000000,0.616119
1190,13.3534,Trunk_03,0.000000,-0.000800,0.154092,0.000020,0.000000,0.000000,0.154094
1190,13.3534,Link_01,0.000000,-0.224925,0.210311,0.052526,0.000000,0.000000,0.307931
1190,13.3534,Link_02,0.000000,-0.217557,0.158904,0.041785,0.000000,0.000000,0.269410
1190,13.3534,Link_03,0.000000,-0.199119,0.116901,0.031498,0.000000,0.000000,0.230898
1190,13.3534,Link_04,0.000000,-0.172121,0.085984,0.022206,0.000000,0.000000,0.192402
1190,13.3534,Link_05,0.000000,-0.140343,0.063200,0.014322,0.000000,0.000000,0.153917
1190,13.3534,Link_06,0.000000,-0.106157,0.045345,0.008077,0.000000,0.000000,0.115436
1190,13.3534,Link_07,0.000000,-0.070953,0.029800,0.003583,0.000000,0.000000,0.076957
1190,13.3534,Link_08,0.000000,-0.035477,0.014899,0.000887,0.000000,0.000000,0.038478
1200,13.4669,Trunk_02,0.000000,-0.003593,0.616108,0.054196,0.000000,0.000000,0.616119
1200,13.4669,Trunk_03,0.000000,-0.000799,0.154092,0.000020,0.000000,0.000000,0.154094
1200,13.4669,Link_01,0.000000,-0.224923,0.210311,0.052526,0.000000,0.000000,0.307930
1200,13.4669,Link_02,0.000000,-0.217555,0.158905,0.041785,0.000000,0.000000,0.269409
1200,13.4669,Link_03,0.000000,-0.199118,0.116901,0.031498,0.000000,0.000000,0.230898
1200,13.4669,Link_04,0.000000,-0.172120,0.085984,0.022206,0.000000,0.000000,0.192402
1200,13.4669,Link_05,0.000000,-0.140343,0.063201,0.014322,0.000000,0.000000,0.153917
1200,13.4669,Link_06,0.000000,-0.106157,0.045345,0.008077,0.000000,0.000000,0.115437
1200,13.4669,Link_07,0.000000,-0.070954,0.029800,0.003583,0.000000,0.000000,0.076958
1200,13.4669,Link_08,0.000000,-0.035477,0.014899,0.000887,0.000000,0.000000,0.038479
1210,13.5776,Trunk_02,0.000000,-0.003596,0.616109,0.054196,0.000000,0.000000,0.616119
1210,13.5776,Trunk_03,0.000000,-0.000800,0.154092,0.000020,0.000000,0.000000,0.154094
1210,13.5776,Link_01,0.000000,-0.224925,0.210311,0.052526,0.000000,0.000000,0.307931
1210,13.5776,Link_02,0.000000,-0.217557,0.158905,0.041785,0.000000,0.000000,0.269410
1210,13.5776,Link_03,0.000000,-0.199119,0.116901,0.031498,0.000000,0.000000,0.230899
1210,13.5776,Link_04,0.000000,-0.172121,0.085984,0.022206,0.000000,0.000000,0.192402
1210,13.5776,Link_05,0.000000,-0.140343,0.063200,0.014322,0.000000,0.000000,0.153917
1210,13.5776,Link_06,0.000000,-0.106157,0.045345,0.008077,0.000000,0.000000,0.115436
1210,13.5776,Link_07,0.000000,-0.070953,0.029800,0.003583,0.000000,0.000000,0.076957
1210,13.5776,Link_08,0.000000,-0.035477,0.014899,0.000887,0.000000,0.000000,0.038478
1220,13.6883,Trunk_02,0.000000,-0.003596,0.616109,0.054196,0.000000,0.000000,0.616119
1220,13.6883,Trunk_03,0.000000,-0.000800,0.154092,0.000020,0.000000,0.000000,0.154094
1220,13.6883,Link_01,0.000000,-0.224925,0.210310,0.052526,0.000000,0.000000,0.307931
1220,13.6883,Link_02,0.000000,-0.217557,0.158904,0.041785,0.000000,0.000000,0.269410
1220,13.6883,Link_03,0.000000,-0.199119,0.116900,0.031498,0.000000,0.000000,0.230898
1220,13.6883,Link_04,0.000000,-0.172120,0.085984,0.022205,0.000000,0.000000,0.192402
1220,13.6883,Link_05,0.000000,-0.140343,0.063200,0.014322,0.000000,0.000000,0.153917
1220,13.6883,Link_06,0.000000,-0.106157,0.045345,0.008077,0.000000,0.000000,0.115436
1220,13.6883,Link_07,0.000000,-0.070953,0.029800,0.003583,0.000000,0.000000,0.076957
1220,13.6883,Link_08,0.000000,-0.035477,0.014899,0.000887,0.000000,0.000000,0.038478
1230,13.7965,Trunk_02,0.000000,-0.003596,0.616109,0.054196,0.000000,0.000000,0.616119
1230,13.7965,Trunk_03,0.000000,-0.000800,0.154092,0.000020,0.000000,0.000000,0.154094
1230,13.7965,Link_01,0.000000,-0.224925,0.210311,0.052526,0.000000,0.000000,0.307931
1230,13.7965,Link_02,0.000000,-0.217557,0.158904,0.041785,0.000000,0.000000,0.269410
1230,13.7965,Link_03,0.000000,-0.199119,0.116901,0.031498,0.000000,0.000000,0.230898
1230,13.7965,Link_04,0.000000,-0.172120,0.085984,0.022206,0.000000,0.000000,0.192402
1230,13.7965,Link_05,0.000000,-0.140343,0.063200,0.014322,0.000000,0.000000,0.153917
1230,13.7965,Link_06,0.000000,-0.106157,0.045345,0.008077,0.000000,0.000000,0.115436
1230,13.7965,Link_07,0.000000,-0.070954,0.029800,0.003583,0.000000,0.000000,0.076957
1230,13.7965,Link_08,0.000000,-0.035477,0.014899,0.000887,0.000000,0.000000,0.038479
1240,13.9072,Trunk_02,0.000000,-0.003596,0.616109,0.054196,0.000000,0.000000,0.616119
1240,13.9072,Trunk_03,0.000000,-0.000800,0.154092,0.000020,0.000000,0.000000,0.154094
1240,13.9072,Link_01,0.000000,-0.224924,0.210311,0.052526,0.000000,0.000000,0.307931
1240,13.9072,Link_02,0.000000,-0.217556,0.158905,0.041785,0.000000,0.000000,0.269410
1240,13.9072,Link_03,0.000000,-0.199119,0.116901,0.031498,0.000000,0.000000,0.230898
1240,13.9072,Link_04,0.000000,-0.172121,0.085984,0.022206,0.000000,0.000000,0.192402
1240,13.9072,Link_05,0.000000,-0.140343,0.063200,0.014322,0.000000,0.000000,0.153917
1240,13.9072,Link_06,0.000000,-0.106157,0.045345,0.008077,0.000000,0.000000,0.115437
1240,13.9072,Link_07,0.000000,-0.070954,0.029800,0.003583,0.000000,0.000000,0.076957
1240,13.9072,Link_08,0.000000,-0.035477,0.014899,0.000887,0.000000,0.000000,0.038479
1250,14.0176,Trunk_02,0.000000,-0.003596,0.616109,0.054196,0.000000,0.000000,0.616120
1250,14.0176,Trunk_03,0.000000,-0.000800,0.154092,0.000020,0.000000,0.000000,0.154094
1250,14.0176,Link_01,0.000000,-0.224925,0.210311,0.052526,0.000000,0.000000,0.307931
1250,14.0176,Link_02,0.000000,-0.217557,0.158905,0.041785,0.000000,0.000000,0.269410
1250,14.0176,Link_03,0.000000,-0.199119,0.116901,0.031498,0.000000,0.000000,0.230899
1250,14.0176,Link_04,0.000000,-0.172121,0.085983,0.022206,0.000000,0.000000,0.192403
1250,14.0176,Link_05,0.000000,-0.140343,0.063200,0.014322,0.000000,0.000000,0.153917
1250,14.0176,Link_06,0.000000,-0.106158,0.045345,0.008077,0.000000,0.000000,0.115437
1250,14.0176,Link_07,0.000000,-0.070954,0.029800,0.003583,0.000000,0.000000,0.076957
1250,14.0176,Link_08,0.000000,-0.035477,0.014899,0.000887,0.000000,0.000000,0.038479
1260,14.1268,Trunk_02,0.000000,-0.003596,0.616109,0.054196,0.000000,0.000000,0.616120
1260,14.1268,Trunk_03,0.000000,-0.000800,0.154092,0.000020,0.000000,0.000000,0.154094
1260,14.1268,Link_01,0.000000,-0.224925,0.210310,0.052526,0.000000,0.000000,0.307932
1260,14.1268,Link_02,0.000000,-0.217557,0.158904,0.041785,0.000000,0.000000,0.269410
1260,14.1268,Link_03,0.000000,-0.199119,0.116900,0.031498,0.000000,0.000000,0.230899
1260,14.1268,Link_04,0.000000,-0.172121,0.085984,0.022206,0.000000,0.000000,0.192402
1260,14.1268,Link_05,0.000000,-0.140343,0.063200,0.014322,0.000000,0.000000,0.153917
1260,14.1268,Link_06,0.000000,-0.106157,0.045345,0.008077,0.000000,0.000000,0.115436
1260,14.1268,Link_07,0.000000,-0.070954,0.029800,0.003583,0.000000,0.000000,0.076957
1260,14.1268,Link_08,0.000000,-0.035477,0.014899,0.000887,0.000000,0.000000,0.038479
1270,14.2341,Trunk_02,0.000000,-0.003596,0.616109,0.054196,0.000000,0.000000,0.616119
1270,14.2341,Trunk_03,0.000000,-0.000800,0.154092,0.000020,0.000000,0.000000,0.154094
1270,14.2341,Link_01,0.000000,-0.224925,0.210310,0.052526,0.000000,0.000000,0.307931
1270,14.2341,Link_02,0.000000,-0.217557,0.158905,0.041785,0.000000,0.000000,0.269410
1270,14.2341,Link_03,0.000000,-0.199119,0.116900,0.031498,0.000000,0.000000,0.230898
1270,14.2341,Link_04,0.000000,-0.172120,0.085984,0.022206,0.000000,0.000000,0.192402
1270,14.2341,Link_05,0.000000,-0.140343,0.063200,0.014322,0.000000,0.000000,0.153917
1270,14.2341,Link_06,0.000000,-0.106157,0.045345,0.008077,0.000000,0.000000,0.115436
1270,14.2341,Link_07,0.000000,-0.070953,0.029800,0.003583,0.000000,0.000000,0.076957
1270,14.2341,Link_08,0.000000,-0.035477,0.014899,0.000887,0.000000,0.000000,0.038479
1280,14.3468,Trunk_02,0.000000,-0.003596,0.616109,0.054196,0.000000,0.000000,0.616120
1280,14.3468,Trunk_03,0.000000,-0.000800,0.154092,0.000020,0.000000,0.000000,0.154094
1280,14.3468,Link_01,0.000000,-0.224925,0.210311,0.052526,0.000000,0.000000,0.307931
1280,14.3468,Link_02,0.000000,-0.217557,0.158905,0.041785,0.000000,0.000000,0.269410
1280,14.3468,Link_03,0.000000,-0.199119,0.116901,0.031498,0.000000,0.000000,0.230899
1280,14.3468,Link_04,0.000000,-0.172121,0.085984,0.022206,0.000000,0.000000,0.192403
1280,14.3468,Link_05,0.000000,-0.140343,0.063200,0.014322,0.000000,0.000000,0.153917
1280,14.3468,Link_06,0.000000,-0.106158,0.045345,0.008077,0.000000,0.000000,0.115437
1280,14.3468,Link_07,0.000000,-0.070954,0.029800,0.003583,0.000000,0.000000,0.076957
1280,14.3468,Link_08,0.000000,-0.035477,0.014899,0.000887,0.000000,0.000000,0.038479
1290,14.4595,Trunk_02,0.000000,-0.003597,0.616109,0.054196,0.000000,0.000000,0.616119
1290,14.4595,Trunk_03,0.000000,-0.000800,0.154092,0.000020,0.000000,0.000000,0.154094
1290,14.4595,Link_01,0.000000,-0.224925,0.210310,0.052526,0.000000,0.000000,0.307931
1290,14.4595,Link_02,0.000000,-0.217557,0.158904,0.041785,0.000000,0.000000,0.269410
1290,14.4595,Link_03,0.000000,-0.199119,0.116900,0.031498,0.000000,0.000000,0.230898
1290,14.4595,Link_04,0.000000,-0.172120,0.085984,0.022206,0.000000,0.000000,0.192402
1290,14.4595,Link_05,0.000000,-0.140343,0.063200,0.014322,0.000000,0.000000,0.153916
1290,14.4595,Link_06,0.000000,-0.106157,0.045345,0.008077,0.000000,0.000000,0.115436
1290,14.4595,Link_07,0.000000,-0.070954,0.029800,0.003583,0.000000,0.000000,0.076957
1290,14.4595,Link_08,0.000000,-0.035477,0.014899,0.000887,0.000000,0.000000,0.038479
1300,14.5701,Trunk_02,0.000000,-0.003597,0.616109,0.054196,0.000000,0.000000,0.616120
1300,14.5701,Trunk_03,0.000000,-0.000800,0.154092,0.000020,0.000000,0.000000,0.154094
1300,14.5701,Link_01,0.000000,-0.224925,0.210311,0.052526,0.000000,0.000000,0.307932
1300,14.5701,Link_02,0.000000,-0.217558,0.158904,0.041785,0.000000,0.000000,0.269410
1300,14.5701,Link_03,0.000000,-0.199119,0.116900,0.031498,0.000000,0.000000,0.230899
1300,14.5701,Link_04,0.000000,-0.172121,0.085983,0.022205,0.000000,0.000000,0.192402
1300,14.5701,Link_05,0.000000,-0.140343,0.063200,0.014322,0.000000,0.000000,0.153917
1300,14.5701,Link_06,0.000000,-0.106157,0.045345,0.008077,0.000000,0.000000,0.115436
1300,14.5701,Link_07,0.000000,-0.070953,0.029800,0.003583,0.000000,0.000000,0.076957
1300,14.5701,Link_08,0.000000,-0.035477,0.014899,0.000887,0.000000,0.000000,0.038478
1310,14.6807,Trunk_02,0.000000,-0.003596,0.616108,0.054196,0.000000,0.000000,0.616119
1310,14.6807,Trunk_03,0.000000,-0.000800,0.154092,0.000020,0.000000,0.000000,0.154094
1310,14.6807,Link_01,0.000000,-0.224924,0.210311,0.052526,0.000000,0.000000,0.307931
1310,14.6807,Link_02,0.000000,-0.217556,0.158905,0.041785,0.000000,0.000000,0.269409
1310,14.6807,Link_03,0.000000,-0.199118,0.116901,0.031498,0.000000,0.000000,0.230898
1310,14.6807,Link_04,0.000000,-0.172120,0.085984,0.022206,0.000000,0.000000,0.192402
1310,14.6807,Link_05,0.000000,-0.140343,0.063200,0.014322,0.000000,0.000000,0.153917
1310,14.6807,Link_06,0.000000,-0.106157,0.045345,0.008077,0.000000,0.000000,0.115436
1310,14.6807,Link_07,0.000000,-0.070954,0.029800,0.003583,0.000000,0.000000,0.076957
1310,14.6807,Link_08,0.000000,-0.035477,0.014899,0.000887,0.000000,0.000000,0.038479
1320,14.7906,Trunk_02,0.000000,-0.003597,0.616109,0.054196,0.000000,0.000000,0.616119
1320,14.7906,Trunk_03,0.000000,-0.000800,0.154092,0.000020,0.000000,0.000000,0.154094
1320,14.7906,Link_01,0.000000,-0.224925,0.210310,0.052526,0.000000,0.000000,0.307931
1320,14.7906,Link_02,0.000000,-0.217557,0.158904,0.041785,0.000000,0.000000,0.269410
1320,14.7906,Link_03,0.000000,-0.199119,0.116900,0.031498,0.000000,0.000000,0.230898
1320,14.7906,Link_04,0.000000,-0.172120,0.085983,0.022206,0.000000,0.000000,0.192402
1320,14.7906,Link_05,0.000000,-0.140343,0.063200,0.014322,0.000000,0.000000,0.153917
1320,14.7906,Link_06,0.000000,-0.106157,0.045345,0.008077,0.000000,0.000000,0.115436
1320,14.7906,Link_07,0.000000,-0.070954,0.029800,0.003583,0.000000,0.000000,0.076957
1320,14.7906,Link_08,0.000000,-0.035477,0.014899,0.000887,0.000000,0.000000,0.038479
1330,14.9013,Trunk_02,0.000000,-0.003596,0.616109,0.054196,0.000000,0.000000,0.616120
1330,14.9013,Trunk_03,0.000000,-0.000800,0.154092,0.000020,0.000000,0.000000,0.154094
1330,14.9013,Link_01,0.000000,-0.224925,0.210311,0.052526,0.000000,0.000000,0.307932
1330,14.9013,Link_02,0.000000,-0.217557,0.158904,0.041785,0.000000,0.000000,0.269410
1330,14.9013,Link_03,0.000000,-0.199119,0.116900,0.031498,0.000000,0.000000,0.230899
1330,14.9013,Link_04,0.000000,-0.172121,0.085983,0.022206,0.000000,0.000000,0.192402
1330,14.9013,Link_05,0.000000,-0.140343,0.063200,0.014322,0.000000,0.000000,0.153917
1330,14.9013,Link_06,0.000000,-0.106157,0.045345,0.008077,0.000000,0.000000,0.115436
1330,14.9013,Link_07,0.000000,-0.070954,0.029800,0.003583,0.000000,0.000000,0.076957
1330,14.9013,Link_08,0.000000,-0.035477,0.014899,0.000887,0.000000,0.000000,0.038479
1340,15.0107,Trunk_02,0.000000,-0.003596,0.616108,0.054196,0.000000,0.000000,0.616119
1340,15.0107,Trunk_03,0.000000,-0.000800,0.154092,0.000020,0.000000,0.000000,0.154094
1340,15.0107,Link_01,0.000000,-0.224924,0.210310,0.052526,0.000000,0.000000,0.307931
1340,15.0107,Link_02,0.000000,-0.217556,0.158905,0.041785,0.000000,0.000000,0.269409
1340,15.0107,Link_03,0.000000,-0.199119,0.116901,0.031498,0.000000,0.000000,0.230898
1340,15.0107,Link_04,0.000000,-0.172120,0.085984,0.022206,0.000000,0.000000,0.192402
1340,15.0107,Link_05,0.000000,-0.140343,0.063200,0.014322,0.000000,0.000000,0.153917
1340,15.0107,Link_06,0.000000,-0.106157,0.045345,0.008077,0.000000,0.000000,0.115436
1340,15.0107,Link_07,0.000000,-0.070954,0.029800,0.003583,0.000000,0.000000,0.076957
1340,15.0107,Link_08,0.000000,-0.035477,0.014899,0.000887,0.000000,0.000000,0.038479
1350,15.1214,Trunk_02,0.000000,-0.003596,0.616108,0.054196,0.000000,0.000000,0.616119
1350,15.1214,Trunk_03,0.000000,-0.000800,0.154092,0.000020,0.000000,0.000000,0.154094
1350,15.1214,Link_01,0.000000,-0.224924,0.210310,0.052526,0.000000,0.000000,0.307931
1350,15.1214,Link_02,0.000000,-0.217556,0.158905,0.041785,0.000000,0.000000,0.269409
1350,15.1214,Link_03,0.000000,-0.199118,0.116901,0.031498,0.000000,0.000000,0.230898
1350,15.1214,Link_04,0.000000,-0.172120,0.085984,0.022206,0.000000,0.000000,0.192402
1350,15.1214,Link_05,0.000000,-0.140343,0.063200,0.014322,0.000000,0.000000,0.153917
1350,15.1214,Link_06,0.000000,-0.106157,0.045345,0.008077,0.000000,0.000000,0.115436
1350,15.1214,Link_07,0.000000,-0.070953,0.029800,0.003583,0.000000,0.000000,0.076957
1350,15.1214,Link_08,0.000000,-0.035477,0.014899,0.000887,0.000000,0.000000,0.038479
1360,15.2335,Trunk_02,0.000000,-0.003596,0.616109,0.054196,0.000000,0.000000,0.616119
1360,15.2335,Trunk_03,0.000000,-0.000800,0.154092,0.000020,0.000000,0.000000,0.154094
1360,15.2335,Link_01,0.000000,-0.224925,0.210311,0.052526,0.000000,0.000000,0.307931
1360,15.2335,Link_02,0.000000,-0.217557,0.158905,0.041785,0.000000,0.000000,0.269410
1360,15.2335,Link_03,0.000000,-0.199119,0.116901,0.031498,0.000000,0.000000,0.230899
1360,15.2335,Link_04,0.000000,-0.172121,0.085984,0.022206,0.000000,0.000000,0.192402
1360,15.2335,Link_05,0.000000,-0.140343,0.063200,0.014322,0.000000,0.000000,0.153917
1360,15.2335,Link_06,0.000000,-0.106157,0.045345,0.008077,0.000000,0.000000,0.115436
1360,15.2335,Link_07,0.000000,-0.070954,0.029800,0.003583,0.000000,0.000000,0.076957
1360,15.2335,Link_08,0.000000,-0.035477,0.014899,0.000887,0.000000,0.000000,0.038479
1370,15.3446,Trunk_02,0.000000,-0.003597,0.616109,0.054196,0.000000,0.000000,0.616119
1370,15.3446,Trunk_03,0.000000,-0.000800,0.154092,0.000020,0.000000,0.000000,0.154094
1370,15.3446,Link_01,0.000000,-0.224925,0.210310,0.052526,0.000000,0.000000,0.307931
1370,15.3446,Link_02,0.000000,-0.217557,0.158904,0.041785,0.000000,0.000000,0.269410
1370,15.3446,Link_03,0.000000,-0.199119,0.116900,0.031498,0.000000,0.000000,0.230898
1370,15.3446,Link_04,0.000000,-0.172120,0.085983,0.022205,0.000000,0.000000,0.192402
1370,15.3446,Link_05,0.000000,-0.140342,0.063200,0.014322,0.000000,0.000000,0.153916
1370,15.3446,Link_06,0.000000,-0.106157,0.045345,0.008077,0.000000,0.000000,0.115436
1370,15.3446,Link_07,0.000000,-0.070953,0.029800,0.003583,0.000000,0.000000,0.076957
1370,15.3446,Link_08,0.000000,-0.035477,0.014899,0.000887,0.000000,0.000000,0.038478
1380,15.4543,Trunk_02,0.000000,-0.003596,0.616109,0.054196,0.000000,0.000000,0.616120
1380,15.4543,Trunk_03,0.000000,-0.000800,0.154092,0.000020,0.000000,0.000000,0.154094
1380,15.4543,Link_01,0.000000,-0.224925,0.210311,0.052526,0.000000,0.000000,0.307932
1380,15.4543,Link_02,0.000000,-0.217557,0.158905,0.041785,0.000000,0.000000,0.269410
1380,15.4543,Link_03,0.000000,-0.199120,0.116900,0.031498,0.000000,0.000000,0.230899
1380,15.4543,Link_04,0.000000,-0.172121,0.085983,0.022206,0.000000,0.000000,0.192403
1380,15.4543,Link_05,0.000000,-0.140343,0.063200,0.014322,0.000000,0.000000,0.153917
1380,15.4543,Link_06,0.000000,-0.106158,0.045345,0.008077,0.000000,0.000000,0.115437
1380,15.4543,Link_07,0.000000,-0.070954,0.029800,0.003583,0.000000,0.000000,0.076957
1380,15.4543,Link_08,0.000000,-0.035477,0.014899,0.000887,0.000000,0.000000,0.038479
1390,15.5663,Trunk_02,0.000000,-0.003595,0.616109,0.054196,0.000000,0.000000,0.616119
1390,15.5663,Trunk_03,0.000000,-0.000799,0.154092,0.000020,0.000000,0.000000,0.154094
1390,15.5663,Link_01,0.000000,-0.224924,0.210310,0.052526,0.000000,0.000000,0.307931
1390,15.5663,Link_02,0.000000,-0.217557,0.158905,0.041785,0.000000,0.000000,0.269410
1390,15.5663,Link_03,0.000000,-0.199119,0.116901,0.031498,0.000000,0.000000,0.230898
1390,15.5663,Link_04,0.000000,-0.172120,0.085984,0.022206,0.000000,0.000000,0.192402
1390,15.5663,Link_05,0.000000,-0.140343,0.063200,0.014322,0.000000,0.000000,0.153917
1390,15.5663,Link_06,0.000000,-0.106157,0.045345,0.008077,0.000000,0.000000,0.115436
1390,15.5663,Link_07,0.000000,-0.070954,0.029800,0.003583,0.000000,0.000000,0.076957
1390,15.5663,Link_08,0.000000,-0.035477,0.014899,0.000887,0.000000,0.000000,0.038479
1400,15.6767,Trunk_02,0.000000,-0.003596,0.616108,0.054196,0.000000,0.000000,0.616118
1400,15.6767,Trunk_03,0.000000,-0.000801,0.154092,0.000020,0.000000,0.000000,0.154094
1400,15.6767,Link_01,0.000000,-0.224923,0.210310,0.052525,0.000000,0.000000,0.307930
1400,15.6767,Link_02,0.000000,-0.217556,0.158904,0.041785,0.000000,0.000000,0.269409
1400,15.6767,Link_03,0.000000,-0.199118,0.116901,0.031498,0.000000,0.000000,0.230897
1400,15.6767,Link_04,0.000000,-0.172119,0.085984,0.022205,0.000000,0.000000,0.192401
1400,15.6767,Link_05,0.000000,-0.140342,0.063200,0.014322,0.000000,0.000000,0.153916
1400,15.6767,Link_06,0.000000,-0.106157,0.045345,0.008077,0.000000,0.000000,0.115436
1400,15.6767,Link_07,0.000000,-0.070953,0.029800,0.003583,0.000000,0.000000,0.076957
1400,15.6767,Link_08,0.000000,-0.035477,0.014899,0.000887,0.000000,0.000000,0.038478
1410,15.7891,Trunk_02,0.000000,-0.003598,0.616109,0.054196,0.000000,0.000000,0.616120
1410,15.7891,Trunk_03,0.000000,-0.000801,0.154092,0.000020,0.000000,0.000000,0.154094
1410,15.7891,Link_01,0.000000,-0.224926,0.210310,0.052526,0.000000,0.000000,0.307932
1410,15.7891,Link_02,0.000000,-0.217558,0.158904,0.041785,0.000000,0.000000,0.269410
1410,15.7891,Link_03,0.000000,-0.199120,0.116900,0.031498,0.000000,0.000000,0.230899
1410,15.7891,Link_04,0.000000,-0.172121,0.085983,0.022206,0.000000,0.000000,0.192402
1410,15.7891,Link_05,0.000000,-0.140343,0.063200,0.014322,0.000000,0.000000,0.153917
1410,15.7891,Link_06,0.000000,-0.106157,0.045345,0.008077,0.000000,0.000000,0.115436
1410,15.7891,Link_07,0.000000,-0.070953,0.029799,0.003583,0.000000,0.000000,0.076957
1410,15.7891,Link_08,0.000000,-0.035477,0.014899,0.000887,0.000000,0.000000,0.038478
1420,15.8993,Trunk_02,0.000000,-0.003596,0.616109,0.054196,0.000000,0.000000,0.616120
1420,15.8993,Trunk_03,0.000000,-0.000799,0.154092,0.000020,0.000000,0.000000,0.154094
1420,15.8993,Link_01,0.000000,-0.224925,0.210310,0.052526,0.000000,0.000000,0.307931
1420,15.8993,Link_02,0.000000,-0.217557,0.158904,0.041785,0.000000,0.000000,0.269410
1420,15.8993,Link_03,0.000000,-0.199119,0.116900,0.031498,0.000000,0.000000,0.230899
1420,15.8993,Link_04,0.000000,-0.172121,0.085983,0.022206,0.000000,0.000000,0.192402
1420,15.8993,Link_05,0.000000,-0.140343,0.063200,0.014322,0.000000,0.000000,0.153917
1420,15.8993,Link_06,0.000000,-0.106157,0.045345,0.008077,0.000000,0.000000,0.115436
1420,15.8993,Link_07,0.000000,-0.070954,0.029799,0.003583,0.000000,0.000000,0.076957
1420,15.8993,Link_08,0.000000,-0.035477,0.014899,0.000887,0.000000,0.000000,0.038479
1430,16.0083,Trunk_02,0.000000,-0.003596,0.616108,0.054196,0.000000,0.000000,0.616119
1430,16.0083,Trunk_03,0.000000,-0.000800,0.154092,0.000020,0.000000,0.000000,0.154094
1430,16.0083,Link_01,0.000000,-0.224924,0.210310,0.052525,0.000000,0.000000,0.307930
1430,16.0083,Link_02,0.000000,-0.217556,0.158905,0.041785,0.000000,0.000000,0.269409
1430,16.0083,Link_03,0.000000,-0.199118,0.116900,0.031498,0.000000,0.000000,0.230898
1430,16.0083,Link_04,0.000000,-0.172119,0.085984,0.022205,0.000000,0.000000,0.192401
1430,16.0083,Link_05,0.000000,-0.140342,0.063200,0.014322,0.000000,0.000000,0.153916
1430,16.0083,Link_06,0.000000,-0.106157,0.045345,0.008077,0.000000,0.000000,0.115436
1430,16.0083,Link_07,0.000000,-0.070953,0.029800,0.003583,0.000000,0.000000,0.076957
1430,16.0083,Link_08,0.000000,-0.035477,0.014899,0.000887,0.000000,0.000000,0.038478
1440,16.1184,Trunk_02,0.000000,-0.003596,0.616109,0.054196,0.000000,0.000000,0.616119
1440,16.1184,Trunk_03,0.000000,-0.000800,0.154092,0.000020,0.000000,0.000000,0.154094
1440,16.1184,Link_01,0.000000,-0.224925,0.210310,0.052526,0.000000,0.000000,0.307931
1440,16.1184,Link_02,0.000000,-0.217557,0.158904,0.041785,0.000000,0.000000,0.269410
1440,16.1184,Link_03,0.000000,-0.199119,0.116901,0.031498,0.000000,0.000000,0.230898
1440,16.1184,Link_04,0.000000,-0.172120,0.085984,0.022206,0.000000,0.000000,0.192402
1440,16.1184,Link_05,0.000000,-0.140343,0.063200,0.014322,0.000000,0.000000,0.153917
1440,16.1184,Link_06,0.000000,-0.106157,0.045345,0.008077,0.000000,0.000000,0.115436
1440,16.1184,Link_07,0.000000,-0.070953,0.029800,0.003583,0.000000,0.000000,0.076957
1440,16.1184,Link_08,0.000000,-0.035477,0.014899,0.000887,0.000000,0.000000,0.038478
1450,16.2334,Trunk_02,0.000220,-0.005900,0.592577,0.046558,-0.000005,-0.000041,0.592606
1450,16.2334,Trunk_03,-0.000000,-0.000674,0.154091,0.000017,-0.000000,-0.000000,0.154092
1450,16.2334,Link_01,-0.000122,-0.208836,0.193101,0.044948,-0.000052,-0.000035,0.284430
1450,16.2334,Link_02,-0.000601,-0.197003,0.147199,0.035004,-0.000126,-0.000026,0.245922
1450,16.2334,Link_03,-0.000893,-0.176135,0.109671,0.025715,-0.000152,-0.000023,0.207490
1450,16.2334,Link_04,-0.001025,-0.148495,0.081136,0.017532,-0.000147,-0.000024,0.169219
1450,16.2334,Link_05,-0.001021,-0.117214,0.058821,0.010789,-0.000122,-0.000025,0.131149
1450,16.2334,Link_06,-0.000911,-0.084231,0.040025,0.005660,-0.000088,-0.000026,0.093261
1450,16.2334,Link_07,-0.000730,-0.050649,0.022667,0.002227,-0.000053,-0.000026,0.055494
1450,16.2334,Link_08,-0.000476,-0.016916,0.005689,0.000517,-0.000023,-0.000026,0.017853
1460,16.3479,Trunk_02,-0.000864,0.007894,0.583026,0.041925,-0.000782,0.000645,0.583081
1460,16.3479,Trunk_03,0.000014,-0.000449,0.154092,0.000011,0.000000,-0.000000,0.154093
1460,16.3479,Link_01,-0.001780,-0.192167,0.196687,0.040724,-0.001159,-0.000084,0.274986
1460,16.3479,Link_02,-0.003671,-0.178901,0.154718,0.031648,-0.001313,-0.000060,0.236552
1460,16.3479,Link_03,-0.004957,-0.158217,0.119682,0.023306,-0.001311,-0.000053,0.198446
1460,16.3479,Link_04,-0.005642,-0.132249,0.091736,0.016044,-0.001194,-0.000056,0.161050
1460,16.3479,Link_05,-0.005848,-0.103933,0.068559,0.010101,-0.001000,-0.000063,0.124646
1460,16.3479,Link_06,-0.005729,-0.075169,0.048059,0.005579,-0.000762,-0.000069,0.089403
1460,16.3479,Link_07,-0.005451,-0.047121,0.028664,0.002489,-0.000505,-0.000074,0.055423
1460,16.3479,Link_08,-0.005005,-0.020306,0.009632,0.000792,-0.000241,-0.000075,0.023025
1470,16.4644,Trunk_02,-0.008012,-0.015894,0.620517,0.057207,-0.003039,0.002533,0.620772
1470,16.4644,Trunk_03,-0.000061,-0.000895,0.154092,0.000023,-0.000002,0.000000,0.154094
1470,16.4644,Link_01,-0.011353,-0.236605,0.204213,0.055154,-0.004469,-0.000236,0.312752
1470,16.4644,Link_02,-0.016687,-0.228675,0.150474,0.043777,-0.004557,-0.000124,0.274250
1470,16.4644,Link_03,-0.019232,-0.209098,0.106845,0.032922,-0.004097,-0.000079,0.235601
1470,16.4644,Link_04,-0.019620,-0.180564,0.075204,0.023146,-0.003368,-0.000066,0.196581
1470,16.4644,Link_05,-0.018510,-0.146850,0.052372,0.014878,-0.002544,-0.000064,0.157004
1470,16.4644,Link_06,-0.016376,-0.110209,0.034954,0.008364,-0.001732,-0.000067,0.116773
1470,16.4644,Link_07,-0.013549,-0.071942,0.020057,0.003743,-0.001006,-0.000069,0.075904
1470,16.4644,Link_08,-0.010037,-0.032720,0.006066,0.001094,-0.000408,-0.000069,0.034758
1480,16.5763,Trunk_02,-0.010743,-0.014857,0.621242,0.058332,-0.004294,0.003575,0.621513
1480,16.5763,Trunk_03,-0.000060,-0.000897,0.154091,0.000023,-0.000001,-0.000000,0.154093
1480,16.5763,Link_01,-0.015776,-0.236398,0.205323,0.056234,-0.006409,-0.000344,0.313513
1480,16.5763,Link_02,-0.023338,-0.229575,0.149649,0.044782,-0.006525,-0.000160,0.275035
1480,16.5763,Link_03,-0.026687,-0.210477,0.104494,0.033805,-0.005831,-0.000087,0.236499
1480,16.5763,Link_04,-0.027094,-0.182115,0.072205,0.023894,-0.004785,-0.000065,0.197771
1480,16.5763,Link_05,-0.025593,-0.148627,0.049455,0.015491,-0.003622,-0.000064,0.158716
1480,16.5763,Link_06,-0.022827,-0.112393,0.032613,0.008841,-0.002484,-0.000072,0.119235
1480,16.5763,Link_07,-0.019200,-0.074710,0.018525,0.004074,-0.001457,-0.000080,0.079331
1480,16.5763,Link_08,-0.014684,-0.036234,0.005421,0.001260,-0.000596,-0.000085,0.039471
1490,16.6867,Trunk_02,-0.017364,-0.004243,0.606883,0.053249,-0.006753,0.005929,0.607146
1490,16.6867,Trunk_03,-0.000109,-0.000721,0.154091,0.000018,-0.000003,-0.000000,0.154093
1490,16.6867,Link_01,-0.021997,-0.218266,0.203467,0.051453,-0.009512,-0.000326,0.299203
1490,16.6867,Link_02,-0.031026,-0.209668,0.151927,0.040852,-0.009340,-0.000167,0.260778
1490,16.6867,Link_03,-0.035626,-0.190349,0.109674,0.030826,-0.008348,-0.000102,0.222554
1490,16.6867,Link_04,-0.036657,-0.163241,0.078480,0.021870,-0.006933,-0.000085,0.184798
1490,16.6867,Link_05,-0.035268,-0.132370,0.055389,0.014342,-0.005349,-0.000090,0.147762
1490,16.6867,Link_06,-0.032299,-0.100186,0.037339,0.008406,-0.003765,-0.000103,0.111690
1490,16.6867,Link_07,-0.028344,-0.068142,0.021694,0.004110,-0.002288,-0.000116,0.076924
1490,16.6867,Link_08,-0.023340,-0.037149,0.007090,0.001445,-0.000974,-0.000124,0.044442
1500,16.8022,Trunk_02,-0.026165,-0.012348,0.625152,0.060081,-0.009849,0.008468,0.625821
1500,16.8022,Trunk_03,-0.000185,-0.000898,0.154091,0.000022,-0.000005,-0.000000,0.154094
1500,16.8022,Link_01,-0.034875,-0.236908,0.209534,0.057718,-0.014247,-0.000585,0.318192
1500,16.8022,Link_02,-0.049329,-0.230679,0.150511,0.045927,-0.014094,-0.000319,0.279820
1500,16.8022,Link_03,-0.055797,-0.211339,0.102607,0.034732,-0.012467,-0.000211,0.241466
1500,16.8022,Link_04,-0.056288,-0.182626,0.068810,0.024694,-0.010166,-0.000162,0.203114
1500,16.8022,Link_05,-0.052992,-0.149249,0.045524,0.016215,-0.007670,-0.000137,0.164790
1500,16.8022,Link_06,-0.047352,-0.113814,0.028905,0.009489,-0.005260,-0.000128,0.126615
1500,16.8022,Link_07,-0.040230,-0.077742,0.015559,0.004595,-0.003098,-0.000124,0.088907
1500,16.8022,Link_08,-0.031621,-0.042017,0.003644,0.001561,-0.001270,-0.000121,0.052712
1510,16.9175,Trunk_02,-0.027954,-0.016471,0.635300,0.064176,-0.010895,0.009350,0.636128
1510,16.9175,Trunk_03,-0.000187,-0.001001,0.154090,0.000025,-0.000005,0.000000,0.154094
1510,16.9175,Link_01,-0.038582,-0.247088,0.213158,0.061515,-0.016050,-0.000673,0.328599
1510,16.9175,Link_02,-0.055859,-0.243118,0.148370,0.049057,-0.016064,-0.000347,0.290242
1510,16.9175,Link_03,-0.063396,-0.223929,0.096181,0.037144,-0.014262,-0.000214,0.251822
1510,16.9175,Link_04,-0.063814,-0.194173,0.060609,0.026428,-0.011641,-0.000148,0.213188
1510,16.9175,Link_05,-0.059947,-0.159276,0.037397,0.017361,-0.008789,-0.000117,0.174244
1510,16.9175,Link_06,-0.053625,-0.121961,0.022009,0.010149,-0.006040,-0.000108,0.135035
1510,16.9175,Link_07,-0.045855,-0.083545,0.010478,0.004888,-0.003573,-0.000109,0.095876
1510,16.9175,Link_08,-0.036665,-0.044936,0.000638,0.001629,-0.001472,-0.000112,0.058000
1520,17.0334,Trunk_02,-0.033611,-0.011082,0.624058,0.060453,-0.012497,0.011178,0.625060
1520,17.0334,Trunk_03,-0.000217,-0.000886,0.154090,0.000022,-0.000005,-0.000000,0.154093
1520,17.0334,Link_01,-0.040863,-0.235311,0.209579,0.058133,-0.017476,-0.000443,0.317749
1520,17.0334,Link_02,-0.056649,-0.230404,0.147692,0.046328,-0.016956,-0.000259,0.279478
1520,17.0334,Link_03,-0.064449,-0.211064,0.097673,0.035037,-0.015020,-0.000172,0.241333
1520,17.0334,Link_04,-0.065493,-0.181973,0.063062,0.024926,-0.012329,-0.000125,0.203421
1520,17.0334,Link_05,-0.062217,-0.148526,0.039822,0.016419,-0.009390,-0.000106,0.165881
1520,17.0334,Link_06,-0.056392,-0.113489,0.023783,0.009682,-0.006523,-0.000106,0.128940
1520,17.0334,Link_07,-0.049086,-0.078255,0.011336,0.004762,-0.003909,-0.000116,0.093068
1520,17.0334,Link_08,-0.040342,-0.043867,0.000612,0.001667,-0.001632,-0.000126,0.059600
1530,17.1462,Trunk_02,-0.036272,-0.010179,0.623628,0.060481,-0.013824,0.012399,0.624765
1530,17.1462,Trunk_03,-0.000230,-0.000866,0.154091,0.000022,-0.000006,0.000000,0.154093
1530,17.1462,Link_01,-0.043964,-0.234261,0.209875,0.058120,-0.019299,-0.000480,0.317583
1530,17.1462,Link_02,-0.061092,-0.229370,0.147297,0.046282,-0.018727,-0.000326,0.279355
1530,17.1462,Link_03,-0.069730,-0.209829,0.096665,0.034987,-0.016647,-0.000251,0.241318
1530,17.1462,Link_04,-0.071073,-0.180641,0.061644,0.024909,-0.013728,-0.000194,0.203673
1530,17.1462,Link_05,-0.067861,-0.147357,0.038110,0.016451,-0.010522,-0.000158,0.166648
1530,17.1462,Link_06,-0.062087,-0.112756,0.021874,0.009754,-0.007375,-0.000141,0.130565
1530,17.1462,Link_07,-0.054927,-0.078215,0.009311,0.004848,-0.004471,-0.000137,0.096027
1530,17.1462,Link_08,-0.046407,-0.044876,-0.001404,0.001729,-0.001891,-0.000135,0.064571
1540,17.2609,Trunk_02,-0.044845,-0.017172,0.637519,0.065911,-0.016508,0.015294,0.639325
1540,17.2609,Trunk_03,-0.000264,-0.001004,0.154090,0.000025,-0.000007,0.000000,0.154093
1540,17.2609,Link_01,-0.049961,-0.249936,0.213758,0.063494,-0.022375,-0.000227,0.332651
1540,17.2609,Link_02,-0.068323,-0.248422,0.142717,0.050845,-0.021456,-0.000241,0.294533
1540,17.2609,Link_03,-0.078706,-0.228639,0.085595,0.038502,-0.019177,-0.000216,0.256509
1540,17.2609,Link_04,-0.080823,-0.197444,0.047658,0.027425,-0.015913,-0.000169,0.218604
1540,17.2609,Link_05,-0.077644,-0.161656,0.023814,0.018120,-0.012256,-0.000137,0.180909
1540,17.2609,Link_06,-0.071582,-0.124277,0.008925,0.010738,-0.008627,-0.000127,0.143696
1540,17.2609,Link_07,-0.064016,-0.086544,-0.001422,0.005312,-0.005249,-0.000129,0.107656
1540,17.2609,Link_08,-0.055021,-0.049566,-0.009478,0.001858,-0.002214,-0.000130,0.074659
1550,17.3766,Trunk_02,-0.062602,-0.018866,0.642620,0.067711,-0.020916,0.020413,0.645937
1550,17.3766,Trunk_03,-0.000395,-0.001066,0.154089,0.000027,-0.000010,0.000000,0.154093
1550,17.3766,Link_01,-0.057736,-0.257210,0.215556,0.066238,-0.026117,0.000480,0.340521
1550,17.3766,Link_02,-0.073147,-0.259545,0.137578,0.053560,-0.023856,-0.000050,0.302724
1550,17.3766,Link_03,-0.085039,-0.239613,0.074801,0.040622,-0.021284,-0.000182,0.265030
1550,17.3766,Link_04,-0.088479,-0.206631,0.034392,0.028932,-0.017737,-0.000166,0.227393
1550,17.3766,Link_05,-0.085883,-0.169049,0.010206,0.019136,-0.013706,-0.000135,0.189888
1550,17.3766,Link_06,-0.079889,-0.130218,-0.003772,0.011379,-0.009663,-0.000124,0.152818
1550,17.3766,Link_07,-0.072010,-0.091255,-0.012528,0.005665,-0.005871,-0.000130,0.116918
1550,17.3766,Link_08,-0.062252,-0.053288,-0.018577,0.001997,-0.002446,-0.000138,0.084024
1560,17.4877,Trunk_02,-0.065258,-0.019178,0.637659,0.066544,-0.022048,0.021823,0.641277
1560,17.4877,Trunk_03,-0.000393,-0.001026,0.154089,0.000026,-0.000010,0.000000,0.154093
1560,17.4877,Link_01,-0.057143,-0.254611,0.211935,0.065503,-0.027016,0.000698,0.336168
1560,17.4877,Link_02,-0.070754,-0.257022,0.134231,0.053130,-0.024362,-0.000008,0.298470
1560,17.4877,Link_03,-0.083010,-0.236982,0.071288,0.040314,-0.021848,-0.000208,0.261023
1560,17.4877,Link_04,-0.087321,-0.203966,0.030696,0.028723,-0.018387,-0.000201,0.223986
1560,17.4877,Link_05,-0.085875,-0.166681,0.006249,0.019030,-0.014392,-0.000161,0.187606
1560,17.4877,Link_06,-0.081421,-0.128505,-0.008058,0.011363,-0.010312,-0.000138,0.152341
1560,17.4877,Link_07,-0.075573,-0.090490,-0.017115,0.005702,-0.006393,-0.000137,0.119133
1560,17.4877,Link_08,-0.068356,-0.053831,-0.023230,0.002043,-0.002724,-0.000143,0.090055
1570,17.6007,Trunk_02,-0.074336,-0.020268,0.636270,0.066115,-0.024504,0.024799,0.640918
1570,17.6007,Trunk_03,-0.000436,-0.001029,0.154089,0.000026,-0.000011,0.000000,0.154093
1570,17.6007,Link_01,-0.059859,-0.256319,0.209982,0.065963,-0.029011,0.001165,0.336711
1570,17.6007,Link_02,-0.070996,-0.259850,0.130342,0.053814,-0.025567,0.000156,0.299251
1570,17.6007,Link_03,-0.084011,-0.239482,0.065509,0.040858,-0.022989,-0.000132,0.262109
1570,17.6007,Link_04,-0.089466,-0.205627,0.023890,0.029098,-0.019501,-0.000153,0.225516
1570,17.6007,Link_05,-0.089019,-0.167697,-0.001035,0.019290,-0.015395,-0.000129,0.189862
1570,17.6007,Link_06,-0.085536,-0.129274,-0.015528,0.011553,-0.011131,-0.000120,0.155786
1570,17.6007,Link_07,-0.080808,-0.091386,-0.024624,0.005837,-0.006968,-0.000131,0.124450
1570,17.6007,Link_08,-0.074973,-0.055308,-0.030601,0.002116,-0.002989,-0.000145,0.098063
1580,17.7131,Trunk_02,-0.094861,-0.022509,0.641506,0.067290,-0.029219,0.030361,0.648872
1580,17.7131,Trunk_03,-0.000548,-0.001070,0.154088,0.000027,-0.000014,0.000000,0.154092
1580,17.7131,Link_01,-0.067806,-0.266661,0.211226,0.069102,-0.032553,0.001982,0.346874
1580,17.7131,Link_02,-0.074464,-0.273951,0.124435,0.057033,-0.027511,0.000320,0.309964
1580,17.7131,Link_03,-0.089153,-0.253022,0.052728,0.043340,-0.024742,-0.000173,0.273402
1580,17.7131,Link_04,-0.096160,-0.216794,0.007840,0.030825,-0.021059,-0.000225,0.237293
1580,17.7131,Link_05,-0.096372,-0.176557,-0.017935,0.020424,-0.016631,-0.000186,0.201944
1580,17.7131,Link_06,-0.092936,-0.136217,-0.031905,0.012243,-0.011993,-0.000158,0.167959
1580,17.7131,Link_07,-0.087811,-0.096599,-0.039741,0.006194,-0.007460,-0.000154,0.136461
1580,17.7131,Link_08,-0.081074,-0.059002,-0.044036,0.002240,-0.003143,-0.000156,0.109515
1590,17.8234,Trunk_02,-0.099316,-0.023669,0.646438,0.068553,-0.030374,0.031848,0.654451
1590,17.8234,Trunk_03,-0.000529,-0.001057,0.154087,0.000027,-0.000013,-0.000000,0.154091
1590,17.8234,Link_01,-0.067477,-0.272834,0.213425,0.071042,-0.033048,0.002243,0.352905
1590,17.8234,Link_02,-0.071567,-0.281881,0.123865,0.058918,-0.027440,0.000364,0.316103
1590,17.8234,Link_03,-0.086881,-0.261338,0.048667,0.044831,-0.024787,-0.000208,0.279668
1590,17.8234,Link_04,-0.094815,-0.224412,0.002009,0.031884,-0.021229,-0.000267,0.243629
1590,17.8234,Link_05,-0.095841,-0.183196,-0.024200,0.021108,-0.016857,-0.000210,0.208163
1590,17.8234,Link_06,-0.093271,-0.141667,-0.037850,0.012621,-0.012224,-0.000163,0.173787
1590,17.8234,Link_07,-0.089195,-0.100438,-0.044934,0.006341,-0.007654,-0.000148,0.141642
1590,17.8234,Link_08,-0.083742,-0.060602,-0.048156,0.002256,-0.003246,-0.000149,0.114036
1600,17.9354,Trunk_02,-0.094042,-0.020987,0.635324,0.065208,-0.029420,0.030965,0.642589
1600,17.9354,Trunk_03,-0.000479,-0.000969,0.154087,0.000024,-0.000012,-0.000000,0.154091
1600,17.9354,Link_01,-0.063793,-0.262016,0.208151,0.067658,-0.032367,0.002236,0.340660
1600,17.9354,Link_02,-0.066760,-0.268991,0.124449,0.056179,-0.026816,0.000470,0.303810
1600,17.9354,Link_03,-0.081157,-0.249070,0.054122,0.042824,-0.024218,-0.000083,0.267491
1600,17.9354,Link_04,-0.089403,-0.213886,0.009432,0.030511,-0.020869,-0.000165,0.232010
1600,17.9354,Link_05,-0.091485,-0.174567,-0.016705,0.020244,-0.016734,-0.000139,0.197793
1600,17.9354,Link_06,-0.090420,-0.135055,-0.031355,0.012153,-0.012285,-0.000119,0.165526
1600,17.9354,Link_07,-0.088291,-0.096110,-0.039952,0.006159,-0.007809,-0.000127,0.136487
1600,17.9354,Link_08,-0.085383,-0.058918,-0.044758,0.002235,-0.003380,-0.000146,0.112982
1610,18.0452,Trunk_02,-0.101638,-0.014922,0.630419,0.062540,-0.031288,0.033098,0.638734
1610,18.0452,Trunk_03,-0.000548,-0.000910,0.154088,0.000023,-0.000014,-0.000000,0.154091
1610,18.0452,Link_01,-0.068350,-0.256368,0.209102,0.066090,-0.034272,0.002517,0.337817
1610,18.0452,Link_02,-0.070134,-0.264396,0.126191,0.055224,-0.028064,0.000519,0.301244
1610,18.0452,Link_03,-0.085012,-0.244909,0.056228,0.042124,-0.025209,-0.000121,0.265271
1610,18.0452,Link_04,-0.093681,-0.209990,0.011495,0.030001,-0.021647,-0.000221,0.230226
1610,18.0452,Link_05,-0.095753,-0.171016,-0.015011,0.019907,-0.017292,-0.000190,0.196571
1610,18.0452,Link_06,-0.094240,-0.132047,-0.030210,0.011968,-0.012635,-0.000158,0.165016
1610,18.0452,Link_07,-0.091285,-0.093943,-0.039439,0.006090,-0.007982,-0.000152,0.136799
1610,18.0452,Link_08,-0.087182,-0.058086,-0.044924,0.002232,-0.003426,-0.000155,0.113986
1620,18.1583,Trunk_02,-0.106164,-0.016241,0.640676,0.065109,-0.032474,0.034448,0.649616
1620,18.1583,Trunk_03,-0.000578,-0.001002,0.154087,0.000025,-0.000015,-0.000000,0.154092
1620,18.1583,Link_01,-0.069244,-0.266163,0.214827,0.069119,-0.034949,0.002665,0.348982
1620,18.1583,Link_02,-0.070353,-0.276623,0.127051,0.057849,-0.028435,0.000481,0.312429
1620,18.1583,Link_03,-0.086269,-0.257233,0.052396,0.044090,-0.025655,-0.000212,0.276326
1620,18.1583,Link_04,-0.095438,-0.220987,0.005593,0.031336,-0.022070,-0.000298,0.240780
1620,18.1583,Link_05,-0.097557,-0.180270,-0.021155,0.020717,-0.017622,-0.000237,0.206064
1620,18.1583,Link_06,-0.095979,-0.139199,-0.035578,0.012366,-0.012861,-0.000178,0.172783
1620,18.1583,Link_07,-0.092966,-0.098411,-0.043525,0.006198,-0.008114,-0.000152,0.142203
1620,18.1583,Link_08,-0.088856,-0.058987,-0.047513,0.002198,-0.003478,-0.000142,0.116758
1630,18.2693,Trunk_02,-0.102159,-0.016936,0.638983,0.064746,-0.031691,0.033786,0.647319
1630,18.2693,Trunk_03,-0.000536,-0.000985,0.154087,0.000025,-0.000013,-0.000000,0.154091
1630,18.2693,Link_01,-0.065068,-0.264845,0.213301,0.068644,-0.034009,0.002697,0.346229
1630,18.2693,Link_02,-0.064900,-0.274597,0.127357,0.057489,-0.027539,0.000585,0.309573
1630,18.2693,Link_03,-0.080285,-0.255713,0.053992,0.043891,-0.024927,-0.000079,0.273405
1630,18.2693,Link_04,-0.089847,-0.220161,0.007657,0.031235,-0.021602,-0.000175,0.237912
1630,18.2693,Link_05,-0.092952,-0.179958,-0.019050,0.020665,-0.017407,-0.000139,0.203440
1630,18.2693,Link_06,-0.092799,-0.139219,-0.033689,0.012337,-0.012841,-0.000109,0.170671
1630,18.2693,Link_07,-0.091648,-0.098584,-0.041990,0.006181,-0.008204,-0.000110,0.141002
1630,18.2693,Link_08,-0.089954,-0.059002,-0.046312,0.002189,-0.003573,-0.000127,0.117123
1640,18.3801,Trunk_02,-0.107557,-0.009633,0.626000,0.059886,-0.032902,0.035312,0.635245
1640,18.3801,Trunk_03,-0.000565,-0.000851,0.154088,0.000021,-0.000014,-0.000000,0.154091
1640,18.3801,Link_01,-0.068574,-0.252351,0.209800,0.064966,-0.035449,0.002992,0.335261
1640,18.3801,Link_02,-0.066447,-0.261768,0.128195,0.054874,-0.028308,0.000714,0.298951
1640,18.3801,Link_03,-0.081689,-0.243510,0.058120,0.041996,-0.025429,-0.000034,0.263340
1640,18.3801,Link_04,-0.091772,-0.209201,0.012930,0.029938,-0.021980,-0.000169,0.228811
1640,18.3801,Link_05,-0.095275,-0.170553,-0.014098,0.019870,-0.017686,-0.000151,0.195869
1640,18.3801,Link_06,-0.095078,-0.131834,-0.029854,0.011951,-0.013015,-0.000129,0.165261
1640,18.3801,Link_07,-0.093418,-0.093920,-0.039614,0.006084,-0.008282,-0.000133,0.138265
1640,18.3801,Link_08,-0.090728,-0.058134,-0.045478,0.002231,-0.003582,-0.000148,0.116959
1650,18.4894,Trunk_02,-0.111039,-0.010128,0.632220,0.061366,-0.033867,0.036204,0.641977
1650,18.4894,Trunk_03,-0.000602,-0.000910,0.154088,0.000023,-0.000015,-0.000000,0.154092
1650,18.4894,Link_01,-0.071107,-0.257893,0.213480,0.066614,-0.036384,0.002975,0.342256
1650,18.4894,Link_02,-0.069551,-0.268773,0.128623,0.056247,-0.029113,0.000578,0.305974
1650,18.4894,Link_03,-0.085527,-0.250297,0.055637,0.042966,-0.026169,-0.000217,0.270294
1650,18.4894,Link_04,-0.095545,-0.215002,0.009190,0.030557,-0.022552,-0.000332,0.235455
1650,18.4894,Link_05,-0.098531,-0.175237,-0.018011,0.020217,-0.018067,-0.000270,0.201844
1650,18.4894,Link_06,-0.097694,-0.135234,-0.033324,0.012091,-0.013236,-0.000202,0.170126
1650,18.4894,Link_07,-0.095357,-0.095708,-0.042317,0.006087,-0.008384,-0.000166,0.141576
1650,18.4894,Link_08,-0.091948,-0.057851,-0.047270,0.002182,-0.003610,-0.000146,0.118472
1660,18.6013,Trunk_02,-0.091302,-0.026510,0.660068,0.068266,-0.025908,0.025053,0.666880
1660,18.6013,Trunk_03,-0.000631,-0.001651,0.154089,0.000043,-0.000016,-0.000000,0.154099
1660,18.6013,Link_01,-0.079245,-0.277540,0.221816,0.067434,-0.030619,0.000597,0.364020
1660,18.6013,Link_02,-0.088590,-0.283585,0.135788,0.054357,-0.025757,-0.000683,0.326660
1660,18.6013,Link_03,-0.098600,-0.262326,0.067107,0.040531,-0.021563,-0.001077,0.288167
1660,18.6013,Link_04,-0.100138,-0.224234,0.026814,0.028123,-0.016645,-0.000873,0.247038
1660,18.6013,Link_05,-0.094456,-0.179574,0.006529,0.017863,-0.011653,-0.000538,0.203005
1660,18.6013,Link_06,-0.082057,-0.133179,-0.001577,0.009931,-0.007116,-0.000257,0.156437
1660,18.6013,Link_07,-0.062463,-0.087280,-0.003271,0.004347,-0.003414,-0.000074,0.107378
1660,18.6013,Link_08,-0.035177,-0.042800,-0.002227,0.001063,-0.000912,0.000010,0.055446
1670,18.7130,Trunk_02,0.145751,0.013705,0.599144,0.046526,0.032582,-0.038040,0.616769
1670,18.7130,Trunk_03,0.001100,-0.000555,0.154087,0.000013,0.000029,-0.000000,0.154092
1670,18.7130,Link_01,0.078395,-0.237157,0.207858,0.057619,0.030579,-0.005591,0.324953
1670,18.7130,Link_02,0.032604,-0.246994,0.149826,0.051158,0.015467,-0.002825,0.290718
1670,18.7130,Link_03,0.028213,-0.236214,0.097445,0.040251,0.010574,-0.001620,0.257077
1670,18.7130,Link_04,0.035253,-0.212242,0.059556,0.029224,0.008234,-0.001010,0.223240
1670,18.7130,Link_05,0.041585,-0.179666,0.034789,0.019340,0.006195,-0.000602,0.187669
1670,18.7130,Link_06,0.042334,-0.141213,0.019716,0.011185,0.004062,-0.000308,0.148734
1670,18.7130,Link_07,0.035859,-0.098192,0.010610,0.005091,0.002062,-0.000109,0.105072
1670,18.7130,Link_08,0.021773,-0.051076,0.004503,0.001293,0.000577,-0.000005,0.055706
1680,18.8284,Trunk_02,0.028229,-0.008773,0.591474,0.048079,0.009539,-0.006476,0.592212
1680,18.8284,Trunk_03,0.000429,-0.000715,0.154092,0.000018,0.000011,0.000000,0.154095
1680,18.8284,Link_01,0.045900,-0.206929,0.190100,0.045395,0.014436,0.001690,0.284718
1680,18.8284,Link_02,0.061301,-0.192133,0.141611,0.034929,0.013939,0.001230,0.246427
1680,18.8284,Link_03,0.064070,-0.170177,0.101952,0.025699,0.011449,0.000994,0.208469
1680,18.8284,Link_04,0.059238,-0.143388,0.072498,0.017807,0.008414,0.000737,0.171246
1680,18.8284,Link_05,0.050475,-0.114489,0.050668,0.011334,0.005561,0.000469,0.134992
1680,18.8284,Link_06,0.039643,-0.085002,0.034030,0.006319,0.003197,0.000242,0.099775
1680,18.8284,Link_07,0.027483,-0.055826,0.020711,0.002774,0.001442,0.000083,0.065580
1680,18.8284,Link_08,0.014244,-0.027439,0.009524,0.000681,0.000360,0.000002,0.032349
1690,18.9468,Trunk_02,-0.086210,-0.001589,0.640616,0.060980,-0.021645,0.022538,0.646393
1690,18.9468,Trunk_03,-0.000634,-0.000921,0.154091,0.000023,-0.000017,-0.000000,0.154095
1690,18.9468,Link_01,-0.062661,-0.249988,0.226574,0.061940,-0.023159,0.001750,0.343156
1690,18.9468,Link_02,-0.052198,-0.254234,0.161901,0.051315,-0.016114,0.000639,0.305895
1690,18.9468,Link_03,-0.053148,-0.239810,0.108430,0.039532,-0.012412,0.000194,0.268497
1690,18.9468,Link_04,-0.054642,-0.211974,0.071256,0.028324,-0.009450,0.000034,0.230209
1690,18.9468,Link_05,-0.052997,-0.176484,0.047034,0.018540,-0.006670,-0.000012,0.190178
1690,18.9468,Link_06,-0.046923,-0.136444,0.031283,0.010614,-0.004111,-0.000014,0.147639
1690,18.9468,Link_07,-0.036073,-0.093318,0.019880,0.004782,-0.001983,-0.000005,0.102004
1690,18.9468,Link_08,-0.020423,-0.047760,0.009879,0.001203,-0.000531,0.000001,0.052874
1700,19.0610,Trunk_02,0.018693,-0.022860,0.631162,0.062543,0.002221,-0.005162,0.631852
1700,19.0610,Trunk_03,0.000063,-0.001070,0.154090,0.000027,0.000002,-0.000000,0.154094
1700,19.0610,Link_01,-0.011411,-0.250020,0.206046,0.060448,-0.002401,-0.002247,0.324184
1700,19.0610,Link_02,-0.032474,-0.243178,0.146521,0.048156,-0.005652,-0.001245,0.285760
1700,19.0610,Link_03,-0.035246,-0.224037,0.098323,0.036433,-0.005117,-0.000870,0.247189
1700,19.0610,Link_04,-0.030632,-0.195456,0.064936,0.025854,-0.003669,-0.000617,0.208226
1700,19.0610,Link_05,-0.023708,-0.161313,0.042878,0.016820,-0.002274,-0.000391,0.168589
1700,19.0610,Link_06,-0.016663,-0.123808,0.028169,0.009580,-0.001209,-0.000203,0.128061
1700,19.0610,Link_07,-0.010262,-0.084106,0.017411,0.004296,-0.000502,-0.000071,0.086500
1700,19.0610,Link_08,-0.004695,-0.042772,0.008330,0.001075,-0.000114,-0.000002,0.043828
1710,19.1744,Trunk_02,0.044974,0.009495,0.599065,0.046853,0.011870,-0.011554,0.600826
1710,19.1744,Trunk_03,0.000348,-0.000572,0.154091,0.000014,0.000009,-0.000000,0.154093
1710,19.1744,Link_01,0.040252,-0.204328,0.208147,0.046024,0.014311,-0.000413,0.294440
1710,19.1744,Link_02,0.040321,-0.196654,0.159636,0.036638,0.011247,-0.000142,0.256481
1710,19.1744,Link_03,0.041976,-0.178339,0.119601,0.027459,0.008932,-0.000012,0.218795
1710,19.1744,Link_04,0.041787,-0.152281,0.089478,0.019191,0.006755,0.000028,0.181499
1710,19.1744,Link_05,0.038896,-0.122385,0.066573,0.012251,0.004683,0.000028,0.144648
1710,19.1744,Link_06,0.033164,-0.091103,0.048036,0.006831,0.002829,0.000015,0.108199
1710,19.1744,Link_07,0.024687,-0.059859,0.031577,0.002993,0.001338,0.000005,0.072040
1710,19.1744,Link_08,0.013607,-0.029404,0.015752,0.000731,0.000351,-0.000000,0.036026
1720,19.2882,Trunk_02,-0.021733,-0.001046,0.608918,0.051339,-0.004546,0.005527,0.609307
1720,19.2882,Trunk_03,-0.000148,-0.000732,0.154092,0.000018,-0.000004,-0.000000,0.154094
1720,19.2882,Link_01,-0.010182,-0.218623,0.207371,0.050063,-0.003966,0.000971,0.301500
1720,19.2882,Link_02,-0.002179,-0.210039,0.158415,0.039773,-0.001745,0.000553,0.263090
1720,19.2882,Link_03,-0.001452,-0.191226,0.118129,0.029906,-0.001141,0.000350,0.224775
1720,19.2882,Link_04,-0.003059,-0.164615,0.087930,0.021031,-0.000941,0.000223,0.186653
1720,19.2882,Link_05,-0.004697,-0.133699,0.065099,0.013531,-0.000760,0.000131,0.148779
1720,19.2882,Link_06,-0.005408,-0.100724,0.046765,0.007612,-0.000528,0.000065,0.111182
1720,19.2882,Link_07,-0.004890,-0.067042,0.030619,0.003370,-0.000280,0.000022,0.073865
1720,19.2882,Link_08,-0.003087,-0.033381,0.015215,0.000833,-0.000083,0.000001,0.036814
1730,19.4046,Trunk_02,-0.018033,-0.009080,0.627929,0.058684,-0.005348,0.004570,0.628254
1730,19.4046,Trunk_03,-0.000161,-0.000914,0.154091,0.000023,-0.000004,-0.000000,0.154094
1730,19.4046,Link_01,-0.021673,-0.237333,0.214030,0.056721,-0.007369,-0.000279,0.320321
1730,19.4046,Link_02,-0.026508,-0.231801,0.158133,0.045308,-0.006616,-0.000196,0.281851
1730,19.4046,Link_03,-0.027947,-0.213751,0.112726,0.034301,-0.005398,-0.000167,0.243264
1730,19.4046,Link_04,-0.026812,-0.186028,0.080215,0.024294,-0.004040,-0.000131,0.204352
1730,19.4046,Link_05,-0.023885,-0.152783,0.057337,0.015750,-0.002744,-0.000086,0.164926
1730,19.4046,Link_06,-0.019591,-0.116488,0.040416,0.008931,-0.001623,-0.000045,0.124846
1730,19.4046,Link_07,-0.014127,-0.078522,0.026368,0.003986,-0.000753,-0.000016,0.084027
1730,19.4046,Link_08,-0.007585,-0.039605,0.013165,0.000993,-0.000194,-0.000000,0.042419
1740,19.5174,Trunk_02,0.015747,-0.007188,0.620824,0.056471,0.003388,-0.004073,0.621066
1740,19.5174,Trunk_03,0.000109,-0.000860,0.154091,0.000022,0.000003,-0.000000,0.154093
1740,19.5174,Link_01,0.007009,-0.231441,0.210719,0.054832,0.002830,-0.000682,0.313076
1740,19.5174,Link_02,0.001203,-0.225231,0.157082,0.043807,0.001204,-0.000349,0.274600
1740,19.5174,Link_03,0.000738,-0.207117,0.113323,0.033128,0.000783,-0.000204,0.236094
1740,19.5174,Link_04,0.001888,-0.179811,0.081628,0.023426,0.000646,-0.000126,0.197481
1740,19.5174,Link_05,0.003051,-0.147283,0.058934,0.015157,0.000521,-0.000073,0.158666
1740,19.5174,Link_06,0.003581,-0.111963,0.041791,0.008576,0.000361,-0.000037,0.119562
1740,19.5174,Link_07,0.003270,-0.075234,0.027315,0.003817,0.000191,-0.000013,0.080106
1740,19.5174,Link_08,0.002076,-0.037824,0.013630,0.000947,0.000056,-0.000000,0.040259
1750,19.6293,Trunk_02,0.005394,0.001117,0.607267,0.050708,0.001757,-0.001363,0.607292
1750,19.6293,Trunk_03,0.000050,-0.000708,0.154092,0.000018,0.000001,-0.000000,0.154093
1750,19.6293,Link_01,0.007629,-0.214952,0.207900,0.049182,0.002558,0.000192,0.299140
1750,19.6293,Link_02,0.010002,-0.206180,0.159141,0.038930,0.002409,0.000126,0.260645
1750,19.6293,Link_03,0.010584,-0.187328,0.119146,0.029201,0.001980,0.000095,0.222260
1750,19.6293,Link_04,0.010011,-0.160778,0.089179,0.020483,0.001472,0.000069,0.184126
1750,19.6293,Link_05,0.008744,-0.130110,0.066450,0.013141,0.000988,0.000043,0.146358
1750,19.6293,Link_06,0.007024,-0.097621,0.048045,0.007369,0.000576,0.000022,0.109030
1750,19.6293,Link_07,0.004964,-0.064690,0.031644,0.003249,0.000264,0.000008,0.072186
1750,19.6293,Link_08,0.002616,-0.032060,0.015809,0.000799,0.000067,0.000000,0.035842
1760,19.7419,Trunk_02,-0.008539,-0.001817,0.613669,0.052993,-0.002084,0.002179,0.613732
1760,19.7419,Trunk_03,-0.000063,-0.000768,0.154092,0.000019,-0.000002,-0.000000,0.154094
1760,19.7419,Link_01,-0.006325,-0.221924,0.210005,0.051410,-0.002283,0.000183,0.305601
1760,19.7419,Link_02,-0.005221,-0.214054,0.159674,0.040845,-0.001600,0.000095,0.267100
1760,19.7419,Link_03,-0.005308,-0.195479,0.118461,0.030748,-0.001237,0.000052,0.228633
1760,19.7419,Link_04,-0.005500,-0.168645,0.087864,0.021649,-0.000947,0.000030,0.190241
1760,19.7419,Link_05,-0.005376,-0.137234,0.065006,0.013945,-0.000672,0.000016,0.151947
1760,19.7419,Link_06,-0.004782,-0.103582,0.046811,0.007854,-0.000416,0.000008,0.113769
1760,19.7419,Link_07,-0.003683,-0.069074,0.030796,0.003480,-0.000201,0.000003,0.075718
1760,19.7419,Link_08,-0.002086,-0.034456,0.015393,0.000861,-0.000054,0.000000,0.037796
1770,19.8532,Trunk_02,-0.000926,-0.007042,0.622520,0.056736,-0.000507,0.000220,0.622560
1770,19.8532,Trunk_03,-0.000014,-0.000868,0.154091,0.000022,-0.000000,-0.000000,0.154094
1770,19.8532,Link_01,-0.003247,-0.232109,0.212017,0.054937,-0.001025,-0.000182,0.314383
1770,19.8532,Link_02,-0.005294,-0.225715,0.158490,0.043827,-0.001160,-0.000104,0.275852
1770,19.8532,Link_03,-0.005681,-0.207523,0.114865,0.033132,-0.000983,-0.000071,0.237260
1770,19.8532,Link_04,-0.005238,-0.180163,0.083183,0.023428,-0.000725,-0.000049,0.198508
1770,19.8532,Link_05,-0.004417,-0.147577,0.060362,0.015159,-0.000477,-0.000031,0.159505
1770,19.8532,Link_06,-0.003426,-0.112186,0.042971,0.008579,-0.000272,-0.000016,0.120182
1770,19.8532,Link_07,-0.002343,-0.075379,0.028157,0.003819,-0.000122,-0.000005,0.080500
1770,19.8532,Link_08,-0.001199,-0.037893,0.014075,0.000949,-0.000030,-0.000000,0.040441
1780,19.9641,Trunk_02,0.004530,-0.004572,0.617198,0.054803,0.001112,-0.001159,0.617232
1780,19.9641,Trunk_03,0.000034,-0.000815,0.154091,0.000020,0.000001,-0.000000,0.154094
1780,19.9641,Link_01,0.003333,-0.226457,0.210297,0.053108,0.001210,-0.000095,0.309061
1780,19.9641,Link_02,0.002734,-0.219408,0.158259,0.042289,0.000844,-0.000045,0.270543
1780,19.9641,Link_03,0.002781,-0.201056,0.115780,0.031902,0.000652,-0.000022,0.232026
1780,19.9641,Link_04,0.002879,-0.173966,0.084671,0.022505,0.000499,-0.000011,0.193498
1780,19.9641,Link_05,0.002811,-0.141989,0.061941,0.014525,0.000353,-0.000005,0.154937
1780,19.9641,Link_06,0.002497,-0.107519,0.044311,0.008197,0.000218,-0.000002,0.116319
1780,19.9641,Link_07,0.001922,-0.071948,0.029085,0.003638,0.000105,-0.000001,0.077628
1780,19.9641,Link_08,0.001089,-0.036018,0.014537,0.000901,0.000028,-0.000000,0.038856
1790,20.0753,Trunk_02,-0.000502,-0.001112,0.611615,0.052389,-0.000011,0.000132,0.611617
1790,20.0753,Trunk_03,-0.000001,-0.000750,0.154092,0.000019,-0.000000,-0.000000,0.154093
1790,20.0753,Link_01,0.000567,-0.219828,0.209156,0.050805,0.000153,0.000089,0.303432
1790,20.0753,Link_02,0.001431,-0.211738,0.159207,0.040322,0.000267,0.000052,0.264919
1790,20.0753,Link_03,0.001563,-0.193102,0.118307,0.030324,0.000238,0.000034,0.226467
1790,20.0753,Link_04,0.001373,-0.166348,0.087902,0.021327,0.000171,0.000023,0.188150
1790,20.0753,Link_05,0.001076,-0.135147,0.065132,0.013721,0.000107,0.000014,0.150027
1790,20.0753,Link_06,0.000766,-0.101829,0.046952,0.007717,0.000057,0.000007,0.112135
1790,20.0753,Link_07,0.000477,-0.067779,0.030905,0.003414,0.000024,0.000002,0.074494
1790,20.0753,Link_08,0.000221,-0.033746,0.015450,0.000842,0.000005,0.000000,0.037116
1800,20.1840,Trunk_02,-0.002080,-0.003169,0.615705,0.053926,-0.000553,0.000530,0.615717
1800,20.1840,Trunk_03,-0.000017,-0.000792,0.154092,0.000020,-0.000000,-0.000000,0.154094
1800,20.1840,Link_01,-0.001917,-0.224319,0.210363,0.052270,-0.000672,0.000013,0.307531
1800,20.1840,Link_02,-0.001972,-0.216799,0.159252,0.041565,-0.000536,0.000004,0.269011
1800,20.1840,Link_03,-0.002050,-0.198317,0.117466,0.031322,-0.000427,-0.000000,0.230503
1800,20.1840,Link_04,-0.002025,-0.171354,0.086630,0.022075,-0.000322,-0.000002,0.192019
1800,20.1840,Link_05,-0.001872,-0.139661,0.063810,0.014235,-0.000223,-0.000002,0.153559
1800,20.1840,Link_06,-0.001588,-0.105595,0.045838,0.008026,-0.000135,-0.000001,0.115126
1800,20.1840,Link_07,-0.001178,-0.070545,0.030136,0.003560,-0.000064,-0.000000,0.076721
1800,20.1840,Link_08,-0.000647,-0.035256,0.015067,0.000881,-0.000017,0.000000,0.038346
1810,20.2940,Trunk_02,0.000667,-0.005324,0.619287,0.055473,0.000107,-0.000173,0.619310
1810,20.2940,Trunk_03,0.000004,-0.000833,0.154092,0.000021,0.000000,-0.000000,0.154094
1810,20.2940,Link_01,-0.000014,-0.228515,0.211140,0.053742,0.000024,-0.000054,0.311125
1810,20.2940,Link_02,-0.000529,-0.221660,0.158672,0.042820,-0.000070,-0.000030,0.272599
1810,20.2940,Link_03,-0.000597,-0.203360,0.115858,0.032327,-0.000071,-0.000019,0.234049
1810,20.2940,Link_04,-0.000491,-0.176185,0.084561,0.022826,-0.000049,-0.000012,0.195428
1810,20.2940,Link_05,-0.000342,-0.144001,0.061764,0.014747,-0.000028,-0.000007,0.156688
1810,20.2940,Link_06,-0.000205,-0.109206,0.044148,0.008331,-0.000013,-0.000004,0.117792
1810,20.2940,Link_07,-0.000099,-0.073190,0.028975,0.003703,-0.000004,-0.000001,0.078717
1810,20.2940,Link_08,-0.000031,-0.036698,0.014486,0.000918,-0.000001,-0.000000,0.039454
1820,20.4048,Trunk_02,0.000898,-0.003765,0.616090,0.054270,0.000246,-0.000229,0.616102
1820,20.4048,Trunk_03,0.000007,-0.000801,0.154091,0.000020,0.000000,-0.000000,0.154094
1820,20.4048,Link_01,0.000887,-0.225036,0.210166,0.052595,0.000309,-0.000001,0.307915
1820,20.4048,Link_02,0.000959,-0.217725,0.158645,0.041846,0.000254,0.000002,0.269394
1820,20.4048,Link_03,0.001001,-0.199302,0.116556,0.031546,0.000204,0.000003,0.230885
1820,20.4048,Link_04,0.000978,-0.172291,0.085616,0.022241,0.000153,0.000003,0.192393
1820,20.4048,Link_05,0.000893,-0.140490,0.062859,0.014345,0.000105,0.000002,0.153914
1820,20.4048,Link_06,0.000749,-0.106276,0.045068,0.008090,0.000063,0.000001,0.115440
1820,20.4048,Link_07,0.000550,-0.071038,0.029609,0.003589,0.000030,0.000000,0.076964
1820,20.4048,Link_08,0.000300,-0.035522,0.014802,0.000888,0.000008,0.000000,0.038484
1830,20.5189,Trunk_02,-0.000508,-0.002370,0.613931,0.053307,-0.000106,0.000130,0.613936
1830,20.5189,Trunk_03,-0.000003,-0.000778,0.154092,0.000019,-0.000000,-0.000000,0.154094
1830,20.5189,Link_01,-0.000217,-0.222437,0.209771,0.051680,-0.000087,0.000024,0.305749
1830,20.5189,Link_02,-0.000015,-0.214710,0.159098,0.041065,-0.000034,0.000013,0.267231
1830,20.5189,Link_03,0.000005,-0.196174,0.117648,0.030921,-0.000020,0.000008,0.228747
1830,20.5189,Link_04,-0.000035,-0.169296,0.086988,0.021774,-0.000017,0.000005,0.190337
1830,20.5189,Link_05,-0.000078,-0.137801,0.064207,0.014027,-0.000015,0.000003,0.152025
1830,20.5189,Link_06,-0.000101,-0.104039,0.046181,0.007900,-0.000010,0.000001,0.113828
1830,20.5189,Link_07,-0.000097,-0.069399,0.030376,0.003500,-0.000006,0.000001,0.075756
1830,20.5189,Link_08,-0.000063,-0.034629,0.015187,0.000865,-0.000002,0.000000,0.037813
1840,20.6292,Trunk_02,-0.000336,-0.003592,0.616292,0.054218,-0.000101,0.000085,0.616302
1840,20.6292,Trunk_03,-0.000003,-0.000799,0.154092,0.000020,-0.000000,-0.000000,0.154094
1840,20.6292,Link_01,-0.000410,-0.225058,0.210436,0.052548,-0.000139,-0.000006,0.308114
1840,20.6292,Link_02,-0.000504,-0.217677,0.159049,0.041802,-0.000125,-0.000004,0.269592
1840,20.6292,Link_03,-0.000532,-0.199235,0.117055,0.031512,-0.000102,-0.000003,0.231078
1840,20.6292,Link_04,-0.000509,-0.172235,0.086134,0.022217,-0.000077,-0.000002,0.192572
1840,20.6292,Link_05,-0.000452,-0.140450,0.063332,0.014331,-0.000052,-0.000002,0.154069
1840,20.6292,Link_06,-0.000370,-0.106248,0.045449,0.008083,-0.000031,-0.000001,0.115561
1840,20.6292,Link_07,-0.000266,-0.071021,0.029870,0.003586,-0.000014,-0.000000,0.077048
1840,20.6292,Link_08,-0.000142,-0.035515,0.014934,0.000888,-0.000004,-0.000000,0.038527
1850,20.7410,Trunk_02,0.000316,-0.004429,0.617607,0.054809,0.000071,-0.000081,0.617623
1850,20.7410,Trunk_03,0.000002,-0.000815,0.154091,0.000020,0.000000,-0.000000,0.154094
1850,20.7410,Link_01,0.000172,-0.226631,0.210687,0.053109,0.000066,-0.000012,0.309436
1850,20.7410,Link_02,0.000078,-0.219514,0.158768,0.042282,0.000035,-0.000006,0.270913
1850,20.7410,Link_03,0.000071,-0.201145,0.116373,0.031896,0.000025,-0.000004,0.232384
1850,20.7410,Link_04,0.000088,-0.174064,0.085275,0.022504,0.000020,-0.000002,0.193830
1850,20.7410,Link_05,0.000103,-0.142094,0.062489,0.014527,0.000015,-0.000001,0.155227
1850,20.7410,Link_06,0.000103,-0.107617,0.044753,0.008199,0.000010,-0.000001,0.116552
1850,20.7410,Link_07,0.000087,-0.072025,0.029392,0.003641,0.000005,-0.000000,0.077792
1850,20.7410,Link_08,0.000052,-0.036063,0.014695,0.000902,0.000001,-0.000000,0.038942
1860,20.8523,Trunk_02,0.000102,-0.003532,0.615852,0.054130,0.000035,-0.000026,0.615862
1860,20.8523,Trunk_03,0.000001,-0.000797,0.154092,0.000020,0.000000,-0.000000,0.154094
1860,20.8523,Link_01,0.000160,-0.224691,0.210183,0.052462,0.000053,0.000005,0.307674
1860,20.8523,Link_02,0.000218,-0.217310,0.158808,0.041732,0.000052,0.000003,0.269153
1860,20.8523,Link_03,0.000232,-0.198869,0.116828,0.031455,0.000043,0.000002,0.230646
1860,20.8523,Link_04,0.000219,-0.171878,0.085929,0.022173,0.000032,0.000002,0.192161
1860,20.8523,Link_05,0.000190,-0.140122,0.063159,0.014300,0.000021,0.000001,0.153699
1860,20.8523,Link_06,0.000152,-0.105973,0.045312,0.008063,0.000012,0.000001,0.115254
1860,20.8523,Link_07,0.000107,-0.070817,0.029778,0.003576,0.000006,0.000000,0.076823
1860,20.8523,Link_08,0.000056,-0.035402,0.014887,0.000885,0.000001,0.000000,0.038405
1870,20.9645,Trunk_02,-0.000173,-0.003012,0.615092,0.053776,-0.000041,0.000044,0.615100
1870,20.9645,Trunk_03,-0.000001,-0.000788,0.154092,0.000020,-0.000000,-0.000000,0.154094
1870,20.9645,Link_01,-0.000118,-0.223755,0.210067,0.052126,-0.000043,0.000004,0.306912
1870,20.9645,Link_02,-0.000086,-0.216215,0.159013,0.041445,-0.000029,0.000002,0.268392
1870,20.9645,Link_03,-0.000086,-0.197731,0.117276,0.031225,-0.000022,0.000001,0.229893
1870,20.9645,Link_04,-0.000091,-0.170790,0.086481,0.022001,-0.000017,0.000001,0.191437
1870,20.9645,Link_05,-0.000092,-0.139146,0.063697,0.014183,-0.000012,0.000000,0.153033
1870,20.9645,Link_06,-0.000084,-0.105160,0.045757,0.007994,-0.000007,0.000000,0.114684
1870,20.9645,Link_07,-0.000066,-0.070222,0.030084,0.003544,-0.000004,0.000000,0.076395
1870,20.9645,Link_08,-0.000038,-0.035078,0.015041,0.000877,-0.000001,0.000000,0.038167
1880,21.0784,Trunk_02,-0.000016,-0.003691,0.616367,0.054277,-0.000009,0.000004,0.616378
1880,21.0784,Trunk_03,-0.000000,-0.000802,0.154092,0.000020,-0.000000,-0.000000,0.154094
1880,21.0784,Link_01,-0.000057,-0.225184,0.210413,0.052603,-0.000018,-0.000003,0.308190
1880,21.0784,Link_02,-0.000093,-0.217838,0.158958,0.041850,-0.000020,-0.000002,0.269668
1880,21.0784,Link_03,-0.000100,-0.199405,0.116915,0.031550,-0.000017,-0.000001,0.231153
1880,21.0784,Link_04,-0.000092,-0.172396,0.085976,0.022245,-0.000013,-0.000001,0.192645
1880,21.0784,Link_05,-0.000077,-0.140593,0.063184,0.014350,-0.000008,-0.000001,0.154138
1880,21.0784,Link_06,-0.000060,-0.106367,0.045329,0.008094,-0.000005,-0.000000,0.115622
1880,21.0784,Link_07,-0.000041,-0.071107,0.029788,0.003591,-0.000002,-0.000000,0.077095
1880,21.0784,Link_08,-0.000021,-0.035561,0.014893,0.000889,-0.000001,-0.000000,0.038554
1890,21.1964,Trunk_02,0.000087,-0.003986,0.616793,0.054480,0.000022,-0.000022,0.616805
1890,21.1964,Trunk_03,0.000001,-0.000806,0.154092,0.000020,0.000000,-0.000000,0.154094
1890,21.1964,Link_01,0.000066,-0.225712,0.210473,0.052796,0.000024,-0.000002,0.308618
1890,21.1964,Link_02,0.000056,-0.218461,0.158827,0.042016,0.000017,-0.000001,0.270095
1890,21.1964,Link_03,0.000056,-0.200055,0.116641,0.031682,0.000013,-0.000000,0.231576
1890,21.1964,Link_04,0.000058,-0.173018,0.085641,0.022344,0.000010,-0.000000,0.193053
1890,21.1964,Link_05,0.000055,-0.141150,0.062858,0.014417,0.000007,-0.000000,0.154514
1890,21.1964,Link_06,0.000048,-0.106830,0.045061,0.008134,0.000004,-0.000000,0.115945
1890,21.1964,Link_07,0.000037,-0.071447,0.029604,0.003610,0.000002,-0.000000,0.077338
1890,21.1964,Link_08,0.000021,-0.035747,0.014801,0.000894,0.000001,-0.000000,0.038690
1900,21.3122,Trunk_02,-0.000008,-0.003499,0.615872,0.054117,0.000001,0.000002,0.615882
1900,21.3122,Trunk_03,-0.000000,-0.000798,0.154092,0.000020,-0.000000,0.000000,0.154094
1900,21.3122,Link_01,0.000015,-0.224680,0.210224,0.052450,0.000004,0.000002,0.307693
1900,21.3122,Link_02,0.000035,-0.217287,0.158872,0.041722,0.000007,0.000001,0.269173
1900,21.3122,Link_03,0.000039,-0.198843,0.116910,0.031447,0.000006,0.000001,0.230665
1900,21.3122,Link_04,0.000036,-0.171855,0.086015,0.022167,0.000005,0.000001,0.192179
1900,21.3122,Link_05,0.000030,-0.140104,0.063238,0.014296,0.000003,0.000000,0.153714
1900,21.3122,Link_06,0.000021,-0.105958,0.045377,0.008061,0.000002,0.000000,0.115266
1900,21.3122,Link_07,0.000014,-0.070807,0.029822,0.003576,0.000001,0.000000,0.076831
1900,21.3122,Link_08,0.000007,-0.035397,0.014910,0.000885,0.000000,0.000000,0.038409
1910,21.4241,Trunk_02,-0.000039,-0.003322,0.615651,0.054004,-0.000010,0.000010,0.615660
1910,21.4241,Trunk_03,-0.000000,-0.000794,0.154092,0.000020,-0.000000,-0.000000,0.154094
1910,21.4241,Link_01,-0.000032,-0.224392,0.210207,0.052344,-0.000012,0.000001,0.307472
1910,21.4241,Link_02,-0.000030,-0.216945,0.158964,0.041630,-0.000009,0.000000,0.268951
1910,21.4241,Link_03,-0.000030,-0.198487,0.117083,0.031374,-0.000007,0.000000,0.230446
1910,21.4241,Link_04,-0.000030,-0.171517,0.086222,0.022113,-0.000005,0.000000,0.191969
1910,21.4241,Link_05,-0.000029,-0.139802,0.063437,0.014259,-0.000004,0.000000,0.153521
1910,21.4241,Link_06,-0.000024,-0.105708,0.045541,0.008040,-0.000002,-0.000000,0.115101
1910,21.4241,Link_07,-0.000019,-0.070625,0.029934,0.003566,-0.000001,-0.000000,0.076707
1910,21.4241,Link_08,-0.000011,-0.035298,0.014966,0.000882,-0.000000,0.000000,0.038340
1920,21.5623,Trunk_02,0.000010,-0.003682,0.616306,0.054265,0.000001,-0.000003,0.616317
1920,21.5623,Trunk_03,0.000000,-0.000802,0.154092,0.000020,0.000000,-0.000000,0.154094
1920,21.5623,Link_01,-0.000002,-0.225132,0.210378,0.052592,-0.000000,-0.000001,0.308129
1920,21.5623,Link_02,-0.000011,-0.217788,0.158923,0.041841,-0.000002,-0.000001,0.269607
1920,21.5623,Link_03,-0.000012,-0.199356,0.116880,0.031543,-0.000002,-0.000000,0.231093
1920,21.5623,Link_04,-0.000011,-0.172349,0.085943,0.022239,-0.000001,-0.000000,0.192589
1920,21.5623,Link_05,-0.000008,-0.140550,0.063156,0.014346,-0.000001,-0.000000,0.154088
1920,21.5623,Link_06,-0.000005,-0.106331,0.045307,0.008091,-0.000000,-0.000000,0.115582
1920,21.5623,Link_07,-0.000003,-0.071082,0.029773,0.003590,-0.000000,-0.000000,0.077066
1920,21.5623,Link_08,-0.000001,-0.035548,0.014886,0.000889,-0.000000,-0.000000,0.038539
1930,21.6756,Trunk_02,0.000017,-0.003772,0.616405,0.054322,0.000005,-0.000004,0.616417
1930,21.6756,Trunk_03,0.000000,-0.000804,0.154092,0.000020,0.000000,0.000000,0.154094
1930,21.6756,Link_01,0.000016,-0.225270,0.210377,0.052645,0.000006,-0.000000,0.308229
1930,21.6756,Link_02,0.000016,-0.217954,0.158864,0.041887,0.000004,-0.000000,0.269707
1930,21.6756,Link_03,0.000017,-0.199530,0.116779,0.031579,0.000004,0.000000,0.231192
1930,21.6756,Link_04,0.000017,-0.172515,0.085825,0.022267,0.000003,0.000000,0.192684
1930,21.6756,Link_05,0.000015,-0.140698,0.063043,0.014364,0.000002,0.000000,0.154176
1930,21.6756,Link_06,0.000013,-0.106454,0.045214,0.008102,0.000001,0.000000,0.115658
1930,21.6756,Link_07,0.000010,-0.071171,0.029709,0.003595,0.000001,0.000000,0.077123
1930,21.6756,Link_08,0.000005,-0.035596,0.014854,0.000890,0.000000,-0.000000,0.038571
1940,21.7902,Trunk_02,-0.000007,-0.003519,0.615945,0.054137,-0.000001,0.000002,0.615955
1940,21.7902,Trunk_03,-0.000000,-0.000798,0.154092,0.000020,-0.000000,0.000000,0.154094
1940,21.7902,Link_01,-0.000002,-0.224749,0.210258,0.052470,-0.000001,0.000000,0.307767
1940,21.7902,Link_02,0.000003,-0.217360,0.158896,0.041738,0.000000,0.000000,0.269246
1940,21.7902,Link_03,0.000004,-0.198917,0.116926,0.031460,0.000000,0.000000,0.230738
1940,21.7902,Link_04,0.000003,-0.171928,0.086026,0.022177,0.000000,0.000000,0.192249
1940,21.7902,Link_05,0.000002,-0.140170,0.063245,0.014303,0.000000,0.000000,0.153777
1940,21.7902,Link_06,0.000001,-0.106013,0.045383,0.008065,0.000000,0.000000,0.115318
1940,21.7902,Link_07,0.000000,-0.070848,0.029826,0.003578,-0.000000,0.000000,0.076870
1940,21.7902,Link_08,-0.000000,-0.035419,0.014912,0.000885,-0.000000,0.000000,0.038430
1950,21.8985,Trunk_02,-0.000007,-0.003479,0.615916,0.054113,-0.000002,0.000002,0.615925
1950,21.8985,Trunk_03,-0.000000,-0.000798,0.154092,0.000020,-0.000000,-0.000000,0.154094
1950,21.8985,Link_01,-0.000007,-0.224698,0.210268,0.052447,-0.000002,-0.000000,0.307737
1950,21.8985,Link_02,-0.000008,-0.217296,0.158934,0.041718,-0.000002,-0.000000,0.269216
1950,21.8985,Link_03,-0.000008,-0.198848,0.116983,0.031444,-0.000002,-0.000000,0.230707
1950,21.8985,Link_04,-0.000008,-0.171861,0.086091,0.022165,-0.000001,-0.000000,0.192218
1950,21.8985,Link_05,-0.000007,-0.140110,0.063307,0.014295,-0.000001,-0.000000,0.153748
1950,21.8985,Link_06,-0.000006,-0.105963,0.045433,0.008061,-0.000001,-0.000000,0.115293
1950,21.8985,Link_07,-0.000004,-0.070811,0.029860,0.003575,-0.000000,-0.000000,0.076850
1950,21.8985,Link_08,-0.000002,-0.035400,0.014929,0.000885,-0.000000,-0.000000,0.038419
1960,22.0075,Trunk_02,0.000005,-0.003656,0.616234,0.054242,0.000001,-0.000001,0.616245
1960,22.0075,Trunk_03,0.000000,-0.000801,0.154092,0.000020,0.000000,-0.000000,0.154094
1960,22.0075,Link_01,0.000002,-0.225061,0.210349,0.052570,0.000001,-0.000000,0.308057
1960,22.0075,Link_02,0.000000,-0.217709,0.158909,0.041823,0.000000,-0.000000,0.269535
1960,22.0075,Link_03,-0.000000,-0.199276,0.116877,0.031528,0.000000,-0.000000,0.231022
1960,22.0075,Link_04,0.000000,-0.172271,0.085948,0.022228,0.000000,-0.000000,0.192521
1960,22.0075,Link_05,0.000000,-0.140479,0.063162,0.014338,0.000000,-0.000000,0.154026
1960,22.0075,Link_06,0.000001,-0.106271,0.045313,0.008087,0.000000,-0.000000,0.115529
1960,22.0075,Link_07,0.000001,-0.071038,0.029778,0.003588,0.000000,-0.000000,0.077027
1960,22.0075,Link_08,0.000001,-0.035523,0.014888,0.000888,0.000000,-0.000000,0.038517
1970,22.1201,Trunk_02,0.000002,-0.003671,0.616233,0.054250,0.000001,-0.000001,0.616244
1970,22.1201,Trunk_03,0.000000,-0.000801,0.154092,0.000020,0.000000,0.000000,0.154094
1970,22.1201,Link_01,0.000003,-0.225071,0.210336,0.052577,0.000001,0.000000,0.308056
1970,22.1201,Link_02,0.000004,-0.217726,0.158884,0.041829,0.000001,0.000000,0.269534
1970,22.1201,Link_03,0.000004,-0.199294,0.116845,0.031533,0.000001,0.000000,0.231021
1970,22.1201,Link_04,0.000004,-0.172288,0.085913,0.022232,0.000001,0.000000,0.192520
1970,22.1201,Link_05,0.000003,-0.140493,0.063130,0.014340,0.000000,0.000000,0.154025
1970,22.1201,Link_06,0.000003,-0.106283,0.045287,0.008088,0.000000,0.000000,0.115529
1970,22.1201,Link_07,0.000002,-0.071046,0.029760,0.003588,0.000000,0.000000,0.077027
1970,22.1201,Link_08,0.000001,-0.035528,0.014879,0.000888,0.000000,0.000000,0.038517
1980,22.2317,Trunk_02,-0.000003,-0.003549,0.616013,0.054160,-0.000001,0.000001,0.616023
1980,22.2317,Trunk_03,-0.000000,-0.000799,0.154092,0.000020,-0.000000,0.000000,0.154094
1980,22.2317,Link_01,-0.000001,-0.224821,0.210281,0.052492,-0.000001,0.000000,0.307835
1980,22.2317,Link_02,-0.000001,-0.217439,0.158903,0.041756,-0.000000,0.000000,0.269314
1980,22.2317,Link_03,-0.000001,-0.198998,0.116920,0.031474,-0.000000,0.000000,0.230804
1980,22.2317,Link_04,-0.000001,-0.172004,0.086014,0.022188,-0.000000,0.000000,0.192311
1980,22.2317,Link_05,-0.000001,-0.140237,0.063232,0.014310,-0.000000,0.000000,0.153834
1980,22.2317,Link_06,-0.000001,-0.106069,0.045371,0.008070,-0.000000,0.000000,0.115366
1980,22.2317,Link_07,-0.000001,-0.070889,0.029818,0.003580,-0.000000,0.000000,0.076905
1980,22.2317,Link_08,-0.000000,-0.035442,0.014908,0.000886,-0.000000,0.000000,0.038450
1990,22.3411,Trunk_02,-0.000001,-0.003547,0.616028,0.054161,-0.000000,0.000000,0.616039
1990,22.3411,Trunk_03,-0.000000,-0.000799,0.154092,0.000020,-0.000000,-0.000000,0.154094
1990,22.3411,Link_01,-0.000001,-0.224830,0.210294,0.052493,-0.000000,-0.000000,0.307851
1990,22.3411,Link_02,-0.000002,-0.217447,0.158918,0.041757,-0.000000,-0.000000,0.269329
1990,22.3411,Link_03,-0.000002,-0.199005,0.116938,0.031475,-0.000000,-0.000000,0.230819
1990,22.3411,Link_04,-0.000002,-0.172011,0.086031,0.022189,-0.000000,-0.000000,0.192326
1990,22.3411,Link_05,-0.000001,-0.140245,0.063247,0.014311,-0.000000,-0.000000,0.153847
1990,22.3411,Link_06,-0.000001,-0.106076,0.045384,0.008070,-0.000000,-0.000000,0.115377
1990,22.3411,Link_07,-0.000001,-0.070894,0.029826,0.003580,-0.000000,-0.000000,0.076913
1990,22.3411,Link_08,-0.000000,-0.035445,0.014912,0.000886,-0.000000,-0.000000,0.038454
2000,22.4526,Trunk_02,0.000001,-0.003629,0.616179,0.054223,0.000000,-0.000000,0.616190
2000,22.4526,Trunk_03,0.000000,-0.000800,0.154092,0.000020,0.000000,-0.000000,0.154094
2000,22.4526,Link_01,0.000001,-0.225001,0.210332,0.052551,0.000000,-0.000000,0.308002
2000,22.4526,Link_02,0.000001,-0.217644,0.158906,0.041807,0.000000,-0.000000,0.269481
2000,22.4526,Link_03,0.000000,-0.199210,0.116885,0.031515,0.000000,-0.000000,0.230969
2000,22.4526,Link_04,0.000001,-0.172208,0.085961,0.022219,0.000000,-0.000000,0.192470
2000,22.4526,Link_05,0.000001,-0.140422,0.063176,0.014331,0.000000,-0.000000,0.153979
2000,22.4526,Link_06,0.000001,-0.106223,0.045325,0.008083,0.000000,-0.000000,0.115489
2000,22.4526,Link_07,0.000000,-0.071002,0.029786,0.003586,0.000000,-0.000000,0.076997
2000,22.4526,Link_08,0.000000,-0.035504,0.014892,0.000888,0.000000,-0.000000,0.038500
2010,22.5631,Trunk_02,0.000000,-0.003628,0.616160,0.054218,0.000000,-0.000000,0.616170
2010,22.5631,Trunk_03,-0.000000,-0.000800,0.154092,0.000020,-0.000000,-0.000000,0.154094
2010,22.5631,Link_01,0.000000,-0.224986,0.210320,0.052547,0.000000,0.000000,0.307982
2010,22.5631,Link_02,0.000001,-0.217627,0.158895,0.041803,0.000000,0.000000,0.269461
2010,22.5631,Link_03,0.000001,-0.199192,0.116876,0.031512,0.000000,0.000000,0.230949
2010,22.5631,Link_04,0.000001,-0.172190,0.085952,0.022216,0.000000,0.000000,0.192451
2010,22.5631,Link_05,0.000001,-0.140405,0.063169,0.014330,0.000000,0.000000,0.153961
2010,22.5631,Link_06,0.000000,-0.106209,0.045320,0.008082,0.000000,0.000000,0.115474
2010,22.5631,Link_07,0.000000,-0.070991,0.029782,0.003585,0.000000,0.000000,0.076985
2010,22.5631,Link_08,0.000000,-0.035498,0.014890,0.000887,0.000000,0.000000,0.038494
2020,22.6714,Trunk_02,-0.000001,-0.003569,0.616056,0.054176,-0.000000,0.000000,0.616066
2020,22.6714,Trunk_03,-0.000000,-0.000799,0.154092,0.000020,-0.000000,0.000000,0.154094
2020,22.6714,Link_01,-0.000000,-0.224866,0.210295,0.052506,-0.000000,0.000000,0.307878
2020,22.6714,Link_02,-0.000000,-0.217490,0.158906,0.041769,-0.000000,0.000000,0.269357
2020,22.6714,Link_03,-0.000000,-0.199051,0.116913,0.031485,-0.000000,0.000000,0.230846
2020,22.6714,Link_04,-0.000000,-0.172055,0.086003,0.022196,-0.000000,0.000000,0.192352
2020,22.6714,Link_05,-0.000000,-0.140284,0.063220,0.014316,-0.000000,0.000000,0.153871
2020,22.6714,Link_06,-0.000000,-0.106108,0.045361,0.008073,-0.000000,0.000000,0.115397
2020,22.6714,Link_07,-0.000000,-0.070917,0.029811,0.003581,-0.000000,0.000000,0.076928
2020,22.6714,Link_08,-0.000000,-0.035457,0.014905,0.000886,-0.000000,0.000000,0.038462
2030,22.7808,Trunk_02,0.000000,-0.003577,0.616079,0.054182,-0.000000,-0.000000,0.616089
2030,22.7808,Trunk_03,-0.000000,-0.000799,0.154092,0.000020,-0.000000,-0.000000,0.154094
2030,22.7808,Link_01,-0.000000,-0.224889,0.210304,0.052513,-0.000000,-0.000000,0.307901
2030,22.7808,Link_02,-0.000000,-0.217516,0.158910,0.041774,-0.000000,-0.000000,0.269380
2030,22.7808,Link_03,-0.000000,-0.199075,0.116916,0.031489,-0.000000,-0.000000,0.230869
2030,22.7808,Link_04,-0.000000,-0.172078,0.086003,0.022199,-0.000000,-0.000000,0.192373
2030,22.7808,Link_05,-0.000000,-0.140304,0.063220,0.014318,-0.000000,-0.000000,0.153890
2030,22.7808,Link_06,-0.000000,-0.106125,0.045361,0.008074,-0.000000,-0.000000,0.115413
2030,22.7808,Link_07,-0.000000,-0.070930,0.029811,0.003582,-0.000000,-0.000000,0.076940
2030,22.7808,Link_08,-0.000000,-0.035464,0.014904,0.000887,-0.000000,-0.000000,0.038469
2040,22.8880,Trunk_02,0.000000,-0.003616,0.616147,0.054211,0.000000,-0.000000,0.616157
2040,22.8880,Trunk_03,-0.000000,-0.000800,0.154092,0.000020,-0.000000,-0.000000,0.154094
2040,22.8880,Link_01,0.000000,-0.224966,0.210322,0.052540,0.000000,-0.000000,0.307969
2040,22.8880,Link_02,0.000000,-0.217605,0.158904,0.041797,0.000000,-0.000000,0.269448
2040,22.8880,Link_03,0.000000,-0.199168,0.116891,0.031507,0.000000,-0.000000,0.230936
2040,22.8880,Link_04,0.000000,-0.172167,0.085970,0.022213,0.000000,-0.000000,0.192438
2040,22.8880,Link_05,0.000000,-0.140385,0.063186,0.014327,0.000000,-0.000000,0.153950
2040,22.8880,Link_06,0.000000,-0.106193,0.045333,0.008080,0.000000,-0.000000,0.115464
2040,22.8880,Link_07,0.000000,-0.070979,0.029792,0.003585,0.000000,-0.000000,0.076978
2040,22.8880,Link_08,0.000000,-0.035491,0.014895,0.000887,0.000000,-0.000000,0.038490
2050,22.9981,Trunk_02,-0.000000,-0.003607,0.616127,0.054205,-0.000000,0.000000,0.616137
2050,22.9981,Trunk_03,-0.000000,-0.000800,0.154092,0.000020,-0.000000,-0.000000,0.154094
2050,22.9981,Link_01,0.000000,-0.224946,0.210314,0.052534,0.000000,0.000000,0.307949
2050,22.9981,Link_02,0.000000,-0.217582,0.158901,0.041792,0.000000,0.000000,0.269428
2050,22.9981,Link_03,0.000000,-0.199146,0.116891,0.031504,0.000000,0.000000,0.230917
2050,22.9981,Link_04,0.000000,-0.172146,0.085971,0.022210,0.000000,0.000000,0.192420
2050,22.9981,Link_05,0.000000,-0.140367,0.063188,0.014325,0.000000,0.000000,0.153934
2050,22.9981,Link_06,0.000000,-0.106178,0.045334,0.008079,0.000000,0.000000,0.115452
2050,22.9981,Link_07,0.000000,-0.070970,0.029792,0.003584,0.000000,0.000000,0.076969
2050,22.9981,Link_08,0.000000,-0.035486,0.014895,0.000887,0.000000,0.000000,0.038486
2060,23.1105,Trunk_02,-0.000000,-0.003581,0.616081,0.054185,-0.000000,0.000000,0.616091
2060,23.1105,Trunk_03,-0.000000,-0.000799,0.154092,0.000020,-0.000000,-0.000000,0.154094
2060,23.1105,Link_01,-0.000000,-0.224894,0.210303,0.052515,-0.000000,0.000000,0.307903
2060,23.1105,Link_02,-0.000000,-0.217521,0.158906,0.041777,-0.000000,0.000000,0.269382
2060,23.1105,Link_03,-0.000000,-0.199082,0.116908,0.031491,-0.000000,-0.000000,0.230871
2060,23.1105,Link_04,-0.000000,-0.172085,0.085994,0.022200,-0.000000,-0.000000,0.192376
2060,23.1105,Link_05,-0.000000,-0.140312,0.063211,0.014319,-0.000000,-0.000000,0.153893
2060,23.1105,Link_06,-0.000000,-0.106132,0.045354,0.008075,-0.000000,-0.000000,0.115416
2060,23.1105,Link_07,-0.000000,-0.070935,0.029806,0.003582,-0.000000,-0.000000,0.076942
2060,23.1105,Link_08,-0.000000,-0.035467,0.014902,0.000887,-0.000000,0.000000,0.038470
2070,23.2209,Trunk_02,0.000000,-0.003588,0.616098,0.054191,0.000000,-0.000000,0.616108
2070,23.2209,Trunk_03,-0.000000,-0.000799,0.154092,0.000020,-0.000000,-0.000000,0.154094
2070,23.2209,Link_01,-0.000000,-0.224911,0.210309,0.052521,0.000000,-0.000000,0.307920
2070,23.2209,Link_02,-0.000000,-0.217542,0.158907,0.041781,-0.000000,-0.000000,0.269399
2070,23.2209,Link_03,-0.000000,-0.199103,0.116907,0.031494,-0.000000,-0.000000,0.230888
2070,23.2209,Link_04,-0.000000,-0.172104,0.085992,0.022203,-0.000000,-0.000000,0.192391
2070,23.2209,Link_05,-0.000000,-0.140328,0.063208,0.014321,-0.000000,-0.000000,0.153907
2070,23.2209,Link_06,-0.000000,-0.106145,0.045351,0.008076,-0.000000,-0.000000,0.115427
2070,23.2209,Link_07,-0.000000,-0.070944,0.029804,0.003583,-0.000000,-0.000000,0.076950
2070,23.2209,Link_08,-0.000000,-0.035472,0.014901,0.000887,-0.000000,-0.000000,0.038475
2080,23.3379,Trunk_02,0.000000,-0.003606,0.616129,0.054204,0.000000,-0.000000,0.616139
2080,23.3379,Trunk_03,-0.000000,-0.000800,0.154092,0.000020,-0.000000,-0.000000,0.154094
2080,23.3379,Link_01,0.000000,-0.224946,0.210316,0.052533,0.000000,0.000000,0.307951
2080,23.3379,Link_02,0.000000,-0.217582,0.158904,0.041792,0.000000,0.000000,0.269430
2080,23.3379,Link_03,0.000000,-0.199145,0.116895,0.031503,0.000000,0.000000,0.230918
2080,23.3379,Link_04,0.000000,-0.172146,0.085976,0.022209,0.000000,0.000000,0.192421
2080,23.3379,Link_05,0.000000,-0.140366,0.063192,0.014325,0.000000,0.000000,0.153934
2080,23.3379,Link_06,0.000000,-0.106176,0.045338,0.008079,0.000000,0.000000,0.115451
2080,23.3379,Link_07,0.000000,-0.070968,0.029795,0.003584,0.000000,0.000000,0.076968
2080,23.3379,Link_08,0.000000,-0.035485,0.014897,0.000887,0.000000,0.000000,0.038485
2090,23.4510,Trunk_02,-0.000000,-0.003600,0.616115,0.054199,-0.000000,0.000000,0.616125
2090,23.4510,Trunk_03,-0.000000,-0.000800,0.154092,0.000020,-0.000000,-0.000000,0.154094
2090,23.4510,Link_01,-0.000000,-0.224932,0.210311,0.052529,-0.000000,0.000000,0.307937
2090,23.4510,Link_02,-0.000000,-0.217565,0.158903,0.041788,-0.000000,0.000000,0.269416
2090,23.4510,Link_03,-0.000000,-0.199128,0.116897,0.031500,-0.000000,0.000000,0.230904
2090,23.4510,Link_04,-0.000000,-0.172129,0.085979,0.022207,-0.000000,0.000000,0.192408
2090,23.4510,Link_05,-0.000000,-0.140351,0.063196,0.014323,-0.000000,0.000000,0.153922
2090,23.4510,Link_06,-0.000000,-0.106164,0.045341,0.008078,-0.000000,0.000000,0.115441
2090,23.4510,Link_07,-0.000000,-0.070959,0.029797,0.003583,-0.000000,0.000000,0.076961
2090,23.4510,Link_08,-0.000000,-0.035480,0.014898,0.000887,-0.000000,0.000000,0.038481
2100,23.5674,Trunk_02,-0.000000,-0.003589,0.616095,0.054190,-0.000000,0.000000,0.616105
2100,23.5674,Trunk_03,-0.000000,-0.000800,0.154092,0.000020,-0.000000,-0.000000,0.154094
2100,23.5674,Link_01,-0.000000,-0.224909,0.210306,0.052520,-0.000000,-0.000000,0.307917
2100,23.5674,Link_02,-0.000000,-0.217539,0.158905,0.041781,-0.000000,-0.000000,0.269396
2100,23.5674,Link_03,-0.000000,-0.199100,0.116905,0.031494,-0.000000,-0.000000,0.230884
2100,23.5674,Link_04,-0.000000,-0.172102,0.085990,0.022203,-0.000000,-0.000000,0.192388
2100,23.5674,Link_05,-0.000000,-0.140326,0.063206,0.014321,-0.000000,-0.000000,0.153904
2100,23.5674,Link_06,-0.000000,-0.106144,0.045350,0.008076,-0.000000,-0.000000,0.115425
2100,23.5674,Link_07,-0.000000,-0.070943,0.029803,0.003583,-0.000000,-0.000000,0.076949
2100,23.5674,Link_08,-0.000000,-0.035472,0.014901,0.000887,-0.000000,-0.000000,0.038474
2110,23.6831,Trunk_02,-0.000000,-0.003593,0.616106,0.054195,0.000000,-0.000000,0.616116
2110,23.6831,Trunk_03,-0.000000,-0.000800,0.154092,0.000020,-0.000000,-0.000000,0.154094
2110,23.6831,Link_01,-0.000000,-0.224921,0.210310,0.052524,-0.000000,-0.000000,0.307928
2110,23.6831,Link_02,-0.000000,-0.217552,0.158906,0.041784,-0.000000,-0.000000,0.269407
2110,23.6831,Link_03,-0.000000,-0.199114,0.116903,0.031497,-0.000000,-0.000000,0.230896
2110,23.6831,Link_04,-0.000000,-0.172116,0.085987,0.022205,-0.000000,-0.000000,0.192400
2110,23.6831,Link_05,-0.000000,-0.140339,0.063203,0.014322,-0.000000,-0.000000,0.153914
2110,23.6831,Link_06,-0.000000,-0.106154,0.045347,0.008077,-0.000000,-0.000000,0.115434
2110,23.6831,Link_07,-0.000000,-0.070951,0.029801,0.003583,-0.000000,-0.000000,0.076956
2110,23.6831,Link_08,-0.000000,-0.035476,0.014900,0.000887,0.000000,-0.000000,0.038478
2120,23.7964,Trunk_02,-0.000000,-0.003602,0.616118,0.054200,-0.000000,0.000000,0.616129
2120,23.7964,Trunk_03,-0.000000,-0.000800,0.154092,0.000020,-0.000000,-0.000000,0.154094
2120,23.7964,Link_01,-0.000000,-0.224936,0.210313,0.052529,-0.000000,0.000000,0.307941
2120,23.7964,Link_02,-0.000000,-0.217569,0.158904,0.041788,0.000000,0.000000,0.269419
2120,23.7964,Link_03,-0.000000,-0.199131,0.116897,0.031500,0.000000,0.000000,0.230908
2120,23.7964,Link_04,0.000000,-0.172132,0.085979,0.022207,0.000000,0.000000,0.192411
2120,23.7964,Link_05,0.000000,-0.140354,0.063196,0.014324,0.000000,0.000000,0.153925
2120,23.7964,Link_06,0.000000,-0.106166,0.045342,0.008078,0.000000,0.000000,0.115443
2120,23.7964,Link_07,0.000000,-0.070960,0.029797,0.003584,0.000000,0.000000,0.076962
2120,23.7964,Link_08,0.000000,-0.035481,0.014898,0.000887,0.000000,0.000000,0.038481
2130,23.9116,Trunk_02,-0.000000,-0.003600,0.616111,0.054197,-0.000000,0.000000,0.616122
2130,23.9116,Trunk_03,-0.000000,-0.000800,0.154092,0.000020,-0.000000,0.000000,0.154094
2130,23.9116,Link_01,-0.000000,-0.224929,0.210310,0.052527,-0.000000,0.000000,0.307934
2130,23.9116,Link_02,-0.000000,-0.217561,0.158903,0.041786,-0.000000,0.000000,0.269413
2130,23.9116,Link_03,-0.000000,-0.199123,0.116898,0.031499,-0.000000,0.000000,0.230901
2130,23.9116,Link_04,-0.000000,-0.172124,0.085981,0.022206,-0.000000,0.000000,0.192404
2130,23.9116,Link_05,-0.000000,-0.140346,0.063198,0.014323,-0.000000,0.000000,0.153918
2130,23.9116,Link_06,-0.000000,-0.106160,0.045343,0.008077,-0.000000,0.000000,0.115438
2130,23.9116,Link_07,-0.000000,-0.070955,0.029798,0.003583,-0.000000,0.000000,0.076958
2130,23.9116,Link_08,-0.000000,-0.035478,0.014898,0.000887,-0.000000,0.000000,0.038479
2140,24.0238,Trunk_02,-0.000000,-0.003592,0.616102,0.054194,-0.000000,0.000000,0.616112
2140,24.0238,Trunk_03,-0.000000,-0.000800,0.154092,0.000020,-0.000000,-0.000000,0.154094
2140,24.0238,Link_01,-0.000000,-0.224917,0.210309,0.052523,-0.000000,-0.000000,0.307924
2140,24.0238,Link_02,-0.000000,-0.217548,0.158905,0.041783,-0.000000,-0.000000,0.269403
2140,24.0238,Link_03,-0.000000,-0.199110,0.116903,0.031496,-0.000000,-0.000000,0.230892
2140,24.0238,Link_04,-0.000000,-0.172112,0.085987,0.022204,-0.000000,-0.000000,0.192396
2140,24.0238,Link_05,-0.000000,-0.140336,0.063203,0.014322,-0.000000,-0.000000,0.153912
2140,24.0238,Link_06,-0.000000,-0.106152,0.045348,0.008077,-0.000000,-0.000000,0.115432
2140,24.0238,Link_07,-0.000000,-0.070950,0.029801,0.003583,-0.000000,-0.000000,0.076954
2140,24.0238,Link_08,-0.000000,-0.035475,0.014900,0.000887,-0.000000,-0.000000,0.038477
2150,24.1336,Trunk_02,-0.000000,-0.003596,0.616108,0.054196,-0.000000,0.000000,0.616118
2150,24.1336,Trunk_03,-0.000000,-0.000800,0.154092,0.000020,-0.000000,-0.000000,0.154094
2150,24.1336,Link_01,-0.000000,-0.224924,0.210310,0.052525,-0.000000,-0.000000,0.307930
2150,24.1336,Link_02,-0.000000,-0.217555,0.158905,0.041785,-0.000000,-0.000000,0.269409
2150,24.1336,Link_03,-0.000000,-0.199117,0.116901,0.031497,-0.000000,-0.000000,0.230897
2150,24.1336,Link_04,-0.000000,-0.172119,0.085984,0.022205,-0.000000,-0.000000,0.192401
2150,24.1336,Link_05,-0.000000,-0.140341,0.063201,0.014322,-0.000000,-0.000000,0.153916
2150,24.1336,Link_06,-0.000000,-0.106156,0.045346,0.008077,-0.000000,-0.000000,0.115435
2150,24.1336,Link_07,-0.000000,-0.070952,0.029800,0.003583,-0.000000,-0.000000,0.076956
2150,24.1336,Link_08,-0.000000,-0.035476,0.014899,0.000887,-0.000000,-0.000000,0.038478
2160,24.2494,Trunk_02,-0.000000,-0.003599,0.616112,0.054198,-0.000000,0.000000,0.616123
2160,24.2494,Trunk_03,-0.000000,-0.000800,0.154092,0.000020,-0.000000,-0.000000,0.154094
2160,24.2494,Link_01,-0.000000,-0.224930,0.210311,0.052527,-0.000000,0.000000,0.307935
2160,24.2494,Link_02,-0.000000,-0.217562,0.158904,0.041786,-0.000000,0.000000,0.269413
2160,24.2494,Link_03,-0.000000,-0.199124,0.116899,0.031499,-0.000000,0.000000,0.230902
2160,24.2494,Link_04,-0.000000,-0.172125,0.085982,0.022206,-0.000000,0.000000,0.192406
2160,24.2494,Link_05,-0.000000,-0.140347,0.063199,0.014323,-0.000000,0.000000,0.153920
2160,24.2494,Link_06,-0.000000,-0.106161,0.045344,0.008077,-0.000000,0.000000,0.115439
2160,24.2494,Link_07,-0.000000,-0.070956,0.029799,0.003583,-0.000000,0.000000,0.076959
2160,24.2494,Link_08,-0.000000,-0.035478,0.014898,0.000887,-0.000000,0.000000,0.038480
2170,24.3598,Trunk_02,-0.000000,-0.003597,0.616109,0.054196,-0.000000,0.000000,0.616120
2170,24.3598,Trunk_03,-0.000000,-0.000800,0.154092,0.000020,-0.000000,-0.000000,0.154094
2170,24.3598,Link_01,-0.000000,-0.224926,0.210310,0.052526,-0.000000,0.000000,0.307932
2170,24.3598,Link_02,-0.000000,-0.217558,0.158904,0.041786,-0.000000,0.000000,0.269411
2170,24.3598,Link_03,-0.000000,-0.199120,0.116900,0.031498,-0.000000,0.000000,0.230899
2170,24.3598,Link_04,-0.000000,-0.172122,0.085983,0.022206,-0.000000,0.000000,0.192403
2170,24.3598,Link_05,-0.000000,-0.140344,0.063200,0.014323,-0.000000,0.000000,0.153918
2170,24.3598,Link_06,-0.000000,-0.106158,0.045345,0.008077,-0.000000,0.000000,0.115437
2170,24.3598,Link_07,-0.000000,-0.070954,0.029799,0.003583,-0.000000,0.000000,0.076958
2170,24.3598,Link_08,-0.000000,-0.035478,0.014899,0.000887,-0.000000,0.000000,0.038479
