#usda 1.0
(
    defaultPrim = "Plant_1"
    metersPerUnit = 1
    upAxis = "Z"
)

def Xform "Plant_1" (
    prepend apiSchemas = ["PhysicsArticulationRootAPI"]
)
{
    def Xform "Stem"
    {
        def Cylinder "Internode_o0_r0" (
            prepend apiSchemas = ["PhysicsCollisionAPI"]
        )
        {
            uniform token axis = "Z"
            double height = 0.009271495
            rel material:binding = </Plant_1/Materials/Stem>
            double radius = 0.00322005907192895
            matrix4d xformOp:transform = ( (1, 0, 0, 0), (0, 1, 0, 0), (0, 0, 1, 0), (0, 0, 0.0046357475, 1) )
            uniform token[] xformOpOrder = ["xformOp:transform"]
        }

        def Cylinder "Internode_o0_r1" (
            prepend apiSchemas = ["PhysicsCollisionAPI"]
        )
        {
            uniform token axis = "Z"
            double height = 0.010039136
            rel material:binding = </Plant_1/Materials/Stem>
            double radius = 0.00334230173118215
            matrix4d xformOp:transform = ( (1, 0, 0, 0), (0, 1, 0, 0), (0, 0, 1, 0), (0, 0, 0.014291063, 1) )
            uniform token[] xformOpOrder = ["xformOp:transform"]
        }

        def Cylinder "Internode_o0_r2" (
            prepend apiSchemas = ["PhysicsCollisionAPI"]
        )
        {
            uniform token axis = "Z"
            double height = 0.016521482
            rel material:binding = </Plant_1/Materials/Stem>
            double radius = 0.00422072051203
            matrix4d xformOp:transform = ( (1, 0, 0, 0), (0, 1, 0, 0), (0, 0, 1, 0), (0, 0, 0.027571372000000004, 1) )
            uniform token[] xformOpOrder = ["xformOp:transform"]
        }

        def Cylinder "Internode_o0_r3" (
            prepend apiSchemas = ["PhysicsCollisionAPI"]
        )
        {
            uniform token axis = "Z"
            double height = 0.017101102
            rel material:binding = </Plant_1/Materials/Stem>
            double radius = 0.00428944428698625
            matrix4d xformOp:transform = ( (1, 0, 0, 0), (0, 1, 0, 0), (0, 0, 1, 0), (0, 0, 0.044382664, 1) )
            uniform token[] xformOpOrder = ["xformOp:transform"]
        }

        def Cylinder "Internode_o0_r4" (
            prepend apiSchemas = ["PhysicsCollisionAPI"]
        )
        {
            uniform token axis = "Z"
            double height = 0.017163334
            rel material:binding = </Plant_1/Materials/Stem>
            double radius = 0.0042967489964745
            matrix4d xformOp:transform = ( (1, 0, 0, 0), (0, 1, 0, 0), (0, 0, 1, 0), (0, 0, 0.061514882, 1) )
            uniform token[] xformOpOrder = ["xformOp:transform"]
        }

        def Cylinder "Internode_o0_r5" (
            prepend apiSchemas = ["PhysicsCollisionAPI"]
        )
        {
            uniform token axis = "Z"
            double height = 0.017294025
            rel material:binding = </Plant_1/Materials/Stem>
            double radius = 0.0043120431971284
            matrix4d xformOp:transform = ( (1, 0, 0, 0), (0, 1, 0, 0), (0, 0, 1, 0), (0, 0, 0.07874356149999999, 1) )
            uniform token[] xformOpOrder = ["xformOp:transform"]
        }

        def Cylinder "Internode_o0_r6" (
            prepend apiSchemas = ["PhysicsCollisionAPI"]
        )
        {
            uniform token axis = "Z"
            double height = 0.039448373
            rel material:binding = </Plant_1/Materials/Stem>
            double radius = 0.00434767394686195
            matrix4d xformOp:transform = ( (1, 0, 0, 0), (0, 1, 0, 0), (0, 0, 1, 0), (0, 0, 0.1071147605, 1) )
            uniform token[] xformOpOrder = ["xformOp:transform"]
        }

        def Cylinder "Internode_o0_r7" (
            prepend apiSchemas = ["PhysicsCollisionAPI"]
        )
        {
            uniform token axis = "Z"
            double height = 0.03941787
            rel material:binding = </Plant_1/Materials/Stem>
            double radius = 0.004345927071117
            matrix4d xformOp:transform = ( (1, 0, 0, 0), (0, 1, 0, 0), (0, 0, 1, 0), (0, 0, 0.14654788200000002, 1) )
            uniform token[] xformOpOrder = ["xformOp:transform"]
        }

        def Cylinder "Internode_o0_r8" (
            prepend apiSchemas = ["PhysicsCollisionAPI"]
        )
        {
            uniform token axis = "Z"
            double height = 0.0376909
            rel material:binding = </Plant_1/Materials/Stem>
            double radius = 0.00424594257625025
            matrix4d xformOp:transform = ( (1, 0, 0, 0), (0, 1, 0, 0), (0, 0, 1, 0), (0, 0, 0.185102267, 1) )
            uniform token[] xformOpOrder = ["xformOp:transform"]
        }

        def Cylinder "Internode_o0_r9" (
            prepend apiSchemas = ["PhysicsCollisionAPI"]
        )
        {
            uniform token axis = "Z"
            double height = 0.02989124
            rel material:binding = </Plant_1/Materials/Stem>
            double radius = 0.0037641007044654
            matrix4d xformOp:transform = ( (1, 0, 0, 0), (0, 1, 0, 0), (0, 0, 1, 0), (0, 0, 0.218893337, 1) )
            uniform token[] xformOpOrder = ["xformOp:transform"]
        }

        def Cylinder "Internode_o1_r1" (
            prepend apiSchemas = ["PhysicsCollisionAPI"]
        )
        {
            uniform token axis = "Z"
            double height = 0.032596733
            rel material:binding = </Plant_1/Materials/Stem>
            double radius = 0.00393741555895875
            matrix4d xformOp:transform = ( (1, 0, 0, 0), (0, 1, 0, 0), (0, 0, 1, 0), (0, 0, 0.0255698615, 1) )
            uniform token[] xformOpOrder = ["xformOp:transform"]
        }

        def Cylinder "Internode_o1_r2" (
            prepend apiSchemas = ["PhysicsCollisionAPI"]
        )
        {
            uniform token axis = "Z"
            double height = 0.031581838
            rel material:binding = </Plant_1/Materials/Stem>
            double radius = 0.0038732419310373
            matrix4d xformOp:transform = ( (1, 0, 0, 0), (0, 1, 0, 0), (0, 0, 1, 0), (0, 0, 0.057659147, 1) )
            uniform token[] xformOpOrder = ["xformOp:transform"]
        }

        def Cylinder "Internode_o1_r3" (
            prepend apiSchemas = ["PhysicsCollisionAPI"]
        )
        {
            uniform token axis = "Z"
            double height = 0.029013358
            rel material:binding = </Plant_1/Materials/Stem>
            double radius = 0.00370625613923375
            matrix4d xformOp:transform = ( (1, 0, 0, 0), (0, 1, 0, 0), (0, 0, 1, 0), (0, 0, 0.087956745, 1) )
            uniform token[] xformOpOrder = ["xformOp:transform"]
        }

        def Cylinder "Internode_o1_r4" (
            prepend apiSchemas = ["PhysicsCollisionAPI"]
        )
        {
            uniform token axis = "Z"
            double height = 0.02458376
            rel material:binding = </Plant_1/Materials/Stem>
            double radius = 0.0034005985786501
            matrix4d xformOp:transform = ( (1, 0, 0, 0), (0, 1, 0, 0), (0, 0, 1, 0), (0, 0, 0.11475530400000002, 1) )
            uniform token[] xformOpOrder = ["xformOp:transform"]
        }
    }

    def Xform "Roots"
    {
        def Sphere "Root"
        {
            rel material:binding = </Plant_1/Materials/Root>
            double radius = 0.005
            matrix4d xformOp:transform = ( (1, 0, 0, 0), (0, 1, 0, 0), (0, 0, 1, 0), (0, 0, -0.005, 1) )
            uniform token[] xformOpOrder = ["xformOp:transform"]
        }
    }

    def Xform "Materials"
    {
        def Material "Stem"
        {
            token outputs:surface.connect = </Plant_1/Materials/Stem/Shader.outputs:surface>

            def Shader "Shader"
            {
                uniform token info:id = "UsdPreviewSurface"
                color3f inputs:diffuseColor = (0.45, 0.3, 0.1)
                float inputs:metallic = 0
                float inputs:roughness = 0.6
                token outputs:surface
            }
        }

        def Material "Root"
        {
            token outputs:surface.connect = </Plant_1/Materials/Root/Shader.outputs:surface>

            def Shader "Shader"
            {
                uniform token info:id = "UsdPreviewSurface"
                color3f inputs:diffuseColor = (0.55, 0.35, 0.15)
                float inputs:metallic = 0
                float inputs:roughness = 0.6
                token outputs:surface
            }
        }

        def Material "Leaf"
        {
            token outputs:surface.connect = </Plant_1/Materials/Leaf/Shader.outputs:surface>

            def Shader "Shader"
            {
                uniform token info:id = "UsdPreviewSurface"
                color3f inputs:diffuseColor = (0.15, 0.55, 0.1)
                float inputs:metallic = 0
                float inputs:roughness = 0.6
                token outputs:surface
            }
        }

        def Material "Pedicel"
        {
            token outputs:surface.connect = </Plant_1/Materials/Pedicel/Shader.outputs:surface>

            def Shader "Shader"
            {
                uniform token info:id = "UsdPreviewSurface"
                color3f inputs:diffuseColor = (0.2, 0.5, 0.1)
                float inputs:metallic = 0
                float inputs:roughness = 0.6
                token outputs:surface
            }
        }

        def Material "FruitRipe"
        {
            token outputs:surface.connect = </Plant_1/Materials/FruitRipe/Shader.outputs:surface>

            def Shader "Shader"
            {
                uniform token info:id = "UsdPreviewSurface"
                color3f inputs:diffuseColor = (0.9, 0.17, 0.1)
                float inputs:metallic = 0
                float inputs:roughness = 0.6
                token outputs:surface
            }
        }

        def Material "FruitUnripe"
        {
            token outputs:surface.connect = </Plant_1/Materials/FruitUnripe/Shader.outputs:surface>

            def Shader "Shader"
            {
                uniform token info:id = "UsdPreviewSurface"
                color3f inputs:diffuseColor = (0.45, 0.58, 0.25)
                float inputs:metallic = 0
                float inputs:roughness = 0.6
                token outputs:surface
            }
        }
    }

    def Xform "Leaves"
    {
        def Xform "Leaf_o1_r4_i0" (
            prepend apiSchemas = ["PhysicsRigidBodyAPI", "PhysicsMassAPI", "PhysicsFilteredPairsAPI"]
        )
        {
            prepend rel physics:filteredPairs = </Plant_1/Stem/Internode_o1_r4>
            float physics:mass = 0.05

            def Cylinder "Petiole" (
                prepend apiSchemas = ["PhysicsCollisionAPI"]
            )
            {
                uniform token axis = "Z"
                double height = 0.015041665
                rel material:binding = </Plant_1/Materials/Leaf>
                double radius = 0.001444318
                matrix4d xformOp:transform = ( (0.17364817766693047, -0.984807753012208, 0, 0), (0.33682408883346515, 0.05939117461388475, 0.9396926207859084, 0), (-0.9254165783983234, -0.16317591116653496, 0.3420201433256687, 0), (-0.006959903078856908, -0.001227218695918389, 0.11916704520957835, 1) )
                uniform token[] xformOpOrder = ["xformOp:transform"]
            }

            def Cylinder "Rachis" (
                prepend apiSchemas = ["PhysicsCollisionAPI"]
            )
            {
                uniform token axis = "Z"
                double height = 0.028400932
                rel material:binding = </Plant_1/Materials/Leaf>
                double radius = 0.0008665907999999999
                matrix4d xformOp:transform = ( (0.17364817766693047, -0.984807753012208, 0, 0), (0.33682408883346515, 0.05939117461388475, 0.9396926207859084, 0), (-0.9254165783983234, -0.16317591116653496, 0.3420201433256687, 0), (-0.02706115281509554, -0.004771611370376178, 0.12659616683576796, 1) )
                uniform token[] xformOpOrder = ["xformOp:transform"]
            }

            def Cylinder "Petiolule_0" (
                prepend apiSchemas = ["PhysicsCollisionAPI"]
            )
            {
                uniform token axis = "Z"
                double height = 0.01
                rel material:binding = </Plant_1/Materials/Leaf>
                double radius = 0.0005777272000000001
                matrix4d xformOp:transform = ( (0.8808442376695917, -0.4734061986965059, 0, 0), (0.10407660610058059, 0.19365035568255418, 0.9755345200486781, 0), (-0.4618240888334651, -0.8592939606326491, 0.2198463103929542, 0), (-0.01622892660188114, -0.0067509071950000235, 0.12283855297112146, 1) )
                uniform token[] xformOpOrder = ["xformOp:transform"]
            }

            def Mesh "Blade_0" (
                prepend apiSchemas = ["PhysicsCollisionAPI", "PhysicsMeshCollisionAPI"]
            )
            {
                int[] faceVertexCounts = [3, 3, 3, 3, 3, 3, 3, 3, 3, 3, 3, 3, 3, 3]
                int[] faceVertexIndices = [0, 1, 2, 0, 2, 3, 0, 3, 4, 0, 4, 5, 0, 5, 6, 0, 6, 7, 0, 7, 8, 0, 8, 9, 0, 9, 10, 0, 10, 11, 0, 11, 12, 0, 12, 13, 0, 13, 14, 0, 14, 15]
                rel material:binding = </Plant_1/Materials/Leaf>
                uniform token physics:approximation = "convexHull"
                point3f[] points = [(0, 0, 0), (0.0006688098, 0.00063321897, 0), (0.001182069, 0.0012664379, 0), (0.0014742455, 0.0018996568, 0), (0.0015197254, 0.0025328759, 0), (0.0013338411, 0.0031660947, 0), (0.00096714735, 0.0037993137, 0), (0.0004943377, 0.0044325325, 0), (0, 0.0050657517, 0), (-0.0004943377, 0.0044325325, 0), (-0.00096714735, 0.0037993137, 0), (-0.0013338411, 0.0031660947, 0), (-0.0015197254, 0.0025328759, 0), (-0.0014742455, 0.0018996568, 0), (-0.001182069, 0.0012664379, 0), (-0.0006688098, 0.00063321897, 0)]
                uniform token subdivisionScheme = "none"
                matrix4d xformOp:transform = ( (-0.8808442376695917, 0.4734061986965059, 0, 0), (-0.4618240888334651, -0.8592939606326491, 0.2198463103929542, 0), (0.10407660610058059, 0.19365035568255418, 0.9755345200486781, 0), (-0.018538047046048466, -0.01104737699816327, 0.12393778452308624, 1) )
                uniform token[] xformOpOrder = ["xformOp:transform"]
            }

            def Cylinder "Petiolule_1" (
                prepend apiSchemas = ["PhysicsCollisionAPI"]
            )
            {
                uniform token axis = "Z"
                double height = 0.01
                rel material:binding = </Plant_1/Materials/Leaf>
                double radius = 0.0005777272000000001
                matrix4d xformOp:transform = ( (-0.665808374270465, -0.7461227839647576, 0, 0), (0.1640323411547712, -0.14637551451209285, 0.9755345200486782, 0), (-0.7278685319524434, 0.6495190528383288, 0.2198463103929542, 0), (-0.01755914881747603, 0.0007931578723548659, 0.12283855297112146, 1) )
                uniform token[] xformOpOrder = ["xformOp:transform"]
            }

            def Mesh "Blade_1" (
                prepend apiSchemas = ["PhysicsCollisionAPI", "PhysicsMeshCollisionAPI"]
            )
            {
                int[] faceVertexCounts = [3, 3, 3, 3, 3, 3, 3, 3, 3, 3, 3, 3, 3, 3]
                int[] faceVertexIndices = [0, 1, 2, 0, 2, 3, 0, 3, 4, 0, 4, 5, 0, 5, 6, 0, 6, 7, 0, 7, 8, 0, 8, 9, 0, 9, 10, 0, 10, 11, 0, 11, 12, 0, 12, 13, 0, 13, 14, 0, 14, 15]
                rel material:binding = </Plant_1/Materials/Leaf>
                uniform token physics:approximation = "convexHull"
                point3f[] points = [(0, 0, 0), (0.0006688098, 0.00063321897, 0), (0.001182069, 0.0012664379, 0), (0.0014742455, 0.0018996568, 0), (0.0015197254, 0.0025328759, 0), (0.0013338411, 0.0031660947, 0), (0.00096714735, 0.0037993137, 0), (0.0004943377, 0.0044325325, 0), (0, 0.0050657517, 0), (-0.0004943377, 0.0044325325, 0), (-0.00096714735, 0.0037993137, 0), (-0.0013338411, 0.0031660947, 0), (-0.0015197254, 0.0025328759, 0), (-0.0014742455, 0.0018996568, 0), (-0.001182069, 0.0012664379, 0), (-0.0006688098, 0.00063321897, 0)]
                uniform token subdivisionScheme = "none"
                matrix4d xformOp:transform = ( (0.665808374270465, 0.7461227839647576, -0, 0), (-0.7278685319524434, 0.6495190528383288, 0.2198463103929542, 0), (0.1640323411547712, -0.14637551451209285, 0.9755345200486782, 0), (-0.02119849147723825, 0.00404075313654651, 0.12393778452308624, 1) )
                uniform token[] xformOpOrder = ["xformOp:transform"]
            }

            def Cylinder "Petiolule_2" (
                prepend apiSchemas = ["PhysicsCollisionAPI"]
            )
            {
                uniform token axis = "Z"
                double height = 0.01
                rel material:binding = </Plant_1/Materials/Leaf>
                double radius = 0.0005777272000000001
                matrix4d xformOp:transform = ( (0.8808442376695917, -0.4734061986965059, 0, 0), (0.10407660610058059, 0.19365035568255418, 0.9755345200486781, 0), (-0.4618240888334651, -0.8592939606326491, 0.2198463103929542, 0), (-0.030086080206404235, -0.009194297251299006, 0.1279599499425347, 1) )
                uniform token[] xformOpOrder = ["xformOp:transform"]
            }

            def Mesh "Blade_2" (
                prepend apiSchemas = ["PhysicsCollisionAPI", "PhysicsMeshCollisionAPI"]
            )
            {
                int[] faceVertexCounts = [3, 3, 3, 3, 3, 3, 3, 3, 3, 3, 3, 3, 3, 3]
                int[] faceVertexIndices = [0, 1, 2, 0, 2, 3, 0, 3, 4, 0, 4, 5, 0, 5, 6, 0, 6, 7, 0, 7, 8, 0, 8, 9, 0, 9, 10, 0, 10, 11, 0, 11, 12, 0, 12, 13, 0, 13, 14, 0, 14, 15]
                rel material:binding = </Plant_1/Materials/Leaf>
                uniform token physics:approximation = "convexHull"
                point3f[] points = [(0, 0, 0), (0.0006688098, 0.00063321897, 0), (0.001182069, 0.0012664379, 0), (0.0014742455, 0.0018996568, 0), (0.0015197254, 0.0025328759, 0), (0.0013338411, 0.0031660947, 0), (0.00096714735, 0.0037993137, 0), (0.0004943377, 0.0044325325, 0), (0, 0.0050657517, 0), (-0.0004943377, 0.0044325325, 0), (-0.00096714735, 0.0037993137, 0), (-0.0013338411, 0.0031660947, 0), (-0.0015197254, 0.0025328759, 0), (-0.0014742455, 0.0018996568, 0), (-0.001182069, 0.0012664379, 0), (-0.0006688098, 0.00063321897, 0)]
                uniform token subdivisionScheme = "none"
                matrix4d xformOp:transform = ( (-0.8808442376695917, 0.4734061986965059, 0, 0), (-0.4618240888334651, -0.8592939606326491, 0.2198463103929542, 0), (0.10407660610058059, 0.19365035568255418, 0.9755345200486781, 0), (-0.03239520065057156, -0.013490767054462251, 0.1290591814944995, 1) )
                uniform token[] xformOpOrder = ["xformOp:transform"]
            }

            def Cylinder "Petiolule_3" (
                prepend apiSchemas = ["PhysicsCollisionAPI"]
            )
            {
                uniform token axis = "Z"
                double height = 0.01
                rel material:binding = </Plant_1/Materials/Leaf>
                double radius = 0.0005777272000000001
                matrix4d xformOp:transform = ( (-0.665808374270465, -0.7461227839647576, 0, 0), (0.1640323411547712, -0.14637551451209285, 0.9755345200486782, 0), (-0.7278685319524434, 0.6495190528383288, 0.2198463103929542, 0), (-0.03141630242199912, -0.0016502321839441158, 0.1279599499425347, 1) )
                uniform token[] xformOpOrder = ["xformOp:transform"]
            }

            def Mesh "Blade_3" (
                prepend apiSchemas = ["PhysicsCollisionAPI", "PhysicsMeshCollisionAPI"]
            )
            {
                int[] faceVertexCounts = [3, 3, 3, 3, 3, 3, 3, 3, 3, 3, 3, 3, 3, 3]
                int[] faceVertexIndices = [0, 1, 2, 0, 2, 3, 0, 3, 4, 0, 4, 5, 0, 5, 6, 0, 6, 7, 0, 7, 8, 0, 8, 9, 0, 9, 10, 0, 10, 11, 0, 11, 12, 0, 12, 13, 0, 13, 14, 0, 14, 15]
                rel material:binding = </Plant_1/Materials/Leaf>
                uniform token physics:approximation = "convexHull"
                point3f[] points = [(0, 0, 0), (0.0006688098, 0.00063321897, 0), (0.001182069, 0.0012664379, 0), (0.0014742455, 0.0018996568, 0), (0.0015197254, 0.0025328759, 0), (0.0013338411, 0.0031660947, 0), (0.00096714735, 0.0037993137, 0), (0.0004943377, 0.0044325325, 0), (0, 0.0050657517, 0), (-0.0004943377, 0.0044325325, 0), (-0.00096714735, 0.0037993137, 0), (-0.0013338411, 0.0031660947, 0), (-0.0015197254, 0.0025328759, 0), (-0.0014742455, 0.0018996568, 0), (-0.001182069, 0.0012664379, 0), (-0.0006688098, 0.00063321897, 0)]
                uniform token subdivisionScheme = "none"
                matrix4d xformOp:transform = ( (0.665808374270465, 0.7461227839647576, -0, 0), (-0.7278685319524434, 0.6495190528383288, 0.2198463103929542, 0), (0.1640323411547712, -0.14637551451209285, 0.9755345200486782, 0), (-0.035055645081761344, 0.0015973630802475283, 0.1290591814944995, 1) )
                uniform token[] xformOpOrder = ["xformOp:transform"]
            }

            def Cylinder "Petiolule_term" (
                prepend apiSchemas = ["PhysicsCollisionAPI"]
            )
            {
                uniform token axis = "Z"
                double height = 0.01
                rel material:binding = </Plant_1/Materials/Leaf>
                double radius = 0.0005777272000000001
                matrix4d xformOp:transform = ( (0.17364817766693047, -0.984807753012208, 0, 0), (0.33682408883346515, 0.05939117461388475, 0.9396926207859084, 0), (-0.9254165783983234, -0.16317591116653496, 0.3420201433256687, 0), (-0.044829582364468885, -0.007904664904748254, 0.1331631129690076, 1) )
                uniform token[] xformOpOrder = ["xformOp:transform"]
            }

            def Mesh "Blade_4" (
                prepend apiSchemas = ["PhysicsCollisionAPI", "PhysicsMeshCollisionAPI"]
            )
            {
                int[] faceVertexCounts = [3, 3, 3, 3, 3, 3, 3, 3, 3, 3, 3, 3, 3, 3]
                int[] faceVertexIndices = [0, 1, 2, 0, 2, 3, 0, 3, 4, 0, 4, 5, 0, 5, 6, 0, 6, 7, 0, 7, 8, 0, 8, 9, 0, 9, 10, 0, 10, 11, 0, 11, 12, 0, 12, 13, 0, 13, 14, 0, 14, 15]
                rel material:binding = </Plant_1/Materials/Leaf>
                uniform token physics:approximation = "convexHull"
                point3f[] points = [(0, 0, 0), (0.0006688098, 0.00063321897, 0), (0.001182069, 0.0012664379, 0), (0.0014742455, 0.0018996568, 0), (0.0015197254, 0.0025328759, 0), (0.0013338411, 0.0031660947, 0), (0.00096714735, 0.0037993137, 0), (0.0004943377, 0.0044325325, 0), (0, 0.0050657517, 0), (-0.0004943377, 0.0044325325, 0), (-0.00096714735, 0.0037993137, 0), (-0.0013338411, 0.0031660947, 0), (-0.0015197254, 0.0025328759, 0), (-0.0014742455, 0.0018996568, 0), (-0.001182069, 0.0012664379, 0), (-0.0006688098, 0.00063321897, 0)]
                uniform token subdivisionScheme = "none"
                matrix4d xformOp:transform = ( (-0.17364817766693047, 0.984807753012208, 0, 0), (-0.9254165783983234, -0.16317591116653496, 0.3420201433256687, 0), (0.33682408883346515, 0.05939117461388475, 0.9396926207859084, 0), (-0.0494566652564605, -0.008720544460580928, 0.13487321368563596, 1) )
                uniform token[] xformOpOrder = ["xformOp:transform"]
            }
        }

        def Xform "Leaf_o1_r4_i1" (
            prepend apiSchemas = ["PhysicsRigidBodyAPI", "PhysicsMassAPI", "PhysicsFilteredPairsAPI"]
        )
        {
            prepend rel physics:filteredPairs = </Plant_1/Stem/Internode_o1_r4>
            float physics:mass = 0.05

            def Cylinder "Petiole" (
                prepend apiSchemas = ["PhysicsCollisionAPI"]
            )
            {
                uniform token axis = "Z"
                double height = 0.019681213
                rel material:binding = </Plant_1/Materials/Leaf>
                double radius = 0.0017925265
                matrix4d xformOp:transform = ( (0.17364817766693047, -0.984807753012208, 0, 0), (0.33682408883346515, 0.05939117461388475, 0.9396926207859084, 0), (-0.9254165783983234, -0.16317591116653496, 0.3420201433256687, 0), (-0.0091066603965943, -0.0016057499320688265, 0.13041286964554152, 1) )
                uniform token[] xformOpOrder = ["xformOp:transform"]
            }

            def Cylinder "Rachis" (
                prepend apiSchemas = ["PhysicsCollisionAPI"]
            )
            {
                uniform token axis = "Z"
                double height = 0.04115541
                rel material:binding = </Plant_1/Materials/Leaf>
                double radius = 0.0010755158999999999
                matrix4d xformOp:transform = ( (0.17364817766693047, -0.984807753012208, 0, 0), (0.33682408883346515, 0.05939117461388475, 0.9396926207859084, 0), (-0.9254165783983234, -0.16317591116653496, 0.3420201433256687, 0), (-0.03725627014557867, -0.006569285627228815, 0.14081654490449635, 1) )
                uniform token[] xformOpOrder = ["xformOp:transform"]
            }

            def Cylinder "Petiolule_0" (
                prepend apiSchemas = ["PhysicsCollisionAPI"]
            )
            {
                uniform token axis = "Z"
                double height = 0.01
                rel material:binding = </Plant_1/Materials/Leaf>
                double radius = 0.0007170106
                matrix4d xformOp:transform = ( (0.8808442376695917, -0.4734061986965059, 0, 0), (0.10407660610058059, 0.19365035568255418, 0.9755345200486781, 0), (-0.4618240888334651, -0.8592939606326491, 0.2198463103929542, 0), (-0.020522441237355925, -0.007507969667300898, 0.13487778684304777, 1) )
                uniform token[] xformOpOrder = ["xformOp:transform"]
            }

            def Mesh "Blade_0" (
                prepend apiSchemas = ["PhysicsCollisionAPI", "PhysicsMeshCollisionAPI"]
            )
            {
                int[] faceVertexCounts = [3, 3, 3, 3, 3, 3, 3, 3, 3, 3, 3, 3, 3, 3]
                int[] faceVertexIndices = [0, 1, 2, 0, 2, 3, 0, 3, 4, 0, 4, 5, 0, 5, 6, 0, 6, 7, 0, 7, 8, 0, 8, 9, 0, 9, 10, 0, 10, 11, 0, 11, 12, 0, 12, 13, 0, 13, 14, 0, 14, 15]
                rel material:binding = </Plant_1/Materials/Leaf>
                uniform token physics:approximation = "convexHull"
                point3f[] points = [(0, 0, 0), (0.0014406543, 0.0013639894, 0), (0.0025462436, 0.0027279789, 0), (0.003175608, 0.0040919683, 0), (0.0032735749, 0.0054559577, 0), (0.0028731693, 0.0068199476, 0), (0.0020832901, 0.008183937, 0), (0.0010648314, 0.0095479265, 0), (0, 0.010911915, 0), (-0.0010648314, 0.0095479265, 0), (-0.0020832901, 0.008183937, 0), (-0.0028731693, 0.0068199476, 0), (-0.0032735749, 0.0054559577, 0), (-0.003175608, 0.0040919683, 0), (-0.0025462436, 0.0027279789, 0), (-0.0014406543, 0.0013639894, 0)]
                uniform token subdivisionScheme = "none"
                matrix4d xformOp:transform = ( (-0.8808442376695917, 0.4734061986965059, 0, 0), (-0.4618240888334651, -0.8592939606326491, 0.2198463103929542, 0), (0.10407660610058059, 0.19365035568255418, 0.9755345200486781, 0), (-0.02283156168152325, -0.011804439470464145, 0.13597701839501256, 1) )
                uniform token[] xformOpOrder = ["xformOp:transform"]
            }

            def Cylinder "Petiolule_1" (
                prepend apiSchemas = ["PhysicsCollisionAPI"]
            )
            {
                uniform token axis = "Z"
                double height = 0.01
                rel material:binding = </Plant_1/Materials/Leaf>
                double radius = 0.0007170106
                matrix4d xformOp:transform = ( (-0.665808374270465, -0.7461227839647576, 0, 0), (0.1640323411547712, -0.14637551451209285, 0.9755345200486782, 0), (-0.7278685319524434, 0.6495190528383288, 0.2198463103929542, 0), (-0.021852663452950817, 0.00003609540005399111, 0.13487778684304777, 1) )
                uniform token[] xformOpOrder = ["xformOp:transform"]
            }

            def Mesh "Blade_1" (
                prepend apiSchemas = ["PhysicsCollisionAPI", "PhysicsMeshCollisionAPI"]
            )
            {
                int[] faceVertexCounts = [3, 3, 3, 3, 3, 3, 3, 3, 3, 3, 3, 3, 3, 3]
                int[] faceVertexIndices = [0, 1, 2, 0, 2, 3, 0, 3, 4, 0, 4, 5, 0, 5, 6, 0, 6, 7, 0, 7, 8, 0, 8, 9, 0, 9, 10, 0, 10, 11, 0, 11, 12, 0, 12, 13, 0, 13, 14, 0, 14, 15]
                rel material:binding = </Plant_1/Materials/Leaf>
                uniform token physics:approximation = "convexHull"
                point3f[] points = [(0, 0, 0), (0.0014406543, 0.0013639894, 0), (0.0025462436, 0.0027279789, 0), (0.003175608, 0.0040919683, 0), (0.0032735749, 0.0054559577, 0), (0.0028731693, 0.0068199476, 0), (0.0020832901, 0.008183937, 0), (0.0010648314, 0.0095479265, 0), (0, 0.010911915, 0), (-0.0010648314, 0.0095479265, 0), (-0.0020832901, 0.008183937, 0), (-0.0028731693, 0.0068199476, 0), (-0.0032735749, 0.0054559577, 0), (-0.003175608, 0.0040919683, 0), (-0.0025462436, 0.0027279789, 0), (-0.0014406543, 0.0013639894, 0)]
                uniform token subdivisionScheme = "none"
                matrix4d xformOp:transform = ( (0.665808374270465, 0.7461227839647576, -0, 0), (-0.7278685319524434, 0.6495190528383288, 0.2198463103929542, 0), (0.1640323411547712, -0.14637551451209285, 0.9755345200486782, 0), (-0.025492006112713034, 0.003283690664245635, 0.13597701839501256, 1) )
                uniform token[] xformOpOrder = ["xformOp:transform"]
            }

            def Cylinder "Petiolule_2" (
                prepend apiSchemas = ["PhysicsCollisionAPI"]
            )
            {
                uniform token axis = "Z"
                double height = 0.01
                rel material:binding = </Plant_1/Materials/Leaf>
                double radius = 0.0007170106
                matrix4d xformOp:transform = ( (0.8808442376695917, -0.4734061986965059, 0, 0), (0.10407660610058059, 0.19365035568255418, 0.9755345200486781, 0), (-0.4618240888334651, -0.8592939606326491, 0.2198463103929542, 0), (-0.04235018839787563, -0.01135679041978311, 0.142944996126502, 1) )
                uniform token[] xformOpOrder = ["xformOp:transform"]
            }

            def Mesh "Blade_2" (
                prepend apiSchemas = ["PhysicsCollisionAPI", "PhysicsMeshCollisionAPI"]
            )
            {
                int[] faceVertexCounts = [3, 3, 3, 3, 3, 3, 3, 3, 3, 3, 3, 3, 3, 3]
                int[] faceVertexIndices = [0, 1, 2, 0, 2, 3, 0, 3, 4, 0, 4, 5, 0, 5, 6, 0, 6, 7, 0, 7, 8, 0, 8, 9, 0, 9, 10, 0, 10, 11, 0, 11, 12, 0, 12, 13, 0, 13, 14, 0, 14, 15]
                rel material:binding = </Plant_1/Materials/Leaf>
                uniform token physics:approximation = "convexHull"
                point3f[] points = [(0, 0, 0), (0.0014406543, 0.0013639894, 0), (0.0025462436, 0.0027279789, 0), (0.003175608, 0.0040919683, 0), (0.0032735749, 0.0054559577, 0), (0.0028731693, 0.0068199476, 0), (0.0020832901, 0.008183937, 0), (0.0010648314, 0.0095479265, 0), (0, 0.010911915, 0), (-0.0010648314, 0.0095479265, 0), (-0.0020832901, 0.008183937, 0), (-0.0028731693, 0.0068199476, 0), (-0.0032735749, 0.0054559577, 0), (-0.003175608, 0.0040919683, 0), (-0.0025462436, 0.0027279789, 0), (-0.0014406543, 0.0013639894, 0)]
                uniform token subdivisionScheme = "none"
                matrix4d xformOp:transform = ( (-0.8808442376695917, 0.4734061986965059, 0, 0), (-0.4618240888334651, -0.8592939606326491, 0.2198463103929542, 0), (0.10407660610058059, 0.19365035568255418, 0.9755345200486781, 0), (-0.04465930884204296, -0.015653260222946358, 0.14404422767846678, 1) )
                uniform token[] xformOpOrder = ["xformOp:transform"]
            }

            def Cylinder "Petiolule_3" (
                prepend apiSchemas = ["PhysicsCollisionAPI"]
            )
            {
                uniform token axis = "Z"
                double height = 0.01
                rel material:binding = </Plant_1/Materials/Leaf>
                double radius = 0.0007170106
                matrix4d xformOp:transform = ( (-0.665808374270465, -0.7461227839647576, 0, 0), (0.1640323411547712, -0.14637551451209285, 0.9755345200486782, 0), (-0.7278685319524434, 0.6495190528383288, 0.2198463103929542, 0), (-0.04368041061347052, -0.0038127253524282206, 0.142944996126502, 1) )
                uniform token[] xformOpOrder = ["xformOp:transform"]
            }

            def Mesh "Blade_3" (
                prepend apiSchemas = ["PhysicsCollisionAPI", "PhysicsMeshCollisionAPI"]
            )
            {
                int[] faceVertexCounts = [3, 3, 3, 3, 3, 3, 3, 3, 3, 3, 3, 3, 3, 3]
                int[] faceVertexIndices = [0, 1, 2, 0, 2, 3, 0, 3, 4, 0, 4, 5, 0, 5, 6, 0, 6, 7, 0, 7, 8, 0, 8, 9, 0, 9, 10, 0, 10, 11, 0, 11, 12, 0, 12, 13, 0, 13, 14, 0, 14, 15]
                rel material:binding = </Plant_1/Materials/Leaf>
                uniform token physics:approximation = "convexHull"
                point3f[] points = [(0, 0, 0), (0.0014406543, 0.0013639894, 0), (0.0025462436, 0.0027279789, 0), (0.003175608, 0.0040919683, 0), (0.0032735749, 0.0054559577, 0), (0.0028731693, 0.0068199476, 0), (0.0020832901, 0.008183937, 0), (0.0010648314, 0.0095479265, 0), (0, 0.010911915, 0), (-0.0010648314, 0.0095479265, 0), (-0.0020832901, 0.008183937, 0), (-0.0028731693, 0.0068199476, 0), (-0.0032735749, 0.0054559577, 0), (-0.003175608, 0.0040919683, 0), (-0.0025462436, 0.0027279789, 0), (-0.0014406543, 0.0013639894, 0)]
                uniform token subdivisionScheme = "none"
                matrix4d xformOp:transform = ( (0.665808374270465, 0.7461227839647576, -0, 0), (-0.7278685319524434, 0.6495190528383288, 0.2198463103929542, 0), (0.1640323411547712, -0.14637551451209285, 0.9755345200486782, 0), (-0.04731975327323274, -0.0005651300882365765, 0.14404422767846678, 1) )
                uniform token[] xformOpOrder = ["xformOp:transform"]
            }

            def Cylinder "Petiolule_term" (
                prepend apiSchemas = ["PhysicsCollisionAPI"]
            )
            {
                uniform token axis = "Z"
                double height = 0.01
                rel material:binding = </Plant_1/Materials/Leaf>
                double radius = 0.0007170106
                matrix4d xformOp:transform = ( (0.17364817766693047, -0.984807753012208, 0, 0), (0.33682408883346515, 0.05939117461388475, 0.9396926207859084, 0), (-0.9254165783983234, -0.16317591116653496, 0.3420201433256687, 0), (-0.060926302389960364, -0.010742950946152654, 0.149564635234538, 1) )
                uniform token[] xformOpOrder = ["xformOp:transform"]
            }

            def Mesh "Blade_4" (
                prepend apiSchemas = ["PhysicsCollisionAPI", "PhysicsMeshCollisionAPI"]
            )
            {
                int[] faceVertexCounts = [3, 3, 3, 3, 3, 3, 3, 3, 3, 3, 3, 3, 3, 3]
                int[] faceVertexIndices = [0, 1, 2, 0, 2, 3, 0, 3, 4, 0, 4, 5, 0, 5, 6, 0, 6, 7, 0, 7, 8, 0, 8, 9, 0, 9, 10, 0, 10, 11, 0, 11, 12, 0, 12, 13, 0, 13, 14, 0, 14, 15]
                rel material:binding = </Plant_1/Materials/Leaf>
                uniform token physics:approximation = "convexHull"
                point3f[] points = [(0, 0, 0), (0.0014406543, 0.0013639894, 0), (0.0025462436, 0.0027279789, 0), (0.003175608, 0.0040919683, 0), (0.0032735746, 0.0054559577, 0), (0.0028731693, 0.006819947, 0), (0.0020832901, 0.008183937, 0), (0.0010648314, 0.0095479265, 0), (0, 0.010911915, 0), (-0.0010648314, 0.0095479265, 0), (-0.0020832901, 0.008183937, 0), (-0.0028731693, 0.006819947, 0), (-0.0032735746, 0.0054559577, 0), (-0.003175608, 0.0040919683, 0), (-0.0025462436, 0.0027279789, 0), (-0.0014406543, 0.0013639894, 0)]
                uniform token subdivisionScheme = "none"
                matrix4d xformOp:transform = ( (-0.17364817766693047, 0.984807753012208, 0, 0), (-0.9254165783983234, -0.16317591116653496, 0.3420201433256687, 0), (0.33682408883346515, 0.05939117461388475, 0.9396926207859084, 0), (-0.06555338528195198, -0.011558830501985327, 0.15127473595116636, 1) )
                uniform token[] xformOpOrder = ["xformOp:transform"]
            }
        }

        def Xform "Leaf_o1_r4_i2" (
            prepend apiSchemas = ["PhysicsRigidBodyAPI", "PhysicsMassAPI", "PhysicsFilteredPairsAPI"]
        )
        {
            prepend rel physics:filteredPairs = </Plant_1/Stem/Internode_o1_r4>
            float physics:mass = 0.05

            def Cylinder "Petiole" (
                prepend apiSchemas = ["PhysicsCollisionAPI"]
            )
            {
                uniform token axis = "Z"
                double height = 0.019681213
                rel material:binding = </Plant_1/Materials/Leaf>
                double radius = 0.0017925265
                matrix4d xformOp:transform = ( (0.17364817766693047, -0.984807753012208, 0, 0), (0.33682408883346515, 0.05939117461388475, 0.9396926207859084, 0), (-0.9254165783983234, -0.16317591116653496, 0.3420201433256687, 0), (-0.0091066603965943, -0.0016057499320688265, 0.13041286964554152, 1) )
                uniform token[] xformOpOrder = ["xformOp:transform"]
            }

            def Cylinder "Rachis" (
                prepend apiSchemas = ["PhysicsCollisionAPI"]
            )
            {
                uniform token axis = "Z"
                double height = 0.04115541
                rel material:binding = </Plant_1/Materials/Leaf>
                double radius = 0.0010755158999999999
                matrix4d xformOp:transform = ( (0.17364817766693047, -0.984807753012208, 0, 0), (0.33682408883346515, 0.05939117461388475, 0.9396926207859084, 0), (-0.9254165783983234, -0.16317591116653496, 0.3420201433256687, 0), (-0.03725627014557867, -0.006569285627228815, 0.14081654490449635, 1) )
                uniform token[] xformOpOrder = ["xformOp:transform"]
            }

            def Cylinder "Petiolule_0" (
                prepend apiSchemas = ["PhysicsCollisionAPI"]
            )
            {
                uniform token axis = "Z"
                double height = 0.01
                rel material:binding = </Plant_1/Materials/Leaf>
                double radius = 0.0007170106
                matrix4d xformOp:transform = ( (0.8808442376695917, -0.4734061986965059, 0, 0), (0.10407660610058059, 0.19365035568255418, 0.9755345200486781, 0), (-0.4618240888334651, -0.8592939606326491, 0.2198463103929542, 0), (-0.020522441237355925, -0.007507969667300898, 0.13487778684304777, 1) )
                uniform token[] xformOpOrder = ["xformOp:transform"]
            }

            def Mesh "Blade_0" (
                prepend apiSchemas = ["PhysicsCollisionAPI", "PhysicsMeshCollisionAPI"]
            )
            {
                int[] faceVertexCounts = [3, 3, 3, 3, 3, 3, 3, 3, 3, 3, 3, 3, 3, 3]
                int[] faceVertexIndices = [0, 1, 2, 0, 2, 3, 0, 3, 4, 0, 4, 5, 0, 5, 6, 0, 6, 7, 0, 7, 8, 0, 8, 9, 0, 9, 10, 0, 10, 11, 0, 11, 12, 0, 12, 13, 0, 13, 14, 0, 14, 15]
                rel material:binding = </Plant_1/Materials/Leaf>
                uniform token physics:approximation = "convexHull"
                point3f[] points = [(0, 0, 0), (0.0014406543, 0.0013639894, 0), (0.0025462436, 0.0027279789, 0), (0.003175608, 0.0040919683, 0), (0.0032735749, 0.0054559577, 0), (0.0028731693, 0.0068199476, 0), (0.0020832901, 0.008183937, 0), (0.0010648314, 0.0095479265, 0), (0, 0.010911915, 0), (-0.0010648314, 0.0095479265, 0), (-0.0020832901, 0.008183937, 0), (-0.0028731693, 0.0068199476, 0), (-0.0032735749, 0.0054559577, 0), (-0.003175608, 0.0040919683, 0), (-0.0025462436, 0.0027279789, 0), (-0.0014406543, 0.0013639894, 0)]
                uniform token subdivisionScheme = "none"
                matrix4d xformOp:transform = ( (-0.8808442376695917, 0.4734061986965059, 0, 0), (-0.4618240888334651, -0.8592939606326491, 0.2198463103929542, 0), (0.10407660610058059, 0.19365035568255418, 0.9755345200486781, 0), (-0.02283156168152325, -0.011804439470464145, 0.13597701839501256, 1) )
                uniform token[] xformOpOrder = ["xformOp:transform"]
            }

            def Cylinder "Petiolule_1" (
                prepend apiSchemas = ["PhysicsCollisionAPI"]
            )
            {
                uniform token axis = "Z"
                double height = 0.01
                rel material:binding = </Plant_1/Materials/Leaf>
                double radius = 0.0007170106
                matrix4d xformOp:transform = ( (-0.665808374270465, -0.7461227839647576, 0, 0), (0.1640323411547712, -0.14637551451209285, 0.9755345200486782, 0), (-0.7278685319524434, 0.6495190528383288, 0.2198463103929542, 0), (-0.021852663452950817, 0.00003609540005399111, 0.13487778684304777, 1) )
                uniform token[] xformOpOrder = ["xformOp:transform"]
            }

            def Mesh "Blade_1" (
                prepend apiSchemas = ["PhysicsCollisionAPI", "PhysicsMeshCollisionAPI"]
            )
            {
                int[] faceVertexCounts = [3, 3, 3, 3, 3, 3, 3, 3, 3, 3, 3, 3, 3, 3]
                int[] faceVertexIndices = [0, 1, 2, 0, 2, 3, 0, 3, 4, 0, 4, 5, 0, 5, 6, 0, 6, 7, 0, 7, 8, 0, 8, 9, 0, 9, 10, 0, 10, 11, 0, 11, 12, 0, 12, 13, 0, 13, 14, 0, 14, 15]
                rel material:binding = </Plant_1/Materials/Leaf>
                uniform token physics:approximation = "convexHull"
                point3f[] points = [(0, 0, 0), (0.0014406543, 0.0013639894, 0), (0.0025462436, 0.0027279789, 0), (0.003175608, 0.0040919683, 0), (0.0032735749, 0.0054559577, 0), (0.0028731693, 0.0068199476, 0), (0.0020832901, 0.008183937, 0), (0.0010648314, 0.0095479265, 0), (0, 0.010911915, 0), (-0.0010648314, 0.0095479265, 0), (-0.0020832901, 0.008183937, 0), (-0.0028731693, 0.0068199476, 0), (-0.0032735749, 0.0054559577, 0), (-0.003175608, 0.0040919683, 0), (-0.0025462436, 0.0027279789, 0), (-0.0014406543, 0.0013639894, 0)]
                uniform token subdivisionScheme = "none"
                matrix4d xformOp:transform = ( (0.665808374270465, 0.7461227839647576, -0, 0), (-0.7278685319524434, 0.6495190528383288, 0.2198463103929542, 0), (0.1640323411547712, -0.14637551451209285, 0.9755345200486782, 0), (-0.025492006112713034, 0.003283690664245635, 0.13597701839501256, 1) )
                uniform token[] xformOpOrder = ["xformOp:transform"]
            }

            def Cylinder "Petiolule_2" (
                prepend apiSchemas = ["PhysicsCollisionAPI"]
            )
            {
                uniform token axis = "Z"
                double height = 0.01
                rel material:binding = </Plant_1/Materials/Leaf>
                double radius = 0.0007170106
                matrix4d xformOp:transform = ( (0.8808442376695917, -0.4734061986965059, 0, 0), (0.10407660610058059, 0.19365035568255418, 0.9755345200486781, 0), (-0.4618240888334651, -0.8592939606326491, 0.2198463103929542, 0), (-0.04235018839787563, -0.01135679041978311, 0.142944996126502, 1) )
                uniform token[] xformOpOrder = ["xformOp:transform"]
            }

            def Mesh "Blade_2" (
                prepend apiSchemas = ["PhysicsCollisionAPI", "PhysicsMeshCollisionAPI"]
            )
            {
                int[] faceVertexCounts = [3, 3, 3, 3, 3, 3, 3, 3, 3, 3, 3, 3, 3, 3]
                int[] faceVertexIndices = [0, 1, 2, 0, 2, 3, 0, 3, 4, 0, 4, 5, 0, 5, 6, 0, 6, 7, 0, 7, 8, 0, 8, 9, 0, 9, 10, 0, 10, 11, 0, 11, 12, 0, 12, 13, 0, 13, 14, 0, 14, 15]
                rel material:binding = </Plant_1/Materials/Leaf>
                uniform token physics:approximation = "convexHull"
                point3f[] points = [(0, 0, 0), (0.0014406543, 0.0013639894, 0), (0.0025462436, 0.0027279789, 0), (0.003175608, 0.0040919683, 0), (0.0032735749, 0.0054559577, 0), (0.0028731693, 0.0068199476, 0), (0.0020832901, 0.008183937, 0), (0.0010648314, 0.0095479265, 0), (0, 0.010911915, 0), (-0.0010648314, 0.0095479265, 0), (-0.0020832901, 0.008183937, 0), (-0.0028731693, 0.0068199476, 0), (-0.0032735749, 0.0054559577, 0), (-0.003175608, 0.0040919683, 0), (-0.0025462436, 0.0027279789, 0), (-0.0014406543, 0.0013639894, 0)]
                uniform token subdivisionScheme = "none"
                matrix4d xformOp:transform = ( (-0.8808442376695917, 0.4734061986965059, 0, 0), (-0.4618240888334651, -0.8592939606326491, 0.2198463103929542, 0), (0.10407660610058059, 0.19365035568255418, 0.9755345200486781, 0), (-0.04465930884204296, -0.015653260222946358, 0.14404422767846678, 1) )
                uniform token[] xformOpOrder = ["xformOp:transform"]
            }

            def Cylinder "Petiolule_3" (
                prepend apiSchemas = ["PhysicsCollisionAPI"]
            )
            {
                uniform token axis = "Z"
                double height = 0.01
                rel material:binding = </Plant_1/Materials/Leaf>
                double radius = 0.0007170106
                matrix4d xformOp:transform = ( (-0.665808374270465, -0.7461227839647576, 0, 0), (0.1640323411547712, -0.14637551451209285, 0.9755345200486782, 0), (-0.7278685319524434, 0.6495190528383288, 0.2198463103929542, 0), (-0.04368041061347052, -0.0038127253524282206, 0.142944996126502, 1) )
                uniform token[] xformOpOrder = ["xformOp:transform"]
            }

            def Mesh "Blade_3" (
                prepend apiSchemas = ["PhysicsCollisionAPI", "PhysicsMeshCollisionAPI"]
            )
            {
                int[] faceVertexCounts = [3, 3, 3, 3, 3, 3, 3, 3, 3, 3, 3, 3, 3, 3]
                int[] faceVertexIndices = [0, 1, 2, 0, 2, 3, 0, 3, 4, 0, 4, 5, 0, 5, 6, 0, 6, 7, 0, 7, 8, 0, 8, 9, 0, 9, 10, 0, 10, 11, 0, 11, 12, 0, 12, 13, 0, 13, 14, 0, 14, 15]
                rel material:binding = </Plant_1/Materials/Leaf>
                uniform token physics:approximation = "convexHull"
                point3f[] points = [(0, 0, 0), (0.0014406543, 0.0013639894, 0), (0.0025462436, 0.0027279789, 0), (0.003175608, 0.0040919683, 0), (0.0032735749, 0.0054559577, 0), (0.0028731693, 0.0068199476, 0), (0.0020832901, 0.008183937, 0), (0.0010648314, 0.0095479265, 0), (0, 0.010911915, 0), (-0.0010648314, 0.0095479265, 0), (-0.0020832901, 0.008183937, 0), (-0.0028731693, 0.0068199476, 0), (-0.0032735749, 0.0054559577, 0), (-0.003175608, 0.0040919683, 0), (-0.0025462436, 0.0027279789, 0), (-0.0014406543, 0.0013639894, 0)]
                uniform token subdivisionScheme = "none"
                matrix4d xformOp:transform = ( (0.665808374270465, 0.7461227839647576, -0, 0), (-0.7278685319524434, 0.6495190528383288, 0.2198463103929542, 0), (0.1640323411547712, -0.14637551451209285, 0.9755345200486782, 0), (-0.04731975327323274, -0.0005651300882365765, 0.14404422767846678, 1) )
                uniform token[] xformOpOrder = ["xformOp:transform"]
            }

            def Cylinder "Petiolule_term" (
                prepend apiSchemas = ["PhysicsCollisionAPI"]
            )
            {
                uniform token axis = "Z"
                double height = 0.01
                rel material:binding = </Plant_1/Materials/Leaf>
                double radius = 0.0007170106
                matrix4d xformOp:transform = ( (0.17364817766693047, -0.984807753012208, 0, 0), (0.33682408883346515, 0.05939117461388475, 0.9396926207859084, 0), (-0.9254165783983234, -0.16317591116653496, 0.3420201433256687, 0), (-0.060926302389960364, -0.010742950946152654, 0.149564635234538, 1) )
                uniform token[] xformOpOrder = ["xformOp:transform"]
            }

            def Mesh "Blade_4" (
                prepend apiSchemas = ["PhysicsCollisionAPI", "PhysicsMeshCollisionAPI"]
            )
            {
                int[] faceVertexCounts = [3, 3, 3, 3, 3, 3, 3, 3, 3, 3, 3, 3, 3, 3]
                int[] faceVertexIndices = [0, 1, 2, 0, 2, 3, 0, 3, 4, 0, 4, 5, 0, 5, 6, 0, 6, 7, 0, 7, 8, 0, 8, 9, 0, 9, 10, 0, 10, 11, 0, 11, 12, 0, 12, 13, 0, 13, 14, 0, 14, 15]
                rel material:binding = </Plant_1/Materials/Leaf>
                uniform token physics:approximation = "convexHull"
                point3f[] points = [(0, 0, 0), (0.0014406543, 0.0013639894, 0), (0.0025462436, 0.0027279789, 0), (0.003175608, 0.0040919683, 0), (0.0032735746, 0.0054559577, 0), (0.0028731693, 0.006819947, 0), (0.0020832901, 0.008183937, 0), (0.0010648314, 0.0095479265, 0), (0, 0.010911915, 0), (-0.0010648314, 0.0095479265, 0), (-0.0020832901, 0.008183937, 0), (-0.0028731693, 0.006819947, 0), (-0.0032735746, 0.0054559577, 0), (-0.003175608, 0.0040919683, 0), (-0.0025462436, 0.0027279789, 0), (-0.0014406543, 0.0013639894, 0)]
                uniform token subdivisionScheme = "none"
                matrix4d xformOp:transform = ( (-0.17364817766693047, 0.984807753012208, 0, 0), (-0.9254165783983234, -0.16317591116653496, 0.3420201433256687, 0), (0.33682408883346515, 0.05939117461388475, 0.9396926207859084, 0), (-0.06555338528195198, -0.011558830501985327, 0.15127473595116636, 1) )
                uniform token[] xformOpOrder = ["xformOp:transform"]
            }
        }

        def Xform "Leaf_o1_r4_i3" (
            prepend apiSchemas = ["PhysicsRigidBodyAPI", "PhysicsMassAPI", "PhysicsFilteredPairsAPI"]
        )
        {
            prepend rel physics:filteredPairs = </Plant_1/Stem/Internode_o1_r4>
            float physics:mass = 0.05

            def Cylinder "Petiole" (
                prepend apiSchemas = ["PhysicsCollisionAPI"]
            )
            {
                uniform token axis = "Z"
                double height = 0.019681213
                rel material:binding = </Plant_1/Materials/Leaf>
                double radius = 0.0017925265
                matrix4d xformOp:transform = ( (0.17364817766693047, -0.984807753012208, 0, 0), (0.33682408883346515, 0.05939117461388475, 0.9396926207859084, 0), (-0.9254165783983234, -0.16317591116653496, 0.3420201433256687, 0), (-0.0091066603965943, -0.0016057499320688265, 0.13041286964554152, 1) )
                uniform token[] xformOpOrder = ["xformOp:transform"]
            }

            def Cylinder "Rachis" (
                prepend apiSchemas = ["PhysicsCollisionAPI"]
            )
            {
                uniform token axis = "Z"
                double height = 0.04115541
                rel material:binding = </Plant_1/Materials/Leaf>
                double radius = 0.0010755158999999999
                matrix4d xformOp:transform = ( (0.17364817766693047, -0.984807753012208, 0, 0), (0.33682408883346515, 0.05939117461388475, 0.9396926207859084, 0), (-0.9254165783983234, -0.16317591116653496, 0.3420201433256687, 0), (-0.03725627014557867, -0.006569285627228815, 0.14081654490449635, 1) )
                uniform token[] xformOpOrder = ["xformOp:transform"]
            }

            def Cylinder "Petiolule_0" (
                prepend apiSchemas = ["PhysicsCollisionAPI"]
            )
            {
                uniform token axis = "Z"
                double height = 0.01
                rel material:binding = </Plant_1/Materials/Leaf>
                double radius = 0.0007170106
                matrix4d xformOp:transform = ( (0.8808442376695917, -0.4734061986965059, 0, 0), (0.10407660610058059, 0.19365035568255418, 0.9755345200486781, 0), (-0.4618240888334651, -0.8592939606326491, 0.2198463103929542, 0), (-0.020522441237355925, -0.007507969667300898, 0.13487778684304777, 1) )
                uniform token[] xformOpOrder = ["xformOp:transform"]
            }

            def Mesh "Blade_0" (
                prepend apiSchemas = ["PhysicsCollisionAPI", "PhysicsMeshCollisionAPI"]
            )
            {
                int[] faceVertexCounts = [3, 3, 3, 3, 3, 3, 3, 3, 3, 3, 3, 3, 3, 3]
                int[] faceVertexIndices = [0, 1, 2, 0, 2, 3, 0, 3, 4, 0, 4, 5, 0, 5, 6, 0, 6, 7, 0, 7, 8, 0, 8, 9, 0, 9, 10, 0, 10, 11, 0, 11, 12, 0, 12, 13, 0, 13, 14, 0, 14, 15]
                rel material:binding = </Plant_1/Materials/Leaf>
                uniform token physics:approximation = "convexHull"
                point3f[] points = [(0, 0, 0), (0.0014406543, 0.0013639894, 0), (0.0025462436, 0.0027279789, 0), (0.003175608, 0.0040919683, 0), (0.0032735749, 0.0054559577, 0), (0.0028731693, 0.0068199476, 0), (0.0020832901, 0.008183937, 0), (0.0010648314, 0.0095479265, 0), (0, 0.010911915, 0), (-0.0010648314, 0.0095479265, 0), (-0.0020832901, 0.008183937, 0), (-0.0028731693, 0.0068199476, 0), (-0.0032735749, 0.0054559577, 0), (-0.003175608, 0.0040919683, 0), (-0.0025462436, 0.0027279789, 0), (-0.0014406543, 0.0013639894, 0)]
                uniform token subdivisionScheme = "none"
                matrix4d xformOp:transform = ( (-0.8808442376695917, 0.4734061986965059, 0, 0), (-0.4618240888334651, -0.8592939606326491, 0.2198463103929542, 0), (0.10407660610058059, 0.19365035568255418, 0.9755345200486781, 0), (-0.02283156168152325, -0.011804439470464145, 0.13597701839501256, 1) )
                uniform token[] xformOpOrder = ["xformOp:transform"]
            }

            def Cylinder "Petiolule_1" (
                prepend apiSchemas = ["PhysicsCollisionAPI"]
            )
            {
                uniform token axis = "Z"
                double height = 0.01
                rel material:binding = </Plant_1/Materials/Leaf>
                double radius = 0.0007170106
                matrix4d xformOp:transform = ( (-0.665808374270465, -0.7461227839647576, 0, 0), (0.1640323411547712, -0.14637551451209285, 0.9755345200486782, 0), (-0.7278685319524434, 0.6495190528383288, 0.2198463103929542, 0), (-0.021852663452950817, 0.00003609540005399111, 0.13487778684304777, 1) )
                uniform token[] xformOpOrder = ["xformOp:transform"]
            }

            def Mesh "Blade_1" (
                prepend apiSchemas = ["PhysicsCollisionAPI", "PhysicsMeshCollisionAPI"]
            )
            {
                int[] faceVertexCounts = [3, 3, 3, 3, 3, 3, 3, 3, 3, 3, 3, 3, 3, 3]
                int[] faceVertexIndices = [0, 1, 2, 0, 2, 3, 0, 3, 4, 0, 4, 5, 0, 5, 6, 0, 6, 7, 0, 7, 8, 0, 8, 9, 0, 9, 10, 0, 10, 11, 0, 11, 12, 0, 12, 13, 0, 13, 14, 0, 14, 15]
                rel material:binding = </Plant_1/Materials/Leaf>
                uniform token physics:approximation = "convexHull"
                point3f[] points = [(0, 0, 0), (0.0014406543, 0.0013639894, 0), (0.0025462436, 0.0027279789, 0), (0.003175608, 0.0040919683, 0), (0.0032735749, 0.0054559577, 0), (0.0028731693, 0.0068199476, 0), (0.0020832901, 0.008183937, 0), (0.0010648314, 0.0095479265, 0), (0, 0.010911915, 0), (-0.0010648314, 0.0095479265, 0), (-0.0020832901, 0.008183937, 0), (-0.0028731693, 0.0068199476, 0), (-0.0032735749, 0.0054559577, 0), (-0.003175608, 0.0040919683, 0), (-0.0025462436, 0.0027279789, 0), (-0.0014406543, 0.0013639894, 0)]
                uniform token subdivisionScheme = "none"
                matrix4d xformOp:transform = ( (0.665808374270465, 0.7461227839647576, -0, 0), (-0.7278685319524434, 0.6495190528383288, 0.2198463103929542, 0), (0.1640323411547712, -0.14637551451209285, 0.9755345200486782, 0), (-0.025492006112713034, 0.003283690664245635, 0.13597701839501256, 1) )
                uniform token[] xformOpOrder = ["xformOp:transform"]
            }

            def Cylinder "Petiolule_2" (
                prepend apiSchemas = ["PhysicsCollisionAPI"]
            )
            {
                uniform token axis = "Z"
                double height = 0.01
                rel material:binding = </Plant_1/Materials/Leaf>
                double radius = 0.0007170106
                matrix4d xformOp:transform = ( (0.8808442376695917, -0.4734061986965059, 0, 0), (0.10407660610058059, 0.19365035568255418, 0.9755345200486781, 0), (-0.4618240888334651, -0.8592939606326491, 0.2198463103929542, 0), (-0.04235018839787563, -0.01135679041978311, 0.142944996126502, 1) )
                uniform token[] xformOpOrder = ["xformOp:transform"]
            }

            def Mesh "Blade_2" (
                prepend apiSchemas = ["PhysicsCollisionAPI", "PhysicsMeshCollisionAPI"]
            )
            {
                int[] faceVertexCounts = [3, 3, 3, 3, 3, 3, 3, 3, 3, 3, 3, 3, 3, 3]
                int[] faceVertexIndices = [0, 1, 2, 0, 2, 3, 0, 3, 4, 0, 4, 5, 0, 5, 6, 0, 6, 7, 0, 7, 8, 0, 8, 9, 0, 9, 10, 0, 10, 11, 0, 11, 12, 0, 12, 13, 0, 13, 14, 0, 14, 15]
                rel material:binding = </Plant_1/Materials/Leaf>
                uniform token physics:approximation = "convexHull"
                point3f[] points = [(0, 0, 0), (0.0014406543, 0.0013639894, 0), (0.0025462436, 0.0027279789, 0), (0.003175608, 0.0040919683, 0), (0.0032735749, 0.0054559577, 0), (0.0028731693, 0.0068199476, 0), (0.0020832901, 0.008183937, 0), (0.0010648314, 0.0095479265, 0), (0, 0.010911915, 0), (-0.0010648314, 0.0095479265, 0), (-0.0020832901, 0.008183937, 0), (-0.0028731693, 0.0068199476, 0), (-0.0032735749, 0.0054559577, 0), (-0.003175608, 0.0040919683, 0), (-0.0025462436, 0.0027279789, 0), (-0.0014406543, 0.0013639894, 0)]
                uniform token subdivisionScheme = "none"
                matrix4d xformOp:transform = ( (-0.8808442376695917, 0.4734061986965059, 0, 0), (-0.4618240888334651, -0.8592939606326491, 0.2198463103929542, 0), (0.10407660610058059, 0.19365035568255418, 0.9755345200486781, 0), (-0.04465930884204296, -0.015653260222946358, 0.14404422767846678, 1) )
                uniform token[] xformOpOrder = ["xformOp:transform"]
            }

            def Cylinder "Petiolule_3" (
                prepend apiSchemas = ["PhysicsCollisionAPI"]
            )
            {
                uniform token axis = "Z"
                double height = 0.01
                rel material:binding = </Plant_1/Materials/Leaf>
                double radius = 0.0007170106
                matrix4d xformOp:transform = ( (-0.665808374270465, -0.7461227839647576, 0, 0), (0.1640323411547712, -0.14637551451209285, 0.9755345200486782, 0), (-0.7278685319524434, 0.6495190528383288, 0.2198463103929542, 0), (-0.04368041061347052, -0.0038127253524282206, 0.142944996126502, 1) )
                uniform token[] xformOpOrder = ["xformOp:transform"]
            }

            def Mesh "Blade_3" (
                prepend apiSchemas = ["PhysicsCollisionAPI", "PhysicsMeshCollisionAPI"]
            )
            {
                int[] faceVertexCounts = [3, 3, 3, 3, 3, 3, 3, 3, 3, 3, 3, 3, 3, 3]
                int[] faceVertexIndices = [0, 1, 2, 0, 2, 3, 0, 3, 4, 0, 4, 5, 0, 5, 6, 0, 6, 7, 0, 7, 8, 0, 8, 9, 0, 9, 10, 0, 10, 11, 0, 11, 12, 0, 12, 13, 0, 13, 14, 0, 14, 15]
                rel material:binding = </Plant_1/Materials/Leaf>
                uniform token physics:approximation = "convexHull"
                point3f[] points = [(0, 0, 0), (0.0014406543, 0.0013639894, 0), (0.0025462436, 0.0027279789, 0), (0.003175608, 0.0040919683, 0), (0.0032735749, 0.0054559577, 0), (0.0028731693, 0.0068199476, 0), (0.0020832901, 0.008183937, 0), (0.0010648314, 0.0095479265, 0), (0, 0.010911915, 0), (-0.0010648314, 0.0095479265, 0), (-0.0020832901, 0.008183937, 0), (-0.0028731693, 0.0068199476, 0), (-0.0032735749, 0.0054559577, 0), (-0.003175608, 0.0040919683, 0), (-0.0025462436, 0.0027279789, 0), (-0.0014406543, 0.0013639894, 0)]
                uniform token subdivisionScheme = "none"
                matrix4d xformOp:transform = ( (0.665808374270465, 0.7461227839647576, -0, 0), (-0.7278685319524434, 0.6495190528383288, 0.2198463103929542, 0), (0.1640323411547712, -0.14637551451209285, 0.9755345200486782, 0), (-0.04731975327323274, -0.0005651300882365765, 0.14404422767846678, 1) )
                uniform token[] xformOpOrder = ["xformOp:transform"]
            }

            def Cylinder "Petiolule_term" (
                prepend apiSchemas = ["PhysicsCollisionAPI"]
            )
            {
                uniform token axis = "Z"
                double height = 0.01
                rel material:binding = </Plant_1/Materials/Leaf>
                double radius = 0.0007170106
                matrix4d xformOp:transform = ( (0.17364817766693047, -0.984807753012208, 0, 0), (0.33682408883346515, 0.05939117461388475, 0.9396926207859084, 0), (-0.9254165783983234, -0.16317591116653496, 0.3420201433256687, 0), (-0.060926302389960364, -0.010742950946152654, 0.149564635234538, 1) )
                uniform token[] xformOpOrder = ["xformOp:transform"]
            }

            def Mesh "Blade_4" (
                prepend apiSchemas = ["PhysicsCollisionAPI", "PhysicsMeshCollisionAPI"]
            )
            {
                int[] faceVertexCounts = [3, 3, 3, 3, 3, 3, 3, 3, 3, 3, 3, 3, 3, 3]
                int[] faceVertexIndices = [0, 1, 2, 0, 2, 3, 0, 3, 4, 0, 4, 5, 0, 5, 6, 0, 6, 7, 0, 7, 8, 0, 8, 9, 0, 9, 10, 0, 10, 11, 0, 11, 12, 0, 12, 13, 0, 13, 14, 0, 14, 15]
                rel material:binding = </Plant_1/Materials/Leaf>
                uniform token physics:approximation = "convexHull"
                point3f[] points = [(0, 0, 0), (0.0014406543, 0.0013639894, 0), (0.0025462436, 0.0027279789, 0), (0.003175608, 0.0040919683, 0), (0.0032735746, 0.0054559577, 0), (0.0028731693, 0.006819947, 0), (0.0020832901, 0.008183937, 0), (0.0010648314, 0.0095479265, 0), (0, 0.010911915, 0), (-0.0010648314, 0.0095479265, 0), (-0.0020832901, 0.008183937, 0), (-0.0028731693, 0.006819947, 0), (-0.0032735746, 0.0054559577, 0), (-0.003175608, 0.0040919683, 0), (-0.0025462436, 0.0027279789, 0), (-0.0014406543, 0.0013639894, 0)]
                uniform token subdivisionScheme = "none"
                matrix4d xformOp:transform = ( (-0.17364817766693047, 0.984807753012208, 0, 0), (-0.9254165783983234, -0.16317591116653496, 0.3420201433256687, 0), (0.33682408883346515, 0.05939117461388475, 0.9396926207859084, 0), (-0.06555338528195198, -0.011558830501985327, 0.15127473595116636, 1) )
                uniform token[] xformOpOrder = ["xformOp:transform"]
            }
        }

        def Xform "Leaf_o1_r3_i0" (
            prepend apiSchemas = ["PhysicsRigidBodyAPI", "PhysicsMassAPI", "PhysicsFilteredPairsAPI"]
        )
        {
            prepend rel physics:filteredPairs = </Plant_1/Stem/Internode_o1_r3>
            float physics:mass = 0.05

            def Cylinder "Petiole" (
                prepend apiSchemas = ["PhysicsCollisionAPI"]
            )
            {
                uniform token axis = "Z"
                double height = 0.02102397
                rel material:binding = </Plant_1/Materials/Leaf>
                double radius = 0.00189013825
                matrix4d xformOp:transform = ( (-0.7933533402912352, 0.6087614290087207, 0, 0), (-0.20820867120070155, -0.2713428231543063, 0.9396926207859084, 0), (0.5720486226585795, 0.7455082795475254, 0.3420201433256687, 0), (0.006013366540657647, 0.007836771851979394, 0.10092619961633728, 1) )
                uniform token[] xformOpOrder = ["xformOp:transform"]
            }

            def Cylinder "Rachis" (
                prepend apiSchemas = ["PhysicsCollisionAPI"]
            )
            {
                uniform token axis = "Z"
                double height = 0.045137446
                rel material:binding = </Plant_1/Materials/Leaf>
                double radius = 0.00113408295
                matrix4d xformOp:transform = ( (-0.7933533402912352, 0.6087614290087207, 0, 0), (-0.20820867120070155, -0.2713428231543063, 0.9396926207859084, 0), (0.5720486226585795, 0.7455082795475254, 0.3420201433256687, 0), (0.024937139988628298, 0.03249871355927345, 0.11224046810781188, 1) )
                uniform token[] xformOpOrder = ["xformOp:transform"]
            }

            def Cylinder "Petiolule_0" (
                prepend apiSchemas = ["PhysicsCollisionAPI"]
            )
            {
                uniform token axis = "Z"
                double height = 0.01
                rel material:binding = </Plant_1/Materials/Leaf>
                double radius = 0.0007560553
                matrix4d xformOp:transform = ( (-0.9692550857574936, -0.24605807999989301, 0, 0), (0.05409496103035083, -0.21308715443339138, 0.9755345200486782, 0), (-0.24003815097679487, 0.9455417948891769, 0.2198463103929542, 0), (0.01082654232643132, 0.020401252678404674, 0.10562074178463933, 1) )
                uniform token[] xformOpOrder = ["xformOp:transform"]
            }

            def Mesh "Blade_0" (
                prepend apiSchemas = ["PhysicsCollisionAPI", "PhysicsMeshCollisionAPI"]
            )
            {
                int[] faceVertexCounts = [3, 3, 3, 3, 3, 3, 3, 3, 3, 3, 3, 3, 3, 3]
                int[] faceVertexIndices = [0, 1, 2, 0, 2, 3, 0, 3, 4, 0, 4, 5, 0, 5, 6, 0, 6, 7, 0, 7, 8, 0, 8, 9, 0, 9, 10, 0, 10, 11, 0, 11, 12, 0, 12, 13, 0, 13, 14, 0, 14, 15]
                rel material:binding = </Plant_1/Materials/Leaf>
                uniform token physics:approximation = "convexHull"
                point3f[] points = [(0, 0, 0), (0.0017392912, 0.0016467344, 0), (0.0030740611, 0.0032934688, 0), (0.0038338883, 0.0049402034, 0), (0.003952163, 0.0065869377, 0), (0.003468756, 0.008233672, 0), (0.002515141, 0.009880407, 0), (0.0012855631, 0.011527142, 0), (0, 0.013173875, 0), (-0.0012855631, 0.011527142, 0), (-0.002515141, 0.009880407, 0), (-0.003468756, 0.008233672, 0), (-0.003952163, 0.0065869377, 0), (-0.0038338883, 0.0049402034, 0), (-0.0030740611, 0.0032934688, 0), (-0.0017392912, 0.0016467344, 0)]
                uniform token subdivisionScheme = "none"
                matrix4d xformOp:transform = ( (0.9692550857574936, 0.24605807999989301, -0, 0), (-0.24003815097679487, 0.9455417948891769, 0.2198463103929542, 0), (0.05409496103035083, -0.21308715443339138, 0.9755345200486782, 0), (0.009626351571547346, 0.025128961652850557, 0.1067199733366041, 1) )
                uniform token[] xformOpOrder = ["xformOp:transform"]
            }

            def Cylinder "Petiolule_1" (
                prepend apiSchemas = ["PhysicsCollisionAPI"]
            )
            {
                uniform token axis = "Z"
                double height = 0.01
                rel material:binding = </Plant_1/Materials/Leaf>
                double radius = 0.0007560553
                matrix4d xformOp:transform = ( (-0.013187821517518024, 0.9999130369005207, 0, 0), (-0.21982719187639332, -0.0028992939027471477, 0.9755345200486782, 0), (0.9754496845431657, 0.012865175134579576, 0.2198463103929542, 0), (0.01690398150403112, 0.015737869579631688, 0.10562074178463933, 1) )
                uniform token[] xformOpOrder = ["xformOp:transform"]
            }

            def Mesh "Blade_1" (
                prepend apiSchemas = ["PhysicsCollisionAPI", "PhysicsMeshCollisionAPI"]
            )
            {
                int[] faceVertexCounts = [3, 3, 3, 3, 3, 3, 3, 3, 3, 3, 3, 3, 3, 3]
                int[] faceVertexIndices = [0, 1, 2, 0, 2, 3, 0, 3, 4, 0, 4, 5, 0, 5, 6, 0, 6, 7, 0, 7, 8, 0, 8, 9, 0, 9, 10, 0, 10, 11, 0, 11, 12, 0, 12, 13, 0, 13, 14, 0, 14, 15]
                rel material:binding = </Plant_1/Materials/Leaf>
                uniform token physics:approximation = "convexHull"
                point3f[] points = [(0, 0, 0), (0.0017392912, 0.0016467344, 0), (0.0030740611, 0.0032934688, 0), (0.0038338883, 0.0049402034, 0), (0.003952163, 0.0065869377, 0), (0.003468756, 0.008233672, 0), (0.002515141, 0.009880407, 0), (0.0012855631, 0.011527142, 0), (0, 0.013173875, 0), (-0.0012855631, 0.011527142, 0), (-0.002515141, 0.009880407, 0), (-0.003468756, 0.008233672, 0), (-0.003952163, 0.0065869377, 0), (-0.0038338883, 0.0049402034, 0), (-0.0030740611, 0.0032934688, 0), (-0.0017392912, 0.0016467344, 0)]
                uniform token subdivisionScheme = "none"
                matrix4d xformOp:transform = ( (0.013187821517518024, -0.9999130369005207, 0, 0), (0.9754496845431657, 0.012865175134579576, 0.2198463103929542, 0), (-0.21982719187639332, -0.0028992939027471477, 0.9755345200486782, 0), (0.02178122992674695, 0.015802195455304584, 0.1067199733366041, 1) )
                uniform token[] xformOpOrder = ["xformOp:transform"]
            }

            def Cylinder "Petiolule_2" (
                prepend apiSchemas = ["PhysicsCollisionAPI"]
            )
            {
                uniform token axis = "Z"
                double height = 0.01
                rel material:binding = </Plant_1/Materials/Leaf>
                double radius = 0.0007560553
                matrix4d xformOp:transform = ( (-0.9692550857574936, -0.24605807999989301, 0, 0), (0.05409496103035083, -0.21308715443339138, 0.9755345200486782, 0), (-0.24003815097679487, 0.9455417948891769, 0.2198463103929542, 0), (0.025911672159588086, 0.04006057662957839, 0.11463993711744924, 1) )
                uniform token[] xformOpOrder = ["xformOp:transform"]
            }

            def Mesh "Blade_2" (
                prepend apiSchemas = ["PhysicsCollisionAPI", "PhysicsMeshCollisionAPI"]
            )
            {
                int[] faceVertexCounts = [3, 3, 3, 3, 3, 3, 3, 3, 3, 3, 3, 3, 3, 3]
                int[] faceVertexIndices = [0, 1, 2, 0, 2, 3, 0, 3, 4, 0, 4, 5, 0, 5, 6, 0, 6, 7, 0, 7, 8, 0, 8, 9, 0, 9, 10, 0, 10, 11, 0, 11, 12, 0, 12, 13, 0, 13, 14, 0, 14, 15]
                rel material:binding = </Plant_1/Materials/Leaf>
                uniform token physics:approximation = "convexHull"
                point3f[] points = [(0, 0, 0), (0.0017392912, 0.0016467344, 0), (0.0030740611, 0.0032934688, 0), (0.0038338883, 0.0049402034, 0), (0.003952163, 0.0065869377, 0), (0.003468756, 0.008233672, 0), (0.002515141, 0.009880407, 0), (0.0012855631, 0.011527142, 0), (0, 0.013173875, 0), (-0.0012855631, 0.011527142, 0), (-0.002515141, 0.009880407, 0), (-0.003468756, 0.008233672, 0), (-0.003952163, 0.0065869377, 0), (-0.0038338883, 0.0049402034, 0), (-0.0030740611, 0.0032934688, 0), (-0.0017392912, 0.0016467344, 0)]
                uniform token subdivisionScheme = "none"
                matrix4d xformOp:transform = ( (0.9692550857574936, 0.24605807999989301, -0, 0), (-0.24003815097679487, 0.9455417948891769, 0.2198463103929542, 0), (0.05409496103035083, -0.21308715443339138, 0.9755345200486782, 0), (0.02471148140470411, 0.04478828560402428, 0.11573916866941401, 1) )
                uniform token[] xformOpOrder = ["xformOp:transform"]
            }

            def Cylinder "Petiolule_3" (
                prepend apiSchemas = ["PhysicsCollisionAPI"]
            )
            {
                uniform token axis = "Z"
                double height = 0.01
                rel material:binding = </Plant_1/Materials/Leaf>
                double radius = 0.0007560553
                matrix4d xformOp:transform = ( (-0.013187821517518024, 0.9999130369005207, 0, 0), (-0.21982719187639332, -0.0028992939027471477, 0.9755345200486782, 0), (0.9754496845431657, 0.012865175134579576, 0.2198463103929542, 0), (0.03198911133718789, 0.03539719353080541, 0.11463993711744924, 1) )
                uniform token[] xformOpOrder = ["xformOp:transform"]
            }

            def Mesh "Blade_3" (
                prepend apiSchemas = ["PhysicsCollisionAPI", "PhysicsMeshCollisionAPI"]
            )
            {
                int[] faceVertexCounts = [3, 3, 3, 3, 3, 3, 3, 3, 3, 3, 3, 3, 3, 3]
                int[] faceVertexIndices = [0, 1, 2, 0, 2, 3, 0, 3, 4, 0, 4, 5, 0, 5, 6, 0, 6, 7, 0, 7, 8, 0, 8, 9, 0, 9, 10, 0, 10, 11, 0, 11, 12, 0, 12, 13, 0, 13, 14, 0, 14, 15]
                rel material:binding = </Plant_1/Materials/Leaf>
                uniform token physics:approximation = "convexHull"
                point3f[] points = [(0, 0, 0), (0.0017392912, 0.0016467344, 0), (0.0030740611, 0.0032934688, 0), (0.0038338883, 0.0049402034, 0), (0.003952163, 0.0065869377, 0), (0.003468756, 0.008233672, 0), (0.002515141, 0.009880407, 0), (0.0012855631, 0.011527142, 0), (0, 0.013173875, 0), (-0.0012855631, 0.011527142, 0), (-0.002515141, 0.009880407, 0), (-0.003468756, 0.008233672, 0), (-0.003952163, 0.0065869377, 0), (-0.0038338883, 0.0049402034, 0), (-0.0030740611, 0.0032934688, 0), (-0.0017392912, 0.0016467344, 0)]
                uniform token subdivisionScheme = "none"
                matrix4d xformOp:transform = ( (0.013187821517518024, -0.9999130369005207, 0, 0), (0.9754496845431657, 0.012865175134579576, 0.2198463103929542, 0), (-0.21982719187639332, -0.0028992939027471477, 0.9755345200486782, 0), (0.03686635975990372, 0.035461519406478306, 0.11573916866941401, 1) )
                uniform token[] xformOpOrder = ["xformOp:transform"]
            }

            def Cylinder "Petiolule_term" (
                prepend apiSchemas = ["PhysicsCollisionAPI"]
            )
            {
                uniform token axis = "Z"
                double height = 0.01
                rel material:binding = </Plant_1/Materials/Leaf>
                double radius = 0.0007560553
                matrix4d xformOp:transform = ( (-0.7933533402912352, 0.6087614290087207, 0, 0), (-0.20820867120070155, -0.2713428231543063, 0.9396926207859084, 0), (0.5720486226585795, 0.7455082795475254, 0.3420201433256687, 0), (0.0407077900092342, 0.05305142481232574, 0.12166952669957753, 1) )
                uniform token[] xformOpOrder = ["xformOp:transform"]
            }

            def Mesh "Blade_4" (
                prepend apiSchemas = ["PhysicsCollisionAPI", "PhysicsMeshCollisionAPI"]
            )
            {
                int[] faceVertexCounts = [3, 3, 3, 3, 3, 3, 3, 3, 3, 3, 3, 3, 3, 3]
                int[] faceVertexIndices = [0, 1, 2, 0, 2, 3, 0, 3, 4, 0, 4, 5, 0, 5, 6, 0, 6, 7, 0, 7, 8, 0, 8, 9, 0, 9, 10, 0, 10, 11, 0, 11, 12, 0, 12, 13, 0, 13, 14, 0, 14, 15]
                rel material:binding = </Plant_1/Materials/Leaf>
                uniform token physics:approximation = "convexHull"
                point3f[] points = [(0, 0, 0), (0.0017392912, 0.0016467344, 0), (0.0030740611, 0.0032934688, 0), (0.0038338883, 0.0049402034, 0), (0.003952163, 0.0065869377, 0), (0.003468756, 0.008233672, 0), (0.002515141, 0.009880407, 0), (0.0012855631, 0.011527142, 0), (0, 0.013173875, 0), (-0.0012855631, 0.011527142, 0), (-0.002515141, 0.009880407, 0), (-0.003468756, 0.008233672, 0), (-0.003952163, 0.0065869377, 0), (-0.0038338883, 0.0049402034, 0), (-0.0030740611, 0.0032934688, 0), (-0.0017392912, 0.0016467344, 0)]
                uniform token subdivisionScheme = "none"
                matrix4d xformOp:transform = ( (0.7933533402912352, -0.6087614290087207, 0, 0), (0.5720486226585795, 0.7455082795475254, 0.3420201433256687, 0), (-0.20820867120070155, -0.2713428231543063, 0.9396926207859084, 0), (0.0435680331225271, 0.05677896621006337, 0.12337962741620588, 1) )
                uniform token[] xformOpOrder = ["xformOp:transform"]
            }
        }

        def Xform "Leaf_o1_r3_i1" (
            prepend apiSchemas = ["PhysicsRigidBodyAPI", "PhysicsMassAPI", "PhysicsFilteredPairsAPI"]
        )
        {
            prepend rel physics:filteredPairs = </Plant_1/Stem/Internode_o1_r3>
            float physics:mass = 0.05

            def Cylinder "Petiole" (
                prepend apiSchemas = ["PhysicsCollisionAPI"]
            )
            {
                uniform token axis = "Z"
                double height = 0.023616763
                rel material:binding = </Plant_1/Materials/Leaf>
                double radius = 0.002075249
                matrix4d xformOp:transform = ( (-0.7933533402912352, 0.6087614290087207, 0, 0), (-0.20820867120070155, -0.2713428231543063, 0.9396926207859084, 0), (0.5720486226585795, 0.7455082795475254, 0.3420201433256687, 0), (0.0067549683729020505, 0.008803246176305827, 0.10650212833307418, 1) )
                uniform token[] xformOpOrder = ["xformOp:transform"]
            }

            def Cylinder "Rachis" (
                prepend apiSchemas = ["PhysicsCollisionAPI"]
            )
            {
                uniform token axis = "Z"
                double height = 0.053179555
                rel material:binding = </Plant_1/Materials/Leaf>
                double radius = 0.0012451494
                matrix4d xformOp:transform = ( (-0.7933533402912352, 0.6087614290087207, 0, 0), (-0.20820867120070155, -0.2713428231543063, 0.9396926207859084, 0), (0.5720486226585795, 0.7455082795475254, 0.3420201433256687, 0), (0.028720582341477188, 0.03742939163018816, 0.119635072177696, 1) )
                uniform token[] xformOpOrder = ["xformOp:transform"]
            }

            def Cylinder "Petiolule_0" (
                prepend apiSchemas = ["PhysicsCollisionAPI"]
            )
            {
                uniform token axis = "Z"
                double height = 0.01
                rel material:binding = </Plant_1/Materials/Leaf>
                double radius = 0.0008300996
                matrix4d xformOp:transform = ( (-0.9692550857574936, -0.24605807999989301, 0, 0), (0.05409496103035083, -0.21308715443339138, 0.9755345200486782, 0), (-0.24003815097679487, 0.9455417948891769, 0.2198463103929542, 0), (0.012309745990920126, 0.02233420132705754, 0.11164006421811314, 1) )
                uniform token[] xformOpOrder = ["xformOp:transform"]
            }

            def Mesh "Blade_0" (
                prepend apiSchemas = ["PhysicsCollisionAPI", "PhysicsMeshCollisionAPI"]
            )
            {
                int[] faceVertexCounts = [3, 3, 3, 3, 3, 3, 3, 3, 3, 3, 3, 3, 3, 3]
                int[] faceVertexIndices = [0, 1, 2, 0, 2, 3, 0, 3, 4, 0, 4, 5, 0, 5, 6, 0, 6, 7, 0, 7, 8, 0, 8, 9, 0, 9, 10, 0, 10, 11, 0, 11, 12, 0, 12, 13, 0, 13, 14, 0, 14, 15]
                rel material:binding = </Plant_1/Materials/Leaf>
                uniform token physics:approximation = "convexHull"
                point3f[] points = [(0, 0, 0), (0.0024239898, 0.0022949968, 0), (0.0042842124, 0.0045899935, 0), (0.005343157, 0.00688499, 0), (0.005507992, 0.009179987, 0), (0.004834285, 0.011474983, 0), (0.0035052646, 0.01376998, 0), (0.0017916447, 0.016064977, 0), (0, 0.018359974, 0), (-0.0017916447, 0.016064977, 0), (-0.0035052646, 0.01376998, 0), (-0.004834285, 0.011474983, 0), (-0.005507992, 0.009179987, 0), (-0.005343157, 0.00688499, 0), (-0.0042842124, 0.0045899935, 0), (-0.0024239898, 0.0022949968, 0)]
                uniform token subdivisionScheme = "none"
                matrix4d xformOp:transform = ( (0.9692550857574936, 0.24605807999989301, -0, 0), (-0.24003815097679487, 0.9455417948891769, 0.2198463103929542, 0), (0.05409496103035083, -0.21308715443339138, 0.9755345200486782, 0), (0.011109555236036153, 0.02706191030150342, 0.11273929577007791, 1) )
                uniform token[] xformOpOrder = ["xformOp:transform"]
            }

            def Cylinder "Petiolule_1" (
                prepend apiSchemas = ["PhysicsCollisionAPI"]
            )
            {
                uniform token axis = "Z"
                double height = 0.01
                rel material:binding = </Plant_1/Materials/Leaf>
                double radius = 0.0008300996
                matrix4d xformOp:transform = ( (-0.013187821517518024, 0.9999130369005207, 0, 0), (-0.21982719187639332, -0.0028992939027471477, 0.9755345200486782, 0), (0.9754496845431657, 0.012865175134579576, 0.2198463103929542, 0), (0.018387185168519928, 0.017670818228284552, 0.11164006421811314, 1) )
                uniform token[] xformOpOrder = ["xformOp:transform"]
            }

            def Mesh "Blade_1" (
                prepend apiSchemas = ["PhysicsCollisionAPI", "PhysicsMeshCollisionAPI"]
            )
            {
                int[] faceVertexCounts = [3, 3, 3, 3, 3, 3, 3, 3, 3, 3, 3, 3, 3, 3]
                int[] faceVertexIndices = [0, 1, 2, 0, 2, 3, 0, 3, 4, 0, 4, 5, 0, 5, 6, 0, 6, 7, 0, 7, 8, 0, 8, 9, 0, 9, 10, 0, 10, 11, 0, 11, 12, 0, 12, 13, 0, 13, 14, 0, 14, 15]
                rel material:binding = </Plant_1/Materials/Leaf>
                uniform token physics:approximation = "convexHull"
                point3f[] points = [(0, 0, 0), (0.0024239898, 0.0022949968, 0), (0.0042842124, 0.0045899935, 0), (0.005343157, 0.00688499, 0), (0.005507992, 0.009179987, 0), (0.004834285, 0.011474983, 0), (0.0035052646, 0.01376998, 0), (0.0017916447, 0.016064977, 0), (0, 0.018359974, 0), (-0.0017916447, 0.016064977, 0), (-0.0035052646, 0.01376998, 0), (-0.004834285, 0.011474983, 0), (-0.005507992, 0.009179987, 0), (-0.005343157, 0.00688499, 0), (-0.0042842124, 0.0045899935, 0), (-0.0024239898, 0.0022949968, 0)]
                uniform token subdivisionScheme = "none"
                matrix4d xformOp:transform = ( (0.013187821517518024, -0.9999130369005207, 0, 0), (0.9754496845431657, 0.012865175134579576, 0.2198463103929542, 0), (-0.21982719187639332, -0.0028992939027471477, 0.9755345200486782, 0), (0.023264433591235756, 0.017735144103957448, 0.11273929577007791, 1) )
                uniform token[] xformOpOrder = ["xformOp:transform"]
            }

            def Cylinder "Petiolule_2" (
                prepend apiSchemas = ["PhysicsCollisionAPI"]
            )
            {
                uniform token axis = "Z"
                double height = 0.01
                rel material:binding = </Plant_1/Materials/Leaf>
                double radius = 0.0008300996
                matrix4d xformOp:transform = ( (-0.9692550857574936, -0.24605807999989301, 0, 0), (0.05409496103035083, -0.21308715443339138, 0.9755345200486782, 0), (-0.24003815097679487, 0.9455417948891769, 0.2198463103929542, 0), (0.030671368401501437, 0.04626353353905681, 0.12261823019878189, 1) )
                uniform token[] xformOpOrder = ["xformOp:transform"]
            }

            def Mesh "Blade_2" (
                prepend apiSchemas = ["PhysicsCollisionAPI", "PhysicsMeshCollisionAPI"]
            )
            {
                int[] faceVertexCounts = [3, 3, 3, 3, 3, 3, 3, 3, 3, 3, 3, 3, 3, 3]
                int[] faceVertexIndices = [0, 1, 2, 0, 2, 3, 0, 3, 4, 0, 4, 5, 0, 5, 6, 0, 6, 7, 0, 7, 8, 0, 8, 9, 0, 9, 10, 0, 10, 11, 0, 11, 12, 0, 12, 13, 0, 13, 14, 0, 14, 15]
                rel material:binding = </Plant_1/Materials/Leaf>
                uniform token physics:approximation = "convexHull"
                point3f[] points = [(0, 0, 0), (0.0024239898, 0.0022949968, 0), (0.0042842124, 0.0045899935, 0), (0.005343157, 0.00688499, 0), (0.005507992, 0.009179987, 0), (0.004834285, 0.011474983, 0), (0.0035052646, 0.01376998, 0), (0.0017916447, 0.016064977, 0), (0, 0.018359974, 0), (-0.0017916447, 0.016064977, 0), (-0.0035052646, 0.01376998, 0), (-0.004834285, 0.011474983, 0), (-0.005507992, 0.009179987, 0), (-0.005343157, 0.00688499, 0), (-0.0042842124, 0.0045899935, 0), (-0.0024239898, 0.0022949968, 0)]
                uniform token subdivisionScheme = "none"
                matrix4d xformOp:transform = ( (0.9692550857574936, 0.24605807999989301, -0, 0), (-0.24003815097679487, 0.9455417948891769, 0.2198463103929542, 0), (0.05409496103035083, -0.21308715443339138, 0.9755345200486782, 0), (0.029471177646617462, 0.0509912425135027, 0.12371746175074666, 1) )
                uniform token[] xformOpOrder = ["xformOp:transform"]
            }

            def Cylinder "Petiolule_3" (
                prepend apiSchemas = ["PhysicsCollisionAPI"]
            )
            {
                uniform token axis = "Z"
                double height = 0.01
                rel material:binding = </Plant_1/Materials/Leaf>
                double radius = 0.0008300996
                matrix4d xformOp:transform = ( (-0.013187821517518024, 0.9999130369005207, 0, 0), (-0.21982719187639332, -0.0028992939027471477, 0.9755345200486782, 0), (0.9754496845431657, 0.012865175134579576, 0.2198463103929542, 0), (0.03674880757910124, 0.041600150440283826, 0.12261823019878189, 1) )
                uniform token[] xformOpOrder = ["xformOp:transform"]
            }

            def Mesh "Blade_3" (
                prepend apiSchemas = ["PhysicsCollisionAPI", "PhysicsMeshCollisionAPI"]
            )
            {
                int[] faceVertexCounts = [3, 3, 3, 3, 3, 3, 3, 3, 3, 3, 3, 3, 3, 3]
                int[] faceVertexIndices = [0, 1, 2, 0, 2, 3, 0, 3, 4, 0, 4, 5, 0, 5, 6, 0, 6, 7, 0, 7, 8, 0, 8, 9, 0, 9, 10, 0, 10, 11, 0, 11, 12, 0, 12, 13, 0, 13, 14, 0, 14, 15]
                rel material:binding = </Plant_1/Materials/Leaf>
                uniform token physics:approximation = "convexHull"
                point3f[] points = [(0, 0, 0), (0.0024239898, 0.0022949968, 0), (0.0042842124, 0.0045899935, 0), (0.005343157, 0.00688499, 0), (0.005507992, 0.009179987, 0), (0.004834285, 0.011474983, 0), (0.0035052646, 0.01376998, 0), (0.0017916447, 0.016064977, 0), (0, 0.018359974, 0), (-0.0017916447, 0.016064977, 0), (-0.0035052646, 0.01376998, 0), (-0.004834285, 0.011474983, 0), (-0.005507992, 0.009179987, 0), (-0.005343157, 0.00688499, 0), (-0.0042842124, 0.0045899935, 0), (-0.0024239898, 0.0022949968, 0)]
                uniform token subdivisionScheme = "none"
                matrix4d xformOp:transform = ( (0.013187821517518024, -0.9999130369005207, 0, 0), (0.9754496845431657, 0.012865175134579576, 0.2198463103929542, 0), (-0.21982719187639332, -0.0028992939027471477, 0.9755345200486782, 0), (0.04162605600181707, 0.041664476315956725, 0.12371746175074666, 1) )
                uniform token[] xformOpOrder = ["xformOp:transform"]
            }

            def Cylinder "Petiolule_term" (
                prepend apiSchemas = ["PhysicsCollisionAPI"]
            )
            {
                uniform token axis = "Z"
                double height = 0.01
                rel material:binding = </Plant_1/Materials/Leaf>
                double radius = 0.0008300996
                matrix4d xformOp:transform = ( (-0.7933533402912352, 0.6087614290087207, 0, 0), (-0.20820867120070155, -0.2713428231543063, 0.9396926207859084, 0), (0.5720486226585795, 0.7455082795475254, 0.3420201433256687, 0), (0.04679147105044317, 0.06097983230550228, 0.13043941240587198, 1) )
                uniform token[] xformOpOrder = ["xformOp:transform"]
            }

            def Mesh "Blade_4" (
                prepend apiSchemas = ["PhysicsCollisionAPI", "PhysicsMeshCollisionAPI"]
            )
            {
                int[] faceVertexCounts = [3, 3, 3, 3, 3, 3, 3, 3, 3, 3, 3, 3, 3, 3]
                int[] faceVertexIndices = [0, 1, 2, 0, 2, 3, 0, 3, 4, 0, 4, 5, 0, 5, 6, 0, 6, 7, 0, 7, 8, 0, 8, 9, 0, 9, 10, 0, 10, 11, 0, 11, 12, 0, 12, 13, 0, 13, 14, 0, 14, 15]
                rel material:binding = </Plant_1/Materials/Leaf>
                uniform token physics:approximation = "convexHull"
                point3f[] points = [(0, 0, 0), (0.0024239898, 0.0022949968, 0), (0.0042842124, 0.0045899935, 0), (0.005343157, 0.00688499, 0), (0.005507992, 0.009179987, 0), (0.004834285, 0.011474983, 0), (0.0035052646, 0.01376998, 0), (0.0017916447, 0.016064977, 0), (0, 0.018359974, 0), (-0.0017916447, 0.016064977, 0), (-0.0035052646, 0.01376998, 0), (-0.004834285, 0.011474983, 0), (-0.005507992, 0.009179987, 0), (-0.005343157, 0.00688499, 0), (-0.0042842124, 0.0045899935, 0), (-0.0024239898, 0.0022949968, 0)]
                uniform token subdivisionScheme = "none"
                matrix4d xformOp:transform = ( (0.7933533402912352, -0.6087614290087207, 0, 0), (0.5720486226585795, 0.7455082795475254, 0.3420201433256687, 0), (-0.20820867120070155, -0.2713428231543063, 0.9396926207859084, 0), (0.04965171416373607, 0.06470737370323991, 0.13214951312250034, 1) )
                uniform token[] xformOpOrder = ["xformOp:transform"]
            }
        }

        def Xform "Leaf_o1_r3_i2" (
            prepend apiSchemas = ["PhysicsRigidBodyAPI", "PhysicsMassAPI", "PhysicsFilteredPairsAPI"]
        )
        {
            prepend rel physics:filteredPairs = </Plant_1/Stem/Internode_o1_r3>
            float physics:mass = 0.05

            def Cylinder "Petiole" (
                prepend apiSchemas = ["PhysicsCollisionAPI"]
            )
            {
                uniform token axis = "Z"
                double height = 0.023616763
                rel material:binding = </Plant_1/Materials/Leaf>
                double radius = 0.002075249
                matrix4d xformOp:transform = ( (-0.7933533402912352, 0.6087614290087207, 0, 0), (-0.20820867120070155, -0.2713428231543063, 0.9396926207859084, 0), (0.5720486226585795, 0.7455082795475254, 0.3420201433256687, 0), (0.0067549683729020505, 0.008803246176305827, 0.10650212833307418, 1) )
                uniform token[] xformOpOrder = ["xformOp:transform"]
            }

            def Cylinder "Rachis" (
                prepend apiSchemas = ["PhysicsCollisionAPI"]
            )
            {
                uniform token axis = "Z"
                double height = 0.053179555
                rel material:binding = </Plant_1/Materials/Leaf>
                double radius = 0.0012451494
                matrix4d xformOp:transform = ( (-0.7933533402912352, 0.6087614290087207, 0, 0), (-0.20820867120070155, -0.2713428231543063, 0.9396926207859084, 0), (0.5720486226585795, 0.7455082795475254, 0.3420201433256687, 0), (0.028720582341477188, 0.03742939163018816, 0.119635072177696, 1) )
                uniform token[] xformOpOrder = ["xformOp:transform"]
            }

            def Cylinder "Petiolule_0" (
                prepend apiSchemas = ["PhysicsCollisionAPI"]
            )
            {
                uniform token axis = "Z"
                double height = 0.01
                rel material:binding = </Plant_1/Materials/Leaf>
                double radius = 0.0008300996
                matrix4d xformOp:transform = ( (-0.9692550857574936, -0.24605807999989301, 0, 0), (0.05409496103035083, -0.21308715443339138, 0.9755345200486782, 0), (-0.24003815097679487, 0.9455417948891769, 0.2198463103929542, 0), (0.012309745990920126, 0.02233420132705754, 0.11164006421811314, 1) )
                uniform token[] xformOpOrder = ["xformOp:transform"]
            }

            def Mesh "Blade_0" (
                prepend apiSchemas = ["PhysicsCollisionAPI", "PhysicsMeshCollisionAPI"]
            )
            {
                int[] faceVertexCounts = [3, 3, 3, 3, 3, 3, 3, 3, 3, 3, 3, 3, 3, 3]
                int[] faceVertexIndices = [0, 1, 2, 0, 2, 3, 0, 3, 4, 0, 4, 5, 0, 5, 6, 0, 6, 7, 0, 7, 8, 0, 8, 9, 0, 9, 10, 0, 10, 11, 0, 11, 12, 0, 12, 13, 0, 13, 14, 0, 14, 15]
                rel material:binding = </Plant_1/Materials/Leaf>
                uniform token physics:approximation = "convexHull"
                point3f[] points = [(0, 0, 0), (0.0024239898, 0.0022949968, 0), (0.0042842124, 0.0045899935, 0), (0.005343157, 0.00688499, 0), (0.005507992, 0.009179987, 0), (0.004834285, 0.011474983, 0), (0.0035052646, 0.01376998, 0), (0.0017916447, 0.016064977, 0), (0, 0.018359974, 0), (-0.0017916447, 0.016064977, 0), (-0.0035052646, 0.01376998, 0), (-0.004834285, 0.011474983, 0), (-0.005507992, 0.009179987, 0), (-0.005343157, 0.00688499, 0), (-0.0042842124, 0.0045899935, 0), (-0.0024239898, 0.0022949968, 0)]
                uniform token subdivisionScheme = "none"
                matrix4d xformOp:transform = ( (0.9692550857574936, 0.24605807999989301, -0, 0), (-0.24003815097679487, 0.9455417948891769, 0.2198463103929542, 0), (0.05409496103035083, -0.21308715443339138, 0.9755345200486782, 0), (0.011109555236036153, 0.02706191030150342, 0.11273929577007791, 1) )
                uniform token[] xformOpOrder = ["xformOp:transform"]
            }

            def Cylinder "Petiolule_1" (
                prepend apiSchemas = ["PhysicsCollisionAPI"]
            )
            {
                uniform token axis = "Z"
                double height = 0.01
                rel material:binding = </Plant_1/Materials/Leaf>
                double radius = 0.0008300996
                matrix4d xformOp:transform = ( (-0.013187821517518024, 0.9999130369005207, 0, 0), (-0.21982719187639332, -0.0028992939027471477, 0.9755345200486782, 0), (0.9754496845431657, 0.012865175134579576, 0.2198463103929542, 0), (0.018387185168519928, 0.017670818228284552, 0.11164006421811314, 1) )
                uniform token[] xformOpOrder = ["xformOp:transform"]
            }

            def Mesh "Blade_1" (
                prepend apiSchemas = ["PhysicsCollisionAPI", "PhysicsMeshCollisionAPI"]
            )
            {
                int[] faceVertexCounts = [3, 3, 3, 3, 3, 3, 3, 3, 3, 3, 3, 3, 3, 3]
                int[] faceVertexIndices = [0, 1, 2, 0, 2, 3, 0, 3, 4, 0, 4, 5, 0, 5, 6, 0, 6, 7, 0, 7, 8, 0, 8, 9, 0, 9, 10, 0, 10, 11, 0, 11, 12, 0, 12, 13, 0, 13, 14, 0, 14, 15]
                rel material:binding = </Plant_1/Materials/Leaf>
                uniform token physics:approximation = "convexHull"
                point3f[] points = [(0, 0, 0), (0.0024239898, 0.0022949968, 0), (0.0042842124, 0.0045899935, 0), (0.005343157, 0.00688499, 0), (0.005507992, 0.009179987, 0), (0.004834285, 0.011474983, 0), (0.0035052646, 0.01376998, 0), (0.0017916447, 0.016064977, 0), (0, 0.018359974, 0), (-0.0017916447, 0.016064977, 0), (-0.0035052646, 0.01376998, 0), (-0.004834285, 0.011474983, 0), (-0.005507992, 0.009179987, 0), (-0.005343157, 0.00688499, 0), (-0.0042842124, 0.0045899935, 0), (-0.0024239898, 0.0022949968, 0)]
                uniform token subdivisionScheme = "none"
                matrix4d xformOp:transform = ( (0.013187821517518024, -0.9999130369005207, 0, 0), (0.9754496845431657, 0.012865175134579576, 0.2198463103929542, 0), (-0.21982719187639332, -0.0028992939027471477, 0.9755345200486782, 0), (0.023264433591235756, 0.017735144103957448, 0.11273929577007791, 1) )
                uniform token[] xformOpOrder = ["xformOp:transform"]
            }

            def Cylinder "Petiolule_2" (
                prepend apiSchemas = ["PhysicsCollisionAPI"]
            )
            {
                uniform token axis = "Z"
                double height = 0.01
                rel material:binding = </Plant_1/Materials/Leaf>
                double radius = 0.0008300996
                matrix4d xformOp:transform = ( (-0.9692550857574936, -0.24605807999989301, 0, 0), (0.05409496103035083, -0.21308715443339138, 0.9755345200486782, 0), (-0.24003815097679487, 0.9455417948891769, 0.2198463103929542, 0), (0.030671368401501437, 0.04626353353905681, 0.12261823019878189, 1) )
                uniform token[] xformOpOrder = ["xformOp:transform"]
            }

            def Mesh "Blade_2" (
                prepend apiSchemas = ["PhysicsCollisionAPI", "PhysicsMeshCollisionAPI"]
            )
            {
                int[] faceVertexCounts = [3, 3, 3, 3, 3, 3, 3, 3, 3, 3, 3, 3, 3, 3]
                int[] faceVertexIndices = [0, 1, 2, 0, 2, 3, 0, 3, 4, 0, 4, 5, 0, 5, 6, 0, 6, 7, 0, 7, 8, 0, 8, 9, 0, 9, 10, 0, 10, 11, 0, 11, 12, 0, 12, 13, 0, 13, 14, 0, 14, 15]
                rel material:binding = </Plant_1/Materials/Leaf>
                uniform token physics:approximation = "convexHull"
                point3f[] points = [(0, 0, 0), (0.0024239898, 0.0022949968, 0), (0.0042842124, 0.0045899935, 0), (0.005343157, 0.00688499, 0), (0.005507992, 0.009179987, 0), (0.004834285, 0.011474983, 0), (0.0035052646, 0.01376998, 0), (0.0017916447, 0.016064977, 0), (0, 0.018359974, 0), (-0.0017916447, 0.016064977, 0), (-0.0035052646, 0.01376998, 0), (-0.004834285, 0.011474983, 0), (-0.005507992, 0.009179987, 0), (-0.005343157, 0.00688499, 0), (-0.0042842124, 0.0045899935, 0), (-0.0024239898, 0.0022949968, 0)]
                uniform token subdivisionScheme = "none"
                matrix4d xformOp:transform = ( (0.9692550857574936, 0.24605807999989301, -0, 0), (-0.24003815097679487, 0.9455417948891769, 0.2198463103929542, 0), (0.05409496103035083, -0.21308715443339138, 0.9755345200486782, 0), (0.029471177646617462, 0.0509912425135027, 0.12371746175074666, 1) )
                uniform token[] xformOpOrder = ["xformOp:transform"]
            }

            def Cylinder "Petiolule_3" (
                prepend apiSchemas = ["PhysicsCollisionAPI"]
            )
            {
                uniform token axis = "Z"
                double height = 0.01
                rel material:binding = </Plant_1/Materials/Leaf>
                double radius = 0.0008300996
                matrix4d xformOp:transform = ( (-0.013187821517518024, 0.9999130369005207, 0, 0), (-0.21982719187639332, -0.0028992939027471477, 0.9755345200486782, 0), (0.9754496845431657, 0.012865175134579576, 0.2198463103929542, 0), (0.03674880757910124, 0.041600150440283826, 0.12261823019878189, 1) )
                uniform token[] xformOpOrder = ["xformOp:transform"]
            }

            def Mesh "Blade_3" (
                prepend apiSchemas = ["PhysicsCollisionAPI", "PhysicsMeshCollisionAPI"]
            )
            {
                int[] faceVertexCounts = [3, 3, 3, 3, 3, 3, 3, 3, 3, 3, 3, 3, 3, 3]
                int[] faceVertexIndices = [0, 1, 2, 0, 2, 3, 0, 3, 4, 0, 4, 5, 0, 5, 6, 0, 6, 7, 0, 7, 8, 0, 8, 9, 0, 9, 10, 0, 10, 11, 0, 11, 12, 0, 12, 13, 0, 13, 14, 0, 14, 15]
                rel material:binding = </Plant_1/Materials/Leaf>
                uniform token physics:approximation = "convexHull"
                point3f[] points = [(0, 0, 0), (0.0024239898, 0.0022949968, 0), (0.0042842124, 0.0045899935, 0), (0.005343157, 0.00688499, 0), (0.005507992, 0.009179987, 0), (0.004834285, 0.011474983, 0), (0.0035052646, 0.01376998, 0), (0.0017916447, 0.016064977, 0), (0, 0.018359974, 0), (-0.0017916447, 0.016064977, 0), (-0.0035052646, 0.01376998, 0), (-0.004834285, 0.011474983, 0), (-0.005507992, 0.009179987, 0), (-0.005343157, 0.00688499, 0), (-0.0042842124, 0.0045899935, 0), (-0.0024239898, 0.0022949968, 0)]
                uniform token subdivisionScheme = "none"
                matrix4d xformOp:transform = ( (0.013187821517518024, -0.9999130369005207, 0, 0), (0.9754496845431657, 0.012865175134579576, 0.2198463103929542, 0), (-0.21982719187639332, -0.0028992939027471477, 0.9755345200486782, 0), (0.04162605600181707, 0.041664476315956725, 0.12371746175074666, 1) )
                uniform token[] xformOpOrder = ["xformOp:transform"]
            }

            def Cylinder "Petiolule_term" (
                prepend apiSchemas = ["PhysicsCollisionAPI"]
            )
            {
                uniform token axis = "Z"
                double height = 0.01
                rel material:binding = </Plant_1/Materials/Leaf>
                double radius = 0.0008300996
                matrix4d xformOp:transform = ( (-0.7933533402912352, 0.6087614290087207, 0, 0), (-0.20820867120070155, -0.2713428231543063, 0.9396926207859084, 0), (0.5720486226585795, 0.7455082795475254, 0.3420201433256687, 0), (0.04679147105044317, 0.06097983230550228, 0.13043941240587198, 1) )
                uniform token[] xformOpOrder = ["xformOp:transform"]
            }

            def Mesh "Blade_4" (
                prepend apiSchemas = ["PhysicsCollisionAPI", "PhysicsMeshCollisionAPI"]
            )
            {
                int[] faceVertexCounts = [3, 3, 3, 3, 3, 3, 3, 3, 3, 3, 3, 3, 3, 3]
                int[] faceVertexIndices = [0, 1, 2, 0, 2, 3, 0, 3, 4, 0, 4, 5, 0, 5, 6, 0, 6, 7, 0, 7, 8, 0, 8, 9, 0, 9, 10, 0, 10, 11, 0, 11, 12, 0, 12, 13, 0, 13, 14, 0, 14, 15]
                rel material:binding = </Plant_1/Materials/Leaf>
                uniform token physics:approximation = "convexHull"
                point3f[] points = [(0, 0, 0), (0.0024239898, 0.0022949968, 0), (0.0042842124, 0.0045899935, 0), (0.005343157, 0.00688499, 0), (0.005507992, 0.009179987, 0), (0.004834285, 0.011474983, 0), (0.0035052646, 0.01376998, 0), (0.0017916447, 0.016064977, 0), (0, 0.018359974, 0), (-0.0017916447, 0.016064977, 0), (-0.0035052646, 0.01376998, 0), (-0.004834285, 0.011474983, 0), (-0.005507992, 0.009179987, 0), (-0.005343157, 0.00688499, 0), (-0.0042842124, 0.0045899935, 0), (-0.0024239898, 0.0022949968, 0)]
                uniform token subdivisionScheme = "none"
                matrix4d xformOp:transform = ( (0.7933533402912352, -0.6087614290087207, 0, 0), (0.5720486226585795, 0.7455082795475254, 0.3420201433256687, 0), (-0.20820867120070155, -0.2713428231543063, 0.9396926207859084, 0), (0.04965171416373607, 0.06470737370323991, 0.13214951312250034, 1) )
                uniform token[] xformOpOrder = ["xformOp:transform"]
            }
        }

        def Xform "Leaf_o1_r3_i3" (
            prepend apiSchemas = ["PhysicsRigidBodyAPI", "PhysicsMassAPI", "PhysicsFilteredPairsAPI"]
        )
        {
            prepend rel physics:filteredPairs = </Plant_1/Stem/Internode_o1_r3>
            float physics:mass = 0.05

            def Cylinder "Petiole" (
                prepend apiSchemas = ["PhysicsCollisionAPI"]
            )
            {
                uniform token axis = "Z"
                double height = 0.023616763
                rel material:binding = </Plant_1/Materials/Leaf>
                double radius = 0.002075249
                matrix4d xformOp:transform = ( (-0.7933533402912352, 0.6087614290087207, 0, 0), (-0.20820867120070155, -0.2713428231543063, 0.9396926207859084, 0), (0.5720486226585795, 0.7455082795475254, 0.3420201433256687, 0), (0.0067549683729020505, 0.008803246176305827, 0.10650212833307418, 1) )
                uniform token[] xformOpOrder = ["xformOp:transform"]
            }

            def Cylinder "Rachis" (
                prepend apiSchemas = ["PhysicsCollisionAPI"]
            )
            {
                uniform token axis = "Z"
                double height = 0.053179555
                rel material:binding = </Plant_1/Materials/Leaf>
                double radius = 0.0012451494
                matrix4d xformOp:transform = ( (-0.7933533402912352, 0.6087614290087207, 0, 0), (-0.20820867120070155, -0.2713428231543063, 0.9396926207859084, 0), (0.5720486226585795, 0.7455082795475254, 0.3420201433256687, 0), (0.028720582341477188, 0.03742939163018816, 0.119635072177696, 1) )
                uniform token[] xformOpOrder = ["xformOp:transform"]
            }

            def Cylinder "Petiolule_0" (
                prepend apiSchemas = ["PhysicsCollisionAPI"]
            )
            {
                uniform token axis = "Z"
                double height = 0.01
                rel material:binding = </Plant_1/Materials/Leaf>
                double radius = 0.0008300996
                matrix4d xformOp:transform = ( (-0.9692550857574936, -0.24605807999989301, 0, 0), (0.05409496103035083, -0.21308715443339138, 0.9755345200486782, 0), (-0.24003815097679487, 0.9455417948891769, 0.2198463103929542, 0), (0.012309745990920126, 0.02233420132705754, 0.11164006421811314, 1) )
                uniform token[] xformOpOrder = ["xformOp:transform"]
            }

            def Mesh "Blade_0" (
                prepend apiSchemas = ["PhysicsCollisionAPI", "PhysicsMeshCollisionAPI"]
            )
            {
                int[] faceVertexCounts = [3, 3, 3, 3, 3, 3, 3, 3, 3, 3, 3, 3, 3, 3]
                int[] faceVertexIndices = [0, 1, 2, 0, 2, 3, 0, 3, 4, 0, 4, 5, 0, 5, 6, 0, 6, 7, 0, 7, 8, 0, 8, 9, 0, 9, 10, 0, 10, 11, 0, 11, 12, 0, 12, 13, 0, 13, 14, 0, 14, 15]
                rel material:binding = </Plant_1/Materials/Leaf>
                uniform token physics:approximation = "convexHull"
                point3f[] points = [(0, 0, 0), (0.0024239898, 0.0022949968, 0), (0.0042842124, 0.0045899935, 0), (0.005343157, 0.00688499, 0), (0.005507992, 0.009179987, 0), (0.004834285, 0.011474983, 0), (0.0035052646, 0.01376998, 0), (0.0017916447, 0.016064977, 0), (0, 0.018359974, 0), (-0.0017916447, 0.016064977, 0), (-0.0035052646, 0.01376998, 0), (-0.004834285, 0.011474983, 0), (-0.005507992, 0.009179987, 0), (-0.005343157, 0.00688499, 0), (-0.0042842124, 0.0045899935, 0), (-0.0024239898, 0.0022949968, 0)]
                uniform token subdivisionScheme = "none"
                matrix4d xformOp:transform = ( (0.9692550857574936, 0.24605807999989301, -0, 0), (-0.24003815097679487, 0.9455417948891769, 0.2198463103929542, 0), (0.05409496103035083, -0.21308715443339138, 0.9755345200486782, 0), (0.011109555236036153, 0.02706191030150342, 0.11273929577007791, 1) )
                uniform token[] xformOpOrder = ["xformOp:transform"]
            }

            def Cylinder "Petiolule_1" (
                prepend apiSchemas = ["PhysicsCollisionAPI"]
            )
            {
                uniform token axis = "Z"
                double height = 0.01
                rel material:binding = </Plant_1/Materials/Leaf>
                double radius = 0.0008300996
                matrix4d xformOp:transform = ( (-0.013187821517518024, 0.9999130369005207, 0, 0), (-0.21982719187639332, -0.0028992939027471477, 0.9755345200486782, 0), (0.9754496845431657, 0.012865175134579576, 0.2198463103929542, 0), (0.018387185168519928, 0.017670818228284552, 0.11164006421811314, 1) )
                uniform token[] xformOpOrder = ["xformOp:transform"]
            }

            def Mesh "Blade_1" (
                prepend apiSchemas = ["PhysicsCollisionAPI", "PhysicsMeshCollisionAPI"]
            )
            {
                int[] faceVertexCounts = [3, 3, 3, 3, 3, 3, 3, 3, 3, 3, 3, 3, 3, 3]
                int[] faceVertexIndices = [0, 1, 2, 0, 2, 3, 0, 3, 4, 0, 4, 5, 0, 5, 6, 0, 6, 7, 0, 7, 8, 0, 8, 9, 0, 9, 10, 0, 10, 11, 0, 11, 12, 0, 12, 13, 0, 13, 14, 0, 14, 15]
                rel material:binding = </Plant_1/Materials/Leaf>
                uniform token physics:approximation = "convexHull"
                point3f[] points = [(0, 0, 0), (0.0024239898, 0.0022949968, 0), (0.0042842124, 0.0045899935, 0), (0.005343157, 0.00688499, 0), (0.005507992, 0.009179987, 0), (0.004834285, 0.011474983, 0), (0.0035052646, 0.01376998, 0), (0.0017916447, 0.016064977, 0), (0, 0.018359974, 0), (-0.0017916447, 0.016064977, 0), (-0.0035052646, 0.01376998, 0), (-0.004834285, 0.011474983, 0), (-0.005507992, 0.009179987, 0), (-0.005343157, 0.00688499, 0), (-0.0042842124, 0.0045899935, 0), (-0.0024239898, 0.0022949968, 0)]
                uniform token subdivisionScheme = "none"
                matrix4d xformOp:transform = ( (0.013187821517518024, -0.9999130369005207, 0, 0), (0.9754496845431657, 0.012865175134579576, 0.2198463103929542, 0), (-0.21982719187639332, -0.0028992939027471477, 0.9755345200486782, 0), (0.023264433591235756, 0.017735144103957448, 0.11273929577007791, 1) )
                uniform token[] xformOpOrder = ["xformOp:transform"]
            }

            def Cylinder "Petiolule_2" (
                prepend apiSchemas = ["PhysicsCollisionAPI"]
            )
            {
                uniform token axis = "Z"
                double height = 0.01
                rel material:binding = </Plant_1/Materials/Leaf>
                double radius = 0.0008300996
                matrix4d xformOp:transform = ( (-0.9692550857574936, -0.24605807999989301, 0, 0), (0.05409496103035083, -0.21308715443339138, 0.9755345200486782, 0), (-0.24003815097679487, 0.9455417948891769, 0.2198463103929542, 0), (0.030671368401501437, 0.04626353353905681, 0.12261823019878189, 1) )
                uniform token[] xformOpOrder = ["xformOp:transform"]
            }

            def Mesh "Blade_2" (
                prepend apiSchemas = ["PhysicsCollisionAPI", "PhysicsMeshCollisionAPI"]
            )
            {
                int[] faceVertexCounts = [3, 3, 3, 3, 3, 3, 3, 3, 3, 3, 3, 3, 3, 3]
                int[] faceVertexIndices = [0, 1, 2, 0, 2, 3, 0, 3, 4, 0, 4, 5, 0, 5, 6, 0, 6, 7, 0, 7, 8, 0, 8, 9, 0, 9, 10, 0, 10, 11, 0, 11, 12, 0, 12, 13, 0, 13, 14, 0, 14, 15]
                rel material:binding = </Plant_1/Materials/Leaf>
                uniform token physics:approximation = "convexHull"
                point3f[] points = [(0, 0, 0), (0.0024239898, 0.0022949968, 0), (0.0042842124, 0.0045899935, 0), (0.005343157, 0.00688499, 0), (0.005507992, 0.009179987, 0), (0.004834285, 0.011474983, 0), (0.0035052646, 0.01376998, 0), (0.0017916447, 0.016064977, 0), (0, 0.018359974, 0), (-0.0017916447, 0.016064977, 0), (-0.0035052646, 0.01376998, 0), (-0.004834285, 0.011474983, 0), (-0.005507992, 0.009179987, 0), (-0.005343157, 0.00688499, 0), (-0.0042842124, 0.0045899935, 0), (-0.0024239898, 0.0022949968, 0)]
                uniform token subdivisionScheme = "none"
                matrix4d xformOp:transform = ( (0.9692550857574936, 0.24605807999989301, -0, 0), (-0.24003815097679487, 0.9455417948891769, 0.2198463103929542, 0), (0.05409496103035083, -0.21308715443339138, 0.9755345200486782, 0), (0.029471177646617462, 0.0509912425135027, 0.12371746175074666, 1) )
                uniform token[] xformOpOrder = ["xformOp:transform"]
            }

            def Cylinder "Petiolule_3" (
                prepend apiSchemas = ["PhysicsCollisionAPI"]
            )
            {
                uniform token axis = "Z"
                double height = 0.01
                rel material:binding = </Plant_1/Materials/Leaf>
                double radius = 0.0008300996
                matrix4d xformOp:transform = ( (-0.013187821517518024, 0.9999130369005207, 0, 0), (-0.21982719187639332, -0.0028992939027471477, 0.9755345200486782, 0), (0.9754496845431657, 0.012865175134579576, 0.2198463103929542, 0), (0.03674880757910124, 0.041600150440283826, 0.12261823019878189, 1) )
                uniform token[] xformOpOrder = ["xformOp:transform"]
            }

            def Mesh "Blade_3" (
                prepend apiSchemas = ["PhysicsCollisionAPI", "PhysicsMeshCollisionAPI"]
            )
            {
                int[] faceVertexCounts = [3, 3, 3, 3, 3, 3, 3, 3, 3, 3, 3, 3, 3, 3]
                int[] faceVertexIndices = [0, 1, 2, 0, 2, 3, 0, 3, 4, 0, 4, 5, 0, 5, 6, 0, 6, 7, 0, 7, 8, 0, 8, 9, 0, 9, 10, 0, 10, 11, 0, 11, 12, 0, 12, 13, 0, 13, 14, 0, 14, 15]
                rel material:binding = </Plant_1/Materials/Leaf>
                uniform token physics:approximation = "convexHull"
                point3f[] points = [(0, 0, 0), (0.0024239898, 0.0022949968, 0), (0.0042842124, 0.0045899935, 0), (0.005343157, 0.00688499, 0), (0.005507992, 0.009179987, 0), (0.004834285, 0.011474983, 0), (0.0035052646, 0.01376998, 0), (0.0017916447, 0.016064977, 0), (0, 0.018359974, 0), (-0.0017916447, 0.016064977, 0), (-0.0035052646, 0.01376998, 0), (-0.004834285, 0.011474983, 0), (-0.005507992, 0.009179987, 0), (-0.005343157, 0.00688499, 0), (-0.0042842124, 0.0045899935, 0), (-0.0024239898, 0.0022949968, 0)]
                uniform token subdivisionScheme = "none"
                matrix4d xformOp:transform = ( (0.013187821517518024, -0.9999130369005207, 0, 0), (0.9754496845431657, 0.012865175134579576, 0.2198463103929542, 0), (-0.21982719187639332, -0.0028992939027471477, 0.9755345200486782, 0), (0.04162605600181707, 0.041664476315956725, 0.12371746175074666, 1) )
                uniform token[] xformOpOrder = ["xformOp:transform"]
            }

            def Cylinder "Petiolule_term" (
                prepend apiSchemas = ["PhysicsCollisionAPI"]
            )
            {
                uniform token axis = "Z"
                double height = 0.01
                rel material:binding = </Plant_1/Materials/Leaf>
                double radius = 0.0008300996
                matrix4d xformOp:transform = ( (-0.7933533402912352, 0.6087614290087207, 0, 0), (-0.20820867120070155, -0.2713428231543063, 0.9396926207859084, 0), (0.5720486226585795, 0.7455082795475254, 0.3420201433256687, 0), (0.04679147105044317, 0.06097983230550228, 0.13043941240587198, 1) )
                uniform token[] xformOpOrder = ["xformOp:transform"]
            }

            def Mesh "Blade_4" (
                prepend apiSchemas = ["PhysicsCollisionAPI", "PhysicsMeshCollisionAPI"]
            )
            {
                int[] faceVertexCounts = [3, 3, 3, 3, 3, 3, 3, 3, 3, 3, 3, 3, 3, 3]
                int[] faceVertexIndices = [0, 1, 2, 0, 2, 3, 0, 3, 4, 0, 4, 5, 0, 5, 6, 0, 6, 7, 0, 7, 8, 0, 8, 9, 0, 9, 10, 0, 10, 11, 0, 11, 12, 0, 12, 13, 0, 13, 14, 0, 14, 15]
                rel material:binding = </Plant_1/Materials/Leaf>
                uniform token physics:approximation = "convexHull"
                point3f[] points = [(0, 0, 0), (0.0024239898, 0.0022949968, 0), (0.0042842124, 0.0045899935, 0), (0.005343157, 0.00688499, 0), (0.005507992, 0.009179987, 0), (0.004834285, 0.011474983, 0), (0.0035052646, 0.01376998, 0), (0.0017916447, 0.016064977, 0), (0, 0.018359974, 0), (-0.0017916447, 0.016064977, 0), (-0.0035052646, 0.01376998, 0), (-0.004834285, 0.011474983, 0), (-0.005507992, 0.009179987, 0), (-0.005343157, 0.00688499, 0), (-0.0042842124, 0.0045899935, 0), (-0.0024239898, 0.0022949968, 0)]
                uniform token subdivisionScheme = "none"
                matrix4d xformOp:transform = ( (0.7933533402912352, -0.6087614290087207, 0, 0), (0.5720486226585795, 0.7455082795475254, 0.3420201433256687, 0), (-0.20820867120070155, -0.2713428231543063, 0.9396926207859084, 0), (0.04965171416373607, 0.06470737370323991, 0.13214951312250034, 1) )
                uniform token[] xformOpOrder = ["xformOp:transform"]
            }
        }

        def Xform "Leaf_o1_r2_i0" (
            prepend apiSchemas = ["PhysicsRigidBodyAPI", "PhysicsMassAPI", "PhysicsFilteredPairsAPI"]
        )
        {
            prepend rel physics:filteredPairs = </Plant_1/Stem/Internode_o1_r2>
            float physics:mass = 0.05

            def Cylinder "Petiole" (
                prepend apiSchemas = ["PhysicsCollisionAPI"]
            )
            {
                uniform token axis = "Z"
                double height = 0.024405107
                rel material:binding = </Plant_1/Materials/Leaf>
                double radius = 0.0021307235
                matrix4d xformOp:transform = ( (0.9961946980917457, 0.08715574274765789, -0, 0), (-0.029809019626209063, 0.3407186534216101, 0.9396926207859085, 0), (0.08189960831908907, -0.9361168066628592, 0.3420201433256687, 0), (0.0009993843521427293, -0.011423015415552696, 0.07540513409700914, 1) )
                uniform token[] xformOpOrder = ["xformOp:transform"]
            }

            def Cylinder "Rachis" (
                prepend apiSchemas = ["PhysicsCollisionAPI"]
            )
            {
                uniform token axis = "Z"
                double height = 0.055714976
                rel material:binding = </Plant_1/Materials/Leaf>
                double radius = 0.0012784341
                matrix4d xformOp:transform = ( (0.9961946980917457, 0.08715574274765789, -0, 0), (-0.029809019626209063, 0.3407186534216101, 0.9396926207859085, 0), (0.08189960831908907, -0.9361168066628592, 0.3420201433256687, 0), (0.004280286060239183, -0.04892389353931431, 0.08910647523247137, 1) )
                uniform token[] xformOpOrder = ["xformOp:transform"]
            }

            def Cylinder "Petiolule_0" (
                prepend apiSchemas = ["PhysicsCollisionAPI"]
            )
            {
                uniform token axis = "Z"
                double height = 0.01
                rel material:binding = </Plant_1/Materials/Leaf>
                double radius = 0.0008522894
                matrix4d xformOp:transform = ( (0.548375378964315, 0.8362322905423731, -0, 0), (-0.18384258370718962, 0.12055830377564267, 0.9755345200486784, 0), (0.8157734662034608, -0.5349591121244651, 0.2198463103929542, 0), (0.006077636035302762, -0.02552082639172772, 0.08067788474598304, 1) )
                uniform token[] xformOpOrder = ["xformOp:transform"]
            }

            def Mesh "Blade_0" (
                prepend apiSchemas = ["PhysicsCollisionAPI", "PhysicsMeshCollisionAPI"]
            )
            {
                int[] faceVertexCounts = [3, 3, 3, 3, 3, 3, 3, 3, 3, 3, 3, 3, 3, 3]
                int[] faceVertexIndices = [0, 1, 2, 0, 2, 3, 0, 3, 4, 0, 4, 5, 0, 5, 6, 0, 6, 7, 0, 7, 8, 0, 8, 9, 0, 9, 10, 0, 10, 11, 0, 11, 12, 0, 12, 13, 0, 13, 14, 0, 14, 15]
                rel material:binding = </Plant_1/Materials/Leaf>
                uniform token physics:approximation = "convexHull"
                point3f[] points = [(0, 0, 0), (0.0026621602, 0.0025204928, 0), (0.00470516, 0.0050409855, 0), (0.005868152, 0.0075614783, 0), (0.0060491827, 0.010081971, 0), (0.00530928, 0.012602463, 0), (0.0038496763, 0.015122957, 0), (0.0019676837, 0.01764345, 0), (0, 0.020163942, 0), (-0.0019676837, 0.01764345, 0), (-0.0038496763, 0.015122957, 0), (-0.00530928, 0.012602463, 0), (-0.0060491827, 0.010081971, 0), (-0.005868152, 0.0075614783, 0), (-0.00470516, 0.0050409855, 0), (-0.0026621602, 0.0025204928, 0)]
                uniform token subdivisionScheme = "none"
                matrix4d xformOp:transform = ( (-0.548375378964315, -0.8362322905423731, 0, 0), (0.8157734662034608, -0.5349591121244651, 0.2198463103929542, 0), (-0.18384258370718962, 0.12055830377564267, 0.9755345200486784, 0), (0.010156503366320065, -0.028195621952350043, 0.08177711629794782, 1) )
                uniform token[] xformOpOrder = ["xformOp:transform"]
            }

            def Cylinder "Petiolule_1" (
                prepend apiSchemas = ["PhysicsCollisionAPI"]
            )
            {
                uniform token axis = "Z"
                double height = 0.01
                rel material:binding = </Plant_1/Materials/Leaf>
                double radius = 0.0008522894
                matrix4d xformOp:transform = ( (0.685254538123991, -0.7283036578107212, 0, 0), (0.1601148720153797, 0.15065068188658737, 0.9755345200486782, 0), (-0.7104853592720786, -0.6684894569599661, 0.2198463103929542, 0), (-0.0015536580920749343, -0.026188478115905224, 0.08067788474598304, 1) )
                uniform token[] xformOpOrder = ["xformOp:transform"]
            }

            def Mesh "Blade_1" (
                prepend apiSchemas = ["PhysicsCollisionAPI", "PhysicsMeshCollisionAPI"]
            )
            {
                int[] faceVertexCounts = [3, 3, 3, 3, 3, 3, 3, 3, 3, 3, 3, 3, 3, 3]
                int[] faceVertexIndices = [0, 1, 2, 0, 2, 3, 0, 3, 4, 0, 4, 5, 0, 5, 6, 0, 6, 7, 0, 7, 8, 0, 8, 9, 0, 9, 10, 0, 10, 11, 0, 11, 12, 0, 12, 13, 0, 13, 14, 0, 14, 15]
                rel material:binding = </Plant_1/Materials/Leaf>
                uniform token physics:approximation = "convexHull"
                point3f[] points = [(0, 0, 0), (0.0026621602, 0.0025204928, 0), (0.00470516, 0.0050409855, 0), (0.005868152, 0.0075614783, 0), (0.0060491827, 0.010081971, 0), (0.00530928, 0.012602463, 0), (0.0038496763, 0.015122957, 0), (0.0019676837, 0.01764345, 0), (0, 0.020163942, 0), (-0.0019676837, 0.01764345, 0), (-0.0038496763, 0.015122957, 0), (-0.00530928, 0.012602463, 0), (-0.0060491827, 0.010081971, 0), (-0.005868152, 0.0075614783, 0), (-0.00470516, 0.0050409855, 0), (-0.0026621602, 0.0025204928, 0)]
                uniform token subdivisionScheme = "none"
                matrix4d xformOp:transform = ( (-0.685254538123991, 0.7283036578107212, 0, 0), (-0.7104853592720786, -0.6684894569599661, 0.2198463103929542, 0), (0.1601148720153797, 0.15065068188658737, 0.9755345200486782, 0), (-0.005106084888435327, -0.029530925400705052, 0.08177711629794782, 1) )
                uniform token[] xformOpOrder = ["xformOp:transform"]
            }

            def Cylinder "Petiolule_2" (
                prepend apiSchemas = ["PhysicsCollisionAPI"]
            )
            {
                uniform token axis = "Z"
                double height = 0.01
                rel material:binding = </Plant_1/Materials/Leaf>
                double radius = 0.0008522894
                matrix4d xformOp:transform = ( (0.548375378964315, 0.8362322905423731, -0, 0), (-0.18384258370718962, 0.12055830377564267, 0.9755345200486784, 0), (0.8157734662034608, -0.5349591121244651, 0.2198463103929542, 0), (0.0088564665679803, -0.05728300472074225, 0.09228253141732243, 1) )
                uniform token[] xformOpOrder = ["xformOp:transform"]
            }

            def Mesh "Blade_2" (
                prepend apiSchemas = ["PhysicsCollisionAPI", "PhysicsMeshCollisionAPI"]
            )
            {
                int[] faceVertexCounts = [3, 3, 3, 3, 3, 3, 3, 3, 3, 3, 3, 3, 3, 3]
                int[] faceVertexIndices = [0, 1, 2, 0, 2, 3, 0, 3, 4, 0, 4, 5, 0, 5, 6, 0, 6, 7, 0, 7, 8, 0, 8, 9, 0, 9, 10, 0, 10, 11, 0, 11, 12, 0, 12, 13, 0, 13, 14, 0, 14, 15]
                rel material:binding = </Plant_1/Materials/Leaf>
                uniform token physics:approximation = "convexHull"
                point3f[] points = [(0, 0, 0), (0.0026621602, 0.0025204928, 0), (0.00470516, 0.0050409855, 0), (0.005868152, 0.0075614783, 0), (0.0060491827, 0.010081971, 0), (0.00530928, 0.012602463, 0), (0.0038496763, 0.015122957, 0), (0.0019676837, 0.01764345, 0), (0, 0.020163942, 0), (-0.0019676837, 0.01764345, 0), (-0.0038496763, 0.015122957, 0), (-0.00530928, 0.012602463, 0), (-0.0060491827, 0.010081971, 0), (-0.005868152, 0.0075614783, 0), (-0.00470516, 0.0050409855, 0), (-0.0026621602, 0.0025204928, 0)]
                uniform token subdivisionScheme = "none"
                matrix4d xformOp:transform = ( (-0.548375378964315, -0.8362322905423731, 0, 0), (0.8157734662034608, -0.5349591121244651, 0.2198463103929542, 0), (-0.18384258370718962, 0.12055830377564267, 0.9755345200486784, 0), (0.012935333898997604, -0.059957800281364576, 0.0933817629692872, 1) )
                uniform token[] xformOpOrder = ["xformOp:transform"]
            }

            def Cylinder "Petiolule_3" (
                prepend apiSchemas = ["PhysicsCollisionAPI"]
            )
            {
                uniform token axis = "Z"
                double height = 0.01
                rel material:binding = </Plant_1/Materials/Leaf>
                double radius = 0.0008522894
                matrix4d xformOp:transform = ( (0.685254538123991, -0.7283036578107212, 0, 0), (0.1601148720153797, 0.15065068188658737, 0.9755345200486782, 0), (-0.7104853592720786, -0.6684894569599661, 0.2198463103929542, 0), (0.0012251724406026035, -0.05795065644491975, 0.09228253141732243, 1) )
                uniform token[] xformOpOrder = ["xformOp:transform"]
            }

            def Mesh "Blade_3" (
                prepend apiSchemas = ["PhysicsCollisionAPI", "PhysicsMeshCollisionAPI"]
            )
            {
                int[] faceVertexCounts = [3, 3, 3, 3, 3, 3, 3, 3, 3, 3, 3, 3, 3, 3]
                int[] faceVertexIndices = [0, 1, 2, 0, 2, 3, 0, 3, 4, 0, 4, 5, 0, 5, 6, 0, 6, 7, 0, 7, 8, 0, 8, 9, 0, 9, 10, 0, 10, 11, 0, 11, 12, 0, 12, 13, 0, 13, 14, 0, 14, 15]
                rel material:binding = </Plant_1/Materials/Leaf>
                uniform token physics:approximation = "convexHull"
                point3f[] points = [(0, 0, 0), (0.0026621602, 0.0025204928, 0), (0.00470516, 0.0050409855, 0), (0.005868152, 0.0075614783, 0), (0.0060491827, 0.010081971, 0), (0.00530928, 0.012602463, 0), (0.0038496763, 0.015122957, 0), (0.0019676837, 0.01764345, 0), (0, 0.020163942, 0), (-0.0019676837, 0.01764345, 0), (-0.0038496763, 0.015122957, 0), (-0.00530928, 0.012602463, 0), (-0.0060491827, 0.010081971, 0), (-0.005868152, 0.0075614783, 0), (-0.00470516, 0.0050409855, 0), (-0.0026621602, 0.0025204928, 0)]
                uniform token subdivisionScheme = "none"
                matrix4d xformOp:transform = ( (-0.685254538123991, 0.7283036578107212, 0, 0), (-0.7104853592720786, -0.6684894569599661, 0.2198463103929542, 0), (0.1601148720153797, 0.15065068188658737, 0.9755345200486782, 0), (-0.0023272543557577895, -0.061293103729719585, 0.0933817629692872, 1) )
                uniform token[] xformOpOrder = ["xformOp:transform"]
            }

            def Cylinder "Petiolule_term" (
                prepend apiSchemas = ["PhysicsCollisionAPI"]
            )
            {
                uniform token axis = "Z"
                double height = 0.01
                rel material:binding = </Plant_1/Materials/Leaf>
                double radius = 0.0008522894
                matrix4d xformOp:transform = ( (0.9961946980917457, 0.08715574274765789, -0, 0), (-0.029809019626209063, 0.3407186534216101, 0.9396926207859085, 0), (0.08189960831908907, -0.9361168066628592, 0.3420201433256687, 0), (0.0069713014577883516, -0.07968234028083754, 0.1003443979875528, 1) )
                uniform token[] xformOpOrder = ["xformOp:transform"]
            }

            def Mesh "Blade_4" (
                prepend apiSchemas = ["PhysicsCollisionAPI", "PhysicsMeshCollisionAPI"]
            )
            {
                int[] faceVertexCounts = [3, 3, 3, 3, 3, 3, 3, 3, 3, 3, 3, 3, 3, 3]
                int[] faceVertexIndices = [0, 1, 2, 0, 2, 3, 0, 3, 4, 0, 4, 5, 0, 5, 6, 0, 6, 7, 0, 7, 8, 0, 8, 9, 0, 9, 10, 0, 10, 11, 0, 11, 12, 0, 12, 13, 0, 13, 14, 0, 14, 15]
                rel material:binding = </Plant_1/Materials/Leaf>
                uniform token physics:approximation = "convexHull"
                point3f[] points = [(0, 0, 0), (0.0026621602, 0.0025204928, 0), (0.00470516, 0.0050409855, 0), (0.005868152, 0.0075614783, 0), (0.0060491827, 0.010081971, 0), (0.0053092805, 0.012602464, 0), (0.0038496763, 0.015122957, 0), (0.0019676837, 0.01764345, 0), (0, 0.020163942, 0), (-0.0019676837, 0.01764345, 0), (-0.0038496763, 0.015122957, 0), (-0.0053092805, 0.012602464, 0), (-0.0060491827, 0.010081971, 0), (-0.005868152, 0.0075614783, 0), (-0.00470516, 0.0050409855, 0), (-0.0026621602, 0.0025204928, 0)]
                uniform token subdivisionScheme = "none"
                matrix4d xformOp:transform = ( (-0.9961946980917457, -0.08715574274765789, 0, 0), (0.08189960831908907, -0.9361168066628592, 0.3420201433256687, 0), (-0.029809019626209063, 0.3407186534216101, 0.9396926207859085, 0), (0.007380799499383797, -0.08436292431415184, 0.10205449870418115, 1) )
                uniform token[] xformOpOrder = ["xformOp:transform"]
            }
        }

        def Xform "Leaf_o0_r8_i0" (
            prepend apiSchemas = ["PhysicsRigidBodyAPI", "PhysicsMassAPI", "PhysicsFilteredPairsAPI"]
        )
        {
            prepend rel physics:filteredPairs = </Plant_1/Stem/Internode_o0_r8>
            float physics:mass = 0.05

            def Cylinder "Petiole" (
                prepend apiSchemas = ["PhysicsCollisionAPI"]
            )
            {
                uniform token axis = "Z"
                double height = 0.033522684
                rel material:binding = </Plant_1/Materials/Leaf>
                double radius = 0.0027496887
                matrix4d xformOp:transform = ( (-0.3420201433256687, 0.9396926207859084, 0, 0), (-0.3213938048432697, -0.11697777844051097, 0.9396926207859084, 0), (0.8830222215594891, 0.3213938048432697, 0.3420201433256687, 0), (0.014800637449158369, 0.005386991479659299, 0.20968043359317054, 1) )
                uniform token[] xformOpOrder = ["xformOp:transform"]
            }

            def Cylinder "Rachis" (
                prepend apiSchemas = ["PhysicsCollisionAPI"]
            )
            {
                uniform token axis = "Z"
                double height = 0.13682812
                rel material:binding = </Plant_1/Materials/Leaf>
                double radius = 0.00164981322
                matrix4d xformOp:transform = ( (-0.3420201433256687, 0.9396926207859084, 0, 0), (-0.3213938048432697, -0.11697777844051097, 0.9396926207859084, 0), (0.8830222215594891, 0.3213938048432697, 0.3420201433256687, 0), (0.09001241014542091, 0.03276183800749434, 0.238812136793032, 1) )
                uniform token[] xformOpOrder = ["xformOp:transform"]
            }

            def Cylinder "Petiolule_0" (
                prepend apiSchemas = ["PhysicsCollisionAPI"]
            )
            {
                uniform token axis = "Z"
                double height = 0.01
                rel material:binding = </Plant_1/Materials/Leaf>
                double radius = 0.00109987548
                matrix4d xformOp:transform = ( (-0.949668358153019, 0.31325709812061603, 0, 0), (-0.06886841722622106, -0.2087810846368758, 0.9755345200486782, 0), (0.30559311286693686, 0.9264342659762217, 0.2198463103929542, 0), (0.031129240462651423, 0.015406154289199708, 0.21651238173830586, 1) )
                uniform token[] xformOpOrder = ["xformOp:transform"]
            }

            def Mesh "Blade_0" (
                prepend apiSchemas = ["PhysicsCollisionAPI", "PhysicsMeshCollisionAPI"]
            )
            {
                int[] faceVertexCounts = [3, 3, 3, 3, 3, 3, 3, 3, 3, 3, 3, 3, 3, 3]
                int[] faceVertexIndices = [0, 1, 2, 0, 2, 3, 0, 3, 4, 0, 4, 5, 0, 5, 6, 0, 6, 7, 0, 7, 8, 0, 8, 9, 0, 9, 10, 0, 10, 11, 0, 11, 12, 0, 12, 13, 0, 13, 14, 0, 14, 15]
                rel material:binding = </Plant_1/Materials/Leaf>
                uniform token physics:approximation = "convexHull"
                point3f[] points = [(0, 0, 0), (0.005567348, 0.0052710804, 0), (0.009839851, 0.010542161, 0), (0.012272005, 0.01581324, 0), (0.012650592, 0.021084322, 0), (0.011103243, 0.0263554, 0), (0.008050788, 0.03162648, 0), (0.004114996, 0.036897562, 0), (0, 0.042168643, 0), (-0.004114996, 0.036897562, 0), (-0.008050788, 0.03162648, 0), (-0.011103243, 0.0263554, 0), (-0.012650592, 0.021084322, 0), (-0.012272005, 0.01581324, 0), (-0.009839851, 0.010542161, 0), (-0.005567348, 0.0052710804, 0)]
                uniform token subdivisionScheme = "none"
                matrix4d xformOp:transform = ( (0.949668358153019, -0.31325709812061603, 0, 0), (0.30559311286693686, 0.9264342659762217, 0.2198463103929542, 0), (-0.06886841722622106, -0.2087810846368758, 0.9755345200486782, 0), (0.03265720602698611, 0.020038325619080817, 0.21761161329027065, 1) )
                uniform token[] xformOpOrder = ["xformOp:transform"]
            }

            def Cylinder "Petiolule_1" (
                prepend apiSchemas = ["PhysicsCollisionAPI"]
            )
            {
                uniform token axis = "Z"
                double height = 0.01
                rel material:binding = </Plant_1/Materials/Leaf>
                double radius = 0.00109987548
                matrix4d xformOp:transform = ( (0.5261303872507512, 0.8504039132149938, -0, 0), (-0.18695816266404638, 0.11566782442269384, 0.9755345200486782, 0), (0.8295983733257066, -0.5132583548096867, 0.2198463103929542, 0), (0.033749266764945274, 0.008207691185270163, 0.21651238173830586, 1) )
                uniform token[] xformOpOrder = ["xformOp:transform"]
            }

            def Mesh "Blade_1" (
                prepend apiSchemas = ["PhysicsCollisionAPI", "PhysicsMeshCollisionAPI"]
            )
            {
                int[] faceVertexCounts = [3, 3, 3, 3, 3, 3, 3, 3, 3, 3, 3, 3, 3, 3]
                int[] faceVertexIndices = [0, 1, 2, 0, 2, 3, 0, 3, 4, 0, 4, 5, 0, 5, 6, 0, 6, 7, 0, 7, 8, 0, 8, 9, 0, 9, 10, 0, 10, 11, 0, 11, 12, 0, 12, 13, 0, 13, 14, 0, 14, 15]
                rel material:binding = </Plant_1/Materials/Leaf>
                uniform token physics:approximation = "convexHull"
                point3f[] points = [(0, 0, 0), (0.005567348, 0.0052710804, 0), (0.009839851, 0.010542161, 0), (0.012272005, 0.01581324, 0), (0.012650592, 0.021084322, 0), (0.011103243, 0.0263554, 0), (0.008050788, 0.03162648, 0), (0.004114996, 0.036897562, 0), (0, 0.042168643, 0), (-0.004114996, 0.036897562, 0), (-0.008050788, 0.03162648, 0), (-0.011103243, 0.0263554, 0), (-0.012650592, 0.021084322, 0), (-0.012272005, 0.01581324, 0), (-0.009839851, 0.010542161, 0), (-0.005567348, 0.0052710804, 0)]
                uniform token subdivisionScheme = "none"
                matrix4d xformOp:transform = ( (-0.5261303872507512, -0.8504039132149938, 0, 0), (0.8295983733257066, -0.5132583548096867, 0.2198463103929542, 0), (-0.18695816266404638, 0.11566782442269384, 0.9755345200486782, 0), (0.0378972586315738, 0.00564139941122173, 0.21761161329027065, 1) )
                uniform token[] xformOpOrder = ["xformOp:transform"]
            }

            def Cylinder "Petiolule_2" (
                prepend apiSchemas = ["PhysicsCollisionAPI"]
            )
            {
                uniform token axis = "Z"
                double height = 0.01
                rel material:binding = </Plant_1/Materials/Leaf>
                double radius = 0.00109987548
                matrix4d xformOp:transform = ( (-0.949668358153019, 0.31325709812061603, 0, 0), (-0.06886841722622106, -0.2087810846368758, 0.9755345200486782, 0), (0.30559311286693686, 0.9264342659762217, 0.2198463103929542, 0), (0.07285714165071122, 0.03059386826005478, 0.2326748093608117, 1) )
                uniform token[] xformOpOrder = ["xformOp:transform"]
            }

            def Mesh "Blade_2" (
                prepend apiSchemas = ["PhysicsCollisionAPI", "PhysicsMeshCollisionAPI"]
            )
            {
                int[] faceVertexCounts = [3, 3, 3, 3, 3, 3, 3, 3, 3, 3, 3, 3, 3, 3]
                int[] faceVertexIndices = [0, 1, 2, 0, 2, 3, 0, 3, 4, 0, 4, 5, 0, 5, 6, 0, 6, 7, 0, 7, 8, 0, 8, 9, 0, 9, 10, 0, 10, 11, 0, 11, 12, 0, 12, 13, 0, 13, 14, 0, 14, 15]
                rel material:binding = </Plant_1/Materials/Leaf>
                uniform token physics:approximation = "convexHull"
                point3f[] points = [(0, 0, 0), (0.005567348, 0.0052710804, 0), (0.009839851, 0.010542161, 0), (0.012272005, 0.01581324, 0), (0.012650592, 0.021084322, 0), (0.011103243, 0.0263554, 0), (0.008050788, 0.03162648, 0), (0.004114996, 0.036897562, 0), (0, 0.042168643, 0), (-0.004114996, 0.036897562, 0), (-0.008050788, 0.03162648, 0), (-0.011103243, 0.0263554, 0), (-0.012650592, 0.021084322, 0), (-0.012272005, 0.01581324, 0), (-0.009839851, 0.010542161, 0), (-0.005567348, 0.0052710804, 0)]
                uniform token subdivisionScheme = "none"
                matrix4d xformOp:transform = ( (0.949668358153019, -0.31325709812061603, 0, 0), (0.30559311286693686, 0.9264342659762217, 0.2198463103929542, 0), (-0.06886841722622106, -0.2087810846368758, 0.9755345200486782, 0), (0.0743851072150459, 0.035226039589935886, 0.23377404091277648, 1) )
                uniform token[] xformOpOrder = ["xformOp:transform"]
            }

            def Cylinder "Petiolule_3" (
                prepend apiSchemas = ["PhysicsCollisionAPI"]
            )
            {
                uniform token axis = "Z"
                double height = 0.01
                rel material:binding = </Plant_1/Materials/Leaf>
                double radius = 0.00109987548
                matrix4d xformOp:transform = ( (0.5261303872507512, 0.8504039132149938, -0, 0), (-0.18695816266404638, 0.11566782442269384, 0.9755345200486782, 0), (0.8295983733257066, -0.5132583548096867, 0.2198463103929542, 0), (0.07547716795300508, 0.023395405156125235, 0.2326748093608117, 1) )
                uniform token[] xformOpOrder = ["xformOp:transform"]
            }

            def Mesh "Blade_3" (
                prepend apiSchemas = ["PhysicsCollisionAPI", "PhysicsMeshCollisionAPI"]
            )
            {
                int[] faceVertexCounts = [3, 3, 3, 3, 3, 3, 3, 3, 3, 3, 3, 3, 3, 3]
                int[] faceVertexIndices = [0, 1, 2, 0, 2, 3, 0, 3, 4, 0, 4, 5, 0, 5, 6, 0, 6, 7, 0, 7, 8, 0, 8, 9, 0, 9, 10, 0, 10, 11, 0, 11, 12, 0, 12, 13, 0, 13, 14, 0, 14, 15]
                rel material:binding = </Plant_1/Materials/Leaf>
                uniform token physics:approximation = "convexHull"
                point3f[] points = [(0, 0, 0), (0.005567348, 0.0052710804, 0), (0.009839851, 0.010542161, 0), (0.012272005, 0.01581324, 0), (0.012650592, 0.021084322, 0), (0.011103243, 0.0263554, 0), (0.008050788, 0.03162648, 0), (0.004114996, 0.036897562, 0), (0, 0.042168643, 0), (-0.004114996, 0.036897562, 0), (-0.008050788, 0.03162648, 0), (-0.011103243, 0.0263554, 0), (-0.012650592, 0.021084322, 0), (-0.012272005, 0.01581324, 0), (-0.009839851, 0.010542161, 0), (-0.005567348, 0.0052710804, 0)]
                uniform token subdivisionScheme = "none"
                matrix4d xformOp:transform = ( (-0.5261303872507512, -0.8504039132149938, 0, 0), (0.8295983733257066, -0.5132583548096867, 0.2198463103929542, 0), (-0.18695816266404638, 0.11566782442269384, 0.9755345200486782, 0), (0.07962515981963361, 0.020829113382076804, 0.23377404091277648, 1) )
                uniform token[] xformOpOrder = ["xformOp:transform"]
            }

            def Cylinder "Petiolule_4" (
                prepend apiSchemas = ["PhysicsCollisionAPI"]
            )
            {
                uniform token axis = "Z"
                double height = 0.01
                rel material:binding = </Plant_1/Materials/Leaf>
                double radius = 0.00109987548
                matrix4d xformOp:transform = ( (-0.949668358153019, 0.31325709812061603, 0, 0), (-0.06886841722622106, -0.2087810846368758, 0.9755345200486782, 0), (0.30559311286693686, 0.9264342659762217, 0.2198463103929542, 0), (0.11458504283877104, 0.04578158223090985, 0.24883723698331753, 1) )
                uniform token[] xformOpOrder = ["xformOp:transform"]
            }

            def Mesh "Blade_4" (
                prepend apiSchemas = ["PhysicsCollisionAPI", "PhysicsMeshCollisionAPI"]
            )
            {
                int[] faceVertexCounts = [3, 3, 3, 3, 3, 3, 3, 3, 3, 3, 3, 3, 3, 3]
                int[] faceVertexIndices = [0, 1, 2, 0, 2, 3, 0, 3, 4, 0, 4, 5, 0, 5, 6, 0, 6, 7, 0, 7, 8, 0, 8, 9, 0, 9, 10, 0, 10, 11, 0, 11, 12, 0, 12, 13, 0, 13, 14, 0, 14, 15]
                rel material:binding = </Plant_1/Materials/Leaf>
                uniform token physics:approximation = "convexHull"
                point3f[] points = [(0, 0, 0), (0.005567348, 0.0052710804, 0), (0.009839851, 0.010542161, 0), (0.012272005, 0.01581324, 0), (0.012650592, 0.021084322, 0), (0.011103243, 0.0263554, 0), (0.008050788, 0.03162648, 0), (0.004114996, 0.036897562, 0), (0, 0.042168643, 0), (-0.004114996, 0.036897562, 0), (-0.008050788, 0.03162648, 0), (-0.011103243, 0.0263554, 0), (-0.012650592, 0.021084322, 0), (-0.012272005, 0.01581324, 0), (-0.009839851, 0.010542161, 0), (-0.005567348, 0.0052710804, 0)]
                uniform token subdivisionScheme = "none"
                matrix4d xformOp:transform = ( (0.949668358153019, -0.31325709812061603, 0, 0), (0.30559311286693686, 0.9264342659762217, 0.2198463103929542, 0), (-0.06886841722622106, -0.2087810846368758, 0.9755345200486782, 0), (0.11611300840310572, 0.05041375356079096, 0.2499364685352823, 1) )
                uniform token[] xformOpOrder = ["xformOp:transform"]
            }

            def Cylinder "Petiolule_5" (
                prepend apiSchemas = ["PhysicsCollisionAPI"]
            )
            {
                uniform token axis = "Z"
                double height = 0.01
                rel material:binding = </Plant_1/Materials/Leaf>
                double radius = 0.00109987548
                matrix4d xformOp:transform = ( (0.5261303872507512, 0.8504039132149938, -0, 0), (-0.18695816266404638, 0.11566782442269384, 0.9755345200486782, 0), (0.8295983733257066, -0.5132583548096867, 0.2198463103929542, 0), (0.11720506914106489, 0.03858311912698031, 0.24883723698331753, 1) )
                uniform token[] xformOpOrder = ["xformOp:transform"]
            }

            def Mesh "Blade_5" (
                prepend apiSchemas = ["PhysicsCollisionAPI", "PhysicsMeshCollisionAPI"]
            )
            {
                int[] faceVertexCounts = [3, 3, 3, 3, 3, 3, 3, 3, 3, 3, 3, 3, 3, 3]
                int[] faceVertexIndices = [0, 1, 2, 0, 2, 3, 0, 3, 4, 0, 4, 5, 0, 5, 6, 0, 6, 7, 0, 7, 8, 0, 8, 9, 0, 9, 10, 0, 10, 11, 0, 11, 12, 0, 12, 13, 0, 13, 14, 0, 14, 15]
                rel material:binding = </Plant_1/Materials/Leaf>
                uniform token physics:approximation = "convexHull"
                point3f[] points = [(0, 0, 0), (0.005567348, 0.0052710804, 0), (0.009839851, 0.010542161, 0), (0.012272005, 0.01581324, 0), (0.012650592, 0.021084322, 0), (0.011103243, 0.0263554, 0), (0.008050788, 0.03162648, 0), (0.004114996, 0.036897562, 0), (0, 0.042168643, 0), (-0.004114996, 0.036897562, 0), (-0.008050788, 0.03162648, 0), (-0.011103243, 0.0263554, 0), (-0.012650592, 0.021084322, 0), (-0.012272005, 0.01581324, 0), (-0.009839851, 0.010542161, 0), (-0.005567348, 0.0052710804, 0)]
                uniform token subdivisionScheme = "none"
                matrix4d xformOp:transform = ( (-0.5261303872507512, -0.8504039132149938, 0, 0), (0.8295983733257066, -0.5132583548096867, 0.2198463103929542, 0), (-0.18695816266404638, 0.11566782442269384, 0.9755345200486782, 0), (0.12135306100769341, 0.03601682735293187, 0.2499364685352823, 1) )
                uniform token[] xformOpOrder = ["xformOp:transform"]
            }

            def Cylinder "Petiolule_term" (
                prepend apiSchemas = ["PhysicsCollisionAPI"]
            )
            {
                uniform token axis = "Z"
                double height = 0.01
                rel material:binding = </Plant_1/Materials/Leaf>
                double radius = 0.00109987548
                matrix4d xformOp:transform = ( (-0.3420201433256687, 0.9396926207859084, 0, 0), (-0.3213938048432697, -0.11697777844051097, 0.9396926207859084, 0), (0.8830222215594891, 0.3213938048432697, 0.3420201433256687, 0), (0.15483865650032252, 0.05635666207988643, 0.26392122411635127, 1) )
                uniform token[] xformOpOrder = ["xformOp:transform"]
            }

            def Mesh "Blade_6" (
                prepend apiSchemas = ["PhysicsCollisionAPI", "PhysicsMeshCollisionAPI"]
            )
            {
                int[] faceVertexCounts = [3, 3, 3, 3, 3, 3, 3, 3, 3, 3, 3, 3, 3, 3]
                int[] faceVertexIndices = [0, 1, 2, 0, 2, 3, 0, 3, 4, 0, 4, 5, 0, 5, 6, 0, 6, 7, 0, 7, 8, 0, 8, 9, 0, 9, 10, 0, 10, 11, 0, 11, 12, 0, 12, 13, 0, 13, 14, 0, 14, 15]
                rel material:binding = </Plant_1/Materials/Leaf>
                uniform token physics:approximation = "convexHull"
                point3f[] points = [(0, 0, 0), (0.0055683227, 0.005272003, 0), (0.009841574, 0.010544006, 0), (0.0122741535, 0.015816009, 0), (0.012652807, 0.021088012, 0), (0.011105186, 0.026360014, 0), (0.008052197, 0.031632017, 0), (0.0041157166, 0.036904022, 0), (0, 0.042176023, 0), (-0.0041157166, 0.036904022, 0), (-0.008052197, 0.031632017, 0), (-0.011105186, 0.026360014, 0), (-0.012652807, 0.021088012, 0), (-0.0122741535, 0.015816009, 0), (-0.009841574, 0.010544006, 0), (-0.0055683227, 0.005272003, 0)]
                uniform token subdivisionScheme = "none"
                matrix4d xformOp:transform = ( (0.3420201433256687, -0.9396926207859084, 0, 0), (0.8830222215594891, 0.3213938048432697, 0.3420201433256687, 0), (-0.3213938048432697, -0.11697777844051097, 0.9396926207859084, 0), (0.15925376760812, 0.05796363110410278, 0.2656313248329796, 1) )
                uniform token[] xformOpOrder = ["xformOp:transform"]
            }
        }

        def Xform "Leaf_o1_r2_i1" (
            prepend apiSchemas = ["PhysicsRigidBodyAPI", "PhysicsMassAPI", "PhysicsFilteredPairsAPI"]
        )
        {
            prepend rel physics:filteredPairs = </Plant_1/Stem/Internode_o1_r2>
            float physics:mass = 0.05

            def Cylinder "Petiole" (
                prepend apiSchemas = ["PhysicsCollisionAPI"]
            )
            {
                uniform token axis = "Z"
                double height = 0.025833605
                rel material:binding = </Plant_1/Materials/Leaf>
                double radius = 0.002230359
                matrix4d xformOp:transform = ( (0.9961946980917457, 0.08715574274765789, -0, 0), (-0.029809019626209063, 0.3407186534216101, 0.9396926207859085, 0), (0.08189960831908907, -0.9361168066628592, 0.3420201433256687, 0), (0.0010578810654850305, -0.012091635908594836, 0.07786787264235936, 1) )
                uniform token[] xformOpOrder = ["xformOp:transform"]
            }

            def Cylinder "Rachis" (
                prepend apiSchemas = ["PhysicsCollisionAPI"]
            )
            {
                uniform token axis = "Z"
                double height = 0.060414158
                rel material:binding = </Plant_1/Materials/Leaf>
                double radius = 0.0013382154
                matrix4d xformOp:transform = ( (0.9961946980917457, 0.08715574274765789, -0, 0), (-0.029809019626209063, 0.3407186534216101, 0.9396926207859085, 0), (0.08189960831908907, -0.9361168066628592, 0.3420201433256687, 0), (0.0045897100695338425, -0.05246062614928239, 0.09261710877374851, 1) )
                uniform token[] xformOpOrder = ["xformOp:transform"]
            }

            def Cylinder "Petiolule_0" (
                prepend apiSchemas = ["PhysicsCollisionAPI"]
            )
            {
                uniform token axis = "Z"
                double height = 0.01
                rel material:binding = </Plant_1/Materials/Leaf>
                double radius = 0.0008921436
                matrix4d xformOp:transform = ( (0.548375378964315, 0.8362322905423731, -0, 0), (-0.18384258370718962, 0.12055830377564267, 0.9755345200486784, 0), (0.8157734662034608, -0.5349591121244651, 0.2198463103929542, 0), (0.006194629461987365, -0.026858067377812, 0.08338491083668349, 1) )
                uniform token[] xformOpOrder = ["xformOp:transform"]
            }

            def Mesh "Blade_0" (
                prepend apiSchemas = ["PhysicsCollisionAPI", "PhysicsMeshCollisionAPI"]
            )
            {
                int[] faceVertexCounts = [3, 3, 3, 3, 3, 3, 3, 3, 3, 3, 3, 3, 3, 3]
                int[] faceVertexIndices = [0, 1, 2, 0, 2, 3, 0, 3, 4, 0, 4, 5, 0, 5, 6, 0, 6, 7, 0, 7, 8, 0, 8, 9, 0, 9, 10, 0, 10, 11, 0, 11, 12, 0, 12, 13, 0, 13, 14, 0, 14, 15]
                rel material:binding = </Plant_1/Materials/Leaf>
                uniform token physics:approximation = "convexHull"
                point3f[] points = [(0, 0, 0), (0.003131467, 0.0029648251, 0), (0.005534623, 0.0059296503, 0), (0.006902636, 0.008894475, 0), (0.0071155806, 0.011859301, 0), (0.006245242, 0.014824126, 0), (0.004528328, 0.01778895, 0), (0.0023145624, 0.020753777, 0), (0, 0.023718601, 0), (-0.0023145624, 0.020753777, 0), (-0.004528328, 0.01778895, 0), (-0.006245242, 0.014824126, 0), (-0.0071155806, 0.011859301, 0), (-0.006902636, 0.008894475, 0), (-0.005534623, 0.0059296503, 0), (-0.003131467, 0.0029648251, 0)]
                uniform token subdivisionScheme = "none"
                matrix4d xformOp:transform = ( (-0.548375378964315, -0.8362322905423731, 0, 0), (0.8157734662034608, -0.5349591121244651, 0.2198463103929542, 0), (-0.18384258370718962, 0.12055830377564267, 0.9755345200486784, 0), (0.010273496793004669, -0.029532862938434323, 0.08448414238864826, 1) )
                uniform token[] xformOpOrder = ["xformOp:transform"]
            }

            def Cylinder "Petiolule_1" (
                prepend apiSchemas = ["PhysicsCollisionAPI"]
            )
            {
                uniform token axis = "Z"
                double height = 0.01
                rel material:binding = </Plant_1/Materials/Leaf>
                double radius = 0.0008921436
                matrix4d xformOp:transform = ( (0.685254538123991, -0.7283036578107212, 0, 0), (0.1601148720153797, 0.15065068188658737, 0.9755345200486782, 0), (-0.7104853592720786, -0.6684894569599661, 0.2198463103929542, 0), (-0.001436664665390332, -0.027525719101989504, 0.08338491083668349, 1) )
                uniform token[] xformOpOrder = ["xformOp:transform"]
            }

            def Mesh "Blade_1" (
                prepend apiSchemas = ["PhysicsCollisionAPI", "PhysicsMeshCollisionAPI"]
            )
            {
                int[] faceVertexCounts = [3, 3, 3, 3, 3, 3, 3, 3, 3, 3, 3, 3, 3, 3]
                int[] faceVertexIndices = [0, 1, 2, 0, 2, 3, 0, 3, 4, 0, 4, 5, 0, 5, 6, 0, 6, 7, 0, 7, 8, 0, 8, 9, 0, 9, 10, 0, 10, 11, 0, 11, 12, 0, 12, 13, 0, 13, 14, 0, 14, 15]
                rel material:binding = </Plant_1/Materials/Leaf>
                uniform token physics:approximation = "convexHull"
                point3f[] points = [(0, 0, 0), (0.003131467, 0.0029648251, 0), (0.005534623, 0.0059296503, 0), (0.006902636, 0.008894475, 0), (0.0071155806, 0.011859301, 0), (0.006245242, 0.014824126, 0), (0.004528328, 0.01778895, 0), (0.0023145624, 0.020753777, 0), (0, 0.023718601, 0), (-0.0023145624, 0.020753777, 0), (-0.004528328, 0.01778895, 0), (-0.006245242, 0.014824126, 0), (-0.0071155806, 0.011859301, 0), (-0.006902636, 0.008894475, 0), (-0.005534623, 0.0059296503, 0), (-0.003131467, 0.0029648251, 0)]
                uniform token subdivisionScheme = "none"
                matrix4d xformOp:transform = ( (-0.685254538123991, 0.7283036578107212, 0, 0), (-0.7104853592720786, -0.6684894569599661, 0.2198463103929542, 0), (0.1601148720153797, 0.15065068188658737, 0.9755345200486782, 0), (-0.0049890914617507255, -0.030868166386789332, 0.08448414238864826, 1) )
                uniform token[] xformOpOrder = ["xformOp:transform"]
            }

            def Cylinder "Petiolule_2" (
                prepend apiSchemas = ["PhysicsCollisionAPI"]
            )
            {
                uniform token axis = "Z"
                double height = 0.01
                rel material:binding = </Plant_1/Materials/Leaf>
                double radius = 0.0008921436
                matrix4d xformOp:transform = ( (0.548375378964315, 0.8362322905423731, -0, 0), (-0.18384258370718962, 0.12055830377564267, 0.9755345200486784, 0), (0.8157734662034608, -0.5349591121244651, 0.2198463103929542, 0), (0.009253886710537713, -0.06182553773634435, 0.09616064473937426, 1) )
                uniform token[] xformOpOrder = ["xformOp:transform"]
            }

            def Mesh "Blade_2" (
                prepend apiSchemas = ["PhysicsCollisionAPI", "PhysicsMeshCollisionAPI"]
            )
            {
                int[] faceVertexCounts = [3, 3, 3, 3, 3, 3, 3, 3, 3, 3, 3, 3, 3, 3]
                int[] faceVertexIndices = [0, 1, 2, 0, 2, 3, 0, 3, 4, 0, 4, 5, 0, 5, 6, 0, 6, 7, 0, 7, 8, 0, 8, 9, 0, 9, 10, 0, 10, 11, 0, 11, 12, 0, 12, 13, 0, 13, 14, 0, 14, 15]
                rel material:binding = </Plant_1/Materials/Leaf>
                uniform token physics:approximation = "convexHull"
                point3f[] points = [(0, 0, 0), (0.003131467, 0.0029648251, 0), (0.005534623, 0.0059296503, 0), (0.006902636, 0.008894475, 0), (0.0071155806, 0.011859301, 0), (0.006245242, 0.014824126, 0), (0.004528328, 0.01778895, 0), (0.0023145624, 0.020753777, 0), (0, 0.023718601, 0), (-0.0023145624, 0.020753777, 0), (-0.004528328, 0.01778895, 0), (-0.006245242, 0.014824126, 0), (-0.0071155806, 0.011859301, 0), (-0.006902636, 0.008894475, 0), (-0.005534623, 0.0059296503, 0), (-0.003131467, 0.0029648251, 0)]
                uniform token subdivisionScheme = "none"
                matrix4d xformOp:transform = ( (-0.548375378964315, -0.8362322905423731, 0, 0), (0.8157734662034608, -0.5349591121244651, 0.2198463103929542, 0), (-0.18384258370718962, 0.12055830377564267, 0.9755345200486784, 0), (0.013332754041555017, -0.06450033329696668, 0.09725987629133903, 1) )
                uniform token[] xformOpOrder = ["xformOp:transform"]
            }

            def Cylinder "Petiolule_3" (
                prepend apiSchemas = ["PhysicsCollisionAPI"]
            )
            {
                uniform token axis = "Z"
                double height = 0.01
                rel material:binding = </Plant_1/Materials/Leaf>
                double radius = 0.0008921436
                matrix4d xformOp:transform = ( (0.685254538123991, -0.7283036578107212, 0, 0), (0.1601148720153797, 0.15065068188658737, 0.9755345200486782, 0), (-0.7104853592720786, -0.6684894569599661, 0.2198463103929542, 0), (0.0016225925831600163, -0.062493189460521854, 0.09616064473937426, 1) )
                uniform token[] xformOpOrder = ["xformOp:transform"]
            }

            def Mesh "Blade_3" (
                prepend apiSchemas = ["PhysicsCollisionAPI", "PhysicsMeshCollisionAPI"]
            )
            {
                int[] faceVertexCounts = [3, 3, 3, 3, 3, 3, 3, 3, 3, 3, 3, 3, 3, 3]
                int[] faceVertexIndices = [0, 1, 2, 0, 2, 3, 0, 3, 4, 0, 4, 5, 0, 5, 6, 0, 6, 7, 0, 7, 8, 0, 8, 9, 0, 9, 10, 0, 10, 11, 0, 11, 12, 0, 12, 13, 0, 13, 14, 0, 14, 15]
                rel material:binding = </Plant_1/Materials/Leaf>
                uniform token physics:approximation = "convexHull"
                point3f[] points = [(0, 0, 0), (0.003131467, 0.0029648251, 0), (0.005534623, 0.0059296503, 0), (0.006902636, 0.008894475, 0), (0.0071155806, 0.011859301, 0), (0.006245242, 0.014824126, 0), (0.004528328, 0.01778895, 0), (0.0023145624, 0.020753777, 0), (0, 0.023718601, 0), (-0.0023145624, 0.020753777, 0), (-0.004528328, 0.01778895, 0), (-0.006245242, 0.014824126, 0), (-0.0071155806, 0.011859301, 0), (-0.006902636, 0.008894475, 0), (-0.005534623, 0.0059296503, 0), (-0.003131467, 0.0029648251, 0)]
                uniform token subdivisionScheme = "none"
                matrix4d xformOp:transform = ( (-0.685254538123991, 0.7283036578107212, 0, 0), (-0.7104853592720786, -0.6684894569599661, 0.2198463103929542, 0), (0.1601148720153797, 0.15065068188658737, 0.9755345200486782, 0), (-0.0019298342132003767, -0.06583563674532168, 0.09725987629133903, 1) )
                uniform token[] xformOpOrder = ["xformOp:transform"]
            }

            def Cylinder "Petiolule_term" (
                prepend apiSchemas = ["PhysicsCollisionAPI"]
            )
            {
                uniform token axis = "Z"
                double height = 0.01
                rel material:binding = </Plant_1/Materials/Leaf>
                double radius = 0.0008921436
                matrix4d xformOp:transform = ( (0.9961946980917457, 0.08715574274765789, -0, 0), (-0.029809019626209063, 0.3407186534216101, 0.9396926207859085, 0), (0.08189960831908907, -0.9361168066628592, 0.3420201433256687, 0), (0.007473156049693069, -0.0854185645146894, 0.10465863897940667, 1) )
                uniform token[] xformOpOrder = ["xformOp:transform"]
            }

            def Mesh "Blade_4" (
                prepend apiSchemas = ["PhysicsCollisionAPI", "PhysicsMeshCollisionAPI"]
            )
            {
                int[] faceVertexCounts = [3, 3, 3, 3, 3, 3, 3, 3, 3, 3, 3, 3, 3, 3]
                int[] faceVertexIndices = [0, 1, 2, 0, 2, 3, 0, 3, 4, 0, 4, 5, 0, 5, 6, 0, 6, 7, 0, 7, 8, 0, 8, 9, 0, 9, 10, 0, 10, 11, 0, 11, 12, 0, 12, 13, 0, 13, 14, 0, 14, 15]
                rel material:binding = </Plant_1/Materials/Leaf>
                uniform token physics:approximation = "convexHull"
                point3f[] points = [(0, 0, 0), (0.003131467, 0.0029648251, 0), (0.005534623, 0.0059296503, 0), (0.006902636, 0.008894475, 0), (0.0071155806, 0.011859301, 0), (0.006245242, 0.014824126, 0), (0.004528328, 0.01778895, 0), (0.0023145624, 0.020753777, 0), (0, 0.023718601, 0), (-0.0023145624, 0.020753777, 0), (-0.004528328, 0.01778895, 0), (-0.006245242, 0.014824126, 0), (-0.0071155806, 0.011859301, 0), (-0.006902636, 0.008894475, 0), (-0.005534623, 0.0059296503, 0), (-0.003131467, 0.0029648251, 0)]
                uniform token subdivisionScheme = "none"
                matrix4d xformOp:transform = ( (-0.9961946980917457, -0.08715574274765789, 0, 0), (0.08189960831908907, -0.9361168066628592, 0.3420201433256687, 0), (-0.029809019626209063, 0.3407186534216101, 0.9396926207859085, 0), (0.007882654091288514, -0.0900991485480037, 0.10636873969603501, 1) )
                uniform token[] xformOpOrder = ["xformOp:transform"]
            }
        }

        def Xform "Leaf_o1_r2_i2" (
            prepend apiSchemas = ["PhysicsRigidBodyAPI", "PhysicsMassAPI", "PhysicsFilteredPairsAPI"]
        )
        {
            prepend rel physics:filteredPairs = </Plant_1/Stem/Internode_o1_r2>
            float physics:mass = 0.05

            def Cylinder "Petiole" (
                prepend apiSchemas = ["PhysicsCollisionAPI"]
            )
            {
                uniform token axis = "Z"
                double height = 0.025833605
                rel material:binding = </Plant_1/Materials/Leaf>
                double radius = 0.002230359
                matrix4d xformOp:transform = ( (0.9961946980917457, 0.08715574274765789, -0, 0), (-0.029809019626209063, 0.3407186534216101, 0.9396926207859085, 0), (0.08189960831908907, -0.9361168066628592, 0.3420201433256687, 0), (0.0010578810654850305, -0.012091635908594836, 0.07786787264235936, 1) )
                uniform token[] xformOpOrder = ["xformOp:transform"]
            }

            def Cylinder "Rachis" (
                prepend apiSchemas = ["PhysicsCollisionAPI"]
            )
            {
                uniform token axis = "Z"
                double height = 0.060414158
                rel material:binding = </Plant_1/Materials/Leaf>
                double radius = 0.0013382154
                matrix4d xformOp:transform = ( (0.9961946980917457, 0.08715574274765789, -0, 0), (-0.029809019626209063, 0.3407186534216101, 0.9396926207859085, 0), (0.08189960831908907, -0.9361168066628592, 0.3420201433256687, 0), (0.0045897100695338425, -0.05246062614928239, 0.09261710877374851, 1) )
                uniform token[] xformOpOrder = ["xformOp:transform"]
            }

            def Cylinder "Petiolule_0" (
                prepend apiSchemas = ["PhysicsCollisionAPI"]
            )
            {
                uniform token axis = "Z"
                double height = 0.01
                rel material:binding = </Plant_1/Materials/Leaf>
                double radius = 0.0008921436
                matrix4d xformOp:transform = ( (0.548375378964315, 0.8362322905423731, -0, 0), (-0.18384258370718962, 0.12055830377564267, 0.9755345200486784, 0), (0.8157734662034608, -0.5349591121244651, 0.2198463103929542, 0), (0.006194629461987365, -0.026858067377812, 0.08338491083668349, 1) )
                uniform token[] xformOpOrder = ["xformOp:transform"]
            }

            def Mesh "Blade_0" (
                prepend apiSchemas = ["PhysicsCollisionAPI", "PhysicsMeshCollisionAPI"]
            )
            {
                int[] faceVertexCounts = [3, 3, 3, 3, 3, 3, 3, 3, 3, 3, 3, 3, 3, 3]
                int[] faceVertexIndices = [0, 1, 2, 0, 2, 3, 0, 3, 4, 0, 4, 5, 0, 5, 6, 0, 6, 7, 0, 7, 8, 0, 8, 9, 0, 9, 10, 0, 10, 11, 0, 11, 12, 0, 12, 13, 0, 13, 14, 0, 14, 15]
                rel material:binding = </Plant_1/Materials/Leaf>
                uniform token physics:approximation = "convexHull"
                point3f[] points = [(0, 0, 0), (0.003131467, 0.0029648251, 0), (0.005534623, 0.0059296503, 0), (0.006902636, 0.008894475, 0), (0.0071155806, 0.011859301, 0), (0.006245242, 0.014824126, 0), (0.004528328, 0.01778895, 0), (0.0023145624, 0.020753777, 0), (0, 0.023718601, 0), (-0.0023145624, 0.020753777, 0), (-0.004528328, 0.01778895, 0), (-0.006245242, 0.014824126, 0), (-0.0071155806, 0.011859301, 0), (-0.006902636, 0.008894475, 0), (-0.005534623, 0.0059296503, 0), (-0.003131467, 0.0029648251, 0)]
                uniform token subdivisionScheme = "none"
                matrix4d xformOp:transform = ( (-0.548375378964315, -0.8362322905423731, 0, 0), (0.8157734662034608, -0.5349591121244651, 0.2198463103929542, 0), (-0.18384258370718962, 0.12055830377564267, 0.9755345200486784, 0), (0.010273496793004669, -0.029532862938434323, 0.08448414238864826, 1) )
                uniform token[] xformOpOrder = ["xformOp:transform"]
            }

            def Cylinder "Petiolule_1" (
                prepend apiSchemas = ["PhysicsCollisionAPI"]
            )
            {
                uniform token axis = "Z"
                double height = 0.01
                rel material:binding = </Plant_1/Materials/Leaf>
                double radius = 0.0008921436
                matrix4d xformOp:transform = ( (0.685254538123991, -0.7283036578107212, 0, 0), (0.1601148720153797, 0.15065068188658737, 0.9755345200486782, 0), (-0.7104853592720786, -0.6684894569599661, 0.2198463103929542, 0), (-0.001436664665390332, -0.027525719101989504, 0.08338491083668349, 1) )
                uniform token[] xformOpOrder = ["xformOp:transform"]
            }

            def Mesh "Blade_1" (
                prepend apiSchemas = ["PhysicsCollisionAPI", "PhysicsMeshCollisionAPI"]
            )
            {
                int[] faceVertexCounts = [3, 3, 3, 3, 3, 3, 3, 3, 3, 3, 3, 3, 3, 3]
                int[] faceVertexIndices = [0, 1, 2, 0, 2, 3, 0, 3, 4, 0, 4, 5, 0, 5, 6, 0, 6, 7, 0, 7, 8, 0, 8, 9, 0, 9, 10, 0, 10, 11, 0, 11, 12, 0, 12, 13, 0, 13, 14, 0, 14, 15]
                rel material:binding = </Plant_1/Materials/Leaf>
                uniform token physics:approximation = "convexHull"
                point3f[] points = [(0, 0, 0), (0.003131467, 0.0029648251, 0), (0.005534623, 0.0059296503, 0), (0.006902636, 0.008894475, 0), (0.0071155806, 0.011859301, 0), (0.006245242, 0.014824126, 0), (0.004528328, 0.01778895, 0), (0.0023145624, 0.020753777, 0), (0, 0.023718601, 0), (-0.0023145624, 0.020753777, 0), (-0.004528328, 0.01778895, 0), (-0.006245242, 0.014824126, 0), (-0.0071155806, 0.011859301, 0), (-0.006902636, 0.008894475, 0), (-0.005534623, 0.0059296503, 0), (-0.003131467, 0.0029648251, 0)]
                uniform token subdivisionScheme = "none"
                matrix4d xformOp:transform = ( (-0.685254538123991, 0.7283036578107212, 0, 0), (-0.7104853592720786, -0.6684894569599661, 0.2198463103929542, 0), (0.1601148720153797, 0.15065068188658737, 0.9755345200486782, 0), (-0.0049890914617507255, -0.030868166386789332, 0.08448414238864826, 1) )
                uniform token[] xformOpOrder = ["xformOp:transform"]
            }

            def Cylinder "Petiolule_2" (
                prepend apiSchemas = ["PhysicsCollisionAPI"]
            )
            {
                uniform token axis = "Z"
                double height = 0.01
                rel material:binding = </Plant_1/Materials/Leaf>
                double radius = 0.0008921436
                matrix4d xformOp:transform = ( (0.548375378964315, 0.8362322905423731, -0, 0), (-0.18384258370718962, 0.12055830377564267, 0.9755345200486784, 0), (0.8157734662034608, -0.5349591121244651, 0.2198463103929542, 0), (0.009253886710537713, -0.06182553773634435, 0.09616064473937426, 1) )
                uniform token[] xformOpOrder = ["xformOp:transform"]
            }

            def Mesh "Blade_2" (
                prepend apiSchemas = ["PhysicsCollisionAPI", "PhysicsMeshCollisionAPI"]
            )
            {
                int[] faceVertexCounts = [3, 3, 3, 3, 3, 3, 3, 3, 3, 3, 3, 3, 3, 3]
                int[] faceVertexIndices = [0, 1, 2, 0, 2, 3, 0, 3, 4, 0, 4, 5, 0, 5, 6, 0, 6, 7, 0, 7, 8, 0, 8, 9, 0, 9, 10, 0, 10, 11, 0, 11, 12, 0, 12, 13, 0, 13, 14, 0, 14, 15]
                rel material:binding = </Plant_1/Materials/Leaf>
                uniform token physics:approximation = "convexHull"
                point3f[] points = [(0, 0, 0), (0.003131467, 0.0029648251, 0), (0.005534623, 0.0059296503, 0), (0.006902636, 0.008894475, 0), (0.0071155806, 0.011859301, 0), (0.006245242, 0.014824126, 0), (0.004528328, 0.01778895, 0), (0.0023145624, 0.020753777, 0), (0, 0.023718601, 0), (-0.0023145624, 0.020753777, 0), (-0.004528328, 0.01778895, 0), (-0.006245242, 0.014824126, 0), (-0.0071155806, 0.011859301, 0), (-0.006902636, 0.008894475, 0), (-0.005534623, 0.0059296503, 0), (-0.003131467, 0.0029648251, 0)]
                uniform token subdivisionScheme = "none"
                matrix4d xformOp:transform = ( (-0.548375378964315, -0.8362322905423731, 0, 0), (0.8157734662034608, -0.5349591121244651, 0.2198463103929542, 0), (-0.18384258370718962, 0.12055830377564267, 0.9755345200486784, 0), (0.013332754041555017, -0.06450033329696668, 0.09725987629133903, 1) )
                uniform token[] xformOpOrder = ["xformOp:transform"]
            }

            def Cylinder "Petiolule_3" (
                prepend apiSchemas = ["PhysicsCollisionAPI"]
            )
            {
                uniform token axis = "Z"
                double height = 0.01
                rel material:binding = </Plant_1/Materials/Leaf>
                double radius = 0.0008921436
                matrix4d xformOp:transform = ( (0.685254538123991, -0.7283036578107212, 0, 0), (0.1601148720153797, 0.15065068188658737, 0.9755345200486782, 0), (-0.7104853592720786, -0.6684894569599661, 0.2198463103929542, 0), (0.0016225925831600163, -0.062493189460521854, 0.09616064473937426, 1) )
                uniform token[] xformOpOrder = ["xformOp:transform"]
            }

            def Mesh "Blade_3" (
                prepend apiSchemas = ["PhysicsCollisionAPI", "PhysicsMeshCollisionAPI"]
            )
            {
                int[] faceVertexCounts = [3, 3, 3, 3, 3, 3, 3, 3, 3, 3, 3, 3, 3, 3]
                int[] faceVertexIndices = [0, 1, 2, 0, 2, 3, 0, 3, 4, 0, 4, 5, 0, 5, 6, 0, 6, 7, 0, 7, 8, 0, 8, 9, 0, 9, 10, 0, 10, 11, 0, 11, 12, 0, 12, 13, 0, 13, 14, 0, 14, 15]
                rel material:binding = </Plant_1/Materials/Leaf>
                uniform token physics:approximation = "convexHull"
                point3f[] points = [(0, 0, 0), (0.003131467, 0.0029648251, 0), (0.005534623, 0.0059296503, 0), (0.006902636, 0.008894475, 0), (0.0071155806, 0.011859301, 0), (0.006245242, 0.014824126, 0), (0.004528328, 0.01778895, 0), (0.0023145624, 0.020753777, 0), (0, 0.023718601, 0), (-0.0023145624, 0.020753777, 0), (-0.004528328, 0.01778895, 0), (-0.006245242, 0.014824126, 0), (-0.0071155806, 0.011859301, 0), (-0.006902636, 0.008894475, 0), (-0.005534623, 0.0059296503, 0), (-0.003131467, 0.0029648251, 0)]
                uniform token subdivisionScheme = "none"
                matrix4d xformOp:transform = ( (-0.685254538123991, 0.7283036578107212, 0, 0), (-0.7104853592720786, -0.6684894569599661, 0.2198463103929542, 0), (0.1601148720153797, 0.15065068188658737, 0.9755345200486782, 0), (-0.0019298342132003767, -0.06583563674532168, 0.09725987629133903, 1) )
                uniform token[] xformOpOrder = ["xformOp:transform"]
            }

            def Cylinder "Petiolule_term" (
                prepend apiSchemas = ["PhysicsCollisionAPI"]
            )
            {
                uniform token axis = "Z"
                double height = 0.01
                rel material:binding = </Plant_1/Materials/Leaf>
                double radius = 0.0008921436
                matrix4d xformOp:transform = ( (0.9961946980917457, 0.08715574274765789, -0, 0), (-0.029809019626209063, 0.3407186534216101, 0.9396926207859085, 0), (0.08189960831908907, -0.9361168066628592, 0.3420201433256687, 0), (0.007473156049693069, -0.0854185645146894, 0.10465863897940667, 1) )
                uniform token[] xformOpOrder = ["xformOp:transform"]
            }

            def Mesh "Blade_4" (
                prepend apiSchemas = ["PhysicsCollisionAPI", "PhysicsMeshCollisionAPI"]
            )
            {
                int[] faceVertexCounts = [3, 3, 3, 3, 3, 3, 3, 3, 3, 3, 3, 3, 3, 3]
                int[] faceVertexIndices = [0, 1, 2, 0, 2, 3, 0, 3, 4, 0, 4, 5, 0, 5, 6, 0, 6, 7, 0, 7, 8, 0, 8, 9, 0, 9, 10, 0, 10, 11, 0, 11, 12, 0, 12, 13, 0, 13, 14, 0, 14, 15]
                rel material:binding = </Plant_1/Materials/Leaf>
                uniform token physics:approximation = "convexHull"
                point3f[] points = [(0, 0, 0), (0.003131467, 0.0029648251, 0), (0.005534623, 0.0059296503, 0), (0.006902636, 0.008894475, 0), (0.0071155806, 0.011859301, 0), (0.006245242, 0.014824126, 0), (0.004528328, 0.01778895, 0), (0.0023145624, 0.020753777, 0), (0, 0.023718601, 0), (-0.0023145624, 0.020753777, 0), (-0.004528328, 0.01778895, 0), (-0.006245242, 0.014824126, 0), (-0.0071155806, 0.011859301, 0), (-0.006902636, 0.008894475, 0), (-0.005534623, 0.0059296503, 0), (-0.003131467, 0.0029648251, 0)]
                uniform token subdivisionScheme = "none"
                matrix4d xformOp:transform = ( (-0.9961946980917457, -0.08715574274765789, 0, 0), (0.08189960831908907, -0.9361168066628592, 0.3420201433256687, 0), (-0.029809019626209063, 0.3407186534216101, 0.9396926207859085, 0), (0.007882654091288514, -0.0900991485480037, 0.10636873969603501, 1) )
                uniform token[] xformOpOrder = ["xformOp:transform"]
            }
        }

        def Xform "Leaf_o1_r2_i3" (
            prepend apiSchemas = ["PhysicsRigidBodyAPI", "PhysicsMassAPI", "PhysicsFilteredPairsAPI"]
        )
        {
            prepend rel physics:filteredPairs = </Plant_1/Stem/Internode_o1_r2>
            float physics:mass = 0.05

            def Cylinder "Petiole" (
                prepend apiSchemas = ["PhysicsCollisionAPI"]
            )
            {
                uniform token axis = "Z"
                double height = 0.025833605
                rel material:binding = </Plant_1/Materials/Leaf>
                double radius = 0.002230359
                matrix4d xformOp:transform = ( (0.9961946980917457, 0.08715574274765789, -0, 0), (-0.029809019626209063, 0.3407186534216101, 0.9396926207859085, 0), (0.08189960831908907, -0.9361168066628592, 0.3420201433256687, 0), (0.0010578810654850305, -0.012091635908594836, 0.07786787264235936, 1) )
                uniform token[] xformOpOrder = ["xformOp:transform"]
            }

            def Cylinder "Rachis" (
                prepend apiSchemas = ["PhysicsCollisionAPI"]
            )
            {
                uniform token axis = "Z"
                double height = 0.060414158
                rel material:binding = </Plant_1/Materials/Leaf>
                double radius = 0.0013382154
                matrix4d xformOp:transform = ( (0.9961946980917457, 0.08715574274765789, -0, 0), (-0.029809019626209063, 0.3407186534216101, 0.9396926207859085, 0), (0.08189960831908907, -0.9361168066628592, 0.3420201433256687, 0), (0.0045897100695338425, -0.05246062614928239, 0.09261710877374851, 1) )
                uniform token[] xformOpOrder = ["xformOp:transform"]
            }

            def Cylinder "Petiolule_0" (
                prepend apiSchemas = ["PhysicsCollisionAPI"]
            )
            {
                uniform token axis = "Z"
                double height = 0.01
                rel material:binding = </Plant_1/Materials/Leaf>
                double radius = 0.0008921436
                matrix4d xformOp:transform = ( (0.548375378964315, 0.8362322905423731, -0, 0), (-0.18384258370718962, 0.12055830377564267, 0.9755345200486784, 0), (0.8157734662034608, -0.5349591121244651, 0.2198463103929542, 0), (0.006194629461987365, -0.026858067377812, 0.08338491083668349, 1) )
                uniform token[] xformOpOrder = ["xformOp:transform"]
            }

            def Mesh "Blade_0" (
                prepend apiSchemas = ["PhysicsCollisionAPI", "PhysicsMeshCollisionAPI"]
            )
            {
                int[] faceVertexCounts = [3, 3, 3, 3, 3, 3, 3, 3, 3, 3, 3, 3, 3, 3]
                int[] faceVertexIndices = [0, 1, 2, 0, 2, 3, 0, 3, 4, 0, 4, 5, 0, 5, 6, 0, 6, 7, 0, 7, 8, 0, 8, 9, 0, 9, 10, 0, 10, 11, 0, 11, 12, 0, 12, 13, 0, 13, 14, 0, 14, 15]
                rel material:binding = </Plant_1/Materials/Leaf>
                uniform token physics:approximation = "convexHull"
                point3f[] points = [(0, 0, 0), (0.003131467, 0.0029648251, 0), (0.005534623, 0.0059296503, 0), (0.006902636, 0.008894475, 0), (0.0071155806, 0.011859301, 0), (0.006245242, 0.014824126, 0), (0.004528328, 0.01778895, 0), (0.0023145624, 0.020753777, 0), (0, 0.023718601, 0), (-0.0023145624, 0.020753777, 0), (-0.004528328, 0.01778895, 0), (-0.006245242, 0.014824126, 0), (-0.0071155806, 0.011859301, 0), (-0.006902636, 0.008894475, 0), (-0.005534623, 0.0059296503, 0), (-0.003131467, 0.0029648251, 0)]
                uniform token subdivisionScheme = "none"
                matrix4d xformOp:transform = ( (-0.548375378964315, -0.8362322905423731, 0, 0), (0.8157734662034608, -0.5349591121244651, 0.2198463103929542, 0), (-0.18384258370718962, 0.12055830377564267, 0.9755345200486784, 0), (0.010273496793004669, -0.029532862938434323, 0.08448414238864826, 1) )
                uniform token[] xformOpOrder = ["xformOp:transform"]
            }

            def Cylinder "Petiolule_1" (
                prepend apiSchemas = ["PhysicsCollisionAPI"]
            )
            {
                uniform token axis = "Z"
                double height = 0.01
                rel material:binding = </Plant_1/Materials/Leaf>
                double radius = 0.0008921436
                matrix4d xformOp:transform = ( (0.685254538123991, -0.7283036578107212, 0, 0), (0.1601148720153797, 0.15065068188658737, 0.9755345200486782, 0), (-0.7104853592720786, -0.6684894569599661, 0.2198463103929542, 0), (-0.001436664665390332, -0.027525719101989504, 0.08338491083668349, 1) )
                uniform token[] xformOpOrder = ["xformOp:transform"]
            }

            def Mesh "Blade_1" (
                prepend apiSchemas = ["PhysicsCollisionAPI", "PhysicsMeshCollisionAPI"]
            )
            {
                int[] faceVertexCounts = [3, 3, 3, 3, 3, 3, 3, 3, 3, 3, 3, 3, 3, 3]
                int[] faceVertexIndices = [0, 1, 2, 0, 2, 3, 0, 3, 4, 0, 4, 5, 0, 5, 6, 0, 6, 7, 0, 7, 8, 0, 8, 9, 0, 9, 10, 0, 10, 11, 0, 11, 12, 0, 12, 13, 0, 13, 14, 0, 14, 15]
                rel material:binding = </Plant_1/Materials/Leaf>
                uniform token physics:approximation = "convexHull"
                point3f[] points = [(0, 0, 0), (0.003131467, 0.0029648251, 0), (0.005534623, 0.0059296503, 0), (0.006902636, 0.008894475, 0), (0.0071155806, 0.011859301, 0), (0.006245242, 0.014824126, 0), (0.004528328, 0.01778895, 0), (0.0023145624, 0.020753777, 0), (0, 0.023718601, 0), (-0.0023145624, 0.020753777, 0), (-0.004528328, 0.01778895, 0), (-0.006245242, 0.014824126, 0), (-0.0071155806, 0.011859301, 0), (-0.006902636, 0.008894475, 0), (-0.005534623, 0.0059296503, 0), (-0.003131467, 0.0029648251, 0)]
                uniform token subdivisionScheme = "none"
                matrix4d xformOp:transform = ( (-0.685254538123991, 0.7283036578107212, 0, 0), (-0.7104853592720786, -0.6684894569599661, 0.2198463103929542, 0), (0.1601148720153797, 0.15065068188658737, 0.9755345200486782, 0), (-0.0049890914617507255, -0.030868166386789332, 0.08448414238864826, 1) )
                uniform token[] xformOpOrder = ["xformOp:transform"]
            }

            def Cylinder "Petiolule_2" (
                prepend apiSchemas = ["PhysicsCollisionAPI"]
            )
            {
                uniform token axis = "Z"
                double height = 0.01
                rel material:binding = </Plant_1/Materials/Leaf>
                double radius = 0.0008921436
                matrix4d xformOp:transform = ( (0.548375378964315, 0.8362322905423731, -0, 0), (-0.18384258370718962, 0.12055830377564267, 0.9755345200486784, 0), (0.8157734662034608, -0.5349591121244651, 0.2198463103929542, 0), (0.009253886710537713, -0.06182553773634435, 0.09616064473937426, 1) )
                uniform token[] xformOpOrder = ["xformOp:transform"]
            }

            def Mesh "Blade_2" (
                prepend apiSchemas = ["PhysicsCollisionAPI", "PhysicsMeshCollisionAPI"]
            )
            {
                int[] faceVertexCounts = [3, 3, 3, 3, 3, 3, 3, 3, 3, 3, 3, 3, 3, 3]
                int[] faceVertexIndices = [0, 1, 2, 0, 2, 3, 0, 3, 4, 0, 4, 5, 0, 5, 6, 0, 6, 7, 0, 7, 8, 0, 8, 9, 0, 9, 10, 0, 10, 11, 0, 11, 12, 0, 12, 13, 0, 13, 14, 0, 14, 15]
                rel material:binding = </Plant_1/Materials/Leaf>
                uniform token physics:approximation = "convexHull"
                point3f[] points = [(0, 0, 0), (0.003131467, 0.0029648251, 0), (0.005534623, 0.0059296503, 0), (0.006902636, 0.008894475, 0), (0.0071155806, 0.011859301, 0), (0.006245242, 0.014824126, 0), (0.004528328, 0.01778895, 0), (0.0023145624, 0.020753777, 0), (0, 0.023718601, 0), (-0.0023145624, 0.020753777, 0), (-0.004528328, 0.01778895, 0), (-0.006245242, 0.014824126, 0), (-0.0071155806, 0.011859301, 0), (-0.006902636, 0.008894475, 0), (-0.005534623, 0.0059296503, 0), (-0.003131467, 0.0029648251, 0)]
                uniform token subdivisionScheme = "none"
                matrix4d xformOp:transform = ( (-0.548375378964315, -0.8362322905423731, 0, 0), (0.8157734662034608, -0.5349591121244651, 0.2198463103929542, 0), (-0.18384258370718962, 0.12055830377564267, 0.9755345200486784, 0), (0.013332754041555017, -0.06450033329696668, 0.09725987629133903, 1) )
                uniform token[] xformOpOrder = ["xformOp:transform"]
            }

            def Cylinder "Petiolule_3" (
                prepend apiSchemas = ["PhysicsCollisionAPI"]
            )
            {
                uniform token axis = "Z"
                double height = 0.01
                rel material:binding = </Plant_1/Materials/Leaf>
                double radius = 0.0008921436
                matrix4d xformOp:transform = ( (0.685254538123991, -0.7283036578107212, 0, 0), (0.1601148720153797, 0.15065068188658737, 0.9755345200486782, 0), (-0.7104853592720786, -0.6684894569599661, 0.2198463103929542, 0), (0.0016225925831600163, -0.062493189460521854, 0.09616064473937426, 1) )
                uniform token[] xformOpOrder = ["xformOp:transform"]
            }

            def Mesh "Blade_3" (
                prepend apiSchemas = ["PhysicsCollisionAPI", "PhysicsMeshCollisionAPI"]
            )
            {
                int[] faceVertexCounts = [3, 3, 3, 3, 3, 3, 3, 3, 3, 3, 3, 3, 3, 3]
                int[] faceVertexIndices = [0, 1, 2, 0, 2, 3, 0, 3, 4, 0, 4, 5, 0, 5, 6, 0, 6, 7, 0, 7, 8, 0, 8, 9, 0, 9, 10, 0, 10, 11, 0, 11, 12, 0, 12, 13, 0, 13, 14, 0, 14, 15]
                rel material:binding = </Plant_1/Materials/Leaf>
                uniform token physics:approximation = "convexHull"
                point3f[] points = [(0, 0, 0), (0.003131467, 0.0029648251, 0), (0.005534623, 0.0059296503, 0), (0.006902636, 0.008894475, 0), (0.0071155806, 0.011859301, 0), (0.006245242, 0.014824126, 0), (0.004528328, 0.01778895, 0), (0.0023145624, 0.020753777, 0), (0, 0.023718601, 0), (-0.0023145624, 0.020753777, 0), (-0.004528328, 0.01778895, 0), (-0.006245242, 0.014824126, 0), (-0.0071155806, 0.011859301, 0), (-0.006902636, 0.008894475, 0), (-0.005534623, 0.0059296503, 0), (-0.003131467, 0.0029648251, 0)]
                uniform token subdivisionScheme = "none"
                matrix4d xformOp:transform = ( (-0.685254538123991, 0.7283036578107212, 0, 0), (-0.7104853592720786, -0.6684894569599661, 0.2198463103929542, 0), (0.1601148720153797, 0.15065068188658737, 0.9755345200486782, 0), (-0.0019298342132003767, -0.06583563674532168, 0.09725987629133903, 1) )
                uniform token[] xformOpOrder = ["xformOp:transform"]
            }

            def Cylinder "Petiolule_term" (
                prepend apiSchemas = ["PhysicsCollisionAPI"]
            )
            {
                uniform token axis = "Z"
                double height = 0.01
                rel material:binding = </Plant_1/Materials/Leaf>
                double radius = 0.0008921436
                matrix4d xformOp:transform = ( (0.9961946980917457, 0.08715574274765789, -0, 0), (-0.029809019626209063, 0.3407186534216101, 0.9396926207859085, 0), (0.08189960831908907, -0.9361168066628592, 0.3420201433256687, 0), (0.007473156049693069, -0.0854185645146894, 0.10465863897940667, 1) )
                uniform token[] xformOpOrder = ["xformOp:transform"]
            }

            def Mesh "Blade_4" (
                prepend apiSchemas = ["PhysicsCollisionAPI", "PhysicsMeshCollisionAPI"]
            )
            {
                int[] faceVertexCounts = [3, 3, 3, 3, 3, 3, 3, 3, 3, 3, 3, 3, 3, 3]
                int[] faceVertexIndices = [0, 1, 2, 0, 2, 3, 0, 3, 4, 0, 4, 5, 0, 5, 6, 0, 6, 7, 0, 7, 8, 0, 8, 9, 0, 9, 10, 0, 10, 11, 0, 11, 12, 0, 12, 13, 0, 13, 14, 0, 14, 15]
                rel material:binding = </Plant_1/Materials/Leaf>
                uniform token physics:approximation = "convexHull"
                point3f[] points = [(0, 0, 0), (0.003131467, 0.0029648251, 0), (0.005534623, 0.0059296503, 0), (0.006902636, 0.008894475, 0), (0.0071155806, 0.011859301, 0), (0.006245242, 0.014824126, 0), (0.004528328, 0.01778895, 0), (0.0023145624, 0.020753777, 0), (0, 0.023718601, 0), (-0.0023145624, 0.020753777, 0), (-0.004528328, 0.01778895, 0), (-0.006245242, 0.014824126, 0), (-0.0071155806, 0.011859301, 0), (-0.006902636, 0.008894475, 0), (-0.005534623, 0.0059296503, 0), (-0.003131467, 0.0029648251, 0)]
                uniform token subdivisionScheme = "none"
                matrix4d xformOp:transform = ( (-0.9961946980917457, -0.08715574274765789, 0, 0), (0.08189960831908907, -0.9361168066628592, 0.3420201433256687, 0), (-0.029809019626209063, 0.3407186534216101, 0.9396926207859085, 0), (0.007882654091288514, -0.0900991485480037, 0.10636873969603501, 1) )
                uniform token[] xformOpOrder = ["xformOp:transform"]
            }
        }

        def Xform "Leaf_o1_r1_i0" (
            prepend apiSchemas = ["PhysicsRigidBodyAPI", "PhysicsMassAPI", "PhysicsFilteredPairsAPI"]
        )
        {
            prepend rel physics:filteredPairs = </Plant_1/Stem/Internode_o1_r1>
            float physics:mass = 0.05

            def Cylinder "Petiole" (
                prepend apiSchemas = ["PhysicsCollisionAPI"]
            )
            {
                uniform token axis = "Z"
                double height = 0.026194347
                rel material:binding = </Plant_1/Materials/Leaf>
                double radius = 0.00225534685
                matrix4d xformOp:transform = ( (-0.6755902076156604, -0.737277336810124, 0, 0), (0.25216370040656594, -0.23106545963812644, 0.9396926207859084, 0), (-0.6928140728731603, 0.6348471327716558, 0.3420201433256687, 0), (-0.009073906115661425, 0.008314703043887912, 0.04580567015763115, 1) )
                uniform token[] xformOpOrder = ["xformOp:transform"]
            }

            def Cylinder "Rachis" (
                prepend apiSchemas = ["PhysicsCollisionAPI"]
            )
            {
                uniform token axis = "Z"
                double height = 0.061622016
                rel material:binding = </Plant_1/Materials/Leaf>
                double radius = 0.00135320811
                matrix4d xformOp:transform = ( (-0.6755902076156604, -0.737277336810124, 0, 0), (0.25216370040656594, -0.23106545963812644, 0.9396926207859084, 0), (-0.6928140728731603, 0.6348471327716558, 0.3420201433256687, 0), (-0.039494112173130376, 0.03618968617438037, 0.060823152687430625, 1) )
                uniform token[] xformOpOrder = ["xformOp:transform"]
            }

            def Cylinder "Petiolule_0" (
                prepend apiSchemas = ["PhysicsCollisionAPI"]
            )
            {
                uniform token axis = "Z"
                double height = 0.01
                rel material:binding = </Plant_1/Materials/Leaf>
                double radius = 0.0009021387400000001
                matrix4d xformOp:transform = ( (0.16064560780738846, -0.9870121522515286, 0, 0), (0.21699097998550732, 0.035317344157287905, 0.9755345200486782, 0), (-0.9628644262289079, -0.1567153359103089, 0.2198463103929542, 0), (-0.022962134362467388, 0.01584582940822428, 0.05138439886722707, 1) )
                uniform token[] xformOpOrder = ["xformOp:transform"]
            }

            def Mesh "Blade_0" (
                prepend apiSchemas = ["PhysicsCollisionAPI", "PhysicsMeshCollisionAPI"]
            )
            {
                int[] faceVertexCounts = [3, 3, 3, 3, 3, 3, 3, 3, 3, 3, 3, 3, 3, 3]
                int[] faceVertexIndices = [0, 1, 2, 0, 2, 3, 0, 3, 4, 0, 4, 5, 0, 5, 6, 0, 6, 7, 0, 7, 8, 0, 8, 9, 0, 9, 10, 0, 10, 11, 0, 11, 12, 0, 12, 13, 0, 13, 14, 0, 14, 15]
                rel material:binding = </Plant_1/Materials/Leaf>
                uniform token physics:approximation = "convexHull"
                point3f[] points = [(0, 0, 0), (0.003257902, 0.0030845322, 0), (0.005758087, 0.0061690644, 0), (0.0071813352, 0.009253597, 0), (0.0074028773, 0.012338129, 0), (0.0064973985, 0.015422661, 0), (0.0047111623, 0.018507194, 0), (0.0024080146, 0.021591725, 0), (0, 0.024676258, 0), (-0.0024080146, 0.021591725, 0), (-0.0047111623, 0.018507194, 0), (-0.0064973985, 0.015422661, 0), (-0.0074028773, 0.012338129, 0), (-0.0071813352, 0.009253597, 0), (-0.005758087, 0.0061690644, 0), (-0.003257902, 0.0030845322, 0)]
                uniform token subdivisionScheme = "none"
                matrix4d xformOp:transform = ( (-0.16064560780738846, 0.9870121522515286, 0, 0), (-0.9628644262289079, -0.1567153359103089, 0.2198463103929542, 0), (0.21699097998550732, 0.035317344157287905, 0.9755345200486782, 0), (-0.027776456493611927, 0.015062252728672735, 0.052483630419191844, 1) )
                uniform token[] xformOpOrder = ["xformOp:transform"]
            }

            def Cylinder "Petiolule_1" (
                prepend apiSchemas = ["PhysicsCollisionAPI"]
            )
            {
                uniform token axis = "Z"
                double height = 0.01
                rel material:binding = </Plant_1/Materials/Leaf>
                double radius = 0.0009021387400000001
                matrix4d xformOp:transform = ( (-0.9972574602926975, 0.07401052553899984, 0, 0), (-0.016270940969992622, -0.21924337315719755, 0.9755345200486782, 0), (0.07219982251023865, 0.9728590778916004, 0.2198463103929542, 0), (-0.017786813118771654, 0.021493701477233826, 0.05138439886722707, 1) )
                uniform token[] xformOpOrder = ["xformOp:transform"]
            }

            def Mesh "Blade_1" (
                prepend apiSchemas = ["PhysicsCollisionAPI", "PhysicsMeshCollisionAPI"]
            )
            {
                int[] faceVertexCounts = [3, 3, 3, 3, 3, 3, 3, 3, 3, 3, 3, 3, 3, 3]
                int[] faceVertexIndices = [0, 1, 2, 0, 2, 3, 0, 3, 4, 0, 4, 5, 0, 5, 6, 0, 6, 7, 0, 7, 8, 0, 8, 9, 0, 9, 10, 0, 10, 11, 0, 11, 12, 0, 12, 13, 0, 13, 14, 0, 14, 15]
                rel material:binding = </Plant_1/Materials/Leaf>
                uniform token physics:approximation = "convexHull"
                point3f[] points = [(0, 0, 0), (0.003257902, 0.0030845322, 0), (0.005758087, 0.0061690644, 0), (0.0071813352, 0.009253597, 0), (0.0074028773, 0.012338129, 0), (0.0064973985, 0.015422661, 0), (0.0047111623, 0.018507194, 0), (0.0024080146, 0.021591725, 0), (0, 0.024676258, 0), (-0.0024080146, 0.021591725, 0), (-0.0047111623, 0.018507194, 0), (-0.0064973985, 0.015422661, 0), (-0.0074028773, 0.012338129, 0), (-0.0071813352, 0.009253597, 0), (-0.005758087, 0.0061690644, 0), (-0.003257902, 0.0030845322, 0)]
                uniform token subdivisionScheme = "none"
                matrix4d xformOp:transform = ( (0.9972574602926975, -0.07401052553899984, 0, 0), (0.07219982251023865, 0.9728590778916004, 0.2198463103929542, 0), (-0.016270940969992622, -0.21924337315719755, 0.9755345200486782, 0), (-0.017425814006220463, 0.02635799686669183, 0.052483630419191844, 1) )
                uniform token[] xformOpOrder = ["xformOp:transform"]
            }

            def Cylinder "Petiolule_2" (
                prepend apiSchemas = ["PhysicsCollisionAPI"]
            )
            {
                uniform token axis = "Z"
                double height = 0.01
                rel material:binding = </Plant_1/Materials/Leaf>
                double radius = 0.0009021387400000001
                matrix4d xformOp:transform = ( (0.16064560780738846, -0.9870121522515286, 0, 0), (0.21699097998550732, 0.035317344157287905, 0.9755345200486782, 0), (-0.9628644262289079, -0.1567153359103089, 0.2198463103929542, 0), (-0.049455058376924946, 0.04012212157354657, 0.06446310789368145, 1) )
                uniform token[] xformOpOrder = ["xformOp:transform"]
            }

            def Mesh "Blade_2" (
                prepend apiSchemas = ["PhysicsCollisionAPI", "PhysicsMeshCollisionAPI"]
            )
            {
                int[] faceVertexCounts = [3, 3, 3, 3, 3, 3, 3, 3, 3, 3, 3, 3, 3, 3]
                int[] faceVertexIndices = [0, 1, 2, 0, 2, 3, 0, 3, 4, 0, 4, 5, 0, 5, 6, 0, 6, 7, 0, 7, 8, 0, 8, 9, 0, 9, 10, 0, 10, 11, 0, 11, 12, 0, 12, 13, 0, 13, 14, 0, 14, 15]
                rel material:binding = </Plant_1/Materials/Leaf>
                uniform token physics:approximation = "convexHull"
                point3f[] points = [(0, 0, 0), (0.003257902, 0.0030845322, 0), (0.005758087, 0.0061690644, 0), (0.0071813352, 0.009253597, 0), (0.0074028773, 0.012338129, 0), (0.0064973985, 0.015422661, 0), (0.0047111623, 0.018507194, 0), (0.0024080146, 0.021591725, 0), (0, 0.024676258, 0), (-0.0024080146, 0.021591725, 0), (-0.0047111623, 0.018507194, 0), (-0.0064973985, 0.015422661, 0), (-0.0074028773, 0.012338129, 0), (-0.0071813352, 0.009253597, 0), (-0.005758087, 0.0061690644, 0), (-0.003257902, 0.0030845322, 0)]
                uniform token subdivisionScheme = "none"
                matrix4d xformOp:transform = ( (-0.16064560780738846, 0.9870121522515286, 0, 0), (-0.9628644262289079, -0.1567153359103089, 0.2198463103929542, 0), (0.21699097998550732, 0.035317344157287905, 0.9755345200486782, 0), (-0.05426938050806948, 0.03933854489399502, 0.06556233944564623, 1) )
                uniform token[] xformOpOrder = ["xformOp:transform"]
            }

            def Cylinder "Petiolule_3" (
                prepend apiSchemas = ["PhysicsCollisionAPI"]
            )
            {
                uniform token axis = "Z"
                double height = 0.01
                rel material:binding = </Plant_1/Materials/Leaf>
                double radius = 0.0009021387400000001
                matrix4d xformOp:transform = ( (-0.9972574602926975, 0.07401052553899984, 0, 0), (-0.016270940969992622, -0.21924337315719755, 0.9755345200486782, 0), (0.07219982251023865, 0.9728590778916004, 0.2198463103929542, 0), (-0.04427973713322921, 0.045769993642556114, 0.06446310789368145, 1) )
                uniform token[] xformOpOrder = ["xformOp:transform"]
            }

            def Mesh "Blade_3" (
                prepend apiSchemas = ["PhysicsCollisionAPI", "PhysicsMeshCollisionAPI"]
            )
            {
                int[] faceVertexCounts = [3, 3, 3, 3, 3, 3, 3, 3, 3, 3, 3, 3, 3, 3]
                int[] faceVertexIndices = [0, 1, 2, 0, 2, 3, 0, 3, 4, 0, 4, 5, 0, 5, 6, 0, 6, 7, 0, 7, 8, 0, 8, 9, 0, 9, 10, 0, 10, 11, 0, 11, 12, 0, 12, 13, 0, 13, 14, 0, 14, 15]
                rel material:binding = </Plant_1/Materials/Leaf>
                uniform token physics:approximation = "convexHull"
                point3f[] points = [(0, 0, 0), (0.003257902, 0.0030845322, 0), (0.005758087, 0.0061690644, 0), (0.0071813352, 0.009253597, 0), (0.0074028773, 0.012338129, 0), (0.0064973985, 0.015422661, 0), (0.0047111623, 0.018507194, 0), (0.0024080146, 0.021591725, 0), (0, 0.024676258, 0), (-0.0024080146, 0.021591725, 0), (-0.0047111623, 0.018507194, 0), (-0.0064973985, 0.015422661, 0), (-0.0074028773, 0.012338129, 0), (-0.0071813352, 0.009253597, 0), (-0.005758087, 0.0061690644, 0), (-0.003257902, 0.0030845322, 0)]
                uniform token subdivisionScheme = "none"
                matrix4d xformOp:transform = ( (0.9972574602926975, -0.07401052553899984, 0, 0), (0.07219982251023865, 0.9728590778916004, 0.2198463103929542, 0), (-0.016270940969992622, -0.21924337315719755, 0.9755345200486782, 0), (-0.043918738020678014, 0.05063428903201411, 0.06556233944564623, 1) )
                uniform token[] xformOpOrder = ["xformOp:transform"]
            }

            def Cylinder "Petiolule_term" (
                prepend apiSchemas = ["PhysicsCollisionAPI"]
            )
            {
                uniform token axis = "Z"
                double height = 0.01
                rel material:binding = </Plant_1/Materials/Leaf>
                double radius = 0.0009021387400000001
                matrix4d xformOp:transform = ( (-0.6755902076156604, -0.737277336810124, 0, 0), (0.25216370040656594, -0.23106545963812644, 0.9396926207859084, 0), (-0.6928140728731603, 0.6348471327716558, 0.3420201433256687, 0), (-0.0643044824793037, 0.058924201924843204, 0.0730712387762273, 1) )
                uniform token[] xformOpOrder = ["xformOp:transform"]
            }

            def Mesh "Blade_4" (
                prepend apiSchemas = ["PhysicsCollisionAPI", "PhysicsMeshCollisionAPI"]
            )
            {
                int[] faceVertexCounts = [3, 3, 3, 3, 3, 3, 3, 3, 3, 3, 3, 3, 3, 3]
                int[] faceVertexIndices = [0, 1, 2, 0, 2, 3, 0, 3, 4, 0, 4, 5, 0, 5, 6, 0, 6, 7, 0, 7, 8, 0, 8, 9, 0, 9, 10, 0, 10, 11, 0, 11, 12, 0, 12, 13, 0, 13, 14, 0, 14, 15]
                rel material:binding = </Plant_1/Materials/Leaf>
                uniform token physics:approximation = "convexHull"
                point3f[] points = [(0, 0, 0), (0.003257902, 0.0030845322, 0), (0.005758087, 0.0061690644, 0), (0.0071813352, 0.009253597, 0), (0.0074028773, 0.012338129, 0), (0.0064973985, 0.015422661, 0), (0.0047111623, 0.018507194, 0), (0.0024080146, 0.021591725, 0), (0, 0.024676258, 0), (-0.0024080146, 0.021591725, 0), (-0.0047111623, 0.018507194, 0), (-0.0064973985, 0.015422661, 0), (-0.0074028773, 0.012338129, 0), (-0.0071813352, 0.009253597, 0), (-0.005758087, 0.0061690644, 0), (-0.003257902, 0.0030845322, 0)]
                uniform token subdivisionScheme = "none"
                matrix4d xformOp:transform = ( (0.6755902076156604, 0.737277336810124, -0, 0), (-0.6928140728731603, 0.6348471327716558, 0.3420201433256687, 0), (0.25216370040656594, -0.23106545963812644, 0.9396926207859084, 0), (-0.0677685528436695, 0.06209843758870148, 0.07478133949285565, 1) )
                uniform token[] xformOpOrder = ["xformOp:transform"]
            }
        }

        def Xform "Leaf_o0_r7_i0" (
            prepend apiSchemas = ["PhysicsRigidBodyAPI", "PhysicsMassAPI", "PhysicsFilteredPairsAPI"]
        )
        {
            prepend rel physics:filteredPairs = </Plant_1/Stem/Internode_o0_r7>
            float physics:mass = 0.05

            def Cylinder "Petiole" (
                prepend apiSchemas = ["PhysicsCollisionAPI"]
            )
            {
                uniform token axis = "Z"
                double height = 0.034942925
                rel material:binding = </Plant_1/Materials/Leaf>
                double radius = 0.002842898
                matrix4d xformOp:transform = ( (0.8870108331782215, -0.46174861323503436, 0, 0), (0.1579273268790752, 0.30337557229503614, 0.9396926207859084, 0), (-0.4339017645150882, -0.8335175344947352, 0.3420201433256687, 0), (-0.007580898407409194, -0.014562770347017223, 0.17223240910835905, 1) )
                uniform token[] xformOpOrder = ["xformOp:transform"]
            }

            def Cylinder "Rachis" (
                prepend apiSchemas = ["PhysicsCollisionAPI"]
            )
            {
                uniform token axis = "Z"
                double height = 0.145487
                rel material:binding = </Plant_1/Materials/Leaf>
                double radius = 0.0017057387999999999
                matrix4d xformOp:transform = ( (0.8870108331782215, -0.46174861323503436, 0, 0), (0.1579273268790752, 0.30337557229503614, 0.9396926207859084, 0), (-0.4339017645150882, -0.8335175344947352, 0.3420201433256687, 0), (-0.046725329821821704, -0.08975852346455221, 0.20308774351272887, 1) )
                uniform token[] xformOpOrder = ["xformOp:transform"]
            }

            def Cylinder "Petiolule_0" (
                prepend apiSchemas = ["PhysicsCollisionAPI"]
            )
            {
                uniform token axis = "Z"
                double height = 0.01
                rel material:binding = </Plant_1/Materials/Leaf>
                double radius = 0.0011371592
                matrix4d xformOp:transform = ( (0.9118023859082873, 0.4106292842113854, -0, 0), (-0.09027533307317283, 0.20045639034942953, 0.9755345200486782, 0), (0.40058304169108616, -0.8894947029162807, 0.2198463103929542, 0), (-0.013158881606362957, -0.03357301420861585, 0.17930723276868285, 1) )
                uniform token[] xformOpOrder = ["xformOp:transform"]
            }

            def Mesh "Blade_0" (
                prepend apiSchemas = ["PhysicsCollisionAPI", "PhysicsMeshCollisionAPI"]
            )
            {
                int[] faceVertexCounts = [3, 3, 3, 3, 3, 3, 3, 3, 3, 3, 3, 3, 3, 3]
                int[] faceVertexIndices = [0, 1, 2, 0, 2, 3, 0, 3, 4, 0, 4, 5, 0, 5, 6, 0, 6, 7, 0, 7, 8, 0, 8, 9, 0, 9, 10, 0, 10, 11, 0, 11, 12, 0, 12, 13, 0, 13, 14, 0, 14, 15]
                rel material:binding = </Plant_1/Materials/Leaf>
                uniform token physics:approximation = "convexHull"
                point3f[] points = [(0, 0, 0), (0.006267354, 0.005933835, 0), (0.011077058, 0.01186767, 0), (0.013815016, 0.017801505, 0), (0.014241205, 0.02373534, 0), (0.0124993, 0.029669175, 0), (0.009063047, 0.03560301, 0), (0.004632392, 0.041536845, 0), (0, 0.04747068, 0), (-0.004632392, 0.041536845, 0), (-0.009063047, 0.03560301, 0), (-0.0124993, 0.029669175, 0), (-0.014241205, 0.02373534, 0), (-0.013815016, 0.017801505, 0), (-0.011077058, 0.01186767, 0), (-0.006267354, 0.005933835, 0)]
                uniform token subdivisionScheme = "none"
                matrix4d xformOp:transform = ( (-0.9118023859082873, -0.4106292842113854, 0, 0), (0.40058304169108616, -0.8894947029162807, 0.2198463103929542, 0), (-0.09027533307317283, 0.20045639034942953, 0.9755345200486782, 0), (-0.011155966397907526, -0.03802048772319726, 0.18040646432064764, 1) )
                uniform token[] xformOpOrder = ["xformOp:transform"]
            }

            def Cylinder "Petiolule_1" (
                prepend apiSchemas = ["PhysicsCollisionAPI"]
            )
            {
                uniform token axis = "Z"
                double height = 0.01
                rel material:binding = </Plant_1/Materials/Leaf>
                double radius = 0.0011371592
                matrix4d xformOp:transform = ( (0.18662054555897403, -0.9824320699037012, 0, 0), (0.2159840657800416, 0.04102783838466066, 0.9755345200486784, 0), (-0.9583963977939367, -0.18205478434309622, 0.21984631039295421, 0), (-0.019953778803788073, -0.030035814615749928, 0.17930723276868285, 1) )
                uniform token[] xformOpOrder = ["xformOp:transform"]
            }

            def Mesh "Blade_1" (
                prepend apiSchemas = ["PhysicsCollisionAPI", "PhysicsMeshCollisionAPI"]
            )
            {
                int[] faceVertexCounts = [3, 3, 3, 3, 3, 3, 3, 3, 3, 3, 3, 3, 3, 3]
                int[] faceVertexIndices = [0, 1, 2, 0, 2, 3, 0, 3, 4, 0, 4, 5, 0, 5, 6, 0, 6, 7, 0, 7, 8, 0, 8, 9, 0, 9, 10, 0, 10, 11, 0, 11, 12, 0, 12, 13, 0, 13, 14, 0, 14, 15]
                rel material:binding = </Plant_1/Materials/Leaf>
                uniform token physics:approximation = "convexHull"
                point3f[] points = [(0, 0, 0), (0.006267354, 0.005933835, 0), (0.011077058, 0.01186767, 0), (0.013815016, 0.017801505, 0), (0.014241205, 0.02373534, 0), (0.0124993, 0.029669175, 0), (0.009063047, 0.03560301, 0), (0.004632392, 0.041536845, 0), (0, 0.04747068, 0), (-0.004632392, 0.041536845, 0), (-0.009063047, 0.03560301, 0), (-0.0124993, 0.029669175, 0), (-0.014241205, 0.02373534, 0), (-0.013815016, 0.017801505, 0), (-0.011077058, 0.01186767, 0), (-0.006267354, 0.005933835, 0)]
                uniform token subdivisionScheme = "none"
                matrix4d xformOp:transform = ( (-0.18662054555897403, 0.9824320699037012, 0, 0), (-0.9583963977939367, -0.18205478434309622, 0.21984631039295421, 0), (0.2159840657800416, 0.04102783838466066, 0.9755345200486784, 0), (-0.024745760792757754, -0.03094608853746541, 0.18040646432064764, 1) )
                uniform token[] xformOpOrder = ["xformOp:transform"]
            }

            def Cylinder "Petiolule_2" (
                prepend apiSchemas = ["PhysicsCollisionAPI"]
            )
            {
                uniform token axis = "Z"
                double height = 0.01
                rel material:binding = </Plant_1/Materials/Leaf>
                double radius = 0.0011371592
                matrix4d xformOp:transform = ( (0.9118023859082873, 0.4106292842113854, -0, 0), (-0.09027533307317283, 0.20045639034942953, 0.9755345200486782, 0), (0.40058304169108616, -0.8894947029162807, 0.2198463103929542, 0), (-0.035152845706533015, -0.07582302614628793, 0.19664382682989043, 1) )
                uniform token[] xformOpOrder = ["xformOp:transform"]
            }

            def Mesh "Blade_2" (
                prepend apiSchemas = ["PhysicsCollisionAPI", "PhysicsMeshCollisionAPI"]
            )
            {
                int[] faceVertexCounts = [3, 3, 3, 3, 3, 3, 3, 3, 3, 3, 3, 3, 3, 3]
                int[] faceVertexIndices = [0, 1, 2, 0, 2, 3, 0, 3, 4, 0, 4, 5, 0, 5, 6, 0, 6, 7, 0, 7, 8, 0, 8, 9, 0, 9, 10, 0, 10, 11, 0, 11, 12, 0, 12, 13, 0, 13, 14, 0, 14, 15]
                rel material:binding = </Plant_1/Materials/Leaf>
                uniform token physics:approximation = "convexHull"
                point3f[] points = [(0, 0, 0), (0.006267354, 0.005933835, 0), (0.011077058, 0.01186767, 0), (0.013815016, 0.017801505, 0), (0.014241205, 0.02373534, 0), (0.0124993, 0.029669175, 0), (0.009063047, 0.03560301, 0), (0.004632392, 0.041536845, 0), (0, 0.04747068, 0), (-0.004632392, 0.041536845, 0), (-0.009063047, 0.03560301, 0), (-0.0124993, 0.029669175, 0), (-0.014241205, 0.02373534, 0), (-0.013815016, 0.017801505, 0), (-0.011077058, 0.01186767, 0), (-0.006267354, 0.005933835, 0)]
                uniform token subdivisionScheme = "none"
                matrix4d xformOp:transform = ( (-0.9118023859082873, -0.4106292842113854, 0, 0), (0.40058304169108616, -0.8894947029162807, 0.2198463103929542, 0), (-0.09027533307317283, 0.20045639034942953, 0.9755345200486782, 0), (-0.03314993049807758, -0.08027049966086934, 0.1977430583818552, 1) )
                uniform token[] xformOpOrder = ["xformOp:transform"]
            }

            def Cylinder "Petiolule_3" (
                prepend apiSchemas = ["PhysicsCollisionAPI"]
            )
            {
                uniform token axis = "Z"
                double height = 0.01
                rel material:binding = </Plant_1/Materials/Leaf>
                double radius = 0.0011371592
                matrix4d xformOp:transform = ( (0.18662054555897403, -0.9824320699037012, 0, 0), (0.2159840657800416, 0.04102783838466066, 0.9755345200486784, 0), (-0.9583963977939367, -0.18205478434309622, 0.21984631039295421, 0), (-0.04194774290395813, -0.07228582655342201, 0.19664382682989043, 1) )
                uniform token[] xformOpOrder = ["xformOp:transform"]
            }

            def Mesh "Blade_3" (
                prepend apiSchemas = ["PhysicsCollisionAPI", "PhysicsMeshCollisionAPI"]
            )
            {
                int[] faceVertexCounts = [3, 3, 3, 3, 3, 3, 3, 3, 3, 3, 3, 3, 3, 3]
                int[] faceVertexIndices = [0, 1, 2, 0, 2, 3, 0, 3, 4, 0, 4, 5, 0, 5, 6, 0, 6, 7, 0, 7, 8, 0, 8, 9, 0, 9, 10, 0, 10, 11, 0, 11, 12, 0, 12, 13, 0, 13, 14, 0, 14, 15]
                rel material:binding = </Plant_1/Materials/Leaf>
                uniform token physics:approximation = "convexHull"
                point3f[] points = [(0, 0, 0), (0.006267354, 0.005933835, 0), (0.011077058, 0.01186767, 0), (0.013815016, 0.017801505, 0), (0.014241205, 0.02373534, 0), (0.0124993, 0.029669175, 0), (0.009063047, 0.03560301, 0), (0.004632392, 0.041536845, 0), (0, 0.04747068, 0), (-0.004632392, 0.041536845, 0), (-0.009063047, 0.03560301, 0), (-0.0124993, 0.029669175, 0), (-0.014241205, 0.02373534, 0), (-0.013815016, 0.017801505, 0), (-0.011077058, 0.01186767, 0), (-0.006267354, 0.005933835, 0)]
                uniform token subdivisionScheme = "none"
                matrix4d xformOp:transform = ( (-0.18662054555897403, 0.9824320699037012, 0, 0), (-0.9583963977939367, -0.18205478434309622, 0.21984631039295421, 0), (0.2159840657800416, 0.04102783838466066, 0.9755345200486784, 0), (-0.04673972489292781, -0.07319610047513748, 0.1977430583818552, 1) )
                uniform token[] xformOpOrder = ["xformOp:transform"]
            }

            def Cylinder "Petiolule_4" (
                prepend apiSchemas = ["PhysicsCollisionAPI"]
            )
            {
                uniform token axis = "Z"
                double height = 0.01
                rel material:binding = </Plant_1/Materials/Leaf>
                double radius = 0.0011371592
                matrix4d xformOp:transform = ( (0.9118023859082873, 0.4106292842113854, -0, 0), (-0.09027533307317283, 0.20045639034942953, 0.9755345200486782, 0), (0.40058304169108616, -0.8894947029162807, 0.2198463103929542, 0), (-0.05714680980670306, -0.11807303808396, 0.21398042089109803, 1) )
                uniform token[] xformOpOrder = ["xformOp:transform"]
            }

            def Mesh "Blade_4" (
                prepend apiSchemas = ["PhysicsCollisionAPI", "PhysicsMeshCollisionAPI"]
            )
            {
                int[] faceVertexCounts = [3, 3, 3, 3, 3, 3, 3, 3, 3, 3, 3, 3, 3, 3]
                int[] faceVertexIndices = [0, 1, 2, 0, 2, 3, 0, 3, 4, 0, 4, 5, 0, 5, 6, 0, 6, 7, 0, 7, 8, 0, 8, 9, 0, 9, 10, 0, 10, 11, 0, 11, 12, 0, 12, 13, 0, 13, 14, 0, 14, 15]
                rel material:binding = </Plant_1/Materials/Leaf>
                uniform token physics:approximation = "convexHull"
                point3f[] points = [(0, 0, 0), (0.006267354, 0.005933835, 0), (0.011077058, 0.01186767, 0), (0.013815016, 0.017801505, 0), (0.014241205, 0.02373534, 0), (0.0124993, 0.029669175, 0), (0.009063047, 0.03560301, 0), (0.004632392, 0.041536845, 0), (0, 0.04747068, 0), (-0.004632392, 0.041536845, 0), (-0.009063047, 0.03560301, 0), (-0.0124993, 0.029669175, 0), (-0.014241205, 0.02373534, 0), (-0.013815016, 0.017801505, 0), (-0.011077058, 0.01186767, 0), (-0.006267354, 0.005933835, 0)]
                uniform token subdivisionScheme = "none"
                matrix4d xformOp:transform = ( (-0.9118023859082873, -0.4106292842113854, 0, 0), (0.40058304169108616, -0.8894947029162807, 0.2198463103929542, 0), (-0.09027533307317283, 0.20045639034942953, 0.9755345200486782, 0), (-0.055143894598247624, -0.12252051159854141, 0.21507965244306282, 1) )
                uniform token[] xformOpOrder = ["xformOp:transform"]
            }

            def Cylinder "Petiolule_5" (
                prepend apiSchemas = ["PhysicsCollisionAPI"]
            )
            {
                uniform token axis = "Z"
                double height = 0.01
                rel material:binding = </Plant_1/Materials/Leaf>
                double radius = 0.0011371592
                matrix4d xformOp:transform = ( (0.18662054555897403, -0.9824320699037012, 0, 0), (0.2159840657800416, 0.04102783838466066, 0.9755345200486784, 0), (-0.9583963977939367, -0.18205478434309622, 0.21984631039295421, 0), (-0.06394170700412817, -0.11453583849109408, 0.21398042089109803, 1) )
                uniform token[] xformOpOrder = ["xformOp:transform"]
            }

            def Mesh "Blade_5" (
                prepend apiSchemas = ["PhysicsCollisionAPI", "PhysicsMeshCollisionAPI"]
            )
            {
                int[] faceVertexCounts = [3, 3, 3, 3, 3, 3, 3, 3, 3, 3, 3, 3, 3, 3]
                int[] faceVertexIndices = [0, 1, 2, 0, 2, 3, 0, 3, 4, 0, 4, 5, 0, 5, 6, 0, 6, 7, 0, 7, 8, 0, 8, 9, 0, 9, 10, 0, 10, 11, 0, 11, 12, 0, 12, 13, 0, 13, 14, 0, 14, 15]
                rel material:binding = </Plant_1/Materials/Leaf>
                uniform token physics:approximation = "convexHull"
                point3f[] points = [(0, 0, 0), (0.006267354, 0.005933835, 0), (0.011077058, 0.01186767, 0), (0.013815016, 0.017801505, 0), (0.014241205, 0.02373534, 0), (0.0124993, 0.029669175, 0), (0.009063047, 0.03560301, 0), (0.004632392, 0.041536845, 0), (0, 0.04747068, 0), (-0.004632392, 0.041536845, 0), (-0.009063047, 0.03560301, 0), (-0.0124993, 0.029669175, 0), (-0.014241205, 0.02373534, 0), (-0.013815016, 0.017801505, 0), (-0.011077058, 0.01186767, 0), (-0.006267354, 0.005933835, 0)]
                uniform token subdivisionScheme = "none"
                matrix4d xformOp:transform = ( (-0.18662054555897403, 0.9824320699037012, 0, 0), (-0.9583963977939367, -0.18205478434309622, 0.21984631039295421, 0), (0.2159840657800416, 0.04102783838466066, 0.9755345200486784, 0), (-0.06873368899309786, -0.11544611241280955, 0.21507965244306282, 1) )
                uniform token[] xformOpOrder = ["xformOp:transform"]
            }

            def Cylinder "Petiolule_term" (
                prepend apiSchemas = ["PhysicsCollisionAPI"]
            )
            {
                uniform token axis = "Z"
                double height = 0.01
                rel material:binding = </Plant_1/Materials/Leaf>
                double radius = 0.0011371592
                matrix4d xformOp:transform = ( (0.8870108331782215, -0.46174861323503436, 0, 0), (0.1579273268790752, 0.30337557229503614, 0.9396926207859084, 0), (-0.4339017645150882, -0.8335175344947352, 0.3420201433256687, 0), (-0.08045837165140046, -0.15455909390754366, 0.229677586525368, 1) )
                uniform token[] xformOpOrder = ["xformOp:transform"]
            }

            def Mesh "Blade_6" (
                prepend apiSchemas = ["PhysicsCollisionAPI", "PhysicsMeshCollisionAPI"]
            )
            {
                int[] faceVertexCounts = [3, 3, 3, 3, 3, 3, 3, 3, 3, 3, 3, 3, 3, 3]
                int[] faceVertexIndices = [0, 1, 2, 0, 2, 3, 0, 3, 4, 0, 4, 5, 0, 5, 6, 0, 6, 7, 0, 7, 8, 0, 8, 9, 0, 9, 10, 0, 10, 11, 0, 11, 12, 0, 12, 13, 0, 13, 14, 0, 14, 15]
                rel material:binding = </Plant_1/Materials/Leaf>
                uniform token physics:approximation = "convexHull"
                point3f[] points = [(0, 0, 0), (0.006268451, 0.0059348736, 0), (0.011078997, 0.011869747, 0), (0.013817433, 0.01780462, 0), (0.014243697, 0.023739494, 0), (0.0125014875, 0.029674368, 0), (0.009064633, 0.03560924, 0), (0.0046332027, 0.041544117, 0), (0, 0.04747899, 0), (-0.0046332027, 0.041544117, 0), (-0.009064633, 0.03560924, 0), (-0.0125014875, 0.029674368, 0), (-0.014243697, 0.023739494, 0), (-0.013817433, 0.01780462, 0), (-0.011078997, 0.011869747, 0), (-0.006268451, 0.0059348736, 0)]
                uniform token subdivisionScheme = "none"
                matrix4d xformOp:transform = ( (-0.8870108331782215, 0.46174861323503436, 0, 0), (-0.4339017645150882, -0.8335175344947352, 0.3420201433256687, 0), (0.1579273268790752, 0.30337557229503614, 0.9396926207859084, 0), (-0.0826278804739759, -0.15872668158001732, 0.23138768724199635, 1) )
                uniform token[] xformOpOrder = ["xformOp:transform"]
            }
        }

        def Xform "Leaf_o1_r1_i1" (
            prepend apiSchemas = ["PhysicsRigidBodyAPI", "PhysicsMassAPI", "PhysicsFilteredPairsAPI"]
        )
        {
            prepend rel physics:filteredPairs = </Plant_1/Stem/Internode_o1_r1>
            float physics:mass = 0.05

            def Cylinder "Petiole" (
                prepend apiSchemas = ["PhysicsCollisionAPI"]
            )
            {
                uniform token axis = "Z"
                double height = 0.026231157
                rel material:binding = </Plant_1/Materials/Leaf>
                double radius = 0.00225789285
                matrix4d xformOp:transform = ( (-0.6755902076156604, -0.737277336810124, 0, 0), (0.25216370040656594, -0.23106545963812644, 0.9396926207859084, 0), (-0.6928140728731603, 0.6348471327716558, 0.3420201433256687, 0), (-0.009086657358672656, 0.008326387405366575, 0.04635402003836906, 1) )
                uniform token[] xformOpOrder = ["xformOp:transform"]
            }

            def Cylinder "Rachis" (
                prepend apiSchemas = ["PhysicsCollisionAPI"]
            )
            {
                uniform token axis = "Z"
                double height = 0.06174574
                rel material:binding = </Plant_1/Materials/Leaf>
                double radius = 0.0013547357100000001
                matrix4d xformOp:transform = ( (-0.6755902076156604, -0.737277336810124, 0, 0), (0.25216370040656594, -0.23106545963812644, 0.9396926207859084, 0), (-0.6928140728731603, 0.6348471327716558, 0.3420201433256687, 0), (-0.039562473523328916, 0.036252327810665216, 0.06139895549901286, 1) )
                uniform token[] xformOpOrder = ["xformOp:transform"]
            }

            def Cylinder "Petiolule_0" (
                prepend apiSchemas = ["PhysicsCollisionAPI"]
            )
            {
                uniform token axis = "Z"
                double height = 0.01
                rel material:binding = </Plant_1/Materials/Leaf>
                double radius = 0.0009031571400000001
                matrix4d xformOp:transform = ( (0.16064560780738846, -0.9870121522515286, 0, 0), (0.21699097998550732, 0.035317344157287905, 0.9755345200486782, 0), (-0.9628644262289079, -0.1567153359103089, 0.2198463103929542, 0), (-0.02298763684848985, 0.015869198131181605, 0.05193904362870289, 1) )
                uniform token[] xformOpOrder = ["xformOp:transform"]
            }

            def Mesh "Blade_0" (
                prepend apiSchemas = ["PhysicsCollisionAPI", "PhysicsMeshCollisionAPI"]
            )
            {
                int[] faceVertexCounts = [3, 3, 3, 3, 3, 3, 3, 3, 3, 3, 3, 3, 3, 3]
                int[] faceVertexIndices = [0, 1, 2, 0, 2, 3, 0, 3, 4, 0, 4, 5, 0, 5, 6, 0, 6, 7, 0, 7, 8, 0, 8, 9, 0, 9, 10, 0, 10, 11, 0, 11, 12, 0, 12, 13, 0, 13, 14, 0, 14, 15]
                rel material:binding = </Plant_1/Materials/Leaf>
                uniform token physics:approximation = "convexHull"
                point3f[] points = [(0, 0, 0), (0.003270987, 0.0030969207, 0), (0.0057812133, 0.0061938413, 0), (0.0072101774, 0.009290762, 0), (0.0074326093, 0.012387683, 0), (0.006523494, 0.015484603, 0), (0.0047300835, 0.018581524, 0), (0.002417686, 0.021678444, 0), (0, 0.024775365, 0), (-0.002417686, 0.021678444, 0), (-0.0047300835, 0.018581524, 0), (-0.006523494, 0.015484603, 0), (-0.0074326093, 0.012387683, 0), (-0.0072101774, 0.009290762, 0), (-0.0057812133, 0.0061938413, 0), (-0.003270987, 0.0030969207, 0)]
                uniform token subdivisionScheme = "none"
                matrix4d xformOp:transform = ( (-0.16064560780738846, 0.9870121522515286, 0, 0), (-0.9628644262289079, -0.1567153359103089, 0.2198463103929542, 0), (0.21699097998550732, 0.035317344157287905, 0.9755345200486782, 0), (-0.02780195897963439, 0.01508562145163006, 0.053038275180667664, 1) )
                uniform token[] xformOpOrder = ["xformOp:transform"]
            }

            def Cylinder "Petiolule_1" (
                prepend apiSchemas = ["PhysicsCollisionAPI"]
            )
            {
                uniform token axis = "Z"
                double height = 0.01
                rel material:binding = </Plant_1/Materials/Leaf>
                double radius = 0.0009031571400000001
                matrix4d xformOp:transform = ( (-0.9972574602926975, 0.07401052553899984, 0, 0), (-0.016270940969992622, -0.21924337315719755, 0.9755345200486782, 0), (0.07219982251023865, 0.9728590778916004, 0.2198463103929542, 0), (-0.017812315604794116, 0.02151707020019115, 0.05193904362870289, 1) )
                uniform token[] xformOpOrder = ["xformOp:transform"]
            }

            def Mesh "Blade_1" (
                prepend apiSchemas = ["PhysicsCollisionAPI", "PhysicsMeshCollisionAPI"]
            )
            {
                int[] faceVertexCounts = [3, 3, 3, 3, 3, 3, 3, 3, 3, 3, 3, 3, 3, 3]
                int[] faceVertexIndices = [0, 1, 2, 0, 2, 3, 0, 3, 4, 0, 4, 5, 0, 5, 6, 0, 6, 7, 0, 7, 8, 0, 8, 9, 0, 9, 10, 0, 10, 11, 0, 11, 12, 0, 12, 13, 0, 13, 14, 0, 14, 15]
                rel material:binding = </Plant_1/Materials/Leaf>
                uniform token physics:approximation = "convexHull"
                point3f[] points = [(0, 0, 0), (0.003270987, 0.0030969207, 0), (0.0057812133, 0.0061938413, 0), (0.0072101774, 0.009290762, 0), (0.0074326093, 0.012387683, 0), (0.006523494, 0.015484603, 0), (0.0047300835, 0.018581524, 0), (0.002417686, 0.021678444, 0), (0, 0.024775365, 0), (-0.002417686, 0.021678444, 0), (-0.0047300835, 0.018581524, 0), (-0.006523494, 0.015484603, 0), (-0.0074326093, 0.012387683, 0), (-0.0072101774, 0.009290762, 0), (-0.0057812133, 0.0061938413, 0), (-0.003270987, 0.0030969207, 0)]
                uniform token subdivisionScheme = "none"
                matrix4d xformOp:transform = ( (0.9972574602926975, -0.07401052553899984, 0, 0), (0.07219982251023865, 0.9728590778916004, 0.2198463103929542, 0), (-0.016270940969992622, -0.21924337315719755, 0.9755345200486782, 0), (-0.017451316492242925, 0.026381365589649153, 0.053038275180667664, 1) )
                uniform token[] xformOpOrder = ["xformOp:transform"]
            }

            def Cylinder "Petiolule_2" (
                prepend apiSchemas = ["PhysicsCollisionAPI"]
            )
            {
                uniform token axis = "Z"
                double height = 0.01
                rel material:binding = </Plant_1/Materials/Leaf>
                double radius = 0.0009031571400000001
                matrix4d xformOp:transform = ( (0.16064560780738846, -0.9870121522515286, 0, 0), (0.21699097998550732, 0.035317344157287905, 0.9755345200486782, 0), (-0.9628644262289079, -0.1567153359103089, 0.2198463103929542, 0), (-0.04954351479930717, 0.040203176950917456, 0.06504883099952084, 1) )
                uniform token[] xformOpOrder = ["xformOp:transform"]
            }

            def Mesh "Blade_2" (
                prepend apiSchemas = ["PhysicsCollisionAPI", "PhysicsMeshCollisionAPI"]
            )
            {
                int[] faceVertexCounts = [3, 3, 3, 3, 3, 3, 3, 3, 3, 3, 3, 3, 3, 3]
                int[] faceVertexIndices = [0, 1, 2, 0, 2, 3, 0, 3, 4, 0, 4, 5, 0, 5, 6, 0, 6, 7, 0, 7, 8, 0, 8, 9, 0, 9, 10, 0, 10, 11, 0, 11, 12, 0, 12, 13, 0, 13, 14, 0, 14, 15]
                rel material:binding = </Plant_1/Materials/Leaf>
                uniform token physics:approximation = "convexHull"
                point3f[] points = [(0, 0, 0), (0.003270987, 0.0030969207, 0), (0.0057812133, 0.0061938413, 0), (0.0072101774, 0.009290762, 0), (0.0074326093, 0.012387683, 0), (0.006523494, 0.015484603, 0), (0.0047300835, 0.018581524, 0), (0.002417686, 0.021678444, 0), (0, 0.024775365, 0), (-0.002417686, 0.021678444, 0), (-0.0047300835, 0.018581524, 0), (-0.006523494, 0.015484603, 0), (-0.0074326093, 0.012387683, 0), (-0.0072101774, 0.009290762, 0), (-0.0057812133, 0.0061938413, 0), (-0.003270987, 0.0030969207, 0)]
                uniform token subdivisionScheme = "none"
                matrix4d xformOp:transform = ( (-0.16064560780738846, 0.9870121522515286, 0, 0), (-0.9628644262289079, -0.1567153359103089, 0.2198463103929542, 0), (0.21699097998550732, 0.035317344157287905, 0.9755345200486782, 0), (-0.05435783693045171, 0.03941960027136591, 0.06614806255148561, 1) )
                uniform token[] xformOpOrder = ["xformOp:transform"]
            }

            def Cylinder "Petiolule_3" (
                prepend apiSchemas = ["PhysicsCollisionAPI"]
            )
            {
                uniform token axis = "Z"
                double height = 0.01
                rel material:binding = </Plant_1/Materials/Leaf>
                double radius = 0.0009031571400000001
                matrix4d xformOp:transform = ( (-0.9972574602926975, 0.07401052553899984, 0, 0), (-0.016270940969992622, -0.21924337315719755, 0.9755345200486782, 0), (0.07219982251023865, 0.9728590778916004, 0.2198463103929542, 0), (-0.04436819355561144, 0.045851049019927, 0.06504883099952084, 1) )
                uniform token[] xformOpOrder = ["xformOp:transform"]
            }

            def Mesh "Blade_3" (
                prepend apiSchemas = ["PhysicsCollisionAPI", "PhysicsMeshCollisionAPI"]
            )
            {
                int[] faceVertexCounts = [3, 3, 3, 3, 3, 3, 3, 3, 3, 3, 3, 3, 3, 3]
                int[] faceVertexIndices = [0, 1, 2, 0, 2, 3, 0, 3, 4, 0, 4, 5, 0, 5, 6, 0, 6, 7, 0, 7, 8, 0, 8, 9, 0, 9, 10, 0, 10, 11, 0, 11, 12, 0, 12, 13, 0, 13, 14, 0, 14, 15]
                rel material:binding = </Plant_1/Materials/Leaf>
                uniform token physics:approximation = "convexHull"
                point3f[] points = [(0, 0, 0), (0.003270987, 0.0030969207, 0), (0.0057812133, 0.0061938413, 0), (0.0072101774, 0.009290762, 0), (0.0074326093, 0.012387683, 0), (0.006523494, 0.015484603, 0), (0.0047300835, 0.018581524, 0), (0.002417686, 0.021678444, 0), (0, 0.024775365, 0), (-0.002417686, 0.021678444, 0), (-0.0047300835, 0.018581524, 0), (-0.006523494, 0.015484603, 0), (-0.0074326093, 0.012387683, 0), (-0.0072101774, 0.009290762, 0), (-0.0057812133, 0.0061938413, 0), (-0.003270987, 0.0030969207, 0)]
                uniform token subdivisionScheme = "none"
                matrix4d xformOp:transform = ( (0.9972574602926975, -0.07401052553899984, 0, 0), (0.07219982251023865, 0.9728590778916004, 0.2198463103929542, 0), (-0.016270940969992622, -0.21924337315719755, 0.9755345200486782, 0), (-0.04400719444306024, 0.050715344409385, 0.06614806255148561, 1) )
                uniform token[] xformOpOrder = ["xformOp:transform"]
            }

            def Cylinder "Petiolule_term" (
                prepend apiSchemas = ["PhysicsCollisionAPI"]
            )
            {
                uniform token axis = "Z"
                double height = 0.01
                rel material:binding = </Plant_1/Materials/Leaf>
                double radius = 0.0009031571400000001
                matrix4d xformOp:transform = ( (-0.6755902076156604, -0.737277336810124, 0, 0), (0.25216370040656594, -0.23106545963812644, 0.9396926207859084, 0), (-0.6928140728731603, 0.6348471327716558, 0.3420201433256687, 0), (-0.06441570269367833, 0.05902611647445557, 0.07366819963791595, 1) )
                uniform token[] xformOpOrder = ["xformOp:transform"]
            }

            def Mesh "Blade_4" (
                prepend apiSchemas = ["PhysicsCollisionAPI", "PhysicsMeshCollisionAPI"]
            )
            {
                int[] faceVertexCounts = [3, 3, 3, 3, 3, 3, 3, 3, 3, 3, 3, 3, 3, 3]
                int[] faceVertexIndices = [0, 1, 2, 0, 2, 3, 0, 3, 4, 0, 4, 5, 0, 5, 6, 0, 6, 7, 0, 7, 8, 0, 8, 9, 0, 9, 10, 0, 10, 11, 0, 11, 12, 0, 12, 13, 0, 13, 14, 0, 14, 15]
                rel material:binding = </Plant_1/Materials/Leaf>
                uniform token physics:approximation = "convexHull"
                point3f[] points = [(0, 0, 0), (0.003270987, 0.0030969207, 0), (0.0057812133, 0.0061938413, 0), (0.0072101774, 0.009290762, 0), (0.0074326093, 0.012387683, 0), (0.006523494, 0.015484603, 0), (0.0047300835, 0.018581524, 0), (0.002417686, 0.021678444, 0), (0, 0.024775365, 0), (-0.002417686, 0.021678444, 0), (-0.0047300835, 0.018581524, 0), (-0.006523494, 0.015484603, 0), (-0.0074326093, 0.012387683, 0), (-0.0072101774, 0.009290762, 0), (-0.0057812133, 0.0061938413, 0), (-0.003270987, 0.0030969207, 0)]
                uniform token subdivisionScheme = "none"
                matrix4d xformOp:transform = ( (0.6755902076156604, 0.737277336810124, -0, 0), (-0.6928140728731603, 0.6348471327716558, 0.3420201433256687, 0), (0.25216370040656594, -0.23106545963812644, 0.9396926207859084, 0), (-0.06787977305804413, 0.06220035213831385, 0.07537830035454429, 1) )
                uniform token[] xformOpOrder = ["xformOp:transform"]
            }
        }

        def Xform "Leaf_o1_r1_i2" (
            prepend apiSchemas = ["PhysicsRigidBodyAPI", "PhysicsMassAPI", "PhysicsFilteredPairsAPI"]
        )
        {
            prepend rel physics:filteredPairs = </Plant_1/Stem/Internode_o1_r1>
            float physics:mass = 0.05

            def Cylinder "Petiole" (
                prepend apiSchemas = ["PhysicsCollisionAPI"]
            )
            {
                uniform token axis = "Z"
                double height = 0.026231157
                rel material:binding = </Plant_1/Materials/Leaf>
                double radius = 0.00225789285
                matrix4d xformOp:transform = ( (-0.6755902076156604, -0.737277336810124, 0, 0), (0.25216370040656594, -0.23106545963812644, 0.9396926207859084, 0), (-0.6928140728731603, 0.6348471327716558, 0.3420201433256687, 0), (-0.009086657358672656, 0.008326387405366575, 0.04635402003836906, 1) )
                uniform token[] xformOpOrder = ["xformOp:transform"]
            }

            def Cylinder "Rachis" (
                prepend apiSchemas = ["PhysicsCollisionAPI"]
            )
            {
                uniform token axis = "Z"
                double height = 0.06174574
                rel material:binding = </Plant_1/Materials/Leaf>
                double radius = 0.0013547357100000001
                matrix4d xformOp:transform = ( (-0.6755902076156604, -0.737277336810124, 0, 0), (0.25216370040656594, -0.23106545963812644, 0.9396926207859084, 0), (-0.6928140728731603, 0.6348471327716558, 0.3420201433256687, 0), (-0.039562473523328916, 0.036252327810665216, 0.06139895549901286, 1) )
                uniform token[] xformOpOrder = ["xformOp:transform"]
            }

            def Cylinder "Petiolule_0" (
                prepend apiSchemas = ["PhysicsCollisionAPI"]
            )
            {
                uniform token axis = "Z"
                double height = 0.01
                rel material:binding = </Plant_1/Materials/Leaf>
                double radius = 0.0009031571400000001
                matrix4d xformOp:transform = ( (0.16064560780738846, -0.9870121522515286, 0, 0), (0.21699097998550732, 0.035317344157287905, 0.9755345200486782, 0), (-0.9628644262289079, -0.1567153359103089, 0.2198463103929542, 0), (-0.02298763684848985, 0.015869198131181605, 0.05193904362870289, 1) )
                uniform token[] xformOpOrder = ["xformOp:transform"]
            }

            def Mesh "Blade_0" (
                prepend apiSchemas = ["PhysicsCollisionAPI", "PhysicsMeshCollisionAPI"]
            )
            {
                int[] faceVertexCounts = [3, 3, 3, 3, 3, 3, 3, 3, 3, 3, 3, 3, 3, 3]
                int[] faceVertexIndices = [0, 1, 2, 0, 2, 3, 0, 3, 4, 0, 4, 5, 0, 5, 6, 0, 6, 7, 0, 7, 8, 0, 8, 9, 0, 9, 10, 0, 10, 11, 0, 11, 12, 0, 12, 13, 0, 13, 14, 0, 14, 15]
                rel material:binding = </Plant_1/Materials/Leaf>
                uniform token physics:approximation = "convexHull"
                point3f[] points = [(0, 0, 0), (0.003270987, 0.0030969207, 0), (0.0057812133, 0.0061938413, 0), (0.0072101774, 0.009290762, 0), (0.0074326093, 0.012387683, 0), (0.006523494, 0.015484603, 0), (0.0047300835, 0.018581524, 0), (0.002417686, 0.021678444, 0), (0, 0.024775365, 0), (-0.002417686, 0.021678444, 0), (-0.0047300835, 0.018581524, 0), (-0.006523494, 0.015484603, 0), (-0.0074326093, 0.012387683, 0), (-0.0072101774, 0.009290762, 0), (-0.0057812133, 0.0061938413, 0), (-0.003270987, 0.0030969207, 0)]
                uniform token subdivisionScheme = "none"
                matrix4d xformOp:transform = ( (-0.16064560780738846, 0.9870121522515286, 0, 0), (-0.9628644262289079, -0.1567153359103089, 0.2198463103929542, 0), (0.21699097998550732, 0.035317344157287905, 0.9755345200486782, 0), (-0.02780195897963439, 0.01508562145163006, 0.053038275180667664, 1) )
                uniform token[] xformOpOrder = ["xformOp:transform"]
            }

            def Cylinder "Petiolule_1" (
                prepend apiSchemas = ["PhysicsCollisionAPI"]
            )
            {
                uniform token axis = "Z"
                double height = 0.01
                rel material:binding = </Plant_1/Materials/Leaf>
                double radius = 0.0009031571400000001
                matrix4d xformOp:transform = ( (-0.9972574602926975, 0.07401052553899984, 0, 0), (-0.016270940969992622, -0.21924337315719755, 0.9755345200486782, 0), (0.07219982251023865, 0.9728590778916004, 0.2198463103929542, 0), (-0.017812315604794116, 0.02151707020019115, 0.05193904362870289, 1) )
                uniform token[] xformOpOrder = ["xformOp:transform"]
            }

            def Mesh "Blade_1" (
                prepend apiSchemas = ["PhysicsCollisionAPI", "PhysicsMeshCollisionAPI"]
            )
            {
                int[] faceVertexCounts = [3, 3, 3, 3, 3, 3, 3, 3, 3, 3, 3, 3, 3, 3]
                int[] faceVertexIndices = [0, 1, 2, 0, 2, 3, 0, 3, 4, 0, 4, 5, 0, 5, 6, 0, 6, 7, 0, 7, 8, 0, 8, 9, 0, 9, 10, 0, 10, 11, 0, 11, 12, 0, 12, 13, 0, 13, 14, 0, 14, 15]
                rel material:binding = </Plant_1/Materials/Leaf>
                uniform token physics:approximation = "convexHull"
                point3f[] points = [(0, 0, 0), (0.003270987, 0.0030969207, 0), (0.0057812133, 0.0061938413, 0), (0.0072101774, 0.009290762, 0), (0.0074326093, 0.012387683, 0), (0.006523494, 0.015484603, 0), (0.0047300835, 0.018581524, 0), (0.002417686, 0.021678444, 0), (0, 0.024775365, 0), (-0.002417686, 0.021678444, 0), (-0.0047300835, 0.018581524, 0), (-0.006523494, 0.015484603, 0), (-0.0074326093, 0.012387683, 0), (-0.0072101774, 0.009290762, 0), (-0.0057812133, 0.0061938413, 0), (-0.003270987, 0.0030969207, 0)]
                uniform token subdivisionScheme = "none"
                matrix4d xformOp:transform = ( (0.9972574602926975, -0.07401052553899984, 0, 0), (0.07219982251023865, 0.9728590778916004, 0.2198463103929542, 0), (-0.016270940969992622, -0.21924337315719755, 0.9755345200486782, 0), (-0.017451316492242925, 0.026381365589649153, 0.053038275180667664, 1) )
                uniform token[] xformOpOrder = ["xformOp:transform"]
            }

            def Cylinder "Petiolule_2" (
                prepend apiSchemas = ["PhysicsCollisionAPI"]
            )
            {
                uniform token axis = "Z"
                double height = 0.01
                rel material:binding = </Plant_1/Materials/Leaf>
                double radius = 0.0009031571400000001
                matrix4d xformOp:transform = ( (0.16064560780738846, -0.9870121522515286, 0, 0), (0.21699097998550732, 0.035317344157287905, 0.9755345200486782, 0), (-0.9628644262289079, -0.1567153359103089, 0.2198463103929542, 0), (-0.04954351479930717, 0.040203176950917456, 0.06504883099952084, 1) )
                uniform token[] xformOpOrder = ["xformOp:transform"]
            }

            def Mesh "Blade_2" (
                prepend apiSchemas = ["PhysicsCollisionAPI", "PhysicsMeshCollisionAPI"]
            )
            {
                int[] faceVertexCounts = [3, 3, 3, 3, 3, 3, 3, 3, 3, 3, 3, 3, 3, 3]
                int[] faceVertexIndices = [0, 1, 2, 0, 2, 3, 0, 3, 4, 0, 4, 5, 0, 5, 6, 0, 6, 7, 0, 7, 8, 0, 8, 9, 0, 9, 10, 0, 10, 11, 0, 11, 12, 0, 12, 13, 0, 13, 14, 0, 14, 15]
                rel material:binding = </Plant_1/Materials/Leaf>
                uniform token physics:approximation = "convexHull"
                point3f[] points = [(0, 0, 0), (0.003270987, 0.0030969207, 0), (0.0057812133, 0.0061938413, 0), (0.0072101774, 0.009290762, 0), (0.0074326093, 0.012387683, 0), (0.006523494, 0.015484603, 0), (0.0047300835, 0.018581524, 0), (0.002417686, 0.021678444, 0), (0, 0.024775365, 0), (-0.002417686, 0.021678444, 0), (-0.0047300835, 0.018581524, 0), (-0.006523494, 0.015484603, 0), (-0.0074326093, 0.012387683, 0), (-0.0072101774, 0.009290762, 0), (-0.0057812133, 0.0061938413, 0), (-0.003270987, 0.0030969207, 0)]
                uniform token subdivisionScheme = "none"
                matrix4d xformOp:transform = ( (-0.16064560780738846, 0.9870121522515286, 0, 0), (-0.9628644262289079, -0.1567153359103089, 0.2198463103929542, 0), (0.21699097998550732, 0.035317344157287905, 0.9755345200486782, 0), (-0.05435783693045171, 0.03941960027136591, 0.06614806255148561, 1) )
                uniform token[] xformOpOrder = ["xformOp:transform"]
            }

            def Cylinder "Petiolule_3" (
                prepend apiSchemas = ["PhysicsCollisionAPI"]
            )
            {
                uniform token axis = "Z"
                double height = 0.01
                rel material:binding = </Plant_1/Materials/Leaf>
                double radius = 0.0009031571400000001
                matrix4d xformOp:transform = ( (-0.9972574602926975, 0.07401052553899984, 0, 0), (-0.016270940969992622, -0.21924337315719755, 0.9755345200486782, 0), (0.07219982251023865, 0.9728590778916004, 0.2198463103929542, 0), (-0.04436819355561144, 0.045851049019927, 0.06504883099952084, 1) )
                uniform token[] xformOpOrder = ["xformOp:transform"]
            }

            def Mesh "Blade_3" (
                prepend apiSchemas = ["PhysicsCollisionAPI", "PhysicsMeshCollisionAPI"]
            )
            {
                int[] faceVertexCounts = [3, 3, 3, 3, 3, 3, 3, 3, 3, 3, 3, 3, 3, 3]
                int[] faceVertexIndices = [0, 1, 2, 0, 2, 3, 0, 3, 4, 0, 4, 5, 0, 5, 6, 0, 6, 7, 0, 7, 8, 0, 8, 9, 0, 9, 10, 0, 10, 11, 0, 11, 12, 0, 12, 13, 0, 13, 14, 0, 14, 15]
                rel material:binding = </Plant_1/Materials/Leaf>
                uniform token physics:approximation = "convexHull"
                point3f[] points = [(0, 0, 0), (0.003270987, 0.0030969207, 0), (0.0057812133, 0.0061938413, 0), (0.0072101774, 0.009290762, 0), (0.0074326093, 0.012387683, 0), (0.006523494, 0.015484603, 0), (0.0047300835, 0.018581524, 0), (0.002417686, 0.021678444, 0), (0, 0.024775365, 0), (-0.002417686, 0.021678444, 0), (-0.0047300835, 0.018581524, 0), (-0.006523494, 0.015484603, 0), (-0.0074326093, 0.012387683, 0), (-0.0072101774, 0.009290762, 0), (-0.0057812133, 0.0061938413, 0), (-0.003270987, 0.0030969207, 0)]
                uniform token subdivisionScheme = "none"
                matrix4d xformOp:transform = ( (0.9972574602926975, -0.07401052553899984, 0, 0), (0.07219982251023865, 0.9728590778916004, 0.2198463103929542, 0), (-0.016270940969992622, -0.21924337315719755, 0.9755345200486782, 0), (-0.04400719444306024, 0.050715344409385, 0.06614806255148561, 1) )
                uniform token[] xformOpOrder = ["xformOp:transform"]
            }

            def Cylinder "Petiolule_term" (
                prepend apiSchemas = ["PhysicsCollisionAPI"]
            )
            {
                uniform token axis = "Z"
                double height = 0.01
                rel material:binding = </Plant_1/Materials/Leaf>
                double radius = 0.0009031571400000001
                matrix4d xformOp:transform = ( (-0.6755902076156604, -0.737277336810124, 0, 0), (0.25216370040656594, -0.23106545963812644, 0.9396926207859084, 0), (-0.6928140728731603, 0.6348471327716558, 0.3420201433256687, 0), (-0.06441570269367833, 0.05902611647445557, 0.07366819963791595, 1) )
                uniform token[] xformOpOrder = ["xformOp:transform"]
            }

            def Mesh "Blade_4" (
                prepend apiSchemas = ["PhysicsCollisionAPI", "PhysicsMeshCollisionAPI"]
            )
            {
                int[] faceVertexCounts = [3, 3, 3, 3, 3, 3, 3, 3, 3, 3, 3, 3, 3, 3]
                int[] faceVertexIndices = [0, 1, 2, 0, 2, 3, 0, 3, 4, 0, 4, 5, 0, 5, 6, 0, 6, 7, 0, 7, 8, 0, 8, 9, 0, 9, 10, 0, 10, 11, 0, 11, 12, 0, 12, 13, 0, 13, 14, 0, 14, 15]
                rel material:binding = </Plant_1/Materials/Leaf>
                uniform token physics:approximation = "convexHull"
                point3f[] points = [(0, 0, 0), (0.003270987, 0.0030969207, 0), (0.0057812133, 0.0061938413, 0), (0.0072101774, 0.009290762, 0), (0.0074326093, 0.012387683, 0), (0.006523494, 0.015484603, 0), (0.0047300835, 0.018581524, 0), (0.002417686, 0.021678444, 0), (0, 0.024775365, 0), (-0.002417686, 0.021678444, 0), (-0.0047300835, 0.018581524, 0), (-0.006523494, 0.015484603, 0), (-0.0074326093, 0.012387683, 0), (-0.0072101774, 0.009290762, 0), (-0.0057812133, 0.0061938413, 0), (-0.003270987, 0.0030969207, 0)]
                uniform token subdivisionScheme = "none"
                matrix4d xformOp:transform = ( (0.6755902076156604, 0.737277336810124, -0, 0), (-0.6928140728731603, 0.6348471327716558, 0.3420201433256687, 0), (0.25216370040656594, -0.23106545963812644, 0.9396926207859084, 0), (-0.06787977305804413, 0.06220035213831385, 0.07537830035454429, 1) )
                uniform token[] xformOpOrder = ["xformOp:transform"]
            }
        }

        def Xform "Leaf_o1_r1_i3" (
            prepend apiSchemas = ["PhysicsRigidBodyAPI", "PhysicsMassAPI", "PhysicsFilteredPairsAPI"]
        )
        {
            prepend rel physics:filteredPairs = </Plant_1/Stem/Internode_o1_r1>
            float physics:mass = 0.05

            def Cylinder "Petiole" (
                prepend apiSchemas = ["PhysicsCollisionAPI"]
            )
            {
                uniform token axis = "Z"
                double height = 0.026231157
                rel material:binding = </Plant_1/Materials/Leaf>
                double radius = 0.00225789285
                matrix4d xformOp:transform = ( (-0.6755902076156604, -0.737277336810124, 0, 0), (0.25216370040656594, -0.23106545963812644, 0.9396926207859084, 0), (-0.6928140728731603, 0.6348471327716558, 0.3420201433256687, 0), (-0.009086657358672656, 0.008326387405366575, 0.04635402003836906, 1) )
                uniform token[] xformOpOrder = ["xformOp:transform"]
            }

            def Cylinder "Rachis" (
                prepend apiSchemas = ["PhysicsCollisionAPI"]
            )
            {
                uniform token axis = "Z"
                double height = 0.06174574
                rel material:binding = </Plant_1/Materials/Leaf>
                double radius = 0.0013547357100000001
                matrix4d xformOp:transform = ( (-0.6755902076156604, -0.737277336810124, 0, 0), (0.25216370040656594, -0.23106545963812644, 0.9396926207859084, 0), (-0.6928140728731603, 0.6348471327716558, 0.3420201433256687, 0), (-0.039562473523328916, 0.036252327810665216, 0.06139895549901286, 1) )
                uniform token[] xformOpOrder = ["xformOp:transform"]
            }

            def Cylinder "Petiolule_0" (
                prepend apiSchemas = ["PhysicsCollisionAPI"]
            )
            {
                uniform token axis = "Z"
                double height = 0.01
                rel material:binding = </Plant_1/Materials/Leaf>
                double radius = 0.0009031571400000001
                matrix4d xformOp:transform = ( (0.16064560780738846, -0.9870121522515286, 0, 0), (0.21699097998550732, 0.035317344157287905, 0.9755345200486782, 0), (-0.9628644262289079, -0.1567153359103089, 0.2198463103929542, 0), (-0.02298763684848985, 0.015869198131181605, 0.05193904362870289, 1) )
                uniform token[] xformOpOrder = ["xformOp:transform"]
            }

            def Mesh "Blade_0" (
                prepend apiSchemas = ["PhysicsCollisionAPI", "PhysicsMeshCollisionAPI"]
            )
            {
                int[] faceVertexCounts = [3, 3, 3, 3, 3, 3, 3, 3, 3, 3, 3, 3, 3, 3]
                int[] faceVertexIndices = [0, 1, 2, 0, 2, 3, 0, 3, 4, 0, 4, 5, 0, 5, 6, 0, 6, 7, 0, 7, 8, 0, 8, 9, 0, 9, 10, 0, 10, 11, 0, 11, 12, 0, 12, 13, 0, 13, 14, 0, 14, 15]
                rel material:binding = </Plant_1/Materials/Leaf>
                uniform token physics:approximation = "convexHull"
                point3f[] points = [(0, 0, 0), (0.003270987, 0.0030969207, 0), (0.0057812133, 0.0061938413, 0), (0.0072101774, 0.009290762, 0), (0.0074326093, 0.012387683, 0), (0.006523494, 0.015484603, 0), (0.0047300835, 0.018581524, 0), (0.002417686, 0.021678444, 0), (0, 0.024775365, 0), (-0.002417686, 0.021678444, 0), (-0.0047300835, 0.018581524, 0), (-0.006523494, 0.015484603, 0), (-0.0074326093, 0.012387683, 0), (-0.0072101774, 0.009290762, 0), (-0.0057812133, 0.0061938413, 0), (-0.003270987, 0.0030969207, 0)]
                uniform token subdivisionScheme = "none"
                matrix4d xformOp:transform = ( (-0.16064560780738846, 0.9870121522515286, 0, 0), (-0.9628644262289079, -0.1567153359103089, 0.2198463103929542, 0), (0.21699097998550732, 0.035317344157287905, 0.9755345200486782, 0), (-0.02780195897963439, 0.01508562145163006, 0.053038275180667664, 1) )
                uniform token[] xformOpOrder = ["xformOp:transform"]
            }

            def Cylinder "Petiolule_1" (
                prepend apiSchemas = ["PhysicsCollisionAPI"]
            )
            {
                uniform token axis = "Z"
                double height = 0.01
                rel material:binding = </Plant_1/Materials/Leaf>
                double radius = 0.0009031571400000001
                matrix4d xformOp:transform = ( (-0.9972574602926975, 0.07401052553899984, 0, 0), (-0.016270940969992622, -0.21924337315719755, 0.9755345200486782, 0), (0.07219982251023865, 0.9728590778916004, 0.2198463103929542, 0), (-0.017812315604794116, 0.02151707020019115, 0.05193904362870289, 1) )
                uniform token[] xformOpOrder = ["xformOp:transform"]
            }

            def Mesh "Blade_1" (
                prepend apiSchemas = ["PhysicsCollisionAPI", "PhysicsMeshCollisionAPI"]
            )
            {
                int[] faceVertexCounts = [3, 3, 3, 3, 3, 3, 3, 3, 3, 3, 3, 3, 3, 3]
                int[] faceVertexIndices = [0, 1, 2, 0, 2, 3, 0, 3, 4, 0, 4, 5, 0, 5, 6, 0, 6, 7, 0, 7, 8, 0, 8, 9, 0, 9, 10, 0, 10, 11, 0, 11, 12, 0, 12, 13, 0, 13, 14, 0, 14, 15]
                rel material:binding = </Plant_1/Materials/Leaf>
                uniform token physics:approximation = "convexHull"
                point3f[] points = [(0, 0, 0), (0.003270987, 0.0030969207, 0), (0.0057812133, 0.0061938413, 0), (0.0072101774, 0.009290762, 0), (0.0074326093, 0.012387683, 0), (0.006523494, 0.015484603, 0), (0.0047300835, 0.018581524, 0), (0.002417686, 0.021678444, 0), (0, 0.024775365, 0), (-0.002417686, 0.021678444, 0), (-0.0047300835, 0.018581524, 0), (-0.006523494, 0.015484603, 0), (-0.0074326093, 0.012387683, 0), (-0.0072101774, 0.009290762, 0), (-0.0057812133, 0.0061938413, 0), (-0.003270987, 0.0030969207, 0)]
                uniform token subdivisionScheme = "none"
                matrix4d xformOp:transform = ( (0.9972574602926975, -0.07401052553899984, 0, 0), (0.07219982251023865, 0.9728590778916004, 0.2198463103929542, 0), (-0.016270940969992622, -0.21924337315719755, 0.9755345200486782, 0), (-0.017451316492242925, 0.026381365589649153, 0.053038275180667664, 1) )
                uniform token[] xformOpOrder = ["xformOp:transform"]
            }

            def Cylinder "Petiolule_2" (
                prepend apiSchemas = ["PhysicsCollisionAPI"]
            )
            {
                uniform token axis = "Z"
                double height = 0.01
                rel material:binding = </Plant_1/Materials/Leaf>
                double radius = 0.0009031571400000001
                matrix4d xformOp:transform = ( (0.16064560780738846, -0.9870121522515286, 0, 0), (0.21699097998550732, 0.035317344157287905, 0.9755345200486782, 0), (-0.9628644262289079, -0.1567153359103089, 0.2198463103929542, 0), (-0.04954351479930717, 0.040203176950917456, 0.06504883099952084, 1) )
                uniform token[] xformOpOrder = ["xformOp:transform"]
            }

            def Mesh "Blade_2" (
                prepend apiSchemas = ["PhysicsCollisionAPI", "PhysicsMeshCollisionAPI"]
            )
            {
                int[] faceVertexCounts = [3, 3, 3, 3, 3, 3, 3, 3, 3, 3, 3, 3, 3, 3]
                int[] faceVertexIndices = [0, 1, 2, 0, 2, 3, 0, 3, 4, 0, 4, 5, 0, 5, 6, 0, 6, 7, 0, 7, 8, 0, 8, 9, 0, 9, 10, 0, 10, 11, 0, 11, 12, 0, 12, 13, 0, 13, 14, 0, 14, 15]
                rel material:binding = </Plant_1/Materials/Leaf>
                uniform token physics:approximation = "convexHull"
                point3f[] points = [(0, 0, 0), (0.003270987, 0.0030969207, 0), (0.0057812133, 0.0061938413, 0), (0.0072101774, 0.009290762, 0), (0.0074326093, 0.012387683, 0), (0.006523494, 0.015484603, 0), (0.0047300835, 0.018581524, 0), (0.002417686, 0.021678444, 0), (0, 0.024775365, 0), (-0.002417686, 0.021678444, 0), (-0.0047300835, 0.018581524, 0), (-0.006523494, 0.015484603, 0), (-0.0074326093, 0.012387683, 0), (-0.0072101774, 0.009290762, 0), (-0.0057812133, 0.0061938413, 0), (-0.003270987, 0.0030969207, 0)]
                uniform token subdivisionScheme = "none"
                matrix4d xformOp:transform = ( (-0.16064560780738846, 0.9870121522515286, 0, 0), (-0.9628644262289079, -0.1567153359103089, 0.2198463103929542, 0), (0.21699097998550732, 0.035317344157287905, 0.9755345200486782, 0), (-0.05435783693045171, 0.03941960027136591, 0.06614806255148561, 1) )
                uniform token[] xformOpOrder = ["xformOp:transform"]
            }

            def Cylinder "Petiolule_3" (
                prepend apiSchemas = ["PhysicsCollisionAPI"]
            )
            {
                uniform token axis = "Z"
                double height = 0.01
                rel material:binding = </Plant_1/Materials/Leaf>
                double radius = 0.0009031571400000001
                matrix4d xformOp:transform = ( (-0.9972574602926975, 0.07401052553899984, 0, 0), (-0.016270940969992622, -0.21924337315719755, 0.9755345200486782, 0), (0.07219982251023865, 0.9728590778916004, 0.2198463103929542, 0), (-0.04436819355561144, 0.045851049019927, 0.06504883099952084, 1) )
                uniform token[] xformOpOrder = ["xformOp:transform"]
            }

            def Mesh "Blade_3" (
                prepend apiSchemas = ["PhysicsCollisionAPI", "PhysicsMeshCollisionAPI"]
            )
            {
                int[] faceVertexCounts = [3, 3, 3, 3, 3, 3, 3, 3, 3, 3, 3, 3, 3, 3]
                int[] faceVertexIndices = [0, 1, 2, 0, 2, 3, 0, 3, 4, 0, 4, 5, 0, 5, 6, 0, 6, 7, 0, 7, 8, 0, 8, 9, 0, 9, 10, 0, 10, 11, 0, 11, 12, 0, 12, 13, 0, 13, 14, 0, 14, 15]
                rel material:binding = </Plant_1/Materials/Leaf>
                uniform token physics:approximation = "convexHull"
                point3f[] points = [(0, 0, 0), (0.003270987, 0.0030969207, 0), (0.0057812133, 0.0061938413, 0), (0.0072101774, 0.009290762, 0), (0.0074326093, 0.012387683, 0), (0.006523494, 0.015484603, 0), (0.0047300835, 0.018581524, 0), (0.002417686, 0.021678444, 0), (0, 0.024775365, 0), (-0.002417686, 0.021678444, 0), (-0.0047300835, 0.018581524, 0), (-0.006523494, 0.015484603, 0), (-0.0074326093, 0.012387683, 0), (-0.0072101774, 0.009290762, 0), (-0.0057812133, 0.0061938413, 0), (-0.003270987, 0.0030969207, 0)]
                uniform token subdivisionScheme = "none"
                matrix4d xformOp:transform = ( (0.9972574602926975, -0.07401052553899984, 0, 0), (0.07219982251023865, 0.9728590778916004, 0.2198463103929542, 0), (-0.016270940969992622, -0.21924337315719755, 0.9755345200486782, 0), (-0.04400719444306024, 0.050715344409385, 0.06614806255148561, 1) )
                uniform token[] xformOpOrder = ["xformOp:transform"]
            }

            def Cylinder "Petiolule_term" (
                prepend apiSchemas = ["PhysicsCollisionAPI"]
            )
            {
                uniform token axis = "Z"
                double height = 0.01
                rel material:binding = </Plant_1/Materials/Leaf>
                double radius = 0.0009031571400000001
                matrix4d xformOp:transform = ( (-0.6755902076156604, -0.737277336810124, 0, 0), (0.25216370040656594, -0.23106545963812644, 0.9396926207859084, 0), (-0.6928140728731603, 0.6348471327716558, 0.3420201433256687, 0), (-0.06441570269367833, 0.05902611647445557, 0.07366819963791595, 1) )
                uniform token[] xformOpOrder = ["xformOp:transform"]
            }

            def Mesh "Blade_4" (
                prepend apiSchemas = ["PhysicsCollisionAPI", "PhysicsMeshCollisionAPI"]
            )
            {
                int[] faceVertexCounts = [3, 3, 3, 3, 3, 3, 3, 3, 3, 3, 3, 3, 3, 3]
                int[] faceVertexIndices = [0, 1, 2, 0, 2, 3, 0, 3, 4, 0, 4, 5, 0, 5, 6, 0, 6, 7, 0, 7, 8, 0, 8, 9, 0, 9, 10, 0, 10, 11, 0, 11, 12, 0, 12, 13, 0, 13, 14, 0, 14, 15]
                rel material:binding = </Plant_1/Materials/Leaf>
                uniform token physics:approximation = "convexHull"
                point3f[] points = [(0, 0, 0), (0.003270987, 0.0030969207, 0), (0.0057812133, 0.0061938413, 0), (0.0072101774, 0.009290762, 0), (0.0074326093, 0.012387683, 0), (0.006523494, 0.015484603, 0), (0.0047300835, 0.018581524, 0), (0.002417686, 0.021678444, 0), (0, 0.024775365, 0), (-0.002417686, 0.021678444, 0), (-0.0047300835, 0.018581524, 0), (-0.006523494, 0.015484603, 0), (-0.0074326093, 0.012387683, 0), (-0.0072101774, 0.009290762, 0), (-0.0057812133, 0.0061938413, 0), (-0.003270987, 0.0030969207, 0)]
                uniform token subdivisionScheme = "none"
                matrix4d xformOp:transform = ( (0.6755902076156604, 0.737277336810124, -0, 0), (-0.6928140728731603, 0.6348471327716558, 0.3420201433256687, 0), (0.25216370040656594, -0.23106545963812644, 0.9396926207859084, 0), (-0.06787977305804413, 0.06220035213831385, 0.07537830035454429, 1) )
                uniform token[] xformOpOrder = ["xformOp:transform"]
            }
        }

        def Xform "Leaf_o0_r6_i0" (
            prepend apiSchemas = ["PhysicsRigidBodyAPI", "PhysicsMassAPI", "PhysicsFilteredPairsAPI"]
        )
        {
            prepend rel physics:filteredPairs = </Plant_1/Stem/Internode_o0_r6>
            float physics:mass = 0.05

            def Cylinder "Petiole" (
                prepend apiSchemas = ["PhysicsCollisionAPI"]
            )
            {
                uniform token axis = "Z"
                double height = 0.034439
                rel material:binding = </Plant_1/Materials/Leaf>
                double radius = 0.00280991265
                matrix4d xformOp:transform = ( (-0.9659258262890683, -0.25881904510252085, 0, 0), (0.0885213269013769, -0.33036608954935215, 0.9396926207859085, 0), (-0.24321034680169407, 0.9076733711903687, 0.3420201433256687, 0), (-0.004187960566751771, 0.015629681615212554, 0.13272836285799636, 1) )
                uniform token[] xformOpOrder = ["xformOp:transform"]
            }

            def Cylinder "Rachis" (
                prepend apiSchemas = ["PhysicsCollisionAPI"]
            )
            {
                uniform token axis = "Z"
                double height = 0.1423922
                rel material:binding = </Plant_1/Materials/Leaf>
                double radius = 0.00168594759
                matrix4d xformOp:transform = ( (-0.9659258262890683, -0.25881904510252085, 0, 0), (0.0885213269013769, -0.33036608954935215, 0.9396926207859085, 0), (-0.24321034680169407, 0.9076733711903687, 0.3420201433256687, 0), (-0.025691549305431632, 0.09588216733303172, 0.16296827904222136, 1) )
                uniform token[] xformOpOrder = ["xformOp:transform"]
            }

            def Cylinder "Petiolule_0" (
                prepend apiSchemas = ["PhysicsCollisionAPI"]
            )
            {
                uniform token axis = "Z"
                double height = 0.01
                rel material:binding = </Plant_1/Materials/Leaf>
                double radius = 0.00112396506
                matrix4d xformOp:transform = ( (-0.3948341114061387, -0.9187524282798522, 0, 0), (0.20198433152189277, -0.08680282260992023, 0.9755345200486782, 0), (-0.8962747091655432, 0.38517430536943387, 0.2198463103929542, 0), (-0.012857294679331256, 0.03318523475727228, 0.13971701026795746, 1) )
                uniform token[] xformOpOrder = ["xformOp:transform"]
            }

            def Mesh "Blade_0" (
                prepend apiSchemas = ["PhysicsCollisionAPI", "PhysicsMeshCollisionAPI"]
            )
            {
                int[] faceVertexCounts = [3, 3, 3, 3, 3, 3, 3, 3, 3, 3, 3, 3, 3, 3]
                int[] faceVertexIndices = [0, 1, 2, 0, 2, 3, 0, 3, 4, 0, 4, 5, 0, 5, 6, 0, 6, 7, 0, 7, 8, 0, 8, 9, 0, 9, 10, 0, 10, 11, 0, 11, 12, 0, 12, 13, 0, 13, 14, 0, 14, 15]
                rel material:binding = </Plant_1/Materials/Leaf>
                uniform token physics:approximation = "convexHull"
                point3f[] points = [(0, 0, 0), (0.006012807, 0.005692834, 0), (0.010627165, 0.011385668, 0), (0.013253922, 0.017078502, 0), (0.013662802, 0.022771336, 0), (0.011991643, 0.02846417, 0), (0.008694954, 0.034157004, 0), (0.0044442485, 0.03984984, 0), (0, 0.045542672, 0), (-0.0044442485, 0.03984984, 0), (-0.008694954, 0.034157004, 0), (-0.011991643, 0.02846417, 0), (-0.013662802, 0.022771336, 0), (-0.013253922, 0.017078502, 0), (-0.010627165, 0.011385668, 0), (-0.006012807, 0.005692834, 0)]
                uniform token subdivisionScheme = "none"
                matrix4d xformOp:transform = ( (0.3948341114061387, 0.9187524282798522, -0, 0), (-0.8962747091655432, 0.38517430536943387, 0.2198463103929542, 0), (0.20198433152189277, -0.08680282260992023, 0.9755345200486782, 0), (-0.017338668225158973, 0.035111106284119446, 0.14081624181992225, 1) )
                uniform token[] xformOpOrder = ["xformOp:transform"]
            }

            def Cylinder "Petiolule_1" (
                prepend apiSchemas = ["PhysicsCollisionAPI"]
            )
            {
                uniform token axis = "Z"
                double height = 0.01
                rel material:binding = </Plant_1/Materials/Leaf>
                double radius = 0.00112396506
                matrix4d xformOp:transform = ( (-0.8013125848982975, 0.5982458869759231, 0, 0), (-0.13152215095941697, -0.17616561526133157, 0.9755345200486782, 0), (0.5836095142221529, 0.7817080879177263, 0.2198463103929542, 0), (-0.005457873562392777, 0.03516790367001374, 0.13971701026795746, 1) )
                uniform token[] xformOpOrder = ["xformOp:transform"]
            }

            def Mesh "Blade_1" (
                prepend apiSchemas = ["PhysicsCollisionAPI", "PhysicsMeshCollisionAPI"]
            )
            {
                int[] faceVertexCounts = [3, 3, 3, 3, 3, 3, 3, 3, 3, 3, 3, 3, 3, 3]
                int[] faceVertexIndices = [0, 1, 2, 0, 2, 3, 0, 3, 4, 0, 4, 5, 0, 5, 6, 0, 6, 7, 0, 7, 8, 0, 8, 9, 0, 9, 10, 0, 10, 11, 0, 11, 12, 0, 12, 13, 0, 13, 14, 0, 14, 15]
                rel material:binding = </Plant_1/Materials/Leaf>
                uniform token physics:approximation = "convexHull"
                point3f[] points = [(0, 0, 0), (0.006012807, 0.005692834, 0), (0.010627165, 0.011385668, 0), (0.013253922, 0.017078502, 0), (0.013662802, 0.022771336, 0), (0.011991643, 0.02846417, 0), (0.008694954, 0.034157004, 0), (0.0044442485, 0.03984984, 0), (0, 0.045542672, 0), (-0.0044442485, 0.03984984, 0), (-0.008694954, 0.034157004, 0), (-0.011991643, 0.02846417, 0), (-0.013662802, 0.022771336, 0), (-0.013253922, 0.017078502, 0), (-0.010627165, 0.011385668, 0), (-0.006012807, 0.005692834, 0)]
                uniform token subdivisionScheme = "none"
                matrix4d xformOp:transform = ( (0.8013125848982975, -0.5982458869759231, 0, 0), (0.5836095142221529, 0.7817080879177263, 0.2198463103929542, 0), (-0.13152215095941697, -0.17616561526133157, 0.9755345200486782, 0), (-0.002539825991282012, 0.03907644410960237, 0.14081624181992225, 1) )
                uniform token[] xformOpOrder = ["xformOp:transform"]
            }

            def Cylinder "Petiolule_2" (
                prepend apiSchemas = ["PhysicsCollisionAPI"]
            )
            {
                uniform token axis = "Z"
                double height = 0.01
                rel material:binding = </Plant_1/Materials/Leaf>
                double radius = 0.00112396506
                matrix4d xformOp:transform = ( (-0.3948341114061387, -0.9187524282798522, 0, 0), (0.20198433152189277, -0.08680282260992023, 0.9755345200486782, 0), (-0.8962747091655432, 0.38517430536943387, 0.2198463103929542, 0), (-0.024886350017079933, 0.07807828044480793, 0.15663314597020936, 1) )
                uniform token[] xformOpOrder = ["xformOp:transform"]
            }

            def Mesh "Blade_2" (
                prepend apiSchemas = ["PhysicsCollisionAPI", "PhysicsMeshCollisionAPI"]
            )
            {
                int[] faceVertexCounts = [3, 3, 3, 3, 3, 3, 3, 3, 3, 3, 3, 3, 3, 3]
                int[] faceVertexIndices = [0, 1, 2, 0, 2, 3, 0, 3, 4, 0, 4, 5, 0, 5, 6, 0, 6, 7, 0, 7, 8, 0, 8, 9, 0, 9, 10, 0, 10, 11, 0, 11, 12, 0, 12, 13, 0, 13, 14, 0, 14, 15]
                rel material:binding = </Plant_1/Materials/Leaf>
                uniform token physics:approximation = "convexHull"
                point3f[] points = [(0, 0, 0), (0.006012807, 0.005692834, 0), (0.010627165, 0.011385668, 0), (0.013253922, 0.017078502, 0), (0.013662802, 0.022771336, 0), (0.011991643, 0.02846417, 0), (0.008694954, 0.034157004, 0), (0.0044442485, 0.03984984, 0), (0, 0.045542672, 0), (-0.0044442485, 0.03984984, 0), (-0.008694954, 0.034157004, 0), (-0.011991643, 0.02846417, 0), (-0.013662802, 0.022771336, 0), (-0.013253922, 0.017078502, 0), (-0.010627165, 0.011385668, 0), (-0.006012807, 0.005692834, 0)]
                uniform token subdivisionScheme = "none"
                matrix4d xformOp:transform = ( (0.3948341114061387, 0.9187524282798522, -0, 0), (-0.8962747091655432, 0.38517430536943387, 0.2198463103929542, 0), (0.20198433152189277, -0.08680282260992023, 0.9755345200486782, 0), (-0.02936772356290765, 0.0800041519716551, 0.15773237752217414, 1) )
                uniform token[] xformOpOrder = ["xformOp:transform"]
            }

            def Cylinder "Petiolule_3" (
                prepend apiSchemas = ["PhysicsCollisionAPI"]
            )
            {
                uniform token axis = "Z"
                double height = 0.01
                rel material:binding = </Plant_1/Materials/Leaf>
                double radius = 0.00112396506
                matrix4d xformOp:transform = ( (-0.8013125848982975, 0.5982458869759231, 0, 0), (-0.13152215095941697, -0.17616561526133157, 0.9755345200486782, 0), (0.5836095142221529, 0.7817080879177263, 0.2198463103929542, 0), (-0.017486928900141453, 0.08006094935754939, 0.15663314597020936, 1) )
                uniform token[] xformOpOrder = ["xformOp:transform"]
            }

            def Mesh "Blade_3" (
                prepend apiSchemas = ["PhysicsCollisionAPI", "PhysicsMeshCollisionAPI"]
            )
            {
                int[] faceVertexCounts = [3, 3, 3, 3, 3, 3, 3, 3, 3, 3, 3, 3, 3, 3]
                int[] faceVertexIndices = [0, 1, 2, 0, 2, 3, 0, 3, 4, 0, 4, 5, 0, 5, 6, 0, 6, 7, 0, 7, 8, 0, 8, 9, 0, 9, 10, 0, 10, 11, 0, 11, 12, 0, 12, 13, 0, 13, 14, 0, 14, 15]
                rel material:binding = </Plant_1/Materials/Leaf>
                uniform token physics:approximation = "convexHull"
                point3f[] points = [(0, 0, 0), (0.006012807, 0.005692834, 0), (0.010627165, 0.011385668, 0), (0.013253922, 0.017078502, 0), (0.013662802, 0.022771336, 0), (0.011991643, 0.02846417, 0), (0.008694954, 0.034157004, 0), (0.0044442485, 0.03984984, 0), (0, 0.045542672, 0), (-0.0044442485, 0.03984984, 0), (-0.008694954, 0.034157004, 0), (-0.011991643, 0.02846417, 0), (-0.013662802, 0.022771336, 0), (-0.013253922, 0.017078502, 0), (-0.010627165, 0.011385668, 0), (-0.006012807, 0.005692834, 0)]
                uniform token subdivisionScheme = "none"
                matrix4d xformOp:transform = ( (0.8013125848982975, -0.5982458869759231, 0, 0), (0.5836095142221529, 0.7817080879177263, 0.2198463103929542, 0), (-0.13152215095941697, -0.17616561526133157, 0.9755345200486782, 0), (-0.014568881329030687, 0.08396948979713802, 0.15773237752217414, 1) )
                uniform token[] xformOpOrder = ["xformOp:transform"]
            }

            def Cylinder "Petiolule_4" (
                prepend apiSchemas = ["PhysicsCollisionAPI"]
            )
            {
                uniform token axis = "Z"
                double height = 0.01
                rel material:binding = </Plant_1/Materials/Leaf>
                double radius = 0.00112396506
                matrix4d xformOp:transform = ( (-0.3948341114061387, -0.9187524282798522, 0, 0), (0.20198433152189277, -0.08680282260992023, 0.9755345200486782, 0), (-0.8962747091655432, 0.38517430536943387, 0.2198463103929542, 0), (-0.03691540535482861, 0.12297132613234357, 0.17354928167246125, 1) )
                uniform token[] xformOpOrder = ["xformOp:transform"]
            }

            def Mesh "Blade_4" (
                prepend apiSchemas = ["PhysicsCollisionAPI", "PhysicsMeshCollisionAPI"]
            )
            {
                int[] faceVertexCounts = [3, 3, 3, 3, 3, 3, 3, 3, 3, 3, 3, 3, 3, 3]
                int[] faceVertexIndices = [0, 1, 2, 0, 2, 3, 0, 3, 4, 0, 4, 5, 0, 5, 6, 0, 6, 7, 0, 7, 8, 0, 8, 9, 0, 9, 10, 0, 10, 11, 0, 11, 12, 0, 12, 13, 0, 13, 14, 0, 14, 15]
                rel material:binding = </Plant_1/Materials/Leaf>
                uniform token physics:approximation = "convexHull"
                point3f[] points = [(0, 0, 0), (0.006012807, 0.005692834, 0), (0.010627165, 0.011385668, 0), (0.013253922, 0.017078502, 0), (0.013662802, 0.022771336, 0), (0.011991643, 0.02846417, 0), (0.008694954, 0.034157004, 0), (0.0044442485, 0.03984984, 0), (0, 0.045542672, 0), (-0.0044442485, 0.03984984, 0), (-0.008694954, 0.034157004, 0), (-0.011991643, 0.02846417, 0), (-0.013662802, 0.022771336, 0), (-0.013253922, 0.017078502, 0), (-0.010627165, 0.011385668, 0), (-0.006012807, 0.005692834, 0)]
                uniform token subdivisionScheme = "none"
                matrix4d xformOp:transform = ( (0.3948341114061387, 0.9187524282798522, -0, 0), (-0.8962747091655432, 0.38517430536943387, 0.2198463103929542, 0), (0.20198433152189277, -0.08680282260992023, 0.9755345200486782, 0), (-0.04139677890065633, 0.12489719765919075, 0.17464851322442604, 1) )
                uniform token[] xformOpOrder = ["xformOp:transform"]
            }

            def Cylinder "Petiolule_5" (
                prepend apiSchemas = ["PhysicsCollisionAPI"]
            )
            {
                uniform token axis = "Z"
                double height = 0.01
                rel material:binding = </Plant_1/Materials/Leaf>
                double radius = 0.00112396506
                matrix4d xformOp:transform = ( (-0.8013125848982975, 0.5982458869759231, 0, 0), (-0.13152215095941697, -0.17616561526133157, 0.9755345200486782, 0), (0.5836095142221529, 0.7817080879177263, 0.2198463103929542, 0), (-0.029515984237890133, 0.12495399504508503, 0.17354928167246125, 1) )
                uniform token[] xformOpOrder = ["xformOp:transform"]
            }

            def Mesh "Blade_5" (
                prepend apiSchemas = ["PhysicsCollisionAPI", "PhysicsMeshCollisionAPI"]
            )
            {
                int[] faceVertexCounts = [3, 3, 3, 3, 3, 3, 3, 3, 3, 3, 3, 3, 3, 3]
                int[] faceVertexIndices = [0, 1, 2, 0, 2, 3, 0, 3, 4, 0, 4, 5, 0, 5, 6, 0, 6, 7, 0, 7, 8, 0, 8, 9, 0, 9, 10, 0, 10, 11, 0, 11, 12, 0, 12, 13, 0, 13, 14, 0, 14, 15]
                rel material:binding = </Plant_1/Materials/Leaf>
                uniform token physics:approximation = "convexHull"
                point3f[] points = [(0, 0, 0), (0.006012807, 0.005692834, 0), (0.010627165, 0.011385668, 0), (0.013253922, 0.017078502, 0), (0.013662802, 0.022771336, 0), (0.011991643, 0.02846417, 0), (0.008694954, 0.034157004, 0), (0.0044442485, 0.03984984, 0), (0, 0.045542672, 0), (-0.0044442485, 0.03984984, 0), (-0.008694954, 0.034157004, 0), (-0.011991643, 0.02846417, 0), (-0.013662802, 0.022771336, 0), (-0.013253922, 0.017078502, 0), (-0.010627165, 0.011385668, 0), (-0.006012807, 0.005692834, 0)]
                uniform token subdivisionScheme = "none"
                matrix4d xformOp:transform = ( (0.8013125848982975, -0.5982458869759231, 0, 0), (0.5836095142221529, 0.7817080879177263, 0.2198463103929542, 0), (-0.13152215095941697, -0.17616561526133157, 0.9755345200486782, 0), (-0.026597936666779367, 0.12886253548467366, 0.17464851322442604, 1) )
                uniform token[] xformOpOrder = ["xformOp:transform"]
            }

            def Cylinder "Petiolule_term" (
                prepend apiSchemas = ["PhysicsCollisionAPI"]
            )
            {
                uniform token axis = "Z"
                double height = 0.01
                rel material:binding = </Plant_1/Materials/Leaf>
                double radius = 0.00112396506
                matrix4d xformOp:transform = ( (-0.9659258262890683, -0.25881904510252085, 0, 0), (0.0885213269013769, -0.33036608954935215, 0.9396926207859085, 0), (-0.24321034680169407, 0.9076733711903687, 0.3420201433256687, 0), (-0.04422322921136819, 0.16504333829159018, 0.18902888008507832, 1) )
                uniform token[] xformOpOrder = ["xformOp:transform"]
            }

            def Mesh "Blade_6" (
                prepend apiSchemas = ["PhysicsCollisionAPI", "PhysicsMeshCollisionAPI"]
            )
            {
                int[] faceVertexCounts = [3, 3, 3, 3, 3, 3, 3, 3, 3, 3, 3, 3, 3, 3]
                int[] faceVertexIndices = [0, 1, 2, 0, 2, 3, 0, 3, 4, 0, 4, 5, 0, 5, 6, 0, 6, 7, 0, 7, 8, 0, 8, 9, 0, 9, 10, 0, 10, 11, 0, 11, 12, 0, 12, 13, 0, 13, 14, 0, 14, 15]
                rel material:binding = </Plant_1/Materials/Leaf>
                uniform token physics:approximation = "convexHull"
                point3f[] points = [(0, 0, 0), (0.0060138595, 0.0056938305, 0), (0.010629026, 0.011387661, 0), (0.013256242, 0.017081492, 0), (0.013665193, 0.022775322, 0), (0.011993743, 0.028469153, 0), (0.008696476, 0.034162983, 0), (0.0044450266, 0.039856814, 0), (0, 0.045550644, 0), (-0.0044450266, 0.039856814, 0), (-0.008696476, 0.034162983, 0), (-0.011993743, 0.028469153, 0), (-0.013665193, 0.022775322, 0), (-0.013256242, 0.017081492, 0), (-0.010629026, 0.011387661, 0), (-0.0060138595, 0.0056938305, 0)]
                uniform token subdivisionScheme = "none"
                matrix4d xformOp:transform = ( (0.9659258262890683, 0.25881904510252085, -0, 0), (-0.24321034680169407, 0.9076733711903687, 0.3420201433256687, 0), (0.0885213269013769, -0.33036608954935215, 0.9396926207859085, 0), (-0.045439280945376664, 0.169581705147542, 0.19073898080170668, 1) )
                uniform token[] xformOpOrder = ["xformOp:transform"]
            }
        }

        def Xform "Leaf_o0_r5_i0" (
            prepend apiSchemas = ["PhysicsRigidBodyAPI", "PhysicsMassAPI", "PhysicsFilteredPairsAPI"]
        )
        {
            prepend rel physics:filteredPairs = </Plant_1/Stem/Internode_o0_r5>
            float physics:mass = 0.05

            def Cylinder "Petiole" (
                prepend apiSchemas = ["PhysicsCollisionAPI"]
            )
            {
                uniform token axis = "Z"
                double height = 0.034185283
                rel material:binding = </Plant_1/Materials/Leaf>
                double radius = 0.00279326925
                matrix4d xformOp:transform = ( (0.5372996083468242, 0.8433914458128855, -0, 0), (-0.28845686317656605, 0.1837672890556065, 0.9396926207859086, 0), (0.7925287180643269, -0.5048964771146695, 0.3420201433256687, 0), (0.013546409256328112, -0.008630014477933998, 0.09323660169564427, 1) )
                uniform token[] xformOpOrder = ["xformOp:transform"]
            }

            def Cylinder "Rachis" (
                prepend apiSchemas = ["PhysicsCollisionAPI"]
            )
            {
                uniform token axis = "Z"
                double height = 0.14084336
                rel material:binding = </Plant_1/Materials/Leaf>
                double radius = 0.0016759615499999999
                matrix4d xformOp:transform = ( (0.5372996083468242, 0.8433914458128855, -0, 0), (-0.28845686317656605, 0.1837672890556065, 0.9396926207859086, 0), (0.7925287180643269, -0.5048964771146695, 0.3420201433256687, 0), (0.08290402228699248, -0.05281568710036458, 0.12316826247812293, 1) )
                uniform token[] xformOpOrder = ["xformOp:transform"]
            }

            def Cylinder "Petiolule_0" (
                prepend apiSchemas = ["PhysicsCollisionAPI"]
            )
            {
                uniform token axis = "Z"
                double height = 0.01
                rel material:binding = </Plant_1/Materials/Leaf>
                double radius = 0.0011173077000000001
                matrix4d xformOp:transform = ( (-0.3295979016296671, 0.944121402808622, 0, 0), (-0.20756160697049564, -0.07246088258654218, 0.9755345200486782, 0), (0.9210230195565939, 0.32153413077534876, 0.2198463103929542, 0), (0.0316979336104392, -0.015652358301991253, 0.10018186094325332, 1) )
                uniform token[] xformOpOrder = ["xformOp:transform"]
            }

            def Mesh "Blade_0" (
                prepend apiSchemas = ["PhysicsCollisionAPI", "PhysicsMeshCollisionAPI"]
            )
            {
                int[] faceVertexCounts = [3, 3, 3, 3, 3, 3, 3, 3, 3, 3, 3, 3, 3, 3]
                int[] faceVertexIndices = [0, 1, 2, 0, 2, 3, 0, 3, 4, 0, 4, 5, 0, 5, 6, 0, 6, 7, 0, 7, 8, 0, 8, 9, 0, 9, 10, 0, 10, 11, 0, 11, 12, 0, 12, 13, 0, 13, 14, 0, 14, 15]
                rel material:binding = </Plant_1/Materials/Leaf>
                uniform token physics:approximation = "convexHull"
                point3f[] points = [(0, 0, 0), (0.0058872304, 0.00557394, 0), (0.010405218, 0.01114788, 0), (0.012977116, 0.01672182, 0), (0.013377456, 0.02229576, 0), (0.0117411995, 0.0278697, 0), (0.00851336, 0.03344364, 0), (0.004351431, 0.03901758, 0), (0, 0.04459152, 0), (-0.004351431, 0.03901758, 0), (-0.00851336, 0.03344364, 0), (-0.0117411995, 0.0278697, 0), (-0.013377456, 0.02229576, 0), (-0.012977116, 0.01672182, 0), (-0.010405218, 0.01114788, 0), (-0.0058872304, 0.00557394, 0)]
                uniform token subdivisionScheme = "none"
                matrix4d xformOp:transform = ( (0.3295979016296671, -0.944121402808622, 0, 0), (0.9210230195565939, 0.32153413077534876, 0.2198463103929542, 0), (-0.20756160697049564, -0.07246088258654218, 0.9755345200486782, 0), (0.036303048708222166, -0.014044687648114508, 0.10128109249521809, 1) )
                uniform token[] xformOpOrder = ["xformOp:transform"]
            }

            def Cylinder "Petiolule_1" (
                prepend apiSchemas = ["PhysicsCollisionAPI"]
            )
            {
                uniform token axis = "Z"
                double height = 0.01
                rel material:binding = </Plant_1/Materials/Leaf>
                double radius = 0.0011173077000000001
                matrix4d xformOp:transform = ( (0.9949586715335319, 0.10028580128926272, -0, 0), (-0.022047463398245377, 0.2187379929301222, 0.9755345200486784, 0), (0.09783226102841802, -0.9706165301027345, 0.2198463103929542, 0), (0.027581979817798315, -0.02211311160638167, 0.10018186094325332, 1) )
                uniform token[] xformOpOrder = ["xformOp:transform"]
            }

            def Mesh "Blade_1" (
                prepend apiSchemas = ["PhysicsCollisionAPI", "PhysicsMeshCollisionAPI"]
            )
            {
                int[] faceVertexCounts = [3, 3, 3, 3, 3, 3, 3, 3, 3, 3, 3, 3, 3, 3]
                int[] faceVertexIndices = [0, 1, 2, 0, 2, 3, 0, 3, 4, 0, 4, 5, 0, 5, 6, 0, 6, 7, 0, 7, 8, 0, 8, 9, 0, 9, 10, 0, 10, 11, 0, 11, 12, 0, 12, 13, 0, 13, 14, 0, 14, 15]
                rel material:binding = </Plant_1/Materials/Leaf>
                uniform token physics:approximation = "convexHull"
                point3f[] points = [(0, 0, 0), (0.0058872304, 0.00557394, 0), (0.010405218, 0.01114788, 0), (0.012977116, 0.01672182, 0), (0.013377456, 0.02229576, 0), (0.0117411995, 0.0278697, 0), (0.00851336, 0.03344364, 0), (0.004351431, 0.03901758, 0), (0, 0.04459152, 0), (-0.004351431, 0.03901758, 0), (-0.00851336, 0.03344364, 0), (-0.0117411995, 0.0278697, 0), (-0.013377456, 0.02229576, 0), (-0.012977116, 0.01672182, 0), (-0.010405218, 0.01114788, 0), (-0.0058872304, 0.00557394, 0)]
                uniform token subdivisionScheme = "none"
                matrix4d xformOp:transform = ( (-0.9949586715335319, -0.10028580128926272, 0, 0), (0.09783226102841802, -0.9706165301027345, 0.2198463103929542, 0), (-0.022047463398245377, 0.2187379929301222, 0.9755345200486784, 0), (0.028071141122940405, -0.02696619425689534, 0.10128109249521809, 1) )
                uniform token[] xformOpOrder = ["xformOp:transform"]
            }

            def Cylinder "Petiolule_2" (
                prepend apiSchemas = ["PhysicsCollisionAPI"]
            )
            {
                uniform token axis = "Z"
                double height = 0.01
                rel material:binding = </Plant_1/Materials/Leaf>
                double radius = 0.0011173077000000001
                matrix4d xformOp:transform = ( (-0.3295979016296671, 0.944121402808622, 0, 0), (-0.20756160697049564, -0.07246088258654218, 0.9755345200486782, 0), (0.9210230195565939, 0.32153413077534876, 0.2198463103929542, 0), (0.07040914704716152, -0.0403141211422985, 0.11688789880176241, 1) )
                uniform token[] xformOpOrder = ["xformOp:transform"]
            }

            def Mesh "Blade_2" (
                prepend apiSchemas = ["PhysicsCollisionAPI", "PhysicsMeshCollisionAPI"]
            )
            {
                int[] faceVertexCounts = [3, 3, 3, 3, 3, 3, 3, 3, 3, 3, 3, 3, 3, 3]
                int[] faceVertexIndices = [0, 1, 2, 0, 2, 3, 0, 3, 4, 0, 4, 5, 0, 5, 6, 0, 6, 7, 0, 7, 8, 0, 8, 9, 0, 9, 10, 0, 10, 11, 0, 11, 12, 0, 12, 13, 0, 13, 14, 0, 14, 15]
                rel material:binding = </Plant_1/Materials/Leaf>
                uniform token physics:approximation = "convexHull"
                point3f[] points = [(0, 0, 0), (0.0058872304, 0.00557394, 0), (0.010405218, 0.01114788, 0), (0.012977116, 0.01672182, 0), (0.013377456, 0.02229576, 0), (0.0117411995, 0.0278697, 0), (0.00851336, 0.03344364, 0), (0.004351431, 0.03901758, 0), (0, 0.04459152, 0), (-0.004351431, 0.03901758, 0), (-0.00851336, 0.03344364, 0), (-0.0117411995, 0.0278697, 0), (-0.013377456, 0.02229576, 0), (-0.012977116, 0.01672182, 0), (-0.010405218, 0.01114788, 0), (-0.0058872304, 0.00557394, 0)]
                uniform token subdivisionScheme = "none"
                matrix4d xformOp:transform = ( (0.3295979016296671, -0.944121402808622, 0, 0), (0.9210230195565939, 0.32153413077534876, 0.2198463103929542, 0), (-0.20756160697049564, -0.07246088258654218, 0.9755345200486782, 0), (0.07501426214494449, -0.03870645048842176, 0.11798713035372718, 1) )
                uniform token[] xformOpOrder = ["xformOp:transform"]
            }

            def Cylinder "Petiolule_3" (
                prepend apiSchemas = ["PhysicsCollisionAPI"]
            )
            {
                uniform token axis = "Z"
                double height = 0.01
                rel material:binding = </Plant_1/Materials/Leaf>
                double radius = 0.0011173077000000001
                matrix4d xformOp:transform = ( (0.9949586715335319, 0.10028580128926272, -0, 0), (-0.022047463398245377, 0.2187379929301222, 0.9755345200486784, 0), (0.09783226102841802, -0.9706165301027345, 0.2198463103929542, 0), (0.06629319325452064, -0.046774874446688916, 0.11688789880176241, 1) )
                uniform token[] xformOpOrder = ["xformOp:transform"]
            }

            def Mesh "Blade_3" (
                prepend apiSchemas = ["PhysicsCollisionAPI", "PhysicsMeshCollisionAPI"]
            )
            {
                int[] faceVertexCounts = [3, 3, 3, 3, 3, 3, 3, 3, 3, 3, 3, 3, 3, 3]
                int[] faceVertexIndices = [0, 1, 2, 0, 2, 3, 0, 3, 4, 0, 4, 5, 0, 5, 6, 0, 6, 7, 0, 7, 8, 0, 8, 9, 0, 9, 10, 0, 10, 11, 0, 11, 12, 0, 12, 13, 0, 13, 14, 0, 14, 15]
                rel material:binding = </Plant_1/Materials/Leaf>
                uniform token physics:approximation = "convexHull"
                point3f[] points = [(0, 0, 0), (0.0058872304, 0.00557394, 0), (0.010405218, 0.01114788, 0), (0.012977116, 0.01672182, 0), (0.013377456, 0.02229576, 0), (0.0117411995, 0.0278697, 0), (0.00851336, 0.03344364, 0), (0.004351431, 0.03901758, 0), (0, 0.04459152, 0), (-0.004351431, 0.03901758, 0), (-0.00851336, 0.03344364, 0), (-0.0117411995, 0.0278697, 0), (-0.013377456, 0.02229576, 0), (-0.012977116, 0.01672182, 0), (-0.010405218, 0.01114788, 0), (-0.0058872304, 0.00557394, 0)]
                uniform token subdivisionScheme = "none"
                matrix4d xformOp:transform = ( (-0.9949586715335319, -0.10028580128926272, 0, 0), (0.09783226102841802, -0.9706165301027345, 0.2198463103929542, 0), (-0.022047463398245377, 0.2187379929301222, 0.9755345200486784, 0), (0.06678235455966272, -0.05162795709720259, 0.11798713035372718, 1) )
                uniform token[] xformOpOrder = ["xformOp:transform"]
            }

            def Cylinder "Petiolule_4" (
                prepend apiSchemas = ["PhysicsCollisionAPI"]
            )
            {
                uniform token axis = "Z"
                double height = 0.01
                rel material:binding = </Plant_1/Materials/Leaf>
                double radius = 0.0011173077000000001
                matrix4d xformOp:transform = ( (-0.3295979016296671, 0.944121402808622, 0, 0), (-0.20756160697049564, -0.07246088258654218, 0.9755345200486782, 0), (0.9210230195565939, 0.32153413077534876, 0.2198463103929542, 0), (0.10912036048388385, -0.06497588398260574, 0.1335939366602715, 1) )
                uniform token[] xformOpOrder = ["xformOp:transform"]
            }

            def Mesh "Blade_4" (
                prepend apiSchemas = ["PhysicsCollisionAPI", "PhysicsMeshCollisionAPI"]
            )
            {
                int[] faceVertexCounts = [3, 3, 3, 3, 3, 3, 3, 3, 3, 3, 3, 3, 3, 3]
                int[] faceVertexIndices = [0, 1, 2, 0, 2, 3, 0, 3, 4, 0, 4, 5, 0, 5, 6, 0, 6, 7, 0, 7, 8, 0, 8, 9, 0, 9, 10, 0, 10, 11, 0, 11, 12, 0, 12, 13, 0, 13, 14, 0, 14, 15]
                rel material:binding = </Plant_1/Materials/Leaf>
                uniform token physics:approximation = "convexHull"
                point3f[] points = [(0, 0, 0), (0.0058872304, 0.00557394, 0), (0.010405218, 0.01114788, 0), (0.012977116, 0.01672182, 0), (0.013377456, 0.02229576, 0), (0.0117411995, 0.0278697, 0), (0.00851336, 0.03344364, 0), (0.004351431, 0.03901758, 0), (0, 0.04459152, 0), (-0.004351431, 0.03901758, 0), (-0.00851336, 0.03344364, 0), (-0.0117411995, 0.0278697, 0), (-0.013377456, 0.02229576, 0), (-0.012977116, 0.01672182, 0), (-0.010405218, 0.01114788, 0), (-0.0058872304, 0.00557394, 0)]
                uniform token subdivisionScheme = "none"
                matrix4d xformOp:transform = ( (0.3295979016296671, -0.944121402808622, 0, 0), (0.9210230195565939, 0.32153413077534876, 0.2198463103929542, 0), (-0.20756160697049564, -0.07246088258654218, 0.9755345200486782, 0), (0.11372547558166682, -0.06336821332872901, 0.13469316821223629, 1) )
                uniform token[] xformOpOrder = ["xformOp:transform"]
            }

            def Cylinder "Petiolule_5" (
                prepend apiSchemas = ["PhysicsCollisionAPI"]
            )
            {
                uniform token axis = "Z"
                double height = 0.01
                rel material:binding = </Plant_1/Materials/Leaf>
                double radius = 0.0011173077000000001
                matrix4d xformOp:transform = ( (0.9949586715335319, 0.10028580128926272, -0, 0), (-0.022047463398245377, 0.2187379929301222, 0.9755345200486784, 0), (0.09783226102841802, -0.9706165301027345, 0.2198463103929542, 0), (0.10500440669124297, -0.07143663728699617, 0.1335939366602715, 1) )
                uniform token[] xformOpOrder = ["xformOp:transform"]
            }

            def Mesh "Blade_5" (
                prepend apiSchemas = ["PhysicsCollisionAPI", "PhysicsMeshCollisionAPI"]
            )
            {
                int[] faceVertexCounts = [3, 3, 3, 3, 3, 3, 3, 3, 3, 3, 3, 3, 3, 3]
                int[] faceVertexIndices = [0, 1, 2, 0, 2, 3, 0, 3, 4, 0, 4, 5, 0, 5, 6, 0, 6, 7, 0, 7, 8, 0, 8, 9, 0, 9, 10, 0, 10, 11, 0, 11, 12, 0, 12, 13, 0, 13, 14, 0, 14, 15]
                rel material:binding = </Plant_1/Materials/Leaf>
                uniform token physics:approximation = "convexHull"
                point3f[] points = [(0, 0, 0), (0.0058872304, 0.00557394, 0), (0.010405218, 0.01114788, 0), (0.012977116, 0.01672182, 0), (0.013377456, 0.02229576, 0), (0.0117411995, 0.0278697, 0), (0.00851336, 0.03344364, 0), (0.004351431, 0.03901758, 0), (0, 0.04459152, 0), (-0.004351431, 0.03901758, 0), (-0.00851336, 0.03344364, 0), (-0.0117411995, 0.0278697, 0), (-0.013377456, 0.02229576, 0), (-0.012977116, 0.01672182, 0), (-0.010405218, 0.01114788, 0), (-0.0058872304, 0.00557394, 0)]
                uniform token subdivisionScheme = "none"
                matrix4d xformOp:transform = ( (-0.9949586715335319, -0.10028580128926272, 0, 0), (0.09783226102841802, -0.9706165301027345, 0.2198463103929542, 0), (-0.022047463398245377, 0.2187379929301222, 0.9755345200486784, 0), (0.10549356799638505, -0.07628971993750984, 0.13469316821223629, 1) )
                uniform token[] xformOpOrder = ["xformOp:transform"]
            }

            def Cylinder "Petiolule_term" (
                prepend apiSchemas = ["PhysicsCollisionAPI"]
            )
            {
                uniform token axis = "Z"
                double height = 0.01
                rel material:binding = </Plant_1/Materials/Leaf>
                double radius = 0.0011173077000000001
                matrix4d xformOp:transform = ( (0.5372996083468242, 0.8433914458128855, -0, 0), (-0.28845686317656605, 0.1837672890556065, 0.9396926207859086, 0), (0.7925287180643269, -0.5048964771146695, 0.3420201433256687, 0), (0.14267786965165036, -0.0908958276304345, 0.14896399628158563, 1) )
                uniform token[] xformOpOrder = ["xformOp:transform"]
            }

            def Mesh "Blade_6" (
                prepend apiSchemas = ["PhysicsCollisionAPI", "PhysicsMeshCollisionAPI"]
            )
            {
                int[] faceVertexCounts = [3, 3, 3, 3, 3, 3, 3, 3, 3, 3, 3, 3, 3, 3]
                int[] faceVertexIndices = [0, 1, 2, 0, 2, 3, 0, 3, 4, 0, 4, 5, 0, 5, 6, 0, 6, 7, 0, 7, 8, 0, 8, 9, 0, 9, 10, 0, 10, 11, 0, 11, 12, 0, 12, 13, 0, 13, 14, 0, 14, 15]
                rel material:binding = </Plant_1/Materials/Leaf>
                uniform token physics:approximation = "convexHull"
                point3f[] points = [(0, 0, 0), (0.0058882604, 0.005574915, 0), (0.010407039, 0.01114983, 0), (0.012979386, 0.016724745, 0), (0.013379796, 0.02229966, 0), (0.011743254, 0.027874576, 0), (0.00851485, 0.03344949, 0), (0.0043521924, 0.039024405, 0), (0, 0.04459932, 0), (-0.0043521924, 0.039024405, 0), (-0.00851485, 0.03344949, 0), (-0.011743254, 0.027874576, 0), (-0.013379796, 0.02229966, 0), (-0.012979386, 0.016724745, 0), (-0.010407039, 0.01114983, 0), (-0.0058882604, 0.005574915, 0)]
                uniform token subdivisionScheme = "none"
                matrix4d xformOp:transform = ( (-0.5372996083468242, -0.8433914458128855, 0, 0), (0.7925287180643269, -0.5048964771146695, 0.3420201433256687, 0), (-0.28845686317656605, 0.1837672890556065, 0.9396926207859086, 0), (0.146640513241972, -0.09342031001600784, 0.150674096998214, 1) )
                uniform token[] xformOpOrder = ["xformOp:transform"]
            }
        }

        def Xform "Leaf_o0_r4_i0" (
            prepend apiSchemas = ["PhysicsRigidBodyAPI", "PhysicsMassAPI", "PhysicsFilteredPairsAPI"]
        )
        {
            prepend rel physics:filteredPairs = </Plant_1/Stem/Internode_o0_r4>
            float physics:mass = 0.05

            def Cylinder "Petiole" (
                prepend apiSchemas = ["PhysicsCollisionAPI"]
            )
            {
                uniform token axis = "Z"
                double height = 0.034005996
                rel material:binding = </Plant_1/Materials/Leaf>
                double radius = 0.0027814935
                matrix4d xformOp:transform = ( (0.17364817766693047, -0.984807753012208, 0, 0), (0.33682408883346515, 0.05939117461388475, 0.9396926207859084, 0), (-0.9254165783983234, -0.16317591116653496, 0.3420201433256687, 0), (-0.015734856231673533, -0.0027744796912127713, 0.07591191681292606, 1) )
                uniform token[] xformOpOrder = ["xformOp:transform"]
            }

            def Cylinder "Rachis" (
                prepend apiSchemas = ["PhysicsCollisionAPI"]
            )
            {
                uniform token axis = "Z"
                double height = 0.13975267
                rel material:binding = </Plant_1/Materials/Leaf>
                double radius = 0.0016688961
                matrix4d xformOp:transform = ( (0.17364817766693047, -0.984807753012208, 0, 0), (0.33682408883346515, 0.05939117461388475, 0.9396926207859084, 0), (-0.9254165783983234, -0.16317591116653496, 0.3420201433256687, 0), (-0.09613443131006207, -0.01695109401502858, 0.10562639873762454, 1) )
                uniform token[] xformOpOrder = ["xformOp:transform"]
            }

            def Cylinder "Petiolule_0" (
                prepend apiSchemas = ["PhysicsCollisionAPI"]
            )
            {
                uniform token axis = "Z"
                double height = 0.01
                rel material:binding = </Plant_1/Materials/Leaf>
                double radius = 0.0011125974
                matrix4d xformOp:transform = ( (0.8808442376695917, -0.4734061986965059, 0, 0), (0.10407660610058059, 0.19365035568255418, 0.9755345200486781, 0), (-0.4618240888334651, -0.8592939606326491, 0.2198463103929542, 0), (-0.03377883290751439, -0.009845429185588788, 0.08282651617781688, 1) )
                uniform token[] xformOpOrder = ["xformOp:transform"]
            }

            def Mesh "Blade_0" (
                prepend apiSchemas = ["PhysicsCollisionAPI", "PhysicsMeshCollisionAPI"]
            )
            {
                int[] faceVertexCounts = [3, 3, 3, 3, 3, 3, 3, 3, 3, 3, 3, 3, 3, 3]
                int[] faceVertexIndices = [0, 1, 2, 0, 2, 3, 0, 3, 4, 0, 4, 5, 0, 5, 6, 0, 6, 7, 0, 7, 8, 0, 8, 9, 0, 9, 10, 0, 10, 11, 0, 11, 12, 0, 12, 13, 0, 13, 14, 0, 14, 15]
                rel material:binding = </Plant_1/Materials/Leaf>
                uniform token physics:approximation = "convexHull"
                point3f[] points = [(0, 0, 0), (0.005799529, 0.0054909056, 0), (0.010250214, 0.010981811, 0), (0.012783797, 0.016472718, 0), (0.013178174, 0.021963622, 0), (0.011566293, 0.027454529, 0), (0.008386538, 0.032945435, 0), (0.0042866087, 0.038436342, 0), (0, 0.043927245, 0), (-0.0042866087, 0.038436342, 0), (-0.008386538, 0.032945435, 0), (-0.011566293, 0.027454529, 0), (-0.013178174, 0.021963622, 0), (-0.012783797, 0.016472718, 0), (-0.010250214, 0.010981811, 0), (-0.005799529, 0.0054909056, 0)]
                uniform token subdivisionScheme = "none"
                matrix4d xformOp:transform = ( (-0.8808442376695917, 0.4734061986965059, 0, 0), (-0.4618240888334651, -0.8592939606326491, 0.2198463103929542, 0), (0.10407660610058059, 0.19365035568255418, 0.9755345200486781, 0), (-0.03608795335168172, -0.014141898988752035, 0.08392574772978165, 1) )
                uniform token[] xformOpOrder = ["xformOp:transform"]
            }

            def Cylinder "Petiolule_1" (
                prepend apiSchemas = ["PhysicsCollisionAPI"]
            )
            {
                uniform token axis = "Z"
                double height = 0.01
                rel material:binding = </Plant_1/Materials/Leaf>
                double radius = 0.0011125974
                matrix4d xformOp:transform = ( (-0.665808374270465, -0.7461227839647576, 0, 0), (0.1640323411547712, -0.14637551451209285, 0.9755345200486782, 0), (-0.7278685319524434, 0.6495190528383288, 0.2198463103929542, 0), (-0.03510905512310928, -0.0023013641182338986, 0.08282651617781688, 1) )
                uniform token[] xformOpOrder = ["xformOp:transform"]
            }

            def Mesh "Blade_1" (
                prepend apiSchemas = ["PhysicsCollisionAPI", "PhysicsMeshCollisionAPI"]
            )
            {
                int[] faceVertexCounts = [3, 3, 3, 3, 3, 3, 3, 3, 3, 3, 3, 3, 3, 3]
                int[] faceVertexIndices = [0, 1, 2, 0, 2, 3, 0, 3, 4, 0, 4, 5, 0, 5, 6, 0, 6, 7, 0, 7, 8, 0, 8, 9, 0, 9, 10, 0, 10, 11, 0, 11, 12, 0, 12, 13, 0, 13, 14, 0, 14, 15]
                rel material:binding = </Plant_1/Materials/Leaf>
                uniform token physics:approximation = "convexHull"
                point3f[] points = [(0, 0, 0), (0.005799529, 0.0054909056, 0), (0.010250214, 0.010981811, 0), (0.012783797, 0.016472718, 0), (0.013178174, 0.021963622, 0), (0.011566293, 0.027454529, 0), (0.008386538, 0.032945435, 0), (0.0042866087, 0.038436342, 0), (0, 0.043927245, 0), (-0.0042866087, 0.038436342, 0), (-0.008386538, 0.032945435, 0), (-0.011566293, 0.027454529, 0), (-0.013178174, 0.021963622, 0), (-0.012783797, 0.016472718, 0), (-0.010250214, 0.010981811, 0), (-0.005799529, 0.0054909056, 0)]
                uniform token subdivisionScheme = "none"
                matrix4d xformOp:transform = ( (0.665808374270465, 0.7461227839647576, -0, 0), (-0.7278685319524434, 0.6495190528383288, 0.2198463103929542, 0), (0.1640323411547712, -0.14637551451209285, 0.9755345200486782, 0), (-0.0387483977828715, 0.0009462311459577455, 0.08392574772978165, 1) )
                uniform token[] xformOpOrder = ["xformOp:transform"]
            }

            def Cylinder "Petiolule_2" (
                prepend apiSchemas = ["PhysicsCollisionAPI"]
            )
            {
                uniform token axis = "Z"
                double height = 0.01
                rel material:binding = </Plant_1/Materials/Leaf>
                double radius = 0.0011125974
                matrix4d xformOp:transform = ( (0.8808442376695917, -0.4734061986965059, 0, 0), (0.10407660610058059, 0.19365035568255418, 0.9755345200486781, 0), (-0.4618240888334651, -0.8592939606326491, 0.2198463103929542, 0), (-0.0785810303445953, -0.0177452653887738, 0.0993847390867432, 1) )
                uniform token[] xformOpOrder = ["xformOp:transform"]
            }

            def Mesh "Blade_2" (
                prepend apiSchemas = ["PhysicsCollisionAPI", "PhysicsMeshCollisionAPI"]
            )
            {
                int[] faceVertexCounts = [3, 3, 3, 3, 3, 3, 3, 3, 3, 3, 3, 3, 3, 3]
                int[] faceVertexIndices = [0, 1, 2, 0, 2, 3, 0, 3, 4, 0, 4, 5, 0, 5, 6, 0, 6, 7, 0, 7, 8, 0, 8, 9, 0, 9, 10, 0, 10, 11, 0, 11, 12, 0, 12, 13, 0, 13, 14, 0, 14, 15]
                rel material:binding = </Plant_1/Materials/Leaf>
                uniform token physics:approximation = "convexHull"
                point3f[] points = [(0, 0, 0), (0.005799529, 0.0054909056, 0), (0.010250214, 0.010981811, 0), (0.012783797, 0.016472718, 0), (0.013178174, 0.021963622, 0), (0.011566293, 0.027454529, 0), (0.008386538, 0.032945435, 0), (0.0042866087, 0.038436342, 0), (0, 0.043927245, 0), (-0.0042866087, 0.038436342, 0), (-0.008386538, 0.032945435, 0), (-0.011566293, 0.027454529, 0), (-0.013178174, 0.021963622, 0), (-0.012783797, 0.016472718, 0), (-0.010250214, 0.010981811, 0), (-0.005799529, 0.0054909056, 0)]
                uniform token subdivisionScheme = "none"
                matrix4d xformOp:transform = ( (-0.8808442376695917, 0.4734061986965059, 0, 0), (-0.4618240888334651, -0.8592939606326491, 0.2198463103929542, 0), (0.10407660610058059, 0.19365035568255418, 0.9755345200486781, 0), (-0.08089015078876263, -0.02204173519193705, 0.10048397063870797, 1) )
                uniform token[] xformOpOrder = ["xformOp:transform"]
            }

            def Cylinder "Petiolule_3" (
                prepend apiSchemas = ["PhysicsCollisionAPI"]
            )
            {
                uniform token axis = "Z"
                double height = 0.01
                rel material:binding = </Plant_1/Materials/Leaf>
                double radius = 0.0011125974
                matrix4d xformOp:transform = ( (-0.665808374270465, -0.7461227839647576, 0, 0), (0.1640323411547712, -0.14637551451209285, 0.9755345200486782, 0), (-0.7278685319524434, 0.6495190528383288, 0.2198463103929542, 0), (-0.0799112525601902, -0.010201200321418913, 0.0993847390867432, 1) )
                uniform token[] xformOpOrder = ["xformOp:transform"]
            }

            def Mesh "Blade_3" (
                prepend apiSchemas = ["PhysicsCollisionAPI", "PhysicsMeshCollisionAPI"]
            )
            {
                int[] faceVertexCounts = [3, 3, 3, 3, 3, 3, 3, 3, 3, 3, 3, 3, 3, 3]
                int[] faceVertexIndices = [0, 1, 2, 0, 2, 3, 0, 3, 4, 0, 4, 5, 0, 5, 6, 0, 6, 7, 0, 7, 8, 0, 8, 9, 0, 9, 10, 0, 10, 11, 0, 11, 12, 0, 12, 13, 0, 13, 14, 0, 14, 15]
                rel material:binding = </Plant_1/Materials/Leaf>
                uniform token physics:approximation = "convexHull"
                point3f[] points = [(0, 0, 0), (0.005799529, 0.0054909056, 0), (0.010250214, 0.010981811, 0), (0.012783797, 0.016472718, 0), (0.013178174, 0.021963622, 0), (0.011566293, 0.027454529, 0), (0.008386538, 0.032945435, 0), (0.0042866087, 0.038436342, 0), (0, 0.043927245, 0), (-0.0042866087, 0.038436342, 0), (-0.008386538, 0.032945435, 0), (-0.011566293, 0.027454529, 0), (-0.013178174, 0.021963622, 0), (-0.012783797, 0.016472718, 0), (-0.010250214, 0.010981811, 0), (-0.005799529, 0.0054909056, 0)]
                uniform token subdivisionScheme = "none"
                matrix4d xformOp:transform = ( (0.665808374270465, 0.7461227839647576, -0, 0), (-0.7278685319524434, 0.6495190528383288, 0.2198463103929542, 0), (0.1640323411547712, -0.14637551451209285, 0.9755345200486782, 0), (-0.08355059521995241, -0.006953605057227268, 0.10048397063870797, 1) )
                uniform token[] xformOpOrder = ["xformOp:transform"]
            }

            def Cylinder "Petiolule_4" (
                prepend apiSchemas = ["PhysicsCollisionAPI"]
            )
            {
                uniform token axis = "Z"
                double height = 0.01
                rel material:binding = </Plant_1/Materials/Leaf>
                double radius = 0.0011125974
                matrix4d xformOp:transform = ( (0.8808442376695917, -0.4734061986965059, 0, 0), (0.10407660610058059, 0.19365035568255418, 0.9755345200486781, 0), (-0.4618240888334651, -0.8592939606326491, 0.2198463103929542, 0), (-0.12338322778167624, -0.025645101591958812, 0.11594296199566952, 1) )
                uniform token[] xformOpOrder = ["xformOp:transform"]
            }

            def Mesh "Blade_4" (
                prepend apiSchemas = ["PhysicsCollisionAPI", "PhysicsMeshCollisionAPI"]
            )
            {
                int[] faceVertexCounts = [3, 3, 3, 3, 3, 3, 3, 3, 3, 3, 3, 3, 3, 3]
                int[] faceVertexIndices = [0, 1, 2, 0, 2, 3, 0, 3, 4, 0, 4, 5, 0, 5, 6, 0, 6, 7, 0, 7, 8, 0, 8, 9, 0, 9, 10, 0, 10, 11, 0, 11, 12, 0, 12, 13, 0, 13, 14, 0, 14, 15]
                rel material:binding = </Plant_1/Materials/Leaf>
                uniform token physics:approximation = "convexHull"
                point3f[] points = [(0, 0, 0), (0.005799529, 0.0054909056, 0), (0.010250214, 0.010981811, 0), (0.012783797, 0.016472718, 0), (0.013178174, 0.021963622, 0), (0.011566293, 0.027454529, 0), (0.008386538, 0.032945435, 0), (0.0042866087, 0.038436342, 0), (0, 0.043927245, 0), (-0.0042866087, 0.038436342, 0), (-0.008386538, 0.032945435, 0), (-0.011566293, 0.027454529, 0), (-0.013178174, 0.021963622, 0), (-0.012783797, 0.016472718, 0), (-0.010250214, 0.010981811, 0), (-0.005799529, 0.0054909056, 0)]
                uniform token subdivisionScheme = "none"
                matrix4d xformOp:transform = ( (-0.8808442376695917, 0.4734061986965059, 0, 0), (-0.4618240888334651, -0.8592939606326491, 0.2198463103929542, 0), (0.10407660610058059, 0.19365035568255418, 0.9755345200486781, 0), (-0.12569234822584355, -0.02994157139512206, 0.11704219354763429, 1) )
                uniform token[] xformOpOrder = ["xformOp:transform"]
            }

            def Cylinder "Petiolule_5" (
                prepend apiSchemas = ["PhysicsCollisionAPI"]
            )
            {
                uniform token axis = "Z"
                double height = 0.01
                rel material:binding = </Plant_1/Materials/Leaf>
                double radius = 0.0011125974
                matrix4d xformOp:transform = ( (-0.665808374270465, -0.7461227839647576, 0, 0), (0.1640323411547712, -0.14637551451209285, 0.9755345200486782, 0), (-0.7278685319524434, 0.6495190528383288, 0.2198463103929542, 0), (-0.12471344999727113, -0.018101036524603924, 0.11594296199566952, 1) )
                uniform token[] xformOpOrder = ["xformOp:transform"]
            }

            def Mesh "Blade_5" (
                prepend apiSchemas = ["PhysicsCollisionAPI", "PhysicsMeshCollisionAPI"]
            )
            {
                int[] faceVertexCounts = [3, 3, 3, 3, 3, 3, 3, 3, 3, 3, 3, 3, 3, 3]
                int[] faceVertexIndices = [0, 1, 2, 0, 2, 3, 0, 3, 4, 0, 4, 5, 0, 5, 6, 0, 6, 7, 0, 7, 8, 0, 8, 9, 0, 9, 10, 0, 10, 11, 0, 11, 12, 0, 12, 13, 0, 13, 14, 0, 14, 15]
                rel material:binding = </Plant_1/Materials/Leaf>
                uniform token physics:approximation = "convexHull"
                point3f[] points = [(0, 0, 0), (0.005799529, 0.0054909056, 0), (0.010250214, 0.010981811, 0), (0.012783797, 0.016472718, 0), (0.013178174, 0.021963622, 0), (0.011566293, 0.027454529, 0), (0.008386538, 0.032945435, 0), (0.0042866087, 0.038436342, 0), (0, 0.043927245, 0), (-0.0042866087, 0.038436342, 0), (-0.008386538, 0.032945435, 0), (-0.011566293, 0.027454529, 0), (-0.013178174, 0.021963622, 0), (-0.012783797, 0.016472718, 0), (-0.010250214, 0.010981811, 0), (-0.005799529, 0.0054909056, 0)]
                uniform token subdivisionScheme = "none"
                matrix4d xformOp:transform = ( (0.665808374270465, 0.7461227839647576, -0, 0), (-0.7278685319524434, 0.6495190528383288, 0.2198463103929542, 0), (0.1640323411547712, -0.14637551451209285, 0.9755345200486782, 0), (-0.12835279265703334, -0.014853441260412279, 0.11704219354763429, 1) )
                uniform token[] xformOpOrder = ["xformOp:transform"]
            }

            def Cylinder "Petiolule_term" (
                prepend apiSchemas = ["PhysicsCollisionAPI"]
            )
            {
                uniform token axis = "Z"
                double height = 0.01
                rel material:binding = </Plant_1/Materials/Leaf>
                double radius = 0.0011125974
                matrix4d xformOp:transform = ( (0.17364817766693047, -0.984807753012208, 0, 0), (0.33682408883346515, 0.05939117461388475, 0.9396926207859084, 0), (-0.9254165783983234, -0.16317591116653496, 0.3420201433256687, 0), (-0.1654262330487687, -0.02916910820346429, 0.1312356135660253, 1) )
                uniform token[] xformOpOrder = ["xformOp:transform"]
            }

            def Mesh "Blade_6" (
                prepend apiSchemas = ["PhysicsCollisionAPI", "PhysicsMeshCollisionAPI"]
            )
            {
                int[] faceVertexCounts = [3, 3, 3, 3, 3, 3, 3, 3, 3, 3, 3, 3, 3, 3]
                int[] faceVertexIndices = [0, 1, 2, 0, 2, 3, 0, 3, 4, 0, 4, 5, 0, 5, 6, 0, 6, 7, 0, 7, 8, 0, 8, 9, 0, 9, 10, 0, 10, 11, 0, 11, 12, 0, 12, 13, 0, 13, 14, 0, 14, 15]
                rel material:binding = </Plant_1/Materials/Leaf>
                uniform token physics:approximation = "convexHull"
                point3f[] points = [(0, 0, 0), (0.005800544, 0.0054918667, 0), (0.010252007, 0.010983733, 0), (0.0127860345, 0.0164756, 0), (0.01318048, 0.021967467, 0), (0.011568317, 0.027459333, 0), (0.008388006, 0.0329512, 0), (0.0042873584, 0.038443066, 0), (0, 0.043934934, 0), (-0.0042873584, 0.038443066, 0), (-0.008388006, 0.0329512, 0), (-0.011568317, 0.027459333, 0), (-0.01318048, 0.021967467, 0), (-0.0127860345, 0.0164756, 0), (-0.010252007, 0.010983733, 0), (-0.005800544, 0.0054918667, 0)]
                uniform token subdivisionScheme = "none"
                matrix4d xformOp:transform = ( (-0.17364817766693047, 0.984807753012208, 0, 0), (-0.9254165783983234, -0.16317591116653496, 0.3420201433256687, 0), (0.33682408883346515, 0.05939117461388475, 0.9396926207859084, 0), (-0.17005331594076029, -0.029984987759296967, 0.13294571428265367, 1) )
                uniform token[] xformOpOrder = ["xformOp:transform"]
            }
        }

        def Xform "Leaf_o0_r3_i0" (
            prepend apiSchemas = ["PhysicsRigidBodyAPI", "PhysicsMassAPI", "PhysicsFilteredPairsAPI"]
        )
        {
            prepend rel physics:filteredPairs = </Plant_1/Stem/Internode_o0_r3>
            float physics:mass = 0.05

            def Cylinder "Petiole" (
                prepend apiSchemas = ["PhysicsCollisionAPI"]
            )
            {
                uniform token axis = "Z"
                double height = 0.033872094
                rel material:binding = </Plant_1/Materials/Leaf>
                double radius = 0.002772691
                matrix4d xformOp:transform = ( (-0.7933533402912352, 0.6087614290087207, 0, 0), (-0.20820867120070155, -0.2713428231543063, 0.9396926207859084, 0), (0.5720486226585795, 0.7455082795475254, 0.3420201433256687, 0), (0.009688242359630967, 0.012625963261306028, 0.05872568422231026, 1) )
                uniform token[] xformOpOrder = ["xformOp:transform"]
            }

            def Cylinder "Rachis" (
                prepend apiSchemas = ["PhysicsCollisionAPI"]
            )
            {
                uniform token axis = "Z"
                double height = 0.08928219
                rel material:binding = </Plant_1/Materials/Leaf>
                double radius = 0.0016636145999999999
                matrix4d xformOp:transform = ( (-0.7933533402912352, 0.6087614290087207, 0, 0), (-0.20820867120070155, -0.2713428231543063, 0.9396926207859084, 0), (0.5720486226585795, 0.7455082795475254, 0.3420201433256687, 0), (0.044913361627982734, 0.05853223245317969, 0.07978630715473531, 1) )
                uniform token[] xformOpOrder = ["xformOp:transform"]
            }

            def Cylinder "Petiolule_0" (
                prepend apiSchemas = ["PhysicsCollisionAPI"]
            )
            {
                uniform token axis = "Z"
                double height = 0.01
                rel material:binding = </Plant_1/Materials/Leaf>
                double radius = 0.0011090764
                matrix4d xformOp:transform = ( (-0.9692550857574936, -0.24605807999989301, 0, 0), (0.05409496103035083, -0.21308715443339138, 0.9755345200486782, 0), (-0.24003815097679487, 0.9455417948891769, 0.2198463103929542, 0), (0.01817629396437796, 0.02997963549705794, 0.06561738499658529, 1) )
                uniform token[] xformOpOrder = ["xformOp:transform"]
            }

            def Mesh "Blade_0" (
                prepend apiSchemas = ["PhysicsCollisionAPI", "PhysicsMeshCollisionAPI"]
            )
            {
                int[] faceVertexCounts = [3, 3, 3, 3, 3, 3, 3, 3, 3, 3, 3, 3, 3, 3]
                int[] faceVertexIndices = [0, 1, 2, 0, 2, 3, 0, 3, 4, 0, 4, 5, 0, 5, 6, 0, 6, 7, 0, 7, 8, 0, 8, 9, 0, 9, 10, 0, 10, 11, 0, 11, 12, 0, 12, 13, 0, 13, 14, 0, 14, 15]
                rel material:binding = </Plant_1/Materials/Leaf>
                uniform token physics:approximation = "convexHull"
                point3f[] points = [(0, 0, 0), (0.006785423, 0.006424335, 0), (0.011992704, 0.01284867, 0), (0.014956986, 0.019273005, 0), (0.015418404, 0.02569734, 0), (0.013532511, 0.032121677, 0), (0.009812213, 0.03854601, 0), (0.0050153127, 0.044970345, 0), (0, 0.05139468, 0), (-0.0050153127, 0.044970345, 0), (-0.009812213, 0.03854601, 0), (-0.013532511, 0.032121677, 0), (-0.015418404, 0.02569734, 0), (-0.014956986, 0.019273005, 0), (-0.011992704, 0.01284867, 0), (-0.006785423, 0.006424335, 0)]
                uniform token subdivisionScheme = "none"
                matrix4d xformOp:transform = ( (0.9692550857574936, 0.24605807999989301, -0, 0), (-0.24003815097679487, 0.9455417948891769, 0.2198463103929542, 0), (0.05409496103035083, -0.21308715443339138, 0.9755345200486782, 0), (0.016976103209493984, 0.03470734447150382, 0.06671661654855006, 1) )
                uniform token[] xformOpOrder = ["xformOp:transform"]
            }

            def Cylinder "Petiolule_1" (
                prepend apiSchemas = ["PhysicsCollisionAPI"]
            )
            {
                uniform token axis = "Z"
                double height = 0.01
                rel material:binding = </Plant_1/Materials/Leaf>
                double radius = 0.0011090764
                matrix4d xformOp:transform = ( (-0.013187821517518024, 0.9999130369005207, 0, 0), (-0.21982719187639332, -0.0028992939027471477, 0.9755345200486782, 0), (0.9754496845431657, 0.012865175134579576, 0.2198463103929542, 0), (0.024253733141977762, 0.025316252398284955, 0.06561738499658529, 1) )
                uniform token[] xformOpOrder = ["xformOp:transform"]
            }

            def Mesh "Blade_1" (
                prepend apiSchemas = ["PhysicsCollisionAPI", "PhysicsMeshCollisionAPI"]
            )
            {
                int[] faceVertexCounts = [3, 3, 3, 3, 3, 3, 3, 3, 3, 3, 3, 3, 3, 3]
                int[] faceVertexIndices = [0, 1, 2, 0, 2, 3, 0, 3, 4, 0, 4, 5, 0, 5, 6, 0, 6, 7, 0, 7, 8, 0, 8, 9, 0, 9, 10, 0, 10, 11, 0, 11, 12, 0, 12, 13, 0, 13, 14, 0, 14, 15]
                rel material:binding = </Plant_1/Materials/Leaf>
                uniform token physics:approximation = "convexHull"
                point3f[] points = [(0, 0, 0), (0.006785423, 0.006424335, 0), (0.011992704, 0.01284867, 0), (0.014956986, 0.019273005, 0), (0.015418404, 0.02569734, 0), (0.013532511, 0.032121677, 0), (0.009812213, 0.03854601, 0), (0.0050153127, 0.044970345, 0), (0, 0.05139468, 0), (-0.0050153127, 0.044970345, 0), (-0.009812213, 0.03854601, 0), (-0.013532511, 0.032121677, 0), (-0.015418404, 0.02569734, 0), (-0.014956986, 0.019273005, 0), (-0.011992704, 0.01284867, 0), (-0.006785423, 0.006424335, 0)]
                uniform token subdivisionScheme = "none"
                matrix4d xformOp:transform = ( (0.013187821517518024, -0.9999130369005207, 0, 0), (0.9754496845431657, 0.012865175134579576, 0.2198463103929542, 0), (-0.21982719187639332, -0.0028992939027471477, 0.9755345200486782, 0), (0.02913098156469359, 0.02538057827395785, 0.06671661654855006, 1) )
                uniform token[] xformOpOrder = ["xformOp:transform"]
            }

            def Cylinder "Petiolule_2" (
                prepend apiSchemas = ["PhysicsCollisionAPI"]
            )
            {
                uniform token axis = "Z"
                double height = 0.01
                rel material:binding = </Plant_1/Materials/Leaf>
                double radius = 0.0011090764
                matrix4d xformOp:transform = ( (-0.9692550857574936, -0.24605807999989301, 0, 0), (0.05409496103035083, -0.21308715443339138, 0.9755345200486782, 0), (-0.24003815097679487, 0.9455417948891769, 0.2198463103929542, 0), (0.05195359706808721, 0.07399907392795983, 0.08581237820362282, 1) )
                uniform token[] xformOpOrder = ["xformOp:transform"]
            }

            def Mesh "Blade_2" (
                prepend apiSchemas = ["PhysicsCollisionAPI", "PhysicsMeshCollisionAPI"]
            )
            {
                int[] faceVertexCounts = [3, 3, 3, 3, 3, 3, 3, 3, 3, 3, 3, 3, 3, 3]
                int[] faceVertexIndices = [0, 1, 2, 0, 2, 3, 0, 3, 4, 0, 4, 5, 0, 5, 6, 0, 6, 7, 0, 7, 8, 0, 8, 9, 0, 9, 10, 0, 10, 11, 0, 11, 12, 0, 12, 13, 0, 13, 14, 0, 14, 15]
                rel material:binding = </Plant_1/Materials/Leaf>
                uniform token physics:approximation = "convexHull"
                point3f[] points = [(0, 0, 0), (0.006785423, 0.006424335, 0), (0.011992704, 0.01284867, 0), (0.014956986, 0.019273005, 0), (0.015418404, 0.02569734, 0), (0.013532511, 0.032121677, 0), (0.009812213, 0.03854601, 0), (0.0050153127, 0.044970345, 0), (0, 0.05139468, 0), (-0.0050153127, 0.044970345, 0), (-0.009812213, 0.03854601, 0), (-0.013532511, 0.032121677, 0), (-0.015418404, 0.02569734, 0), (-0.014956986, 0.019273005, 0), (-0.011992704, 0.01284867, 0), (-0.006785423, 0.006424335, 0)]
                uniform token subdivisionScheme = "none"
                matrix4d xformOp:transform = ( (0.9692550857574936, 0.24605807999989301, -0, 0), (-0.24003815097679487, 0.9455417948891769, 0.2198463103929542, 0), (0.05409496103035083, -0.21308715443339138, 0.9755345200486782, 0), (0.05075340631320323, 0.07872678290240571, 0.0869116097555876, 1) )
                uniform token[] xformOpOrder = ["xformOp:transform"]
            }

            def Cylinder "Petiolule_3" (
                prepend apiSchemas = ["PhysicsCollisionAPI"]
            )
            {
                uniform token axis = "Z"
                double height = 0.01
                rel material:binding = </Plant_1/Materials/Leaf>
                double radius = 0.0011090764
                matrix4d xformOp:transform = ( (-0.013187821517518024, 0.9999130369005207, 0, 0), (-0.21982719187639332, -0.0028992939027471477, 0.9755345200486782, 0), (0.9754496845431657, 0.012865175134579576, 0.2198463103929542, 0), (0.05803103624568701, 0.06933569082918685, 0.08581237820362282, 1) )
                uniform token[] xformOpOrder = ["xformOp:transform"]
            }

            def Mesh "Blade_3" (
                prepend apiSchemas = ["PhysicsCollisionAPI", "PhysicsMeshCollisionAPI"]
            )
            {
                int[] faceVertexCounts = [3, 3, 3, 3, 3, 3, 3, 3, 3, 3, 3, 3, 3, 3]
                int[] faceVertexIndices = [0, 1, 2, 0, 2, 3, 0, 3, 4, 0, 4, 5, 0, 5, 6, 0, 6, 7, 0, 7, 8, 0, 8, 9, 0, 9, 10, 0, 10, 11, 0, 11, 12, 0, 12, 13, 0, 13, 14, 0, 14, 15]
                rel material:binding = </Plant_1/Materials/Leaf>
                uniform token physics:approximation = "convexHull"
                point3f[] points = [(0, 0, 0), (0.006785423, 0.006424335, 0), (0.011992704, 0.01284867, 0), (0.014956986, 0.019273005, 0), (0.015418404, 0.02569734, 0), (0.013532511, 0.032121677, 0), (0.009812213, 0.03854601, 0), (0.0050153127, 0.044970345, 0), (0, 0.05139468, 0), (-0.0050153127, 0.044970345, 0), (-0.009812213, 0.03854601, 0), (-0.013532511, 0.032121677, 0), (-0.015418404, 0.02569734, 0), (-0.014956986, 0.019273005, 0), (-0.011992704, 0.01284867, 0), (-0.006785423, 0.006424335, 0)]
                uniform token subdivisionScheme = "none"
                matrix4d xformOp:transform = ( (0.013187821517518024, -0.9999130369005207, 0, 0), (0.9754496845431657, 0.012865175134579576, 0.2198463103929542, 0), (-0.21982719187639332, -0.0028992939027471477, 0.9755345200486782, 0), (0.06290828466840284, 0.06940001670485975, 0.0869116097555876, 1) )
                uniform token[] xformOpOrder = ["xformOp:transform"]
            }

            def Cylinder "Petiolule_term" (
                prepend apiSchemas = ["PhysicsCollisionAPI"]
            )
            {
                uniform token axis = "Z"
                double height = 0.01
                rel material:binding = </Plant_1/Materials/Leaf>
                double radius = 0.0011090764
                matrix4d xformOp:transform = ( (-0.7933533402912352, 0.6087614290087207, 0, 0), (-0.20820867120070155, -0.2713428231543063, 0.9396926207859084, 0), (0.5720486226585795, 0.7455082795475254, 0.3420201433256687, 0), (0.07331048164999643, 0.09554007978148496, 0.09676456158147845, 1) )
                uniform token[] xformOpOrder = ["xformOp:transform"]
            }

            def Mesh "Blade_4" (
                prepend apiSchemas = ["PhysicsCollisionAPI", "PhysicsMeshCollisionAPI"]
            )
            {
                int[] faceVertexCounts = [3, 3, 3, 3, 3, 3, 3, 3, 3, 3, 3, 3, 3, 3]
                int[] faceVertexIndices = [0, 1, 2, 0, 2, 3, 0, 3, 4, 0, 4, 5, 0, 5, 6, 0, 6, 7, 0, 7, 8, 0, 8, 9, 0, 9, 10, 0, 10, 11, 0, 11, 12, 0, 12, 13, 0, 13, 14, 0, 14, 15]
                rel material:binding = </Plant_1/Materials/Leaf>
                uniform token physics:approximation = "convexHull"
                point3f[] points = [(0, 0, 0), (0.006785423, 0.006424335, 0), (0.011992704, 0.01284867, 0), (0.014956986, 0.019273005, 0), (0.015418404, 0.02569734, 0), (0.013532511, 0.032121677, 0), (0.009812213, 0.03854601, 0), (0.0050153127, 0.044970345, 0), (0, 0.05139468, 0), (-0.0050153127, 0.044970345, 0), (-0.009812213, 0.03854601, 0), (-0.013532511, 0.032121677, 0), (-0.015418404, 0.02569734, 0), (-0.014956986, 0.019273005, 0), (-0.011992704, 0.01284867, 0), (-0.006785423, 0.006424335, 0)]
                uniform token subdivisionScheme = "none"
                matrix4d xformOp:transform = ( (0.7933533402912352, -0.6087614290087207, 0, 0), (0.5720486226585795, 0.7455082795475254, 0.3420201433256687, 0), (-0.20820867120070155, -0.2713428231543063, 0.9396926207859084, 0), (0.07617072476328932, 0.0992676211792226, 0.0984746622981068, 1) )
                uniform token[] xformOpOrder = ["xformOp:transform"]
            }
        }

        def Xform "Leaf_o0_r0_i0" (
            prepend apiSchemas = ["PhysicsRigidBodyAPI", "PhysicsMassAPI", "PhysicsFilteredPairsAPI"]
        )
        {
            prepend rel physics:filteredPairs = </Plant_1/Stem/Internode_o0_r0>
            float physics:mass = 0.05

            def Cylinder "Petiole" (
                prepend apiSchemas = ["PhysicsCollisionAPI"]
            )
            {
                uniform token axis = "Z"
                double height = 0.0140959285
                rel material:binding = </Plant_1/Materials/Leaf>
                double radius = 0.0013708973
                matrix4d xformOp:transform = ( (-1.2246467991473532e-16, -1, 0, 0), (0, 0, 1, 0), (-1, 1.2246467991473532e-16, 0, 0), (-0.00704796425, 8.631266859267476e-19, 0.009271495, 1) )
                uniform token[] xformOpOrder = ["xformOp:transform"]
            }

            def Cylinder "Rachis" (
                prepend apiSchemas = ["PhysicsCollisionAPI"]
            )
            {
                uniform token axis = "Z"
                double height = 0.0001
                rel material:binding = </Plant_1/Materials/Leaf>
                double radius = 0.0008225383799999999
                matrix4d xformOp:transform = ( (-1.2246467991473532e-16, -1, 0, 0), (0, 0, 1, 0), (-1, 1.2246467991473532e-16, 0, 0), (-0.0141459285, 1.732376605849232e-18, 0.009271495, 1) )
                uniform token[] xformOpOrder = ["xformOp:transform"]
            }

            def Cylinder "Petiolule_term" (
                prepend apiSchemas = ["PhysicsCollisionAPI"]
            )
            {
                uniform token axis = "Z"
                double height = 0.01
                rel material:binding = </Plant_1/Materials/Leaf>
                double radius = 0.00054835892
                matrix4d xformOp:transform = ( (-1.2246467991473532e-16, -1, 0, 0), (0, 0, 1, 0), (-1, 1.2246467991473532e-16, 0, 0), (-0.0191959285, 2.3508232394186455e-18, 0.009271495, 1) )
                uniform token[] xformOpOrder = ["xformOp:transform"]
            }

            def Mesh "Blade_0" (
                prepend apiSchemas = ["PhysicsCollisionAPI", "PhysicsMeshCollisionAPI"]
            )
            {
                int[] faceVertexCounts = [3, 3, 3, 3, 3, 3, 3, 3, 3, 3, 3, 3, 3, 3]
                int[] faceVertexIndices = [0, 1, 2, 0, 2, 3, 0, 3, 4, 0, 4, 5, 0, 5, 6, 0, 6, 7, 0, 7, 8, 0, 8, 9, 0, 9, 10, 0, 10, 11, 0, 11, 12, 0, 12, 13, 0, 13, 14, 0, 14, 15]
                rel material:binding = </Plant_1/Materials/Leaf>
                uniform token physics:approximation = "convexHull"
                point3f[] points = [(0, 0, 0), (0.001977589, 0.0018723512, 0), (0.0034952338, 0.0037447023, 0), (0.004359164, 0.0056170537, 0), (0.004493643, 0.0074894046, 0), (0.0039440054, 0.009361756, 0), (0.0028597368, 0.011234107, 0), (0.0014616962, 0.013106458, 0), (0, 0.014978809, 0), (-0.0014616962, 0.013106458, 0), (-0.0028597368, 0.011234107, 0), (-0.0039440054, 0.009361756, 0), (-0.004493643, 0.0074894046, 0), (-0.004359164, 0.0056170537, 0), (-0.0034952338, 0.0037447023, 0), (-0.001977589, 0.0018723512, 0)]
                uniform token subdivisionScheme = "none"
                matrix4d xformOp:transform = ( (1.2246467991473532e-16, 1, -0, 0), (-1, 1.2246467991473532e-16, 0, 0), (0, 0, 1, 0), (-0.024195928499999998, 2.963146638992322e-18, 0.009271495, 1) )
                uniform token[] xformOpOrder = ["xformOp:transform"]
            }
        }

        def Xform "Leaf_o0_r0_i1" (
            prepend apiSchemas = ["PhysicsRigidBodyAPI", "PhysicsMassAPI"]
        )
        {
            float physics:mass = 0.05

            def Cylinder "Petiole" (
                prepend apiSchemas = ["PhysicsCollisionAPI"]
            )
            {
                uniform token axis = "Z"
                double height = 0.0140959285
                rel material:binding = </Plant_1/Materials/Leaf>
                double radius = 0.0013708973
                matrix4d xformOp:transform = ( (0, 1, 0, 0), (0, 0, 1, 0), (1, 0, 0, 0), (0.00704796425, 0, 0, 1) )
                uniform token[] xformOpOrder = ["xformOp:transform"]
            }

            def Cylinder "Rachis" (
                prepend apiSchemas = ["PhysicsCollisionAPI"]
            )
            {
                uniform token axis = "Z"
                double height = 0.0001
                rel material:binding = </Plant_1/Materials/Leaf>
                double radius = 0.0008225383799999999
                matrix4d xformOp:transform = ( (0, 1, 0, 0), (0, 0, 1, 0), (1, 0, 0, 0), (0.0141459285, 0, 0, 1) )
                uniform token[] xformOpOrder = ["xformOp:transform"]
            }

            def Cylinder "Petiolule_term" (
                prepend apiSchemas = ["PhysicsCollisionAPI"]
            )
            {
                uniform token axis = "Z"
                double height = 0.01
                rel material:binding = </Plant_1/Materials/Leaf>
                double radius = 0.00054835892
                matrix4d xformOp:transform = ( (0, 1, 0, 0), (0, 0, 1, 0), (1, 0, 0, 0), (0.0191959285, 0, 0, 1) )
                uniform token[] xformOpOrder = ["xformOp:transform"]
            }

            def Mesh "Blade_0" (
                prepend apiSchemas = ["PhysicsCollisionAPI", "PhysicsMeshCollisionAPI"]
            )
            {
                int[] faceVertexCounts = [3, 3, 3, 3, 3, 3, 3, 3, 3, 3, 3, 3, 3, 3]
                int[] faceVertexIndices = [0, 1, 2, 0, 2, 3, 0, 3, 4, 0, 4, 5, 0, 5, 6, 0, 6, 7, 0, 7, 8, 0, 8, 9, 0, 9, 10, 0, 10, 11, 0, 11, 12, 0, 12, 13, 0, 13, 14, 0, 14, 15]
                rel material:binding = </Plant_1/Materials/Leaf>
                uniform token physics:approximation = "convexHull"
                point3f[] points = [(0, 0, 0), (0.001977589, 0.0018723512, 0), (0.0034952338, 0.0037447023, 0), (0.004359164, 0.0056170537, 0), (0.004493643, 0.0074894046, 0), (0.0039440054, 0.009361756, 0), (0.0028597368, 0.011234107, 0), (0.0014616962, 0.013106458, 0), (0, 0.014978809, 0), (-0.0014616962, 0.013106458, 0), (-0.0028597368, 0.011234107, 0), (-0.0039440054, 0.009361756, 0), (-0.004493643, 0.0074894046, 0), (-0.004359164, 0.0056170537, 0), (-0.0034952338, 0.0037447023, 0), (-0.001977589, 0.0018723512, 0)]
                uniform token subdivisionScheme = "none"
                matrix4d xformOp:transform = ( (0, -1, 0, 0), (1, 0, 0, 0), (-0, 0, 1, 0), (0.024195928499999998, 0, 0, 1) )
                uniform token[] xformOpOrder = ["xformOp:transform"]
            }
        }

        def Xform "Leaf_o0_r1_i0" (
            prepend apiSchemas = ["PhysicsRigidBodyAPI", "PhysicsMassAPI", "PhysicsFilteredPairsAPI"]
        )
        {
            prepend rel physics:filteredPairs = </Plant_1/Stem/Internode_o0_r1>
            float physics:mass = 0.05

            def Cylinder "Petiole" (
                prepend apiSchemas = ["PhysicsCollisionAPI"]
            )
            {
                uniform token axis = "Z"
                double height = 0.026974974
                rel material:binding = </Plant_1/Materials/Leaf>
                double radius = 0.00230918965
                matrix4d xformOp:transform = ( (-1, 6.123233995736766e-17, 0, 0), (0, -0, 1, 0), (6.123233995736766e-17, 1, 0, 0), (8.258703891545769e-19, 0.013487487, 0.019310631, 1) )
                uniform token[] xformOpOrder = ["xformOp:transform"]
            }

            def Cylinder "Rachis" (
                prepend apiSchemas = ["PhysicsCollisionAPI"]
            )
            {
                uniform token axis = "Z"
                double height = 0.032086246
                rel material:binding = </Plant_1/Materials/Leaf>
                double radius = 0.00138551379
                matrix4d xformOp:transform = ( (-1, 6.123233995736766e-17, 0, 0), (0, -0, 1, 0), (6.123233995736766e-17, 1, 0, 0), (2.634098739823018e-18, 0.043018097, 0.019310631, 1) )
                uniform token[] xformOpOrder = ["xformOp:transform"]
            }

            def Cylinder "Petiolule_0" (
                prepend apiSchemas = ["PhysicsCollisionAPI"]
            )
            {
                uniform token axis = "Z"
                double height = 0.01
                rel material:binding = </Plant_1/Materials/Leaf>
                double radius = 0.0009236758600000001
                matrix4d xformOp:transform = ( (-0.6427876096865394, -0.766044443118978, 0, 0), (0, 0, 1, 0), (-0.766044443118978, 0.6427876096865394, 0, 0), (-0.0038302222155948886, 0.030188912048432697, 0.019310631, 1) )
                uniform token[] xformOpOrder = ["xformOp:transform"]
            }

            def Mesh "Blade_0" (
                prepend apiSchemas = ["PhysicsCollisionAPI", "PhysicsMeshCollisionAPI"]
            )
            {
                int[] faceVertexCounts = [3, 3, 3, 3, 3, 3, 3, 3, 3, 3, 3, 3, 3, 3]
                int[] faceVertexIndices = [0, 1, 2, 0, 2, 3, 0, 3, 4, 0, 4, 5, 0, 5, 6, 0, 6, 7, 0, 7, 8, 0, 8, 9, 0, 9, 10, 0, 10, 11, 0, 11, 12, 0, 12, 13, 0, 13, 14, 0, 14, 15]
                rel material:binding = </Plant_1/Materials/Leaf>
                uniform token physics:approximation = "convexHull"
                point3f[] points = [(0, 0, 0), (0.004147845, 0.0039271163, 0), (0.0073309913, 0.007854233, 0), (0.00914302, 0.011781349, 0), (0.009425079, 0.015708465, 0), (0.008272256, 0.019635582, 0), (0.005998084, 0.023562698, 0), (0.0030657984, 0.027489815, 0), (0, 0.03141693, 0), (-0.0030657984, 0.027489815, 0), (-0.005998084, 0.023562698, 0), (-0.008272256, 0.019635582, 0), (-0.009425079, 0.015708465, 0), (-0.00914302, 0.011781349, 0), (-0.0073309913, 0.007854233, 0), (-0.004147845, 0.0039271163, 0)]
                uniform token subdivisionScheme = "none"
                matrix4d xformOp:transform = ( (0.6427876096865394, 0.766044443118978, -0, 0), (-0.766044443118978, 0.6427876096865394, 0, 0), (0, 0, 1, 0), (-0.007660444431189779, 0.033402850096865395, 0.019310631, 1) )
                uniform token[] xformOpOrder = ["xformOp:transform"]
            }

            def Cylinder "Petiolule_1" (
                prepend apiSchemas = ["PhysicsCollisionAPI"]
            )
            {
                uniform token axis = "Z"
                double height = 0.01
                rel material:binding = </Plant_1/Materials/Leaf>
                double radius = 0.0009236758600000001
                matrix4d xformOp:transform = ( (-0.6427876096865394, 0.766044443118978, 0, 0), (0, -0, 1, 0), (0.766044443118978, 0.6427876096865394, 0, 0), (0.003830222215594892, 0.030188912048432697, 0.019310631, 1) )
                uniform token[] xformOpOrder = ["xformOp:transform"]
            }

            def Mesh "Blade_1" (
                prepend apiSchemas = ["PhysicsCollisionAPI", "PhysicsMeshCollisionAPI"]
            )
            {
                int[] faceVertexCounts = [3, 3, 3, 3, 3, 3, 3, 3, 3, 3, 3, 3, 3, 3]
                int[] faceVertexIndices = [0, 1, 2, 0, 2, 3, 0, 3, 4, 0, 4, 5, 0, 5, 6, 0, 6, 7, 0, 7, 8, 0, 8, 9, 0, 9, 10, 0, 10, 11, 0, 11, 12, 0, 12, 13, 0, 13, 14, 0, 14, 15]
                rel material:binding = </Plant_1/Materials/Leaf>
                uniform token physics:approximation = "convexHull"
                point3f[] points = [(0, 0, 0), (0.004147845, 0.0039271163, 0), (0.0073309913, 0.007854233, 0), (0.00914302, 0.011781349, 0), (0.009425079, 0.015708465, 0), (0.008272256, 0.019635582, 0), (0.005998084, 0.023562698, 0), (0.0030657984, 0.027489815, 0), (0, 0.03141693, 0), (-0.0030657984, 0.027489815, 0), (-0.005998084, 0.023562698, 0), (-0.008272256, 0.019635582, 0), (-0.009425079, 0.015708465, 0), (-0.00914302, 0.011781349, 0), (-0.0073309913, 0.007854233, 0), (-0.004147845, 0.0039271163, 0)]
                uniform token subdivisionScheme = "none"
                matrix4d xformOp:transform = ( (0.6427876096865394, -0.766044443118978, 0, 0), (0.766044443118978, 0.6427876096865394, 0, 0), (-0, 0, 1, 0), (0.007660444431189782, 0.033402850096865395, 0.019310631, 1) )
                uniform token[] xformOpOrder = ["xformOp:transform"]
            }

            def Cylinder "Petiolule_term" (
                prepend apiSchemas = ["PhysicsCollisionAPI"]
            )
            {
                uniform token axis = "Z"
                double height = 0.01
                rel material:binding = </Plant_1/Materials/Leaf>
                double radius = 0.0009236758600000001
                matrix4d xformOp:transform = ( (-1, 6.123233995736766e-17, 0, 0), (0, -0, 1, 0), (6.123233995736766e-17, 1, 0, 0), (3.922618401123721e-18, 0.06406122, 0.019310631, 1) )
                uniform token[] xformOpOrder = ["xformOp:transform"]
            }

            def Mesh "Blade_2" (
                prepend apiSchemas = ["PhysicsCollisionAPI", "PhysicsMeshCollisionAPI"]
            )
            {
                int[] faceVertexCounts = [3, 3, 3, 3, 3, 3, 3, 3, 3, 3, 3, 3, 3, 3]
                int[] faceVertexIndices = [0, 1, 2, 0, 2, 3, 0, 3, 4, 0, 4, 5, 0, 5, 6, 0, 6, 7, 0, 7, 8, 0, 8, 9, 0, 9, 10, 0, 10, 11, 0, 11, 12, 0, 12, 13, 0, 13, 14, 0, 14, 15]
                rel material:binding = </Plant_1/Materials/Leaf>
                uniform token physics:approximation = "convexHull"
                point3f[] points = [(0, 0, 0), (0.0042102225, 0.0039861742, 0), (0.0074412385, 0.0079723485, 0), (0.009280517, 0.011958523, 0), (0.009566818, 0.015944697, 0), (0.008396658, 0.019930871, 0), (0.006088286, 0.023917045, 0), (0.0031119036, 0.02790322, 0), (0, 0.031889394, 0), (-0.0031119036, 0.02790322, 0), (-0.006088286, 0.023917045, 0), (-0.008396658, 0.019930871, 0), (-0.009566818, 0.015944697, 0), (-0.009280517, 0.011958523, 0), (-0.0074412385, 0.0079723485, 0), (-0.0042102225, 0.0039861742, 0)]
                uniform token subdivisionScheme = "none"
                matrix4d xformOp:transform = ( (1, -6.123233995736766e-17, 0, 0), (6.123233995736766e-17, 1, 0, 0), (-0, 0, 1, 0), (4.228780100910559e-18, 0.06906121999999999, 0.019310631, 1) )
                uniform token[] xformOpOrder = ["xformOp:transform"]
            }
        }

        def Xform "Leaf_o0_r1_i1" (
            prepend apiSchemas = ["PhysicsRigidBodyAPI", "PhysicsMassAPI"]
        )
        {
            float physics:mass = 0.05

            def Cylinder "Petiole" (
                prepend apiSchemas = ["PhysicsCollisionAPI"]
            )
            {
                uniform token axis = "Z"
                double height = 0.026974974
                rel material:binding = </Plant_1/Materials/Leaf>
                double radius = 0.00230918965
                matrix4d xformOp:transform = ( (1, -1.8369701987210297e-16, 0, 0), (0, 0, 1, 0), (-1.8369701987210297e-16, -1, 0, 0), (-2.4776111674637304e-18, -0.013487487, 0, 1) )
                uniform token[] xformOpOrder = ["xformOp:transform"]
            }

            def Cylinder "Rachis" (
                prepend apiSchemas = ["PhysicsCollisionAPI"]
            )
            {
                uniform token axis = "Z"
                double height = 0.032086246
                rel material:binding = </Plant_1/Materials/Leaf>
                double radius = 0.00138551379
                matrix4d xformOp:transform = ( (1, -1.8369701987210297e-16, 0, 0), (0, 0, 1, 0), (-1.8369701987210297e-16, -1, 0, 0), (-7.902296219469053e-18, -0.043018097, 0, 1) )
                uniform token[] xformOpOrder = ["xformOp:transform"]
            }

            def Cylinder "Petiolule_0" (
                prepend apiSchemas = ["PhysicsCollisionAPI"]
            )
            {
                uniform token axis = "Z"
                double height = 0.01
                rel material:binding = </Plant_1/Materials/Leaf>
                double radius = 0.0009236758600000001
                matrix4d xformOp:transform = ( (0.6427876096865395, 0.7660444431189779, -0, 0), (0, 0, 1, 0), (0.7660444431189779, -0.6427876096865395, 0, 0), (0.0038302222155948847, -0.030188912048432697, 0, 1) )
                uniform token[] xformOpOrder = ["xformOp:transform"]
            }

            def Mesh "Blade_0" (
                prepend apiSchemas = ["PhysicsCollisionAPI", "PhysicsMeshCollisionAPI"]
            )
            {
                int[] faceVertexCounts = [3, 3, 3, 3, 3, 3, 3, 3, 3, 3, 3, 3, 3, 3]
                int[] faceVertexIndices = [0, 1, 2, 0, 2, 3, 0, 3, 4, 0, 4, 5, 0, 5, 6, 0, 6, 7, 0, 7, 8, 0, 8, 9, 0, 9, 10, 0, 10, 11, 0, 11, 12, 0, 12, 13, 0, 13, 14, 0, 14, 15]
                rel material:binding = </Plant_1/Materials/Leaf>
                uniform token physics:approximation = "convexHull"
                point3f[] points = [(0, 0, 0), (0.004147845, 0.0039271163, 0), (0.0073309913, 0.007854233, 0), (0.00914302, 0.011781349, 0), (0.009425079, 0.015708465, 0), (0.008272256, 0.019635582, 0), (0.005998084, 0.023562698, 0), (0.0030657984, 0.027489815, 0), (0, 0.03141693, 0), (-0.0030657984, 0.027489815, 0), (-0.005998084, 0.023562698, 0), (-0.008272256, 0.019635582, 0), (-0.009425079, 0.015708465, 0), (-0.00914302, 0.011781349, 0), (-0.0073309913, 0.007854233, 0), (-0.004147845, 0.0039271163, 0)]
                uniform token subdivisionScheme = "none"
                matrix4d xformOp:transform = ( (-0.6427876096865395, -0.7660444431189779, 0, 0), (0.7660444431189779, -0.6427876096865395, 0, 0), (0, 0, 1, 0), (0.007660444431189774, -0.033402850096865395, 0, 1) )
                uniform token[] xformOpOrder = ["xformOp:transform"]
            }

            def Cylinder "Petiolule_1" (
                prepend apiSchemas = ["PhysicsCollisionAPI"]
            )
            {
                uniform token axis = "Z"
                double height = 0.01
                rel material:binding = </Plant_1/Materials/Leaf>
                double radius = 0.0009236758600000001
                matrix4d xformOp:transform = ( (0.6427876096865393, -0.7660444431189781, 0, 0), (0, 0, 1, 0), (-0.7660444431189781, -0.6427876096865393, 0, 0), (-0.0038302222155948955, -0.030188912048432694, 0, 1) )
                uniform token[] xformOpOrder = ["xformOp:transform"]
            }

            def Mesh "Blade_1" (
                prepend apiSchemas = ["PhysicsCollisionAPI", "PhysicsMeshCollisionAPI"]
            )
            {
                int[] faceVertexCounts = [3, 3, 3, 3, 3, 3, 3, 3, 3, 3, 3, 3, 3, 3]
                int[] faceVertexIndices = [0, 1, 2, 0, 2, 3, 0, 3, 4, 0, 4, 5, 0, 5, 6, 0, 6, 7, 0, 7, 8, 0, 8, 9, 0, 9, 10, 0, 10, 11, 0, 11, 12, 0, 12, 13, 0, 13, 14, 0, 14, 15]
                rel material:binding = </Plant_1/Materials/Leaf>
                uniform token physics:approximation = "convexHull"
                point3f[] points = [(0, 0, 0), (0.004147845, 0.0039271163, 0), (0.0073309913, 0.007854233, 0), (0.00914302, 0.011781349, 0), (0.009425079, 0.015708465, 0), (0.008272256, 0.019635582, 0), (0.005998084, 0.023562698, 0), (0.0030657984, 0.027489815, 0), (0, 0.03141693, 0), (-0.0030657984, 0.027489815, 0), (-0.005998084, 0.023562698, 0), (-0.008272256, 0.019635582, 0), (-0.009425079, 0.015708465, 0), (-0.00914302, 0.011781349, 0), (-0.0073309913, 0.007854233, 0), (-0.004147845, 0.0039271163, 0)]
                uniform token subdivisionScheme = "none"
                matrix4d xformOp:transform = ( (-0.6427876096865393, 0.7660444431189781, 0, 0), (-0.7660444431189781, -0.6427876096865393, 0, 0), (0, 0, 1, 0), (-0.007660444431189787, -0.03340285009686539, 0, 1) )
                uniform token[] xformOpOrder = ["xformOp:transform"]
            }

            def Cylinder "Petiolule_term" (
                prepend apiSchemas = ["PhysicsCollisionAPI"]
            )
            {
                uniform token axis = "Z"
                double height = 0.01
                rel material:binding = </Plant_1/Materials/Leaf>
                double radius = 0.0009236758600000001
                matrix4d xformOp:transform = ( (1, -1.8369701987210297e-16, 0, 0), (0, 0, 1, 0), (-1.8369701987210297e-16, -1, 0, 0), (-1.1767855203371159e-17, -0.06406122, 0, 1) )
                uniform token[] xformOpOrder = ["xformOp:transform"]
            }

            def Mesh "Blade_2" (
                prepend apiSchemas = ["PhysicsCollisionAPI", "PhysicsMeshCollisionAPI"]
            )
            {
                int[] faceVertexCounts = [3, 3, 3, 3, 3, 3, 3, 3, 3, 3, 3, 3, 3, 3]
                int[] faceVertexIndices = [0, 1, 2, 0, 2, 3, 0, 3, 4, 0, 4, 5, 0, 5, 6, 0, 6, 7, 0, 7, 8, 0, 8, 9, 0, 9, 10, 0, 10, 11, 0, 11, 12, 0, 12, 13, 0, 13, 14, 0, 14, 15]
                rel material:binding = </Plant_1/Materials/Leaf>
                uniform token physics:approximation = "convexHull"
                point3f[] points = [(0, 0, 0), (0.0042102225, 0.0039861742, 0), (0.0074412385, 0.0079723485, 0), (0.009280517, 0.011958523, 0), (0.009566818, 0.015944697, 0), (0.008396658, 0.019930871, 0), (0.006088286, 0.023917045, 0), (0.0031119036, 0.02790322, 0), (0, 0.031889394, 0), (-0.0031119036, 0.02790322, 0), (-0.006088286, 0.023917045, 0), (-0.008396658, 0.019930871, 0), (-0.009566818, 0.015944697, 0), (-0.009280517, 0.011958523, 0), (-0.0074412385, 0.0079723485, 0), (-0.0042102225, 0.0039861742, 0)]
                uniform token subdivisionScheme = "none"
                matrix4d xformOp:transform = ( (-1, 1.8369701987210297e-16, 0, 0), (-1.8369701987210297e-16, -1, 0, 0), (0, 0, 1, 0), (-1.2686340302731673e-17, -0.06906121999999999, 0, 1) )
                uniform token[] xformOpOrder = ["xformOp:transform"]
            }
        }

        def Xform "Leaf_o0_r2_i0" (
            prepend apiSchemas = ["PhysicsRigidBodyAPI", "PhysicsMassAPI", "PhysicsFilteredPairsAPI"]
        )
        {
            prepend rel physics:filteredPairs = </Plant_1/Stem/Internode_o0_r2>
            float physics:mass = 0.05

            def Cylinder "Petiole" (
                prepend apiSchemas = ["PhysicsCollisionAPI"]
            )
            {
                uniform token axis = "Z"
                double height = 0.033851825
                rel material:binding = </Plant_1/Materials/Leaf>
                double radius = 0.00277135775
                matrix4d xformOp:transform = ( (-1.2246467991473532e-16, -1, 0, 0), (0.3420201433256687, -4.188538737676992e-17, 0.9396926207859084, 0), (-0.9396926207859084, 1.1507915602278503e-16, 0.3420201433256687, 0), (-0.015905155076317967, 1.9478197254155075e-18, 0.04162111601916773, 1) )
                uniform token[] xformOpOrder = ["xformOp:transform"]
            }

            def Cylinder "Rachis" (
                prepend apiSchemas = ["PhysicsCollisionAPI"]
            )
            {
                uniform token axis = "Z"
                double height = 0.09449794
                rel material:binding = </Plant_1/Materials/Leaf>
                double radius = 0.0016628146499999999
                matrix4d xformOp:transform = ( (-1.2246467991473532e-16, -1, 0, 0), (0.3420201433256687, -4.188538737676992e-17, 0.9396926207859084, 0), (-0.9396926207859084, 1.1507915602278503e-16, 0.3420201433256687, 0), (-0.07620981860137069, 9.333011041376904e-18, 0.06357021852972568, 1) )
                uniform token[] xformOpOrder = ["xformOp:transform"]
            }

            def Cylinder "Petiolule_0" (
                prepend apiSchemas = ["PhysicsCollisionAPI"]
            )
            {
                uniform token axis = "Z"
                double height = 0.01
                rel material:binding = </Plant_1/Materials/Leaf>
                double radius = 0.0011085431
                matrix4d xformOp:transform = ( (0.7852561107532648, -0.6191710914800983, 0, 0), (0.1361224799638779, 0.17263565866262628, 0.9755345200486781, 0), (-0.6040227735550538, -0.7660444431189779, 0.2198463103929542, 0), (-0.0348304240204112, -0.0038302222155948856, 0.048509350590300225, 1) )
                uniform token[] xformOpOrder = ["xformOp:transform"]
            }

            def Mesh "Blade_0" (
                prepend apiSchemas = ["PhysicsCollisionAPI", "PhysicsMeshCollisionAPI"]
            )
            {
                int[] faceVertexCounts = [3, 3, 3, 3, 3, 3, 3, 3, 3, 3, 3, 3, 3, 3]
                int[] faceVertexIndices = [0, 1, 2, 0, 2, 3, 0, 3, 4, 0, 4, 5, 0, 5, 6, 0, 6, 7, 0, 7, 8, 0, 8, 9, 0, 9, 10, 0, 10, 11, 0, 11, 12, 0, 12, 13, 0, 13, 14, 0, 14, 15]
                rel material:binding = </Plant_1/Materials/Leaf>
                uniform token physics:approximation = "convexHull"
                point3f[] points = [(0, 0, 0), (0.006773839, 0.006413367, 0), (0.01197223, 0.012826734, 0), (0.014931451, 0.019240102, 0), (0.015392082, 0.025653468, 0), (0.013509408, 0.032066837, 0), (0.009795461, 0.038480204, 0), (0.0050067506, 0.04489357, 0), (0, 0.051306937, 0), (-0.0050067506, 0.04489357, 0), (-0.009795461, 0.038480204, 0), (-0.013509408, 0.032066837, 0), (-0.015392082, 0.025653468, 0), (-0.014931451, 0.019240102, 0), (-0.01197223, 0.012826734, 0), (-0.006773839, 0.006413367, 0)]
                uniform token subdivisionScheme = "none"
                matrix4d xformOp:transform = ( (-0.7852561107532648, 0.6191710914800983, 0, 0), (-0.6040227735550538, -0.7660444431189779, 0.2198463103929542, 0), (0.1361224799638779, 0.17263565866262628, 0.9755345200486781, 0), (-0.03785053788818647, -0.0076604444311897755, 0.049608582142265, 1) )
                uniform token[] xformOpOrder = ["xformOp:transform"]
            }

            def Cylinder "Petiolule_1" (
                prepend apiSchemas = ["PhysicsCollisionAPI"]
            )
            {
                uniform token axis = "Z"
                double height = 0.01
                rel material:binding = </Plant_1/Materials/Leaf>
                double radius = 0.0011085431
                matrix4d xformOp:transform = ( (-0.7852561107532651, -0.6191710914800981, 0, 0), (0.13612247996387788, -0.1726356586626263, 0.9755345200486782, 0), (-0.6040227735550536, 0.7660444431189781, 0.2198463103929542, 0), (-0.0348304240204112, 0.0038302222155948947, 0.048509350590300225, 1) )
                uniform token[] xformOpOrder = ["xformOp:transform"]
            }

            def Mesh "Blade_1" (
                prepend apiSchemas = ["PhysicsCollisionAPI", "PhysicsMeshCollisionAPI"]
            )
            {
                int[] faceVertexCounts = [3, 3, 3, 3, 3, 3, 3, 3, 3, 3, 3, 3, 3, 3]
                int[] faceVertexIndices = [0, 1, 2, 0, 2, 3, 0, 3, 4, 0, 4, 5, 0, 5, 6, 0, 6, 7, 0, 7, 8, 0, 8, 9, 0, 9, 10, 0, 10, 11, 0, 11, 12, 0, 12, 13, 0, 13, 14, 0, 14, 15]
                rel material:binding = </Plant_1/Materials/Leaf>
                uniform token physics:approximation = "convexHull"
                point3f[] points = [(0, 0, 0), (0.006773839, 0.006413367, 0), (0.01197223, 0.012826734, 0), (0.014931451, 0.019240102, 0), (0.015392082, 0.025653468, 0), (0.013509408, 0.032066837, 0), (0.009795461, 0.038480204, 0), (0.0050067506, 0.04489357, 0), (0, 0.051306937, 0), (-0.0050067506, 0.04489357, 0), (-0.009795461, 0.038480204, 0), (-0.013509408, 0.032066837, 0), (-0.015392082, 0.025653468, 0), (-0.014931451, 0.019240102, 0), (-0.01197223, 0.012826734, 0), (-0.006773839, 0.006413367, 0)]
                uniform token subdivisionScheme = "none"
                matrix4d xformOp:transform = ( (0.7852561107532651, 0.6191710914800981, -0, 0), (-0.6040227735550536, 0.7660444431189781, 0.2198463103929542, 0), (0.13612247996387788, -0.1726356586626263, 0.9755345200486782, 0), (-0.03785053788818647, 0.007660444431189785, 0.049608582142265, 1) )
                uniform token[] xformOpOrder = ["xformOp:transform"]
            }

            def Cylinder "Petiolule_2" (
                prepend apiSchemas = ["PhysicsCollisionAPI"]
            )
            {
                uniform token axis = "Z"
                double height = 0.01
                rel material:binding = </Plant_1/Materials/Leaf>
                double radius = 0.0011085431
                matrix4d xformOp:transform = ( (0.7852561107532648, -0.6191710914800983, 0, 0), (0.1361224799638779, 0.17263565866262628, 0.9755345200486781, 0), (-0.6040227735550538, -0.7660444431189779, 0.2198463103929542, 0), (-0.09025959903762872, -0.0038302222155948786, 0.0686839204064992, 1) )
                uniform token[] xformOpOrder = ["xformOp:transform"]
            }

            def Mesh "Blade_2" (
                prepend apiSchemas = ["PhysicsCollisionAPI", "PhysicsMeshCollisionAPI"]
            )
            {
                int[] faceVertexCounts = [3, 3, 3, 3, 3, 3, 3, 3, 3, 3, 3, 3, 3, 3]
                int[] faceVertexIndices = [0, 1, 2, 0, 2, 3, 0, 3, 4, 0, 4, 5, 0, 5, 6, 0, 6, 7, 0, 7, 8, 0, 8, 9, 0, 9, 10, 0, 10, 11, 0, 11, 12, 0, 12, 13, 0, 13, 14, 0, 14, 15]
                rel material:binding = </Plant_1/Materials/Leaf>
                uniform token physics:approximation = "convexHull"
                point3f[] points = [(0, 0, 0), (0.006773839, 0.006413367, 0), (0.01197223, 0.012826734, 0), (0.014931451, 0.019240102, 0), (0.015392082, 0.025653468, 0), (0.013509408, 0.032066837, 0), (0.009795461, 0.038480204, 0), (0.0050067506, 0.04489357, 0), (0, 0.051306937, 0), (-0.0050067506, 0.04489357, 0), (-0.009795461, 0.038480204, 0), (-0.013509408, 0.032066837, 0), (-0.015392082, 0.025653468, 0), (-0.014931451, 0.019240102, 0), (-0.01197223, 0.012826734, 0), (-0.006773839, 0.006413367, 0)]
                uniform token subdivisionScheme = "none"
                matrix4d xformOp:transform = ( (-0.7852561107532648, 0.6191710914800983, 0, 0), (-0.6040227735550538, -0.7660444431189779, 0.2198463103929542, 0), (0.1361224799638779, 0.17263565866262628, 0.9755345200486781, 0), (-0.09327971290540397, -0.0076604444311897685, 0.06978315195846398, 1) )
                uniform token[] xformOpOrder = ["xformOp:transform"]
            }

            def Cylinder "Petiolule_3" (
                prepend apiSchemas = ["PhysicsCollisionAPI"]
            )
            {
                uniform token axis = "Z"
                double height = 0.01
                rel material:binding = </Plant_1/Materials/Leaf>
                double radius = 0.0011085431
                matrix4d xformOp:transform = ( (-0.7852561107532651, -0.6191710914800981, 0, 0), (0.13612247996387788, -0.1726356586626263, 0.9755345200486782, 0), (-0.6040227735550536, 0.7660444431189781, 0.2198463103929542, 0), (-0.09025959903762872, 0.0038302222155949016, 0.0686839204064992, 1) )
                uniform token[] xformOpOrder = ["xformOp:transform"]
            }

            def Mesh "Blade_3" (
                prepend apiSchemas = ["PhysicsCollisionAPI", "PhysicsMeshCollisionAPI"]
            )
            {
                int[] faceVertexCounts = [3, 3, 3, 3, 3, 3, 3, 3, 3, 3, 3, 3, 3, 3]
                int[] faceVertexIndices = [0, 1, 2, 0, 2, 3, 0, 3, 4, 0, 4, 5, 0, 5, 6, 0, 6, 7, 0, 7, 8, 0, 8, 9, 0, 9, 10, 0, 10, 11, 0, 11, 12, 0, 12, 13, 0, 13, 14, 0, 14, 15]
                rel material:binding = </Plant_1/Materials/Leaf>
                uniform token physics:approximation = "convexHull"
                point3f[] points = [(0, 0, 0), (0.006773839, 0.006413367, 0), (0.01197223, 0.012826734, 0), (0.014931451, 0.019240102, 0), (0.015392082, 0.025653468, 0), (0.013509408, 0.032066837, 0), (0.009795461, 0.038480204, 0), (0.0050067506, 0.04489357, 0), (0, 0.051306937, 0), (-0.0050067506, 0.04489357, 0), (-0.009795461, 0.038480204, 0), (-0.013509408, 0.032066837, 0), (-0.015392082, 0.025653468, 0), (-0.014931451, 0.019240102, 0), (-0.01197223, 0.012826734, 0), (-0.006773839, 0.006413367, 0)]
                uniform token subdivisionScheme = "none"
                matrix4d xformOp:transform = ( (0.7852561107532651, 0.6191710914800981, -0, 0), (-0.6040227735550536, 0.7660444431189781, 0.2198463103929542, 0), (0.13612247996387788, -0.1726356586626263, 0.9755345200486782, 0), (-0.09327971290540397, 0.007660444431189792, 0.06978315195846398, 1) )
                uniform token[] xformOpOrder = ["xformOp:transform"]
            }

            def Cylinder "Petiolule_term" (
                prepend apiSchemas = ["PhysicsCollisionAPI"]
            )
            {
                uniform token axis = "Z"
                double height = 0.01
                rel material:binding = </Plant_1/Materials/Leaf>
                double radius = 0.0011085431
                matrix4d xformOp:transform = ( (-1.2246467991473532e-16, -1, 0, 0), (0.3420201433256687, -4.188538737676992e-17, 0.9396926207859084, 0), (-0.9396926207859084, 1.1507915602278503e-16, 0.3420201433256687, 0), (-0.125307790154035, 1.5345778412036718e-17, 0.08144041873774424, 1) )
                uniform token[] xformOpOrder = ["xformOp:transform"]
            }

            def Mesh "Blade_4" (
                prepend apiSchemas = ["PhysicsCollisionAPI", "PhysicsMeshCollisionAPI"]
            )
            {
                int[] faceVertexCounts = [3, 3, 3, 3, 3, 3, 3, 3, 3, 3, 3, 3, 3, 3]
                int[] faceVertexIndices = [0, 1, 2, 0, 2, 3, 0, 3, 4, 0, 4, 5, 0, 5, 6, 0, 6, 7, 0, 7, 8, 0, 8, 9, 0, 9, 10, 0, 10, 11, 0, 11, 12, 0, 12, 13, 0, 13, 14, 0, 14, 15]
                rel material:binding = </Plant_1/Materials/Leaf>
                uniform token physics:approximation = "convexHull"
                point3f[] points = [(0, 0, 0), (0.006773839, 0.006413367, 0), (0.01197223, 0.012826734, 0), (0.014931451, 0.019240102, 0), (0.015392081, 0.025653468, 0), (0.013509408, 0.032066837, 0), (0.009795461, 0.038480204, 0), (0.00500675, 0.04489357, 0), (0, 0.051306937, 0), (-0.00500675, 0.04489357, 0), (-0.009795461, 0.038480204, 0), (-0.013509408, 0.032066837, 0), (-0.015392081, 0.025653468, 0), (-0.014931451, 0.019240102, 0), (-0.01197223, 0.012826734, 0), (-0.006773839, 0.006413367, 0)]
                uniform token subdivisionScheme = "none"
                matrix4d xformOp:transform = ( (1.2246467991473532e-16, 1, -0, 0), (-0.9396926207859084, 1.1507915602278503e-16, 0.3420201433256687, 0), (0.3420201433256687, -4.188538737676992e-17, 0.9396926207859084, 0), (-0.13000625325796455, 1.5921174192150642e-17, 0.08315051945437259, 1) )
                uniform token[] xformOpOrder = ["xformOp:transform"]
            }
        }
    }

    def "Joints"
    {
        def PhysicsSphericalJoint "Joint_Leaf_o1_r4_i0" (
            prepend apiSchemas = ["PhysicsDriveAPI:rotX", "PhysicsDriveAPI:rotY", "PhysicsDriveAPI:rotZ"]
        )
        {
            float drive:rotX:physics:damping = 0.5
            float drive:rotX:physics:stiffness = 5
            float drive:rotX:physics:targetPosition = 0
            uniform token drive:rotX:physics:type = "force"
            float drive:rotY:physics:damping = 0.5
            float drive:rotY:physics:stiffness = 5
            float drive:rotY:physics:targetPosition = 0
            uniform token drive:rotY:physics:type = "force"
            float drive:rotZ:physics:damping = 0.5
            float drive:rotZ:physics:stiffness = 5
            float drive:rotZ:physics:targetPosition = 0
            uniform token drive:rotZ:physics:type = "force"
            rel physics:body0 = </Plant_1/Stem/Internode_o1_r4>
            rel physics:body1 = </Plant_1/Leaves/Leaf_o1_r4_i0>
            float physics:coneAngle0Limit = 45
            float physics:coneAngle1Limit = 45
            point3f physics:localPos0 = (0, 0, 0.00963194)
            point3f physics:localPos1 = (0, 0, 0.11659477)
        }

        def PhysicsSphericalJoint "Joint_Leaf_o1_r4_i1" (
            prepend apiSchemas = ["PhysicsDriveAPI:rotX", "PhysicsDriveAPI:rotY", "PhysicsDriveAPI:rotZ"]
        )
        {
            float drive:rotX:physics:damping = 0.5
            float drive:rotX:physics:stiffness = 5
            float drive:rotX:physics:targetPosition = 0
            uniform token drive:rotX:physics:type = "force"
            float drive:rotY:physics:damping = 0.5
            float drive:rotY:physics:stiffness = 5
            float drive:rotY:physics:targetPosition = 0
            uniform token drive:rotY:physics:type = "force"
            float drive:rotZ:physics:damping = 0.5
            float drive:rotZ:physics:stiffness = 5
            float drive:rotZ:physics:targetPosition = 0
            uniform token drive:rotZ:physics:type = "force"
            rel physics:body0 = </Plant_1/Stem/Internode_o1_r4>
            rel physics:body1 = </Plant_1/Leaves/Leaf_o1_r4_i1>
            float physics:coneAngle0Limit = 45
            float physics:coneAngle1Limit = 45
            point3f physics:localPos0 = (0, 0, 0.01229188)
            point3f physics:localPos1 = (0, 0, 0.12704718)
        }

        def PhysicsSphericalJoint "Joint_Leaf_o1_r4_i2" (
            prepend apiSchemas = ["PhysicsDriveAPI:rotX", "PhysicsDriveAPI:rotY", "PhysicsDriveAPI:rotZ"]
        )
        {
            float drive:rotX:physics:damping = 0.5
            float drive:rotX:physics:stiffness = 5
            float drive:rotX:physics:targetPosition = 0
            uniform token drive:rotX:physics:type = "force"
            float drive:rotY:physics:damping = 0.5
            float drive:rotY:physics:stiffness = 5
            float drive:rotY:physics:targetPosition = 0
            uniform token drive:rotY:physics:type = "force"
            float drive:rotZ:physics:damping = 0.5
            float drive:rotZ:physics:stiffness = 5
            float drive:rotZ:physics:targetPosition = 0
            uniform token drive:rotZ:physics:type = "force"
            rel physics:body0 = </Plant_1/Stem/Internode_o1_r4>
            rel physics:body1 = </Plant_1/Leaves/Leaf_o1_r4_i2>
            float physics:coneAngle0Limit = 45
            float physics:coneAngle1Limit = 45
            point3f physics:localPos0 = (0, 0, 0.01229188)
            point3f physics:localPos1 = (0, 0, 0.12704718)
        }

        def PhysicsSphericalJoint "Joint_Leaf_o1_r4_i3" (
            prepend apiSchemas = ["PhysicsDriveAPI:rotX", "PhysicsDriveAPI:rotY", "PhysicsDriveAPI:rotZ"]
        )
        {
            float drive:rotX:physics:damping = 0.5
            float drive:rotX:physics:stiffness = 5
            float drive:rotX:physics:targetPosition = 0
            uniform token drive:rotX:physics:type = "force"
            float drive:rotY:physics:damping = 0.5
            float drive:rotY:physics:stiffness = 5
            float drive:rotY:physics:targetPosition = 0
            uniform token drive:rotY:physics:type = "force"
            float drive:rotZ:physics:damping = 0.5
            float drive:rotZ:physics:stiffness = 5
            float drive:rotZ:physics:targetPosition = 0
            uniform token drive:rotZ:physics:type = "force"
            rel physics:body0 = </Plant_1/Stem/Internode_o1_r4>
            rel physics:body1 = </Plant_1/Leaves/Leaf_o1_r4_i3>
            float physics:coneAngle0Limit = 45
            float physics:coneAngle1Limit = 45
            point3f physics:localPos0 = (0, 0, 0.01229188)
            point3f physics:localPos1 = (0, 0, 0.12704718)
        }

        def PhysicsSphericalJoint "Joint_Leaf_o1_r3_i0" (
            prepend apiSchemas = ["PhysicsDriveAPI:rotX", "PhysicsDriveAPI:rotY", "PhysicsDriveAPI:rotZ"]
        )
        {
            float drive:rotX:physics:damping = 0.5
            float drive:rotX:physics:stiffness = 5
            float drive:rotX:physics:targetPosition = 0
            uniform token drive:rotX:physics:type = "force"
            float drive:rotY:physics:damping = 0.5
            float drive:rotY:physics:stiffness = 5
            float drive:rotY:physics:targetPosition = 0
            uniform token drive:rotY:physics:type = "force"
            float drive:rotZ:physics:damping = 0.5
            float drive:rotZ:physics:stiffness = 5
            float drive:rotZ:physics:targetPosition = 0
            uniform token drive:rotZ:physics:type = "force"
            rel physics:body0 = </Plant_1/Stem/Internode_o1_r3>
            rel physics:body1 = </Plant_1/Leaves/Leaf_o1_r3_i0>
            float physics:coneAngle0Limit = 45
            float physics:coneAngle1Limit = 45
            point3f physics:localPos0 = (0, 0, 0.013049637)
            point3f physics:localPos1 = (0, 0, 0.09733089)
        }

        def PhysicsSphericalJoint "Joint_Leaf_o1_r3_i1" (
            prepend apiSchemas = ["PhysicsDriveAPI:rotX", "PhysicsDriveAPI:rotY", "PhysicsDriveAPI:rotZ"]
        )
        {
            float drive:rotX:physics:damping = 0.5
            float drive:rotX:physics:stiffness = 5
            float drive:rotX:physics:targetPosition = 0
            uniform token drive:rotX:physics:type = "force"
            float drive:rotY:physics:damping = 0.5
            float drive:rotY:physics:stiffness = 5
            float drive:rotY:physics:targetPosition = 0
            uniform token drive:rotY:physics:type = "force"
            float drive:rotZ:physics:damping = 0.5
            float drive:rotZ:physics:stiffness = 5
            float drive:rotZ:physics:targetPosition = 0
            uniform token drive:rotZ:physics:type = "force"
            rel physics:body0 = </Plant_1/Stem/Internode_o1_r3>
            rel physics:body1 = </Plant_1/Leaves/Leaf_o1_r3_i1>
            float physics:coneAngle0Limit = 45
            float physics:coneAngle1Limit = 45
            point3f physics:localPos0 = (0, 0, 0.014506679)
            point3f physics:localPos1 = (0, 0, 0.102463424)
        }

        def PhysicsSphericalJoint "Joint_Leaf_o1_r3_i2" (
            prepend apiSchemas = ["PhysicsDriveAPI:rotX", "PhysicsDriveAPI:rotY", "PhysicsDriveAPI:rotZ"]
        )
        {
            float drive:rotX:physics:damping = 0.5
            float drive:rotX:physics:stiffness = 5
            float drive:rotX:physics:targetPosition = 0
            uniform token drive:rotX:physics:type = "force"
            float drive:rotY:physics:damping = 0.5
            float drive:rotY:physics:stiffness = 5
            float drive:rotY:physics:targetPosition = 0
            uniform token drive:rotY:physics:type = "force"
            float drive:rotZ:physics:damping = 0.5
            float drive:rotZ:physics:stiffness = 5
            float drive:rotZ:physics:targetPosition = 0
            uniform token drive:rotZ:physics:type = "force"
            rel physics:body0 = </Plant_1/Stem/Internode_o1_r3>
            rel physics:body1 = </Plant_1/Leaves/Leaf_o1_r3_i2>
            float physics:coneAngle0Limit = 45
            float physics:coneAngle1Limit = 45
            point3f physics:localPos0 = (0, 0, 0.014506679)
            point3f physics:localPos1 = (0, 0, 0.102463424)
        }

        def PhysicsSphericalJoint "Joint_Leaf_o1_r3_i3" (
            prepend apiSchemas = ["PhysicsDriveAPI:rotX", "PhysicsDriveAPI:rotY", "PhysicsDriveAPI:rotZ"]
        )
        {
            float drive:rotX:physics:damping = 0.5
            float drive:rotX:physics:stiffness = 5
            float drive:rotX:physics:targetPosition = 0
            uniform token drive:rotX:physics:type = "force"
            float drive:rotY:physics:damping = 0.5
            float drive:rotY:physics:stiffness = 5
            float drive:rotY:physics:targetPosition = 0
            uniform token drive:rotY:physics:type = "force"
            float drive:rotZ:physics:damping = 0.5
            float drive:rotZ:physics:stiffness = 5
            float drive:rotZ:physics:targetPosition = 0
            uniform token drive:rotZ:physics:type = "force"
            rel physics:body0 = </Plant_1/Stem/Internode_o1_r3>
            rel physics:body1 = </Plant_1/Leaves/Leaf_o1_r3_i3>
            float physics:coneAngle0Limit = 45
            float physics:coneAngle1Limit = 45
            point3f physics:localPos0 = (0, 0, 0.014506679)
            point3f physics:localPos1 = (0, 0, 0.102463424)
        }

        def PhysicsSphericalJoint "Joint_Leaf_o1_r2_i0" (
            prepend apiSchemas = ["PhysicsDriveAPI:rotX", "PhysicsDriveAPI:rotY", "PhysicsDriveAPI:rotZ"]
        )
        {
            float drive:rotX:physics:damping = 0.5
            float drive:rotX:physics:stiffness = 5
            float drive:rotX:physics:targetPosition = 0
            uniform token drive:rotX:physics:type = "force"
            float drive:rotY:physics:damping = 0.5
            float drive:rotY:physics:stiffness = 5
            float drive:rotY:physics:targetPosition = 0
            uniform token drive:rotY:physics:type = "force"
            float drive:rotZ:physics:damping = 0.5
            float drive:rotZ:physics:stiffness = 5
            float drive:rotZ:physics:targetPosition = 0
            uniform token drive:rotZ:physics:type = "force"
            rel physics:body0 = </Plant_1/Stem/Internode_o1_r2>
            rel physics:body1 = </Plant_1/Leaves/Leaf_o1_r2_i0>
            float physics:coneAngle0Limit = 45
            float physics:coneAngle1Limit = 45
            point3f physics:localPos0 = (0, 0, 0.014952721)
            point3f physics:localPos1 = (0, 0, 0.07123162)
        }

        def PhysicsSphericalJoint "Joint_Leaf_o0_r8_i0" (
            prepend apiSchemas = ["PhysicsDriveAPI:rotX", "PhysicsDriveAPI:rotY", "PhysicsDriveAPI:rotZ"]
        )
        {
            float drive:rotX:physics:damping = 0.5
            float drive:rotX:physics:stiffness = 5
            float drive:rotX:physics:targetPosition = 0
            uniform token drive:rotX:physics:type = "force"
            float drive:rotY:physics:damping = 0.5
            float drive:rotY:physics:stiffness = 5
            float drive:rotY:physics:targetPosition = 0
            uniform token drive:rotY:physics:type = "force"
            float drive:rotZ:physics:damping = 0.5
            float drive:rotZ:physics:stiffness = 5
            float drive:rotZ:physics:targetPosition = 0
            uniform token drive:rotZ:physics:type = "force"
            rel physics:body0 = </Plant_1/Stem/Internode_o0_r8>
            rel physics:body1 = </Plant_1/Leaves/Leaf_o0_r8_i0>
            float physics:coneAngle0Limit = 45
            float physics:coneAngle1Limit = 45
            point3f physics:localPos0 = (0, 0, 0.01884545)
            point3f physics:localPos1 = (0, 0, 0.20394772)
        }

        def PhysicsSphericalJoint "Joint_Leaf_o1_r2_i1" (
            prepend apiSchemas = ["PhysicsDriveAPI:rotX", "PhysicsDriveAPI:rotY", "PhysicsDriveAPI:rotZ"]
        )
        {
            float drive:rotX:physics:damping = 0.5
            float drive:rotX:physics:stiffness = 5
            float drive:rotX:physics:targetPosition = 0
            uniform token drive:rotX:physics:type = "force"
            float drive:rotY:physics:damping = 0.5
            float drive:rotY:physics:stiffness = 5
            float drive:rotY:physics:targetPosition = 0
            uniform token drive:rotY:physics:type = "force"
            float drive:rotZ:physics:damping = 0.5
            float drive:rotZ:physics:stiffness = 5
            float drive:rotZ:physics:targetPosition = 0
            uniform token drive:rotZ:physics:type = "force"
            rel physics:body0 = </Plant_1/Stem/Internode_o1_r2>
            rel physics:body1 = </Plant_1/Leaves/Leaf_o1_r2_i1>
            float physics:coneAngle0Limit = 45
            float physics:coneAngle1Limit = 45
            point3f physics:localPos0 = (0, 0, 0.015790919)
            point3f physics:localPos1 = (0, 0, 0.073450066)
        }

        def PhysicsSphericalJoint "Joint_Leaf_o1_r2_i2" (
            prepend apiSchemas = ["PhysicsDriveAPI:rotX", "PhysicsDriveAPI:rotY", "PhysicsDriveAPI:rotZ"]
        )
        {
            float drive:rotX:physics:damping = 0.5
            float drive:rotX:physics:stiffness = 5
            float drive:rotX:physics:targetPosition = 0
            uniform token drive:rotX:physics:type = "force"
            float drive:rotY:physics:damping = 0.5
            float drive:rotY:physics:stiffness = 5
            float drive:rotY:physics:targetPosition = 0
            uniform token drive:rotY:physics:type = "force"
            float drive:rotZ:physics:damping = 0.5
            float drive:rotZ:physics:stiffness = 5
            float drive:rotZ:physics:targetPosition = 0
            uniform token drive:rotZ:physics:type = "force"
            rel physics:body0 = </Plant_1/Stem/Internode_o1_r2>
            rel physics:body1 = </Plant_1/Leaves/Leaf_o1_r2_i2>
            float physics:coneAngle0Limit = 45
            float physics:coneAngle1Limit = 45
            point3f physics:localPos0 = (0, 0, 0.015790919)
            point3f physics:localPos1 = (0, 0, 0.073450066)
        }

        def PhysicsSphericalJoint "Joint_Leaf_o1_r2_i3" (
            prepend apiSchemas = ["PhysicsDriveAPI:rotX", "PhysicsDriveAPI:rotY", "PhysicsDriveAPI:rotZ"]
        )
        {
            float drive:rotX:physics:damping = 0.5
            float drive:rotX:physics:stiffness = 5
            float drive:rotX:physics:targetPosition = 0
            uniform token drive:rotX:physics:type = "force"
            float drive:rotY:physics:damping = 0.5
            float drive:rotY:physics:stiffness = 5
            float drive:rotY:physics:targetPosition = 0
            uniform token drive:rotY:physics:type = "force"
            float drive:rotZ:physics:damping = 0.5
            float drive:rotZ:physics:stiffness = 5
            float drive:rotZ:physics:targetPosition = 0
            uniform token drive:rotZ:physics:type = "force"
            rel physics:body0 = </Plant_1/Stem/Internode_o1_r2>
            rel physics:body1 = </Plant_1/Leaves/Leaf_o1_r2_i3>
            float physics:coneAngle0Limit = 45
            float physics:coneAngle1Limit = 45
            point3f physics:localPos0 = (0, 0, 0.015790919)
            point3f physics:localPos1 = (0, 0, 0.073450066)
        }

        def PhysicsSphericalJoint "Joint_Leaf_o1_r1_i0" (
            prepend apiSchemas = ["PhysicsDriveAPI:rotX", "PhysicsDriveAPI:rotY", "PhysicsDriveAPI:rotZ"]
        )
        {
            float drive:rotX:physics:damping = 0.5
            float drive:rotX:physics:stiffness = 5
            float drive:rotX:physics:targetPosition = 0
            uniform token drive:rotX:physics:type = "force"
            float drive:rotY:physics:damping = 0.5
            float drive:rotY:physics:stiffness = 5
            float drive:rotY:physics:targetPosition = 0
            uniform token drive:rotY:physics:type = "force"
            float drive:rotZ:physics:damping = 0.5
            float drive:rotZ:physics:stiffness = 5
            float drive:rotZ:physics:targetPosition = 0
            uniform token drive:rotZ:physics:type = "force"
            rel physics:body0 = </Plant_1/Stem/Internode_o1_r1>
            rel physics:body1 = </Plant_1/Leaves/Leaf_o1_r1_i0>
            float physics:coneAngle0Limit = 45
            float physics:coneAngle1Limit = 45
            point3f physics:localPos0 = (0, 0, 0.016027339)
            point3f physics:localPos1 = (0, 0, 0.041326173)
        }

        def PhysicsSphericalJoint "Joint_Leaf_o0_r7_i0" (
            prepend apiSchemas = ["PhysicsDriveAPI:rotX", "PhysicsDriveAPI:rotY", "PhysicsDriveAPI:rotZ"]
        )
        {
            float drive:rotX:physics:damping = 0.5
            float drive:rotX:physics:stiffness = 5
            float drive:rotX:physics:targetPosition = 0
            uniform token drive:rotX:physics:type = "force"
            float drive:rotY:physics:damping = 0.5
            float drive:rotY:physics:stiffness = 5
            float drive:rotY:physics:targetPosition = 0
            uniform token drive:rotY:physics:type = "force"
            float drive:rotZ:physics:damping = 0.5
            float drive:rotZ:physics:stiffness = 5
            float drive:rotZ:physics:targetPosition = 0
            uniform token drive:rotZ:physics:type = "force"
            rel physics:body0 = </Plant_1/Stem/Internode_o0_r7>
            rel physics:body1 = </Plant_1/Leaves/Leaf_o0_r7_i0>
            float physics:coneAngle0Limit = 45
            float physics:coneAngle1Limit = 45
            point3f physics:localPos0 = (0, 0, 0.019708935)
            point3f physics:localPos1 = (0, 0, 0.16625682)
        }

        def PhysicsSphericalJoint "Joint_Leaf_o1_r1_i1" (
            prepend apiSchemas = ["PhysicsDriveAPI:rotX", "PhysicsDriveAPI:rotY", "PhysicsDriveAPI:rotZ"]
        )
        {
            float drive:rotX:physics:damping = 0.5
            float drive:rotX:physics:stiffness = 5
            float drive:rotX:physics:targetPosition = 0
            uniform token drive:rotX:physics:type = "force"
            float drive:rotY:physics:damping = 0.5
            float drive:rotY:physics:stiffness = 5
            float drive:rotY:physics:targetPosition = 0
            uniform token drive:rotY:physics:type = "force"
            float drive:rotZ:physics:damping = 0.5
            float drive:rotZ:physics:stiffness = 5
            float drive:rotZ:physics:targetPosition = 0
            uniform token drive:rotZ:physics:type = "force"
            rel physics:body0 = </Plant_1/Stem/Internode_o1_r1>
            rel physics:body1 = </Plant_1/Leaves/Leaf_o1_r1_i1>
            float physics:coneAngle0Limit = 45
            float physics:coneAngle1Limit = 45
            point3f physics:localPos0 = (0, 0, 0.016298367)
            point3f physics:localPos1 = (0, 0, 0.04186823)
        }

        def PhysicsSphericalJoint "Joint_Leaf_o1_r1_i2" (
            prepend apiSchemas = ["PhysicsDriveAPI:rotX", "PhysicsDriveAPI:rotY", "PhysicsDriveAPI:rotZ"]
        )
        {
            float drive:rotX:physics:damping = 0.5
            float drive:rotX:physics:stiffness = 5
            float drive:rotX:physics:targetPosition = 0
            uniform token drive:rotX:physics:type = "force"
            float drive:rotY:physics:damping = 0.5
            float drive:rotY:physics:stiffness = 5
            float drive:rotY:physics:targetPosition = 0
            uniform token drive:rotY:physics:type = "force"
            float drive:rotZ:physics:damping = 0.5
            float drive:rotZ:physics:stiffness = 5
            float drive:rotZ:physics:targetPosition = 0
            uniform token drive:rotZ:physics:type = "force"
            rel physics:body0 = </Plant_1/Stem/Internode_o1_r1>
            rel physics:body1 = </Plant_1/Leaves/Leaf_o1_r1_i2>
            float physics:coneAngle0Limit = 45
            float physics:coneAngle1Limit = 45
            point3f physics:localPos0 = (0, 0, 0.016298367)
            point3f physics:localPos1 = (0, 0, 0.04186823)
        }

        def PhysicsSphericalJoint "Joint_Leaf_o1_r1_i3" (
            prepend apiSchemas = ["PhysicsDriveAPI:rotX", "PhysicsDriveAPI:rotY", "PhysicsDriveAPI:rotZ"]
        )
        {
            float drive:rotX:physics:damping = 0.5
            float drive:rotX:physics:stiffness = 5
            float drive:rotX:physics:targetPosition = 0
            uniform token drive:rotX:physics:type = "force"
            float drive:rotY:physics:damping = 0.5
            float drive:rotY:physics:stiffness = 5
            float drive:rotY:physics:targetPosition = 0
            uniform token drive:rotY:physics:type = "force"
            float drive:rotZ:physics:damping = 0.5
            float drive:rotZ:physics:stiffness = 5
            float drive:rotZ:physics:targetPosition = 0
            uniform token drive:rotZ:physics:type = "force"
            rel physics:body0 = </Plant_1/Stem/Internode_o1_r1>
            rel physics:body1 = </Plant_1/Leaves/Leaf_o1_r1_i3>
            float physics:coneAngle0Limit = 45
            float physics:coneAngle1Limit = 45
            point3f physics:localPos0 = (0, 0, 0.016298367)
            point3f physics:localPos1 = (0, 0, 0.04186823)
        }

        def PhysicsSphericalJoint "Joint_Leaf_o0_r6_i0" (
            prepend apiSchemas = ["PhysicsDriveAPI:rotX", "PhysicsDriveAPI:rotY", "PhysicsDriveAPI:rotZ"]
        )
        {
            float drive:rotX:physics:damping = 0.5
            float drive:rotX:physics:stiffness = 5
            float drive:rotX:physics:targetPosition = 0
            uniform token drive:rotX:physics:type = "force"
            float drive:rotY:physics:damping = 0.5
            float drive:rotY:physics:stiffness = 5
            float drive:rotY:physics:targetPosition = 0
            uniform token drive:rotY:physics:type = "force"
            float drive:rotZ:physics:damping = 0.5
            float drive:rotZ:physics:stiffness = 5
            float drive:rotZ:physics:targetPosition = 0
            uniform token drive:rotZ:physics:type = "force"
            rel physics:body0 = </Plant_1/Stem/Internode_o0_r6>
            rel physics:body1 = </Plant_1/Leaves/Leaf_o0_r6_i0>
            float physics:coneAngle0Limit = 45
            float physics:coneAngle1Limit = 45
            point3f physics:localPos0 = (0, 0, 0.019724187)
            point3f physics:localPos1 = (0, 0, 0.12683895)
        }

        def PhysicsSphericalJoint "Joint_Leaf_o0_r5_i0" (
            prepend apiSchemas = ["PhysicsDriveAPI:rotX", "PhysicsDriveAPI:rotY", "PhysicsDriveAPI:rotZ"]
        )
        {
            float drive:rotX:physics:damping = 0.5
            float drive:rotX:physics:stiffness = 5
            float drive:rotX:physics:targetPosition = 0
            uniform token drive:rotX:physics:type = "force"
            float drive:rotY:physics:damping = 0.5
            float drive:rotY:physics:stiffness = 5
            float drive:rotY:physics:targetPosition = 0
            uniform token drive:rotY:physics:type = "force"
            float drive:rotZ:physics:damping = 0.5
            float drive:rotZ:physics:stiffness = 5
            float drive:rotZ:physics:targetPosition = 0
            uniform token drive:rotZ:physics:type = "force"
            rel physics:body0 = </Plant_1/Stem/Internode_o0_r5>
            rel physics:body1 = </Plant_1/Leaves/Leaf_o0_r5_i0>
            float physics:coneAngle0Limit = 45
            float physics:coneAngle1Limit = 45
            point3f physics:localPos0 = (0, 0, 0.0086470125)
            point3f physics:localPos1 = (0, 0, 0.08739057)
        }

        def PhysicsSphericalJoint "Joint_Leaf_o0_r4_i0" (
            prepend apiSchemas = ["PhysicsDriveAPI:rotX", "PhysicsDriveAPI:rotY", "PhysicsDriveAPI:rotZ"]
        )
        {
            float drive:rotX:physics:damping = 0.5
            float drive:rotX:physics:stiffness = 5
            float drive:rotX:physics:targetPosition = 0
            uniform token drive:rotX:physics:type = "force"
            float drive:rotY:physics:damping = 0.5
            float drive:rotY:physics:stiffness = 5
            float drive:rotY:physics:targetPosition = 0
            uniform token drive:rotY:physics:type = "force"
            float drive:rotZ:physics:damping = 0.5
            float drive:rotZ:physics:stiffness = 5
            float drive:rotZ:physics:targetPosition = 0
            uniform token drive:rotZ:physics:type = "force"
            rel physics:body0 = </Plant_1/Stem/Internode_o0_r4>
            rel physics:body1 = </Plant_1/Leaves/Leaf_o0_r4_i0>
            float physics:coneAngle0Limit = 45
            float physics:coneAngle1Limit = 45
            point3f physics:localPos0 = (0, 0, 0.008581667)
            point3f physics:localPos1 = (0, 0, 0.07009655)
        }

        def PhysicsSphericalJoint "Joint_Leaf_o0_r3_i0" (
            prepend apiSchemas = ["PhysicsDriveAPI:rotX", "PhysicsDriveAPI:rotY", "PhysicsDriveAPI:rotZ"]
        )
        {
            float drive:rotX:physics:damping = 0.5
            float drive:rotX:physics:stiffness = 5
            float drive:rotX:physics:targetPosition = 0
            uniform token drive:rotX:physics:type = "force"
            float drive:rotY:physics:damping = 0.5
            float drive:rotY:physics:stiffness = 5
            float drive:rotY:physics:targetPosition = 0
            uniform token drive:rotY:physics:type = "force"
            float drive:rotZ:physics:damping = 0.5
            float drive:rotZ:physics:stiffness = 5
            float drive:rotZ:physics:targetPosition = 0
            uniform token drive:rotZ:physics:type = "force"
            rel physics:body0 = </Plant_1/Stem/Internode_o0_r3>
            rel physics:body1 = </Plant_1/Leaves/Leaf_o0_r3_i0>
            float physics:coneAngle0Limit = 45
            float physics:coneAngle1Limit = 45
            point3f physics:localPos0 = (0, 0, 0.008550551)
            point3f physics:localPos1 = (0, 0, 0.052933216)
        }

        def PhysicsSphericalJoint "Joint_Leaf_o0_r0_i0" (
            prepend apiSchemas = ["PhysicsDriveAPI:rotX", "PhysicsDriveAPI:rotY", "PhysicsDriveAPI:rotZ"]
        )
        {
            float drive:rotX:physics:damping = 0.5
            float drive:rotX:physics:stiffness = 5
            float drive:rotX:physics:targetPosition = 0
            uniform token drive:rotX:physics:type = "force"
            float drive:rotY:physics:damping = 0.5
            float drive:rotY:physics:stiffness = 5
            float drive:rotY:physics:targetPosition = 0
            uniform token drive:rotY:physics:type = "force"
            float drive:rotZ:physics:damping = 0.5
            float drive:rotZ:physics:stiffness = 5
            float drive:rotZ:physics:targetPosition = 0
            uniform token drive:rotZ:physics:type = "force"
            rel physics:body0 = </Plant_1/Stem/Internode_o0_r0>
            rel physics:body1 = </Plant_1/Leaves/Leaf_o0_r0_i0>
            float physics:coneAngle0Limit = 45
            float physics:coneAngle1Limit = 45
            point3f physics:localPos0 = (0, 0, 0.0046357475)
            point3f physics:localPos1 = (0, 0, 0.009271495)
        }

        def PhysicsSphericalJoint "Joint_Leaf_o0_r1_i0" (
            prepend apiSchemas = ["PhysicsDriveAPI:rotX", "PhysicsDriveAPI:rotY", "PhysicsDriveAPI:rotZ"]
        )
        {
            float drive:rotX:physics:damping = 0.5
            float drive:rotX:physics:stiffness = 5
            float drive:rotX:physics:targetPosition = 0
            uniform token drive:rotX:physics:type = "force"
            float drive:rotY:physics:damping = 0.5
            float drive:rotY:physics:stiffness = 5
            float drive:rotY:physics:targetPosition = 0
            uniform token drive:rotY:physics:type = "force"
            float drive:rotZ:physics:damping = 0.5
            float drive:rotZ:physics:stiffness = 5
            float drive:rotZ:physics:targetPosition = 0
            uniform token drive:rotZ:physics:type = "force"
            rel physics:body0 = </Plant_1/Stem/Internode_o0_r1>
            rel physics:body1 = </Plant_1/Leaves/Leaf_o0_r1_i0>
            float physics:coneAngle0Limit = 45
            float physics:coneAngle1Limit = 45
            point3f physics:localPos0 = (0, 0, 0.005019568)
            point3f physics:localPos1 = (0, 0, 0.01931063)
        }

        def PhysicsSphericalJoint "Joint_Leaf_o0_r2_i0" (
            prepend apiSchemas = ["PhysicsDriveAPI:rotX", "PhysicsDriveAPI:rotY", "PhysicsDriveAPI:rotZ"]
        )
        {
            float drive:rotX:physics:damping = 0.5
            float drive:rotX:physics:stiffness = 5
            float drive:rotX:physics:targetPosition = 0
            uniform token drive:rotX:physics:type = "force"
            float drive:rotY:physics:damping = 0.5
            float drive:rotY:physics:stiffness = 5
            float drive:rotY:physics:targetPosition = 0
            uniform token drive:rotY:physics:type = "force"
            float drive:rotZ:physics:damping = 0.5
            float drive:rotZ:physics:stiffness = 5
            float drive:rotZ:physics:targetPosition = 0
            uniform token drive:rotZ:physics:type = "force"
            rel physics:body0 = </Plant_1/Stem/Internode_o0_r2>
            rel physics:body1 = </Plant_1/Leaves/Leaf_o0_r2_i0>
            float physics:coneAngle0Limit = 45
            float physics:coneAngle1Limit = 45
            point3f physics:localPos0 = (0, 0, 0.008260741)
            point3f physics:localPos1 = (0, 0, 0.035832115)
        }
    }

    def Xform "Trusses"
    {
        def Xform "Truss_r6_i0"
        {
            def Cylinder "Rachis_0"
            {
                uniform token axis = "Z"
                double height = 0.012
                rel material:binding = </Plant_1/Materials/Pedicel>
                double radius = 0.00075
                matrix4d xformOp:transform = ( (-0.9659258262890682, -0.25881904510252085, 0, 0), (0.1830127018922194, -0.6830127018922193, 0.7071067811865475, 0), (-0.18301270189221938, 0.6830127018922193, 0.7071067811865476, 0), (-0.0010980762113533163, 0.004098076211353316, 0.1310815876871193, 1) )
                uniform token[] xformOpOrder = ["xformOp:transform"]
            }

            def Cylinder "Pedicel_0"
            {
                uniform token axis = "Z"
                double height = 0.003
                rel material:binding = </Plant_1/Materials/Pedicel>
                double radius = 0.0006000000000000001
                matrix4d xformOp:transform = ( (-0.25881904510252085, 0.9659258262890683, 0, 0), (0, 0, 1.0000000000000002, 0), (0.9659258262890683, 0.25881904510252085, -0, 0), (-0.0007472636832730301, 0.008584380990360413, 0.13532422837423858, 1) )
                uniform token[] xformOpOrder = ["xformOp:transform"]
            }

            def Sphere "Fruit_0" (
                prepend apiSchemas = ["PhysicsRigidBodyAPI", "PhysicsMassAPI", "PhysicsCollisionAPI"]
            )
            {
                rel material:binding = </Plant_1/Materials/FruitUnripe>
                bool physics:kinematicEnabled = 1
                float physics:mass = 0.01019666
                double radius = 0.013235083
                matrix4d xformOp:transform = ( (1, 0, 0, 0), (0, 1, 0, 0), (0, 0, 1, 0), (0.013485733538939972, 0.012398101101926802, 0.13532422837423858, 1) )
                uniform token[] xformOpOrder = ["xformOp:transform"]
            }

            def Cylinder "Rachis_1"
            {
                uniform token axis = "Z"
                double height = 0.012
                rel material:binding = </Plant_1/Materials/Pedicel>
                double radius = 0.00075
                matrix4d xformOp:transform = ( (-0.9659258262890683, -0.25881904510252085, 0, 0), (0.1521300177236822, -0.5677569555011356, 0.8090169943749475, 0), (-0.20938900595583537, 0.7814504087735197, 0.5877852522924731, 0), (-0.0034524864584416447, 0.01288485487534775, 0.1388509398879934, 1) )
                uniform token[] xformOpOrder = ["xformOp:transform"]
            }

            def Cylinder "Pedicel_1"
            {
                uniform token axis = "Z"
                double height = 0.003
                rel material:binding = </Plant_1/Materials/Pedicel>
                double radius = 0.0006000000000000001
                matrix4d xformOp:transform = ( (0.25881904510252085, -0.9659258262890683, 0, 0), (0, 0, 1.0000000000000002, 0), (-0.9659258262890683, -0.25881904510252085, 0, 0), (-0.0061577092336102595, 0.017185328760335086, 0.14237765140174824, 1) )
                uniform token[] xformOpOrder = ["xformOp:transform"]
            }

            def Sphere "Fruit_1" (
                prepend apiSchemas = ["PhysicsRigidBodyAPI", "PhysicsMassAPI", "PhysicsCollisionAPI"]
            )
            {
                rel material:binding = </Plant_1/Materials/FruitUnripe>
                bool physics:kinematicEnabled = 1
                float physics:mass = 0.009555764
                double radius = 0.012951771
                matrix4d xformOp:transform = ( (1, 0, 0, 0), (0, 1, 0, 0), (0, 0, 1, 0), (-0.020117048078125654, 0.013444935190074784, 0.14237765140174824, 1) )
                uniform token[] xformOpOrder = ["xformOp:transform"]
            }

            def Cylinder "Rachis_2"
            {
                uniform token axis = "Z"
                double height = 0.012
                rel material:binding = </Plant_1/Materials/Pedicel>
                double radius = 0.00075
                matrix4d xformOp:transform = ( (-0.9659258262890683, -0.25881904510252085, 0, 0), (0.11750138762820576, -0.4385211485883089, 0.8910065241883679, 0), (-0.23060945777054953, 0.8606462131056, 0.45399049973954686, 0), (-0.0060924772407999536, 0.02273743460662247, 0.14510159440018552, 1) )
                uniform token[] xformOpOrder = ["xformOp:transform"]
            }

            def Cylinder "Pedicel_2"
            {
                uniform token axis = "Z"
                double height = 0.003
                rel material:binding = </Plant_1/Materials/Pedicel>
                double radius = 0.0006000000000000001
                matrix4d xformOp:transform = ( (-0.25881904510252085, 0.9659258262890683, 0, 0), (0, 0, 1.0000000000000002, 0), (0.9659258262890683, 0.25881904510252085, -0, 0), (-0.006027245247989648, 0.02828954045290985, 0.1478255373986228, 1) )
                uniform token[] xformOpOrder = ["xformOp:transform"]
            }

            def Sphere "Fruit_2" (
                prepend apiSchemas = ["PhysicsRigidBodyAPI", "PhysicsMassAPI", "PhysicsCollisionAPI"]
            )
            {
                rel material:binding = </Plant_1/Materials/FruitUnripe>
                bool physics:kinematicEnabled = 1
                float physics:mass = 0.008392841
                double radius = 0.012403484
                matrix4d xformOp:transform = ( (1, 0, 0, 0), (0, 1, 0, 0), (0, 0, 1, 0), (0.007402489023007191, 0.03188802690538803, 0.1478255373986228, 1) )
                uniform token[] xformOpOrder = ["xformOp:transform"]
            }

            def Cylinder "Rachis_3"
            {
                uniform token axis = "Z"
                double height = 0.012
                rel material:binding = </Plant_1/Materials/Pedicel>
                double radius = 0.00075
                matrix4d xformOp:transform = ( (-0.9659258262890683, -0.25881904510252085, 0, 0), (0.07997948340457497, -0.2984874956289855, 0.9510565162951536, 0), (-0.24615153938604173, 0.918650051349999, 0.3090169943749475, 0), (-0.008953043223739502, 0.033413212193356065, 0.1496796393648725, 1) )
                uniform token[] xformOpOrder = ["xformOp:transform"]
            }

            def Cylinder "Pedicel_3"
            {
                uniform token axis = "Z"
                double height = 0.003
                rel material:binding = </Plant_1/Materials/Pedicel>
                double radius = 0.0006000000000000001
                matrix4d xformOp:transform = ( (0.25881904510252085, -0.9659258262890683, 0, 0), (0, 0, 1.0000000000000002, 0), (-0.9659258262890683, -0.25881904510252085, 0, 0), (-0.011878841199489353, 0.03853688393380227, 0.15153374133112218, 1) )
                uniform token[] xformOpOrder = ["xformOp:transform"]
            }

            def Sphere "Fruit_3" (
                prepend apiSchemas = ["PhysicsRigidBodyAPI", "PhysicsMassAPI", "PhysicsCollisionAPI"]
            )
            {
                rel material:binding = </Plant_1/Materials/FruitUnripe>
                bool physics:kinematicEnabled = 1
                float physics:mass = 0.007028767
                double radius = 0.011691415
                matrix4d xformOp:transform = ( (1, 0, 0, 0), (0, 1, 0, 0), (0, 0, 1, 0), (-0.02462076963328636, 0.0351226944999512, 0.15153374133112218, 1) )
                uniform token[] xformOpOrder = ["xformOp:transform"]
            }

            def Cylinder "Rachis_4"
            {
                uniform token axis = "Z"
                double height = 0.012
                rel material:binding = </Plant_1/Materials/Pedicel>
                double radius = 0.00075
                matrix4d xformOp:transform = ( (-0.9659258262890683, -0.25881904510252085, 0, 0), (0.040488218862836246, -0.15110408990407342, 0.9876883405951378, 0), (-0.25563255317172695, 0.9540336765054371, 0.15643446504023092, 0), (-0.011963747779086114, 0.04464931456048868, 0.15247234812136357, 1) )
                uniform token[] xformOpOrder = ["xformOp:transform"]
            }

            def Cylinder "Pedicel_4"
            {
                uniform token axis = "Z"
                double height = 0.003
                rel material:binding = </Plant_1/Materials/Pedicel>
                double radius = 0.0006000000000000001
                matrix4d xformOp:transform = ( (-0.25881904510252085, 0.9659258262890683, 0, 0), (0, 0, 1.0000000000000002, 0), (0.9659258262890683, 0.25881904510252085, -0, 0), (-0.012048654358682872, 0.050761745187175085, 0.15341095491160495, 1) )
                uniform token[] xformOpOrder = ["xformOp:transform"]
            }

            def Sphere "Fruit_4" (
                prepend apiSchemas = ["PhysicsRigidBodyAPI", "PhysicsMassAPI", "PhysicsCollisionAPI"]
            )
            {
                rel material:binding = </Plant_1/Materials/FruitUnripe>
                bool physics:kinematicEnabled = 1
                float physics:mass = 0.006036743
                double radius = 0.011113263
                matrix4d xformOp:transform = ( (1, 0, 0, 0), (0, 1, 0, 0), (0, 0, 1, 0), (0.0001348221267934626, 0.05402629787246204, 0.15341095491160495, 1) )
                uniform token[] xformOpOrder = ["xformOp:transform"]
            }

            def Cylinder "Rachis_5"
            {
                uniform token axis = "Z"
                double height = 0.012
                rel material:binding = </Plant_1/Materials/Pedicel>
                double radius = 0.00075
                matrix4d xformOp:transform = ( (-0.9659258262890683, -0.25881904510252085, 0, 0), (1.584809575715883e-17, -5.914589856893349e-17, 1.0000000000000002, 0), (-0.25881904510252085, 0.9659258262890683, 6.123233995736766e-17, 0), (-0.015050457368731599, 0.05616907157725571, 0.15341095491160495, 1) )
                uniform token[] xformOpOrder = ["xformOp:transform"]
            }

            def Cylinder "Pedicel_5"
            {
                uniform token axis = "Z"
                double height = 0.003
                rel material:binding = </Plant_1/Materials/Pedicel>
                double radius = 0.0006000000000000001
                matrix4d xformOp:transform = ( (0.25881904510252085, -0.9659258262890683, 0, 0), (0, 0, 1.0000000000000002, 0), (-0.9659258262890683, -0.25881904510252085, 0, 0), (-0.018052260378780327, 0.06157639796733634, 0.15341095491160495, 1) )
                uniform token[] xformOpOrder = ["xformOp:transform"]
            }

            def Sphere "Fruit_5" (
                prepend apiSchemas = ["PhysicsRigidBodyAPI", "PhysicsMassAPI", "PhysicsCollisionAPI"]
            )
            {
                rel material:binding = </Plant_1/Materials/FruitUnripe>
                bool physics:kinematicEnabled = 1
                float physics:mass = 0.0044703665
                double radius = 0.010054375
                matrix4d xformOp:transform = ( (1, 0, 0, 0), (0, 1, 0, 0), (0, 0, 1, 0), (-0.029212929597909082, 0.058585905663079904, 0.15341095491160495, 1) )
                uniform token[] xformOpOrder = ["xformOp:transform"]
            }

            def Cylinder "Rachis_6"
            {
                uniform token axis = "Z"
                double height = 0.012
                rel material:binding = </Plant_1/Materials/Pedicel>
                double radius = 0.00075
                matrix4d xformOp:transform = ( (-0.9659258262890683, -0.25881904510252085, 0, 0), (-0.04048821886283622, 0.1511040899040733, 0.9876883405951378, 0), (-0.25563255317172695, 0.9540336765054371, -0.1564344650402308, 0), (-0.018137166958377086, 0.06768882859402274, 0.15247234812136357, 1) )
                uniform token[] xformOpOrder = ["xformOp:transform"]
            }

            def Cylinder "Pedicel_6"
            {
                uniform token axis = "Z"
                double height = 0.003
                rel material:binding = </Plant_1/Materials/Pedicel>
                double radius = 0.0006000000000000001
                matrix4d xformOp:transform = ( (-0.25881904510252085, 0.9659258262890683, 0, 0), (0, 0, 1.0000000000000002, 0), (0.9659258262890683, 0.25881904510252085, -0, 0), (-0.018222073537973844, 0.07380125922070914, 0.15153374133112218, 1) )
                uniform token[] xformOpOrder = ["xformOp:transform"]
            }

            def Sphere "Fruit_6" (
                prepend apiSchemas = ["PhysicsRigidBodyAPI", "PhysicsMassAPI", "PhysicsCollisionAPI"]
            )
            {
                rel material:binding = </Plant_1/Materials/FruitUnripe>
                bool physics:kinematicEnabled = 1
                float physics:mass = 0.0028812888
                double radius = 0.008684996
                matrix4d xformOp:transform = ( (1, 0, 0, 0), (0, 1, 0, 0), (0, 0, 1, 0), (-0.00838412286092299, 0.07643733015980214, 0.15153374133112218, 1) )
                uniform token[] xformOpOrder = ["xformOp:transform"]
            }

            def Cylinder "Pedicel_7"
            {
                uniform token axis = "Z"
                double height = 0.003
                rel material:binding = </Plant_1/Materials/Pedicel>
                double radius = 0.0006000000000000001
                matrix4d xformOp:transform = ( (-0.9659258262890683, -0.25881904510252085, 0, 0), (-0.04048821886283622, 0.1511040899040733, 0.9876883405951378, 0), (-0.25563255317172695, 0.9540336765054371, -0.1564344650402308, 0), (-0.02005441110716504, 0.07484408116781352, 0.15129908963356184, 1) )
                uniform token[] xformOpOrder = ["xformOp:transform"]
            }

            def Sphere "Fruit_7" (
                prepend apiSchemas = ["PhysicsRigidBodyAPI", "PhysicsMassAPI", "PhysicsCollisionAPI"]
            )
            {
                rel material:binding = </Plant_1/Materials/FruitUnripe>
                bool physics:kinematicEnabled = 1
                float physics:mass = 0.0013847232
                double radius = 0.0068029147
                matrix4d xformOp:transform = ( (1, 0, 0, 0), (0, 1, 0, 0), (0, 0, 1, 0), (-0.022176906390693103, 0.08276534140476556, 0.15000022761419268, 1) )
                uniform token[] xformOpOrder = ["xformOp:transform"]
            }
        }

        def Xform "Truss_r7_i0"
        {
            def Cylinder "Rachis_0"
            {
                uniform token axis = "Z"
                double height = 0.012
                rel material:binding = </Plant_1/Materials/Pedicel>
                double radius = 0.00075
                matrix4d xformOp:transform = ( (0.8870108331782215, -0.46174861323503436, 0, 0), (0.32650557562197724, 0.6272113751262499, 0.7071067811865475, 0), (-0.3265055756219772, -0.6272113751262498, 0.7071067811865476, 0), (-0.001959033453731863, -0.0037632682507574987, 0.1704994576871193, 1) )
                uniform token[] xformOpOrder = ["xformOp:transform"]
            }

            def Cylinder "Pedicel_0"
            {
                uniform token axis = "Z"
                double height = 0.003
                rel material:binding = </Plant_1/Materials/Pedicel>
                double radius = 0.0006000000000000001
                matrix4d xformOp:transform = ( (-0.46174861323503436, -0.8870108331782215, 0, 0), (0, 0, 1, 0), (-0.8870108331782215, 0.46174861323503436, -0, 0), (-0.005248583157231058, -0.006833913581662446, 0.17474209837423857, 1) )
                uniform token[] xformOpOrder = ["xformOp:transform"]
            }

            def Sphere "Fruit_0" (
                prepend apiSchemas = ["PhysicsRigidBodyAPI", "PhysicsMassAPI", "PhysicsCollisionAPI"]
            )
            {
                rel material:binding = </Plant_1/Materials/FruitUnripe>
                bool physics:kinematicEnabled = 1
                float physics:mass = 0.008805766
                double radius = 0.012603652
                matrix4d xformOp:transform = ( (1, 0, 0, 0), (0, 1, 0, 0), (0, 0, 1, 0), (-0.017758675268606746, -0.0003215718291129273, 0.17474209837423857, 1) )
                uniform token[] xformOpOrder = ["xformOp:transform"]
            }

            def Cylinder "Rachis_1"
            {
                uniform token axis = "Z"
                double height = 0.012
                rel material:binding = </Plant_1/Materials/Pedicel>
                double radius = 0.00075
                matrix4d xformOp:transform = ( (0.8870108331782215, -0.46174861323503436, 0, 0), (0.27140902512605425, 0.5213718863658178, 0.8090169943749475, 0), (-0.37356247523620756, -0.7176068382358627, 0.5877852522924731, 0), (-0.006159441758880972, -0.011832177530930174, 0.1782688098879934, 1) )
                uniform token[] xformOpOrder = ["xformOp:transform"]
            }

            def Cylinder "Pedicel_1"
            {
                uniform token axis = "Z"
                double height = 0.003
                rel material:binding = </Plant_1/Materials/Pedicel>
                double radius = 0.0006000000000000001
                matrix4d xformOp:transform = ( (0.46174861323503436, 0.8870108331782215, -0, 0), (0, 0, 1, 0), (0.8870108331782215, -0.46174861323503436, 0, 0), (-0.0070703003605308845, -0.0168304414801979, 0.18179552140174826, 1) )
                uniform token[] xformOpOrder = ["xformOp:transform"]
            }

            def Sphere "Fruit_1" (
                prepend apiSchemas = ["PhysicsRigidBodyAPI", "PhysicsMassAPI", "PhysicsCollisionAPI"]
            )
            {
                rel material:binding = </Plant_1/Materials/FruitUnripe>
                bool physics:kinematicEnabled = 1
                float physics:mass = 0.007957455
                double radius = 0.012185184
                matrix4d xformOp:transform = ( (1, 0, 0, 0), (0, 1, 0, 0), (0, 0, 1, 0), (0.005068606101506383, -0.02314955621406418, 0.18179552140174826, 1) )
                uniform token[] xformOpOrder = ["xformOp:transform"]
            }

            def Cylinder "Rachis_2"
            {
                uniform token axis = "Z"
                double height = 0.012
                rel material:binding = </Plant_1/Materials/Pedicel>
                double radius = 0.00075
                matrix4d xformOp:transform = ( (0.8870108331782215, -0.4617486132350344, 0, 0), (0.20962948367661602, 0.4026944914289726, 0.891006524188368, 0), (-0.411421026927347, -0.7903324393875554, 0.45399049973954686, 0), (-0.010869342771862299, -0.02087981319667068, 0.18451946440018555, 1) )
                uniform token[] xformOpOrder = ["xformOp:transform"]
            }

            def Cylinder "Pedicel_2"
            {
                uniform token axis = "Z"
                double height = 0.003
                rel material:binding = </Plant_1/Materials/Pedicel>
                double radius = 0.0006000000000000001
                matrix4d xformOp:transform = ( (-0.46174861323503436, -0.8870108331782215, 0, 0), (0, 0, 1, 0), (-0.8870108331782215, 0.46174861323503436, -0, 0), (-0.014668385183193713, -0.02492918491314346, 0.18724340739862283, 1) )
                uniform token[] xformOpOrder = ["xformOp:transform"]
            }

            def Sphere "Fruit_2" (
                prepend apiSchemas = ["PhysicsRigidBodyAPI", "PhysicsMassAPI", "PhysicsCollisionAPI"]
            )
            {
                rel material:binding = </Plant_1/Materials/FruitUnripe>
                bool physics:kinematicEnabled = 1
                float physics:mass = 0.0065396177
                double radius = 0.011413657
                matrix4d xformOp:transform = ( (1, 0, 0, 0), (0, 1, 0, 0), (0, 0, 1, 0), (-0.026122938838141485, -0.018966321701600567, 0.18724340739862283, 1) )
                uniform token[] xformOpOrder = ["xformOp:transform"]
            }

            def Cylinder "Rachis_3"
            {
                uniform token axis = "Z"
                double height = 0.012
                rel material:binding = </Plant_1/Materials/Pedicel>
                double radius = 0.00075
                matrix4d xformOp:transform = ( (0.8870108331782215, -0.46174861323503436, 0, 0), (0.1426881686186904, 0.27410142164675194, 0.9510565162951535, 0), (-0.43914902750743, -0.843597432918541, 0.30901699437494745, 0), (-0.01597276309847096, -0.03068339243050726, 0.18909750936487252, 1) )
                uniform token[] xformOpOrder = ["xformOp:transform"]
            }

            def Cylinder "Pedicel_3"
            {
                uniform token axis = "Z"
                double height = 0.003
                rel material:binding = </Plant_1/Materials/Pedicel>
                double radius = 0.0006000000000000001
                matrix4d xformOp:transform = ( (0.46174861323503436, 0.8870108331782215, -0, 0), (0, 0, 1, 0), (0.8870108331782215, -0.46174861323503436, 0, 0), (-0.01727714101374821, -0.036437599947871054, 0.1909516113311222, 1) )
                uniform token[] xformOpOrder = ["xformOp:transform"]
            }

            def Sphere "Fruit_3" (
                prepend apiSchemas = ["PhysicsRigidBodyAPI", "PhysicsMassAPI", "PhysicsCollisionAPI"]
            )
            {
                rel material:binding = </Plant_1/Materials/FruitUnripe>
                bool physics:kinematicEnabled = 1
                float physics:mass = 0.004999165
                double radius = 0.010436139
                matrix4d xformOp:transform = ( (1, 0, 0, 0), (0, 1, 0, 0), (0, 0, 1, 0), (-0.0066896564144271475, -0.04194909557850166, 0.1909516113311222, 1) )
                uniform token[] xformOpOrder = ["xformOp:transform"]
            }

            def Cylinder "Rachis_4"
            {
                uniform token axis = "Z"
                double height = 0.012
                rel material:binding = </Plant_1/Materials/Pedicel>
                double radius = 0.00075
                matrix4d xformOp:transform = ( (0.8870108331782215, -0.46174861323503436, 0, 0), (0.07223339729449109, 0.13875906517312458, 0.9876883405951378, 0), (-0.4560637215782172, -0.8760902579117081, 0.15643446504023092, 0), (-0.021344039592984844, -0.04100151857548875, 0.1918902181213636, 1) )
                uniform token[] xformOpOrder = ["xformOp:transform"]
            }

            def Cylinder "Pedicel_4"
            {
                uniform token axis = "Z"
                double height = 0.003
                rel material:binding = </Plant_1/Materials/Pedicel>
                double radius = 0.0006000000000000001
                matrix4d xformOp:transform = ( (-0.46174861323503436, -0.8870108331782215, 0, 0), (0, 0, 1, 0), (-0.8870108331782215, 0.46174861323503436, -0, 0), (-0.02541093817222148, -0.04556543720310645, 0.19282882491160497, 1) )
                uniform token[] xformOpOrder = ["xformOp:transform"]
            }

            def Sphere "Fruit_4" (
                prepend apiSchemas = ["PhysicsRigidBodyAPI", "PhysicsMassAPI", "PhysicsCollisionAPI"]
            )
            {
                rel material:binding = </Plant_1/Materials/FruitUnripe>
                bool physics:kinematicEnabled = 1
                float physics:mass = 0.0039374423
                double radius = 0.009637819
                matrix4d xformOp:transform = ( (1, 0, 0, 0), (0, 1, 0, 0), (0, 0, 1, 0), (-0.03529030428319971, -0.04042256472539363, 0.19282882491160497, 1) )
                uniform token[] xformOpOrder = ["xformOp:transform"]
            }

            def Cylinder "Rachis_5"
            {
                uniform token axis = "Z"
                double height = 0.012
                rel material:binding = </Plant_1/Materials/Pedicel>
                double radius = 0.00075
                matrix4d xformOp:transform = ( (0.8870108331782215, -0.46174861323503436, 0, 0), (2.82739480604507e-17, 5.431374888303679e-17, 1, 0), (-0.46174861323503436, -0.8870108331782215, 6.123233995736766e-17, 0), (-0.026850913601864354, -0.05158012512202833, 0.19282882491160497, 1) )
                uniform token[] xformOpOrder = ["xformOp:transform"]
            }

            def Cylinder "Pedicel_5"
            {
                uniform token axis = "Z"
                double height = 0.003
                rel material:binding = </Plant_1/Materials/Pedicel>
                double radius = 0.0006000000000000001
                matrix4d xformOp:transform = ( (0.46174861323503436, 0.8870108331782215, -0, 0), (0, 0, 1, 0), (0.8870108331782215, -0.46174861323503436, 0, 0), (-0.02829088903150723, -0.05759481304095021, 0.19282882491160497, 1) )
                uniform token[] xformOpOrder = ["xformOp:transform"]
            }

            def Sphere "Fruit_5" (
                prepend apiSchemas = ["PhysicsRigidBodyAPI", "PhysicsMassAPI", "PhysicsCollisionAPI"]
            )
            {
                rel material:binding = </Plant_1/Materials/FruitUnripe>
                bool physics:kinematicEnabled = 1
                float physics:mass = 0.002364464
                double radius = 0.008131143
                matrix4d xformOp:transform = ( (1, 0, 0, 0), (0, 1, 0, 0), (0, 0, 1, 0), (-0.019747960854618635, -0.062041979965068515, 0.19282882491160497, 1) )
                uniform token[] xformOpOrder = ["xformOp:transform"]
            }

            def Cylinder "Pedicel_6"
            {
                uniform token axis = "Z"
                double height = 0.003
                rel material:binding = </Plant_1/Materials/Pedicel>
                double radius = 0.0006000000000000001
                matrix4d xformOp:transform = ( (0.8870108331782215, -0.46174861323503436, 0, 0), (2.82739480604507e-17, 5.431374888303679e-17, 1, 0), (-0.46174861323503436, -0.8870108331782215, 6.123233995736766e-17, 0), (-0.030314028201127115, -0.058232706370864994, 0.19282882491160497, 1) )
                uniform token[] xformOpOrder = ["xformOp:transform"]
            }

            def Sphere "Fruit_6" (
                prepend apiSchemas = ["PhysicsRigidBodyAPI", "PhysicsMassAPI", "PhysicsCollisionAPI"]
            )
            {
                rel material:binding = </Plant_1/Materials/FruitUnripe>
                bool physics:kinematicEnabled = 1
                float physics:mass = 0.00093862275
                double radius = 0.0059759147
                matrix4d xformOp:transform = ( (1, 0, 0, 0), (0, 1, 0, 0), (0, 0, 1, 0), (-0.03376602144651552, -0.0648639236976813, 0.19282882491160497, 1) )
                uniform token[] xformOpOrder = ["xformOp:transform"]
            }
        }

        def Xform "Truss_r8_i0"
        {
            def Cylinder "Rachis_0"
            {
                uniform token axis = "Z"
                double height = 0.012
                rel material:binding = </Plant_1/Materials/Pedicel>
                double radius = 0.00075
                matrix4d xformOp:transform = ( (-0.3420201433256687, 0.9396926207859084, 0, 0), (-0.6644630243886748, -0.24184476264797528, 0.7071067811865475, 0), (0.6644630243886747, 0.24184476264797522, 0.7071067811865476, 0), (0.003986778146332048, 0.0014510685758878513, 0.2081903576871193, 1) )
                uniform token[] xformOpOrder = ["xformOp:transform"]
            }

            def Cylinder "Pedicel_0"
            {
                uniform token axis = "Z"
                double height = 0.003
                rel material:binding = </Plant_1/Materials/Pedicel>
                double radius = 0.0006000000000000001
                matrix4d xformOp:transform = ( (0.9396926207859084, 0.3420201433256687, -0, 0), (0, 0, 1, 0), (0.3420201433256687, -0.9396926207859084, -0, 0), (0.0084865865076526, 0.00149259822059684, 0.21243299837423857, 1) )
                uniform token[] xformOpOrder = ["xformOp:transform"]
            }

            def Sphere "Fruit_0" (
                prepend apiSchemas = ["PhysicsRigidBodyAPI", "PhysicsMassAPI", "PhysicsCollisionAPI"]
            )
            {
                rel material:binding = </Plant_1/Materials/FruitUnripe>
                bool physics:kinematicEnabled = 1
                float physics:mass = 0.0065396177
                double radius = 0.011413657
                matrix4d xformOp:transform = ( (1, 0, 0, 0), (0, 1, 0, 0), (0, 0, 1, 0), (0.012903317325651125, -0.010642269969663453, 0.21243299837423857, 1) )
                uniform token[] xformOpOrder = ["xformOp:transform"]
            }

            def Cylinder "Rachis_1"
            {
                uniform token axis = "Z"
                double height = 0.012
                rel material:binding = </Plant_1/Materials/Pedicel>
                double radius = 0.00075
                matrix4d xformOp:transform = ( (-0.3420201433256687, 0.9396926207859085, 0, 0), (-0.5523374641860206, -0.201034396233786, 0.8090169943749476, 0), (0.760227299704533, 0.27670010836902126, 0.5877852522924731, 0), (0.012534920090891292, 0.00456233780198983, 0.2159597098879934, 1) )
                uniform token[] xformOpOrder = ["xformOp:transform"]
            }

            def Cylinder "Pedicel_1"
            {
                uniform token axis = "Z"
                double height = 0.003
                rel material:binding = </Plant_1/Materials/Pedicel>
                double radius = 0.0006000000000000001
                matrix4d xformOp:transform = ( (-0.9396926207859084, -0.3420201433256687, 0, 0), (0, 0, 1, 0), (-0.3420201433256687, 0.9396926207859084, 0, 0), (0.016583253674129987, 0.00763207738338282, 0.21948642140174823, 1) )
                uniform token[] xformOpOrder = ["xformOp:transform"]
            }

            def Sphere "Fruit_1" (
                prepend apiSchemas = ["PhysicsRigidBodyAPI", "PhysicsMassAPI", "PhysicsCollisionAPI"]
            )
            {
                rel material:binding = </Plant_1/Materials/FruitUnripe>
                bool physics:kinematicEnabled = 1
                float physics:mass = 0.0055205794
                double radius = 0.010787039
                matrix4d xformOp:transform = ( (1, 0, 0, 0), (0, 1, 0, 0), (0, 0, 1, 0), (0.012380838834301907, 0.01917811726299149, 0.21948642140174823, 1) )
                uniform token[] xformOpOrder = ["xformOp:transform"]
            }

            def Cylinder "Rachis_2"
            {
                uniform token axis = "Z"
                double height = 0.012
                rel material:binding = </Plant_1/Materials/Pedicel>
                double radius = 0.00075
                matrix4d xformOp:transform = ( (-0.3420201433256687, 0.9396926207859084, 0, 0), (-0.42661152251215906, -0.15527389578941178, 0.8910065241883679, 0), (0.8372722558519103, 0.3047421791070115, 0.45399049973954686, 0), (0.022119917424229953, 0.008050991526846027, 0.22221036440018552, 1) )
                uniform token[] xformOpOrder = ["xformOp:transform"]
            }

            def Cylinder "Pedicel_2"
            {
                uniform token axis = "Z"
                double height = 0.003
                rel material:binding = </Plant_1/Materials/Pedicel>
                double radius = 0.0006000000000000001
                matrix4d xformOp:transform = ( (0.9396926207859084, 0.3420201433256687, -0, 0), (0, 0, 1, 0), (0.3420201433256687, -0.9396926207859084, -0, 0), (0.027656581174329918, 0.008469905670309233, 0.2249343073986228, 1) )
                uniform token[] xformOpOrder = ["xformOp:transform"]
            }

            def Sphere "Fruit_2" (
                prepend apiSchemas = ["PhysicsRigidBodyAPI", "PhysicsMassAPI", "PhysicsCollisionAPI"]
            )
            {
                rel material:binding = </Plant_1/Materials/FruitUnripe>
                bool physics:kinematicEnabled = 1
                float physics:mass = 0.0039374423
                double radius = 0.009637819
                matrix4d xformOp:transform = ( (1, 0, 0, 0), (0, 1, 0, 0), (0, 0, 1, 0), (0.03146593962504528, -0.001996220655639853, 0.2249343073986228, 1) )
                uniform token[] xformOpOrder = ["xformOp:transform"]
            }

            def Cylinder "Rachis_3"
            {
                uniform token axis = "Z"
                double height = 0.012
                rel material:binding = </Plant_1/Materials/Pedicel>
                double radius = 0.00075
                matrix4d xformOp:transform = ( (-0.3420201433256687, 0.9396926207859084, 0, 0), (-0.2903809893115787, -0.10569003670618689, 0.9510565162951536, 0), (0.8937007903129088, 0.3252804860140796, 0.30901699437494745, 0), (0.032505755701218865, 0.011831127517572574, 0.2267884093648725, 1) )
                uniform token[] xformOpOrder = ["xformOp:transform"]
            }

            def Cylinder "Pedicel_3"
            {
                uniform token axis = "Z"
                double height = 0.003
                rel material:binding = </Plant_1/Materials/Pedicel>
                double radius = 0.0006000000000000001
                matrix4d xformOp:transform = ( (-0.9396926207859084, -0.3420201433256687, 0, 0), (0, 0, 1, 0), (-0.3420201433256687, 0.9396926207859084, 0, 0), (0.03735493022810782, 0.015192349364835916, 0.22864251133112218, 1) )
                uniform token[] xformOpOrder = ["xformOp:transform"]
            }

            def Sphere "Fruit_3" (
                prepend apiSchemas = ["PhysicsRigidBodyAPI", "PhysicsMassAPI", "PhysicsCollisionAPI"]
            )
            {
                rel material:binding = </Plant_1/Materials/FruitUnripe>
                bool physics:kinematicEnabled = 1
                float physics:mass = 0.002364464
                double radius = 0.008131143
                matrix4d xformOp:transform = ( (1, 0, 0, 0), (0, 1, 0, 0), (0, 0, 1, 0), (0.03406088531885781, 0.02424266337166977, 0.22864251133112218, 1) )
                uniform token[] xformOpOrder = ["xformOp:transform"]
            }

            def Cylinder "Rachis_4"
            {
                uniform token axis = "Z"
                double height = 0.012
                rel material:binding = </Plant_1/Materials/Pedicel>
                double radius = 0.00075
                matrix4d xformOp:transform = ( (-0.3420201433256687, 0.9396926207859084, 0, 0), (-0.14700031243489617, -0.05350373815413409, 0.9876883405951378, 0), (0.92812344529353, 0.3378093078114409, 0.15643446504023092, 0), (0.0434367011148575, 0.0158096662805257, 0.22958111812136356, 1) )
                uniform token[] xformOpOrder = ["xformOp:transform"]
            }

            def Cylinder "Pedicel_4"
            {
                uniform token axis = "Z"
                double height = 0.003
                rel material:binding = </Plant_1/Materials/Pedicel>
                double radius = 0.0006000000000000001
                matrix4d xformOp:transform = ( (0.9396926207859084, 0.3420201433256687, -0, 0), (0, 0, 1, 0), (0.3420201433256687, -0.9396926207859084, -0, 0), (0.04951847200160719, 0.016426983196215484, 0.23051972491160494, 1) )
                uniform token[] xformOpOrder = ["xformOp:transform"]
            }

            def Sphere "Fruit_4" (
                prepend apiSchemas = ["PhysicsRigidBodyAPI", "PhysicsMassAPI", "PhysicsCollisionAPI"]
            )
            {
                rel material:binding = </Plant_1/Materials/FruitUnripe>
                bool physics:kinematicEnabled = 1
                float physics:mass = 0.001384724
                double radius = 0.006802916
                matrix4d xformOp:transform = ( (1, 0, 0, 0), (0, 1, 0, 0), (0, 0, 1, 0), (0.052358236521948175, 0.008624794300010232, 0.23051972491160494, 1) )
                uniform token[] xformOpOrder = ["xformOp:transform"]
            }

            def Cylinder "Pedicel_5"
            {
                uniform token axis = "Z"
                double height = 0.003
                rel material:binding = </Plant_1/Materials/Pedicel>
                double radius = 0.0006000000000000001
                matrix4d xformOp:transform = ( (-0.3420201433256687, 0.9396926207859084, 0, 0), (-0.14700031243489617, -0.05350373815413409, 0.9876883405951378, 0), (0.92812344529353, 0.3378093078114409, 0.15643446504023092, 0), (0.05039762695455898, 0.01834323608911151, 0.23075437660916528, 1) )
                uniform token[] xformOpOrder = ["xformOp:transform"]
            }

            def Sphere "Fruit_5" (
                prepend apiSchemas = ["PhysicsRigidBodyAPI", "PhysicsMassAPI", "PhysicsCollisionAPI"]
            )
            {
                rel material:binding = </Plant_1/Materials/FruitUnripe>
                bool physics:kinematicEnabled = 1
                float physics:mass = 0.00020457656
                double radius = 0.0035963282
                matrix4d xformOp:transform = ( (1, 0, 0, 0), (0, 1, 0, 0), (0, 0, 1, 0), (0.05512764864188955, 0.02006482319073343, 0.23155161798480173, 1) )
                uniform token[] xformOpOrder = ["xformOp:transform"]
            }
        }

        def Xform "Truss_r9_i0"
        {
            def Cylinder "Rachis_0"
            {
                uniform token axis = "Z"
                double height = 0.012
                rel material:binding = </Plant_1/Materials/Pedicel>
                double radius = 0.00075
                matrix4d xformOp:transform = ( (-0.3826834323650899, -0.9238795325112867, 0, 0), (0.6532814824381883, -0.2705980500730986, 0.7071067811865475, 0), (-0.6532814824381882, 0.27059805007309856, 0.7071067811865476, 0), (-0.003919688894629129, 0.0016235883004385914, 0.2380815976871193, 1) )
                uniform token[] xformOpOrder = ["xformOp:transform"]
            }

            def Cylinder "Pedicel_0"
            {
                uniform token axis = "Z"
                double height = 0.003
                rel material:binding = </Plant_1/Materials/Pedicel>
                double radius = 0.0006000000000000001
                matrix4d xformOp:transform = ( (-0.9238795325112867, 0.3826834323650899, 0, 0), (0, 0, 1, 0), (0.3826834323650899, 0.9238795325112867, -0, 0), (-0.007265352640710623, 0.004632995899644113, 0.24232423837423858, 1) )
                uniform token[] xformOpOrder = ["xformOp:transform"]
            }

            def Sphere "Fruit_0" (
                prepend apiSchemas = ["PhysicsRigidBodyAPI", "PhysicsMassAPI", "PhysicsCollisionAPI"]
            )
            {
                rel material:binding = </Plant_1/Materials/FruitUnripe>
                bool physics:kinematicEnabled = 1
                float physics:mass = 0.0034083533
                double radius = 0.009185206
                matrix4d xformOp:transform = ( (1, 0, 0, 0), (0, 1, 0, 0), (0, 0, 1, 0), (-0.00317630133310257, 0.014504839023710909, 0.24232423837423858, 1) )
                uniform token[] xformOpOrder = ["xformOp:transform"]
            }

            def Cylinder "Rachis_1"
            {
                uniform token axis = "Z"
                double height = 0.012
                rel material:binding = </Plant_1/Materials/Pedicel>
                double radius = 0.00075
                matrix4d xformOp:transform = ( (-0.38268343236508984, -0.9238795325112867, 0, 0), (0.5430427641049989, -0.2249356778408639, 0.8090169943749475, 0), (-0.7474342425568128, 0.3095974002490935, 0.5877852522924731, 0), (-0.012323983244599135, 0.005104761002371744, 0.24585094988799341, 1) )
                uniform token[] xformOpOrder = ["xformOp:transform"]
            }

            def Cylinder "Pedicel_1"
            {
                uniform token axis = "Z"
                double height = 0.003
                rel material:binding = </Plant_1/Materials/Pedicel>
                double radius = 0.0006000000000000001
                matrix4d xformOp:transform = ( (0.9238795325112867, -0.3826834323650899, 0, 0), (0, 0, 1, 0), (-0.3826834323650899, -0.9238795325112867, 0, 0), (-0.017382613848487646, 0.005576526105099375, 0.24937766140174827, 1) )
                uniform token[] xformOpOrder = ["xformOp:transform"]
            }

            def Sphere "Fruit_1" (
                prepend apiSchemas = ["PhysicsRigidBodyAPI", "PhysicsMassAPI", "PhysicsCollisionAPI"]
            )
            {
                rel material:binding = </Plant_1/Materials/FruitUnripe>
                bool physics:kinematicEnabled = 1
                float physics:mass = 0.0023644632
                double radius = 0.008131142
                matrix4d xformOp:transform = ( (1, 0, 0, 0), (0, 1, 0, 0), (0, 0, 1, 0), (-0.021068292326643222, -0.0033214888634104447, 0.24937766140174827, 1) )
                uniform token[] xformOpOrder = ["xformOp:transform"]
            }

            def Cylinder "Pedicel_2"
            {
                uniform token axis = "Z"
                double height = 0.003
                rel material:binding = </Plant_1/Materials/Pedicel>
                double radius = 0.0006000000000000001
                matrix4d xformOp:transform = ( (-0.38268343236508984, -0.9238795325112867, 0, 0), (0.5430427641049989, -0.2249356778408639, 0.8090169943749475, 0), (-0.7474342425568128, 0.3095974002490935, 0.5877852522924731, 0), (-0.01792974006377523, 0.0074267415042399455, 0.250259339280187, 1) )
                uniform token[] xformOpOrder = ["xformOp:transform"]
            }

            def Sphere "Fruit_2" (
                prepend apiSchemas = ["PhysicsRigidBodyAPI", "PhysicsMassAPI", "PhysicsCollisionAPI"]
            )
            {
                rel material:binding = </Plant_1/Materials/FruitUnripe>
                bool physics:kinematicEnabled = 1
                float physics:mass = 0.0009386223
                double radius = 0.0059759137
                matrix4d xformOp:transform = ( (1, 0, 0, 0), (0, 1, 0, 0), (0, 0, 1, 0), (-0.02351749395755483, 0.009741264950246527, 0.2546535711004582, 1) )
                uniform token[] xformOpOrder = ["xformOp:transform"]
            }
        }
    }
}

