day,plant_id,organ_class,organ_index,rank,order,parent_rank,parent_organ_class,age_dd,dry_biomass_mg,area_m2,length,is_fruit,is_root,internode_width_m,leaf_length_petiole,leaf_diameter_petiole,leaf_angle_petiole,leaf_ccw_orientation,leaf_curvature,leaf_blades_nr,leaf_area_blades_total,leaf_rachis_length,fruit_nr,fruit_radius_0,fruit_radius_1,fruit_radius_2,fruit_age_dd_0,fruit_age_dd_1,fruit_age_dd_2,fruit_ripening_dd,fruit_truss_angle
3,1,Root,0,0,0,-1,none,41.412704,89.63110991923014,0.0,0.0,false,true,0,0,0,0,0,0,0,0,0,0,0,0,0,0,0,0,0,0
3,1,Internode,0,0,0,0,Root,431.41272,13.230308309979236,1.7995853354609378E-4,0.009013164,false,false,0.006355435365278683,0,0,0,0,0,0,0,0,0,0,0,0,0,0,0,0,0
3,1,Internode,0,1,0,0,Internode,341.41272,14.12572607926074,1.843355569023022E-4,0.009161883,false,false,0.006404341762567105,0,0,0,0,0,0,0,0,0,0,0,0,0,0,0,0,0
3,1,Internode,0,2,0,1,Internode,41.412704,7.805049155896918,1.523945180400039E-4,0.008048338,false,false,0.006027167645047735,0,0,0,0,0,0,0,0,0,0,0,0,0,0,0,0,0
3,1,Leaf,0,0,0,0,Internode,341.41272,7.074287645268689,1.9532719377323964E-4,0.0,false,false,0,0.0140959285,0.0027417946,90.0,180.0,90.0,1,1.3461884E-4,0.0,0,0,0,0,0,0,0,0,0
3,1,Leaf,1,0,0,0,Internode,341.41272,7.074287645268689,1.9532719377323964E-4,0.0,false,false,0,0.0140959285,0.0027417946,90.0,0.0,90.0,1,1.3461884E-4,0.0,0,0,0,0,0,0,0,0,0
3,1,Leaf,0,1,0,1,Internode,41.412704,44.594269915083785,0.001041060838795278,0.0,false,false,0,0.023142524,0.0040834052,90.0,90.0,90.0,2,7.4826425E-4,0.029330045,0,0,0,0,0,0,0,0,0
3,1,Leaf,1,1,0,1,Internode,41.412704,44.594269915083785,0.001041060838795278,0.0,false,false,0,0.023142524,0.0040834052,90.0,270.0,90.0,2,7.4826425E-4,0.029330045,0,0,0,0,0,0,0,0,0
3,1,Leaf,0,2,0,2,Internode,41.412704,8.045340539225501,3.504674318212431E-4,0.0,false,false,0,0.016470896,0.0031071645,70.0,180.0,90.0,3,1.2925577E-4,0.03745313,0,0,0,0,0,0,0,0,0
