day,plant_id,organ_class,organ_index,rank,order,parent_rank,parent_organ_class,age_dd,dry_biomass_mg,area_m2,length,is_fruit,is_root,internode_width_m,leaf_length_petiole,leaf_diameter_petiole,leaf_angle_petiole,leaf_ccw_orientation,leaf_curvature,leaf_blades_nr,leaf_area_blades_total,leaf_rachis_length,fruit_nr,fruit_radius_0,fruit_radius_1,fruit_radius_2,fruit_age_dd_0,fruit_age_dd_1,fruit_age_dd_2,fruit_ripening_dd,fruit_truss_angle
2,1,Root,0,0,0,-1,none,27.554096,82.36624437834017,0.0,0.0,false,true,0,0,0,0,0,0,0,0,0,0,0,0,0,0,0,0,0,0
2,1,Internode,0,0,0,0,Root,417.5541,11.650262954650044,1.771379075196145E-4,0.008916715,false,false,0.006323488658050382,0,0,0,0,0,0,0,0,0,0,0,0,0,0,0,0,0
2,1,Internode,0,1,0,0,Internode,327.5541,12.139997260882078,1.7980321673936734E-4,0.009007866,false,false,0.00635368512721275,0,0,0,0,0,0,0,0,0,0,0,0,0,0,0,0,0
2,1,Internode,0,2,0,1,Internode,27.554096,4.657434829333838,1.29943445564928E-4,0.0072205467,false,false,0.005728414343251322,0,0,0,0,0,0,0,0,0,0,0,0,0,0,0,0,0
2,1,Leaf,0,0,0,0,Internode,327.5541,6.500895788504123,1.9532719377323964E-4,0.0,false,false,0,0.0140959285,0.0027417946,90.0,180.0,90.0,1,1.3461884E-4,0.0,0,0,0,0,0,0,0,0,0
2,1,Leaf,1,0,0,0,Internode,327.5541,6.500895788504123,1.9532719377323964E-4,0.0,false,false,0,0.0140959285,0.0027417946,90.0,0.0,90.0,1,1.3461884E-4,0.0,0,0,0,0,0,0,0,0,0
2,1,Leaf,0,1,0,1,Internode,27.554096,32.19671263138095,8.53677009950168E-4,0.0,false,false,0,0.022137826,0.0039403625,90.0,90.0,90.0,2,5.807874E-4,0.028607491,0,0,0,0,0,0,0,0,0
2,1,Leaf,1,1,0,1,Internode,27.554096,32.19671263138095,8.53677009950168E-4,0.0,false,false,0,0.022137826,0.0039403625,90.0,270.0,90.0,2,5.807874E-4,0.028607491,0,0,0,0,0,0,0,0,0
2,1,Leaf,0,2,0,2,Internode,27.554096,4.303538670108164,2.527870975817593E-4,0.0,false,false,0,0.014881553,0.0028639068,70.0,180.0,90.0,3,7.242315E-5,0.03328316,0,0,0,0,0,0,0,0,0
