day,plant_id,organ_class,organ_index,rank,order,parent_rank,parent_organ_class,age_dd,dry_biomass_mg,area_m2,length,is_fruit,is_root,internode_width_m,leaf_length_petiole,leaf_diameter_petiole,leaf_angle_petiole,leaf_ccw_orientation,leaf_curvature,leaf_blades_nr,leaf_area_blades_total,leaf_rachis_length,fruit_nr,fruit_radius_0,fruit_radius_1,fruit_radius_2,fruit_age_dd_0,fruit_age_dd_1,fruit_age_dd_2,fruit_ripening_dd,fruit_truss_angle
1,1,Root,0,0,0,-1,none,13.8038645,76.40000018775463,0.0,0.0,false,true,0,0,0,0,0,0,0,0,0,0,0,0,0,0,0,0,0,0
1,1,Internode,0,0,0,0,Root,403.80386,10.283576816328946,1.7388405408013576E-4,0.008804842,false,false,0.006286201853731981,0,0,0,0,0,0,0,0,0,0,0,0,0,0,0,0,0
1,1,Internode,0,1,0,0,Internode,313.80386,10.45435065067875,1.748819966965512E-4,0.0088392235,false,false,0.0062976876023983575,0,0,0,0,0,0,0,0,0,0,0,0,0,0,0,0,0
1,1,Internode,0,2,0,1,Internode,13.8038645,2.6961742847828125,1.092066321344203E-4,0.006414313,false,false,0.005419372480494507,0,0,0,0,0,0,0,0,0,0,0,0,0,0,0,0,0
1,1,Leaf,0,0,0,0,Internode,313.80386,6.029999828338624,1.9532719377323964E-4,0.0,false,false,0,0.0140959285,0.0027417946,90.0,180.0,90.0,1,1.3461884E-4,0.0,0,0,0,0,0,0,0,0,0
1,1,Leaf,1,0,0,0,Internode,313.80386,6.029999828338624,1.9532719377323964E-4,0.0,false,false,0,0.0140959285,0.0027417946,90.0,0.0,90.0,1,1.3461884E-4,0.0,0,0,0,0,0,0,0,0,0
1,1,Leaf,0,1,0,1,Internode,13.8038645,21.57647390082517,6.586794979164228E-4,0.0,false,false,0,0.020834045,0.0037528155,90.0,90.0,90.0,2,4.107054E-4,0.027669847,0,0,0,0,0,0,0,0,0
1,1,Leaf,1,1,0,1,Internode,13.8038645,21.57647390082517,6.586794979164228E-4,0.0,false,false,0,0.020834045,0.0037528155,90.0,270.0,90.0,2,4.107054E-4,0.027669847,0,0,0,0,0,0,0,0,0
1,1,Leaf,0,2,0,2,Internode,13.8038645,2.4893127618682755,1.9530314443855803E-4,0.0,false,false,0,0.01363069,0.0026688525,70.0,180.0,90.0,3,4.3873843E-5,0.03013857,0,0,0,0,0,0,0,0,0
