#usda 1.0
(
    defaultPrim = "Plant_1"
    metersPerUnit = 1
    upAxis = "Z"
)

def Xform "Plant_1" (
    prepend apiSchemas = ["PhysicsArticulationRootAPI"]
)
{
    def Xform "Stem"
    {
        def Cylinder "Internode_o0_r0" (
            prepend apiSchemas = ["PhysicsCollisionAPI"]
        )
        {
            uniform token axis = "Z"
            double height = 0.009271495
            rel material:binding = </Plant_1/Materials/Stem>
            double radius = 0.00322005907192895
            matrix4d xformOp:transform = ( (1, 0, 0, 0), (0, 1, 0, 0), (0, 0, 1, 0), (0, 0, 0.0046357475, 1) )
            uniform token[] xformOpOrder = ["xformOp:transform"]
        }

        def Cylinder "Internode_o0_r1" (
            prepend apiSchemas = ["PhysicsCollisionAPI"]
        )
        {
            uniform token axis = "Z"
            double height = 0.010039136
            rel material:binding = </Plant_1/Materials/Stem>
            double radius = 0.00334230173118215
            matrix4d xformOp:transform = ( (1, 0, 0, 0), (0, 1, 0, 0), (0, 0, 1, 0), (0, 0, 0.014291063, 1) )
            uniform token[] xformOpOrder = ["xformOp:transform"]
        }

        def Cylinder "Internode_o0_r2" (
            prepend apiSchemas = ["PhysicsCollisionAPI"]
        )
        {
            uniform token axis = "Z"
            double height = 0.016521482
            rel material:binding = </Plant_1/Materials/Stem>
            double radius = 0.00422072051203
            matrix4d xformOp:transform = ( (1, 0, 0, 0), (0, 1, 0, 0), (0, 0, 1, 0), (0, 0, 0.027571372000000004, 1) )
            uniform token[] xformOpOrder = ["xformOp:transform"]
        }

        def Cylinder "Internode_o0_r3" (
            prepend apiSchemas = ["PhysicsCollisionAPI"]
        )
        {
            uniform token axis = "Z"
            double height = 0.017049052
            rel material:binding = </Plant_1/Materials/Stem>
            double radius = 0.00428332399640565
            matrix4d xformOp:transform = ( (1, 0, 0, 0), (0, 1, 0, 0), (0, 0, 1, 0), (0, 0, 0.044356638999999996, 1) )
            uniform token[] xformOpOrder = ["xformOp:transform"]
        }

        def Cylinder "Internode_o0_r4" (
            prepend apiSchemas = ["PhysicsCollisionAPI"]
        )
        {
            uniform token axis = "Z"
            double height = 0.0170935
            rel material:binding = </Plant_1/Materials/Stem>
            double radius = 0.00428855096496245
            matrix4d xformOp:transform = ( (1, 0, 0, 0), (0, 1, 0, 0), (0, 0, 1, 0), (0, 0, 0.06142791499999999, 1) )
            uniform token[] xformOpOrder = ["xformOp:transform"]
        }

        def Cylinder "Internode_o0_r5" (
            prepend apiSchemas = ["PhysicsCollisionAPI"]
        )
        {
            uniform token axis = "Z"
            double height = 0.01693188
            rel material:binding = </Plant_1/Materials/Stem>
            double radius = 0.0042695100453274
            matrix4d xformOp:transform = ( (1, 0, 0, 0), (0, 1, 0, 0), (0, 0, 1, 0), (0, 0, 0.078440605, 1) )
            uniform token[] xformOpOrder = ["xformOp:transform"]
        }

        def Cylinder "Internode_o0_r6" (
            prepend apiSchemas = ["PhysicsCollisionAPI"]
        )
        {
            uniform token axis = "Z"
            double height = 0.03641094
            rel material:binding = </Plant_1/Materials/Stem>
            double radius = 0.00417041007863205
            matrix4d xformOp:transform = ( (1, 0, 0, 0), (0, 1, 0, 0), (0, 0, 1, 0), (0, 0, 0.10511201499999999, 1) )
            uniform token[] xformOpOrder = ["xformOp:transform"]
        }

        def Cylinder "Internode_o0_r7" (
            prepend apiSchemas = ["PhysicsCollisionAPI"]
        )
        {
            uniform token axis = "Z"
            double height = 0.03338467
            rel material:binding = </Plant_1/Materials/Stem>
            double radius = 0.0039865786908449
            matrix4d xformOp:transform = ( (1, 0, 0, 0), (0, 1, 0, 0), (0, 0, 1, 0), (0, 0, 0.14000981999999998, 1) )
            uniform token[] xformOpOrder = ["xformOp:transform"]
        }

        def Cylinder "Internode_o0_r8" (
            prepend apiSchemas = ["PhysicsCollisionAPI"]
        )
        {
            uniform token axis = "Z"
            double height = 0.027783448
            rel material:binding = </Plant_1/Materials/Stem>
            double radius = 0.0036237823170967
            matrix4d xformOp:transform = ( (1, 0, 0, 0), (0, 1, 0, 0), (0, 0, 1, 0), (0, 0, 0.17059387899999998, 1) )
            uniform token[] xformOpOrder = ["xformOp:transform"]
        }

        def Cylinder "Internode_o1_r1" (
            prepend apiSchemas = ["PhysicsCollisionAPI"]
        )
        {
            uniform token axis = "Z"
            double height = 0.029072093
            rel material:binding = </Plant_1/Materials/Stem>
            double radius = 0.00371015234095475
            matrix4d xformOp:transform = ( (1, 0, 0, 0), (0, 1, 0, 0), (0, 0, 1, 0), (0, 0, 0.0238075415, 1) )
            uniform token[] xformOpOrder = ["xformOp:transform"]
        }

        def Cylinder "Internode_o1_r2" (
            prepend apiSchemas = ["PhysicsCollisionAPI"]
        )
        {
            uniform token axis = "Z"
            double height = 0.024646057
            rel material:binding = </Plant_1/Materials/Stem>
            double radius = 0.00340507289443335
            matrix4d xformOp:transform = ( (1, 0, 0, 0), (0, 1, 0, 0), (0, 0, 1, 0), (0, 0, 0.0506666165, 1) )
            uniform token[] xformOpOrder = ["xformOp:transform"]
        }

        def Cylinder "Internode_o1_r3" (
            prepend apiSchemas = ["PhysicsCollisionAPI"]
        )
        {
            uniform token axis = "Z"
            double height = 0.016049344
            rel material:binding = </Plant_1/Materials/Stem>
            double radius = 0.00272485224997735
            matrix4d xformOp:transform = ( (1, 0, 0, 0), (0, 1, 0, 0), (0, 0, 1, 0), (0, 0, 0.071014317, 1) )
            uniform token[] xformOpOrder = ["xformOp:transform"]
        }
    }

    def Xform "Roots"
    {
        def Sphere "Root"
        {
            rel material:binding = </Plant_1/Materials/Root>
            double radius = 0.005
            matrix4d xformOp:transform = ( (1, 0, 0, 0), (0, 1, 0, 0), (0, 0, 1, 0), (0, 0, -0.005, 1) )
            uniform token[] xformOpOrder = ["xformOp:transform"]
        }
    }

    def Xform "Materials"
    {
        def Material "Stem"
        {
            token outputs:surface.connect = </Plant_1/Materials/Stem/Shader.outputs:surface>

            def Shader "Shader"
            {
                uniform token info:id = "UsdPreviewSurface"
                color3f inputs:diffuseColor = (0.45, 0.3, 0.1)
                float inputs:metallic = 0
                float inputs:roughness = 0.6
                token outputs:surface
            }
        }

        def Material "Root"
        {
            token outputs:surface.connect = </Plant_1/Materials/Root/Shader.outputs:surface>

            def Shader "Shader"
            {
                uniform token info:id = "UsdPreviewSurface"
                color3f inputs:diffuseColor = (0.55, 0.35, 0.15)
                float inputs:metallic = 0
                float inputs:roughness = 0.6
                token outputs:surface
            }
        }

        def Material "Leaf"
        {
            token outputs:surface.connect = </Plant_1/Materials/Leaf/Shader.outputs:surface>

            def Shader "Shader"
            {
                uniform token info:id = "UsdPreviewSurface"
                color3f inputs:diffuseColor = (0.15, 0.55, 0.1)
                float inputs:metallic = 0
                float inputs:roughness = 0.6
                token outputs:surface
            }
        }

        def Material "Pedicel"
        {
            token outputs:surface.connect = </Plant_1/Materials/Pedicel/Shader.outputs:surface>

            def Shader "Shader"
            {
                uniform token info:id = "UsdPreviewSurface"
                color3f inputs:diffuseColor = (0.2, 0.5, 0.1)
                float inputs:metallic = 0
                float inputs:roughness = 0.6
                token outputs:surface
            }
        }

        def Material "FruitRipe"
        {
            token outputs:surface.connect = </Plant_1/Materials/FruitRipe/Shader.outputs:surface>

            def Shader "Shader"
            {
                uniform token info:id = "UsdPreviewSurface"
                color3f inputs:diffuseColor = (0.9, 0.17, 0.1)
                float inputs:metallic = 0
                float inputs:roughness = 0.6
                token outputs:surface
            }
        }

        def Material "FruitUnripe"
        {
            token outputs:surface.connect = </Plant_1/Materials/FruitUnripe/Shader.outputs:surface>

            def Shader "Shader"
            {
                uniform token info:id = "UsdPreviewSurface"
                color3f inputs:diffuseColor = (0.45, 0.58, 0.25)
                float inputs:metallic = 0
                float inputs:roughness = 0.6
                token outputs:surface
            }
        }
    }

    def Xform "Leaves"
    {
        def Xform "Leaf_o1_r3_i0" (
            prepend apiSchemas = ["PhysicsRigidBodyAPI", "PhysicsMassAPI", "PhysicsFilteredPairsAPI"]
        )
        {
            prepend rel physics:filteredPairs = </Plant_1/Stem/Internode_o1_r3>
            float physics:mass = 0.05

            def Cylinder "Petiole" (
                prepend apiSchemas = ["PhysicsCollisionAPI"]
            )
            {
                uniform token axis = "Z"
                double height = 0.0123025235
                rel material:binding = </Plant_1/Materials/Leaf>
                double radius = 0.00122892075
                matrix4d xformOp:transform = ( (-0.7933533402912352, 0.6087614290087207, 0, 0), (-0.20820867120070155, -0.2713428231543063, 0.9396926207859084, 0), (0.5720486226585795, 0.7455082795475254, 0.3420201433256687, 0), (0.0035188208116999032, 0.0045858165642890004, 0.0729420144253687, 1) )
                uniform token[] xformOpOrder = ["xformOp:transform"]
            }

            def Cylinder "Rachis" (
                prepend apiSchemas = ["PhysicsCollisionAPI"]
            )
            {
                uniform token axis = "Z"
                double height = 0.021642525
                rel material:binding = </Plant_1/Materials/Leaf>
                double radius = 0.00073735245
                matrix4d xformOp:transform = ( (-0.7933533402912352, 0.6087614290087207, 0, 0), (-0.20820867120070155, -0.2713428231543063, 0.9396926207859084, 0), (0.5720486226585795, 0.7455082795475254, 0.3420201433256687, 0), (0.013227929931951743, 0.017238973917485155, 0.07874695960195209, 1) )
                uniform token[] xformOpOrder = ["xformOp:transform"]
            }

            def Cylinder "Petiolule_0" (
                prepend apiSchemas = ["PhysicsCollisionAPI"]
            )
            {
                uniform token axis = "Z"
                double height = 0.01
                rel material:binding = </Plant_1/Materials/Leaf>
                double radius = 0.0004915683
                matrix4d xformOp:transform = ( (-0.9692550857574936, -0.24605807999989301, 0, 0), (0.05409496103035083, -0.21308715443339138, 0.9755345200486782, 0), (-0.24003815097679487, 0.9455417948891769, 0.2198463103929542, 0), (0.005837450868515832, 0.013899342103023887, 0.07614510140270218, 1) )
                uniform token[] xformOpOrder = ["xformOp:transform"]
            }

            def Mesh "Blade_0" (
                prepend apiSchemas = ["PhysicsCollisionAPI", "PhysicsMeshCollisionAPI"]
            )
            {
                int[] faceVertexCounts = [3, 3, 3, 3, 3, 3, 3, 3, 3, 3, 3, 3, 3, 3]
                int[] faceVertexIndices = [0, 1, 2, 0, 2, 3, 0, 3, 4, 0, 4, 5, 0, 5, 6, 0, 6, 7, 0, 7, 8, 0, 8, 9, 0, 9, 10, 0, 10, 11, 0, 11, 12, 0, 12, 13, 0, 13, 14, 0, 14, 15]
                rel material:binding = </Plant_1/Materials/Leaf>
                uniform token physics:approximation = "convexHull"
                point3f[] points = [(0, 0, 0), (0.00037680526, 0.00035675347, 0), (0.0006659738, 0.00071350695, 0), (0.000830585, 0.0010702604, 0), (0.0008562084, 0.0014270139, 0), (0.0007514817, 0.0017837674, 0), (0.0005448877, 0.0021405208, 0), (0.00027850823, 0.0024972744, 0), (0, 0.0028540278, 0), (-0.00027850823, 0.0024972744, 0), (-0.0005448877, 0.0021405208, 0), (-0.0007514817, 0.0017837674, 0), (-0.0008562084, 0.0014270139, 0), (-0.000830585, 0.0010702604, 0), (-0.0006659738, 0.00071350695, 0), (-0.00037680526, 0.00035675347, 0)]
                uniform token subdivisionScheme = "none"
                matrix4d xformOp:transform = ( (0.9692550857574936, 0.24605807999989301, -0, 0), (-0.24003815097679487, 0.9455417948891769, 0.2198463103929542, 0), (0.05409496103035083, -0.21308715443339138, 0.9755345200486782, 0), (0.004637260113631858, 0.018627051077469772, 0.07724433295466696, 1) )
                uniform token[] xformOpOrder = ["xformOp:transform"]
            }

            def Cylinder "Petiolule_1" (
                prepend apiSchemas = ["PhysicsCollisionAPI"]
            )
            {
                uniform token axis = "Z"
                double height = 0.01
                rel material:binding = </Plant_1/Materials/Leaf>
                double radius = 0.0004915683
                matrix4d xformOp:transform = ( (-0.013187821517518024, 0.9999130369005207, 0, 0), (-0.21982719187639332, -0.0028992939027471477, 0.9755345200486782, 0), (0.9754496845431657, 0.012865175134579576, 0.2198463103929542, 0), (0.011914890046115635, 0.009235959004250898, 0.07614510140270218, 1) )
                uniform token[] xformOpOrder = ["xformOp:transform"]
            }

            def Mesh "Blade_1" (
                prepend apiSchemas = ["PhysicsCollisionAPI", "PhysicsMeshCollisionAPI"]
            )
            {
                int[] faceVertexCounts = [3, 3, 3, 3, 3, 3, 3, 3, 3, 3, 3, 3, 3, 3]
                int[] faceVertexIndices = [0, 1, 2, 0, 2, 3, 0, 3, 4, 0, 4, 5, 0, 5, 6, 0, 6, 7, 0, 7, 8, 0, 8, 9, 0, 9, 10, 0, 10, 11, 0, 11, 12, 0, 12, 13, 0, 13, 14, 0, 14, 15]
                rel material:binding = </Plant_1/Materials/Leaf>
                uniform token physics:approximation = "convexHull"
                point3f[] points = [(0, 0, 0), (0.00037680526, 0.00035675347, 0), (0.0006659738, 0.00071350695, 0), (0.000830585, 0.0010702604, 0), (0.0008562084, 0.0014270139, 0), (0.0007514817, 0.0017837674, 0), (0.0005448877, 0.0021405208, 0), (0.00027850823, 0.0024972744, 0), (0, 0.0028540278, 0), (-0.00027850823, 0.0024972744, 0), (-0.0005448877, 0.0021405208, 0), (-0.0007514817, 0.0017837674, 0), (-0.0008562084, 0.0014270139, 0), (-0.000830585, 0.0010702604, 0), (-0.0006659738, 0.00071350695, 0), (-0.00037680526, 0.00035675347, 0)]
                uniform token subdivisionScheme = "none"
                matrix4d xformOp:transform = ( (0.013187821517518024, -0.9999130369005207, 0, 0), (0.9754496845431657, 0.012865175134579576, 0.2198463103929542, 0), (-0.21982719187639332, -0.0028992939027471477, 0.9755345200486782, 0), (0.016792138468831465, 0.009300284879923796, 0.07724433295466696, 1) )
                uniform token[] xformOpOrder = ["xformOp:transform"]
            }

            def Cylinder "Petiolule_2" (
                prepend apiSchemas = ["PhysicsCollisionAPI"]
            )
            {
                uniform token axis = "Z"
                double height = 0.01
                rel material:binding = </Plant_1/Materials/Leaf>
                double radius = 0.0004915683
                matrix4d xformOp:transform = ( (-0.9692550857574936, -0.24605807999989301, 0, 0), (0.05409496103035083, -0.21308715443339138, 0.9755345200486782, 0), (-0.24003815097679487, 0.9455417948891769, 0.2198463103929542, 0), (0.011935865022001377, 0.02184695016194017, 0.07979126083778798, 1) )
                uniform token[] xformOpOrder = ["xformOp:transform"]
            }

            def Mesh "Blade_2" (
                prepend apiSchemas = ["PhysicsCollisionAPI", "PhysicsMeshCollisionAPI"]
            )
            {
                int[] faceVertexCounts = [3, 3, 3, 3, 3, 3, 3, 3, 3, 3, 3, 3, 3, 3]
                int[] faceVertexIndices = [0, 1, 2, 0, 2, 3, 0, 3, 4, 0, 4, 5, 0, 5, 6, 0, 6, 7, 0, 7, 8, 0, 8, 9, 0, 9, 10, 0, 10, 11, 0, 11, 12, 0, 12, 13, 0, 13, 14, 0, 14, 15]
                rel material:binding = </Plant_1/Materials/Leaf>
                uniform token physics:approximation = "convexHull"
                point3f[] points = [(0, 0, 0), (0.00037680526, 0.00035675347, 0), (0.0006659738, 0.00071350695, 0), (0.000830585, 0.0010702604, 0), (0.0008562084, 0.0014270139, 0), (0.0007514817, 0.0017837674, 0), (0.0005448877, 0.0021405208, 0), (0.00027850823, 0.0024972744, 0), (0, 0.0028540278, 0), (-0.00027850823, 0.0024972744, 0), (-0.0005448877, 0.0021405208, 0), (-0.0007514817, 0.0017837674, 0), (-0.0008562084, 0.0014270139, 0), (-0.000830585, 0.0010702604, 0), (-0.0006659738, 0.00071350695, 0), (-0.00037680526, 0.00035675347, 0)]
                uniform token subdivisionScheme = "none"
                matrix4d xformOp:transform = ( (0.9692550857574936, 0.24605807999989301, -0, 0), (-0.24003815097679487, 0.9455417948891769, 0.2198463103929542, 0), (0.05409496103035083, -0.21308715443339138, 0.9755345200486782, 0), (0.010735674267117403, 0.026574659136386056, 0.08089049238975275, 1) )
                uniform token[] xformOpOrder = ["xformOp:transform"]
            }

            def Cylinder "Petiolule_3" (
                prepend apiSchemas = ["PhysicsCollisionAPI"]
            )
            {
                uniform token axis = "Z"
                double height = 0.01
                rel material:binding = </Plant_1/Materials/Leaf>
                double radius = 0.0004915683
                matrix4d xformOp:transform = ( (-0.013187821517518024, 0.9999130369005207, 0, 0), (-0.21982719187639332, -0.0028992939027471477, 0.9755345200486782, 0), (0.9754496845431657, 0.012865175134579576, 0.2198463103929542, 0), (0.01801330419960118, 0.017183567063167184, 0.07979126083778798, 1) )
                uniform token[] xformOpOrder = ["xformOp:transform"]
            }

            def Mesh "Blade_3" (
                prepend apiSchemas = ["PhysicsCollisionAPI", "PhysicsMeshCollisionAPI"]
            )
            {
                int[] faceVertexCounts = [3, 3, 3, 3, 3, 3, 3, 3, 3, 3, 3, 3, 3, 3]
                int[] faceVertexIndices = [0, 1, 2, 0, 2, 3, 0, 3, 4, 0, 4, 5, 0, 5, 6, 0, 6, 7, 0, 7, 8, 0, 8, 9, 0, 9, 10, 0, 10, 11, 0, 11, 12, 0, 12, 13, 0, 13, 14, 0, 14, 15]
                rel material:binding = </Plant_1/Materials/Leaf>
                uniform token physics:approximation = "convexHull"
                point3f[] points = [(0, 0, 0), (0.00037680526, 0.00035675347, 0), (0.0006659738, 0.00071350695, 0), (0.000830585, 0.0010702604, 0), (0.0008562084, 0.0014270139, 0), (0.0007514817, 0.0017837674, 0), (0.0005448877, 0.0021405208, 0), (0.00027850823, 0.0024972744, 0), (0, 0.0028540278, 0), (-0.00027850823, 0.0024972744, 0), (-0.0005448877, 0.0021405208, 0), (-0.0007514817, 0.0017837674, 0), (-0.0008562084, 0.0014270139, 0), (-0.000830585, 0.0010702604, 0), (-0.0006659738, 0.00071350695, 0), (-0.00037680526, 0.00035675347, 0)]
                uniform token subdivisionScheme = "none"
                matrix4d xformOp:transform = ( (0.013187821517518024, -0.9999130369005207, 0, 0), (0.9754496845431657, 0.012865175134579576, 0.2198463103929542, 0), (-0.21982719187639332, -0.0028992939027471477, 0.9755345200486782, 0), (0.02289055262231701, 0.01724789293884008, 0.08089049238975275, 1) )
                uniform token[] xformOpOrder = ["xformOp:transform"]
            }

            def Cylinder "Petiolule_term" (
                prepend apiSchemas = ["PhysicsCollisionAPI"]
            )
            {
                uniform token axis = "Z"
                double height = 0.01
                rel material:binding = </Plant_1/Materials/Leaf>
                double radius = 0.0004915683
                matrix4d xformOp:transform = ( (-0.7933533402912352, 0.6087614290087207, 0, 0), (-0.20820867120070155, -0.2713428231543063, 0.9396926207859084, 0), (0.5720486226585795, 0.7455082795475254, 0.3420201433256687, 0), (0.022278461353796578, 0.029033856104129938, 0.08415815006979513, 1) )
                uniform token[] xformOpOrder = ["xformOp:transform"]
            }

            def Mesh "Blade_4" (
                prepend apiSchemas = ["PhysicsCollisionAPI", "PhysicsMeshCollisionAPI"]
            )
            {
                int[] faceVertexCounts = [3, 3, 3, 3, 3, 3, 3, 3, 3, 3, 3, 3, 3, 3]
                int[] faceVertexIndices = [0, 1, 2, 0, 2, 3, 0, 3, 4, 0, 4, 5, 0, 5, 6, 0, 6, 7, 0, 7, 8, 0, 8, 9, 0, 9, 10, 0, 10, 11, 0, 11, 12, 0, 12, 13, 0, 13, 14, 0, 14, 15]
                rel material:binding = </Plant_1/Materials/Leaf>
                uniform token physics:approximation = "convexHull"
                point3f[] points = [(0, 0, 0), (0.00037680526, 0.00035675347, 0), (0.0006659738, 0.00071350695, 0), (0.000830585, 0.0010702604, 0), (0.0008562084, 0.0014270139, 0), (0.0007514817, 0.0017837674, 0), (0.0005448877, 0.0021405208, 0), (0.00027850823, 0.0024972744, 0), (0, 0.0028540278, 0), (-0.00027850823, 0.0024972744, 0), (-0.0005448877, 0.0021405208, 0), (-0.0007514817, 0.0017837674, 0), (-0.0008562084, 0.0014270139, 0), (-0.000830585, 0.0010702604, 0), (-0.0006659738, 0.00071350695, 0), (-0.00037680526, 0.00035675347, 0)]
                uniform token subdivisionScheme = "none"
                matrix4d xformOp:transform = ( (0.7933533402912352, -0.6087614290087207, 0, 0), (0.5720486226585795, 0.7455082795475254, 0.3420201433256687, 0), (-0.20820867120070155, -0.2713428231543063, 0.9396926207859084, 0), (0.025138704467089476, 0.032761397501867566, 0.08586825078642348, 1) )
                uniform token[] xformOpOrder = ["xformOp:transform"]
            }
        }

        def Xform "Leaf_o1_r3_i1" (
            prepend apiSchemas = ["PhysicsRigidBodyAPI", "PhysicsMassAPI", "PhysicsFilteredPairsAPI"]
        )
        {
            prepend rel physics:filteredPairs = </Plant_1/Stem/Internode_o1_r3>
            float physics:mass = 0.05

            def Cylinder "Petiole" (
                prepend apiSchemas = ["PhysicsCollisionAPI"]
            )
            {
                uniform token axis = "Z"
                double height = 0.0123025235
                rel material:binding = </Plant_1/Materials/Leaf>
                double radius = 0.00122892075
                matrix4d xformOp:transform = ( (-0.7933533402912352, 0.6087614290087207, 0, 0), (-0.20820867120070155, -0.2713428231543063, 0.9396926207859084, 0), (0.5720486226585795, 0.7455082795475254, 0.3420201433256687, 0), (0.0035188208116999032, 0.0045858165642890004, 0.0811428444253687, 1) )
                uniform token[] xformOpOrder = ["xformOp:transform"]
            }

            def Cylinder "Rachis" (
                prepend apiSchemas = ["PhysicsCollisionAPI"]
            )
            {
                uniform token axis = "Z"
                double height = 0.021642525
                rel material:binding = </Plant_1/Materials/Leaf>
                double radius = 0.00073735245
                matrix4d xformOp:transform = ( (-0.7933533402912352, 0.6087614290087207, 0, 0), (-0.20820867120070155, -0.2713428231543063, 0.9396926207859084, 0), (0.5720486226585795, 0.7455082795475254, 0.3420201433256687, 0), (0.013227929931951743, 0.017238973917485155, 0.08694778960195208, 1) )
                uniform token[] xformOpOrder = ["xformOp:transform"]
            }

            def Cylinder "Petiolule_0" (
                prepend apiSchemas = ["PhysicsCollisionAPI"]
            )
            {
                uniform token axis = "Z"
                double height = 0.01
                rel material:binding = </Plant_1/Materials/Leaf>
                double radius = 0.0004915683
                matrix4d xformOp:transform = ( (-0.9692550857574936, -0.24605807999989301, 0, 0), (0.05409496103035083, -0.21308715443339138, 0.9755345200486782, 0), (-0.24003815097679487, 0.9455417948891769, 0.2198463103929542, 0), (0.005837450868515832, 0.013899342103023887, 0.08434593140270218, 1) )
                uniform token[] xformOpOrder = ["xformOp:transform"]
            }

            def Mesh "Blade_0" (
                prepend apiSchemas = ["PhysicsCollisionAPI", "PhysicsMeshCollisionAPI"]
            )
            {
                int[] faceVertexCounts = [3, 3, 3, 3, 3, 3, 3, 3, 3, 3, 3, 3, 3, 3]
                int[] faceVertexIndices = [0, 1, 2, 0, 2, 3, 0, 3, 4, 0, 4, 5, 0, 5, 6, 0, 6, 7, 0, 7, 8, 0, 8, 9, 0, 9, 10, 0, 10, 11, 0, 11, 12, 0, 12, 13, 0, 13, 14, 0, 14, 15]
                rel material:binding = </Plant_1/Materials/Leaf>
                uniform token physics:approximation = "convexHull"
                point3f[] points = [(0, 0, 0), (0.00037680526, 0.00035675347, 0), (0.0006659738, 0.00071350695, 0), (0.000830585, 0.0010702604, 0), (0.0008562084, 0.0014270139, 0), (0.0007514817, 0.0017837674, 0), (0.0005448877, 0.0021405208, 0), (0.00027850823, 0.0024972744, 0), (0, 0.0028540278, 0), (-0.00027850823, 0.0024972744, 0), (-0.0005448877, 0.0021405208, 0), (-0.0007514817, 0.0017837674, 0), (-0.0008562084, 0.0014270139, 0), (-0.000830585, 0.0010702604, 0), (-0.0006659738, 0.00071350695, 0), (-0.00037680526, 0.00035675347, 0)]
                uniform token subdivisionScheme = "none"
                matrix4d xformOp:transform = ( (0.9692550857574936, 0.24605807999989301, -0, 0), (-0.24003815097679487, 0.9455417948891769, 0.2198463103929542, 0), (0.05409496103035083, -0.21308715443339138, 0.9755345200486782, 0), (0.004637260113631858, 0.018627051077469772, 0.08544516295466695, 1) )
                uniform token[] xformOpOrder = ["xformOp:transform"]
            }

            def Cylinder "Petiolule_1" (
                prepend apiSchemas = ["PhysicsCollisionAPI"]
            )
            {
                uniform token axis = "Z"
                double height = 0.01
                rel material:binding = </Plant_1/Materials/Leaf>
                double radius = 0.0004915683
                matrix4d xformOp:transform = ( (-0.013187821517518024, 0.9999130369005207, 0, 0), (-0.21982719187639332, -0.0028992939027471477, 0.9755345200486782, 0), (0.9754496845431657, 0.012865175134579576, 0.2198463103929542, 0), (0.011914890046115635, 0.009235959004250898, 0.08434593140270218, 1) )
                uniform token[] xformOpOrder = ["xformOp:transform"]
            }

            def Mesh "Blade_1" (
                prepend apiSchemas = ["PhysicsCollisionAPI", "PhysicsMeshCollisionAPI"]
            )
            {
                int[] faceVertexCounts = [3, 3, 3, 3, 3, 3, 3, 3, 3, 3, 3, 3, 3, 3]
                int[] faceVertexIndices = [0, 1, 2, 0, 2, 3, 0, 3, 4, 0, 4, 5, 0, 5, 6, 0, 6, 7, 0, 7, 8, 0, 8, 9, 0, 9, 10, 0, 10, 11, 0, 11, 12, 0, 12, 13, 0, 13, 14, 0, 14, 15]
                rel material:binding = </Plant_1/Materials/Leaf>
                uniform token physics:approximation = "convexHull"
                point3f[] points = [(0, 0, 0), (0.00037680526, 0.00035675347, 0), (0.0006659738, 0.00071350695, 0), (0.000830585, 0.0010702604, 0), (0.0008562084, 0.0014270139, 0), (0.0007514817, 0.0017837674, 0), (0.0005448877, 0.0021405208, 0), (0.00027850823, 0.0024972744, 0), (0, 0.0028540278, 0), (-0.00027850823, 0.0024972744, 0), (-0.0005448877, 0.0021405208, 0), (-0.0007514817, 0.0017837674, 0), (-0.0008562084, 0.0014270139, 0), (-0.000830585, 0.0010702604, 0), (-0.0006659738, 0.00071350695, 0), (-0.00037680526, 0.00035675347, 0)]
                uniform token subdivisionScheme = "none"
                matrix4d xformOp:transform = ( (0.013187821517518024, -0.9999130369005207, 0, 0), (0.9754496845431657, 0.012865175134579576, 0.2198463103929542, 0), (-0.21982719187639332, -0.0028992939027471477, 0.9755345200486782, 0), (0.016792138468831465, 0.009300284879923796, 0.08544516295466695, 1) )
                uniform token[] xformOpOrder = ["xformOp:transform"]
            }

            def Cylinder "Petiolule_2" (
                prepend apiSchemas = ["PhysicsCollisionAPI"]
            )
            {
                uniform token axis = "Z"
                double height = 0.01
                rel material:binding = </Plant_1/Materials/Leaf>
                double radius = 0.0004915683
                matrix4d xformOp:transform = ( (-0.9692550857574936, -0.24605807999989301, 0, 0), (0.05409496103035083, -0.21308715443339138, 0.9755345200486782, 0), (-0.24003815097679487, 0.9455417948891769, 0.2198463103929542, 0), (0.011935865022001377, 0.02184695016194017, 0.08799209083778797, 1) )
                uniform token[] xformOpOrder = ["xformOp:transform"]
            }

            def Mesh "Blade_2" (
                prepend apiSchemas = ["PhysicsCollisionAPI", "PhysicsMeshCollisionAPI"]
            )
            {
                int[] faceVertexCounts = [3, 3, 3, 3, 3, 3, 3, 3, 3, 3, 3, 3, 3, 3]
                int[] faceVertexIndices = [0, 1, 2, 0, 2, 3, 0, 3, 4, 0, 4, 5, 0, 5, 6, 0, 6, 7, 0, 7, 8, 0, 8, 9, 0, 9, 10, 0, 10, 11, 0, 11, 12, 0, 12, 13, 0, 13, 14, 0, 14, 15]
                rel material:binding = </Plant_1/Materials/Leaf>
                uniform token physics:approximation = "convexHull"
                point3f[] points = [(0, 0, 0), (0.00037680526, 0.00035675347, 0), (0.0006659738, 0.00071350695, 0), (0.000830585, 0.0010702604, 0), (0.0008562084, 0.0014270139, 0), (0.0007514817, 0.0017837674, 0), (0.0005448877, 0.0021405208, 0), (0.00027850823, 0.0024972744, 0), (0, 0.0028540278, 0), (-0.00027850823, 0.0024972744, 0), (-0.0005448877, 0.0021405208, 0), (-0.0007514817, 0.0017837674, 0), (-0.0008562084, 0.0014270139, 0), (-0.000830585, 0.0010702604, 0), (-0.0006659738, 0.00071350695, 0), (-0.00037680526, 0.00035675347, 0)]
                uniform token subdivisionScheme = "none"
                matrix4d xformOp:transform = ( (0.9692550857574936, 0.24605807999989301, -0, 0), (-0.24003815097679487, 0.9455417948891769, 0.2198463103929542, 0), (0.05409496103035083, -0.21308715443339138, 0.9755345200486782, 0), (0.010735674267117403, 0.026574659136386056, 0.08909132238975274, 1) )
                uniform token[] xformOpOrder = ["xformOp:transform"]
            }

            def Cylinder "Petiolule_3" (
                prepend apiSchemas = ["PhysicsCollisionAPI"]
            )
            {
                uniform token axis = "Z"
                double height = 0.01
                rel material:binding = </Plant_1/Materials/Leaf>
                double radius = 0.0004915683
                matrix4d xformOp:transform = ( (-0.013187821517518024, 0.9999130369005207, 0, 0), (-0.21982719187639332, -0.0028992939027471477, 0.9755345200486782, 0), (0.9754496845431657, 0.012865175134579576, 0.2198463103929542, 0), (0.01801330419960118, 0.017183567063167184, 0.08799209083778797, 1) )
                uniform token[] xformOpOrder = ["xformOp:transform"]
            }

            def Mesh "Blade_3" (
                prepend apiSchemas = ["PhysicsCollisionAPI", "PhysicsMeshCollisionAPI"]
            )
            {
                int[] faceVertexCounts = [3, 3, 3, 3, 3, 3, 3, 3, 3, 3, 3, 3, 3, 3]
                int[] faceVertexIndices = [0, 1, 2, 0, 2, 3, 0, 3, 4, 0, 4, 5, 0, 5, 6, 0, 6, 7, 0, 7, 8, 0, 8, 9, 0, 9, 10, 0, 10, 11, 0, 11, 12, 0, 12, 13, 0, 13, 14, 0, 14, 15]
                rel material:binding = </Plant_1/Materials/Leaf>
                uniform token physics:approximation = "convexHull"
                point3f[] points = [(0, 0, 0), (0.00037680526, 0.00035675347, 0), (0.0006659738, 0.00071350695, 0), (0.000830585, 0.0010702604, 0), (0.0008562084, 0.0014270139, 0), (0.0007514817, 0.0017837674, 0), (0.0005448877, 0.0021405208, 0), (0.00027850823, 0.0024972744, 0), (0, 0.0028540278, 0), (-0.00027850823, 0.0024972744, 0), (-0.0005448877, 0.0021405208, 0), (-0.0007514817, 0.0017837674, 0), (-0.0008562084, 0.0014270139, 0), (-0.000830585, 0.0010702604, 0), (-0.0006659738, 0.00071350695, 0), (-0.00037680526, 0.00035675347, 0)]
                uniform token subdivisionScheme = "none"
                matrix4d xformOp:transform = ( (0.013187821517518024, -0.9999130369005207, 0, 0), (0.9754496845431657, 0.012865175134579576, 0.2198463103929542, 0), (-0.21982719187639332, -0.0028992939027471477, 0.9755345200486782, 0), (0.02289055262231701, 0.01724789293884008, 0.08909132238975274, 1) )
                uniform token[] xformOpOrder = ["xformOp:transform"]
            }

            def Cylinder "Petiolule_term" (
                prepend apiSchemas = ["PhysicsCollisionAPI"]
            )
            {
                uniform token axis = "Z"
                double height = 0.01
                rel material:binding = </Plant_1/Materials/Leaf>
                double radius = 0.0004915683
                matrix4d xformOp:transform = ( (-0.7933533402912352, 0.6087614290087207, 0, 0), (-0.20820867120070155, -0.2713428231543063, 0.9396926207859084, 0), (0.5720486226585795, 0.7455082795475254, 0.3420201433256687, 0), (0.022278461353796578, 0.029033856104129938, 0.09235898006979512, 1) )
                uniform token[] xformOpOrder = ["xformOp:transform"]
            }

            def Mesh "Blade_4" (
                prepend apiSchemas = ["PhysicsCollisionAPI", "PhysicsMeshCollisionAPI"]
            )
            {
                int[] faceVertexCounts = [3, 3, 3, 3, 3, 3, 3, 3, 3, 3, 3, 3, 3, 3]
                int[] faceVertexIndices = [0, 1, 2, 0, 2, 3, 0, 3, 4, 0, 4, 5, 0, 5, 6, 0, 6, 7, 0, 7, 8, 0, 8, 9, 0, 9, 10, 0, 10, 11, 0, 11, 12, 0, 12, 13, 0, 13, 14, 0, 14, 15]
                rel material:binding = </Plant_1/Materials/Leaf>
                uniform token physics:approximation = "convexHull"
                point3f[] points = [(0, 0, 0), (0.00037680526, 0.00035675347, 0), (0.0006659738, 0.00071350695, 0), (0.000830585, 0.0010702604, 0), (0.0008562084, 0.0014270139, 0), (0.0007514817, 0.0017837674, 0), (0.0005448877, 0.0021405208, 0), (0.00027850823, 0.0024972744, 0), (0, 0.0028540278, 0), (-0.00027850823, 0.0024972744, 0), (-0.0005448877, 0.0021405208, 0), (-0.0007514817, 0.0017837674, 0), (-0.0008562084, 0.0014270139, 0), (-0.000830585, 0.0010702604, 0), (-0.0006659738, 0.00071350695, 0), (-0.00037680526, 0.00035675347, 0)]
                uniform token subdivisionScheme = "none"
                matrix4d xformOp:transform = ( (0.7933533402912352, -0.6087614290087207, 0, 0), (0.5720486226585795, 0.7455082795475254, 0.3420201433256687, 0), (-0.20820867120070155, -0.2713428231543063, 0.9396926207859084, 0), (0.025138704467089476, 0.032761397501867566, 0.09406908078642347, 1) )
                uniform token[] xformOpOrder = ["xformOp:transform"]
            }
        }

        def Xform "Leaf_o1_r3_i2" (
            prepend apiSchemas = ["PhysicsRigidBodyAPI", "PhysicsMassAPI", "PhysicsFilteredPairsAPI"]
        )
        {
            prepend rel physics:filteredPairs = </Plant_1/Stem/Internode_o1_r3>
            float physics:mass = 0.05

            def Cylinder "Petiole" (
                prepend apiSchemas = ["PhysicsCollisionAPI"]
            )
            {
                uniform token axis = "Z"
                double height = 0.0123025235
                rel material:binding = </Plant_1/Materials/Leaf>
                double radius = 0.00122892075
                matrix4d xformOp:transform = ( (-0.7933533402912352, 0.6087614290087207, 0, 0), (-0.20820867120070155, -0.2713428231543063, 0.9396926207859084, 0), (0.5720486226585795, 0.7455082795475254, 0.3420201433256687, 0), (0.0035188208116999032, 0.0045858165642890004, 0.0811428444253687, 1) )
                uniform token[] xformOpOrder = ["xformOp:transform"]
            }

            def Cylinder "Rachis" (
                prepend apiSchemas = ["PhysicsCollisionAPI"]
            )
            {
                uniform token axis = "Z"
                double height = 0.021642525
                rel material:binding = </Plant_1/Materials/Leaf>
                double radius = 0.00073735245
                matrix4d xformOp:transform = ( (-0.7933533402912352, 0.6087614290087207, 0, 0), (-0.20820867120070155, -0.2713428231543063, 0.9396926207859084, 0), (0.5720486226585795, 0.7455082795475254, 0.3420201433256687, 0), (0.013227929931951743, 0.017238973917485155, 0.08694778960195208, 1) )
                uniform token[] xformOpOrder = ["xformOp:transform"]
            }

            def Cylinder "Petiolule_0" (
                prepend apiSchemas = ["PhysicsCollisionAPI"]
            )
            {
                uniform token axis = "Z"
                double height = 0.01
                rel material:binding = </Plant_1/Materials/Leaf>
                double radius = 0.0004915683
                matrix4d xformOp:transform = ( (-0.9692550857574936, -0.24605807999989301, 0, 0), (0.05409496103035083, -0.21308715443339138, 0.9755345200486782, 0), (-0.24003815097679487, 0.9455417948891769, 0.2198463103929542, 0), (0.005837450868515832, 0.013899342103023887, 0.08434593140270218, 1) )
                uniform token[] xformOpOrder = ["xformOp:transform"]
            }

            def Mesh "Blade_0" (
                prepend apiSchemas = ["PhysicsCollisionAPI", "PhysicsMeshCollisionAPI"]
            )
            {
                int[] faceVertexCounts = [3, 3, 3, 3, 3, 3, 3, 3, 3, 3, 3, 3, 3, 3]
                int[] faceVertexIndices = [0, 1, 2, 0, 2, 3, 0, 3, 4, 0, 4, 5, 0, 5, 6, 0, 6, 7, 0, 7, 8, 0, 8, 9, 0, 9, 10, 0, 10, 11, 0, 11, 12, 0, 12, 13, 0, 13, 14, 0, 14, 15]
                rel material:binding = </Plant_1/Materials/Leaf>
                uniform token physics:approximation = "convexHull"
                point3f[] points = [(0, 0, 0), (0.00037680526, 0.00035675347, 0), (0.0006659738, 0.00071350695, 0), (0.000830585, 0.0010702604, 0), (0.0008562084, 0.0014270139, 0), (0.0007514817, 0.0017837674, 0), (0.0005448877, 0.0021405208, 0), (0.00027850823, 0.0024972744, 0), (0, 0.0028540278, 0), (-0.00027850823, 0.0024972744, 0), (-0.0005448877, 0.0021405208, 0), (-0.0007514817, 0.0017837674, 0), (-0.0008562084, 0.0014270139, 0), (-0.000830585, 0.0010702604, 0), (-0.0006659738, 0.00071350695, 0), (-0.00037680526, 0.00035675347, 0)]
                uniform token subdivisionScheme = "none"
                matrix4d xformOp:transform = ( (0.9692550857574936, 0.24605807999989301, -0, 0), (-0.24003815097679487, 0.9455417948891769, 0.2198463103929542, 0), (0.05409496103035083, -0.21308715443339138, 0.9755345200486782, 0), (0.004637260113631858, 0.018627051077469772, 0.08544516295466695, 1) )
                uniform token[] xformOpOrder = ["xformOp:transform"]
            }

            def Cylinder "Petiolule_1" (
                prepend apiSchemas = ["PhysicsCollisionAPI"]
            )
            {
                uniform token axis = "Z"
                double height = 0.01
                rel material:binding = </Plant_1/Materials/Leaf>
                double radius = 0.0004915683
                matrix4d xformOp:transform = ( (-0.013187821517518024, 0.9999130369005207, 0, 0), (-0.21982719187639332, -0.0028992939027471477, 0.9755345200486782, 0), (0.9754496845431657, 0.012865175134579576, 0.2198463103929542, 0), (0.011914890046115635, 0.009235959004250898, 0.08434593140270218, 1) )
                uniform token[] xformOpOrder = ["xformOp:transform"]
            }

            def Mesh "Blade_1" (
                prepend apiSchemas = ["PhysicsCollisionAPI", "PhysicsMeshCollisionAPI"]
            )
            {
                int[] faceVertexCounts = [3, 3, 3, 3, 3, 3, 3, 3, 3, 3, 3, 3, 3, 3]
                int[] faceVertexIndices = [0, 1, 2, 0, 2, 3, 0, 3, 4, 0, 4, 5, 0, 5, 6, 0, 6, 7, 0, 7, 8, 0, 8, 9, 0, 9, 10, 0, 10, 11, 0, 11, 12, 0, 12, 13, 0, 13, 14, 0, 14, 15]
                rel material:binding = </Plant_1/Materials/Leaf>
                uniform token physics:approximation = "convexHull"
                point3f[] points = [(0, 0, 0), (0.00037680526, 0.00035675347, 0), (0.0006659738, 0.00071350695, 0), (0.000830585, 0.0010702604, 0), (0.0008562084, 0.0014270139, 0), (0.0007514817, 0.0017837674, 0), (0.0005448877, 0.0021405208, 0), (0.00027850823, 0.0024972744, 0), (0, 0.0028540278, 0), (-0.00027850823, 0.0024972744, 0), (-0.0005448877, 0.0021405208, 0), (-0.0007514817, 0.0017837674, 0), (-0.0008562084, 0.0014270139, 0), (-0.000830585, 0.0010702604, 0), (-0.0006659738, 0.00071350695, 0), (-0.00037680526, 0.00035675347, 0)]
                uniform token subdivisionScheme = "none"
                matrix4d xformOp:transform = ( (0.013187821517518024, -0.9999130369005207, 0, 0), (0.9754496845431657, 0.012865175134579576, 0.2198463103929542, 0), (-0.21982719187639332, -0.0028992939027471477, 0.9755345200486782, 0), (0.016792138468831465, 0.009300284879923796, 0.08544516295466695, 1) )
                uniform token[] xformOpOrder = ["xformOp:transform"]
            }

            def Cylinder "Petiolule_2" (
                prepend apiSchemas = ["PhysicsCollisionAPI"]
            )
            {
                uniform token axis = "Z"
                double height = 0.01
                rel material:binding = </Plant_1/Materials/Leaf>
                double radius = 0.0004915683
                matrix4d xformOp:transform = ( (-0.9692550857574936, -0.24605807999989301, 0, 0), (0.05409496103035083, -0.21308715443339138, 0.9755345200486782, 0), (-0.24003815097679487, 0.9455417948891769, 0.2198463103929542, 0), (0.011935865022001377, 0.02184695016194017, 0.08799209083778797, 1) )
                uniform token[] xformOpOrder = ["xformOp:transform"]
            }

            def Mesh "Blade_2" (
                prepend apiSchemas = ["PhysicsCollisionAPI", "PhysicsMeshCollisionAPI"]
            )
            {
                int[] faceVertexCounts = [3, 3, 3, 3, 3, 3, 3, 3, 3, 3, 3, 3, 3, 3]
                int[] faceVertexIndices = [0, 1, 2, 0, 2, 3, 0, 3, 4, 0, 4, 5, 0, 5, 6, 0, 6, 7, 0, 7, 8, 0, 8, 9, 0, 9, 10, 0, 10, 11, 0, 11, 12, 0, 12, 13, 0, 13, 14, 0, 14, 15]
                rel material:binding = </Plant_1/Materials/Leaf>
                uniform token physics:approximation = "convexHull"
                point3f[] points = [(0, 0, 0), (0.00037680526, 0.00035675347, 0), (0.0006659738, 0.00071350695, 0), (0.000830585, 0.0010702604, 0), (0.0008562084, 0.0014270139, 0), (0.0007514817, 0.0017837674, 0), (0.0005448877, 0.0021405208, 0), (0.00027850823, 0.0024972744, 0), (0, 0.0028540278, 0), (-0.00027850823, 0.0024972744, 0), (-0.0005448877, 0.0021405208, 0), (-0.0007514817, 0.0017837674, 0), (-0.0008562084, 0.0014270139, 0), (-0.000830585, 0.0010702604, 0), (-0.0006659738, 0.00071350695, 0), (-0.00037680526, 0.00035675347, 0)]
                uniform token subdivisionScheme = "none"
                matrix4d xformOp:transform = ( (0.9692550857574936, 0.24605807999989301, -0, 0), (-0.24003815097679487, 0.9455417948891769, 0.2198463103929542, 0), (0.05409496103035083, -0.21308715443339138, 0.9755345200486782, 0), (0.010735674267117403, 0.026574659136386056, 0.08909132238975274, 1) )
                uniform token[] xformOpOrder = ["xformOp:transform"]
            }

            def Cylinder "Petiolule_3" (
                prepend apiSchemas = ["PhysicsCollisionAPI"]
            )
            {
                uniform token axis = "Z"
                double height = 0.01
                rel material:binding = </Plant_1/Materials/Leaf>
                double radius = 0.0004915683
                matrix4d xformOp:transform = ( (-0.013187821517518024, 0.9999130369005207, 0, 0), (-0.21982719187639332, -0.0028992939027471477, 0.9755345200486782, 0), (0.9754496845431657, 0.012865175134579576, 0.2198463103929542, 0), (0.01801330419960118, 0.017183567063167184, 0.08799209083778797, 1) )
                uniform token[] xformOpOrder = ["xformOp:transform"]
            }

            def Mesh "Blade_3" (
                prepend apiSchemas = ["PhysicsCollisionAPI", "PhysicsMeshCollisionAPI"]
            )
            {
                int[] faceVertexCounts = [3, 3, 3, 3, 3, 3, 3, 3, 3, 3, 3, 3, 3, 3]
                int[] faceVertexIndices = [0, 1, 2, 0, 2, 3, 0, 3, 4, 0, 4, 5, 0, 5, 6, 0, 6, 7, 0, 7, 8, 0, 8, 9, 0, 9, 10, 0, 10, 11, 0, 11, 12, 0, 12, 13, 0, 13, 14, 0, 14, 15]
                rel material:binding = </Plant_1/Materials/Leaf>
                uniform token physics:approximation = "convexHull"
                point3f[] points = [(0, 0, 0), (0.00037680526, 0.00035675347, 0), (0.0006659738, 0.00071350695, 0), (0.000830585, 0.0010702604, 0), (0.0008562084, 0.0014270139, 0), (0.0007514817, 0.0017837674, 0), (0.0005448877, 0.0021405208, 0), (0.00027850823, 0.0024972744, 0), (0, 0.0028540278, 0), (-0.00027850823, 0.0024972744, 0), (-0.0005448877, 0.0021405208, 0), (-0.0007514817, 0.0017837674, 0), (-0.0008562084, 0.0014270139, 0), (-0.000830585, 0.0010702604, 0), (-0.0006659738, 0.00071350695, 0), (-0.00037680526, 0.00035675347, 0)]
                uniform token subdivisionScheme = "none"
                matrix4d xformOp:transform = ( (0.013187821517518024, -0.9999130369005207, 0, 0), (0.9754496845431657, 0.012865175134579576, 0.2198463103929542, 0), (-0.21982719187639332, -0.0028992939027471477, 0.9755345200486782, 0), (0.02289055262231701, 0.01724789293884008, 0.08909132238975274, 1) )
                uniform token[] xformOpOrder = ["xformOp:transform"]
            }

            def Cylinder "Petiolule_term" (
                prepend apiSchemas = ["PhysicsCollisionAPI"]
            )
            {
                uniform token axis = "Z"
                double height = 0.01
                rel material:binding = </Plant_1/Materials/Leaf>
                double radius = 0.0004915683
                matrix4d xformOp:transform = ( (-0.7933533402912352, 0.6087614290087207, 0, 0), (-0.20820867120070155, -0.2713428231543063, 0.9396926207859084, 0), (0.5720486226585795, 0.7455082795475254, 0.3420201433256687, 0), (0.022278461353796578, 0.029033856104129938, 0.09235898006979512, 1) )
                uniform token[] xformOpOrder = ["xformOp:transform"]
            }

            def Mesh "Blade_4" (
                prepend apiSchemas = ["PhysicsCollisionAPI", "PhysicsMeshCollisionAPI"]
            )
            {
                int[] faceVertexCounts = [3, 3, 3, 3, 3, 3, 3, 3, 3, 3, 3, 3, 3, 3]
                int[] faceVertexIndices = [0, 1, 2, 0, 2, 3, 0, 3, 4, 0, 4, 5, 0, 5, 6, 0, 6, 7, 0, 7, 8, 0, 8, 9, 0, 9, 10, 0, 10, 11, 0, 11, 12, 0, 12, 13, 0, 13, 14, 0, 14, 15]
                rel material:binding = </Plant_1/Materials/Leaf>
                uniform token physics:approximation = "convexHull"
                point3f[] points = [(0, 0, 0), (0.00037680526, 0.00035675347, 0), (0.0006659738, 0.00071350695, 0), (0.000830585, 0.0010702604, 0), (0.0008562084, 0.0014270139, 0), (0.0007514817, 0.0017837674, 0), (0.0005448877, 0.0021405208, 0), (0.00027850823, 0.0024972744, 0), (0, 0.0028540278, 0), (-0.00027850823, 0.0024972744, 0), (-0.0005448877, 0.0021405208, 0), (-0.0007514817, 0.0017837674, 0), (-0.0008562084, 0.0014270139, 0), (-0.000830585, 0.0010702604, 0), (-0.0006659738, 0.00071350695, 0), (-0.00037680526, 0.00035675347, 0)]
                uniform token subdivisionScheme = "none"
                matrix4d xformOp:transform = ( (0.7933533402912352, -0.6087614290087207, 0, 0), (0.5720486226585795, 0.7455082795475254, 0.3420201433256687, 0), (-0.20820867120070155, -0.2713428231543063, 0.9396926207859084, 0), (0.025138704467089476, 0.032761397501867566, 0.09406908078642347, 1) )
                uniform token[] xformOpOrder = ["xformOp:transform"]
            }
        }

        def Xform "Leaf_o1_r2_i0" (
            prepend apiSchemas = ["PhysicsRigidBodyAPI", "PhysicsMassAPI", "PhysicsFilteredPairsAPI"]
        )
        {
            prepend rel physics:filteredPairs = </Plant_1/Stem/Internode_o1_r2>
            float physics:mass = 0.05

            def Cylinder "Petiole" (
                prepend apiSchemas = ["PhysicsCollisionAPI"]
            )
            {
                uniform token axis = "Z"
                double height = 0.015120781
                rel material:binding = </Plant_1/Materials/Leaf>
                double radius = 0.00145041815
                matrix4d xformOp:transform = ( (0.9961946980917457, 0.08715574274765789, -0, 0), (-0.029809019626209063, 0.3407186534216101, 0.9396926207859085, 0), (0.08189960831908907, -0.9361168066628592, 0.3420201433256687, 0), (0.000619193020689362, -0.007077408611984218, 0.05737462084240802, 1) )
                uniform token[] xformOpOrder = ["xformOp:transform"]
            }

            def Cylinder "Rachis" (
                prepend apiSchemas = ["PhysicsCollisionAPI"]
            )
            {
                uniform token axis = "Z"
                double height = 0.02860491
                rel material:binding = </Plant_1/Materials/Leaf>
                double radius = 0.00087025089
                matrix4d xformOp:transform = ( (0.9961946980917457, 0.08715574274765789, -0, 0), (-0.029809019626209063, 0.3407186534216101, 0.9396926207859085, 0), (0.08189960831908907, -0.9361168066628592, 0.3420201433256687, 0), (0.002409751503880121, -0.02754358572600768, 0.06485215439382498, 1) )
                uniform token[] xformOpOrder = ["xformOp:transform"]
            }

            def Cylinder "Petiolule_0" (
                prepend apiSchemas = ["PhysicsCollisionAPI"]
            )
            {
                uniform token axis = "Z"
                double height = 0.01
                rel material:binding = </Plant_1/Materials/Leaf>
                double radius = 0.0005801672600000001
                matrix4d xformOp:transform = ( (0.548375378964315, 0.8362322905423731, -0, 0), (-0.18384258370718962, 0.12055830377564267, 0.9755345200486784, 0), (0.8157734662034608, -0.5349591121244651, 0.2198463103929542, 0), (0.005317253372396028, -0.01682961278459076, 0.06105965823678082, 1) )
                uniform token[] xformOpOrder = ["xformOp:transform"]
            }

            def Mesh "Blade_0" (
                prepend apiSchemas = ["PhysicsCollisionAPI", "PhysicsMeshCollisionAPI"]
            )
            {
                int[] faceVertexCounts = [3, 3, 3, 3, 3, 3, 3, 3, 3, 3, 3, 3, 3, 3]
                int[] faceVertexIndices = [0, 1, 2, 0, 2, 3, 0, 3, 4, 0, 4, 5, 0, 5, 6, 0, 6, 7, 0, 7, 8, 0, 8, 9, 0, 9, 10, 0, 10, 11, 0, 11, 12, 0, 12, 13, 0, 13, 14, 0, 14, 15]
                rel material:binding = </Plant_1/Materials/Leaf>
                uniform token physics:approximation = "convexHull"
                point3f[] points = [(0, 0, 0), (0.0006788997, 0.0006427719, 0), (0.001199902, 0.0012855438, 0), (0.0014964864, 0.0019283156, 0), (0.0015426525, 0.0025710876, 0), (0.0013539639, 0.0032138594, 0), (0.0009817381, 0.0038566312, 0), (0.00050179544, 0.0044994033, 0), (0, 0.005142175, 0), (-0.00050179544, 0.0044994033, 0), (-0.0009817381, 0.0038566312, 0), (-0.0013539639, 0.0032138594, 0), (-0.0015426525, 0.0025710876, 0), (-0.0014964864, 0.0019283156, 0), (-0.001199902, 0.0012855438, 0), (-0.0006788997, 0.0006427719, 0)]
                uniform token subdivisionScheme = "none"
                matrix4d xformOp:transform = ( (-0.548375378964315, -0.8362322905423731, 0, 0), (0.8157734662034608, -0.5349591121244651, 0.2198463103929542, 0), (-0.18384258370718962, 0.12055830377564267, 0.9755345200486784, 0), (0.009396120703413332, -0.019504408345213088, 0.06215888978874559, 1) )
                uniform token[] xformOpOrder = ["xformOp:transform"]
            }

            def Cylinder "Petiolule_1" (
                prepend apiSchemas = ["PhysicsCollisionAPI"]
            )
            {
                uniform token axis = "Z"
                double height = 0.01
                rel material:binding = </Plant_1/Materials/Leaf>
                double radius = 0.0005801672600000001
                matrix4d xformOp:transform = ( (0.685254538123991, -0.7283036578107212, 0, 0), (0.1601148720153797, 0.15065068188658737, 0.9755345200486782, 0), (-0.7104853592720786, -0.6684894569599661, 0.2198463103929542, 0), (-0.002314040754981669, -0.017497264508768266, 0.06105965823678082, 1) )
                uniform token[] xformOpOrder = ["xformOp:transform"]
            }

            def Mesh "Blade_1" (
                prepend apiSchemas = ["PhysicsCollisionAPI", "PhysicsMeshCollisionAPI"]
            )
            {
                int[] faceVertexCounts = [3, 3, 3, 3, 3, 3, 3, 3, 3, 3, 3, 3, 3, 3]
                int[] faceVertexIndices = [0, 1, 2, 0, 2, 3, 0, 3, 4, 0, 4, 5, 0, 5, 6, 0, 6, 7, 0, 7, 8, 0, 8, 9, 0, 9, 10, 0, 10, 11, 0, 11, 12, 0, 12, 13, 0, 13, 14, 0, 14, 15]
                rel material:binding = </Plant_1/Materials/Leaf>
                uniform token physics:approximation = "convexHull"
                point3f[] points = [(0, 0, 0), (0.0006788997, 0.0006427719, 0), (0.001199902, 0.0012855438, 0), (0.0014964864, 0.0019283156, 0), (0.0015426525, 0.0025710876, 0), (0.0013539639, 0.0032138594, 0), (0.0009817381, 0.0038566312, 0), (0.00050179544, 0.0044994033, 0), (0, 0.005142175, 0), (-0.00050179544, 0.0044994033, 0), (-0.0009817381, 0.0038566312, 0), (-0.0013539639, 0.0032138594, 0), (-0.0015426525, 0.0025710876, 0), (-0.0014964864, 0.0019283156, 0), (-0.001199902, 0.0012855438, 0), (-0.0006788997, 0.0006427719, 0)]
                uniform token subdivisionScheme = "none"
                matrix4d xformOp:transform = ( (-0.685254538123991, 0.7283036578107212, 0, 0), (-0.7104853592720786, -0.6684894569599661, 0.2198463103929542, 0), (0.1601148720153797, 0.15065068188658737, 0.9755345200486782, 0), (-0.0058664675513420625, -0.020839711793568097, 0.06215888978874559, 1) )
                uniform token[] xformOpOrder = ["xformOp:transform"]
            }

            def Cylinder "Petiolule_2" (
                prepend apiSchemas = ["PhysicsCollisionAPI"]
            )
            {
                uniform token axis = "Z"
                double height = 0.01
                rel material:binding = </Plant_1/Materials/Leaf>
                double radius = 0.0005801672600000001
                matrix4d xformOp:transform = ( (0.548375378964315, 0.8362322905423731, -0, 0), (-0.18384258370718962, 0.12055830377564267, 0.9755345200486784, 0), (0.8157734662034608, -0.5349591121244651, 0.2198463103929542, 0), (0.0065545369631471685, -0.03097182894022471, 0.06622666598844756, 1) )
                uniform token[] xformOpOrder = ["xformOp:transform"]
            }

            def Mesh "Blade_2" (
                prepend apiSchemas = ["PhysicsCollisionAPI", "PhysicsMeshCollisionAPI"]
            )
            {
                int[] faceVertexCounts = [3, 3, 3, 3, 3, 3, 3, 3, 3, 3, 3, 3, 3, 3]
                int[] faceVertexIndices = [0, 1, 2, 0, 2, 3, 0, 3, 4, 0, 4, 5, 0, 5, 6, 0, 6, 7, 0, 7, 8, 0, 8, 9, 0, 9, 10, 0, 10, 11, 0, 11, 12, 0, 12, 13, 0, 13, 14, 0, 14, 15]
                rel material:binding = </Plant_1/Materials/Leaf>
                uniform token physics:approximation = "convexHull"
                point3f[] points = [(0, 0, 0), (0.0006788997, 0.0006427719, 0), (0.001199902, 0.0012855438, 0), (0.0014964864, 0.0019283156, 0), (0.0015426525, 0.0025710876, 0), (0.0013539639, 0.0032138594, 0), (0.0009817381, 0.0038566312, 0), (0.00050179544, 0.0044994033, 0), (0, 0.005142175, 0), (-0.00050179544, 0.0044994033, 0), (-0.0009817381, 0.0038566312, 0), (-0.0013539639, 0.0032138594, 0), (-0.0015426525, 0.0025710876, 0), (-0.0014964864, 0.0019283156, 0), (-0.001199902, 0.0012855438, 0), (-0.0006788997, 0.0006427719, 0)]
                uniform token subdivisionScheme = "none"
                matrix4d xformOp:transform = ( (-0.548375378964315, -0.8362322905423731, 0, 0), (0.8157734662034608, -0.5349591121244651, 0.2198463103929542, 0), (-0.18384258370718962, 0.12055830377564267, 0.9755345200486784, 0), (0.010633404294164473, -0.03364662450084704, 0.06732589754041234, 1) )
                uniform token[] xformOpOrder = ["xformOp:transform"]
            }

            def Cylinder "Petiolule_3" (
                prepend apiSchemas = ["PhysicsCollisionAPI"]
            )
            {
                uniform token axis = "Z"
                double height = 0.01
                rel material:binding = </Plant_1/Materials/Leaf>
                double radius = 0.0005801672600000001
                matrix4d xformOp:transform = ( (0.685254538123991, -0.7283036578107212, 0, 0), (0.1601148720153797, 0.15065068188658737, 0.9755345200486782, 0), (-0.7104853592720786, -0.6684894569599661, 0.2198463103929542, 0), (-0.0010767571642305283, -0.03163948066440221, 0.06622666598844756, 1) )
                uniform token[] xformOpOrder = ["xformOp:transform"]
            }

            def Mesh "Blade_3" (
                prepend apiSchemas = ["PhysicsCollisionAPI", "PhysicsMeshCollisionAPI"]
            )
            {
                int[] faceVertexCounts = [3, 3, 3, 3, 3, 3, 3, 3, 3, 3, 3, 3, 3, 3]
                int[] faceVertexIndices = [0, 1, 2, 0, 2, 3, 0, 3, 4, 0, 4, 5, 0, 5, 6, 0, 6, 7, 0, 7, 8, 0, 8, 9, 0, 9, 10, 0, 10, 11, 0, 11, 12, 0, 12, 13, 0, 13, 14, 0, 14, 15]
                rel material:binding = </Plant_1/Materials/Leaf>
                uniform token physics:approximation = "convexHull"
                point3f[] points = [(0, 0, 0), (0.0006788997, 0.0006427719, 0), (0.001199902, 0.0012855438, 0), (0.0014964864, 0.0019283156, 0), (0.0015426525, 0.0025710876, 0), (0.0013539639, 0.0032138594, 0), (0.0009817381, 0.0038566312, 0), (0.00050179544, 0.0044994033, 0), (0, 0.005142175, 0), (-0.00050179544, 0.0044994033, 0), (-0.0009817381, 0.0038566312, 0), (-0.0013539639, 0.0032138594, 0), (-0.0015426525, 0.0025710876, 0), (-0.0014964864, 0.0019283156, 0), (-0.001199902, 0.0012855438, 0), (-0.0006788997, 0.0006427719, 0)]
                uniform token subdivisionScheme = "none"
                matrix4d xformOp:transform = ( (-0.685254538123991, 0.7283036578107212, 0, 0), (-0.7104853592720786, -0.6684894569599661, 0.2198463103929542, 0), (0.1601148720153797, 0.15065068188658737, 0.9755345200486782, 0), (-0.004629183960590921, -0.034981927949202046, 0.06732589754041234, 1) )
                uniform token[] xformOpOrder = ["xformOp:transform"]
            }

            def Cylinder "Petiolule_term" (
                prepend apiSchemas = ["PhysicsCollisionAPI"]
            )
            {
                uniform token axis = "Z"
                double height = 0.01
                rel material:binding = </Plant_1/Materials/Leaf>
                double radius = 0.0005801672600000001
                matrix4d xformOp:transform = ( (0.9961946980917457, 0.08715574274765789, -0, 0), (-0.029809019626209063, 0.3407186534216101, 0.9396926207859085, 0), (0.08189960831908907, -0.9361168066628592, 0.3420201433256687, 0), (0.003990615007976964, -0.04561293826136122, 0.07145398281946225, 1) )
                uniform token[] xformOpOrder = ["xformOp:transform"]
            }

            def Mesh "Blade_4" (
                prepend apiSchemas = ["PhysicsCollisionAPI", "PhysicsMeshCollisionAPI"]
            )
            {
                int[] faceVertexCounts = [3, 3, 3, 3, 3, 3, 3, 3, 3, 3, 3, 3, 3, 3]
                int[] faceVertexIndices = [0, 1, 2, 0, 2, 3, 0, 3, 4, 0, 4, 5, 0, 5, 6, 0, 6, 7, 0, 7, 8, 0, 8, 9, 0, 9, 10, 0, 10, 11, 0, 11, 12, 0, 12, 13, 0, 13, 14, 0, 14, 15]
                rel material:binding = </Plant_1/Materials/Leaf>
                uniform token physics:approximation = "convexHull"
                point3f[] points = [(0, 0, 0), (0.0006788997, 0.0006427719, 0), (0.001199902, 0.0012855438, 0), (0.0014964864, 0.0019283156, 0), (0.0015426525, 0.0025710876, 0), (0.0013539639, 0.0032138594, 0), (0.000981738, 0.0038566312, 0), (0.00050179544, 0.0044994033, 0), (0, 0.005142175, 0), (-0.00050179544, 0.0044994033, 0), (-0.000981738, 0.0038566312, 0), (-0.0013539639, 0.0032138594, 0), (-0.0015426525, 0.0025710876, 0), (-0.0014964864, 0.0019283156, 0), (-0.001199902, 0.0012855438, 0), (-0.0006788997, 0.0006427719, 0)]
                uniform token subdivisionScheme = "none"
                matrix4d xformOp:transform = ( (-0.9961946980917457, -0.08715574274765789, 0, 0), (0.08189960831908907, -0.9361168066628592, 0.3420201433256687, 0), (-0.029809019626209063, 0.3407186534216101, 0.9396926207859085, 0), (0.004400113049572409, -0.05029352229467552, 0.0731640835360906, 1) )
                uniform token[] xformOpOrder = ["xformOp:transform"]
            }
        }

        def Xform "Leaf_o0_r8_i0" (
            prepend apiSchemas = ["PhysicsRigidBodyAPI", "PhysicsMassAPI", "PhysicsFilteredPairsAPI"]
        )
        {
            prepend rel physics:filteredPairs = </Plant_1/Stem/Internode_o0_r8>
            float physics:mass = 0.05

            def Cylinder "Petiole" (
                prepend apiSchemas = ["PhysicsCollisionAPI"]
            )
            {
                uniform token axis = "Z"
                double height = 0.024006693
                rel material:binding = </Plant_1/Materials/Leaf>
                double radius = 0.00210273265
                matrix4d xformOp:transform = ( (-0.3420201433256687, 0.9396926207859084, 0, 0), (-0.3213938048432697, -0.11697777844051097, 0.9396926207859084, 0), (0.8830222215594891, 0.3213938048432697, 0.3420201433256687, 0), (0.010599221692578317, 0.003857801202487144, 0.18859098929031765, 1) )
                uniform token[] xformOpOrder = ["xformOp:transform"]
            }

            def Cylinder "Rachis" (
                prepend apiSchemas = ["PhysicsCollisionAPI"]
            )
            {
                uniform token axis = "Z"
                double height = 0.08405724
                rel material:binding = </Plant_1/Materials/Leaf>
                double radius = 0.00126163959
                matrix4d xformOp:transform = ( (-0.3420201433256687, 0.9396926207859084, 0, 0), (-0.3213938048432697, -0.11697777844051097, 0.9396926207859084, 0), (0.8830222215594891, 0.3213938048432697, 0.3420201433256687, 0), (0.05831064878663621, 0.02122334049908623, 0.20707101021681537, 1) )
                uniform token[] xformOpOrder = ["xformOp:transform"]
            }

            def Cylinder "Petiolule_0" (
                prepend apiSchemas = ["PhysicsCollisionAPI"]
            )
            {
                uniform token axis = "Z"
                double height = 0.01
                rel material:binding = </Plant_1/Materials/Leaf>
                double radius = 0.00084109306
                matrix4d xformOp:transform = ( (-0.949668358153019, 0.31325709812061603, 0, 0), (-0.06886841722622106, -0.2087810846368758, 0.9755345200486782, 0), (0.30559311286693686, 0.9264342659762217, 0.2198463103929542, 0), (0.02272640894949132, 0.012347773734855396, 0.19379560713260005, 1) )
                uniform token[] xformOpOrder = ["xformOp:transform"]
            }

            def Mesh "Blade_0" (
                prepend apiSchemas = ["PhysicsCollisionAPI", "PhysicsMeshCollisionAPI"]
            )
            {
                int[] faceVertexCounts = [3, 3, 3, 3, 3, 3, 3, 3, 3, 3, 3, 3, 3, 3]
                int[] faceVertexIndices = [0, 1, 2, 0, 2, 3, 0, 3, 4, 0, 4, 5, 0, 5, 6, 0, 6, 7, 0, 7, 8, 0, 8, 9, 0, 9, 10, 0, 10, 11, 0, 11, 12, 0, 12, 13, 0, 13, 14, 0, 14, 15]
                rel material:binding = </Plant_1/Materials/Leaf>
                uniform token physics:approximation = "convexHull"
                point3f[] points = [(0, 0, 0), (0.0021466224, 0.0020323894, 0), (0.003793987, 0.004064779, 0), (0.004731761, 0.0060971677, 0), (0.0048777345, 0.008129558, 0), (0.004281117, 0.0101619465, 0), (0.003104171, 0.012194335, 0), (0.0015866339, 0.014226725, 0), (0, 0.016259115, 0), (-0.0015866339, 0.014226725, 0), (-0.003104171, 0.012194335, 0), (-0.004281117, 0.0101619465, 0), (-0.0048777345, 0.008129558, 0), (-0.004731761, 0.0060971677, 0), (-0.003793987, 0.004064779, 0), (-0.0021466224, 0.0020323894, 0)]
                uniform token subdivisionScheme = "none"
                matrix4d xformOp:transform = ( (0.949668358153019, -0.31325709812061603, 0, 0), (0.30559311286693686, 0.9264342659762217, 0.2198463103929542, 0), (-0.06886841722622106, -0.2087810846368758, 0.9755345200486782, 0), (0.024254374513826, 0.016979945064736504, 0.19489483868456484, 1) )
                uniform token[] xformOpOrder = ["xformOp:transform"]
            }

            def Cylinder "Petiolule_1" (
                prepend apiSchemas = ["PhysicsCollisionAPI"]
            )
            {
                uniform token axis = "Z"
                double height = 0.01
                rel material:binding = </Plant_1/Materials/Leaf>
                double radius = 0.00084109306
                matrix4d xformOp:transform = ( (0.5261303872507512, 0.8504039132149938, -0, 0), (-0.18695816266404638, 0.11566782442269384, 0.9755345200486782, 0), (0.8295983733257066, -0.5132583548096867, 0.2198463103929542, 0), (0.025346435251785166, 0.005149310630925854, 0.19379560713260005, 1) )
                uniform token[] xformOpOrder = ["xformOp:transform"]
            }

            def Mesh "Blade_1" (
                prepend apiSchemas = ["PhysicsCollisionAPI", "PhysicsMeshCollisionAPI"]
            )
            {
                int[] faceVertexCounts = [3, 3, 3, 3, 3, 3, 3, 3, 3, 3, 3, 3, 3, 3]
                int[] faceVertexIndices = [0, 1, 2, 0, 2, 3, 0, 3, 4, 0, 4, 5, 0, 5, 6, 0, 6, 7, 0, 7, 8, 0, 8, 9, 0, 9, 10, 0, 10, 11, 0, 11, 12, 0, 12, 13, 0, 13, 14, 0, 14, 15]
                rel material:binding = </Plant_1/Materials/Leaf>
                uniform token physics:approximation = "convexHull"
                point3f[] points = [(0, 0, 0), (0.0021466224, 0.0020323894, 0), (0.003793987, 0.004064779, 0), (0.004731761, 0.0060971677, 0), (0.0048777345, 0.008129558, 0), (0.004281117, 0.0101619465, 0), (0.003104171, 0.012194335, 0), (0.0015866339, 0.014226725, 0), (0, 0.016259115, 0), (-0.0015866339, 0.014226725, 0), (-0.003104171, 0.012194335, 0), (-0.004281117, 0.0101619465, 0), (-0.0048777345, 0.008129558, 0), (-0.004731761, 0.0060971677, 0), (-0.003793987, 0.004064779, 0), (-0.0021466224, 0.0020323894, 0)]
                uniform token subdivisionScheme = "none"
                matrix4d xformOp:transform = ( (-0.5261303872507512, -0.8504039132149938, 0, 0), (0.8295983733257066, -0.5132583548096867, 0.2198463103929542, 0), (-0.18695816266404638, 0.11566782442269384, 0.9755345200486782, 0), (0.0294944271184137, 0.00258301885687742, 0.19489483868456484, 1) )
                uniform token[] xformOpOrder = ["xformOp:transform"]
            }

            def Cylinder "Petiolule_2" (
                prepend apiSchemas = ["PhysicsCollisionAPI"]
            )
            {
                uniform token axis = "Z"
                double height = 0.01
                rel material:binding = </Plant_1/Materials/Leaf>
                double radius = 0.00084109306
                matrix4d xformOp:transform = ( (-0.949668358153019, 0.31325709812061603, 0, 0), (-0.06886841722622106, -0.2087810846368758, 0.9755345200486782, 0), (0.30559311286693686, 0.9264342659762217, 0.2198463103929542, 0), (0.04645894067585715, 0.020985708867030852, 0.20298790570034994, 1) )
                uniform token[] xformOpOrder = ["xformOp:transform"]
            }

            def Mesh "Blade_2" (
                prepend apiSchemas = ["PhysicsCollisionAPI", "PhysicsMeshCollisionAPI"]
            )
            {
                int[] faceVertexCounts = [3, 3, 3, 3, 3, 3, 3, 3, 3, 3, 3, 3, 3, 3]
                int[] faceVertexIndices = [0, 1, 2, 0, 2, 3, 0, 3, 4, 0, 4, 5, 0, 5, 6, 0, 6, 7, 0, 7, 8, 0, 8, 9, 0, 9, 10, 0, 10, 11, 0, 11, 12, 0, 12, 13, 0, 13, 14, 0, 14, 15]
                rel material:binding = </Plant_1/Materials/Leaf>
                uniform token physics:approximation = "convexHull"
                point3f[] points = [(0, 0, 0), (0.0021466224, 0.0020323894, 0), (0.003793987, 0.004064779, 0), (0.004731761, 0.0060971677, 0), (0.0048777345, 0.008129558, 0), (0.004281117, 0.0101619465, 0), (0.003104171, 0.012194335, 0), (0.0015866339, 0.014226725, 0), (0, 0.016259115, 0), (-0.0015866339, 0.014226725, 0), (-0.003104171, 0.012194335, 0), (-0.004281117, 0.0101619465, 0), (-0.0048777345, 0.008129558, 0), (-0.004731761, 0.0060971677, 0), (-0.003793987, 0.004064779, 0), (-0.0021466224, 0.0020323894, 0)]
                uniform token subdivisionScheme = "none"
                matrix4d xformOp:transform = ( (0.949668358153019, -0.31325709812061603, 0, 0), (0.30559311286693686, 0.9264342659762217, 0.2198463103929542, 0), (-0.06886841722622106, -0.2087810846368758, 0.9755345200486782, 0), (0.04798690624019184, 0.02561788019691196, 0.20408713725231473, 1) )
                uniform token[] xformOpOrder = ["xformOp:transform"]
            }

            def Cylinder "Petiolule_3" (
                prepend apiSchemas = ["PhysicsCollisionAPI"]
            )
            {
                uniform token axis = "Z"
                double height = 0.01
                rel material:binding = </Plant_1/Materials/Leaf>
                double radius = 0.00084109306
                matrix4d xformOp:transform = ( (0.5261303872507512, 0.8504039132149938, -0, 0), (-0.18695816266404638, 0.11566782442269384, 0.9755345200486782, 0), (0.8295983733257066, -0.5132583548096867, 0.2198463103929542, 0), (0.049078966978151006, 0.013787245763101308, 0.20298790570034994, 1) )
                uniform token[] xformOpOrder = ["xformOp:transform"]
            }

            def Mesh "Blade_3" (
                prepend apiSchemas = ["PhysicsCollisionAPI", "PhysicsMeshCollisionAPI"]
            )
            {
                int[] faceVertexCounts = [3, 3, 3, 3, 3, 3, 3, 3, 3, 3, 3, 3, 3, 3]
                int[] faceVertexIndices = [0, 1, 2, 0, 2, 3, 0, 3, 4, 0, 4, 5, 0, 5, 6, 0, 6, 7, 0, 7, 8, 0, 8, 9, 0, 9, 10, 0, 10, 11, 0, 11, 12, 0, 12, 13, 0, 13, 14, 0, 14, 15]
                rel material:binding = </Plant_1/Materials/Leaf>
                uniform token physics:approximation = "convexHull"
                point3f[] points = [(0, 0, 0), (0.0021466224, 0.0020323894, 0), (0.003793987, 0.004064779, 0), (0.004731761, 0.0060971677, 0), (0.0048777345, 0.008129558, 0), (0.004281117, 0.0101619465, 0), (0.003104171, 0.012194335, 0), (0.0015866339, 0.014226725, 0), (0, 0.016259115, 0), (-0.0015866339, 0.014226725, 0), (-0.003104171, 0.012194335, 0), (-0.004281117, 0.0101619465, 0), (-0.0048777345, 0.008129558, 0), (-0.004731761, 0.0060971677, 0), (-0.003793987, 0.004064779, 0), (-0.0021466224, 0.0020323894, 0)]
                uniform token subdivisionScheme = "none"
                matrix4d xformOp:transform = ( (-0.5261303872507512, -0.8504039132149938, 0, 0), (0.8295983733257066, -0.5132583548096867, 0.2198463103929542, 0), (-0.18695816266404638, 0.11566782442269384, 0.9755345200486782, 0), (0.053226958844779536, 0.011220953989052875, 0.20408713725231473, 1) )
                uniform token[] xformOpOrder = ["xformOp:transform"]
            }

            def Cylinder "Petiolule_4" (
                prepend apiSchemas = ["PhysicsCollisionAPI"]
            )
            {
                uniform token axis = "Z"
                double height = 0.01
                rel material:binding = </Plant_1/Materials/Leaf>
                double radius = 0.00084109306
                matrix4d xformOp:transform = ( (-0.949668358153019, 0.31325709812061603, 0, 0), (-0.06886841722622106, -0.2087810846368758, 0.9755345200486782, 0), (0.30559311286693686, 0.9264342659762217, 0.2198463103929542, 0), (0.070191472402223, 0.02962364399920631, 0.21218020426809986, 1) )
                uniform token[] xformOpOrder = ["xformOp:transform"]
            }

            def Mesh "Blade_4" (
                prepend apiSchemas = ["PhysicsCollisionAPI", "PhysicsMeshCollisionAPI"]
            )
            {
                int[] faceVertexCounts = [3, 3, 3, 3, 3, 3, 3, 3, 3, 3, 3, 3, 3, 3]
                int[] faceVertexIndices = [0, 1, 2, 0, 2, 3, 0, 3, 4, 0, 4, 5, 0, 5, 6, 0, 6, 7, 0, 7, 8, 0, 8, 9, 0, 9, 10, 0, 10, 11, 0, 11, 12, 0, 12, 13, 0, 13, 14, 0, 14, 15]
                rel material:binding = </Plant_1/Materials/Leaf>
                uniform token physics:approximation = "convexHull"
                point3f[] points = [(0, 0, 0), (0.0021466224, 0.0020323894, 0), (0.003793987, 0.004064779, 0), (0.004731761, 0.0060971677, 0), (0.0048777345, 0.008129558, 0), (0.004281117, 0.0101619465, 0), (0.003104171, 0.012194335, 0), (0.0015866339, 0.014226725, 0), (0, 0.016259115, 0), (-0.0015866339, 0.014226725, 0), (-0.003104171, 0.012194335, 0), (-0.004281117, 0.0101619465, 0), (-0.0048777345, 0.008129558, 0), (-0.004731761, 0.0060971677, 0), (-0.003793987, 0.004064779, 0), (-0.0021466224, 0.0020323894, 0)]
                uniform token subdivisionScheme = "none"
                matrix4d xformOp:transform = ( (0.949668358153019, -0.31325709812061603, 0, 0), (0.30559311286693686, 0.9264342659762217, 0.2198463103929542, 0), (-0.06886841722622106, -0.2087810846368758, 0.9755345200486782, 0), (0.07171943796655768, 0.03425581532908742, 0.21327943582006464, 1) )
                uniform token[] xformOpOrder = ["xformOp:transform"]
            }

            def Cylinder "Petiolule_5" (
                prepend apiSchemas = ["PhysicsCollisionAPI"]
            )
            {
                uniform token axis = "Z"
                double height = 0.01
                rel material:binding = </Plant_1/Materials/Leaf>
                double radius = 0.00084109306
                matrix4d xformOp:transform = ( (0.5261303872507512, 0.8504039132149938, -0, 0), (-0.18695816266404638, 0.11566782442269384, 0.9755345200486782, 0), (0.8295983733257066, -0.5132583548096867, 0.2198463103929542, 0), (0.07281149870451685, 0.022425180895276765, 0.21218020426809986, 1) )
                uniform token[] xformOpOrder = ["xformOp:transform"]
            }

            def Mesh "Blade_5" (
                prepend apiSchemas = ["PhysicsCollisionAPI", "PhysicsMeshCollisionAPI"]
            )
            {
                int[] faceVertexCounts = [3, 3, 3, 3, 3, 3, 3, 3, 3, 3, 3, 3, 3, 3]
                int[] faceVertexIndices = [0, 1, 2, 0, 2, 3, 0, 3, 4, 0, 4, 5, 0, 5, 6, 0, 6, 7, 0, 7, 8, 0, 8, 9, 0, 9, 10, 0, 10, 11, 0, 11, 12, 0, 12, 13, 0, 13, 14, 0, 14, 15]
                rel material:binding = </Plant_1/Materials/Leaf>
                uniform token physics:approximation = "convexHull"
                point3f[] points = [(0, 0, 0), (0.0021466224, 0.0020323894, 0), (0.003793987, 0.004064779, 0), (0.004731761, 0.0060971677, 0), (0.0048777345, 0.008129558, 0), (0.004281117, 0.0101619465, 0), (0.003104171, 0.012194335, 0), (0.0015866339, 0.014226725, 0), (0, 0.016259115, 0), (-0.0015866339, 0.014226725, 0), (-0.003104171, 0.012194335, 0), (-0.004281117, 0.0101619465, 0), (-0.0048777345, 0.008129558, 0), (-0.004731761, 0.0060971677, 0), (-0.003793987, 0.004064779, 0), (-0.0021466224, 0.0020323894, 0)]
                uniform token subdivisionScheme = "none"
                matrix4d xformOp:transform = ( (-0.5261303872507512, -0.8504039132149938, 0, 0), (0.8295983733257066, -0.5132583548096867, 0.2198463103929542, 0), (-0.18695816266404638, 0.11566782442269384, 0.9755345200486782, 0), (0.07695949057114537, 0.01985888912122833, 0.21327943582006464, 1) )
                uniform token[] xformOpOrder = ["xformOp:transform"]
            }

            def Cylinder "Petiolule_term" (
                prepend apiSchemas = ["PhysicsCollisionAPI"]
            )
            {
                uniform token axis = "Z"
                double height = 0.01
                rel material:binding = </Plant_1/Materials/Leaf>
                double radius = 0.00084109306
                matrix4d xformOp:transform = ( (-0.3420201433256687, 0.9396926207859084, 0, 0), (-0.3213938048432697, -0.11697777844051097, 0.9396926207859084, 0), (0.8830222215594891, 0.3213938048432697, 0.3420201433256687, 0), (0.09983796529591323, 0.03633804761741452, 0.22315574556962375, 1) )
                uniform token[] xformOpOrder = ["xformOp:transform"]
            }

            def Mesh "Blade_6" (
                prepend apiSchemas = ["PhysicsCollisionAPI", "PhysicsMeshCollisionAPI"]
            )
            {
                int[] faceVertexCounts = [3, 3, 3, 3, 3, 3, 3, 3, 3, 3, 3, 3, 3, 3]
                int[] faceVertexIndices = [0, 1, 2, 0, 2, 3, 0, 3, 4, 0, 4, 5, 0, 5, 6, 0, 6, 7, 0, 7, 8, 0, 8, 9, 0, 9, 10, 0, 10, 11, 0, 11, 12, 0, 12, 13, 0, 13, 14, 0, 14, 15]
                rel material:binding = </Plant_1/Materials/Leaf>
                uniform token physics:approximation = "convexHull"
                point3f[] points = [(0, 0, 0), (0.002146998, 0.002032745, 0), (0.003794651, 0.00406549, 0), (0.0047325892, 0.006098235, 0), (0.004878588, 0.00813098, 0), (0.0042818664, 0.010163725, 0), (0.0031047144, 0.01219647, 0), (0.0015869116, 0.014229215, 0), (0, 0.01626196, 0), (-0.0015869116, 0.014229215, 0), (-0.0031047144, 0.01219647, 0), (-0.0042818664, 0.010163725, 0), (-0.004878588, 0.00813098, 0), (-0.0047325892, 0.006098235, 0), (-0.003794651, 0.00406549, 0), (-0.002146998, 0.002032745, 0)]
                uniform token subdivisionScheme = "none"
                matrix4d xformOp:transform = ( (0.3420201433256687, -0.9396926207859084, 0, 0), (0.8830222215594891, 0.3213938048432697, 0.3420201433256687, 0), (-0.3213938048432697, -0.11697777844051097, 0.9396926207859084, 0), (0.10425307640371066, 0.037945016641630865, 0.2248658462862521, 1) )
                uniform token[] xformOpOrder = ["xformOp:transform"]
            }
        }

        def Xform "Leaf_o1_r2_i1" (
            prepend apiSchemas = ["PhysicsRigidBodyAPI", "PhysicsMassAPI", "PhysicsFilteredPairsAPI"]
        )
        {
            prepend rel physics:filteredPairs = </Plant_1/Stem/Internode_o1_r2>
            float physics:mass = 0.05

            def Cylinder "Petiole" (
                prepend apiSchemas = ["PhysicsCollisionAPI"]
            )
            {
                uniform token axis = "Z"
                double height = 0.019735841
                rel material:binding = </Plant_1/Materials/Leaf>
                double radius = 0.00179652265
                matrix4d xformOp:transform = ( (0.9961946980917457, 0.08715574274765789, -0, 0), (-0.029809019626209063, 0.3407186534216101, 0.9396926207859085, 0), (0.08189960831908907, -0.9361168066628592, 0.3420201433256687, 0), (0.0008081788238739096, -0.009237526226862965, 0.0663646725837363, 1) )
                uniform token[] xformOpOrder = ["xformOp:transform"]
            }

            def Cylinder "Rachis" (
                prepend apiSchemas = ["PhysicsCollisionAPI"]
            )
            {
                uniform token axis = "Z"
                double height = 0.04131493
                rel material:binding = </Plant_1/Materials/Leaf>
                double radius = 0.00107791359
                matrix4d xformOp:transform = ( (0.9961946980917457, 0.08715574274765789, -0, 0), (-0.029809019626209063, 0.3407186534216101, 0.9396926207859085, 0), (0.08189960831908907, -0.9361168066628592, 0.3420201433256687, 0), (0.0033081959401131105, -0.03781285262327572, 0.0768049693075176, 1) )
                uniform token[] xformOpOrder = ["xformOp:transform"]
            }

            def Cylinder "Petiolule_0" (
                prepend apiSchemas = ["PhysicsCollisionAPI"]
            )
            {
                uniform token axis = "Z"
                double height = 0.01
                rel material:binding = </Plant_1/Materials/Leaf>
                double radius = 0.00071860906
                matrix4d xformOp:transform = ( (0.548375378964315, 0.8362322905423731, -0, 0), (-0.18384258370718962, 0.12055830377564267, 0.9755345200486784, 0), (0.8157734662034608, -0.5349591121244651, 0.2198463103929542, 0), (0.005695224978765123, -0.021149848014348258, 0.07083893171943738, 1) )
                uniform token[] xformOpOrder = ["xformOp:transform"]
            }

            def Mesh "Blade_0" (
                prepend apiSchemas = ["PhysicsCollisionAPI", "PhysicsMeshCollisionAPI"]
            )
            {
                int[] faceVertexCounts = [3, 3, 3, 3, 3, 3, 3, 3, 3, 3, 3, 3, 3, 3]
                int[] faceVertexIndices = [0, 1, 2, 0, 2, 3, 0, 3, 4, 0, 4, 5, 0, 5, 6, 0, 6, 7, 0, 7, 8, 0, 8, 9, 0, 9, 10, 0, 10, 11, 0, 11, 12, 0, 12, 13, 0, 13, 14, 0, 14, 15]
                rel material:binding = </Plant_1/Materials/Leaf>
                uniform token physics:approximation = "convexHull"
                point3f[] points = [(0, 0, 0), (0.0014520972, 0.0013748235, 0), (0.0025664682, 0.002749647, 0), (0.0032008316, 0.0041244705, 0), (0.0032995765, 0.005499294, 0), (0.0028959906, 0.0068741175, 0), (0.0020998376, 0.008248941, 0), (0.0010732892, 0.009623765, 0), (0, 0.010998588, 0), (-0.0010732892, 0.009623765, 0), (-0.0020998376, 0.008248941, 0), (-0.0028959906, 0.0068741175, 0), (-0.0032995765, 0.005499294, 0), (-0.0032008316, 0.0041244705, 0), (-0.0025664682, 0.002749647, 0), (-0.0014520972, 0.0013748235, 0)]
                uniform token subdivisionScheme = "none"
                matrix4d xformOp:transform = ( (-0.548375378964315, -0.8362322905423731, 0, 0), (0.8157734662034608, -0.5349591121244651, 0.2198463103929542, 0), (-0.18384258370718962, 0.12055830377564267, 0.9755345200486784, 0), (0.009774092309782427, -0.02382464357497058, 0.07193816327140215, 1) )
                uniform token[] xformOpOrder = ["xformOp:transform"]
            }

            def Cylinder "Petiolule_1" (
                prepend apiSchemas = ["PhysicsCollisionAPI"]
            )
            {
                uniform token axis = "Z"
                double height = 0.01
                rel material:binding = </Plant_1/Materials/Leaf>
                double radius = 0.00071860906
                matrix4d xformOp:transform = ( (0.685254538123991, -0.7283036578107212, 0, 0), (0.1601148720153797, 0.15065068188658737, 0.9755345200486782, 0), (-0.7104853592720786, -0.6684894569599661, 0.2198463103929542, 0), (-0.0019360691486125738, -0.021817499738525762, 0.07083893171943738, 1) )
                uniform token[] xformOpOrder = ["xformOp:transform"]
            }

            def Mesh "Blade_1" (
                prepend apiSchemas = ["PhysicsCollisionAPI", "PhysicsMeshCollisionAPI"]
            )
            {
                int[] faceVertexCounts = [3, 3, 3, 3, 3, 3, 3, 3, 3, 3, 3, 3, 3, 3]
                int[] faceVertexIndices = [0, 1, 2, 0, 2, 3, 0, 3, 4, 0, 4, 5, 0, 5, 6, 0, 6, 7, 0, 7, 8, 0, 8, 9, 0, 9, 10, 0, 10, 11, 0, 11, 12, 0, 12, 13, 0, 13, 14, 0, 14, 15]
                rel material:binding = </Plant_1/Materials/Leaf>
                uniform token physics:approximation = "convexHull"
                point3f[] points = [(0, 0, 0), (0.0014520972, 0.0013748235, 0), (0.0025664682, 0.002749647, 0), (0.0032008316, 0.0041244705, 0), (0.0032995765, 0.005499294, 0), (0.0028959906, 0.0068741175, 0), (0.0020998376, 0.008248941, 0), (0.0010732892, 0.009623765, 0), (0, 0.010998588, 0), (-0.0010732892, 0.009623765, 0), (-0.0020998376, 0.008248941, 0), (-0.0028959906, 0.0068741175, 0), (-0.0032995765, 0.005499294, 0), (-0.0032008316, 0.0041244705, 0), (-0.0025664682, 0.002749647, 0), (-0.0014520972, 0.0013748235, 0)]
                uniform token subdivisionScheme = "none"
                matrix4d xformOp:transform = ( (-0.685254538123991, 0.7283036578107212, 0, 0), (-0.7104853592720786, -0.6684894569599661, 0.2198463103929542, 0), (0.1601148720153797, 0.15065068188658737, 0.9755345200486782, 0), (-0.0054884959449729665, -0.025159947023325593, 0.07193816327140215, 1) )
                uniform token[] xformOpOrder = ["xformOp:transform"]
            }

            def Cylinder "Petiolule_2" (
                prepend apiSchemas = ["PhysicsCollisionAPI"]
            )
            {
                uniform token axis = "Z"
                double height = 0.01
                rel material:binding = </Plant_1/Materials/Leaf>
                double radius = 0.00071860906
                matrix4d xformOp:transform = ( (0.548375378964315, 0.8362322905423731, -0, 0), (-0.18384258370718962, 0.12055830377564267, 0.9755345200486784, 0), (0.8157734662034608, -0.5349591121244651, 0.2198463103929542, 0), (0.007636057163029184, -0.04333366139136908, 0.07894402178588579, 1) )
                uniform token[] xformOpOrder = ["xformOp:transform"]
            }

            def Mesh "Blade_2" (
                prepend apiSchemas = ["PhysicsCollisionAPI", "PhysicsMeshCollisionAPI"]
            )
            {
                int[] faceVertexCounts = [3, 3, 3, 3, 3, 3, 3, 3, 3, 3, 3, 3, 3, 3]
                int[] faceVertexIndices = [0, 1, 2, 0, 2, 3, 0, 3, 4, 0, 4, 5, 0, 5, 6, 0, 6, 7, 0, 7, 8, 0, 8, 9, 0, 9, 10, 0, 10, 11, 0, 11, 12, 0, 12, 13, 0, 13, 14, 0, 14, 15]
                rel material:binding = </Plant_1/Materials/Leaf>
                uniform token physics:approximation = "convexHull"
                point3f[] points = [(0, 0, 0), (0.0014520972, 0.0013748235, 0), (0.0025664682, 0.002749647, 0), (0.0032008316, 0.0041244705, 0), (0.0032995765, 0.005499294, 0), (0.0028959906, 0.0068741175, 0), (0.0020998376, 0.008248941, 0), (0.0010732892, 0.009623765, 0), (0, 0.010998588, 0), (-0.0010732892, 0.009623765, 0), (-0.0020998376, 0.008248941, 0), (-0.0028959906, 0.0068741175, 0), (-0.0032995765, 0.005499294, 0), (-0.0032008316, 0.0041244705, 0), (-0.0025664682, 0.002749647, 0), (-0.0014520972, 0.0013748235, 0)]
                uniform token subdivisionScheme = "none"
                matrix4d xformOp:transform = ( (-0.548375378964315, -0.8362322905423731, 0, 0), (0.8157734662034608, -0.5349591121244651, 0.2198463103929542, 0), (-0.18384258370718962, 0.12055830377564267, 0.9755345200486784, 0), (0.011714924494046488, -0.046008456951991406, 0.08004325333785056, 1) )
                uniform token[] xformOpOrder = ["xformOp:transform"]
            }

            def Cylinder "Petiolule_3" (
                prepend apiSchemas = ["PhysicsCollisionAPI"]
            )
            {
                uniform token axis = "Z"
                double height = 0.01
                rel material:binding = </Plant_1/Materials/Leaf>
                double radius = 0.00071860906
                matrix4d xformOp:transform = ( (0.685254538123991, -0.7283036578107212, 0, 0), (0.1601148720153797, 0.15065068188658737, 0.9755345200486782, 0), (-0.7104853592720786, -0.6684894569599661, 0.2198463103929542, 0), (0.0000047630356514866135, -0.04400131311554658, 0.07894402178588579, 1) )
                uniform token[] xformOpOrder = ["xformOp:transform"]
            }

            def Mesh "Blade_3" (
                prepend apiSchemas = ["PhysicsCollisionAPI", "PhysicsMeshCollisionAPI"]
            )
            {
                int[] faceVertexCounts = [3, 3, 3, 3, 3, 3, 3, 3, 3, 3, 3, 3, 3, 3]
                int[] faceVertexIndices = [0, 1, 2, 0, 2, 3, 0, 3, 4, 0, 4, 5, 0, 5, 6, 0, 6, 7, 0, 7, 8, 0, 8, 9, 0, 9, 10, 0, 10, 11, 0, 11, 12, 0, 12, 13, 0, 13, 14, 0, 14, 15]
                rel material:binding = </Plant_1/Materials/Leaf>
                uniform token physics:approximation = "convexHull"
                point3f[] points = [(0, 0, 0), (0.0014520972, 0.0013748235, 0), (0.0025664682, 0.002749647, 0), (0.0032008316, 0.0041244705, 0), (0.0032995765, 0.005499294, 0), (0.0028959906, 0.0068741175, 0), (0.0020998376, 0.008248941, 0), (0.0010732892, 0.009623765, 0), (0, 0.010998588, 0), (-0.0010732892, 0.009623765, 0), (-0.0020998376, 0.008248941, 0), (-0.0028959906, 0.0068741175, 0), (-0.0032995765, 0.005499294, 0), (-0.0032008316, 0.0041244705, 0), (-0.0025664682, 0.002749647, 0), (-0.0014520972, 0.0013748235, 0)]
                uniform token subdivisionScheme = "none"
                matrix4d xformOp:transform = ( (-0.685254538123991, 0.7283036578107212, 0, 0), (-0.7104853592720786, -0.6684894569599661, 0.2198463103929542, 0), (0.1601148720153797, 0.15065068188658737, 0.9755345200486782, 0), (-0.0035476637607089064, -0.047343760400346414, 0.08004325333785056, 1) )
                uniform token[] xformOpOrder = ["xformOp:transform"]
            }

            def Cylinder "Petiolule_term" (
                prepend apiSchemas = ["PhysicsCollisionAPI"]
            )
            {
                uniform token axis = "Z"
                double height = 0.01
                rel material:binding = </Plant_1/Materials/Leaf>
                double radius = 0.00071860906
                matrix4d xformOp:transform = ( (0.9961946980917457, 0.08715574274765789, -0, 0), (-0.029809019626209063, 0.3407186534216101, 0.9396926207859085, 0), (0.08189960831908907, -0.9361168066628592, 0.3420201433256687, 0), (0.005409532274073848, -0.06183123682613979, 0.08558033916419093, 1) )
                uniform token[] xformOpOrder = ["xformOp:transform"]
            }

            def Mesh "Blade_4" (
                prepend apiSchemas = ["PhysicsCollisionAPI", "PhysicsMeshCollisionAPI"]
            )
            {
                int[] faceVertexCounts = [3, 3, 3, 3, 3, 3, 3, 3, 3, 3, 3, 3, 3, 3]
                int[] faceVertexIndices = [0, 1, 2, 0, 2, 3, 0, 3, 4, 0, 4, 5, 0, 5, 6, 0, 6, 7, 0, 7, 8, 0, 8, 9, 0, 9, 10, 0, 10, 11, 0, 11, 12, 0, 12, 13, 0, 13, 14, 0, 14, 15]
                rel material:binding = </Plant_1/Materials/Leaf>
                uniform token physics:approximation = "convexHull"
                point3f[] points = [(0, 0, 0), (0.0014520972, 0.0013748235, 0), (0.0025664682, 0.002749647, 0), (0.0032008318, 0.0041244705, 0), (0.0032995765, 0.005499294, 0), (0.0028959906, 0.0068741175, 0), (0.0020998376, 0.008248941, 0), (0.0010732893, 0.009623765, 0), (0, 0.010998588, 0), (-0.0010732893, 0.009623765, 0), (-0.0020998376, 0.008248941, 0), (-0.0028959906, 0.0068741175, 0), (-0.0032995765, 0.005499294, 0), (-0.0032008318, 0.0041244705, 0), (-0.0025664682, 0.002749647, 0), (-0.0014520972, 0.0013748235, 0)]
                uniform token subdivisionScheme = "none"
                matrix4d xformOp:transform = ( (-0.9961946980917457, -0.08715574274765789, 0, 0), (0.08189960831908907, -0.9361168066628592, 0.3420201433256687, 0), (-0.029809019626209063, 0.3407186534216101, 0.9396926207859085, 0), (0.005819030315669293, -0.06651182085945409, 0.08729043988081928, 1) )
                uniform token[] xformOpOrder = ["xformOp:transform"]
            }
        }

        def Xform "Leaf_o1_r2_i2" (
            prepend apiSchemas = ["PhysicsRigidBodyAPI", "PhysicsMassAPI", "PhysicsFilteredPairsAPI"]
        )
        {
            prepend rel physics:filteredPairs = </Plant_1/Stem/Internode_o1_r2>
            float physics:mass = 0.05

            def Cylinder "Petiole" (
                prepend apiSchemas = ["PhysicsCollisionAPI"]
            )
            {
                uniform token axis = "Z"
                double height = 0.019735841
                rel material:binding = </Plant_1/Materials/Leaf>
                double radius = 0.00179652265
                matrix4d xformOp:transform = ( (0.9961946980917457, 0.08715574274765789, -0, 0), (-0.029809019626209063, 0.3407186534216101, 0.9396926207859085, 0), (0.08189960831908907, -0.9361168066628592, 0.3420201433256687, 0), (0.0008081788238739096, -0.009237526226862965, 0.0663646725837363, 1) )
                uniform token[] xformOpOrder = ["xformOp:transform"]
            }

            def Cylinder "Rachis" (
                prepend apiSchemas = ["PhysicsCollisionAPI"]
            )
            {
                uniform token axis = "Z"
                double height = 0.04131493
                rel material:binding = </Plant_1/Materials/Leaf>
                double radius = 0.00107791359
                matrix4d xformOp:transform = ( (0.9961946980917457, 0.08715574274765789, -0, 0), (-0.029809019626209063, 0.3407186534216101, 0.9396926207859085, 0), (0.08189960831908907, -0.9361168066628592, 0.3420201433256687, 0), (0.0033081959401131105, -0.03781285262327572, 0.0768049693075176, 1) )
                uniform token[] xformOpOrder = ["xformOp:transform"]
            }

            def Cylinder "Petiolule_0" (
                prepend apiSchemas = ["PhysicsCollisionAPI"]
            )
            {
                uniform token axis = "Z"
                double height = 0.01
                rel material:binding = </Plant_1/Materials/Leaf>
                double radius = 0.00071860906
                matrix4d xformOp:transform = ( (0.548375378964315, 0.8362322905423731, -0, 0), (-0.18384258370718962, 0.12055830377564267, 0.9755345200486784, 0), (0.8157734662034608, -0.5349591121244651, 0.2198463103929542, 0), (0.005695224978765123, -0.021149848014348258, 0.07083893171943738, 1) )
                uniform token[] xformOpOrder = ["xformOp:transform"]
            }

            def Mesh "Blade_0" (
                prepend apiSchemas = ["PhysicsCollisionAPI", "PhysicsMeshCollisionAPI"]
            )
            {
                int[] faceVertexCounts = [3, 3, 3, 3, 3, 3, 3, 3, 3, 3, 3, 3, 3, 3]
                int[] faceVertexIndices = [0, 1, 2, 0, 2, 3, 0, 3, 4, 0, 4, 5, 0, 5, 6, 0, 6, 7, 0, 7, 8, 0, 8, 9, 0, 9, 10, 0, 10, 11, 0, 11, 12, 0, 12, 13, 0, 13, 14, 0, 14, 15]
                rel material:binding = </Plant_1/Materials/Leaf>
                uniform token physics:approximation = "convexHull"
                point3f[] points = [(0, 0, 0), (0.0014520972, 0.0013748235, 0), (0.0025664682, 0.002749647, 0), (0.0032008316, 0.0041244705, 0), (0.0032995765, 0.005499294, 0), (0.0028959906, 0.0068741175, 0), (0.0020998376, 0.008248941, 0), (0.0010732892, 0.009623765, 0), (0, 0.010998588, 0), (-0.0010732892, 0.009623765, 0), (-0.0020998376, 0.008248941, 0), (-0.0028959906, 0.0068741175, 0), (-0.0032995765, 0.005499294, 0), (-0.0032008316, 0.0041244705, 0), (-0.0025664682, 0.002749647, 0), (-0.0014520972, 0.0013748235, 0)]
                uniform token subdivisionScheme = "none"
                matrix4d xformOp:transform = ( (-0.548375378964315, -0.8362322905423731, 0, 0), (0.8157734662034608, -0.5349591121244651, 0.2198463103929542, 0), (-0.18384258370718962, 0.12055830377564267, 0.9755345200486784, 0), (0.009774092309782427, -0.02382464357497058, 0.07193816327140215, 1) )
                uniform token[] xformOpOrder = ["xformOp:transform"]
            }

            def Cylinder "Petiolule_1" (
                prepend apiSchemas = ["PhysicsCollisionAPI"]
            )
            {
                uniform token axis = "Z"
                double height = 0.01
                rel material:binding = </Plant_1/Materials/Leaf>
                double radius = 0.00071860906
                matrix4d xformOp:transform = ( (0.685254538123991, -0.7283036578107212, 0, 0), (0.1601148720153797, 0.15065068188658737, 0.9755345200486782, 0), (-0.7104853592720786, -0.6684894569599661, 0.2198463103929542, 0), (-0.0019360691486125738, -0.021817499738525762, 0.07083893171943738, 1) )
                uniform token[] xformOpOrder = ["xformOp:transform"]
            }

            def Mesh "Blade_1" (
                prepend apiSchemas = ["PhysicsCollisionAPI", "PhysicsMeshCollisionAPI"]
            )
            {
                int[] faceVertexCounts = [3, 3, 3, 3, 3, 3, 3, 3, 3, 3, 3, 3, 3, 3]
                int[] faceVertexIndices = [0, 1, 2, 0, 2, 3, 0, 3, 4, 0, 4, 5, 0, 5, 6, 0, 6, 7, 0, 7, 8, 0, 8, 9, 0, 9, 10, 0, 10, 11, 0, 11, 12, 0, 12, 13, 0, 13, 14, 0, 14, 15]
                rel material:binding = </Plant_1/Materials/Leaf>
                uniform token physics:approximation = "convexHull"
                point3f[] points = [(0, 0, 0), (0.0014520972, 0.0013748235, 0), (0.0025664682, 0.002749647, 0), (0.0032008316, 0.0041244705, 0), (0.0032995765, 0.005499294, 0), (0.0028959906, 0.0068741175, 0), (0.0020998376, 0.008248941, 0), (0.0010732892, 0.009623765, 0), (0, 0.010998588, 0), (-0.0010732892, 0.009623765, 0), (-0.0020998376, 0.008248941, 0), (-0.0028959906, 0.0068741175, 0), (-0.0032995765, 0.005499294, 0), (-0.0032008316, 0.0041244705, 0), (-0.0025664682, 0.002749647, 0), (-0.0014520972, 0.0013748235, 0)]
                uniform token subdivisionScheme = "none"
                matrix4d xformOp:transform = ( (-0.685254538123991, 0.7283036578107212, 0, 0), (-0.7104853592720786, -0.6684894569599661, 0.2198463103929542, 0), (0.1601148720153797, 0.15065068188658737, 0.9755345200486782, 0), (-0.0054884959449729665, -0.025159947023325593, 0.07193816327140215, 1) )
                uniform token[] xformOpOrder = ["xformOp:transform"]
            }

            def Cylinder "Petiolule_2" (
                prepend apiSchemas = ["PhysicsCollisionAPI"]
            )
            {
                uniform token axis = "Z"
                double height = 0.01
                rel material:binding = </Plant_1/Materials/Leaf>
                double radius = 0.00071860906
                matrix4d xformOp:transform = ( (0.548375378964315, 0.8362322905423731, -0, 0), (-0.18384258370718962, 0.12055830377564267, 0.9755345200486784, 0), (0.8157734662034608, -0.5349591121244651, 0.2198463103929542, 0), (0.007636057163029184, -0.04333366139136908, 0.07894402178588579, 1) )
                uniform token[] xformOpOrder = ["xformOp:transform"]
            }

            def Mesh "Blade_2" (
                prepend apiSchemas = ["PhysicsCollisionAPI", "PhysicsMeshCollisionAPI"]
            )
            {
                int[] faceVertexCounts = [3, 3, 3, 3, 3, 3, 3, 3, 3, 3, 3, 3, 3, 3]
                int[] faceVertexIndices = [0, 1, 2, 0, 2, 3, 0, 3, 4, 0, 4, 5, 0, 5, 6, 0, 6, 7, 0, 7, 8, 0, 8, 9, 0, 9, 10, 0, 10, 11, 0, 11, 12, 0, 12, 13, 0, 13, 14, 0, 14, 15]
                rel material:binding = </Plant_1/Materials/Leaf>
                uniform token physics:approximation = "convexHull"
                point3f[] points = [(0, 0, 0), (0.0014520972, 0.0013748235, 0), (0.0025664682, 0.002749647, 0), (0.0032008316, 0.0041244705, 0), (0.0032995765, 0.005499294, 0), (0.0028959906, 0.0068741175, 0), (0.0020998376, 0.008248941, 0), (0.0010732892, 0.009623765, 0), (0, 0.010998588, 0), (-0.0010732892, 0.009623765, 0), (-0.0020998376, 0.008248941, 0), (-0.0028959906, 0.0068741175, 0), (-0.0032995765, 0.005499294, 0), (-0.0032008316, 0.0041244705, 0), (-0.0025664682, 0.002749647, 0), (-0.0014520972, 0.0013748235, 0)]
                uniform token subdivisionScheme = "none"
                matrix4d xformOp:transform = ( (-0.548375378964315, -0.8362322905423731, 0, 0), (0.8157734662034608, -0.5349591121244651, 0.2198463103929542, 0), (-0.18384258370718962, 0.12055830377564267, 0.9755345200486784, 0), (0.011714924494046488, -0.046008456951991406, 0.08004325333785056, 1) )
                uniform token[] xformOpOrder = ["xformOp:transform"]
            }

            def Cylinder "Petiolule_3" (
                prepend apiSchemas = ["PhysicsCollisionAPI"]
            )
            {
                uniform token axis = "Z"
                double height = 0.01
                rel material:binding = </Plant_1/Materials/Leaf>
                double radius = 0.00071860906
                matrix4d xformOp:transform = ( (0.685254538123991, -0.7283036578107212, 0, 0), (0.1601148720153797, 0.15065068188658737, 0.9755345200486782, 0), (-0.7104853592720786, -0.6684894569599661, 0.2198463103929542, 0), (0.0000047630356514866135, -0.04400131311554658, 0.07894402178588579, 1) )
                uniform token[] xformOpOrder = ["xformOp:transform"]
            }

            def Mesh "Blade_3" (
                prepend apiSchemas = ["PhysicsCollisionAPI", "PhysicsMeshCollisionAPI"]
            )
            {
                int[] faceVertexCounts = [3, 3, 3, 3, 3, 3, 3, 3, 3, 3, 3, 3, 3, 3]
                int[] faceVertexIndices = [0, 1, 2, 0, 2, 3, 0, 3, 4, 0, 4, 5, 0, 5, 6, 0, 6, 7, 0, 7, 8, 0, 8, 9, 0, 9, 10, 0, 10, 11, 0, 11, 12, 0, 12, 13, 0, 13, 14, 0, 14, 15]
                rel material:binding = </Plant_1/Materials/Leaf>
                uniform token physics:approximation = "convexHull"
                point3f[] points = [(0, 0, 0), (0.0014520972, 0.0013748235, 0), (0.0025664682, 0.002749647, 0), (0.0032008316, 0.0041244705, 0), (0.0032995765, 0.005499294, 0), (0.0028959906, 0.0068741175, 0), (0.0020998376, 0.008248941, 0), (0.0010732892, 0.009623765, 0), (0, 0.010998588, 0), (-0.0010732892, 0.009623765, 0), (-0.0020998376, 0.008248941, 0), (-0.0028959906, 0.0068741175, 0), (-0.0032995765, 0.005499294, 0), (-0.0032008316, 0.0041244705, 0), (-0.0025664682, 0.002749647, 0), (-0.0014520972, 0.0013748235, 0)]
                uniform token subdivisionScheme = "none"
                matrix4d xformOp:transform = ( (-0.685254538123991, 0.7283036578107212, 0, 0), (-0.7104853592720786, -0.6684894569599661, 0.2198463103929542, 0), (0.1601148720153797, 0.15065068188658737, 0.9755345200486782, 0), (-0.0035476637607089064, -0.047343760400346414, 0.08004325333785056, 1) )
                uniform token[] xformOpOrder = ["xformOp:transform"]
            }

            def Cylinder "Petiolule_term" (
                prepend apiSchemas = ["PhysicsCollisionAPI"]
            )
            {
                uniform token axis = "Z"
                double height = 0.01
                rel material:binding = </Plant_1/Materials/Leaf>
                double radius = 0.00071860906
                matrix4d xformOp:transform = ( (0.9961946980917457, 0.08715574274765789, -0, 0), (-0.029809019626209063, 0.3407186534216101, 0.9396926207859085, 0), (0.08189960831908907, -0.9361168066628592, 0.3420201433256687, 0), (0.005409532274073848, -0.06183123682613979, 0.08558033916419093, 1) )
                uniform token[] xformOpOrder = ["xformOp:transform"]
            }

            def Mesh "Blade_4" (
                prepend apiSchemas = ["PhysicsCollisionAPI", "PhysicsMeshCollisionAPI"]
            )
            {
                int[] faceVertexCounts = [3, 3, 3, 3, 3, 3, 3, 3, 3, 3, 3, 3, 3, 3]
                int[] faceVertexIndices = [0, 1, 2, 0, 2, 3, 0, 3, 4, 0, 4, 5, 0, 5, 6, 0, 6, 7, 0, 7, 8, 0, 8, 9, 0, 9, 10, 0, 10, 11, 0, 11, 12, 0, 12, 13, 0, 13, 14, 0, 14, 15]
                rel material:binding = </Plant_1/Materials/Leaf>
                uniform token physics:approximation = "convexHull"
                point3f[] points = [(0, 0, 0), (0.0014520972, 0.0013748235, 0), (0.0025664682, 0.002749647, 0), (0.0032008318, 0.0041244705, 0), (0.0032995765, 0.005499294, 0), (0.0028959906, 0.0068741175, 0), (0.0020998376, 0.008248941, 0), (0.0010732893, 0.009623765, 0), (0, 0.010998588, 0), (-0.0010732893, 0.009623765, 0), (-0.0020998376, 0.008248941, 0), (-0.0028959906, 0.0068741175, 0), (-0.0032995765, 0.005499294, 0), (-0.0032008318, 0.0041244705, 0), (-0.0025664682, 0.002749647, 0), (-0.0014520972, 0.0013748235, 0)]
                uniform token subdivisionScheme = "none"
                matrix4d xformOp:transform = ( (-0.9961946980917457, -0.08715574274765789, 0, 0), (0.08189960831908907, -0.9361168066628592, 0.3420201433256687, 0), (-0.029809019626209063, 0.3407186534216101, 0.9396926207859085, 0), (0.005819030315669293, -0.06651182085945409, 0.08729043988081928, 1) )
                uniform token[] xformOpOrder = ["xformOp:transform"]
            }
        }

        def Xform "Leaf_o1_r2_i3" (
            prepend apiSchemas = ["PhysicsRigidBodyAPI", "PhysicsMassAPI", "PhysicsFilteredPairsAPI"]
        )
        {
            prepend rel physics:filteredPairs = </Plant_1/Stem/Internode_o1_r2>
            float physics:mass = 0.05

            def Cylinder "Petiole" (
                prepend apiSchemas = ["PhysicsCollisionAPI"]
            )
            {
                uniform token axis = "Z"
                double height = 0.019735841
                rel material:binding = </Plant_1/Materials/Leaf>
                double radius = 0.00179652265
                matrix4d xformOp:transform = ( (0.9961946980917457, 0.08715574274765789, -0, 0), (-0.029809019626209063, 0.3407186534216101, 0.9396926207859085, 0), (0.08189960831908907, -0.9361168066628592, 0.3420201433256687, 0), (0.0008081788238739096, -0.009237526226862965, 0.0663646725837363, 1) )
                uniform token[] xformOpOrder = ["xformOp:transform"]
            }

            def Cylinder "Rachis" (
                prepend apiSchemas = ["PhysicsCollisionAPI"]
            )
            {
                uniform token axis = "Z"
                double height = 0.04131493
                rel material:binding = </Plant_1/Materials/Leaf>
                double radius = 0.00107791359
                matrix4d xformOp:transform = ( (0.9961946980917457, 0.08715574274765789, -0, 0), (-0.029809019626209063, 0.3407186534216101, 0.9396926207859085, 0), (0.08189960831908907, -0.9361168066628592, 0.3420201433256687, 0), (0.0033081959401131105, -0.03781285262327572, 0.0768049693075176, 1) )
                uniform token[] xformOpOrder = ["xformOp:transform"]
            }

            def Cylinder "Petiolule_0" (
                prepend apiSchemas = ["PhysicsCollisionAPI"]
            )
            {
                uniform token axis = "Z"
                double height = 0.01
                rel material:binding = </Plant_1/Materials/Leaf>
                double radius = 0.00071860906
                matrix4d xformOp:transform = ( (0.548375378964315, 0.8362322905423731, -0, 0), (-0.18384258370718962, 0.12055830377564267, 0.9755345200486784, 0), (0.8157734662034608, -0.5349591121244651, 0.2198463103929542, 0), (0.005695224978765123, -0.021149848014348258, 0.07083893171943738, 1) )
                uniform token[] xformOpOrder = ["xformOp:transform"]
            }

            def Mesh "Blade_0" (
                prepend apiSchemas = ["PhysicsCollisionAPI", "PhysicsMeshCollisionAPI"]
            )
            {
                int[] faceVertexCounts = [3, 3, 3, 3, 3, 3, 3, 3, 3, 3, 3, 3, 3, 3]
                int[] faceVertexIndices = [0, 1, 2, 0, 2, 3, 0, 3, 4, 0, 4, 5, 0, 5, 6, 0, 6, 7, 0, 7, 8, 0, 8, 9, 0, 9, 10, 0, 10, 11, 0, 11, 12, 0, 12, 13, 0, 13, 14, 0, 14, 15]
                rel material:binding = </Plant_1/Materials/Leaf>
                uniform token physics:approximation = "convexHull"
                point3f[] points = [(0, 0, 0), (0.0014520972, 0.0013748235, 0), (0.0025664682, 0.002749647, 0), (0.0032008316, 0.0041244705, 0), (0.0032995765, 0.005499294, 0), (0.0028959906, 0.0068741175, 0), (0.0020998376, 0.008248941, 0), (0.0010732892, 0.009623765, 0), (0, 0.010998588, 0), (-0.0010732892, 0.009623765, 0), (-0.0020998376, 0.008248941, 0), (-0.0028959906, 0.0068741175, 0), (-0.0032995765, 0.005499294, 0), (-0.0032008316, 0.0041244705, 0), (-0.0025664682, 0.002749647, 0), (-0.0014520972, 0.0013748235, 0)]
                uniform token subdivisionScheme = "none"
                matrix4d xformOp:transform = ( (-0.548375378964315, -0.8362322905423731, 0, 0), (0.8157734662034608, -0.5349591121244651, 0.2198463103929542, 0), (-0.18384258370718962, 0.12055830377564267, 0.9755345200486784, 0), (0.009774092309782427, -0.02382464357497058, 0.07193816327140215, 1) )
                uniform token[] xformOpOrder = ["xformOp:transform"]
            }

            def Cylinder "Petiolule_1" (
                prepend apiSchemas = ["PhysicsCollisionAPI"]
            )
            {
                uniform token axis = "Z"
                double height = 0.01
                rel material:binding = </Plant_1/Materials/Leaf>
                double radius = 0.00071860906
                matrix4d xformOp:transform = ( (0.685254538123991, -0.7283036578107212, 0, 0), (0.1601148720153797, 0.15065068188658737, 0.9755345200486782, 0), (-0.7104853592720786, -0.6684894569599661, 0.2198463103929542, 0), (-0.0019360691486125738, -0.021817499738525762, 0.07083893171943738, 1) )
                uniform token[] xformOpOrder = ["xformOp:transform"]
            }

            def Mesh "Blade_1" (
                prepend apiSchemas = ["PhysicsCollisionAPI", "PhysicsMeshCollisionAPI"]
            )
            {
                int[] faceVertexCounts = [3, 3, 3, 3, 3, 3, 3, 3, 3, 3, 3, 3, 3, 3]
                int[] faceVertexIndices = [0, 1, 2, 0, 2, 3, 0, 3, 4, 0, 4, 5, 0, 5, 6, 0, 6, 7, 0, 7, 8, 0, 8, 9, 0, 9, 10, 0, 10, 11, 0, 11, 12, 0, 12, 13, 0, 13, 14, 0, 14, 15]
                rel material:binding = </Plant_1/Materials/Leaf>
                uniform token physics:approximation = "convexHull"
                point3f[] points = [(0, 0, 0), (0.0014520972, 0.0013748235, 0), (0.0025664682, 0.002749647, 0), (0.0032008316, 0.0041244705, 0), (0.0032995765, 0.005499294, 0), (0.0028959906, 0.0068741175, 0), (0.0020998376, 0.008248941, 0), (0.0010732892, 0.009623765, 0), (0, 0.010998588, 0), (-0.0010732892, 0.009623765, 0), (-0.0020998376, 0.008248941, 0), (-0.0028959906, 0.0068741175, 0), (-0.0032995765, 0.005499294, 0), (-0.0032008316, 0.0041244705, 0), (-0.0025664682, 0.002749647, 0), (-0.0014520972, 0.0013748235, 0)]
                uniform token subdivisionScheme = "none"
                matrix4d xformOp:transform = ( (-0.685254538123991, 0.7283036578107212, 0, 0), (-0.7104853592720786, -0.6684894569599661, 0.2198463103929542, 0), (0.1601148720153797, 0.15065068188658737, 0.9755345200486782, 0), (-0.0054884959449729665, -0.025159947023325593, 0.07193816327140215, 1) )
                uniform token[] xformOpOrder = ["xformOp:transform"]
            }

            def Cylinder "Petiolule_2" (
                prepend apiSchemas = ["PhysicsCollisionAPI"]
            )
            {
                uniform token axis = "Z"
                double height = 0.01
                rel material:binding = </Plant_1/Materials/Leaf>
                double radius = 0.00071860906
                matrix4d xformOp:transform = ( (0.548375378964315, 0.8362322905423731, -0, 0), (-0.18384258370718962, 0.12055830377564267, 0.9755345200486784, 0), (0.8157734662034608, -0.5349591121244651, 0.2198463103929542, 0), (0.007636057163029184, -0.04333366139136908, 0.07894402178588579, 1) )
                uniform token[] xformOpOrder = ["xformOp:transform"]
            }

            def Mesh "Blade_2" (
                prepend apiSchemas = ["PhysicsCollisionAPI", "PhysicsMeshCollisionAPI"]
            )
            {
                int[] faceVertexCounts = [3, 3, 3, 3, 3, 3, 3, 3, 3, 3, 3, 3, 3, 3]
                int[] faceVertexIndices = [0, 1, 2, 0, 2, 3, 0, 3, 4, 0, 4, 5, 0, 5, 6, 0, 6, 7, 0, 7, 8, 0, 8, 9, 0, 9, 10, 0, 10, 11, 0, 11, 12, 0, 12, 13, 0, 13, 14, 0, 14, 15]
                rel material:binding = </Plant_1/Materials/Leaf>
                uniform token physics:approximation = "convexHull"
                point3f[] points = [(0, 0, 0), (0.0014520972, 0.0013748235, 0), (0.0025664682, 0.002749647, 0), (0.0032008316, 0.0041244705, 0), (0.0032995765, 0.005499294, 0), (0.0028959906, 0.0068741175, 0), (0.0020998376, 0.008248941, 0), (0.0010732892, 0.009623765, 0), (0, 0.010998588, 0), (-0.0010732892, 0.009623765, 0), (-0.0020998376, 0.008248941, 0), (-0.0028959906, 0.0068741175, 0), (-0.0032995765, 0.005499294, 0), (-0.0032008316, 0.0041244705, 0), (-0.0025664682, 0.002749647, 0), (-0.0014520972, 0.0013748235, 0)]
                uniform token subdivisionScheme = "none"
                matrix4d xformOp:transform = ( (-0.548375378964315, -0.8362322905423731, 0, 0), (0.8157734662034608, -0.5349591121244651, 0.2198463103929542, 0), (-0.18384258370718962, 0.12055830377564267, 0.9755345200486784, 0), (0.011714924494046488, -0.046008456951991406, 0.08004325333785056, 1) )
                uniform token[] xformOpOrder = ["xformOp:transform"]
            }

            def Cylinder "Petiolule_3" (
                prepend apiSchemas = ["PhysicsCollisionAPI"]
            )
            {
                uniform token axis = "Z"
                double height = 0.01
                rel material:binding = </Plant_1/Materials/Leaf>
                double radius = 0.00071860906
                matrix4d xformOp:transform = ( (0.685254538123991, -0.7283036578107212, 0, 0), (0.1601148720153797, 0.15065068188658737, 0.9755345200486782, 0), (-0.7104853592720786, -0.6684894569599661, 0.2198463103929542, 0), (0.0000047630356514866135, -0.04400131311554658, 0.07894402178588579, 1) )
                uniform token[] xformOpOrder = ["xformOp:transform"]
            }

            def Mesh "Blade_3" (
                prepend apiSchemas = ["PhysicsCollisionAPI", "PhysicsMeshCollisionAPI"]
            )
            {
                int[] faceVertexCounts = [3, 3, 3, 3, 3, 3, 3, 3, 3, 3, 3, 3, 3, 3]
                int[] faceVertexIndices = [0, 1, 2, 0, 2, 3, 0, 3, 4, 0, 4, 5, 0, 5, 6, 0, 6, 7, 0, 7, 8, 0, 8, 9, 0, 9, 10, 0, 10, 11, 0, 11, 12, 0, 12, 13, 0, 13, 14, 0, 14, 15]
                rel material:binding = </Plant_1/Materials/Leaf>
                uniform token physics:approximation = "convexHull"
                point3f[] points = [(0, 0, 0), (0.0014520972, 0.0013748235, 0), (0.0025664682, 0.002749647, 0), (0.0032008316, 0.0041244705, 0), (0.0032995765, 0.005499294, 0), (0.0028959906, 0.0068741175, 0), (0.0020998376, 0.008248941, 0), (0.0010732892, 0.009623765, 0), (0, 0.010998588, 0), (-0.0010732892, 0.009623765, 0), (-0.0020998376, 0.008248941, 0), (-0.0028959906, 0.0068741175, 0), (-0.0032995765, 0.005499294, 0), (-0.0032008316, 0.0041244705, 0), (-0.0025664682, 0.002749647, 0), (-0.0014520972, 0.0013748235, 0)]
                uniform token subdivisionScheme = "none"
                matrix4d xformOp:transform = ( (-0.685254538123991, 0.7283036578107212, 0, 0), (-0.7104853592720786, -0.6684894569599661, 0.2198463103929542, 0), (0.1601148720153797, 0.15065068188658737, 0.9755345200486782, 0), (-0.0035476637607089064, -0.047343760400346414, 0.08004325333785056, 1) )
                uniform token[] xformOpOrder = ["xformOp:transform"]
            }

            def Cylinder "Petiolule_term" (
                prepend apiSchemas = ["PhysicsCollisionAPI"]
            )
            {
                uniform token axis = "Z"
                double height = 0.01
                rel material:binding = </Plant_1/Materials/Leaf>
                double radius = 0.00071860906
                matrix4d xformOp:transform = ( (0.9961946980917457, 0.08715574274765789, -0, 0), (-0.029809019626209063, 0.3407186534216101, 0.9396926207859085, 0), (0.08189960831908907, -0.9361168066628592, 0.3420201433256687, 0), (0.005409532274073848, -0.06183123682613979, 0.08558033916419093, 1) )
                uniform token[] xformOpOrder = ["xformOp:transform"]
            }

            def Mesh "Blade_4" (
                prepend apiSchemas = ["PhysicsCollisionAPI", "PhysicsMeshCollisionAPI"]
            )
            {
                int[] faceVertexCounts = [3, 3, 3, 3, 3, 3, 3, 3, 3, 3, 3, 3, 3, 3]
                int[] faceVertexIndices = [0, 1, 2, 0, 2, 3, 0, 3, 4, 0, 4, 5, 0, 5, 6, 0, 6, 7, 0, 7, 8, 0, 8, 9, 0, 9, 10, 0, 10, 11, 0, 11, 12, 0, 12, 13, 0, 13, 14, 0, 14, 15]
                rel material:binding = </Plant_1/Materials/Leaf>
                uniform token physics:approximation = "convexHull"
                point3f[] points = [(0, 0, 0), (0.0014520972, 0.0013748235, 0), (0.0025664682, 0.002749647, 0), (0.0032008318, 0.0041244705, 0), (0.0032995765, 0.005499294, 0), (0.0028959906, 0.0068741175, 0), (0.0020998376, 0.008248941, 0), (0.0010732893, 0.009623765, 0), (0, 0.010998588, 0), (-0.0010732893, 0.009623765, 0), (-0.0020998376, 0.008248941, 0), (-0.0028959906, 0.0068741175, 0), (-0.0032995765, 0.005499294, 0), (-0.0032008318, 0.0041244705, 0), (-0.0025664682, 0.002749647, 0), (-0.0014520972, 0.0013748235, 0)]
                uniform token subdivisionScheme = "none"
                matrix4d xformOp:transform = ( (-0.9961946980917457, -0.08715574274765789, 0, 0), (0.08189960831908907, -0.9361168066628592, 0.3420201433256687, 0), (-0.029809019626209063, 0.3407186534216101, 0.9396926207859085, 0), (0.005819030315669293, -0.06651182085945409, 0.08729043988081928, 1) )
                uniform token[] xformOpOrder = ["xformOp:transform"]
            }
        }

        def Xform "Leaf_o1_r1_i0" (
            prepend apiSchemas = ["PhysicsRigidBodyAPI", "PhysicsMassAPI", "PhysicsFilteredPairsAPI"]
        )
        {
            prepend rel physics:filteredPairs = </Plant_1/Stem/Internode_o1_r1>
            float physics:mass = 0.05

            def Cylinder "Petiole" (
                prepend apiSchemas = ["PhysicsCollisionAPI"]
            )
            {
                uniform token axis = "Z"
                double height = 0.02107744
                rel material:binding = </Plant_1/Materials/Leaf>
                double radius = 0.0018939994
                matrix4d xformOp:transform = ( (-0.6755902076156604, -0.737277336810124, 0, 0), (0.25216370040656594, -0.23106545963812644, 0.9396926207859084, 0), (-0.6928140728731603, 0.6348471327716558, 0.3420201433256687, 0), (-0.007301373526069832, 0.0066904761750833045, 0.03903572952486909, 1) )
                uniform token[] xformOpOrder = ["xformOp:transform"]
            }

            def Cylinder "Rachis" (
                prepend apiSchemas = ["PhysicsCollisionAPI"]
            )
            {
                uniform token axis = "Z"
                double height = 0.04529863
                rel material:binding = </Plant_1/Materials/Leaf>
                double radius = 0.00113639964
                matrix4d xformOp:transform = ( (-0.6755902076156604, -0.737277336810124, 0, 0), (0.25216370040656594, -0.23106545963812644, 0.9396926207859084, 0), (-0.6928140728731603, 0.6348471327716558, 0.3420201433256687, 0), (-0.030294511225076825, 0.027759805037158664, 0.0503867060122664, 1) )
                uniform token[] xformOpOrder = ["xformOp:transform"]
            }

            def Cylinder "Petiolule_0" (
                prepend apiSchemas = ["PhysicsCollisionAPI"]
            )
            {
                uniform token axis = "Z"
                double height = 0.01
                rel material:binding = </Plant_1/Materials/Leaf>
                double radius = 0.0007575997600000001
                matrix4d xformOp:transform = ( (0.16064560780738846, -0.9870121522515286, 0, 0), (0.21699097998550732, 0.035317344157287905, 0.9755345200486782, 0), (-0.9628644262289079, -0.1567153359103089, 0.2198463103929542, 0), (-0.019417069183284202, 0.012597375670615064, 0.043739415601702955, 1) )
                uniform token[] xformOpOrder = ["xformOp:transform"]
            }

            def Mesh "Blade_0" (
                prepend apiSchemas = ["PhysicsCollisionAPI", "PhysicsMeshCollisionAPI"]
            )
            {
                int[] faceVertexCounts = [3, 3, 3, 3, 3, 3, 3, 3, 3, 3, 3, 3, 3, 3]
                int[] faceVertexIndices = [0, 1, 2, 0, 2, 3, 0, 3, 4, 0, 4, 5, 0, 5, 6, 0, 6, 7, 0, 7, 8, 0, 8, 9, 0, 9, 10, 0, 10, 11, 0, 11, 12, 0, 12, 13, 0, 13, 14, 0, 14, 15]
                rel material:binding = </Plant_1/Materials/Leaf>
                uniform token physics:approximation = "convexHull"
                point3f[] points = [(0, 0, 0), (0.0017519472, 0.0016587168, 0), (0.0030964294, 0.0033174336, 0), (0.0038617854, 0.0049761506, 0), (0.0039809207, 0.0066348673, 0), (0.0034939963, 0.008293584, 0), (0.0025334423, 0.009952301, 0), (0.0012949174, 0.011611018, 0), (0, 0.013269735, 0), (-0.0012949174, 0.011611018, 0), (-0.0025334423, 0.009952301, 0), (-0.0034939963, 0.008293584, 0), (-0.0039809207, 0.0066348673, 0), (-0.0038617854, 0.0049761506, 0), (-0.0030964294, 0.0033174336, 0), (-0.0017519472, 0.0016587168, 0)]
                uniform token subdivisionScheme = "none"
                matrix4d xformOp:transform = ( (-0.16064560780738846, 0.9870121522515286, 0, 0), (-0.9628644262289079, -0.1567153359103089, 0.2198463103929542, 0), (0.21699097998550732, 0.035317344157287905, 0.9755345200486782, 0), (-0.024231391314428745, 0.01181379899106352, 0.04483864715366773, 1) )
                uniform token[] xformOpOrder = ["xformOp:transform"]
            }

            def Cylinder "Petiolule_1" (
                prepend apiSchemas = ["PhysicsCollisionAPI"]
            )
            {
                uniform token axis = "Z"
                double height = 0.01
                rel material:binding = </Plant_1/Materials/Leaf>
                double radius = 0.0007575997600000001
                matrix4d xformOp:transform = ( (-0.9972574602926975, 0.07401052553899984, 0, 0), (-0.016270940969992622, -0.21924337315719755, 0.9755345200486782, 0), (0.07219982251023865, 0.9728590778916004, 0.2198463103929542, 0), (-0.01424174793958847, 0.01824524773962461, 0.043739415601702955, 1) )
                uniform token[] xformOpOrder = ["xformOp:transform"]
            }

            def Mesh "Blade_1" (
                prepend apiSchemas = ["PhysicsCollisionAPI", "PhysicsMeshCollisionAPI"]
            )
            {
                int[] faceVertexCounts = [3, 3, 3, 3, 3, 3, 3, 3, 3, 3, 3, 3, 3, 3]
                int[] faceVertexIndices = [0, 1, 2, 0, 2, 3, 0, 3, 4, 0, 4, 5, 0, 5, 6, 0, 6, 7, 0, 7, 8, 0, 8, 9, 0, 9, 10, 0, 10, 11, 0, 11, 12, 0, 12, 13, 0, 13, 14, 0, 14, 15]
                rel material:binding = </Plant_1/Materials/Leaf>
                uniform token physics:approximation = "convexHull"
                point3f[] points = [(0, 0, 0), (0.0017519472, 0.0016587168, 0), (0.0030964294, 0.0033174336, 0), (0.0038617854, 0.0049761506, 0), (0.0039809207, 0.0066348673, 0), (0.0034939963, 0.008293584, 0), (0.0025334423, 0.009952301, 0), (0.0012949174, 0.011611018, 0), (0, 0.013269735, 0), (-0.0012949174, 0.011611018, 0), (-0.0025334423, 0.009952301, 0), (-0.0034939963, 0.008293584, 0), (-0.0039809207, 0.0066348673, 0), (-0.0038617854, 0.0049761506, 0), (-0.0030964294, 0.0033174336, 0), (-0.0017519472, 0.0016587168, 0)]
                uniform token subdivisionScheme = "none"
                matrix4d xformOp:transform = ( (0.9972574602926975, -0.07401052553899984, 0, 0), (0.07219982251023865, 0.9728590778916004, 0.2198463103929542, 0), (-0.016270940969992622, -0.21924337315719755, 0.9755345200486782, 0), (-0.013880748827037277, 0.023109543129082616, 0.04483864715366773, 1) )
                uniform token[] xformOpOrder = ["xformOp:transform"]
            }

            def Cylinder "Petiolule_2" (
                prepend apiSchemas = ["PhysicsCollisionAPI"]
            )
            {
                uniform token axis = "Z"
                double height = 0.01
                rel material:binding = </Plant_1/Materials/Leaf>
                double radius = 0.0007575997600000001
                matrix4d xformOp:transform = ( (0.16064560780738846, -0.9870121522515286, 0, 0), (0.21699097998550732, 0.035317344157287905, 0.9755345200486782, 0), (-0.9628644262289079, -0.1567153359103089, 0.2198463103929542, 0), (-0.03776543030428165, 0.0294105509579143, 0.05279741448785374, 1) )
                uniform token[] xformOpOrder = ["xformOp:transform"]
            }

            def Mesh "Blade_2" (
                prepend apiSchemas = ["PhysicsCollisionAPI", "PhysicsMeshCollisionAPI"]
            )
            {
                int[] faceVertexCounts = [3, 3, 3, 3, 3, 3, 3, 3, 3, 3, 3, 3, 3, 3]
                int[] faceVertexIndices = [0, 1, 2, 0, 2, 3, 0, 3, 4, 0, 4, 5, 0, 5, 6, 0, 6, 7, 0, 7, 8, 0, 8, 9, 0, 9, 10, 0, 10, 11, 0, 11, 12, 0, 12, 13, 0, 13, 14, 0, 14, 15]
                rel material:binding = </Plant_1/Materials/Leaf>
                uniform token physics:approximation = "convexHull"
                point3f[] points = [(0, 0, 0), (0.0017519472, 0.0016587168, 0), (0.0030964294, 0.0033174336, 0), (0.0038617854, 0.0049761506, 0), (0.0039809207, 0.0066348673, 0), (0.0034939963, 0.008293584, 0), (0.0025334423, 0.009952301, 0), (0.0012949174, 0.011611018, 0), (0, 0.013269735, 0), (-0.0012949174, 0.011611018, 0), (-0.0025334423, 0.009952301, 0), (-0.0034939963, 0.008293584, 0), (-0.0039809207, 0.0066348673, 0), (-0.0038617854, 0.0049761506, 0), (-0.0030964294, 0.0033174336, 0), (-0.0017519472, 0.0016587168, 0)]
                uniform token subdivisionScheme = "none"
                matrix4d xformOp:transform = ( (-0.16064560780738846, 0.9870121522515286, 0, 0), (-0.9628644262289079, -0.1567153359103089, 0.2198463103929542, 0), (0.21699097998550732, 0.035317344157287905, 0.9755345200486782, 0), (-0.04257975243542619, 0.028626974278362756, 0.05389664603981851, 1) )
                uniform token[] xformOpOrder = ["xformOp:transform"]
            }

            def Cylinder "Petiolule_3" (
                prepend apiSchemas = ["PhysicsCollisionAPI"]
            )
            {
                uniform token axis = "Z"
                double height = 0.01
                rel material:binding = </Plant_1/Materials/Leaf>
                double radius = 0.0007575997600000001
                matrix4d xformOp:transform = ( (-0.9972574602926975, 0.07401052553899984, 0, 0), (-0.016270940969992622, -0.21924337315719755, 0.9755345200486782, 0), (0.07219982251023865, 0.9728590778916004, 0.2198463103929542, 0), (-0.03259010906058592, 0.03505842302692385, 0.05279741448785374, 1) )
                uniform token[] xformOpOrder = ["xformOp:transform"]
            }

            def Mesh "Blade_3" (
                prepend apiSchemas = ["PhysicsCollisionAPI", "PhysicsMeshCollisionAPI"]
            )
            {
                int[] faceVertexCounts = [3, 3, 3, 3, 3, 3, 3, 3, 3, 3, 3, 3, 3, 3]
                int[] faceVertexIndices = [0, 1, 2, 0, 2, 3, 0, 3, 4, 0, 4, 5, 0, 5, 6, 0, 6, 7, 0, 7, 8, 0, 8, 9, 0, 9, 10, 0, 10, 11, 0, 11, 12, 0, 12, 13, 0, 13, 14, 0, 14, 15]
                rel material:binding = </Plant_1/Materials/Leaf>
                uniform token physics:approximation = "convexHull"
                point3f[] points = [(0, 0, 0), (0.0017519472, 0.0016587168, 0), (0.0030964294, 0.0033174336, 0), (0.0038617854, 0.0049761506, 0), (0.0039809207, 0.0066348673, 0), (0.0034939963, 0.008293584, 0), (0.0025334423, 0.009952301, 0), (0.0012949174, 0.011611018, 0), (0, 0.013269735, 0), (-0.0012949174, 0.011611018, 0), (-0.0025334423, 0.009952301, 0), (-0.0034939963, 0.008293584, 0), (-0.0039809207, 0.0066348673, 0), (-0.0038617854, 0.0049761506, 0), (-0.0030964294, 0.0033174336, 0), (-0.0017519472, 0.0016587168, 0)]
                uniform token subdivisionScheme = "none"
                matrix4d xformOp:transform = ( (0.9972574602926975, -0.07401052553899984, 0, 0), (0.07219982251023865, 0.9728590778916004, 0.2198463103929542, 0), (-0.016270940969992622, -0.21924337315719755, 0.9755345200486782, 0), (-0.03222910994803472, 0.03992271841638185, 0.05389664603981851, 1) )
                uniform token[] xformOpOrder = ["xformOp:transform"]
            }

            def Cylinder "Petiolule_term" (
                prepend apiSchemas = ["PhysicsCollisionAPI"]
            )
            {
                uniform token axis = "Z"
                double height = 0.01
                rel material:binding = </Plant_1/Materials/Leaf>
                double radius = 0.0007575997600000001
                matrix4d xformOp:transform = ( (-0.6755902076156604, -0.737277336810124, 0, 0), (0.25216370040656594, -0.23106545963812644, 0.9396926207859084, 0), (-0.6928140728731603, 0.6348471327716558, 0.3420201433256687, 0), (-0.04945034576237979, 0.045312893388009, 0.05984332869142296, 1) )
                uniform token[] xformOpOrder = ["xformOp:transform"]
            }

            def Mesh "Blade_4" (
                prepend apiSchemas = ["PhysicsCollisionAPI", "PhysicsMeshCollisionAPI"]
            )
            {
                int[] faceVertexCounts = [3, 3, 3, 3, 3, 3, 3, 3, 3, 3, 3, 3, 3, 3]
                int[] faceVertexIndices = [0, 1, 2, 0, 2, 3, 0, 3, 4, 0, 4, 5, 0, 5, 6, 0, 6, 7, 0, 7, 8, 0, 8, 9, 0, 9, 10, 0, 10, 11, 0, 11, 12, 0, 12, 13, 0, 13, 14, 0, 14, 15]
                rel material:binding = </Plant_1/Materials/Leaf>
                uniform token physics:approximation = "convexHull"
                point3f[] points = [(0, 0, 0), (0.0017519472, 0.0016587168, 0), (0.0030964294, 0.0033174336, 0), (0.0038617854, 0.0049761506, 0), (0.0039809207, 0.0066348673, 0), (0.0034939963, 0.008293584, 0), (0.0025334423, 0.009952301, 0), (0.0012949174, 0.011611018, 0), (0, 0.013269735, 0), (-0.0012949174, 0.011611018, 0), (-0.0025334423, 0.009952301, 0), (-0.0034939963, 0.008293584, 0), (-0.0039809207, 0.0066348673, 0), (-0.0038617854, 0.0049761506, 0), (-0.0030964294, 0.0033174336, 0), (-0.0017519472, 0.0016587168, 0)]
                uniform token subdivisionScheme = "none"
                matrix4d xformOp:transform = ( (0.6755902076156604, 0.737277336810124, -0, 0), (-0.6928140728731603, 0.6348471327716558, 0.3420201433256687, 0), (0.25216370040656594, -0.23106545963812644, 0.9396926207859084, 0), (-0.05291441612674559, 0.04848712905186728, 0.0615534294080513, 1) )
                uniform token[] xformOpOrder = ["xformOp:transform"]
            }
        }

        def Xform "Leaf_o0_r7_i0" (
            prepend apiSchemas = ["PhysicsRigidBodyAPI", "PhysicsMassAPI", "PhysicsFilteredPairsAPI"]
        )
        {
            prepend rel physics:filteredPairs = </Plant_1/Stem/Internode_o0_r7>
            float physics:mass = 0.05

            def Cylinder "Petiole" (
                prepend apiSchemas = ["PhysicsCollisionAPI"]
            )
            {
                uniform token axis = "Z"
                double height = 0.029397333
                rel material:binding = </Plant_1/Materials/Leaf>
                double radius = 0.0024743688
                matrix4d xformOp:transform = ( (0.8870108331782215, -0.46174861323503436, 0, 0), (0.1579273268790752, 0.30337557229503614, 0.9396926207859084, 0), (-0.4339017645150882, -0.8335175344947352, 0.3420201433256687, 0), (-0.006377777330368816, -0.012251596261440359, 0.1617293950230262, 1) )
                uniform token[] xformOpOrder = ["xformOp:transform"]
            }

            def Cylinder "Rachis" (
                prepend apiSchemas = ["PhysicsCollisionAPI"]
            )
            {
                uniform token axis = "Z"
                double height = 0.11280875
                rel material:binding = </Plant_1/Materials/Leaf>
                double radius = 0.00148462128
                matrix4d xformOp:transform = ( (0.8870108331782215, -0.46174861323503436, 0, 0), (0.1579273268790752, 0.30337557229503614, 0.9396926207859084, 0), (-0.4339017645150882, -0.8335175344947352, 0.3420201433256687, 0), (-0.03722951249960836, -0.0715172281075972, 0.18604806746774716, 1) )
                uniform token[] xformOpOrder = ["xformOp:transform"]
            }

            def Cylinder "Petiolule_0" (
                prepend apiSchemas = ["PhysicsCollisionAPI"]
            )
            {
                uniform token axis = "Z"
                double height = 0.01
                rel material:binding = </Plant_1/Materials/Leaf>
                double radius = 0.0009897475200000001
                matrix4d xformOp:transform = ( (0.9118023859082873, 0.4106292842113854, -0, 0), (-0.09027533307317283, 0.20045639034942953, 0.9755345200486782, 0), (0.40058304169108616, -0.8894947029162807, 0.2198463103929542, 0), (-0.010752639452282201, -0.028950666037462124, 0.16785586659801716, 1) )
                uniform token[] xformOpOrder = ["xformOp:transform"]
            }

            def Mesh "Blade_0" (
                prepend apiSchemas = ["PhysicsCollisionAPI", "PhysicsMeshCollisionAPI"]
            )
            {
                int[] faceVertexCounts = [3, 3, 3, 3, 3, 3, 3, 3, 3, 3, 3, 3, 3, 3]
                int[] faceVertexIndices = [0, 1, 2, 0, 2, 3, 0, 3, 4, 0, 4, 5, 0, 5, 6, 0, 6, 7, 0, 7, 8, 0, 8, 9, 0, 9, 10, 0, 10, 11, 0, 11, 12, 0, 12, 13, 0, 13, 14, 0, 14, 15]
                rel material:binding = </Plant_1/Materials/Leaf>
                uniform token physics:approximation = "convexHull"
                point3f[] points = [(0, 0, 0), (0.0038270566, 0.003623399, 0), (0.006764023, 0.007246798, 0), (0.0084359115, 0.010870197, 0), (0.0086961575, 0.014493596, 0), (0.0076324916, 0.018116994, 0), (0.0055342005, 0.021740394, 0), (0.002828694, 0.025363792, 0), (0, 0.028987192, 0), (-0.002828694, 0.025363792, 0), (-0.0055342005, 0.021740394, 0), (-0.0076324916, 0.018116994, 0), (-0.0086961575, 0.014493596, 0), (-0.0084359115, 0.010870197, 0), (-0.006764023, 0.007246798, 0), (-0.0038270566, 0.003623399, 0)]
                uniform token subdivisionScheme = "none"
                matrix4d xformOp:transform = ( (-0.9118023859082873, -0.4106292842113854, 0, 0), (0.40058304169108616, -0.8894947029162807, 0.2198463103929542, 0), (-0.09027533307317283, 0.20045639034942953, 0.9755345200486782, 0), (-0.00874972424382677, -0.03339813955204353, 0.16895509814998194, 1) )
                uniform token[] xformOpOrder = ["xformOp:transform"]
            }

            def Cylinder "Petiolule_1" (
                prepend apiSchemas = ["PhysicsCollisionAPI"]
            )
            {
                uniform token axis = "Z"
                double height = 0.01
                rel material:binding = </Plant_1/Materials/Leaf>
                double radius = 0.0009897475200000001
                matrix4d xformOp:transform = ( (0.18662054555897403, -0.9824320699037012, 0, 0), (0.2159840657800416, 0.04102783838466066, 0.9755345200486784, 0), (-0.9583963977939367, -0.18205478434309622, 0.21984631039295421, 0), (-0.017547536649707315, -0.0254134664445962, 0.16785586659801716, 1) )
                uniform token[] xformOpOrder = ["xformOp:transform"]
            }

            def Mesh "Blade_1" (
                prepend apiSchemas = ["PhysicsCollisionAPI", "PhysicsMeshCollisionAPI"]
            )
            {
                int[] faceVertexCounts = [3, 3, 3, 3, 3, 3, 3, 3, 3, 3, 3, 3, 3, 3]
                int[] faceVertexIndices = [0, 1, 2, 0, 2, 3, 0, 3, 4, 0, 4, 5, 0, 5, 6, 0, 6, 7, 0, 7, 8, 0, 8, 9, 0, 9, 10, 0, 10, 11, 0, 11, 12, 0, 12, 13, 0, 13, 14, 0, 14, 15]
                rel material:binding = </Plant_1/Materials/Leaf>
                uniform token physics:approximation = "convexHull"
                point3f[] points = [(0, 0, 0), (0.0038270566, 0.003623399, 0), (0.006764023, 0.007246798, 0), (0.0084359115, 0.010870197, 0), (0.0086961575, 0.014493596, 0), (0.0076324916, 0.018116994, 0), (0.0055342005, 0.021740394, 0), (0.002828694, 0.025363792, 0), (0, 0.028987192, 0), (-0.002828694, 0.025363792, 0), (-0.0055342005, 0.021740394, 0), (-0.0076324916, 0.018116994, 0), (-0.0086961575, 0.014493596, 0), (-0.0084359115, 0.010870197, 0), (-0.006764023, 0.007246798, 0), (-0.0038270566, 0.003623399, 0)]
                uniform token subdivisionScheme = "none"
                matrix4d xformOp:transform = ( (-0.18662054555897403, 0.9824320699037012, 0, 0), (-0.9583963977939367, -0.18205478434309622, 0.21984631039295421, 0), (0.2159840657800416, 0.04102783838466066, 0.9755345200486784, 0), (-0.022339518638677, -0.02632374036631168, 0.16895509814998194, 1) )
                uniform token[] xformOpOrder = ["xformOp:transform"]
            }

            def Cylinder "Petiolule_2" (
                prepend apiSchemas = ["PhysicsCollisionAPI"]
            )
            {
                uniform token axis = "Z"
                double height = 0.01
                rel material:binding = </Plant_1/Materials/Leaf>
                double radius = 0.0009897475200000001
                matrix4d xformOp:transform = ( (0.9118023859082873, 0.4106292842113854, -0, 0), (-0.09027533307317283, 0.20045639034942953, 0.9755345200486782, 0), (0.40058304169108616, -0.8894947029162807, 0.2198463103929542, 0), (-0.027175760492931255, -0.06049918802563302, 0.18080128114007366, 1) )
                uniform token[] xformOpOrder = ["xformOp:transform"]
            }

            def Mesh "Blade_2" (
                prepend apiSchemas = ["PhysicsCollisionAPI", "PhysicsMeshCollisionAPI"]
            )
            {
                int[] faceVertexCounts = [3, 3, 3, 3, 3, 3, 3, 3, 3, 3, 3, 3, 3, 3]
                int[] faceVertexIndices = [0, 1, 2, 0, 2, 3, 0, 3, 4, 0, 4, 5, 0, 5, 6, 0, 6, 7, 0, 7, 8, 0, 8, 9, 0, 9, 10, 0, 10, 11, 0, 11, 12, 0, 12, 13, 0, 13, 14, 0, 14, 15]
                rel material:binding = </Plant_1/Materials/Leaf>
                uniform token physics:approximation = "convexHull"
                point3f[] points = [(0, 0, 0), (0.0038270566, 0.003623399, 0), (0.006764023, 0.007246798, 0), (0.0084359115, 0.010870197, 0), (0.0086961575, 0.014493596, 0), (0.0076324916, 0.018116994, 0), (0.0055342005, 0.021740394, 0), (0.002828694, 0.025363792, 0), (0, 0.028987192, 0), (-0.002828694, 0.025363792, 0), (-0.0055342005, 0.021740394, 0), (-0.0076324916, 0.018116994, 0), (-0.0086961575, 0.014493596, 0), (-0.0084359115, 0.010870197, 0), (-0.006764023, 0.007246798, 0), (-0.0038270566, 0.003623399, 0)]
                uniform token subdivisionScheme = "none"
                matrix4d xformOp:transform = ( (-0.9118023859082873, -0.4106292842113854, 0, 0), (0.40058304169108616, -0.8894947029162807, 0.2198463103929542, 0), (-0.09027533307317283, 0.20045639034942953, 0.9755345200486782, 0), (-0.025172845284475824, -0.06494666154021442, 0.18190051269203844, 1) )
                uniform token[] xformOpOrder = ["xformOp:transform"]
            }

            def Cylinder "Petiolule_3" (
                prepend apiSchemas = ["PhysicsCollisionAPI"]
            )
            {
                uniform token axis = "Z"
                double height = 0.01
                rel material:binding = </Plant_1/Materials/Leaf>
                double radius = 0.0009897475200000001
                matrix4d xformOp:transform = ( (0.18662054555897403, -0.9824320699037012, 0, 0), (0.2159840657800416, 0.04102783838466066, 0.9755345200486784, 0), (-0.9583963977939367, -0.18205478434309622, 0.21984631039295421, 0), (-0.03397065769035637, -0.05696198843276709, 0.18080128114007366, 1) )
                uniform token[] xformOpOrder = ["xformOp:transform"]
            }

            def Mesh "Blade_3" (
                prepend apiSchemas = ["PhysicsCollisionAPI", "PhysicsMeshCollisionAPI"]
            )
            {
                int[] faceVertexCounts = [3, 3, 3, 3, 3, 3, 3, 3, 3, 3, 3, 3, 3, 3]
                int[] faceVertexIndices = [0, 1, 2, 0, 2, 3, 0, 3, 4, 0, 4, 5, 0, 5, 6, 0, 6, 7, 0, 7, 8, 0, 8, 9, 0, 9, 10, 0, 10, 11, 0, 11, 12, 0, 12, 13, 0, 13, 14, 0, 14, 15]
                rel material:binding = </Plant_1/Materials/Leaf>
                uniform token physics:approximation = "convexHull"
                point3f[] points = [(0, 0, 0), (0.0038270566, 0.003623399, 0), (0.006764023, 0.007246798, 0), (0.0084359115, 0.010870197, 0), (0.0086961575, 0.014493596, 0), (0.0076324916, 0.018116994, 0), (0.0055342005, 0.021740394, 0), (0.002828694, 0.025363792, 0), (0, 0.028987192, 0), (-0.002828694, 0.025363792, 0), (-0.0055342005, 0.021740394, 0), (-0.0076324916, 0.018116994, 0), (-0.0086961575, 0.014493596, 0), (-0.0084359115, 0.010870197, 0), (-0.006764023, 0.007246798, 0), (-0.0038270566, 0.003623399, 0)]
                uniform token subdivisionScheme = "none"
                matrix4d xformOp:transform = ( (-0.18662054555897403, 0.9824320699037012, 0, 0), (-0.9583963977939367, -0.18205478434309622, 0.21984631039295421, 0), (0.2159840657800416, 0.04102783838466066, 0.9755345200486784, 0), (-0.038762639679326055, -0.057872262354482576, 0.18190051269203844, 1) )
                uniform token[] xformOpOrder = ["xformOp:transform"]
            }

            def Cylinder "Petiolule_4" (
                prepend apiSchemas = ["PhysicsCollisionAPI"]
            )
            {
                uniform token axis = "Z"
                double height = 0.01
                rel material:binding = </Plant_1/Materials/Leaf>
                double radius = 0.0009897475200000001
                matrix4d xformOp:transform = ( (0.9118023859082873, 0.4106292842113854, -0, 0), (-0.09027533307317283, 0.20045639034942953, 0.9755345200486782, 0), (0.40058304169108616, -0.8894947029162807, 0.2198463103929542, 0), (-0.04359888153358031, -0.09204771001380391, 0.19374669568213015, 1) )
                uniform token[] xformOpOrder = ["xformOp:transform"]
            }

            def Mesh "Blade_4" (
                prepend apiSchemas = ["PhysicsCollisionAPI", "PhysicsMeshCollisionAPI"]
            )
            {
                int[] faceVertexCounts = [3, 3, 3, 3, 3, 3, 3, 3, 3, 3, 3, 3, 3, 3]
                int[] faceVertexIndices = [0, 1, 2, 0, 2, 3, 0, 3, 4, 0, 4, 5, 0, 5, 6, 0, 6, 7, 0, 7, 8, 0, 8, 9, 0, 9, 10, 0, 10, 11, 0, 11, 12, 0, 12, 13, 0, 13, 14, 0, 14, 15]
                rel material:binding = </Plant_1/Materials/Leaf>
                uniform token physics:approximation = "convexHull"
                point3f[] points = [(0, 0, 0), (0.0038270566, 0.003623399, 0), (0.006764023, 0.007246798, 0), (0.0084359115, 0.010870197, 0), (0.0086961575, 0.014493596, 0), (0.0076324916, 0.018116994, 0), (0.0055342005, 0.021740394, 0), (0.002828694, 0.025363792, 0), (0, 0.028987192, 0), (-0.002828694, 0.025363792, 0), (-0.0055342005, 0.021740394, 0), (-0.0076324916, 0.018116994, 0), (-0.0086961575, 0.014493596, 0), (-0.0084359115, 0.010870197, 0), (-0.006764023, 0.007246798, 0), (-0.0038270566, 0.003623399, 0)]
                uniform token subdivisionScheme = "none"
                matrix4d xformOp:transform = ( (-0.9118023859082873, -0.4106292842113854, 0, 0), (0.40058304169108616, -0.8894947029162807, 0.2198463103929542, 0), (-0.09027533307317283, 0.20045639034942953, 0.9755345200486782, 0), (-0.04159596632512488, -0.09649518352838532, 0.19484592723409494, 1) )
                uniform token[] xformOpOrder = ["xformOp:transform"]
            }

            def Cylinder "Petiolule_5" (
                prepend apiSchemas = ["PhysicsCollisionAPI"]
            )
            {
                uniform token axis = "Z"
                double height = 0.01
                rel material:binding = </Plant_1/Materials/Leaf>
                double radius = 0.0009897475200000001
                matrix4d xformOp:transform = ( (0.18662054555897403, -0.9824320699037012, 0, 0), (0.2159840657800416, 0.04102783838466066, 0.9755345200486784, 0), (-0.9583963977939367, -0.18205478434309622, 0.21984631039295421, 0), (-0.05039377873100543, -0.088510510420938, 0.19374669568213015, 1) )
                uniform token[] xformOpOrder = ["xformOp:transform"]
            }

            def Mesh "Blade_5" (
                prepend apiSchemas = ["PhysicsCollisionAPI", "PhysicsMeshCollisionAPI"]
            )
            {
                int[] faceVertexCounts = [3, 3, 3, 3, 3, 3, 3, 3, 3, 3, 3, 3, 3, 3]
                int[] faceVertexIndices = [0, 1, 2, 0, 2, 3, 0, 3, 4, 0, 4, 5, 0, 5, 6, 0, 6, 7, 0, 7, 8, 0, 8, 9, 0, 9, 10, 0, 10, 11, 0, 11, 12, 0, 12, 13, 0, 13, 14, 0, 14, 15]
                rel material:binding = </Plant_1/Materials/Leaf>
                uniform token physics:approximation = "convexHull"
                point3f[] points = [(0, 0, 0), (0.0038270566, 0.003623399, 0), (0.006764023, 0.007246798, 0), (0.0084359115, 0.010870197, 0), (0.0086961575, 0.014493596, 0), (0.0076324916, 0.018116994, 0), (0.0055342005, 0.021740394, 0), (0.002828694, 0.025363792, 0), (0, 0.028987192, 0), (-0.002828694, 0.025363792, 0), (-0.0055342005, 0.021740394, 0), (-0.0076324916, 0.018116994, 0), (-0.0086961575, 0.014493596, 0), (-0.0084359115, 0.010870197, 0), (-0.006764023, 0.007246798, 0), (-0.0038270566, 0.003623399, 0)]
                uniform token subdivisionScheme = "none"
                matrix4d xformOp:transform = ( (-0.18662054555897403, 0.9824320699037012, 0, 0), (-0.9583963977939367, -0.18205478434309622, 0.21984631039295421, 0), (0.2159840657800416, 0.04102783838466066, 0.9755345200486784, 0), (-0.055185760719975115, -0.08942078434265346, 0.19484592723409494, 1) )
                uniform token[] xformOpOrder = ["xformOp:transform"]
            }

            def Cylinder "Petiolule_term" (
                prepend apiSchemas = ["PhysicsCollisionAPI"]
            )
            {
                uniform token axis = "Z"
                double height = 0.01
                rel material:binding = </Plant_1/Materials/Leaf>
                double radius = 0.0009897475200000001
                matrix4d xformOp:transform = ( (0.8870108331782215, -0.46174861323503436, 0, 0), (0.1579273268790752, 0.30337557229503614, 0.9396926207859084, 0), (-0.4339017645150882, -0.8335175344947352, 0.3420201433256687, 0), (-0.06387297916105453, -0.12269885136478735, 0.20704960060607028, 1) )
                uniform token[] xformOpOrder = ["xformOp:transform"]
            }

            def Mesh "Blade_6" (
                prepend apiSchemas = ["PhysicsCollisionAPI", "PhysicsMeshCollisionAPI"]
            )
            {
                int[] faceVertexCounts = [3, 3, 3, 3, 3, 3, 3, 3, 3, 3, 3, 3, 3, 3]
                int[] faceVertexIndices = [0, 1, 2, 0, 2, 3, 0, 3, 4, 0, 4, 5, 0, 5, 6, 0, 6, 7, 0, 7, 8, 0, 8, 9, 0, 9, 10, 0, 10, 11, 0, 11, 12, 0, 12, 13, 0, 13, 14, 0, 14, 15]
                rel material:binding = </Plant_1/Materials/Leaf>
                uniform token physics:approximation = "convexHull"
                point3f[] points = [(0, 0, 0), (0.0038277265, 0.0036240332, 0), (0.006765207, 0.0072480664, 0), (0.008437389, 0.0108721, 0), (0.008697679, 0.014496133, 0), (0.0076338276, 0.018120166, 0), (0.0055351695, 0.0217442, 0), (0.0028291892, 0.025368232, 0), (0, 0.028992265, 0), (-0.0028291892, 0.025368232, 0), (-0.0055351695, 0.0217442, 0), (-0.0076338276, 0.018120166, 0), (-0.008697679, 0.014496133, 0), (-0.008437389, 0.0108721, 0), (-0.006765207, 0.0072480664, 0), (-0.0038277265, 0.0036240332, 0)]
                uniform token subdivisionScheme = "none"
                matrix4d xformOp:transform = ( (-0.8870108331782215, 0.46174861323503436, 0, 0), (-0.4339017645150882, -0.8335175344947352, 0.3420201433256687, 0), (0.1579273268790752, 0.30337557229503614, 0.9396926207859084, 0), (-0.06604248798362997, -0.12686643903726103, 0.20875970132269864, 1) )
                uniform token[] xformOpOrder = ["xformOp:transform"]
            }
        }

        def Xform "Leaf_o1_r1_i1" (
            prepend apiSchemas = ["PhysicsRigidBodyAPI", "PhysicsMassAPI", "PhysicsFilteredPairsAPI"]
        )
        {
            prepend rel physics:filteredPairs = </Plant_1/Stem/Internode_o1_r1>
            float physics:mass = 0.05

            def Cylinder "Petiole" (
                prepend apiSchemas = ["PhysicsCollisionAPI"]
            )
            {
                uniform token axis = "Z"
                double height = 0.023668777
                rel material:binding = </Plant_1/Materials/Leaf>
                double radius = 0.00207892035
                matrix4d xformOp:transform = ( (-0.6755902076156604, -0.737277336810124, 0, 0), (0.25216370040656594, -0.23106545963812644, 0.9396926207859084, 0), (-0.6928140728731603, 0.6348471327716558, 0.3420201433256687, 0), (-0.00819903089664829, 0.007513027607330856, 0.04239118725094164, 1) )
                uniform token[] xformOpOrder = ["xformOp:transform"]
            }

            def Cylinder "Rachis" (
                prepend apiSchemas = ["PhysicsCollisionAPI"]
            )
            {
                uniform token axis = "Z"
                double height = 0.05334556
                rel material:binding = </Plant_1/Materials/Leaf>
                double radius = 0.00124735221
                matrix4d xformOp:transform = ( (-0.6755902076156604, -0.737277336810124, 0, 0), (0.25216370040656594, -0.23106545963812644, 0.9396926207859084, 0), (-0.6928140728731603, 0.6348471327716558, 0.3420201433256687, 0), (-0.03487733913994635, 0.03195919312071088, 0.055561414540377316, 1) )
                uniform token[] xformOpOrder = ["xformOp:transform"]
            }

            def Cylinder "Petiolule_0" (
                prepend apiSchemas = ["PhysicsCollisionAPI"]
            )
            {
                uniform token axis = "Z"
                double height = 0.01
                rel material:binding = </Plant_1/Materials/Leaf>
                double radius = 0.0008315681400000001
                matrix4d xformOp:transform = ( (0.16064560780738846, -0.9870121522515286, 0, 0), (0.21699097998550732, 0.035317344157287905, 0.9755345200486782, 0), (-0.9628644262289079, -0.1567153359103089, 0.2198463103929542, 0), (-0.02121238392444112, 0.014242478535110167, 0.04753801805384806, 1) )
                uniform token[] xformOpOrder = ["xformOp:transform"]
            }

            def Mesh "Blade_0" (
                prepend apiSchemas = ["PhysicsCollisionAPI", "PhysicsMeshCollisionAPI"]
            )
            {
                int[] faceVertexCounts = [3, 3, 3, 3, 3, 3, 3, 3, 3, 3, 3, 3, 3, 3]
                int[] faceVertexIndices = [0, 1, 2, 0, 2, 3, 0, 3, 4, 0, 4, 5, 0, 5, 6, 0, 6, 7, 0, 7, 8, 0, 8, 9, 0, 9, 10, 0, 10, 11, 0, 11, 12, 0, 12, 13, 0, 13, 14, 0, 14, 15]
                rel material:binding = </Plant_1/Materials/Leaf>
                uniform token physics:approximation = "convexHull"
                point3f[] points = [(0, 0, 0), (0.0024392596, 0.002309454, 0), (0.0043112, 0.004618908, 0), (0.005376816, 0.0069283615, 0), (0.005542689, 0.009237816, 0), (0.0048647383, 0.011547269, 0), (0.0035273458, 0.013856723, 0), (0.001802931, 0.016166177, 0), (0, 0.018475631, 0), (-0.001802931, 0.016166177, 0), (-0.0035273458, 0.013856723, 0), (-0.0048647383, 0.011547269, 0), (-0.005542689, 0.009237816, 0), (-0.005376816, 0.0069283615, 0), (-0.0043112, 0.004618908, 0), (-0.0024392596, 0.002309454, 0)]
                uniform token subdivisionScheme = "none"
                matrix4d xformOp:transform = ( (-0.16064560780738846, 0.9870121522515286, 0, 0), (-0.9628644262289079, -0.1567153359103089, 0.2198463103929542, 0), (0.21699097998550732, 0.035317344157287905, 0.9755345200486782, 0), (-0.026026706055585658, 0.013458901855558623, 0.04863724960581283, 1) )
                uniform token[] xformOpOrder = ["xformOp:transform"]
            }

            def Cylinder "Petiolule_1" (
                prepend apiSchemas = ["PhysicsCollisionAPI"]
            )
            {
                uniform token axis = "Z"
                double height = 0.01
                rel material:binding = </Plant_1/Materials/Leaf>
                double radius = 0.0008315681400000001
                matrix4d xformOp:transform = ( (-0.9972574602926975, 0.07401052553899984, 0, 0), (-0.016270940969992622, -0.21924337315719755, 0.9755345200486782, 0), (0.07219982251023865, 0.9728590778916004, 0.2198463103929542, 0), (-0.016037062680745385, 0.019890350604119714, 0.04753801805384806, 1) )
                uniform token[] xformOpOrder = ["xformOp:transform"]
            }

            def Mesh "Blade_1" (
                prepend apiSchemas = ["PhysicsCollisionAPI", "PhysicsMeshCollisionAPI"]
            )
            {
                int[] faceVertexCounts = [3, 3, 3, 3, 3, 3, 3, 3, 3, 3, 3, 3, 3, 3]
                int[] faceVertexIndices = [0, 1, 2, 0, 2, 3, 0, 3, 4, 0, 4, 5, 0, 5, 6, 0, 6, 7, 0, 7, 8, 0, 8, 9, 0, 9, 10, 0, 10, 11, 0, 11, 12, 0, 12, 13, 0, 13, 14, 0, 14, 15]
                rel material:binding = </Plant_1/Materials/Leaf>
                uniform token physics:approximation = "convexHull"
                point3f[] points = [(0, 0, 0), (0.0024392596, 0.002309454, 0), (0.0043112, 0.004618908, 0), (0.005376816, 0.0069283615, 0), (0.005542689, 0.009237816, 0), (0.0048647383, 0.011547269, 0), (0.0035273458, 0.013856723, 0), (0.001802931, 0.016166177, 0), (0, 0.018475631, 0), (-0.001802931, 0.016166177, 0), (-0.0035273458, 0.013856723, 0), (-0.0048647383, 0.011547269, 0), (-0.005542689, 0.009237816, 0), (-0.005376816, 0.0069283615, 0), (-0.0043112, 0.004618908, 0), (-0.0024392596, 0.002309454, 0)]
                uniform token subdivisionScheme = "none"
                matrix4d xformOp:transform = ( (0.9972574602926975, -0.07401052553899984, 0, 0), (0.07219982251023865, 0.9728590778916004, 0.2198463103929542, 0), (-0.016270940969992622, -0.21924337315719755, 0.9755345200486782, 0), (-0.015676063568194194, 0.02475464599357772, 0.04863724960581283, 1) )
                uniform token[] xformOpOrder = ["xformOp:transform"]
            }

            def Cylinder "Petiolule_2" (
                prepend apiSchemas = ["PhysicsCollisionAPI"]
            )
            {
                uniform token axis = "Z"
                double height = 0.01
                rel material:binding = </Plant_1/Materials/Leaf>
                double radius = 0.0008315681400000001
                matrix4d xformOp:transform = ( (0.16064560780738846, -0.9870121522515286, 0, 0), (0.21699097998550732, 0.035317344157287905, 0.9755345200486782, 0), (-0.9628644262289079, -0.1567153359103089, 0.2198463103929542, 0), (-0.04353318367049872, 0.034695723171422936, 0.05855708280325569, 1) )
                uniform token[] xformOpOrder = ["xformOp:transform"]
            }

            def Mesh "Blade_2" (
                prepend apiSchemas = ["PhysicsCollisionAPI", "PhysicsMeshCollisionAPI"]
            )
            {
                int[] faceVertexCounts = [3, 3, 3, 3, 3, 3, 3, 3, 3, 3, 3, 3, 3, 3]
                int[] faceVertexIndices = [0, 1, 2, 0, 2, 3, 0, 3, 4, 0, 4, 5, 0, 5, 6, 0, 6, 7, 0, 7, 8, 0, 8, 9, 0, 9, 10, 0, 10, 11, 0, 11, 12, 0, 12, 13, 0, 13, 14, 0, 14, 15]
                rel material:binding = </Plant_1/Materials/Leaf>
                uniform token physics:approximation = "convexHull"
                point3f[] points = [(0, 0, 0), (0.0024392596, 0.002309454, 0), (0.0043112, 0.004618908, 0), (0.005376816, 0.0069283615, 0), (0.005542689, 0.009237816, 0), (0.0048647383, 0.011547269, 0), (0.0035273458, 0.013856723, 0), (0.001802931, 0.016166177, 0), (0, 0.018475631, 0), (-0.001802931, 0.016166177, 0), (-0.0035273458, 0.013856723, 0), (-0.0048647383, 0.011547269, 0), (-0.005542689, 0.009237816, 0), (-0.005376816, 0.0069283615, 0), (-0.0043112, 0.004618908, 0), (-0.0024392596, 0.002309454, 0)]
                uniform token subdivisionScheme = "none"
                matrix4d xformOp:transform = ( (-0.16064560780738846, 0.9870121522515286, 0, 0), (-0.9628644262289079, -0.1567153359103089, 0.2198463103929542, 0), (0.21699097998550732, 0.035317344157287905, 0.9755345200486782, 0), (-0.04834750580164326, 0.03391214649187139, 0.05965631435522046, 1) )
                uniform token[] xformOpOrder = ["xformOp:transform"]
            }

            def Cylinder "Petiolule_3" (
                prepend apiSchemas = ["PhysicsCollisionAPI"]
            )
            {
                uniform token axis = "Z"
                double height = 0.01
                rel material:binding = </Plant_1/Materials/Leaf>
                double radius = 0.0008315681400000001
                matrix4d xformOp:transform = ( (-0.9972574602926975, 0.07401052553899984, 0, 0), (-0.016270940969992622, -0.21924337315719755, 0.9755345200486782, 0), (0.07219982251023865, 0.9728590778916004, 0.2198463103929542, 0), (-0.03835786242680299, 0.04034359524043248, 0.05855708280325569, 1) )
                uniform token[] xformOpOrder = ["xformOp:transform"]
            }

            def Mesh "Blade_3" (
                prepend apiSchemas = ["PhysicsCollisionAPI", "PhysicsMeshCollisionAPI"]
            )
            {
                int[] faceVertexCounts = [3, 3, 3, 3, 3, 3, 3, 3, 3, 3, 3, 3, 3, 3]
                int[] faceVertexIndices = [0, 1, 2, 0, 2, 3, 0, 3, 4, 0, 4, 5, 0, 5, 6, 0, 6, 7, 0, 7, 8, 0, 8, 9, 0, 9, 10, 0, 10, 11, 0, 11, 12, 0, 12, 13, 0, 13, 14, 0, 14, 15]
                rel material:binding = </Plant_1/Materials/Leaf>
                uniform token physics:approximation = "convexHull"
                point3f[] points = [(0, 0, 0), (0.0024392596, 0.002309454, 0), (0.0043112, 0.004618908, 0), (0.005376816, 0.0069283615, 0), (0.005542689, 0.009237816, 0), (0.0048647383, 0.011547269, 0), (0.0035273458, 0.013856723, 0), (0.001802931, 0.016166177, 0), (0, 0.018475631, 0), (-0.001802931, 0.016166177, 0), (-0.0035273458, 0.013856723, 0), (-0.0048647383, 0.011547269, 0), (-0.005542689, 0.009237816, 0), (-0.005376816, 0.0069283615, 0), (-0.0043112, 0.004618908, 0), (-0.0024392596, 0.002309454, 0)]
                uniform token subdivisionScheme = "none"
                matrix4d xformOp:transform = ( (0.9972574602926975, -0.07401052553899984, 0, 0), (0.07219982251023865, 0.9728590778916004, 0.2198463103929542, 0), (-0.016270940969992622, -0.21924337315719755, 0.9755345200486782, 0), (-0.03799686331425179, 0.04520789062989048, 0.05965631435522046, 1) )
                uniform token[] xformOpOrder = ["xformOp:transform"]
            }

            def Cylinder "Petiolule_term" (
                prepend apiSchemas = ["PhysicsCollisionAPI"]
            )
            {
                uniform token axis = "Z"
                double height = 0.01
                rel material:binding = </Plant_1/Materials/Leaf>
                double radius = 0.0008315681400000001
                matrix4d xformOp:transform = ( (-0.6755902076156604, -0.737277336810124, 0, 0), (0.25216370040656594, -0.23106545963812644, 0.9396926207859084, 0), (-0.6928140728731603, 0.6348471327716558, 0.3420201433256687, 0), (-0.05682068685096193, 0.05206656669061833, 0.0663941432954997, 1) )
                uniform token[] xformOpOrder = ["xformOp:transform"]
            }

            def Mesh "Blade_4" (
                prepend apiSchemas = ["PhysicsCollisionAPI", "PhysicsMeshCollisionAPI"]
            )
            {
                int[] faceVertexCounts = [3, 3, 3, 3, 3, 3, 3, 3, 3, 3, 3, 3, 3, 3]
                int[] faceVertexIndices = [0, 1, 2, 0, 2, 3, 0, 3, 4, 0, 4, 5, 0, 5, 6, 0, 6, 7, 0, 7, 8, 0, 8, 9, 0, 9, 10, 0, 10, 11, 0, 11, 12, 0, 12, 13, 0, 13, 14, 0, 14, 15]
                rel material:binding = </Plant_1/Materials/Leaf>
                uniform token physics:approximation = "convexHull"
                point3f[] points = [(0, 0, 0), (0.0024392596, 0.0023094537, 0), (0.0043112, 0.0046189073, 0), (0.005376816, 0.006928361, 0), (0.005542689, 0.009237815, 0), (0.004864738, 0.011547268, 0), (0.0035273456, 0.013856722, 0), (0.001802931, 0.016166177, 0), (0, 0.01847563, 0), (-0.001802931, 0.016166177, 0), (-0.0035273456, 0.013856722, 0), (-0.004864738, 0.011547268, 0), (-0.005542689, 0.009237815, 0), (-0.005376816, 0.006928361, 0), (-0.0043112, 0.0046189073, 0), (-0.0024392596, 0.0023094537, 0)]
                uniform token subdivisionScheme = "none"
                matrix4d xformOp:transform = ( (0.6755902076156604, 0.737277336810124, -0, 0), (-0.6928140728731603, 0.6348471327716558, 0.3420201433256687, 0), (0.25216370040656594, -0.23106545963812644, 0.9396926207859084, 0), (-0.06028475721532773, 0.055240802354476606, 0.06810424401212804, 1) )
                uniform token[] xformOpOrder = ["xformOp:transform"]
            }
        }

        def Xform "Leaf_o1_r1_i2" (
            prepend apiSchemas = ["PhysicsRigidBodyAPI", "PhysicsMassAPI", "PhysicsFilteredPairsAPI"]
        )
        {
            prepend rel physics:filteredPairs = </Plant_1/Stem/Internode_o1_r1>
            float physics:mass = 0.05

            def Cylinder "Petiole" (
                prepend apiSchemas = ["PhysicsCollisionAPI"]
            )
            {
                uniform token axis = "Z"
                double height = 0.023668777
                rel material:binding = </Plant_1/Materials/Leaf>
                double radius = 0.00207892035
                matrix4d xformOp:transform = ( (-0.6755902076156604, -0.737277336810124, 0, 0), (0.25216370040656594, -0.23106545963812644, 0.9396926207859084, 0), (-0.6928140728731603, 0.6348471327716558, 0.3420201433256687, 0), (-0.00819903089664829, 0.007513027607330856, 0.04239118725094164, 1) )
                uniform token[] xformOpOrder = ["xformOp:transform"]
            }

            def Cylinder "Rachis" (
                prepend apiSchemas = ["PhysicsCollisionAPI"]
            )
            {
                uniform token axis = "Z"
                double height = 0.05334556
                rel material:binding = </Plant_1/Materials/Leaf>
                double radius = 0.00124735221
                matrix4d xformOp:transform = ( (-0.6755902076156604, -0.737277336810124, 0, 0), (0.25216370040656594, -0.23106545963812644, 0.9396926207859084, 0), (-0.6928140728731603, 0.6348471327716558, 0.3420201433256687, 0), (-0.03487733913994635, 0.03195919312071088, 0.055561414540377316, 1) )
                uniform token[] xformOpOrder = ["xformOp:transform"]
            }

            def Cylinder "Petiolule_0" (
                prepend apiSchemas = ["PhysicsCollisionAPI"]
            )
            {
                uniform token axis = "Z"
                double height = 0.01
                rel material:binding = </Plant_1/Materials/Leaf>
                double radius = 0.0008315681400000001
                matrix4d xformOp:transform = ( (0.16064560780738846, -0.9870121522515286, 0, 0), (0.21699097998550732, 0.035317344157287905, 0.9755345200486782, 0), (-0.9628644262289079, -0.1567153359103089, 0.2198463103929542, 0), (-0.02121238392444112, 0.014242478535110167, 0.04753801805384806, 1) )
                uniform token[] xformOpOrder = ["xformOp:transform"]
            }

            def Mesh "Blade_0" (
                prepend apiSchemas = ["PhysicsCollisionAPI", "PhysicsMeshCollisionAPI"]
            )
            {
                int[] faceVertexCounts = [3, 3, 3, 3, 3, 3, 3, 3, 3, 3, 3, 3, 3, 3]
                int[] faceVertexIndices = [0, 1, 2, 0, 2, 3, 0, 3, 4, 0, 4, 5, 0, 5, 6, 0, 6, 7, 0, 7, 8, 0, 8, 9, 0, 9, 10, 0, 10, 11, 0, 11, 12, 0, 12, 13, 0, 13, 14, 0, 14, 15]
                rel material:binding = </Plant_1/Materials/Leaf>
                uniform token physics:approximation = "convexHull"
                point3f[] points = [(0, 0, 0), (0.0024392596, 0.002309454, 0), (0.0043112, 0.004618908, 0), (0.005376816, 0.0069283615, 0), (0.005542689, 0.009237816, 0), (0.0048647383, 0.011547269, 0), (0.0035273458, 0.013856723, 0), (0.001802931, 0.016166177, 0), (0, 0.018475631, 0), (-0.001802931, 0.016166177, 0), (-0.0035273458, 0.013856723, 0), (-0.0048647383, 0.011547269, 0), (-0.005542689, 0.009237816, 0), (-0.005376816, 0.0069283615, 0), (-0.0043112, 0.004618908, 0), (-0.0024392596, 0.002309454, 0)]
                uniform token subdivisionScheme = "none"
                matrix4d xformOp:transform = ( (-0.16064560780738846, 0.9870121522515286, 0, 0), (-0.9628644262289079, -0.1567153359103089, 0.2198463103929542, 0), (0.21699097998550732, 0.035317344157287905, 0.9755345200486782, 0), (-0.026026706055585658, 0.013458901855558623, 0.04863724960581283, 1) )
                uniform token[] xformOpOrder = ["xformOp:transform"]
            }

            def Cylinder "Petiolule_1" (
                prepend apiSchemas = ["PhysicsCollisionAPI"]
            )
            {
                uniform token axis = "Z"
                double height = 0.01
                rel material:binding = </Plant_1/Materials/Leaf>
                double radius = 0.0008315681400000001
                matrix4d xformOp:transform = ( (-0.9972574602926975, 0.07401052553899984, 0, 0), (-0.016270940969992622, -0.21924337315719755, 0.9755345200486782, 0), (0.07219982251023865, 0.9728590778916004, 0.2198463103929542, 0), (-0.016037062680745385, 0.019890350604119714, 0.04753801805384806, 1) )
                uniform token[] xformOpOrder = ["xformOp:transform"]
            }

            def Mesh "Blade_1" (
                prepend apiSchemas = ["PhysicsCollisionAPI", "PhysicsMeshCollisionAPI"]
            )
            {
                int[] faceVertexCounts = [3, 3, 3, 3, 3, 3, 3, 3, 3, 3, 3, 3, 3, 3]
                int[] faceVertexIndices = [0, 1, 2, 0, 2, 3, 0, 3, 4, 0, 4, 5, 0, 5, 6, 0, 6, 7, 0, 7, 8, 0, 8, 9, 0, 9, 10, 0, 10, 11, 0, 11, 12, 0, 12, 13, 0, 13, 14, 0, 14, 15]
                rel material:binding = </Plant_1/Materials/Leaf>
                uniform token physics:approximation = "convexHull"
                point3f[] points = [(0, 0, 0), (0.0024392596, 0.002309454, 0), (0.0043112, 0.004618908, 0), (0.005376816, 0.0069283615, 0), (0.005542689, 0.009237816, 0), (0.0048647383, 0.011547269, 0), (0.0035273458, 0.013856723, 0), (0.001802931, 0.016166177, 0), (0, 0.018475631, 0), (-0.001802931, 0.016166177, 0), (-0.0035273458, 0.013856723, 0), (-0.0048647383, 0.011547269, 0), (-0.005542689, 0.009237816, 0), (-0.005376816, 0.0069283615, 0), (-0.0043112, 0.004618908, 0), (-0.0024392596, 0.002309454, 0)]
                uniform token subdivisionScheme = "none"
                matrix4d xformOp:transform = ( (0.9972574602926975, -0.07401052553899984, 0, 0), (0.07219982251023865, 0.9728590778916004, 0.2198463103929542, 0), (-0.016270940969992622, -0.21924337315719755, 0.9755345200486782, 0), (-0.015676063568194194, 0.02475464599357772, 0.04863724960581283, 1) )
                uniform token[] xformOpOrder = ["xformOp:transform"]
            }

            def Cylinder "Petiolule_2" (
                prepend apiSchemas = ["PhysicsCollisionAPI"]
            )
            {
                uniform token axis = "Z"
                double height = 0.01
                rel material:binding = </Plant_1/Materials/Leaf>
                double radius = 0.0008315681400000001
                matrix4d xformOp:transform = ( (0.16064560780738846, -0.9870121522515286, 0, 0), (0.21699097998550732, 0.035317344157287905, 0.9755345200486782, 0), (-0.9628644262289079, -0.1567153359103089, 0.2198463103929542, 0), (-0.04353318367049872, 0.034695723171422936, 0.05855708280325569, 1) )
                uniform token[] xformOpOrder = ["xformOp:transform"]
            }

            def Mesh "Blade_2" (
                prepend apiSchemas = ["PhysicsCollisionAPI", "PhysicsMeshCollisionAPI"]
            )
            {
                int[] faceVertexCounts = [3, 3, 3, 3, 3, 3, 3, 3, 3, 3, 3, 3, 3, 3]
                int[] faceVertexIndices = [0, 1, 2, 0, 2, 3, 0, 3, 4, 0, 4, 5, 0, 5, 6, 0, 6, 7, 0, 7, 8, 0, 8, 9, 0, 9, 10, 0, 10, 11, 0, 11, 12, 0, 12, 13, 0, 13, 14, 0, 14, 15]
                rel material:binding = </Plant_1/Materials/Leaf>
                uniform token physics:approximation = "convexHull"
                point3f[] points = [(0, 0, 0), (0.0024392596, 0.002309454, 0), (0.0043112, 0.004618908, 0), (0.005376816, 0.0069283615, 0), (0.005542689, 0.009237816, 0), (0.0048647383, 0.011547269, 0), (0.0035273458, 0.013856723, 0), (0.001802931, 0.016166177, 0), (0, 0.018475631, 0), (-0.001802931, 0.016166177, 0), (-0.0035273458, 0.013856723, 0), (-0.0048647383, 0.011547269, 0), (-0.005542689, 0.009237816, 0), (-0.005376816, 0.0069283615, 0), (-0.0043112, 0.004618908, 0), (-0.0024392596, 0.002309454, 0)]
                uniform token subdivisionScheme = "none"
                matrix4d xformOp:transform = ( (-0.16064560780738846, 0.9870121522515286, 0, 0), (-0.9628644262289079, -0.1567153359103089, 0.2198463103929542, 0), (0.21699097998550732, 0.035317344157287905, 0.9755345200486782, 0), (-0.04834750580164326, 0.03391214649187139, 0.05965631435522046, 1) )
                uniform token[] xformOpOrder = ["xformOp:transform"]
            }

            def Cylinder "Petiolule_3" (
                prepend apiSchemas = ["PhysicsCollisionAPI"]
            )
            {
                uniform token axis = "Z"
                double height = 0.01
                rel material:binding = </Plant_1/Materials/Leaf>
                double radius = 0.0008315681400000001
                matrix4d xformOp:transform = ( (-0.9972574602926975, 0.07401052553899984, 0, 0), (-0.016270940969992622, -0.21924337315719755, 0.9755345200486782, 0), (0.07219982251023865, 0.9728590778916004, 0.2198463103929542, 0), (-0.03835786242680299, 0.04034359524043248, 0.05855708280325569, 1) )
                uniform token[] xformOpOrder = ["xformOp:transform"]
            }

            def Mesh "Blade_3" (
                prepend apiSchemas = ["PhysicsCollisionAPI", "PhysicsMeshCollisionAPI"]
            )
            {
                int[] faceVertexCounts = [3, 3, 3, 3, 3, 3, 3, 3, 3, 3, 3, 3, 3, 3]
                int[] faceVertexIndices = [0, 1, 2, 0, 2, 3, 0, 3, 4, 0, 4, 5, 0, 5, 6, 0, 6, 7, 0, 7, 8, 0, 8, 9, 0, 9, 10, 0, 10, 11, 0, 11, 12, 0, 12, 13, 0, 13, 14, 0, 14, 15]
                rel material:binding = </Plant_1/Materials/Leaf>
                uniform token physics:approximation = "convexHull"
                point3f[] points = [(0, 0, 0), (0.0024392596, 0.002309454, 0), (0.0043112, 0.004618908, 0), (0.005376816, 0.0069283615, 0), (0.005542689, 0.009237816, 0), (0.0048647383, 0.011547269, 0), (0.0035273458, 0.013856723, 0), (0.001802931, 0.016166177, 0), (0, 0.018475631, 0), (-0.001802931, 0.016166177, 0), (-0.0035273458, 0.013856723, 0), (-0.0048647383, 0.011547269, 0), (-0.005542689, 0.009237816, 0), (-0.005376816, 0.0069283615, 0), (-0.0043112, 0.004618908, 0), (-0.0024392596, 0.002309454, 0)]
                uniform token subdivisionScheme = "none"
                matrix4d xformOp:transform = ( (0.9972574602926975, -0.07401052553899984, 0, 0), (0.07219982251023865, 0.9728590778916004, 0.2198463103929542, 0), (-0.016270940969992622, -0.21924337315719755, 0.9755345200486782, 0), (-0.03799686331425179, 0.04520789062989048, 0.05965631435522046, 1) )
                uniform token[] xformOpOrder = ["xformOp:transform"]
            }

            def Cylinder "Petiolule_term" (
                prepend apiSchemas = ["PhysicsCollisionAPI"]
            )
            {
                uniform token axis = "Z"
                double height = 0.01
                rel material:binding = </Plant_1/Materials/Leaf>
                double radius = 0.0008315681400000001
                matrix4d xformOp:transform = ( (-0.6755902076156604, -0.737277336810124, 0, 0), (0.25216370040656594, -0.23106545963812644, 0.9396926207859084, 0), (-0.6928140728731603, 0.6348471327716558, 0.3420201433256687, 0), (-0.05682068685096193, 0.05206656669061833, 0.0663941432954997, 1) )
                uniform token[] xformOpOrder = ["xformOp:transform"]
            }

            def Mesh "Blade_4" (
                prepend apiSchemas = ["PhysicsCollisionAPI", "PhysicsMeshCollisionAPI"]
            )
            {
                int[] faceVertexCounts = [3, 3, 3, 3, 3, 3, 3, 3, 3, 3, 3, 3, 3, 3]
                int[] faceVertexIndices = [0, 1, 2, 0, 2, 3, 0, 3, 4, 0, 4, 5, 0, 5, 6, 0, 6, 7, 0, 7, 8, 0, 8, 9, 0, 9, 10, 0, 10, 11, 0, 11, 12, 0, 12, 13, 0, 13, 14, 0, 14, 15]
                rel material:binding = </Plant_1/Materials/Leaf>
                uniform token physics:approximation = "convexHull"
                point3f[] points = [(0, 0, 0), (0.0024392596, 0.0023094537, 0), (0.0043112, 0.0046189073, 0), (0.005376816, 0.006928361, 0), (0.005542689, 0.009237815, 0), (0.004864738, 0.011547268, 0), (0.0035273456, 0.013856722, 0), (0.001802931, 0.016166177, 0), (0, 0.01847563, 0), (-0.001802931, 0.016166177, 0), (-0.0035273456, 0.013856722, 0), (-0.004864738, 0.011547268, 0), (-0.005542689, 0.009237815, 0), (-0.005376816, 0.006928361, 0), (-0.0043112, 0.0046189073, 0), (-0.0024392596, 0.0023094537, 0)]
                uniform token subdivisionScheme = "none"
                matrix4d xformOp:transform = ( (0.6755902076156604, 0.737277336810124, -0, 0), (-0.6928140728731603, 0.6348471327716558, 0.3420201433256687, 0), (0.25216370040656594, -0.23106545963812644, 0.9396926207859084, 0), (-0.06028475721532773, 0.055240802354476606, 0.06810424401212804, 1) )
                uniform token[] xformOpOrder = ["xformOp:transform"]
            }
        }

        def Xform "Leaf_o1_r1_i3" (
            prepend apiSchemas = ["PhysicsRigidBodyAPI", "PhysicsMassAPI", "PhysicsFilteredPairsAPI"]
        )
        {
            prepend rel physics:filteredPairs = </Plant_1/Stem/Internode_o1_r1>
            float physics:mass = 0.05

            def Cylinder "Petiole" (
                prepend apiSchemas = ["PhysicsCollisionAPI"]
            )
            {
                uniform token axis = "Z"
                double height = 0.023668777
                rel material:binding = </Plant_1/Materials/Leaf>
                double radius = 0.00207892035
                matrix4d xformOp:transform = ( (-0.6755902076156604, -0.737277336810124, 0, 0), (0.25216370040656594, -0.23106545963812644, 0.9396926207859084, 0), (-0.6928140728731603, 0.6348471327716558, 0.3420201433256687, 0), (-0.00819903089664829, 0.007513027607330856, 0.04239118725094164, 1) )
                uniform token[] xformOpOrder = ["xformOp:transform"]
            }

            def Cylinder "Rachis" (
                prepend apiSchemas = ["PhysicsCollisionAPI"]
            )
            {
                uniform token axis = "Z"
                double height = 0.05334556
                rel material:binding = </Plant_1/Materials/Leaf>
                double radius = 0.00124735221
                matrix4d xformOp:transform = ( (-0.6755902076156604, -0.737277336810124, 0, 0), (0.25216370040656594, -0.23106545963812644, 0.9396926207859084, 0), (-0.6928140728731603, 0.6348471327716558, 0.3420201433256687, 0), (-0.03487733913994635, 0.03195919312071088, 0.055561414540377316, 1) )
                uniform token[] xformOpOrder = ["xformOp:transform"]
            }

            def Cylinder "Petiolule_0" (
                prepend apiSchemas = ["PhysicsCollisionAPI"]
            )
            {
                uniform token axis = "Z"
                double height = 0.01
                rel material:binding = </Plant_1/Materials/Leaf>
                double radius = 0.0008315681400000001
                matrix4d xformOp:transform = ( (0.16064560780738846, -0.9870121522515286, 0, 0), (0.21699097998550732, 0.035317344157287905, 0.9755345200486782, 0), (-0.9628644262289079, -0.1567153359103089, 0.2198463103929542, 0), (-0.02121238392444112, 0.014242478535110167, 0.04753801805384806, 1) )
                uniform token[] xformOpOrder = ["xformOp:transform"]
            }

            def Mesh "Blade_0" (
                prepend apiSchemas = ["PhysicsCollisionAPI", "PhysicsMeshCollisionAPI"]
            )
            {
                int[] faceVertexCounts = [3, 3, 3, 3, 3, 3, 3, 3, 3, 3, 3, 3, 3, 3]
                int[] faceVertexIndices = [0, 1, 2, 0, 2, 3, 0, 3, 4, 0, 4, 5, 0, 5, 6, 0, 6, 7, 0, 7, 8, 0, 8, 9, 0, 9, 10, 0, 10, 11, 0, 11, 12, 0, 12, 13, 0, 13, 14, 0, 14, 15]
                rel material:binding = </Plant_1/Materials/Leaf>
                uniform token physics:approximation = "convexHull"
                point3f[] points = [(0, 0, 0), (0.0024392596, 0.002309454, 0), (0.0043112, 0.004618908, 0), (0.005376816, 0.0069283615, 0), (0.005542689, 0.009237816, 0), (0.0048647383, 0.011547269, 0), (0.0035273458, 0.013856723, 0), (0.001802931, 0.016166177, 0), (0, 0.018475631, 0), (-0.001802931, 0.016166177, 0), (-0.0035273458, 0.013856723, 0), (-0.0048647383, 0.011547269, 0), (-0.005542689, 0.009237816, 0), (-0.005376816, 0.0069283615, 0), (-0.0043112, 0.004618908, 0), (-0.0024392596, 0.002309454, 0)]
                uniform token subdivisionScheme = "none"
                matrix4d xformOp:transform = ( (-0.16064560780738846, 0.9870121522515286, 0, 0), (-0.9628644262289079, -0.1567153359103089, 0.2198463103929542, 0), (0.21699097998550732, 0.035317344157287905, 0.9755345200486782, 0), (-0.026026706055585658, 0.013458901855558623, 0.04863724960581283, 1) )
                uniform token[] xformOpOrder = ["xformOp:transform"]
            }

            def Cylinder "Petiolule_1" (
                prepend apiSchemas = ["PhysicsCollisionAPI"]
            )
            {
                uniform token axis = "Z"
                double height = 0.01
                rel material:binding = </Plant_1/Materials/Leaf>
                double radius = 0.0008315681400000001
                matrix4d xformOp:transform = ( (-0.9972574602926975, 0.07401052553899984, 0, 0), (-0.016270940969992622, -0.21924337315719755, 0.9755345200486782, 0), (0.07219982251023865, 0.9728590778916004, 0.2198463103929542, 0), (-0.016037062680745385, 0.019890350604119714, 0.04753801805384806, 1) )
                uniform token[] xformOpOrder = ["xformOp:transform"]
            }

            def Mesh "Blade_1" (
                prepend apiSchemas = ["PhysicsCollisionAPI", "PhysicsMeshCollisionAPI"]
            )
            {
                int[] faceVertexCounts = [3, 3, 3, 3, 3, 3, 3, 3, 3, 3, 3, 3, 3, 3]
                int[] faceVertexIndices = [0, 1, 2, 0, 2, 3, 0, 3, 4, 0, 4, 5, 0, 5, 6, 0, 6, 7, 0, 7, 8, 0, 8, 9, 0, 9, 10, 0, 10, 11, 0, 11, 12, 0, 12, 13, 0, 13, 14, 0, 14, 15]
                rel material:binding = </Plant_1/Materials/Leaf>
                uniform token physics:approximation = "convexHull"
                point3f[] points = [(0, 0, 0), (0.0024392596, 0.002309454, 0), (0.0043112, 0.004618908, 0), (0.005376816, 0.0069283615, 0), (0.005542689, 0.009237816, 0), (0.0048647383, 0.011547269, 0), (0.0035273458, 0.013856723, 0), (0.001802931, 0.016166177, 0), (0, 0.018475631, 0), (-0.001802931, 0.016166177, 0), (-0.0035273458, 0.013856723, 0), (-0.0048647383, 0.011547269, 0), (-0.005542689, 0.009237816, 0), (-0.005376816, 0.0069283615, 0), (-0.0043112, 0.004618908, 0), (-0.0024392596, 0.002309454, 0)]
                uniform token subdivisionScheme = "none"
                matrix4d xformOp:transform = ( (0.9972574602926975, -0.07401052553899984, 0, 0), (0.07219982251023865, 0.9728590778916004, 0.2198463103929542, 0), (-0.016270940969992622, -0.21924337315719755, 0.9755345200486782, 0), (-0.015676063568194194, 0.02475464599357772, 0.04863724960581283, 1) )
                uniform token[] xformOpOrder = ["xformOp:transform"]
            }

            def Cylinder "Petiolule_2" (
                prepend apiSchemas = ["PhysicsCollisionAPI"]
            )
            {
                uniform token axis = "Z"
                double height = 0.01
                rel material:binding = </Plant_1/Materials/Leaf>
                double radius = 0.0008315681400000001
                matrix4d xformOp:transform = ( (0.16064560780738846, -0.9870121522515286, 0, 0), (0.21699097998550732, 0.035317344157287905, 0.9755345200486782, 0), (-0.9628644262289079, -0.1567153359103089, 0.2198463103929542, 0), (-0.04353318367049872, 0.034695723171422936, 0.05855708280325569, 1) )
                uniform token[] xformOpOrder = ["xformOp:transform"]
            }

            def Mesh "Blade_2" (
                prepend apiSchemas = ["PhysicsCollisionAPI", "PhysicsMeshCollisionAPI"]
            )
            {
                int[] faceVertexCounts = [3, 3, 3, 3, 3, 3, 3, 3, 3, 3, 3, 3, 3, 3]
                int[] faceVertexIndices = [0, 1, 2, 0, 2, 3, 0, 3, 4, 0, 4, 5, 0, 5, 6, 0, 6, 7, 0, 7, 8, 0, 8, 9, 0, 9, 10, 0, 10, 11, 0, 11, 12, 0, 12, 13, 0, 13, 14, 0, 14, 15]
                rel material:binding = </Plant_1/Materials/Leaf>
                uniform token physics:approximation = "convexHull"
                point3f[] points = [(0, 0, 0), (0.0024392596, 0.002309454, 0), (0.0043112, 0.004618908, 0), (0.005376816, 0.0069283615, 0), (0.005542689, 0.009237816, 0), (0.0048647383, 0.011547269, 0), (0.0035273458, 0.013856723, 0), (0.001802931, 0.016166177, 0), (0, 0.018475631, 0), (-0.001802931, 0.016166177, 0), (-0.0035273458, 0.013856723, 0), (-0.0048647383, 0.011547269, 0), (-0.005542689, 0.009237816, 0), (-0.005376816, 0.0069283615, 0), (-0.0043112, 0.004618908, 0), (-0.0024392596, 0.002309454, 0)]
                uniform token subdivisionScheme = "none"
                matrix4d xformOp:transform = ( (-0.16064560780738846, 0.9870121522515286, 0, 0), (-0.9628644262289079, -0.1567153359103089, 0.2198463103929542, 0), (0.21699097998550732, 0.035317344157287905, 0.9755345200486782, 0), (-0.04834750580164326, 0.03391214649187139, 0.05965631435522046, 1) )
                uniform token[] xformOpOrder = ["xformOp:transform"]
            }

            def Cylinder "Petiolule_3" (
                prepend apiSchemas = ["PhysicsCollisionAPI"]
            )
            {
                uniform token axis = "Z"
                double height = 0.01
                rel material:binding = </Plant_1/Materials/Leaf>
                double radius = 0.0008315681400000001
                matrix4d xformOp:transform = ( (-0.9972574602926975, 0.07401052553899984, 0, 0), (-0.016270940969992622, -0.21924337315719755, 0.9755345200486782, 0), (0.07219982251023865, 0.9728590778916004, 0.2198463103929542, 0), (-0.03835786242680299, 0.04034359524043248, 0.05855708280325569, 1) )
                uniform token[] xformOpOrder = ["xformOp:transform"]
            }

            def Mesh "Blade_3" (
                prepend apiSchemas = ["PhysicsCollisionAPI", "PhysicsMeshCollisionAPI"]
            )
            {
                int[] faceVertexCounts = [3, 3, 3, 3, 3, 3, 3, 3, 3, 3, 3, 3, 3, 3]
                int[] faceVertexIndices = [0, 1, 2, 0, 2, 3, 0, 3, 4, 0, 4, 5, 0, 5, 6, 0, 6, 7, 0, 7, 8, 0, 8, 9, 0, 9, 10, 0, 10, 11, 0, 11, 12, 0, 12, 13, 0, 13, 14, 0, 14, 15]
                rel material:binding = </Plant_1/Materials/Leaf>
                uniform token physics:approximation = "convexHull"
                point3f[] points = [(0, 0, 0), (0.0024392596, 0.002309454, 0), (0.0043112, 0.004618908, 0), (0.005376816, 0.0069283615, 0), (0.005542689, 0.009237816, 0), (0.0048647383, 0.011547269, 0), (0.0035273458, 0.013856723, 0), (0.001802931, 0.016166177, 0), (0, 0.018475631, 0), (-0.001802931, 0.016166177, 0), (-0.0035273458, 0.013856723, 0), (-0.0048647383, 0.011547269, 0), (-0.005542689, 0.009237816, 0), (-0.005376816, 0.0069283615, 0), (-0.0043112, 0.004618908, 0), (-0.0024392596, 0.002309454, 0)]
                uniform token subdivisionScheme = "none"
                matrix4d xformOp:transform = ( (0.9972574602926975, -0.07401052553899984, 0, 0), (0.07219982251023865, 0.9728590778916004, 0.2198463103929542, 0), (-0.016270940969992622, -0.21924337315719755, 0.9755345200486782, 0), (-0.03799686331425179, 0.04520789062989048, 0.05965631435522046, 1) )
                uniform token[] xformOpOrder = ["xformOp:transform"]
            }

            def Cylinder "Petiolule_term" (
                prepend apiSchemas = ["PhysicsCollisionAPI"]
            )
            {
                uniform token axis = "Z"
                double height = 0.01
                rel material:binding = </Plant_1/Materials/Leaf>
                double radius = 0.0008315681400000001
                matrix4d xformOp:transform = ( (-0.6755902076156604, -0.737277336810124, 0, 0), (0.25216370040656594, -0.23106545963812644, 0.9396926207859084, 0), (-0.6928140728731603, 0.6348471327716558, 0.3420201433256687, 0), (-0.05682068685096193, 0.05206656669061833, 0.0663941432954997, 1) )
                uniform token[] xformOpOrder = ["xformOp:transform"]
            }

            def Mesh "Blade_4" (
                prepend apiSchemas = ["PhysicsCollisionAPI", "PhysicsMeshCollisionAPI"]
            )
            {
                int[] faceVertexCounts = [3, 3, 3, 3, 3, 3, 3, 3, 3, 3, 3, 3, 3, 3]
                int[] faceVertexIndices = [0, 1, 2, 0, 2, 3, 0, 3, 4, 0, 4, 5, 0, 5, 6, 0, 6, 7, 0, 7, 8, 0, 8, 9, 0, 9, 10, 0, 10, 11, 0, 11, 12, 0, 12, 13, 0, 13, 14, 0, 14, 15]
                rel material:binding = </Plant_1/Materials/Leaf>
                uniform token physics:approximation = "convexHull"
                point3f[] points = [(0, 0, 0), (0.0024392596, 0.0023094537, 0), (0.0043112, 0.0046189073, 0), (0.005376816, 0.006928361, 0), (0.005542689, 0.009237815, 0), (0.004864738, 0.011547268, 0), (0.0035273456, 0.013856722, 0), (0.001802931, 0.016166177, 0), (0, 0.01847563, 0), (-0.001802931, 0.016166177, 0), (-0.0035273456, 0.013856722, 0), (-0.004864738, 0.011547268, 0), (-0.005542689, 0.009237815, 0), (-0.005376816, 0.006928361, 0), (-0.0043112, 0.0046189073, 0), (-0.0024392596, 0.0023094537, 0)]
                uniform token subdivisionScheme = "none"
                matrix4d xformOp:transform = ( (0.6755902076156604, 0.737277336810124, -0, 0), (-0.6928140728731603, 0.6348471327716558, 0.3420201433256687, 0), (0.25216370040656594, -0.23106545963812644, 0.9396926207859084, 0), (-0.06028475721532773, 0.055240802354476606, 0.06810424401212804, 1) )
                uniform token[] xformOpOrder = ["xformOp:transform"]
            }
        }

        def Xform "Leaf_o0_r6_i0" (
            prepend apiSchemas = ["PhysicsRigidBodyAPI", "PhysicsMassAPI", "PhysicsFilteredPairsAPI"]
        )
        {
            prepend rel physics:filteredPairs = </Plant_1/Stem/Internode_o0_r6>
            float physics:mass = 0.05

            def Cylinder "Petiole" (
                prepend apiSchemas = ["PhysicsCollisionAPI"]
            )
            {
                uniform token axis = "Z"
                double height = 0.03231821
                rel material:binding = </Plant_1/Materials/Leaf>
                double radius = 0.0026700299
                matrix4d xformOp:transform = ( (-0.9659258262890683, -0.25881904510252085, 0, 0), (0.0885213269013769, -0.33036608954935215, 0.9396926207859085, 0), (-0.24321034680169407, 0.9076733711903687, 0.3420201433256687, 0), (-0.0039300615310549885, 0.014667189310769144, 0.12884422440811452, 1) )
                uniform token[] xformOpOrder = ["xformOp:transform"]
            }

            def Cylinder "Rachis" (
                prepend apiSchemas = ["PhysicsCollisionAPI"]
            )
            {
                uniform token axis = "Z"
                double height = 0.12963967
                rel material:binding = </Plant_1/Materials/Leaf>
                double radius = 0.0016020179399999998
                matrix4d xformOp:transform = ( (-0.9659258262890683, -0.25881904510252085, 0, 0), (0.0885213269013769, -0.33036608954935215, 0.9396926207859085, 0), (-0.24321034680169407, 0.9076733711903687, 0.3420201433256687, 0), (-0.023624977612088566, 0.08816961677599175, 0.15654065307327525, 1) )
                uniform token[] xformOpOrder = ["xformOp:transform"]
            }

            def Cylinder "Petiolule_0" (
                prepend apiSchemas = ["PhysicsCollisionAPI"]
            )
            {
                uniform token axis = "Z"
                double height = 0.01
                rel material:binding = </Plant_1/Materials/Leaf>
                double radius = 0.00106801196
                matrix4d xformOp:transform = ( (-0.3948341114061387, -0.9187524282798522, 0, 0), (0.20198433152189277, -0.08680282260992023, 0.9755345200486782, 0), (-0.8962747091655432, 0.38517430536943387, 0.2198463103929542, 0), (-0.012341496607937694, 0.03126025014838546, 0.1354701953681938, 1) )
                uniform token[] xformOpOrder = ["xformOp:transform"]
            }

            def Mesh "Blade_0" (
                prepend apiSchemas = ["PhysicsCollisionAPI", "PhysicsMeshCollisionAPI"]
            )
            {
                int[] faceVertexCounts = [3, 3, 3, 3, 3, 3, 3, 3, 3, 3, 3, 3, 3, 3]
                int[] faceVertexIndices = [0, 1, 2, 0, 2, 3, 0, 3, 4, 0, 4, 5, 0, 5, 6, 0, 6, 7, 0, 7, 8, 0, 8, 9, 0, 9, 10, 0, 10, 11, 0, 11, 12, 0, 12, 13, 0, 13, 14, 0, 14, 15]
                rel material:binding = </Plant_1/Materials/Leaf>
                uniform token physics:approximation = "convexHull"
                point3f[] points = [(0, 0, 0), (0.0050152102, 0.0047483244, 0), (0.008863991, 0.009496649, 0), (0.011054937, 0.014244974, 0), (0.011395979, 0.018993298, 0), (0.010002086, 0.023741623, 0), (0.0072523565, 0.028489947, 0), (0.0037068946, 0.033238273, 0), (0, 0.037986595, 0), (-0.0037068946, 0.033238273, 0), (-0.0072523565, 0.028489947, 0), (-0.010002086, 0.023741623, 0), (-0.011395979, 0.018993298, 0), (-0.011054937, 0.014244974, 0), (-0.008863991, 0.009496649, 0), (-0.0050152102, 0.0047483244, 0)]
                uniform token subdivisionScheme = "none"
                matrix4d xformOp:transform = ( (0.3948341114061387, 0.9187524282798522, -0, 0), (-0.8962747091655432, 0.38517430536943387, 0.2198463103929542, 0), (0.20198433152189277, -0.08680282260992023, 0.9755345200486782, 0), (-0.016822870153765407, 0.033186121675232626, 0.13656942692015858, 1) )
                uniform token[] xformOpOrder = ["xformOp:transform"]
            }

            def Cylinder "Petiolule_1" (
                prepend apiSchemas = ["PhysicsCollisionAPI"]
            )
            {
                uniform token axis = "Z"
                double height = 0.01
                rel material:binding = </Plant_1/Materials/Leaf>
                double radius = 0.00106801196
                matrix4d xformOp:transform = ( (-0.8013125848982975, 0.5982458869759231, 0, 0), (-0.13152215095941697, -0.17616561526133157, 0.9755345200486782, 0), (0.5836095142221529, 0.7817080879177263, 0.2198463103929542, 0), (-0.004942075490999212, 0.03324291906112692, 0.1354701953681938, 1) )
                uniform token[] xformOpOrder = ["xformOp:transform"]
            }

            def Mesh "Blade_1" (
                prepend apiSchemas = ["PhysicsCollisionAPI", "PhysicsMeshCollisionAPI"]
            )
            {
                int[] faceVertexCounts = [3, 3, 3, 3, 3, 3, 3, 3, 3, 3, 3, 3, 3, 3]
                int[] faceVertexIndices = [0, 1, 2, 0, 2, 3, 0, 3, 4, 0, 4, 5, 0, 5, 6, 0, 6, 7, 0, 7, 8, 0, 8, 9, 0, 9, 10, 0, 10, 11, 0, 11, 12, 0, 12, 13, 0, 13, 14, 0, 14, 15]
                rel material:binding = </Plant_1/Materials/Leaf>
                uniform token physics:approximation = "convexHull"
                point3f[] points = [(0, 0, 0), (0.0050152102, 0.0047483244, 0), (0.008863991, 0.009496649, 0), (0.011054937, 0.014244974, 0), (0.011395979, 0.018993298, 0), (0.010002086, 0.023741623, 0), (0.0072523565, 0.028489947, 0), (0.0037068946, 0.033238273, 0), (0, 0.037986595, 0), (-0.0037068946, 0.033238273, 0), (-0.0072523565, 0.028489947, 0), (-0.010002086, 0.023741623, 0), (-0.011395979, 0.018993298, 0), (-0.011054937, 0.014244974, 0), (-0.008863991, 0.009496649, 0), (-0.0050152102, 0.0047483244, 0)]
                uniform token subdivisionScheme = "none"
                matrix4d xformOp:transform = ( (0.8013125848982975, -0.5982458869759231, 0, 0), (0.5836095142221529, 0.7817080879177263, 0.2198463103929542, 0), (-0.13152215095941697, -0.17616561526133157, 0.9755345200486782, 0), (-0.002024027919888448, 0.03715145950071555, 0.13656942692015858, 1) )
                uniform token[] xformOpOrder = ["xformOp:transform"]
            }

            def Cylinder "Petiolule_2" (
                prepend apiSchemas = ["PhysicsCollisionAPI"]
            )
            {
                uniform token axis = "Z"
                double height = 0.01
                rel material:binding = </Plant_1/Materials/Leaf>
                double radius = 0.00106801196
                matrix4d xformOp:transform = ( (-0.3948341114061387, -0.9187524282798522, 0, 0), (0.20198433152189277, -0.08680282260992023, 0.9755345200486782, 0), (-0.8962747091655432, 0.38517430536943387, 0.2198463103929542, 0), (-0.02314533069518278, 0.07158070787852865, 0.1506633355103737, 1) )
                uniform token[] xformOpOrder = ["xformOp:transform"]
            }

            def Mesh "Blade_2" (
                prepend apiSchemas = ["PhysicsCollisionAPI", "PhysicsMeshCollisionAPI"]
            )
            {
                int[] faceVertexCounts = [3, 3, 3, 3, 3, 3, 3, 3, 3, 3, 3, 3, 3, 3]
                int[] faceVertexIndices = [0, 1, 2, 0, 2, 3, 0, 3, 4, 0, 4, 5, 0, 5, 6, 0, 6, 7, 0, 7, 8, 0, 8, 9, 0, 9, 10, 0, 10, 11, 0, 11, 12, 0, 12, 13, 0, 13, 14, 0, 14, 15]
                rel material:binding = </Plant_1/Materials/Leaf>
                uniform token physics:approximation = "convexHull"
                point3f[] points = [(0, 0, 0), (0.0050152102, 0.0047483244, 0), (0.008863991, 0.009496649, 0), (0.011054937, 0.014244974, 0), (0.011395979, 0.018993298, 0), (0.010002086, 0.023741623, 0), (0.0072523565, 0.028489947, 0), (0.0037068946, 0.033238273, 0), (0, 0.037986595, 0), (-0.0037068946, 0.033238273, 0), (-0.0072523565, 0.028489947, 0), (-0.010002086, 0.023741623, 0), (-0.011395979, 0.018993298, 0), (-0.011054937, 0.014244974, 0), (-0.008863991, 0.009496649, 0), (-0.0050152102, 0.0047483244, 0)]
                uniform token subdivisionScheme = "none"
                matrix4d xformOp:transform = ( (0.3948341114061387, 0.9187524282798522, -0, 0), (-0.8962747091655432, 0.38517430536943387, 0.2198463103929542, 0), (0.20198433152189277, -0.08680282260992023, 0.9755345200486782, 0), (-0.027626704241010498, 0.07350657940537582, 0.15176256706233848, 1) )
                uniform token[] xformOpOrder = ["xformOp:transform"]
            }

            def Cylinder "Petiolule_3" (
                prepend apiSchemas = ["PhysicsCollisionAPI"]
            )
            {
                uniform token axis = "Z"
                double height = 0.01
                rel material:binding = </Plant_1/Materials/Leaf>
                double radius = 0.00106801196
                matrix4d xformOp:transform = ( (-0.8013125848982975, 0.5982458869759231, 0, 0), (-0.13152215095941697, -0.17616561526133157, 0.9755345200486782, 0), (0.5836095142221529, 0.7817080879177263, 0.2198463103929542, 0), (-0.015745909578244302, 0.0735633767912701, 0.1506633355103737, 1) )
                uniform token[] xformOpOrder = ["xformOp:transform"]
            }

            def Mesh "Blade_3" (
                prepend apiSchemas = ["PhysicsCollisionAPI", "PhysicsMeshCollisionAPI"]
            )
            {
                int[] faceVertexCounts = [3, 3, 3, 3, 3, 3, 3, 3, 3, 3, 3, 3, 3, 3]
                int[] faceVertexIndices = [0, 1, 2, 0, 2, 3, 0, 3, 4, 0, 4, 5, 0, 5, 6, 0, 6, 7, 0, 7, 8, 0, 8, 9, 0, 9, 10, 0, 10, 11, 0, 11, 12, 0, 12, 13, 0, 13, 14, 0, 14, 15]
                rel material:binding = </Plant_1/Materials/Leaf>
                uniform token physics:approximation = "convexHull"
                point3f[] points = [(0, 0, 0), (0.0050152102, 0.0047483244, 0), (0.008863991, 0.009496649, 0), (0.011054937, 0.014244974, 0), (0.011395979, 0.018993298, 0), (0.010002086, 0.023741623, 0), (0.0072523565, 0.028489947, 0), (0.0037068946, 0.033238273, 0), (0, 0.037986595, 0), (-0.0037068946, 0.033238273, 0), (-0.0072523565, 0.028489947, 0), (-0.010002086, 0.023741623, 0), (-0.011395979, 0.018993298, 0), (-0.011054937, 0.014244974, 0), (-0.008863991, 0.009496649, 0), (-0.0050152102, 0.0047483244, 0)]
                uniform token subdivisionScheme = "none"
                matrix4d xformOp:transform = ( (0.8013125848982975, -0.5982458869759231, 0, 0), (0.5836095142221529, 0.7817080879177263, 0.2198463103929542, 0), (-0.13152215095941697, -0.17616561526133157, 0.9755345200486782, 0), (-0.012827862007133536, 0.07747191723085874, 0.15176256706233848, 1) )
                uniform token[] xformOpOrder = ["xformOp:transform"]
            }

            def Cylinder "Petiolule_4" (
                prepend apiSchemas = ["PhysicsCollisionAPI"]
            )
            {
                uniform token axis = "Z"
                double height = 0.01
                rel material:binding = </Plant_1/Materials/Leaf>
                double radius = 0.00106801196
                matrix4d xformOp:transform = ( (-0.3948341114061387, -0.9187524282798522, 0, 0), (0.20198433152189277, -0.08680282260992023, 0.9755345200486782, 0), (-0.8962747091655432, 0.38517430536943387, 0.2198463103929542, 0), (-0.03394916478242787, 0.11190116560867183, 0.16585647565255357, 1) )
                uniform token[] xformOpOrder = ["xformOp:transform"]
            }

            def Mesh "Blade_4" (
                prepend apiSchemas = ["PhysicsCollisionAPI", "PhysicsMeshCollisionAPI"]
            )
            {
                int[] faceVertexCounts = [3, 3, 3, 3, 3, 3, 3, 3, 3, 3, 3, 3, 3, 3]
                int[] faceVertexIndices = [0, 1, 2, 0, 2, 3, 0, 3, 4, 0, 4, 5, 0, 5, 6, 0, 6, 7, 0, 7, 8, 0, 8, 9, 0, 9, 10, 0, 10, 11, 0, 11, 12, 0, 12, 13, 0, 13, 14, 0, 14, 15]
                rel material:binding = </Plant_1/Materials/Leaf>
                uniform token physics:approximation = "convexHull"
                point3f[] points = [(0, 0, 0), (0.0050152102, 0.0047483244, 0), (0.008863991, 0.009496649, 0), (0.011054937, 0.014244974, 0), (0.011395979, 0.018993298, 0), (0.010002086, 0.023741623, 0), (0.0072523565, 0.028489947, 0), (0.0037068946, 0.033238273, 0), (0, 0.037986595, 0), (-0.0037068946, 0.033238273, 0), (-0.0072523565, 0.028489947, 0), (-0.010002086, 0.023741623, 0), (-0.011395979, 0.018993298, 0), (-0.011054937, 0.014244974, 0), (-0.008863991, 0.009496649, 0), (-0.0050152102, 0.0047483244, 0)]
                uniform token subdivisionScheme = "none"
                matrix4d xformOp:transform = ( (0.3948341114061387, 0.9187524282798522, -0, 0), (-0.8962747091655432, 0.38517430536943387, 0.2198463103929542, 0), (0.20198433152189277, -0.08680282260992023, 0.9755345200486782, 0), (-0.03843053832825559, 0.113827037135519, 0.16695570720451836, 1) )
                uniform token[] xformOpOrder = ["xformOp:transform"]
            }

            def Cylinder "Petiolule_5" (
                prepend apiSchemas = ["PhysicsCollisionAPI"]
            )
            {
                uniform token axis = "Z"
                double height = 0.01
                rel material:binding = </Plant_1/Materials/Leaf>
                double radius = 0.00106801196
                matrix4d xformOp:transform = ( (-0.8013125848982975, 0.5982458869759231, 0, 0), (-0.13152215095941697, -0.17616561526133157, 0.9755345200486782, 0), (0.5836095142221529, 0.7817080879177263, 0.2198463103929542, 0), (-0.026549743665489393, 0.11388383452141329, 0.16585647565255357, 1) )
                uniform token[] xformOpOrder = ["xformOp:transform"]
            }

            def Mesh "Blade_5" (
                prepend apiSchemas = ["PhysicsCollisionAPI", "PhysicsMeshCollisionAPI"]
            )
            {
                int[] faceVertexCounts = [3, 3, 3, 3, 3, 3, 3, 3, 3, 3, 3, 3, 3, 3]
                int[] faceVertexIndices = [0, 1, 2, 0, 2, 3, 0, 3, 4, 0, 4, 5, 0, 5, 6, 0, 6, 7, 0, 7, 8, 0, 8, 9, 0, 9, 10, 0, 10, 11, 0, 11, 12, 0, 12, 13, 0, 13, 14, 0, 14, 15]
                rel material:binding = </Plant_1/Materials/Leaf>
                uniform token physics:approximation = "convexHull"
                point3f[] points = [(0, 0, 0), (0.0050152102, 0.0047483244, 0), (0.008863991, 0.009496649, 0), (0.011054937, 0.014244974, 0), (0.011395979, 0.018993298, 0), (0.010002086, 0.023741623, 0), (0.0072523565, 0.028489947, 0), (0.0037068946, 0.033238273, 0), (0, 0.037986595, 0), (-0.0037068946, 0.033238273, 0), (-0.0072523565, 0.028489947, 0), (-0.010002086, 0.023741623, 0), (-0.011395979, 0.018993298, 0), (-0.011054937, 0.014244974, 0), (-0.008863991, 0.009496649, 0), (-0.0050152102, 0.0047483244, 0)]
                uniform token subdivisionScheme = "none"
                matrix4d xformOp:transform = ( (0.8013125848982975, -0.5982458869759231, 0, 0), (0.5836095142221529, 0.7817080879177263, 0.2198463103929542, 0), (-0.13152215095941697, -0.17616561526133157, 0.9755345200486782, 0), (-0.023631696094378627, 0.11779237496100192, 0.16695570720451836, 1) )
                uniform token[] xformOpOrder = ["xformOp:transform"]
            }

            def Cylinder "Petiolule_term" (
                prepend apiSchemas = ["PhysicsCollisionAPI"]
            )
            {
                uniform token axis = "Z"
                double height = 0.01
                rel material:binding = </Plant_1/Materials/Leaf>
                double radius = 0.00106801196
                matrix4d xformOp:transform = ( (-0.9659258262890683, -0.25881904510252085, 0, 0), (0.0885213269013769, -0.33036608954935215, 0.9396926207859085, 0), (-0.24321034680169407, 0.9076733711903687, 0.3420201433256687, 0), (-0.04060588389607562, 0.15154322178639706, 0.18042044304694976, 1) )
                uniform token[] xformOpOrder = ["xformOp:transform"]
            }

            def Mesh "Blade_6" (
                prepend apiSchemas = ["PhysicsCollisionAPI", "PhysicsMeshCollisionAPI"]
            )
            {
                int[] faceVertexCounts = [3, 3, 3, 3, 3, 3, 3, 3, 3, 3, 3, 3, 3, 3]
                int[] faceVertexIndices = [0, 1, 2, 0, 2, 3, 0, 3, 4, 0, 4, 5, 0, 5, 6, 0, 6, 7, 0, 7, 8, 0, 8, 9, 0, 9, 10, 0, 10, 11, 0, 11, 12, 0, 12, 13, 0, 13, 14, 0, 14, 15]
                rel material:binding = </Plant_1/Materials/Leaf>
                uniform token physics:approximation = "convexHull"
                point3f[] points = [(0, 0, 0), (0.005016088, 0.0047491556, 0), (0.008865543, 0.009498311, 0), (0.011056872, 0.014247467, 0), (0.011397974, 0.018996622, 0), (0.010003837, 0.023745779, 0), (0.007253626, 0.028494934, 0), (0.0037075432, 0.03324409, 0), (0, 0.037993245, 0), (-0.0037075432, 0.03324409, 0), (-0.007253626, 0.028494934, 0), (-0.010003837, 0.023745779, 0), (-0.011397974, 0.018996622, 0), (-0.011056872, 0.014247467, 0), (-0.008865543, 0.009498311, 0), (-0.005016088, 0.0047491556, 0)]
                uniform token subdivisionScheme = "none"
                matrix4d xformOp:transform = ( (0.9659258262890683, 0.25881904510252085, -0, 0), (-0.24321034680169407, 0.9076733711903687, 0.3420201433256687, 0), (0.0885213269013769, -0.33036608954935215, 0.9396926207859085, 0), (-0.041821935630084094, 0.1560815886423489, 0.18213054376357812, 1) )
                uniform token[] xformOpOrder = ["xformOp:transform"]
            }
        }

        def Xform "Leaf_o0_r5_i0" (
            prepend apiSchemas = ["PhysicsRigidBodyAPI", "PhysicsMassAPI", "PhysicsFilteredPairsAPI"]
        )
        {
            prepend rel physics:filteredPairs = </Plant_1/Stem/Internode_o0_r5>
            float physics:mass = 0.05

            def Cylinder "Petiole" (
                prepend apiSchemas = ["PhysicsCollisionAPI"]
            )
            {
                uniform token axis = "Z"
                double height = 0.033890028
                rel material:binding = </Plant_1/Materials/Leaf>
                double radius = 0.00277387025
                matrix4d xformOp:transform = ( (0.5372996083468242, 0.8433914458128855, -0, 0), (-0.28845686317656605, 0.1837672890556065, 0.9396926207859086, 0), (0.7925287180643269, -0.5048964771146695, 0.3420201433256687, 0), (0.013429410223002073, -0.008555477873258754, 0.09270208111693545, 1) )
                uniform token[] xformOpOrder = ["xformOp:transform"]
            }

            def Cylinder "Rachis" (
                prepend apiSchemas = ["PhysicsCollisionAPI"]
            )
            {
                uniform token axis = "Z"
                double height = 0.13904886
                rel material:binding = </Plant_1/Materials/Leaf>
                double radius = 0.00166432215
                matrix4d xformOp:transform = ( (0.5372996083468242, 0.8433914458128855, -0, 0), (-0.28845686317656605, 0.1837672890556065, 0.9396926207859086, 0), (0.7925287180643269, -0.5048964771146695, 0.3420201433256687, 0), (0.08195892782805718, -0.05221359552692295, 0.12227637274710634, 1) )
                uniform token[] xformOpOrder = ["xformOp:transform"]
            }

            def Cylinder "Petiolule_0" (
                prepend apiSchemas = ["PhysicsCollisionAPI"]
            )
            {
                uniform token axis = "Z"
                double height = 0.01
                rel material:binding = </Plant_1/Materials/Leaf>
                double radius = 0.0011095481000000002
                matrix4d xformOp:transform = ( (-0.3295979016296671, 0.944121402808622, 0, 0), (-0.20756160697049564, -0.07246088258654218, 0.9755345200486782, 0), (0.9210230195565939, 0.32153413077534876, 0.2198463103929542, 0), (0.03146393554378712, -0.015503285092640765, 0.09959684878583569, 1) )
                uniform token[] xformOpOrder = ["xformOp:transform"]
            }

            def Mesh "Blade_0" (
                prepend apiSchemas = ["PhysicsCollisionAPI", "PhysicsMeshCollisionAPI"]
            )
            {
                int[] faceVertexCounts = [3, 3, 3, 3, 3, 3, 3, 3, 3, 3, 3, 3, 3, 3]
                int[] faceVertexIndices = [0, 1, 2, 0, 2, 3, 0, 3, 4, 0, 4, 5, 0, 5, 6, 0, 6, 7, 0, 7, 8, 0, 8, 9, 0, 9, 10, 0, 10, 11, 0, 11, 12, 0, 12, 13, 0, 13, 14, 0, 14, 15]
                rel material:binding = </Plant_1/Materials/Leaf>
                uniform token physics:approximation = "convexHull"
                point3f[] points = [(0, 0, 0), (0.005743256, 0.0054376274, 0), (0.010150756, 0.010875255, 0), (0.012659756, 0.016312882, 0), (0.013050306, 0.02175051, 0), (0.011454064, 0.027188137, 0), (0.008305163, 0.032625765, 0), (0.0042450153, 0.038063392, 0), (0, 0.04350102, 0), (-0.0042450153, 0.038063392, 0), (-0.008305163, 0.032625765, 0), (-0.011454064, 0.027188137, 0), (-0.013050306, 0.02175051, 0), (-0.012659756, 0.016312882, 0), (-0.010150756, 0.010875255, 0), (-0.005743256, 0.0054376274, 0)]
                uniform token subdivisionScheme = "none"
                matrix4d xformOp:transform = ( (0.3295979016296671, -0.944121402808622, 0, 0), (0.9210230195565939, 0.32153413077534876, 0.2198463103929542, 0), (-0.20756160697049564, -0.07246088258654218, 0.9755345200486782, 0), (0.03606905064157009, -0.01389561443876402, 0.10069608033780046, 1) )
                uniform token[] xformOpOrder = ["xformOp:transform"]
            }

            def Cylinder "Petiolule_1" (
                prepend apiSchemas = ["PhysicsCollisionAPI"]
            )
            {
                uniform token axis = "Z"
                double height = 0.01
                rel material:binding = </Plant_1/Materials/Leaf>
                double radius = 0.0011095481000000002
                matrix4d xformOp:transform = ( (0.9949586715335319, 0.10028580128926272, -0, 0), (-0.022047463398245377, 0.2187379929301222, 0.9755345200486784, 0), (0.09783226102841802, -0.9706165301027345, 0.2198463103929542, 0), (0.027347981751146236, -0.02196403839703118, 0.09959684878583569, 1) )
                uniform token[] xformOpOrder = ["xformOp:transform"]
            }

            def Mesh "Blade_1" (
                prepend apiSchemas = ["PhysicsCollisionAPI", "PhysicsMeshCollisionAPI"]
            )
            {
                int[] faceVertexCounts = [3, 3, 3, 3, 3, 3, 3, 3, 3, 3, 3, 3, 3, 3]
                int[] faceVertexIndices = [0, 1, 2, 0, 2, 3, 0, 3, 4, 0, 4, 5, 0, 5, 6, 0, 6, 7, 0, 7, 8, 0, 8, 9, 0, 9, 10, 0, 10, 11, 0, 11, 12, 0, 12, 13, 0, 13, 14, 0, 14, 15]
                rel material:binding = </Plant_1/Materials/Leaf>
                uniform token physics:approximation = "convexHull"
                point3f[] points = [(0, 0, 0), (0.005743256, 0.0054376274, 0), (0.010150756, 0.010875255, 0), (0.012659756, 0.016312882, 0), (0.013050306, 0.02175051, 0), (0.011454064, 0.027188137, 0), (0.008305163, 0.032625765, 0), (0.0042450153, 0.038063392, 0), (0, 0.04350102, 0), (-0.0042450153, 0.038063392, 0), (-0.008305163, 0.032625765, 0), (-0.011454064, 0.027188137, 0), (-0.013050306, 0.02175051, 0), (-0.012659756, 0.016312882, 0), (-0.010150756, 0.010875255, 0), (-0.005743256, 0.0054376274, 0)]
                uniform token subdivisionScheme = "none"
                matrix4d xformOp:transform = ( (-0.9949586715335319, -0.10028580128926272, 0, 0), (0.09783226102841802, -0.9706165301027345, 0.2198463103929542, 0), (-0.022047463398245377, 0.2187379929301222, 0.9755345200486784, 0), (0.027837143056288326, -0.026817121047544853, 0.10069608033780046, 1) )
                uniform token[] xformOpOrder = ["xformOp:transform"]
            }

            def Cylinder "Petiolule_2" (
                prepend apiSchemas = ["PhysicsCollisionAPI"]
            )
            {
                uniform token axis = "Z"
                double height = 0.01
                rel material:binding = </Plant_1/Materials/Leaf>
                double radius = 0.0011095481000000002
                matrix4d xformOp:transform = ( (-0.3295979016296671, 0.944121402808622, 0, 0), (-0.20756160697049564, -0.07246088258654218, 0.9755345200486782, 0), (0.9210230195565939, 0.32153413077534876, 0.2198463103929542, 0), (0.06961174269242366, -0.03980611854205663, 0.116059745550515, 1) )
                uniform token[] xformOpOrder = ["xformOp:transform"]
            }

            def Mesh "Blade_2" (
                prepend apiSchemas = ["PhysicsCollisionAPI", "PhysicsMeshCollisionAPI"]
            )
            {
                int[] faceVertexCounts = [3, 3, 3, 3, 3, 3, 3, 3, 3, 3, 3, 3, 3, 3]
                int[] faceVertexIndices = [0, 1, 2, 0, 2, 3, 0, 3, 4, 0, 4, 5, 0, 5, 6, 0, 6, 7, 0, 7, 8, 0, 8, 9, 0, 9, 10, 0, 10, 11, 0, 11, 12, 0, 12, 13, 0, 13, 14, 0, 14, 15]
                rel material:binding = </Plant_1/Materials/Leaf>
                uniform token physics:approximation = "convexHull"
                point3f[] points = [(0, 0, 0), (0.005743256, 0.0054376274, 0), (0.010150756, 0.010875255, 0), (0.012659756, 0.016312882, 0), (0.013050306, 0.02175051, 0), (0.011454064, 0.027188137, 0), (0.008305163, 0.032625765, 0), (0.0042450153, 0.038063392, 0), (0, 0.04350102, 0), (-0.0042450153, 0.038063392, 0), (-0.008305163, 0.032625765, 0), (-0.011454064, 0.027188137, 0), (-0.013050306, 0.02175051, 0), (-0.012659756, 0.016312882, 0), (-0.010150756, 0.010875255, 0), (-0.005743256, 0.0054376274, 0)]
                uniform token subdivisionScheme = "none"
                matrix4d xformOp:transform = ( (0.3295979016296671, -0.944121402808622, 0, 0), (0.9210230195565939, 0.32153413077534876, 0.2198463103929542, 0), (-0.20756160697049564, -0.07246088258654218, 0.9755345200486782, 0), (0.07421685779020663, -0.03819844788817989, 0.11715897710247977, 1) )
                uniform token[] xformOpOrder = ["xformOp:transform"]
            }

            def Cylinder "Petiolule_3" (
                prepend apiSchemas = ["PhysicsCollisionAPI"]
            )
            {
                uniform token axis = "Z"
                double height = 0.01
                rel material:binding = </Plant_1/Materials/Leaf>
                double radius = 0.0011095481000000002
                matrix4d xformOp:transform = ( (0.9949586715335319, 0.10028580128926272, -0, 0), (-0.022047463398245377, 0.2187379929301222, 0.9755345200486784, 0), (0.09783226102841802, -0.9706165301027345, 0.2198463103929542, 0), (0.06549578889978279, -0.046266871846447045, 0.116059745550515, 1) )
                uniform token[] xformOpOrder = ["xformOp:transform"]
            }

            def Mesh "Blade_3" (
                prepend apiSchemas = ["PhysicsCollisionAPI", "PhysicsMeshCollisionAPI"]
            )
            {
                int[] faceVertexCounts = [3, 3, 3, 3, 3, 3, 3, 3, 3, 3, 3, 3, 3, 3]
                int[] faceVertexIndices = [0, 1, 2, 0, 2, 3, 0, 3, 4, 0, 4, 5, 0, 5, 6, 0, 6, 7, 0, 7, 8, 0, 8, 9, 0, 9, 10, 0, 10, 11, 0, 11, 12, 0, 12, 13, 0, 13, 14, 0, 14, 15]
                rel material:binding = </Plant_1/Materials/Leaf>
                uniform token physics:approximation = "convexHull"
                point3f[] points = [(0, 0, 0), (0.005743256, 0.0054376274, 0), (0.010150756, 0.010875255, 0), (0.012659756, 0.016312882, 0), (0.013050306, 0.02175051, 0), (0.011454064, 0.027188137, 0), (0.008305163, 0.032625765, 0), (0.0042450153, 0.038063392, 0), (0, 0.04350102, 0), (-0.0042450153, 0.038063392, 0), (-0.008305163, 0.032625765, 0), (-0.011454064, 0.027188137, 0), (-0.013050306, 0.02175051, 0), (-0.012659756, 0.016312882, 0), (-0.010150756, 0.010875255, 0), (-0.005743256, 0.0054376274, 0)]
                uniform token subdivisionScheme = "none"
                matrix4d xformOp:transform = ( (-0.9949586715335319, -0.10028580128926272, 0, 0), (0.09783226102841802, -0.9706165301027345, 0.2198463103929542, 0), (-0.022047463398245377, 0.2187379929301222, 0.9755345200486784, 0), (0.06598495020492487, -0.05111995449696072, 0.11715897710247977, 1) )
                uniform token[] xformOpOrder = ["xformOp:transform"]
            }

            def Cylinder "Petiolule_4" (
                prepend apiSchemas = ["PhysicsCollisionAPI"]
            )
            {
                uniform token axis = "Z"
                double height = 0.01
                rel material:binding = </Plant_1/Materials/Leaf>
                double radius = 0.0011095481000000002
                matrix4d xformOp:transform = ( (-0.3295979016296671, 0.944121402808622, 0, 0), (-0.20756160697049564, -0.07246088258654218, 0.9755345200486782, 0), (0.9210230195565939, 0.32153413077534876, 0.2198463103929542, 0), (0.10775954984106022, -0.06410895199147248, 0.13252264231519428, 1) )
                uniform token[] xformOpOrder = ["xformOp:transform"]
            }

            def Mesh "Blade_4" (
                prepend apiSchemas = ["PhysicsCollisionAPI", "PhysicsMeshCollisionAPI"]
            )
            {
                int[] faceVertexCounts = [3, 3, 3, 3, 3, 3, 3, 3, 3, 3, 3, 3, 3, 3]
                int[] faceVertexIndices = [0, 1, 2, 0, 2, 3, 0, 3, 4, 0, 4, 5, 0, 5, 6, 0, 6, 7, 0, 7, 8, 0, 8, 9, 0, 9, 10, 0, 10, 11, 0, 11, 12, 0, 12, 13, 0, 13, 14, 0, 14, 15]
                rel material:binding = </Plant_1/Materials/Leaf>
                uniform token physics:approximation = "convexHull"
                point3f[] points = [(0, 0, 0), (0.005743256, 0.0054376274, 0), (0.010150756, 0.010875255, 0), (0.012659756, 0.016312882, 0), (0.013050306, 0.02175051, 0), (0.011454064, 0.027188137, 0), (0.008305163, 0.032625765, 0), (0.0042450153, 0.038063392, 0), (0, 0.04350102, 0), (-0.0042450153, 0.038063392, 0), (-0.008305163, 0.032625765, 0), (-0.011454064, 0.027188137, 0), (-0.013050306, 0.02175051, 0), (-0.012659756, 0.016312882, 0), (-0.010150756, 0.010875255, 0), (-0.005743256, 0.0054376274, 0)]
                uniform token subdivisionScheme = "none"
                matrix4d xformOp:transform = ( (0.3295979016296671, -0.944121402808622, 0, 0), (0.9210230195565939, 0.32153413077534876, 0.2198463103929542, 0), (-0.20756160697049564, -0.07246088258654218, 0.9755345200486782, 0), (0.11236466493884319, -0.06250128133759575, 0.13362187386715907, 1) )
                uniform token[] xformOpOrder = ["xformOp:transform"]
            }

            def Cylinder "Petiolule_5" (
                prepend apiSchemas = ["PhysicsCollisionAPI"]
            )
            {
                uniform token axis = "Z"
                double height = 0.01
                rel material:binding = </Plant_1/Materials/Leaf>
                double radius = 0.0011095481000000002
                matrix4d xformOp:transform = ( (0.9949586715335319, 0.10028580128926272, -0, 0), (-0.022047463398245377, 0.2187379929301222, 0.9755345200486784, 0), (0.09783226102841802, -0.9706165301027345, 0.2198463103929542, 0), (0.10364359604841934, -0.0705697052958629, 0.13252264231519428, 1) )
                uniform token[] xformOpOrder = ["xformOp:transform"]
            }

            def Mesh "Blade_5" (
                prepend apiSchemas = ["PhysicsCollisionAPI", "PhysicsMeshCollisionAPI"]
            )
            {
                int[] faceVertexCounts = [3, 3, 3, 3, 3, 3, 3, 3, 3, 3, 3, 3, 3, 3]
                int[] faceVertexIndices = [0, 1, 2, 0, 2, 3, 0, 3, 4, 0, 4, 5, 0, 5, 6, 0, 6, 7, 0, 7, 8, 0, 8, 9, 0, 9, 10, 0, 10, 11, 0, 11, 12, 0, 12, 13, 0, 13, 14, 0, 14, 15]
                rel material:binding = </Plant_1/Materials/Leaf>
                uniform token physics:approximation = "convexHull"
                point3f[] points = [(0, 0, 0), (0.005743256, 0.0054376274, 0), (0.010150756, 0.010875255, 0), (0.012659756, 0.016312882, 0), (0.013050306, 0.02175051, 0), (0.011454064, 0.027188137, 0), (0.008305163, 0.032625765, 0), (0.0042450153, 0.038063392, 0), (0, 0.04350102, 0), (-0.0042450153, 0.038063392, 0), (-0.008305163, 0.032625765, 0), (-0.011454064, 0.027188137, 0), (-0.013050306, 0.02175051, 0), (-0.012659756, 0.016312882, 0), (-0.010150756, 0.010875255, 0), (-0.005743256, 0.0054376274, 0)]
                uniform token subdivisionScheme = "none"
                matrix4d xformOp:transform = ( (-0.9949586715335319, -0.10028580128926272, 0, 0), (0.09783226102841802, -0.9706165301027345, 0.2198463103929542, 0), (-0.022047463398245377, 0.2187379929301222, 0.9755345200486784, 0), (0.10413275735356142, -0.07542278794637658, 0.13362187386715907, 1) )
                uniform token[] xformOpOrder = ["xformOp:transform"]
            }

            def Cylinder "Petiolule_term" (
                prepend apiSchemas = ["PhysicsCollisionAPI"]
            )
            {
                uniform token axis = "Z"
                double height = 0.01
                rel material:binding = </Plant_1/Materials/Leaf>
                double radius = 0.0011095481000000002
                matrix4d xformOp:transform = ( (0.5372996083468242, 0.8433914458128855, -0, 0), (-0.28845686317656605, 0.1837672890556065, 0.9396926207859086, 0), (0.7925287180643269, -0.5048964771146695, 0.3420201433256687, 0), (0.14102167880043184, -0.08984071769290174, 0.1477652289769701, 1) )
                uniform token[] xformOpOrder = ["xformOp:transform"]
            }

            def Mesh "Blade_6" (
                prepend apiSchemas = ["PhysicsCollisionAPI", "PhysicsMeshCollisionAPI"]
            )
            {
                int[] faceVertexCounts = [3, 3, 3, 3, 3, 3, 3, 3, 3, 3, 3, 3, 3, 3]
                int[] faceVertexIndices = [0, 1, 2, 0, 2, 3, 0, 3, 4, 0, 4, 5, 0, 5, 6, 0, 6, 7, 0, 7, 8, 0, 8, 9, 0, 9, 10, 0, 10, 11, 0, 11, 12, 0, 12, 13, 0, 13, 14, 0, 14, 15]
                rel material:binding = </Plant_1/Materials/Leaf>
                uniform token physics:approximation = "convexHull"
                point3f[] points = [(0, 0, 0), (0.005744261, 0.0054385792, 0), (0.010152533, 0.0108771585, 0), (0.012661972, 0.016315738, 0), (0.01305259, 0.021754317, 0), (0.01145607, 0.027192896, 0), (0.008306618, 0.032631475, 0), (0.0042457585, 0.038070053, 0), (0, 0.043508634, 0), (-0.0042457585, 0.038070053, 0), (-0.008306618, 0.032631475, 0), (-0.01145607, 0.027192896, 0), (-0.01305259, 0.021754317, 0), (-0.012661972, 0.016315738, 0), (-0.010152533, 0.0108771585, 0), (-0.005744261, 0.0054385792, 0)]
                uniform token subdivisionScheme = "none"
                matrix4d xformOp:transform = ( (-0.5372996083468242, -0.8433914458128855, 0, 0), (0.7925287180643269, -0.5048964771146695, 0.3420201433256687, 0), (-0.28845686317656605, 0.1837672890556065, 0.9396926207859086, 0), (0.14498432239075348, -0.09236520007847508, 0.14947532969359845, 1) )
                uniform token[] xformOpOrder = ["xformOp:transform"]
            }
        }

        def Xform "Leaf_o0_r4_i0" (
            prepend apiSchemas = ["PhysicsRigidBodyAPI", "PhysicsMassAPI", "PhysicsFilteredPairsAPI"]
        )
        {
            prepend rel physics:filteredPairs = </Plant_1/Stem/Internode_o0_r4>
            float physics:mass = 0.05

            def Cylinder "Petiole" (
                prepend apiSchemas = ["PhysicsCollisionAPI"]
            )
            {
                uniform token axis = "Z"
                double height = 0.03388257
                rel material:binding = </Plant_1/Materials/Leaf>
                double radius = 0.00277337965
                matrix4d xformOp:transform = ( (0.17364817766693047, -0.984807753012208, 0, 0), (0.33682408883346515, 0.05939117461388475, 0.9396926207859084, 0), (-0.9254165783983234, -0.16317591116653496, 0.3420201433256687, 0), (-0.01567774599837084, -0.002764409616206951, 0.07576892572382099, 1) )
                uniform token[] xformOpOrder = ["xformOp:transform"]
            }

            def Cylinder "Rachis" (
                prepend apiSchemas = ["PhysicsCollisionAPI"]
            )
            {
                uniform token axis = "Z"
                double height = 0.13900363
                rel material:binding = </Plant_1/Materials/Leaf>
                double radius = 0.0016640277899999999
                matrix4d xformOp:transform = ( (0.17364817766693047, -0.984807753012208, 0, 0), (0.33682408883346515, 0.05939117461388475, 0.9396926207859084, 0), (-0.9254165783983234, -0.16317591116653496, 0.3420201433256687, 0), (-0.09567362382651495, -0.016869841222766847, 0.10533420717533609, 1) )
                uniform token[] xformOpOrder = ["xformOp:transform"]
            }

            def Cylinder "Petiolule_0" (
                prepend apiSchemas = ["PhysicsCollisionAPI"]
            )
            {
                uniform token axis = "Z"
                double height = 0.01
                rel material:binding = </Plant_1/Materials/Leaf>
                double radius = 0.00110935186
                matrix4d xformOp:transform = ( (0.8808442376695917, -0.4734061986965059, 0, 0), (0.10407660610058059, 0.19365035568255418, 0.9755345200486781, 0), (-0.4618240888334651, -0.8592939606326491, 0.2198463103929542, 0), (-0.03366461244090901, -0.009825289035577148, 0.08266241799960676, 1) )
                uniform token[] xformOpOrder = ["xformOp:transform"]
            }

            def Mesh "Blade_0" (
                prepend apiSchemas = ["PhysicsCollisionAPI", "PhysicsMeshCollisionAPI"]
            )
            {
                int[] faceVertexCounts = [3, 3, 3, 3, 3, 3, 3, 3, 3, 3, 3, 3, 3, 3]
                int[] faceVertexIndices = [0, 1, 2, 0, 2, 3, 0, 3, 4, 0, 4, 5, 0, 5, 6, 0, 6, 7, 0, 7, 8, 0, 8, 9, 0, 9, 10, 0, 10, 11, 0, 11, 12, 0, 12, 13, 0, 13, 14, 0, 14, 15]
                rel material:binding = </Plant_1/Materials/Leaf>
                uniform token physics:approximation = "convexHull"
                point3f[] points = [(0, 0, 0), (0.0057396484, 0.005434212, 0), (0.010144379, 0.010868424, 0), (0.012651803, 0.016302634, 0), (0.013042108, 0.021736847, 0), (0.01144687, 0.027171059, 0), (0.008299947, 0.032605268, 0), (0.004242349, 0.038039483, 0), (0, 0.043473694, 0), (-0.004242349, 0.038039483, 0), (-0.008299947, 0.032605268, 0), (-0.01144687, 0.027171059, 0), (-0.013042108, 0.021736847, 0), (-0.012651803, 0.016302634, 0), (-0.010144379, 0.010868424, 0), (-0.0057396484, 0.005434212, 0)]
                uniform token subdivisionScheme = "none"
                matrix4d xformOp:transform = ( (-0.8808442376695917, 0.4734061986965059, 0, 0), (-0.4618240888334651, -0.8592939606326491, 0.2198463103929542, 0), (0.10407660610058059, 0.19365035568255418, 0.9755345200486781, 0), (-0.03597373288507633, -0.014121758838740395, 0.08376164955157153, 1) )
                uniform token[] xformOpOrder = ["xformOp:transform"]
            }

            def Cylinder "Petiolule_1" (
                prepend apiSchemas = ["PhysicsCollisionAPI"]
            )
            {
                uniform token axis = "Z"
                double height = 0.01
                rel material:binding = </Plant_1/Materials/Leaf>
                double radius = 0.00110935186
                matrix4d xformOp:transform = ( (-0.665808374270465, -0.7461227839647576, 0, 0), (0.1640323411547712, -0.14637551451209285, 0.9755345200486782, 0), (-0.7278685319524434, 0.6495190528383288, 0.2198463103929542, 0), (-0.034994834656503895, -0.002281223968222258, 0.08266241799960676, 1) )
                uniform token[] xformOpOrder = ["xformOp:transform"]
            }

            def Mesh "Blade_1" (
                prepend apiSchemas = ["PhysicsCollisionAPI", "PhysicsMeshCollisionAPI"]
            )
            {
                int[] faceVertexCounts = [3, 3, 3, 3, 3, 3, 3, 3, 3, 3, 3, 3, 3, 3]
                int[] faceVertexIndices = [0, 1, 2, 0, 2, 3, 0, 3, 4, 0, 4, 5, 0, 5, 6, 0, 6, 7, 0, 7, 8, 0, 8, 9, 0, 9, 10, 0, 10, 11, 0, 11, 12, 0, 12, 13, 0, 13, 14, 0, 14, 15]
                rel material:binding = </Plant_1/Materials/Leaf>
                uniform token physics:approximation = "convexHull"
                point3f[] points = [(0, 0, 0), (0.0057396484, 0.005434212, 0), (0.010144379, 0.010868424, 0), (0.012651803, 0.016302634, 0), (0.013042108, 0.021736847, 0), (0.01144687, 0.027171059, 0), (0.008299947, 0.032605268, 0), (0.004242349, 0.038039483, 0), (0, 0.043473694, 0), (-0.004242349, 0.038039483, 0), (-0.008299947, 0.032605268, 0), (-0.01144687, 0.027171059, 0), (-0.013042108, 0.021736847, 0), (-0.012651803, 0.016302634, 0), (-0.010144379, 0.010868424, 0), (-0.0057396484, 0.005434212, 0)]
                uniform token subdivisionScheme = "none"
                matrix4d xformOp:transform = ( (0.665808374270465, 0.7461227839647576, -0, 0), (-0.7278685319524434, 0.6495190528383288, 0.2198463103929542, 0), (0.1640323411547712, -0.14637551451209285, 0.9755345200486782, 0), (-0.038634177316266116, 0.0009663712959693859, 0.08376164955157153, 1) )
                uniform token[] xformOpOrder = ["xformOp:transform"]
            }

            def Cylinder "Petiolule_2" (
                prepend apiSchemas = ["PhysicsCollisionAPI"]
            )
            {
                uniform token axis = "Z"
                double height = 0.01
                rel material:binding = </Plant_1/Materials/Leaf>
                double radius = 0.00110935186
                matrix4d xformOp:transform = ( (0.8808442376695917, -0.4734061986965059, 0, 0), (0.10407660610058059, 0.19365035568255418, 0.9755345200486781, 0), (-0.4618240888334651, -0.8592939606326491, 0.2198463103929542, 0), (-0.078192313737922, -0.017676724163167852, 0.09911919123563996, 1) )
                uniform token[] xformOpOrder = ["xformOp:transform"]
            }

            def Mesh "Blade_2" (
                prepend apiSchemas = ["PhysicsCollisionAPI", "PhysicsMeshCollisionAPI"]
            )
            {
                int[] faceVertexCounts = [3, 3, 3, 3, 3, 3, 3, 3, 3, 3, 3, 3, 3, 3]
                int[] faceVertexIndices = [0, 1, 2, 0, 2, 3, 0, 3, 4, 0, 4, 5, 0, 5, 6, 0, 6, 7, 0, 7, 8, 0, 8, 9, 0, 9, 10, 0, 10, 11, 0, 11, 12, 0, 12, 13, 0, 13, 14, 0, 14, 15]
                rel material:binding = </Plant_1/Materials/Leaf>
                uniform token physics:approximation = "convexHull"
                point3f[] points = [(0, 0, 0), (0.0057396484, 0.005434212, 0), (0.010144379, 0.010868424, 0), (0.012651803, 0.016302634, 0), (0.013042108, 0.021736847, 0), (0.01144687, 0.027171059, 0), (0.008299947, 0.032605268, 0), (0.004242349, 0.038039483, 0), (0, 0.043473694, 0), (-0.004242349, 0.038039483, 0), (-0.008299947, 0.032605268, 0), (-0.01144687, 0.027171059, 0), (-0.013042108, 0.021736847, 0), (-0.012651803, 0.016302634, 0), (-0.010144379, 0.010868424, 0), (-0.0057396484, 0.005434212, 0)]
                uniform token subdivisionScheme = "none"
                matrix4d xformOp:transform = ( (-0.8808442376695917, 0.4734061986965059, 0, 0), (-0.4618240888334651, -0.8592939606326491, 0.2198463103929542, 0), (0.10407660610058059, 0.19365035568255418, 0.9755345200486781, 0), (-0.08050143418208933, -0.0219731939663311, 0.10021842278760473, 1) )
                uniform token[] xformOpOrder = ["xformOp:transform"]
            }

            def Cylinder "Petiolule_3" (
                prepend apiSchemas = ["PhysicsCollisionAPI"]
            )
            {
                uniform token axis = "Z"
                double height = 0.01
                rel material:binding = </Plant_1/Materials/Leaf>
                double radius = 0.00110935186
                matrix4d xformOp:transform = ( (-0.665808374270465, -0.7461227839647576, 0, 0), (0.1640323411547712, -0.14637551451209285, 0.9755345200486782, 0), (-0.7278685319524434, 0.6495190528383288, 0.2198463103929542, 0), (-0.0795225359535169, -0.010132659095812964, 0.09911919123563996, 1) )
                uniform token[] xformOpOrder = ["xformOp:transform"]
            }

            def Mesh "Blade_3" (
                prepend apiSchemas = ["PhysicsCollisionAPI", "PhysicsMeshCollisionAPI"]
            )
            {
                int[] faceVertexCounts = [3, 3, 3, 3, 3, 3, 3, 3, 3, 3, 3, 3, 3, 3]
                int[] faceVertexIndices = [0, 1, 2, 0, 2, 3, 0, 3, 4, 0, 4, 5, 0, 5, 6, 0, 6, 7, 0, 7, 8, 0, 8, 9, 0, 9, 10, 0, 10, 11, 0, 11, 12, 0, 12, 13, 0, 13, 14, 0, 14, 15]
                rel material:binding = </Plant_1/Materials/Leaf>
                uniform token physics:approximation = "convexHull"
                point3f[] points = [(0, 0, 0), (0.0057396484, 0.005434212, 0), (0.010144379, 0.010868424, 0), (0.012651803, 0.016302634, 0), (0.013042108, 0.021736847, 0), (0.01144687, 0.027171059, 0), (0.008299947, 0.032605268, 0), (0.004242349, 0.038039483, 0), (0, 0.043473694, 0), (-0.004242349, 0.038039483, 0), (-0.008299947, 0.032605268, 0), (-0.01144687, 0.027171059, 0), (-0.013042108, 0.021736847, 0), (-0.012651803, 0.016302634, 0), (-0.010144379, 0.010868424, 0), (-0.0057396484, 0.005434212, 0)]
                uniform token subdivisionScheme = "none"
                matrix4d xformOp:transform = ( (0.665808374270465, 0.7461227839647576, -0, 0), (-0.7278685319524434, 0.6495190528383288, 0.2198463103929542, 0), (0.1640323411547712, -0.14637551451209285, 0.9755345200486782, 0), (-0.0831618786132791, -0.006885063831621319, 0.10021842278760473, 1) )
                uniform token[] xformOpOrder = ["xformOp:transform"]
            }

            def Cylinder "Petiolule_4" (
                prepend apiSchemas = ["PhysicsCollisionAPI"]
            )
            {
                uniform token axis = "Z"
                double height = 0.01
                rel material:binding = </Plant_1/Materials/Leaf>
                double radius = 0.00110935186
                matrix4d xformOp:transform = ( (0.8808442376695917, -0.4734061986965059, 0, 0), (0.10407660610058059, 0.19365035568255418, 0.9755345200486781, 0), (-0.4618240888334651, -0.8592939606326491, 0.2198463103929542, 0), (-0.12272001503493497, -0.025528159290758558, 0.11557596447167316, 1) )
                uniform token[] xformOpOrder = ["xformOp:transform"]
            }

            def Mesh "Blade_4" (
                prepend apiSchemas = ["PhysicsCollisionAPI", "PhysicsMeshCollisionAPI"]
            )
            {
                int[] faceVertexCounts = [3, 3, 3, 3, 3, 3, 3, 3, 3, 3, 3, 3, 3, 3]
                int[] faceVertexIndices = [0, 1, 2, 0, 2, 3, 0, 3, 4, 0, 4, 5, 0, 5, 6, 0, 6, 7, 0, 7, 8, 0, 8, 9, 0, 9, 10, 0, 10, 11, 0, 11, 12, 0, 12, 13, 0, 13, 14, 0, 14, 15]
                rel material:binding = </Plant_1/Materials/Leaf>
                uniform token physics:approximation = "convexHull"
                point3f[] points = [(0, 0, 0), (0.0057396484, 0.005434212, 0), (0.010144379, 0.010868424, 0), (0.012651803, 0.016302634, 0), (0.013042108, 0.021736847, 0), (0.01144687, 0.027171059, 0), (0.008299947, 0.032605268, 0), (0.004242349, 0.038039483, 0), (0, 0.043473694, 0), (-0.004242349, 0.038039483, 0), (-0.008299947, 0.032605268, 0), (-0.01144687, 0.027171059, 0), (-0.013042108, 0.021736847, 0), (-0.012651803, 0.016302634, 0), (-0.010144379, 0.010868424, 0), (-0.0057396484, 0.005434212, 0)]
                uniform token subdivisionScheme = "none"
                matrix4d xformOp:transform = ( (-0.8808442376695917, 0.4734061986965059, 0, 0), (-0.4618240888334651, -0.8592939606326491, 0.2198463103929542, 0), (0.10407660610058059, 0.19365035568255418, 0.9755345200486781, 0), (-0.1250291354791023, -0.029824629093921806, 0.11667519602363793, 1) )
                uniform token[] xformOpOrder = ["xformOp:transform"]
            }

            def Cylinder "Petiolule_5" (
                prepend apiSchemas = ["PhysicsCollisionAPI"]
            )
            {
                uniform token axis = "Z"
                double height = 0.01
                rel material:binding = </Plant_1/Materials/Leaf>
                double radius = 0.00110935186
                matrix4d xformOp:transform = ( (-0.665808374270465, -0.7461227839647576, 0, 0), (0.1640323411547712, -0.14637551451209285, 0.9755345200486782, 0), (-0.7278685319524434, 0.6495190528383288, 0.2198463103929542, 0), (-0.12405023725052987, -0.01798409422340367, 0.11557596447167316, 1) )
                uniform token[] xformOpOrder = ["xformOp:transform"]
            }

            def Mesh "Blade_5" (
                prepend apiSchemas = ["PhysicsCollisionAPI", "PhysicsMeshCollisionAPI"]
            )
            {
                int[] faceVertexCounts = [3, 3, 3, 3, 3, 3, 3, 3, 3, 3, 3, 3, 3, 3]
                int[] faceVertexIndices = [0, 1, 2, 0, 2, 3, 0, 3, 4, 0, 4, 5, 0, 5, 6, 0, 6, 7, 0, 7, 8, 0, 8, 9, 0, 9, 10, 0, 10, 11, 0, 11, 12, 0, 12, 13, 0, 13, 14, 0, 14, 15]
                rel material:binding = </Plant_1/Materials/Leaf>
                uniform token physics:approximation = "convexHull"
                point3f[] points = [(0, 0, 0), (0.0057396484, 0.005434212, 0), (0.010144379, 0.010868424, 0), (0.012651803, 0.016302634, 0), (0.013042108, 0.021736847, 0), (0.01144687, 0.027171059, 0), (0.008299947, 0.032605268, 0), (0.004242349, 0.038039483, 0), (0, 0.043473694, 0), (-0.004242349, 0.038039483, 0), (-0.008299947, 0.032605268, 0), (-0.01144687, 0.027171059, 0), (-0.013042108, 0.021736847, 0), (-0.012651803, 0.016302634, 0), (-0.010144379, 0.010868424, 0), (-0.0057396484, 0.005434212, 0)]
                uniform token subdivisionScheme = "none"
                matrix4d xformOp:transform = ( (0.665808374270465, 0.7461227839647576, -0, 0), (-0.7278685319524434, 0.6495190528383288, 0.2198463103929542, 0), (0.1640323411547712, -0.14637551451209285, 0.9755345200486782, 0), (-0.1276895799102921, -0.014736498959212025, 0.11667519602363793, 1) )
                uniform token[] xformOpOrder = ["xformOp:transform"]
            }

            def Cylinder "Petiolule_term" (
                prepend apiSchemas = ["PhysicsCollisionAPI"]
            )
            {
                uniform token axis = "Z"
                double height = 0.01
                rel material:binding = </Plant_1/Materials/Leaf>
                double radius = 0.00110935186
                matrix4d xformOp:transform = ( (0.17364817766693047, -0.984807753012208, 0, 0), (0.33682408883346515, 0.05939117461388475, 0.9396926207859084, 0), (-0.9254165783983234, -0.16317591116653496, 0.3420201433256687, 0), (-0.16461883854827983, -0.029026742768952465, 0.13081532861965853, 1) )
                uniform token[] xformOpOrder = ["xformOp:transform"]
            }

            def Mesh "Blade_6" (
                prepend apiSchemas = ["PhysicsCollisionAPI", "PhysicsMeshCollisionAPI"]
            )
            {
                int[] faceVertexCounts = [3, 3, 3, 3, 3, 3, 3, 3, 3, 3, 3, 3, 3, 3]
                int[] faceVertexIndices = [0, 1, 2, 0, 2, 3, 0, 3, 4, 0, 4, 5, 0, 5, 6, 0, 6, 7, 0, 7, 8, 0, 8, 9, 0, 9, 10, 0, 10, 11, 0, 11, 12, 0, 12, 13, 0, 13, 14, 0, 14, 15]
                rel material:binding = </Plant_1/Materials/Leaf>
                uniform token physics:approximation = "convexHull"
                point3f[] points = [(0, 0, 0), (0.0057406533, 0.005435163, 0), (0.010146155, 0.010870326, 0), (0.012654019, 0.01630549, 0), (0.013044392, 0.021740653, 0), (0.011448874, 0.027175816, 0), (0.0083014, 0.03261098, 0), (0.0042430917, 0.03804614, 0), (0, 0.043481305, 0), (-0.0042430917, 0.03804614, 0), (-0.0083014, 0.03261098, 0), (-0.011448874, 0.027175816, 0), (-0.013044392, 0.021740653, 0), (-0.012654019, 0.01630549, 0), (-0.010146155, 0.010870326, 0), (-0.0057406533, 0.005435163, 0)]
                uniform token subdivisionScheme = "none"
                matrix4d xformOp:transform = ( (-0.17364817766693047, 0.984807753012208, 0, 0), (-0.9254165783983234, -0.16317591116653496, 0.3420201433256687, 0), (0.33682408883346515, 0.05939117461388475, 0.9396926207859084, 0), (-0.16924592144027145, -0.029842622324785142, 0.1325254293362869, 1) )
                uniform token[] xformOpOrder = ["xformOp:transform"]
            }
        }

        def Xform "Leaf_o0_r3_i0" (
            prepend apiSchemas = ["PhysicsRigidBodyAPI", "PhysicsMassAPI", "PhysicsFilteredPairsAPI"]
        )
        {
            prepend rel physics:filteredPairs = </Plant_1/Stem/Internode_o0_r3>
            float physics:mass = 0.05

            def Cylinder "Petiole" (
                prepend apiSchemas = ["PhysicsCollisionAPI"]
            )
            {
                uniform token axis = "Z"
                double height = 0.033872094
                rel material:binding = </Plant_1/Materials/Leaf>
                double radius = 0.002772691
                matrix4d xformOp:transform = ( (-0.7933533402912352, 0.6087614290087207, 0, 0), (-0.20820867120070155, -0.2713428231543063, 0.9396926207859084, 0), (0.5720486226585795, 0.7455082795475254, 0.3420201433256687, 0), (0.009688242359630967, 0.012625963261306028, 0.058673634222310256, 1) )
                uniform token[] xformOpOrder = ["xformOp:transform"]
            }

            def Cylinder "Rachis" (
                prepend apiSchemas = ["PhysicsCollisionAPI"]
            )
            {
                uniform token axis = "Z"
                double height = 0.08928219
                rel material:binding = </Plant_1/Materials/Leaf>
                double radius = 0.0016636145999999999
                matrix4d xformOp:transform = ( (-0.7933533402912352, 0.6087614290087207, 0, 0), (-0.20820867120070155, -0.2713428231543063, 0.9396926207859084, 0), (0.5720486226585795, 0.7455082795475254, 0.3420201433256687, 0), (0.044913361627982734, 0.05853223245317969, 0.07973425715473531, 1) )
                uniform token[] xformOpOrder = ["xformOp:transform"]
            }

            def Cylinder "Petiolule_0" (
                prepend apiSchemas = ["PhysicsCollisionAPI"]
            )
            {
                uniform token axis = "Z"
                double height = 0.01
                rel material:binding = </Plant_1/Materials/Leaf>
                double radius = 0.0011090764
                matrix4d xformOp:transform = ( (-0.9692550857574936, -0.24605807999989301, 0, 0), (0.05409496103035083, -0.21308715443339138, 0.9755345200486782, 0), (-0.24003815097679487, 0.9455417948891769, 0.2198463103929542, 0), (0.01817629396437796, 0.02997963549705794, 0.06556533499658529, 1) )
                uniform token[] xformOpOrder = ["xformOp:transform"]
            }

            def Mesh "Blade_0" (
                prepend apiSchemas = ["PhysicsCollisionAPI", "PhysicsMeshCollisionAPI"]
            )
            {
                int[] faceVertexCounts = [3, 3, 3, 3, 3, 3, 3, 3, 3, 3, 3, 3, 3, 3]
                int[] faceVertexIndices = [0, 1, 2, 0, 2, 3, 0, 3, 4, 0, 4, 5, 0, 5, 6, 0, 6, 7, 0, 7, 8, 0, 8, 9, 0, 9, 10, 0, 10, 11, 0, 11, 12, 0, 12, 13, 0, 13, 14, 0, 14, 15]
                rel material:binding = </Plant_1/Materials/Leaf>
                uniform token physics:approximation = "convexHull"
                point3f[] points = [(0, 0, 0), (0.006785423, 0.006424335, 0), (0.011992704, 0.01284867, 0), (0.014956986, 0.019273005, 0), (0.015418404, 0.02569734, 0), (0.013532511, 0.032121677, 0), (0.009812213, 0.03854601, 0), (0.0050153127, 0.044970345, 0), (0, 0.05139468, 0), (-0.0050153127, 0.044970345, 0), (-0.009812213, 0.03854601, 0), (-0.013532511, 0.032121677, 0), (-0.015418404, 0.02569734, 0), (-0.014956986, 0.019273005, 0), (-0.011992704, 0.01284867, 0), (-0.006785423, 0.006424335, 0)]
                uniform token subdivisionScheme = "none"
                matrix4d xformOp:transform = ( (0.9692550857574936, 0.24605807999989301, -0, 0), (-0.24003815097679487, 0.9455417948891769, 0.2198463103929542, 0), (0.05409496103035083, -0.21308715443339138, 0.9755345200486782, 0), (0.016976103209493984, 0.03470734447150382, 0.06666456654855006, 1) )
                uniform token[] xformOpOrder = ["xformOp:transform"]
            }

            def Cylinder "Petiolule_1" (
                prepend apiSchemas = ["PhysicsCollisionAPI"]
            )
            {
                uniform token axis = "Z"
                double height = 0.01
                rel material:binding = </Plant_1/Materials/Leaf>
                double radius = 0.0011090764
                matrix4d xformOp:transform = ( (-0.013187821517518024, 0.9999130369005207, 0, 0), (-0.21982719187639332, -0.0028992939027471477, 0.9755345200486782, 0), (0.9754496845431657, 0.012865175134579576, 0.2198463103929542, 0), (0.024253733141977762, 0.025316252398284955, 0.06556533499658529, 1) )
                uniform token[] xformOpOrder = ["xformOp:transform"]
            }

            def Mesh "Blade_1" (
                prepend apiSchemas = ["PhysicsCollisionAPI", "PhysicsMeshCollisionAPI"]
            )
            {
                int[] faceVertexCounts = [3, 3, 3, 3, 3, 3, 3, 3, 3, 3, 3, 3, 3, 3]
                int[] faceVertexIndices = [0, 1, 2, 0, 2, 3, 0, 3, 4, 0, 4, 5, 0, 5, 6, 0, 6, 7, 0, 7, 8, 0, 8, 9, 0, 9, 10, 0, 10, 11, 0, 11, 12, 0, 12, 13, 0, 13, 14, 0, 14, 15]
                rel material:binding = </Plant_1/Materials/Leaf>
                uniform token physics:approximation = "convexHull"
                point3f[] points = [(0, 0, 0), (0.006785423, 0.006424335, 0), (0.011992704, 0.01284867, 0), (0.014956986, 0.019273005, 0), (0.015418404, 0.02569734, 0), (0.013532511, 0.032121677, 0), (0.009812213, 0.03854601, 0), (0.0050153127, 0.044970345, 0), (0, 0.05139468, 0), (-0.0050153127, 0.044970345, 0), (-0.009812213, 0.03854601, 0), (-0.013532511, 0.032121677, 0), (-0.015418404, 0.02569734, 0), (-0.014956986, 0.019273005, 0), (-0.011992704, 0.01284867, 0), (-0.006785423, 0.006424335, 0)]
                uniform token subdivisionScheme = "none"
                matrix4d xformOp:transform = ( (0.013187821517518024, -0.9999130369005207, 0, 0), (0.9754496845431657, 0.012865175134579576, 0.2198463103929542, 0), (-0.21982719187639332, -0.0028992939027471477, 0.9755345200486782, 0), (0.02913098156469359, 0.02538057827395785, 0.06666456654855006, 1) )
                uniform token[] xformOpOrder = ["xformOp:transform"]
            }

            def Cylinder "Petiolule_2" (
                prepend apiSchemas = ["PhysicsCollisionAPI"]
            )
            {
                uniform token axis = "Z"
                double height = 0.01
                rel material:binding = </Plant_1/Materials/Leaf>
                double radius = 0.0011090764
                matrix4d xformOp:transform = ( (-0.9692550857574936, -0.24605807999989301, 0, 0), (0.05409496103035083, -0.21308715443339138, 0.9755345200486782, 0), (-0.24003815097679487, 0.9455417948891769, 0.2198463103929542, 0), (0.05195359706808721, 0.07399907392795983, 0.08576032820362282, 1) )
                uniform token[] xformOpOrder = ["xformOp:transform"]
            }

            def Mesh "Blade_2" (
                prepend apiSchemas = ["PhysicsCollisionAPI", "PhysicsMeshCollisionAPI"]
            )
            {
                int[] faceVertexCounts = [3, 3, 3, 3, 3, 3, 3, 3, 3, 3, 3, 3, 3, 3]
                int[] faceVertexIndices = [0, 1, 2, 0, 2, 3, 0, 3, 4, 0, 4, 5, 0, 5, 6, 0, 6, 7, 0, 7, 8, 0, 8, 9, 0, 9, 10, 0, 10, 11, 0, 11, 12, 0, 12, 13, 0, 13, 14, 0, 14, 15]
                rel material:binding = </Plant_1/Materials/Leaf>
                uniform token physics:approximation = "convexHull"
                point3f[] points = [(0, 0, 0), (0.006785423, 0.006424335, 0), (0.011992704, 0.01284867, 0), (0.014956986, 0.019273005, 0), (0.015418404, 0.02569734, 0), (0.013532511, 0.032121677, 0), (0.009812213, 0.03854601, 0), (0.0050153127, 0.044970345, 0), (0, 0.05139468, 0), (-0.0050153127, 0.044970345, 0), (-0.009812213, 0.03854601, 0), (-0.013532511, 0.032121677, 0), (-0.015418404, 0.02569734, 0), (-0.014956986, 0.019273005, 0), (-0.011992704, 0.01284867, 0), (-0.006785423, 0.006424335, 0)]
                uniform token subdivisionScheme = "none"
                matrix4d xformOp:transform = ( (0.9692550857574936, 0.24605807999989301, -0, 0), (-0.24003815097679487, 0.9455417948891769, 0.2198463103929542, 0), (0.05409496103035083, -0.21308715443339138, 0.9755345200486782, 0), (0.05075340631320323, 0.07872678290240571, 0.0868595597555876, 1) )
                uniform token[] xformOpOrder = ["xformOp:transform"]
            }

            def Cylinder "Petiolule_3" (
                prepend apiSchemas = ["PhysicsCollisionAPI"]
            )
            {
                uniform token axis = "Z"
                double height = 0.01
                rel material:binding = </Plant_1/Materials/Leaf>
                double radius = 0.0011090764
                matrix4d xformOp:transform = ( (-0.013187821517518024, 0.9999130369005207, 0, 0), (-0.21982719187639332, -0.0028992939027471477, 0.9755345200486782, 0), (0.9754496845431657, 0.012865175134579576, 0.2198463103929542, 0), (0.05803103624568701, 0.06933569082918685, 0.08576032820362282, 1) )
                uniform token[] xformOpOrder = ["xformOp:transform"]
            }

            def Mesh "Blade_3" (
                prepend apiSchemas = ["PhysicsCollisionAPI", "PhysicsMeshCollisionAPI"]
            )
            {
                int[] faceVertexCounts = [3, 3, 3, 3, 3, 3, 3, 3, 3, 3, 3, 3, 3, 3]
                int[] faceVertexIndices = [0, 1, 2, 0, 2, 3, 0, 3, 4, 0, 4, 5, 0, 5, 6, 0, 6, 7, 0, 7, 8, 0, 8, 9, 0, 9, 10, 0, 10, 11, 0, 11, 12, 0, 12, 13, 0, 13, 14, 0, 14, 15]
                rel material:binding = </Plant_1/Materials/Leaf>
                uniform token physics:approximation = "convexHull"
                point3f[] points = [(0, 0, 0), (0.006785423, 0.006424335, 0), (0.011992704, 0.01284867, 0), (0.014956986, 0.019273005, 0), (0.015418404, 0.02569734, 0), (0.013532511, 0.032121677, 0), (0.009812213, 0.03854601, 0), (0.0050153127, 0.044970345, 0), (0, 0.05139468, 0), (-0.0050153127, 0.044970345, 0), (-0.009812213, 0.03854601, 0), (-0.013532511, 0.032121677, 0), (-0.015418404, 0.02569734, 0), (-0.014956986, 0.019273005, 0), (-0.011992704, 0.01284867, 0), (-0.006785423, 0.006424335, 0)]
                uniform token subdivisionScheme = "none"
                matrix4d xformOp:transform = ( (0.013187821517518024, -0.9999130369005207, 0, 0), (0.9754496845431657, 0.012865175134579576, 0.2198463103929542, 0), (-0.21982719187639332, -0.0028992939027471477, 0.9755345200486782, 0), (0.06290828466840284, 0.06940001670485975, 0.0868595597555876, 1) )
                uniform token[] xformOpOrder = ["xformOp:transform"]
            }

            def Cylinder "Petiolule_term" (
                prepend apiSchemas = ["PhysicsCollisionAPI"]
            )
            {
                uniform token axis = "Z"
                double height = 0.01
                rel material:binding = </Plant_1/Materials/Leaf>
                double radius = 0.0011090764
                matrix4d xformOp:transform = ( (-0.7933533402912352, 0.6087614290087207, 0, 0), (-0.20820867120070155, -0.2713428231543063, 0.9396926207859084, 0), (0.5720486226585795, 0.7455082795475254, 0.3420201433256687, 0), (0.07331048164999643, 0.09554007978148496, 0.09671251158147845, 1) )
                uniform token[] xformOpOrder = ["xformOp:transform"]
            }

            def Mesh "Blade_4" (
                prepend apiSchemas = ["PhysicsCollisionAPI", "PhysicsMeshCollisionAPI"]
            )
            {
                int[] faceVertexCounts = [3, 3, 3, 3, 3, 3, 3, 3, 3, 3, 3, 3, 3, 3]
                int[] faceVertexIndices = [0, 1, 2, 0, 2, 3, 0, 3, 4, 0, 4, 5, 0, 5, 6, 0, 6, 7, 0, 7, 8, 0, 8, 9, 0, 9, 10, 0, 10, 11, 0, 11, 12, 0, 12, 13, 0, 13, 14, 0, 14, 15]
                rel material:binding = </Plant_1/Materials/Leaf>
                uniform token physics:approximation = "convexHull"
                point3f[] points = [(0, 0, 0), (0.006785423, 0.006424335, 0), (0.011992704, 0.01284867, 0), (0.014956986, 0.019273005, 0), (0.015418404, 0.02569734, 0), (0.013532511, 0.032121677, 0), (0.009812213, 0.03854601, 0), (0.0050153127, 0.044970345, 0), (0, 0.05139468, 0), (-0.0050153127, 0.044970345, 0), (-0.009812213, 0.03854601, 0), (-0.013532511, 0.032121677, 0), (-0.015418404, 0.02569734, 0), (-0.014956986, 0.019273005, 0), (-0.011992704, 0.01284867, 0), (-0.006785423, 0.006424335, 0)]
                uniform token subdivisionScheme = "none"
                matrix4d xformOp:transform = ( (0.7933533402912352, -0.6087614290087207, 0, 0), (0.5720486226585795, 0.7455082795475254, 0.3420201433256687, 0), (-0.20820867120070155, -0.2713428231543063, 0.9396926207859084, 0), (0.07617072476328932, 0.0992676211792226, 0.0984226122981068, 1) )
                uniform token[] xformOpOrder = ["xformOp:transform"]
            }
        }

        def Xform "Leaf_o0_r0_i0" (
            prepend apiSchemas = ["PhysicsRigidBodyAPI", "PhysicsMassAPI", "PhysicsFilteredPairsAPI"]
        )
        {
            prepend rel physics:filteredPairs = </Plant_1/Stem/Internode_o0_r0>
            float physics:mass = 0.05

            def Cylinder "Petiole" (
                prepend apiSchemas = ["PhysicsCollisionAPI"]
            )
            {
                uniform token axis = "Z"
                double height = 0.0140959285
                rel material:binding = </Plant_1/Materials/Leaf>
                double radius = 0.0013708973
                matrix4d xformOp:transform = ( (-1.2246467991473532e-16, -1, 0, 0), (0, 0, 1, 0), (-1, 1.2246467991473532e-16, 0, 0), (-0.00704796425, 8.631266859267476e-19, 0.009271495, 1) )
                uniform token[] xformOpOrder = ["xformOp:transform"]
            }

            def Cylinder "Rachis" (
                prepend apiSchemas = ["PhysicsCollisionAPI"]
            )
            {
                uniform token axis = "Z"
                double height = 0.0001
                rel material:binding = </Plant_1/Materials/Leaf>
                double radius = 0.0008225383799999999
                matrix4d xformOp:transform = ( (-1.2246467991473532e-16, -1, 0, 0), (0, 0, 1, 0), (-1, 1.2246467991473532e-16, 0, 0), (-0.0141459285, 1.732376605849232e-18, 0.009271495, 1) )
                uniform token[] xformOpOrder = ["xformOp:transform"]
            }

            def Cylinder "Petiolule_term" (
                prepend apiSchemas = ["PhysicsCollisionAPI"]
            )
            {
                uniform token axis = "Z"
                double height = 0.01
                rel material:binding = </Plant_1/Materials/Leaf>
                double radius = 0.00054835892
                matrix4d xformOp:transform = ( (-1.2246467991473532e-16, -1, 0, 0), (0, 0, 1, 0), (-1, 1.2246467991473532e-16, 0, 0), (-0.0191959285, 2.3508232394186455e-18, 0.009271495, 1) )
                uniform token[] xformOpOrder = ["xformOp:transform"]
            }

            def Mesh "Blade_0" (
                prepend apiSchemas = ["PhysicsCollisionAPI", "PhysicsMeshCollisionAPI"]
            )
            {
                int[] faceVertexCounts = [3, 3, 3, 3, 3, 3, 3, 3, 3, 3, 3, 3, 3, 3]
                int[] faceVertexIndices = [0, 1, 2, 0, 2, 3, 0, 3, 4, 0, 4, 5, 0, 5, 6, 0, 6, 7, 0, 7, 8, 0, 8, 9, 0, 9, 10, 0, 10, 11, 0, 11, 12, 0, 12, 13, 0, 13, 14, 0, 14, 15]
                rel material:binding = </Plant_1/Materials/Leaf>
                uniform token physics:approximation = "convexHull"
                point3f[] points = [(0, 0, 0), (0.001977589, 0.0018723512, 0), (0.0034952338, 0.0037447023, 0), (0.004359164, 0.0056170537, 0), (0.004493643, 0.0074894046, 0), (0.0039440054, 0.009361756, 0), (0.0028597368, 0.011234107, 0), (0.0014616962, 0.013106458, 0), (0, 0.014978809, 0), (-0.0014616962, 0.013106458, 0), (-0.0028597368, 0.011234107, 0), (-0.0039440054, 0.009361756, 0), (-0.004493643, 0.0074894046, 0), (-0.004359164, 0.0056170537, 0), (-0.0034952338, 0.0037447023, 0), (-0.001977589, 0.0018723512, 0)]
                uniform token subdivisionScheme = "none"
                matrix4d xformOp:transform = ( (1.2246467991473532e-16, 1, -0, 0), (-1, 1.2246467991473532e-16, 0, 0), (0, 0, 1, 0), (-0.024195928499999998, 2.963146638992322e-18, 0.009271495, 1) )
                uniform token[] xformOpOrder = ["xformOp:transform"]
            }
        }

        def Xform "Leaf_o0_r0_i1" (
            prepend apiSchemas = ["PhysicsRigidBodyAPI", "PhysicsMassAPI"]
        )
        {
            float physics:mass = 0.05

            def Cylinder "Petiole" (
                prepend apiSchemas = ["PhysicsCollisionAPI"]
            )
            {
                uniform token axis = "Z"
                double height = 0.0140959285
                rel material:binding = </Plant_1/Materials/Leaf>
                double radius = 0.0013708973
                matrix4d xformOp:transform = ( (0, 1, 0, 0), (0, 0, 1, 0), (1, 0, 0, 0), (0.00704796425, 0, 0, 1) )
                uniform token[] xformOpOrder = ["xformOp:transform"]
            }

            def Cylinder "Rachis" (
                prepend apiSchemas = ["PhysicsCollisionAPI"]
            )
            {
                uniform token axis = "Z"
                double height = 0.0001
                rel material:binding = </Plant_1/Materials/Leaf>
                double radius = 0.0008225383799999999
                matrix4d xformOp:transform = ( (0, 1, 0, 0), (0, 0, 1, 0), (1, 0, 0, 0), (0.0141459285, 0, 0, 1) )
                uniform token[] xformOpOrder = ["xformOp:transform"]
            }

            def Cylinder "Petiolule_term" (
                prepend apiSchemas = ["PhysicsCollisionAPI"]
            )
            {
                uniform token axis = "Z"
                double height = 0.01
                rel material:binding = </Plant_1/Materials/Leaf>
                double radius = 0.00054835892
                matrix4d xformOp:transform = ( (0, 1, 0, 0), (0, 0, 1, 0), (1, 0, 0, 0), (0.0191959285, 0, 0, 1) )
                uniform token[] xformOpOrder = ["xformOp:transform"]
            }

            def Mesh "Blade_0" (
                prepend apiSchemas = ["PhysicsCollisionAPI", "PhysicsMeshCollisionAPI"]
            )
            {
                int[] faceVertexCounts = [3, 3, 3, 3, 3, 3, 3, 3, 3, 3, 3, 3, 3, 3]
                int[] faceVertexIndices = [0, 1, 2, 0, 2, 3, 0, 3, 4, 0, 4, 5, 0, 5, 6, 0, 6, 7, 0, 7, 8, 0, 8, 9, 0, 9, 10, 0, 10, 11, 0, 11, 12, 0, 12, 13, 0, 13, 14, 0, 14, 15]
                rel material:binding = </Plant_1/Materials/Leaf>
                uniform token physics:approximation = "convexHull"
                point3f[] points = [(0, 0, 0), (0.001977589, 0.0018723512, 0), (0.0034952338, 0.0037447023, 0), (0.004359164, 0.0056170537, 0), (0.004493643, 0.0074894046, 0), (0.0039440054, 0.009361756, 0), (0.0028597368, 0.011234107, 0), (0.0014616962, 0.013106458, 0), (0, 0.014978809, 0), (-0.0014616962, 0.013106458, 0), (-0.0028597368, 0.011234107, 0), (-0.0039440054, 0.009361756, 0), (-0.004493643, 0.0074894046, 0), (-0.004359164, 0.0056170537, 0), (-0.0034952338, 0.0037447023, 0), (-0.001977589, 0.0018723512, 0)]
                uniform token subdivisionScheme = "none"
                matrix4d xformOp:transform = ( (0, -1, 0, 0), (1, 0, 0, 0), (-0, 0, 1, 0), (0.024195928499999998, 0, 0, 1) )
                uniform token[] xformOpOrder = ["xformOp:transform"]
            }
        }

        def Xform "Leaf_o0_r1_i0" (
            prepend apiSchemas = ["PhysicsRigidBodyAPI", "PhysicsMassAPI", "PhysicsFilteredPairsAPI"]
        )
        {
            prepend rel physics:filteredPairs = </Plant_1/Stem/Internode_o0_r1>
            float physics:mass = 0.05

            def Cylinder "Petiole" (
                prepend apiSchemas = ["PhysicsCollisionAPI"]
            )
            {
                uniform token axis = "Z"
                double height = 0.026974974
                rel material:binding = </Plant_1/Materials/Leaf>
                double radius = 0.00230918965
                matrix4d xformOp:transform = ( (-1, 6.123233995736766e-17, 0, 0), (0, -0, 1, 0), (6.123233995736766e-17, 1, 0, 0), (8.258703891545769e-19, 0.013487487, 0.019310631, 1) )
                uniform token[] xformOpOrder = ["xformOp:transform"]
            }

            def Cylinder "Rachis" (
                prepend apiSchemas = ["PhysicsCollisionAPI"]
            )
            {
                uniform token axis = "Z"
                double height = 0.032086246
                rel material:binding = </Plant_1/Materials/Leaf>
                double radius = 0.00138551379
                matrix4d xformOp:transform = ( (-1, 6.123233995736766e-17, 0, 0), (0, -0, 1, 0), (6.123233995736766e-17, 1, 0, 0), (2.634098739823018e-18, 0.043018097, 0.019310631, 1) )
                uniform token[] xformOpOrder = ["xformOp:transform"]
            }

            def Cylinder "Petiolule_0" (
                prepend apiSchemas = ["PhysicsCollisionAPI"]
            )
            {
                uniform token axis = "Z"
                double height = 0.01
                rel material:binding = </Plant_1/Materials/Leaf>
                double radius = 0.0009236758600000001
                matrix4d xformOp:transform = ( (-0.6427876096865394, -0.766044443118978, 0, 0), (0, 0, 1, 0), (-0.766044443118978, 0.6427876096865394, 0, 0), (-0.0038302222155948886, 0.030188912048432697, 0.019310631, 1) )
                uniform token[] xformOpOrder = ["xformOp:transform"]
            }

            def Mesh "Blade_0" (
                prepend apiSchemas = ["PhysicsCollisionAPI", "PhysicsMeshCollisionAPI"]
            )
            {
                int[] faceVertexCounts = [3, 3, 3, 3, 3, 3, 3, 3, 3, 3, 3, 3, 3, 3]
                int[] faceVertexIndices = [0, 1, 2, 0, 2, 3, 0, 3, 4, 0, 4, 5, 0, 5, 6, 0, 6, 7, 0, 7, 8, 0, 8, 9, 0, 9, 10, 0, 10, 11, 0, 11, 12, 0, 12, 13, 0, 13, 14, 0, 14, 15]
                rel material:binding = </Plant_1/Materials/Leaf>
                uniform token physics:approximation = "convexHull"
                point3f[] points = [(0, 0, 0), (0.004147845, 0.0039271163, 0), (0.0073309913, 0.007854233, 0), (0.00914302, 0.011781349, 0), (0.009425079, 0.015708465, 0), (0.008272256, 0.019635582, 0), (0.005998084, 0.023562698, 0), (0.0030657984, 0.027489815, 0), (0, 0.03141693, 0), (-0.0030657984, 0.027489815, 0), (-0.005998084, 0.023562698, 0), (-0.008272256, 0.019635582, 0), (-0.009425079, 0.015708465, 0), (-0.00914302, 0.011781349, 0), (-0.0073309913, 0.007854233, 0), (-0.004147845, 0.0039271163, 0)]
                uniform token subdivisionScheme = "none"
                matrix4d xformOp:transform = ( (0.6427876096865394, 0.766044443118978, -0, 0), (-0.766044443118978, 0.6427876096865394, 0, 0), (0, 0, 1, 0), (-0.007660444431189779, 0.033402850096865395, 0.019310631, 1) )
                uniform token[] xformOpOrder = ["xformOp:transform"]
            }

            def Cylinder "Petiolule_1" (
                prepend apiSchemas = ["PhysicsCollisionAPI"]
            )
            {
                uniform token axis = "Z"
                double height = 0.01
                rel material:binding = </Plant_1/Materials/Leaf>
                double radius = 0.0009236758600000001
                matrix4d xformOp:transform = ( (-0.6427876096865394, 0.766044443118978, 0, 0), (0, -0, 1, 0), (0.766044443118978, 0.6427876096865394, 0, 0), (0.003830222215594892, 0.030188912048432697, 0.019310631, 1) )
                uniform token[] xformOpOrder = ["xformOp:transform"]
            }

            def Mesh "Blade_1" (
                prepend apiSchemas = ["PhysicsCollisionAPI", "PhysicsMeshCollisionAPI"]
            )
            {
                int[] faceVertexCounts = [3, 3, 3, 3, 3, 3, 3, 3, 3, 3, 3, 3, 3, 3]
                int[] faceVertexIndices = [0, 1, 2, 0, 2, 3, 0, 3, 4, 0, 4, 5, 0, 5, 6, 0, 6, 7, 0, 7, 8, 0, 8, 9, 0, 9, 10, 0, 10, 11, 0, 11, 12, 0, 12, 13, 0, 13, 14, 0, 14, 15]
                rel material:binding = </Plant_1/Materials/Leaf>
                uniform token physics:approximation = "convexHull"
                point3f[] points = [(0, 0, 0), (0.004147845, 0.0039271163, 0), (0.0073309913, 0.007854233, 0), (0.00914302, 0.011781349, 0), (0.009425079, 0.015708465, 0), (0.008272256, 0.019635582, 0), (0.005998084, 0.023562698, 0), (0.0030657984, 0.027489815, 0), (0, 0.03141693, 0), (-0.0030657984, 0.027489815, 0), (-0.005998084, 0.023562698, 0), (-0.008272256, 0.019635582, 0), (-0.009425079, 0.015708465, 0), (-0.00914302, 0.011781349, 0), (-0.0073309913, 0.007854233, 0), (-0.004147845, 0.0039271163, 0)]
                uniform token subdivisionScheme = "none"
                matrix4d xformOp:transform = ( (0.6427876096865394, -0.766044443118978, 0, 0), (0.766044443118978, 0.6427876096865394, 0, 0), (-0, 0, 1, 0), (0.007660444431189782, 0.033402850096865395, 0.019310631, 1) )
                uniform token[] xformOpOrder = ["xformOp:transform"]
            }

            def Cylinder "Petiolule_term" (
                prepend apiSchemas = ["PhysicsCollisionAPI"]
            )
            {
                uniform token axis = "Z"
                double height = 0.01
                rel material:binding = </Plant_1/Materials/Leaf>
                double radius = 0.0009236758600000001
                matrix4d xformOp:transform = ( (-1, 6.123233995736766e-17, 0, 0), (0, -0, 1, 0), (6.123233995736766e-17, 1, 0, 0), (3.922618401123721e-18, 0.06406122, 0.019310631, 1) )
                uniform token[] xformOpOrder = ["xformOp:transform"]
            }

            def Mesh "Blade_2" (
                prepend apiSchemas = ["PhysicsCollisionAPI", "PhysicsMeshCollisionAPI"]
            )
            {
                int[] faceVertexCounts = [3, 3, 3, 3, 3, 3, 3, 3, 3, 3, 3, 3, 3, 3]
                int[] faceVertexIndices = [0, 1, 2, 0, 2, 3, 0, 3, 4, 0, 4, 5, 0, 5, 6, 0, 6, 7, 0, 7, 8, 0, 8, 9, 0, 9, 10, 0, 10, 11, 0, 11, 12, 0, 12, 13, 0, 13, 14, 0, 14, 15]
                rel material:binding = </Plant_1/Materials/Leaf>
                uniform token physics:approximation = "convexHull"
                point3f[] points = [(0, 0, 0), (0.0042102225, 0.0039861742, 0), (0.0074412385, 0.0079723485, 0), (0.009280517, 0.011958523, 0), (0.009566818, 0.015944697, 0), (0.008396658, 0.019930871, 0), (0.006088286, 0.023917045, 0), (0.0031119036, 0.02790322, 0), (0, 0.031889394, 0), (-0.0031119036, 0.02790322, 0), (-0.006088286, 0.023917045, 0), (-0.008396658, 0.019930871, 0), (-0.009566818, 0.015944697, 0), (-0.009280517, 0.011958523, 0), (-0.0074412385, 0.0079723485, 0), (-0.0042102225, 0.0039861742, 0)]
                uniform token subdivisionScheme = "none"
                matrix4d xformOp:transform = ( (1, -6.123233995736766e-17, 0, 0), (6.123233995736766e-17, 1, 0, 0), (-0, 0, 1, 0), (4.228780100910559e-18, 0.06906121999999999, 0.019310631, 1) )
                uniform token[] xformOpOrder = ["xformOp:transform"]
            }
        }

        def Xform "Leaf_o0_r1_i1" (
            prepend apiSchemas = ["PhysicsRigidBodyAPI", "PhysicsMassAPI"]
        )
        {
            float physics:mass = 0.05

            def Cylinder "Petiole" (
                prepend apiSchemas = ["PhysicsCollisionAPI"]
            )
            {
                uniform token axis = "Z"
                double height = 0.026974974
                rel material:binding = </Plant_1/Materials/Leaf>
                double radius = 0.00230918965
                matrix4d xformOp:transform = ( (1, -1.8369701987210297e-16, 0, 0), (0, 0, 1, 0), (-1.8369701987210297e-16, -1, 0, 0), (-2.4776111674637304e-18, -0.013487487, 0, 1) )
                uniform token[] xformOpOrder = ["xformOp:transform"]
            }

            def Cylinder "Rachis" (
                prepend apiSchemas = ["PhysicsCollisionAPI"]
            )
            {
                uniform token axis = "Z"
                double height = 0.032086246
                rel material:binding = </Plant_1/Materials/Leaf>
                double radius = 0.00138551379
                matrix4d xformOp:transform = ( (1, -1.8369701987210297e-16, 0, 0), (0, 0, 1, 0), (-1.8369701987210297e-16, -1, 0, 0), (-7.902296219469053e-18, -0.043018097, 0, 1) )
                uniform token[] xformOpOrder = ["xformOp:transform"]
            }

            def Cylinder "Petiolule_0" (
                prepend apiSchemas = ["PhysicsCollisionAPI"]
            )
            {
                uniform token axis = "Z"
                double height = 0.01
                rel material:binding = </Plant_1/Materials/Leaf>
                double radius = 0.0009236758600000001
                matrix4d xformOp:transform = ( (0.6427876096865395, 0.7660444431189779, -0, 0), (0, 0, 1, 0), (0.7660444431189779, -0.6427876096865395, 0, 0), (0.0038302222155948847, -0.030188912048432697, 0, 1) )
                uniform token[] xformOpOrder = ["xformOp:transform"]
            }

            def Mesh "Blade_0" (
                prepend apiSchemas = ["PhysicsCollisionAPI", "PhysicsMeshCollisionAPI"]
            )
            {
                int[] faceVertexCounts = [3, 3, 3, 3, 3, 3, 3, 3, 3, 3, 3, 3, 3, 3]
                int[] faceVertexIndices = [0, 1, 2, 0, 2, 3, 0, 3, 4, 0, 4, 5, 0, 5, 6, 0, 6, 7, 0, 7, 8, 0, 8, 9, 0, 9, 10, 0, 10, 11, 0, 11, 12, 0, 12, 13, 0, 13, 14, 0, 14, 15]
                rel material:binding = </Plant_1/Materials/Leaf>
                uniform token physics:approximation = "convexHull"
                point3f[] points = [(0, 0, 0), (0.004147845, 0.0039271163, 0), (0.0073309913, 0.007854233, 0), (0.00914302, 0.011781349, 0), (0.009425079, 0.015708465, 0), (0.008272256, 0.019635582, 0), (0.005998084, 0.023562698, 0), (0.0030657984, 0.027489815, 0), (0, 0.03141693, 0), (-0.0030657984, 0.027489815, 0), (-0.005998084, 0.023562698, 0), (-0.008272256, 0.019635582, 0), (-0.009425079, 0.015708465, 0), (-0.00914302, 0.011781349, 0), (-0.0073309913, 0.007854233, 0), (-0.004147845, 0.0039271163, 0)]
                uniform token subdivisionScheme = "none"
                matrix4d xformOp:transform = ( (-0.6427876096865395, -0.7660444431189779, 0, 0), (0.7660444431189779, -0.6427876096865395, 0, 0), (0, 0, 1, 0), (0.007660444431189774, -0.033402850096865395, 0, 1) )
                uniform token[] xformOpOrder = ["xformOp:transform"]
            }

            def Cylinder "Petiolule_1" (
                prepend apiSchemas = ["PhysicsCollisionAPI"]
            )
            {
                uniform token axis = "Z"
                double height = 0.01
                rel material:binding = </Plant_1/Materials/Leaf>
                double radius = 0.0009236758600000001
                matrix4d xformOp:transform = ( (0.6427876096865393, -0.7660444431189781, 0, 0), (0, 0, 1, 0), (-0.7660444431189781, -0.6427876096865393, 0, 0), (-0.0038302222155948955, -0.030188912048432694, 0, 1) )
                uniform token[] xformOpOrder = ["xformOp:transform"]
            }

            def Mesh "Blade_1" (
                prepend apiSchemas = ["PhysicsCollisionAPI", "PhysicsMeshCollisionAPI"]
            )
            {
                int[] faceVertexCounts = [3, 3, 3, 3, 3, 3, 3, 3, 3, 3, 3, 3, 3, 3]
                int[] faceVertexIndices = [0, 1, 2, 0, 2, 3, 0, 3, 4, 0, 4, 5, 0, 5, 6, 0, 6, 7, 0, 7, 8, 0, 8, 9, 0, 9, 10, 0, 10, 11, 0, 11, 12, 0, 12, 13, 0, 13, 14, 0, 14, 15]
                rel material:binding = </Plant_1/Materials/Leaf>
                uniform token physics:approximation = "convexHull"
                point3f[] points = [(0, 0, 0), (0.004147845, 0.0039271163, 0), (0.0073309913, 0.007854233, 0), (0.00914302, 0.011781349, 0), (0.009425079, 0.015708465, 0), (0.008272256, 0.019635582, 0), (0.005998084, 0.023562698, 0), (0.0030657984, 0.027489815, 0), (0, 0.03141693, 0), (-0.0030657984, 0.027489815, 0), (-0.005998084, 0.023562698, 0), (-0.008272256, 0.019635582, 0), (-0.009425079, 0.015708465, 0), (-0.00914302, 0.011781349, 0), (-0.0073309913, 0.007854233, 0), (-0.004147845, 0.0039271163, 0)]
                uniform token subdivisionScheme = "none"
                matrix4d xformOp:transform = ( (-0.6427876096865393, 0.7660444431189781, 0, 0), (-0.7660444431189781, -0.6427876096865393, 0, 0), (0, 0, 1, 0), (-0.007660444431189787, -0.03340285009686539, 0, 1) )
                uniform token[] xformOpOrder = ["xformOp:transform"]
            }

            def Cylinder "Petiolule_term" (
                prepend apiSchemas = ["PhysicsCollisionAPI"]
            )
            {
                uniform token axis = "Z"
                double height = 0.01
                rel material:binding = </Plant_1/Materials/Leaf>
                double radius = 0.0009236758600000001
                matrix4d xformOp:transform = ( (1, -1.8369701987210297e-16, 0, 0), (0, 0, 1, 0), (-1.8369701987210297e-16, -1, 0, 0), (-1.1767855203371159e-17, -0.06406122, 0, 1) )
                uniform token[] xformOpOrder = ["xformOp:transform"]
            }

            def Mesh "Blade_2" (
                prepend apiSchemas = ["PhysicsCollisionAPI", "PhysicsMeshCollisionAPI"]
            )
            {
                int[] faceVertexCounts = [3, 3, 3, 3, 3, 3, 3, 3, 3, 3, 3, 3, 3, 3]
                int[] faceVertexIndices = [0, 1, 2, 0, 2, 3, 0, 3, 4, 0, 4, 5, 0, 5, 6, 0, 6, 7, 0, 7, 8, 0, 8, 9, 0, 9, 10, 0, 10, 11, 0, 11, 12, 0, 12, 13, 0, 13, 14, 0, 14, 15]
                rel material:binding = </Plant_1/Materials/Leaf>
                uniform token physics:approximation = "convexHull"
                point3f[] points = [(0, 0, 0), (0.0042102225, 0.0039861742, 0), (0.0074412385, 0.0079723485, 0), (0.009280517, 0.011958523, 0), (0.009566818, 0.015944697, 0), (0.008396658, 0.019930871, 0), (0.006088286, 0.023917045, 0), (0.0031119036, 0.02790322, 0), (0, 0.031889394, 0), (-0.0031119036, 0.02790322, 0), (-0.006088286, 0.023917045, 0), (-0.008396658, 0.019930871, 0), (-0.009566818, 0.015944697, 0), (-0.009280517, 0.011958523, 0), (-0.0074412385, 0.0079723485, 0), (-0.0042102225, 0.0039861742, 0)]
                uniform token subdivisionScheme = "none"
                matrix4d xformOp:transform = ( (-1, 1.8369701987210297e-16, 0, 0), (-1.8369701987210297e-16, -1, 0, 0), (0, 0, 1, 0), (-1.2686340302731673e-17, -0.06906121999999999, 0, 1) )
                uniform token[] xformOpOrder = ["xformOp:transform"]
            }
        }

        def Xform "Leaf_o0_r2_i0" (
            prepend apiSchemas = ["PhysicsRigidBodyAPI", "PhysicsMassAPI", "PhysicsFilteredPairsAPI"]
        )
        {
            prepend rel physics:filteredPairs = </Plant_1/Stem/Internode_o0_r2>
            float physics:mass = 0.05

            def Cylinder "Petiole" (
                prepend apiSchemas = ["PhysicsCollisionAPI"]
            )
            {
                uniform token axis = "Z"
                double height = 0.033851825
                rel material:binding = </Plant_1/Materials/Leaf>
                double radius = 0.00277135775
                matrix4d xformOp:transform = ( (-1.2246467991473532e-16, -1, 0, 0), (0.3420201433256687, -4.188538737676992e-17, 0.9396926207859084, 0), (-0.9396926207859084, 1.1507915602278503e-16, 0.3420201433256687, 0), (-0.015905155076317967, 1.9478197254155075e-18, 0.04162111601916773, 1) )
                uniform token[] xformOpOrder = ["xformOp:transform"]
            }

            def Cylinder "Rachis" (
                prepend apiSchemas = ["PhysicsCollisionAPI"]
            )
            {
                uniform token axis = "Z"
                double height = 0.09449794
                rel material:binding = </Plant_1/Materials/Leaf>
                double radius = 0.0016628146499999999
                matrix4d xformOp:transform = ( (-1.2246467991473532e-16, -1, 0, 0), (0.3420201433256687, -4.188538737676992e-17, 0.9396926207859084, 0), (-0.9396926207859084, 1.1507915602278503e-16, 0.3420201433256687, 0), (-0.07620981860137069, 9.333011041376904e-18, 0.06357021852972568, 1) )
                uniform token[] xformOpOrder = ["xformOp:transform"]
            }

            def Cylinder "Petiolule_0" (
                prepend apiSchemas = ["PhysicsCollisionAPI"]
            )
            {
                uniform token axis = "Z"
                double height = 0.01
                rel material:binding = </Plant_1/Materials/Leaf>
                double radius = 0.0011085431
                matrix4d xformOp:transform = ( (0.7852561107532648, -0.6191710914800983, 0, 0), (0.1361224799638779, 0.17263565866262628, 0.9755345200486781, 0), (-0.6040227735550538, -0.7660444431189779, 0.2198463103929542, 0), (-0.0348304240204112, -0.0038302222155948856, 0.048509350590300225, 1) )
                uniform token[] xformOpOrder = ["xformOp:transform"]
            }

            def Mesh "Blade_0" (
                prepend apiSchemas = ["PhysicsCollisionAPI", "PhysicsMeshCollisionAPI"]
            )
            {
                int[] faceVertexCounts = [3, 3, 3, 3, 3, 3, 3, 3, 3, 3, 3, 3, 3, 3]
                int[] faceVertexIndices = [0, 1, 2, 0, 2, 3, 0, 3, 4, 0, 4, 5, 0, 5, 6, 0, 6, 7, 0, 7, 8, 0, 8, 9, 0, 9, 10, 0, 10, 11, 0, 11, 12, 0, 12, 13, 0, 13, 14, 0, 14, 15]
                rel material:binding = </Plant_1/Materials/Leaf>
                uniform token physics:approximation = "convexHull"
                point3f[] points = [(0, 0, 0), (0.006773839, 0.006413367, 0), (0.01197223, 0.012826734, 0), (0.014931451, 0.019240102, 0), (0.015392082, 0.025653468, 0), (0.013509408, 0.032066837, 0), (0.009795461, 0.038480204, 0), (0.0050067506, 0.04489357, 0), (0, 0.051306937, 0), (-0.0050067506, 0.04489357, 0), (-0.009795461, 0.038480204, 0), (-0.013509408, 0.032066837, 0), (-0.015392082, 0.025653468, 0), (-0.014931451, 0.019240102, 0), (-0.01197223, 0.012826734, 0), (-0.006773839, 0.006413367, 0)]
                uniform token subdivisionScheme = "none"
                matrix4d xformOp:transform = ( (-0.7852561107532648, 0.6191710914800983, 0, 0), (-0.6040227735550538, -0.7660444431189779, 0.2198463103929542, 0), (0.1361224799638779, 0.17263565866262628, 0.9755345200486781, 0), (-0.03785053788818647, -0.0076604444311897755, 0.049608582142265, 1) )
                uniform token[] xformOpOrder = ["xformOp:transform"]
            }

            def Cylinder "Petiolule_1" (
                prepend apiSchemas = ["PhysicsCollisionAPI"]
            )
            {
                uniform token axis = "Z"
                double height = 0.01
                rel material:binding = </Plant_1/Materials/Leaf>
                double radius = 0.0011085431
                matrix4d xformOp:transform = ( (-0.7852561107532651, -0.6191710914800981, 0, 0), (0.13612247996387788, -0.1726356586626263, 0.9755345200486782, 0), (-0.6040227735550536, 0.7660444431189781, 0.2198463103929542, 0), (-0.0348304240204112, 0.0038302222155948947, 0.048509350590300225, 1) )
                uniform token[] xformOpOrder = ["xformOp:transform"]
            }

            def Mesh "Blade_1" (
                prepend apiSchemas = ["PhysicsCollisionAPI", "PhysicsMeshCollisionAPI"]
            )
            {
                int[] faceVertexCounts = [3, 3, 3, 3, 3, 3, 3, 3, 3, 3, 3, 3, 3, 3]
                int[] faceVertexIndices = [0, 1, 2, 0, 2, 3, 0, 3, 4, 0, 4, 5, 0, 5, 6, 0, 6, 7, 0, 7, 8, 0, 8, 9, 0, 9, 10, 0, 10, 11, 0, 11, 12, 0, 12, 13, 0, 13, 14, 0, 14, 15]
                rel material:binding = </Plant_1/Materials/Leaf>
                uniform token physics:approximation = "convexHull"
                point3f[] points = [(0, 0, 0), (0.006773839, 0.006413367, 0), (0.01197223, 0.012826734, 0), (0.014931451, 0.019240102, 0), (0.015392082, 0.025653468, 0), (0.013509408, 0.032066837, 0), (0.009795461, 0.038480204, 0), (0.0050067506, 0.04489357, 0), (0, 0.051306937, 0), (-0.0050067506, 0.04489357, 0), (-0.009795461, 0.038480204, 0), (-0.013509408, 0.032066837, 0), (-0.015392082, 0.025653468, 0), (-0.014931451, 0.019240102, 0), (-0.01197223, 0.012826734, 0), (-0.006773839, 0.006413367, 0)]
                uniform token subdivisionScheme = "none"
                matrix4d xformOp:transform = ( (0.7852561107532651, 0.6191710914800981, -0, 0), (-0.6040227735550536, 0.7660444431189781, 0.2198463103929542, 0), (0.13612247996387788, -0.1726356586626263, 0.9755345200486782, 0), (-0.03785053788818647, 0.007660444431189785, 0.049608582142265, 1) )
                uniform token[] xformOpOrder = ["xformOp:transform"]
            }

            def Cylinder "Petiolule_2" (
                prepend apiSchemas = ["PhysicsCollisionAPI"]
            )
            {
                uniform token axis = "Z"
                double height = 0.01
                rel material:binding = </Plant_1/Materials/Leaf>
                double radius = 0.0011085431
                matrix4d xformOp:transform = ( (0.7852561107532648, -0.6191710914800983, 0, 0), (0.1361224799638779, 0.17263565866262628, 0.9755345200486781, 0), (-0.6040227735550538, -0.7660444431189779, 0.2198463103929542, 0), (-0.09025959903762872, -0.0038302222155948786, 0.0686839204064992, 1) )
                uniform token[] xformOpOrder = ["xformOp:transform"]
            }

            def Mesh "Blade_2" (
                prepend apiSchemas = ["PhysicsCollisionAPI", "PhysicsMeshCollisionAPI"]
            )
            {
                int[] faceVertexCounts = [3, 3, 3, 3, 3, 3, 3, 3, 3, 3, 3, 3, 3, 3]
                int[] faceVertexIndices = [0, 1, 2, 0, 2, 3, 0, 3, 4, 0, 4, 5, 0, 5, 6, 0, 6, 7, 0, 7, 8, 0, 8, 9, 0, 9, 10, 0, 10, 11, 0, 11, 12, 0, 12, 13, 0, 13, 14, 0, 14, 15]
                rel material:binding = </Plant_1/Materials/Leaf>
                uniform token physics:approximation = "convexHull"
                point3f[] points = [(0, 0, 0), (0.006773839, 0.006413367, 0), (0.01197223, 0.012826734, 0), (0.014931451, 0.019240102, 0), (0.015392082, 0.025653468, 0), (0.013509408, 0.032066837, 0), (0.009795461, 0.038480204, 0), (0.0050067506, 0.04489357, 0), (0, 0.051306937, 0), (-0.0050067506, 0.04489357, 0), (-0.009795461, 0.038480204, 0), (-0.013509408, 0.032066837, 0), (-0.015392082, 0.025653468, 0), (-0.014931451, 0.019240102, 0), (-0.01197223, 0.012826734, 0), (-0.006773839, 0.006413367, 0)]
                uniform token subdivisionScheme = "none"
                matrix4d xformOp:transform = ( (-0.7852561107532648, 0.6191710914800983, 0, 0), (-0.6040227735550538, -0.7660444431189779, 0.2198463103929542, 0), (0.1361224799638779, 0.17263565866262628, 0.9755345200486781, 0), (-0.09327971290540397, -0.0076604444311897685, 0.06978315195846398, 1) )
                uniform token[] xformOpOrder = ["xformOp:transform"]
            }

            def Cylinder "Petiolule_3" (
                prepend apiSchemas = ["PhysicsCollisionAPI"]
            )
            {
                uniform token axis = "Z"
                double height = 0.01
                rel material:binding = </Plant_1/Materials/Leaf>
                double radius = 0.0011085431
                matrix4d xformOp:transform = ( (-0.7852561107532651, -0.6191710914800981, 0, 0), (0.13612247996387788, -0.1726356586626263, 0.9755345200486782, 0), (-0.6040227735550536, 0.7660444431189781, 0.2198463103929542, 0), (-0.09025959903762872, 0.0038302222155949016, 0.0686839204064992, 1) )
                uniform token[] xformOpOrder = ["xformOp:transform"]
            }

            def Mesh "Blade_3" (
                prepend apiSchemas = ["PhysicsCollisionAPI", "PhysicsMeshCollisionAPI"]
            )
            {
                int[] faceVertexCounts = [3, 3, 3, 3, 3, 3, 3, 3, 3, 3, 3, 3, 3, 3]
                int[] faceVertexIndices = [0, 1, 2, 0, 2, 3, 0, 3, 4, 0, 4, 5, 0, 5, 6, 0, 6, 7, 0, 7, 8, 0, 8, 9, 0, 9, 10, 0, 10, 11, 0, 11, 12, 0, 12, 13, 0, 13, 14, 0, 14, 15]
                rel material:binding = </Plant_1/Materials/Leaf>
                uniform token physics:approximation = "convexHull"
                point3f[] points = [(0, 0, 0), (0.006773839, 0.006413367, 0), (0.01197223, 0.012826734, 0), (0.014931451, 0.019240102, 0), (0.015392082, 0.025653468, 0), (0.013509408, 0.032066837, 0), (0.009795461, 0.038480204, 0), (0.0050067506, 0.04489357, 0), (0, 0.051306937, 0), (-0.0050067506, 0.04489357, 0), (-0.009795461, 0.038480204, 0), (-0.013509408, 0.032066837, 0), (-0.015392082, 0.025653468, 0), (-0.014931451, 0.019240102, 0), (-0.01197223, 0.012826734, 0), (-0.006773839, 0.006413367, 0)]
                uniform token subdivisionScheme = "none"
                matrix4d xformOp:transform = ( (0.7852561107532651, 0.6191710914800981, -0, 0), (-0.6040227735550536, 0.7660444431189781, 0.2198463103929542, 0), (0.13612247996387788, -0.1726356586626263, 0.9755345200486782, 0), (-0.09327971290540397, 0.007660444431189792, 0.06978315195846398, 1) )
                uniform token[] xformOpOrder = ["xformOp:transform"]
            }

            def Cylinder "Petiolule_term" (
                prepend apiSchemas = ["PhysicsCollisionAPI"]
            )
            {
                uniform token axis = "Z"
                double height = 0.01
                rel material:binding = </Plant_1/Materials/Leaf>
                double radius = 0.0011085431
                matrix4d xformOp:transform = ( (-1.2246467991473532e-16, -1, 0, 0), (0.3420201433256687, -4.188538737676992e-17, 0.9396926207859084, 0), (-0.9396926207859084, 1.1507915602278503e-16, 0.3420201433256687, 0), (-0.125307790154035, 1.5345778412036718e-17, 0.08144041873774424, 1) )
                uniform token[] xformOpOrder = ["xformOp:transform"]
            }

            def Mesh "Blade_4" (
                prepend apiSchemas = ["PhysicsCollisionAPI", "PhysicsMeshCollisionAPI"]
            )
            {
                int[] faceVertexCounts = [3, 3, 3, 3, 3, 3, 3, 3, 3, 3, 3, 3, 3, 3]
                int[] faceVertexIndices = [0, 1, 2, 0, 2, 3, 0, 3, 4, 0, 4, 5, 0, 5, 6, 0, 6, 7, 0, 7, 8, 0, 8, 9, 0, 9, 10, 0, 10, 11, 0, 11, 12, 0, 12, 13, 0, 13, 14, 0, 14, 15]
                rel material:binding = </Plant_1/Materials/Leaf>
                uniform token physics:approximation = "convexHull"
                point3f[] points = [(0, 0, 0), (0.006773839, 0.006413367, 0), (0.01197223, 0.012826734, 0), (0.014931451, 0.019240102, 0), (0.015392081, 0.025653468, 0), (0.013509408, 0.032066837, 0), (0.009795461, 0.038480204, 0), (0.00500675, 0.04489357, 0), (0, 0.051306937, 0), (-0.00500675, 0.04489357, 0), (-0.009795461, 0.038480204, 0), (-0.013509408, 0.032066837, 0), (-0.015392081, 0.025653468, 0), (-0.014931451, 0.019240102, 0), (-0.01197223, 0.012826734, 0), (-0.006773839, 0.006413367, 0)]
                uniform token subdivisionScheme = "none"
                matrix4d xformOp:transform = ( (1.2246467991473532e-16, 1, -0, 0), (-0.9396926207859084, 1.1507915602278503e-16, 0.3420201433256687, 0), (0.3420201433256687, -4.188538737676992e-17, 0.9396926207859084, 0), (-0.13000625325796455, 1.5921174192150642e-17, 0.08315051945437259, 1) )
                uniform token[] xformOpOrder = ["xformOp:transform"]
            }
        }
    }

    def "Joints"
    {
        def PhysicsSphericalJoint "Joint_Leaf_o1_r3_i0" (
            prepend apiSchemas = ["PhysicsDriveAPI:rotX", "PhysicsDriveAPI:rotY", "PhysicsDriveAPI:rotZ"]
        )
        {
            float drive:rotX:physics:damping = 0.5
            float drive:rotX:physics:stiffness = 5
            float drive:rotX:physics:targetPosition = 0
            uniform token drive:rotX:physics:type = "force"
            float drive:rotY:physics:damping = 0.5
            float drive:rotY:physics:stiffness = 5
            float drive:rotY:physics:targetPosition = 0
            uniform token drive:rotY:physics:type = "force"
            float drive:rotZ:physics:damping = 0.5
            float drive:rotZ:physics:stiffness = 5
            float drive:rotZ:physics:targetPosition = 0
            uniform token drive:rotZ:physics:type = "force"
            rel physics:body0 = </Plant_1/Stem/Internode_o1_r3>
            rel physics:body1 = </Plant_1/Leaves/Leaf_o1_r3_i0>
            float physics:coneAngle0Limit = 45
            float physics:coneAngle1Limit = 45
            point3f physics:localPos0 = (0, 0, 0.008024672)
            point3f physics:localPos1 = (0, 0, 0.07083816)
        }

        def PhysicsSphericalJoint "Joint_Leaf_o1_r3_i1" (
            prepend apiSchemas = ["PhysicsDriveAPI:rotX", "PhysicsDriveAPI:rotY", "PhysicsDriveAPI:rotZ"]
        )
        {
            float drive:rotX:physics:damping = 0.5
            float drive:rotX:physics:stiffness = 5
            float drive:rotX:physics:targetPosition = 0
            uniform token drive:rotX:physics:type = "force"
            float drive:rotY:physics:damping = 0.5
            float drive:rotY:physics:stiffness = 5
            float drive:rotY:physics:targetPosition = 0
            uniform token drive:rotY:physics:type = "force"
            float drive:rotZ:physics:damping = 0.5
            float drive:rotZ:physics:stiffness = 5
            float drive:rotZ:physics:targetPosition = 0
            uniform token drive:rotZ:physics:type = "force"
            rel physics:body0 = </Plant_1/Stem/Internode_o1_r3>
            rel physics:body1 = </Plant_1/Leaves/Leaf_o1_r3_i1>
            float physics:coneAngle0Limit = 45
            float physics:coneAngle1Limit = 45
            point3f physics:localPos0 = (0, 0, 0.008024672)
            point3f physics:localPos1 = (0, 0, 0.07903899)
        }

        def PhysicsSphericalJoint "Joint_Leaf_o1_r3_i2" (
            prepend apiSchemas = ["PhysicsDriveAPI:rotX", "PhysicsDriveAPI:rotY", "PhysicsDriveAPI:rotZ"]
        )
        {
            float drive:rotX:physics:damping = 0.5
            float drive:rotX:physics:stiffness = 5
            float drive:rotX:physics:targetPosition = 0
            uniform token drive:rotX:physics:type = "force"
            float drive:rotY:physics:damping = 0.5
            float drive:rotY:physics:stiffness = 5
            float drive:rotY:physics:targetPosition = 0
            uniform token drive:rotY:physics:type = "force"
            float drive:rotZ:physics:damping = 0.5
            float drive:rotZ:physics:stiffness = 5
            float drive:rotZ:physics:targetPosition = 0
            uniform token drive:rotZ:physics:type = "force"
            rel physics:body0 = </Plant_1/Stem/Internode_o1_r3>
            rel physics:body1 = </Plant_1/Leaves/Leaf_o1_r3_i2>
            float physics:coneAngle0Limit = 45
            float physics:coneAngle1Limit = 45
            point3f physics:localPos0 = (0, 0, 0.008024672)
            point3f physics:localPos1 = (0, 0, 0.07903899)
        }

        def PhysicsSphericalJoint "Joint_Leaf_o1_r2_i0" (
            prepend apiSchemas = ["PhysicsDriveAPI:rotX", "PhysicsDriveAPI:rotY", "PhysicsDriveAPI:rotZ"]
        )
        {
            float drive:rotX:physics:damping = 0.5
            float drive:rotX:physics:stiffness = 5
            float drive:rotX:physics:targetPosition = 0
            uniform token drive:rotX:physics:type = "force"
            float drive:rotY:physics:damping = 0.5
            float drive:rotY:physics:stiffness = 5
            float drive:rotY:physics:targetPosition = 0
            uniform token drive:rotY:physics:type = "force"
            float drive:rotZ:physics:damping = 0.5
            float drive:rotZ:physics:stiffness = 5
            float drive:rotZ:physics:targetPosition = 0
            uniform token drive:rotZ:physics:type = "force"
            rel physics:body0 = </Plant_1/Stem/Internode_o1_r2>
            rel physics:body1 = </Plant_1/Leaves/Leaf_o1_r2_i0>
            float physics:coneAngle0Limit = 45
            float physics:coneAngle1Limit = 45
            point3f physics:localPos0 = (0, 0, 0.00967877)
            point3f physics:localPos1 = (0, 0, 0.054788817)
        }

        def PhysicsSphericalJoint "Joint_Leaf_o0_r8_i0" (
            prepend apiSchemas = ["PhysicsDriveAPI:rotX", "PhysicsDriveAPI:rotY", "PhysicsDriveAPI:rotZ"]
        )
        {
            float drive:rotX:physics:damping = 0.5
            float drive:rotX:physics:stiffness = 5
            float drive:rotX:physics:targetPosition = 0
            uniform token drive:rotX:physics:type = "force"
            float drive:rotY:physics:damping = 0.5
            float drive:rotY:physics:stiffness = 5
            float drive:rotY:physics:targetPosition = 0
            uniform token drive:rotY:physics:type = "force"
            float drive:rotZ:physics:damping = 0.5
            float drive:rotZ:physics:stiffness = 5
            float drive:rotZ:physics:targetPosition = 0
            uniform token drive:rotZ:physics:type = "force"
            rel physics:body0 = </Plant_1/Stem/Internode_o0_r8>
            rel physics:body1 = </Plant_1/Leaves/Leaf_o0_r8_i0>
            float physics:coneAngle0Limit = 45
            float physics:coneAngle1Limit = 45
            point3f physics:localPos0 = (0, 0, 0.013891724)
            point3f physics:localPos1 = (0, 0, 0.1844856)
        }

        def PhysicsSphericalJoint "Joint_Leaf_o1_r2_i1" (
            prepend apiSchemas = ["PhysicsDriveAPI:rotX", "PhysicsDriveAPI:rotY", "PhysicsDriveAPI:rotZ"]
        )
        {
            float drive:rotX:physics:damping = 0.5
            float drive:rotX:physics:stiffness = 5
            float drive:rotX:physics:targetPosition = 0
            uniform token drive:rotX:physics:type = "force"
            float drive:rotY:physics:damping = 0.5
            float drive:rotY:physics:stiffness = 5
            float drive:rotY:physics:targetPosition = 0
            uniform token drive:rotY:physics:type = "force"
            float drive:rotZ:physics:damping = 0.5
            float drive:rotZ:physics:stiffness = 5
            float drive:rotZ:physics:targetPosition = 0
            uniform token drive:rotZ:physics:type = "force"
            rel physics:body0 = </Plant_1/Stem/Internode_o1_r2>
            rel physics:body1 = </Plant_1/Leaves/Leaf_o1_r2_i1>
            float physics:coneAngle0Limit = 45
            float physics:coneAngle1Limit = 45
            point3f physics:localPos0 = (0, 0, 0.012323028)
            point3f physics:localPos1 = (0, 0, 0.062989645)
        }

        def PhysicsSphericalJoint "Joint_Leaf_o1_r2_i2" (
            prepend apiSchemas = ["PhysicsDriveAPI:rotX", "PhysicsDriveAPI:rotY", "PhysicsDriveAPI:rotZ"]
        )
        {
            float drive:rotX:physics:damping = 0.5
            float drive:rotX:physics:stiffness = 5
            float drive:rotX:physics:targetPosition = 0
            uniform token drive:rotX:physics:type = "force"
            float drive:rotY:physics:damping = 0.5
            float drive:rotY:physics:stiffness = 5
            float drive:rotY:physics:targetPosition = 0
            uniform token drive:rotY:physics:type = "force"
            float drive:rotZ:physics:damping = 0.5
            float drive:rotZ:physics:stiffness = 5
            float drive:rotZ:physics:targetPosition = 0
            uniform token drive:rotZ:physics:type = "force"
            rel physics:body0 = </Plant_1/Stem/Internode_o1_r2>
            rel physics:body1 = </Plant_1/Leaves/Leaf_o1_r2_i2>
            float physics:coneAngle0Limit = 45
            float physics:coneAngle1Limit = 45
            point3f physics:localPos0 = (0, 0, 0.012323028)
            point3f physics:localPos1 = (0, 0, 0.062989645)
        }

        def PhysicsSphericalJoint "Joint_Leaf_o1_r2_i3" (
            prepend apiSchemas = ["PhysicsDriveAPI:rotX", "PhysicsDriveAPI:rotY", "PhysicsDriveAPI:rotZ"]
        )
        {
            float drive:rotX:physics:damping = 0.5
            float drive:rotX:physics:stiffness = 5
            float drive:rotX:physics:targetPosition = 0
            uniform token drive:rotX:physics:type = "force"
            float drive:rotY:physics:damping = 0.5
            float drive:rotY:physics:stiffness = 5
            float drive:rotY:physics:targetPosition = 0
            uniform token drive:rotY:physics:type = "force"
            float drive:rotZ:physics:damping = 0.5
            float drive:rotZ:physics:stiffness = 5
            float drive:rotZ:physics:targetPosition = 0
            uniform token drive:rotZ:physics:type = "force"
            rel physics:body0 = </Plant_1/Stem/Internode_o1_r2>
            rel physics:body1 = </Plant_1/Leaves/Leaf_o1_r2_i3>
            float physics:coneAngle0Limit = 45
            float physics:coneAngle1Limit = 45
            point3f physics:localPos0 = (0, 0, 0.012323028)
            point3f physics:localPos1 = (0, 0, 0.062989645)
        }

        def PhysicsSphericalJoint "Joint_Leaf_o1_r1_i0" (
            prepend apiSchemas = ["PhysicsDriveAPI:rotX", "PhysicsDriveAPI:rotY", "PhysicsDriveAPI:rotZ"]
        )
        {
            float drive:rotX:physics:damping = 0.5
            float drive:rotX:physics:stiffness = 5
            float drive:rotX:physics:targetPosition = 0
            uniform token drive:rotX:physics:type = "force"
            float drive:rotY:physics:damping = 0.5
            float drive:rotY:physics:stiffness = 5
            float drive:rotY:physics:targetPosition = 0
            uniform token drive:rotY:physics:type = "force"
            float drive:rotZ:physics:damping = 0.5
            float drive:rotZ:physics:stiffness = 5
            float drive:rotZ:physics:targetPosition = 0
            uniform token drive:rotZ:physics:type = "force"
            rel physics:body0 = </Plant_1/Stem/Internode_o1_r1>
            rel physics:body1 = </Plant_1/Leaves/Leaf_o1_r1_i0>
            float physics:coneAngle0Limit = 45
            float physics:coneAngle1Limit = 45
            point3f physics:localPos0 = (0, 0, 0.01307989)
            point3f physics:localPos1 = (0, 0, 0.035431273)
        }

        def PhysicsSphericalJoint "Joint_Leaf_o0_r7_i0" (
            prepend apiSchemas = ["PhysicsDriveAPI:rotX", "PhysicsDriveAPI:rotY", "PhysicsDriveAPI:rotZ"]
        )
        {
            float drive:rotX:physics:damping = 0.5
            float drive:rotX:physics:stiffness = 5
            float drive:rotX:physics:targetPosition = 0
            uniform token drive:rotX:physics:type = "force"
            float drive:rotY:physics:damping = 0.5
            float drive:rotY:physics:stiffness = 5
            float drive:rotY:physics:targetPosition = 0
            uniform token drive:rotY:physics:type = "force"
            float drive:rotZ:physics:damping = 0.5
            float drive:rotZ:physics:stiffness = 5
            float drive:rotZ:physics:targetPosition = 0
            uniform token drive:rotZ:physics:type = "force"
            rel physics:body0 = </Plant_1/Stem/Internode_o0_r7>
            rel physics:body1 = </Plant_1/Leaves/Leaf_o0_r7_i0>
            float physics:coneAngle0Limit = 45
            float physics:coneAngle1Limit = 45
            point3f physics:localPos0 = (0, 0, 0.016692335)
            point3f physics:localPos1 = (0, 0, 0.15670216)
        }

        def PhysicsSphericalJoint "Joint_Leaf_o1_r1_i1" (
            prepend apiSchemas = ["PhysicsDriveAPI:rotX", "PhysicsDriveAPI:rotY", "PhysicsDriveAPI:rotZ"]
        )
        {
            float drive:rotX:physics:damping = 0.5
            float drive:rotX:physics:stiffness = 5
            float drive:rotX:physics:targetPosition = 0
            uniform token drive:rotX:physics:type = "force"
            float drive:rotY:physics:damping = 0.5
            float drive:rotY:physics:stiffness = 5
            float drive:rotY:physics:targetPosition = 0
            uniform token drive:rotY:physics:type = "force"
            float drive:rotZ:physics:damping = 0.5
            float drive:rotZ:physics:stiffness = 5
            float drive:rotZ:physics:targetPosition = 0
            uniform token drive:rotZ:physics:type = "force"
            rel physics:body0 = </Plant_1/Stem/Internode_o1_r1>
            rel physics:body1 = </Plant_1/Leaves/Leaf_o1_r1_i1>
            float physics:coneAngle0Limit = 45
            float physics:coneAngle1Limit = 45
            point3f physics:localPos0 = (0, 0, 0.014536046)
            point3f physics:localPos1 = (0, 0, 0.03834359)
        }

        def PhysicsSphericalJoint "Joint_Leaf_o1_r1_i2" (
            prepend apiSchemas = ["PhysicsDriveAPI:rotX", "PhysicsDriveAPI:rotY", "PhysicsDriveAPI:rotZ"]
        )
        {
            float drive:rotX:physics:damping = 0.5
            float drive:rotX:physics:stiffness = 5
            float drive:rotX:physics:targetPosition = 0
            uniform token drive:rotX:physics:type = "force"
            float drive:rotY:physics:damping = 0.5
            float drive:rotY:physics:stiffness = 5
            float drive:rotY:physics:targetPosition = 0
            uniform token drive:rotY:physics:type = "force"
            float drive:rotZ:physics:damping = 0.5
            float drive:rotZ:physics:stiffness = 5
            float drive:rotZ:physics:targetPosition = 0
            uniform token drive:rotZ:physics:type = "force"
            rel physics:body0 = </Plant_1/Stem/Internode_o1_r1>
            rel physics:body1 = </Plant_1/Leaves/Leaf_o1_r1_i2>
            float physics:coneAngle0Limit = 45
            float physics:coneAngle1Limit = 45
            point3f physics:localPos0 = (0, 0, 0.014536046)
            point3f physics:localPos1 = (0, 0, 0.03834359)
        }

        def PhysicsSphericalJoint "Joint_Leaf_o1_r1_i3" (
            prepend apiSchemas = ["PhysicsDriveAPI:rotX", "PhysicsDriveAPI:rotY", "PhysicsDriveAPI:rotZ"]
        )
        {
            float drive:rotX:physics:damping = 0.5
            float drive:rotX:physics:stiffness = 5
            float drive:rotX:physics:targetPosition = 0
            uniform token drive:rotX:physics:type = "force"
            float drive:rotY:physics:damping = 0.5
            float drive:rotY:physics:stiffness = 5
            float drive:rotY:physics:targetPosition = 0
            uniform token drive:rotY:physics:type = "force"
            float drive:rotZ:physics:damping = 0.5
            float drive:rotZ:physics:stiffness = 5
            float drive:rotZ:physics:targetPosition = 0
            uniform token drive:rotZ:physics:type = "force"
            rel physics:body0 = </Plant_1/Stem/Internode_o1_r1>
            rel physics:body1 = </Plant_1/Leaves/Leaf_o1_r1_i3>
            float physics:coneAngle0Limit = 45
            float physics:coneAngle1Limit = 45
            point3f physics:localPos0 = (0, 0, 0.014536046)
            point3f physics:localPos1 = (0, 0, 0.03834359)
        }

        def PhysicsSphericalJoint "Joint_Leaf_o0_r6_i0" (
            prepend apiSchemas = ["PhysicsDriveAPI:rotX", "PhysicsDriveAPI:rotY", "PhysicsDriveAPI:rotZ"]
        )
        {
            float drive:rotX:physics:damping = 0.5
            float drive:rotX:physics:stiffness = 5
            float drive:rotX:physics:targetPosition = 0
            uniform token drive:rotX:physics:type = "force"
            float drive:rotY:physics:damping = 0.5
            float drive:rotY:physics:stiffness = 5
            float drive:rotY:physics:targetPosition = 0
            uniform token drive:rotY:physics:type = "force"
            float drive:rotZ:physics:damping = 0.5
            float drive:rotZ:physics:stiffness = 5
            float drive:rotZ:physics:targetPosition = 0
            uniform token drive:rotZ:physics:type = "force"
            rel physics:body0 = </Plant_1/Stem/Internode_o0_r6>
            rel physics:body1 = </Plant_1/Leaves/Leaf_o0_r6_i0>
            float physics:coneAngle0Limit = 45
            float physics:coneAngle1Limit = 45
            point3f physics:localPos0 = (0, 0, 0.01820547)
            point3f physics:localPos1 = (0, 0, 0.12331749)
        }

        def PhysicsSphericalJoint "Joint_Leaf_o0_r5_i0" (
            prepend apiSchemas = ["PhysicsDriveAPI:rotX", "PhysicsDriveAPI:rotY", "PhysicsDriveAPI:rotZ"]
        )
        {
            float drive:rotX:physics:damping = 0.5
            float drive:rotX:physics:stiffness = 5
            float drive:rotX:physics:targetPosition = 0
            uniform token drive:rotX:physics:type = "force"
            float drive:rotY:physics:damping = 0.5
            float drive:rotY:physics:stiffness = 5
            float drive:rotY:physics:targetPosition = 0
            uniform token drive:rotY:physics:type = "force"
            float drive:rotZ:physics:damping = 0.5
            float drive:rotZ:physics:stiffness = 5
            float drive:rotZ:physics:targetPosition = 0
            uniform token drive:rotZ:physics:type = "force"
            rel physics:body0 = </Plant_1/Stem/Internode_o0_r5>
            rel physics:body1 = </Plant_1/Leaves/Leaf_o0_r5_i0>
            float physics:coneAngle0Limit = 45
            float physics:coneAngle1Limit = 45
            point3f physics:localPos0 = (0, 0, 0.00846594)
            point3f physics:localPos1 = (0, 0, 0.086906545)
        }

        def PhysicsSphericalJoint "Joint_Leaf_o0_r4_i0" (
            prepend apiSchemas = ["PhysicsDriveAPI:rotX", "PhysicsDriveAPI:rotY", "PhysicsDriveAPI:rotZ"]
        )
        {
            float drive:rotX:physics:damping = 0.5
            float drive:rotX:physics:stiffness = 5
            float drive:rotX:physics:targetPosition = 0
            uniform token drive:rotX:physics:type = "force"
            float drive:rotY:physics:damping = 0.5
            float drive:rotY:physics:stiffness = 5
            float drive:rotY:physics:targetPosition = 0
            uniform token drive:rotY:physics:type = "force"
            float drive:rotZ:physics:damping = 0.5
            float drive:rotZ:physics:stiffness = 5
            float drive:rotZ:physics:targetPosition = 0
            uniform token drive:rotZ:physics:type = "force"
            rel physics:body0 = </Plant_1/Stem/Internode_o0_r4>
            rel physics:body1 = </Plant_1/Leaves/Leaf_o0_r4_i0>
            float physics:coneAngle0Limit = 45
            float physics:coneAngle1Limit = 45
            point3f physics:localPos0 = (0, 0, 0.00854675)
            point3f physics:localPos1 = (0, 0, 0.06997467)
        }

        def PhysicsSphericalJoint "Joint_Leaf_o0_r3_i0" (
            prepend apiSchemas = ["PhysicsDriveAPI:rotX", "PhysicsDriveAPI:rotY", "PhysicsDriveAPI:rotZ"]
        )
        {
            float drive:rotX:physics:damping = 0.5
            float drive:rotX:physics:stiffness = 5
            float drive:rotX:physics:targetPosition = 0
            uniform token drive:rotX:physics:type = "force"
            float drive:rotY:physics:damping = 0.5
            float drive:rotY:physics:stiffness = 5
            float drive:rotY:physics:targetPosition = 0
            uniform token drive:rotY:physics:type = "force"
            float drive:rotZ:physics:damping = 0.5
            float drive:rotZ:physics:stiffness = 5
            float drive:rotZ:physics:targetPosition = 0
            uniform token drive:rotZ:physics:type = "force"
            rel physics:body0 = </Plant_1/Stem/Internode_o0_r3>
            rel physics:body1 = </Plant_1/Leaves/Leaf_o0_r3_i0>
            float physics:coneAngle0Limit = 45
            float physics:coneAngle1Limit = 45
            point3f physics:localPos0 = (0, 0, 0.008524526)
            point3f physics:localPos1 = (0, 0, 0.052881166)
        }

        def PhysicsSphericalJoint "Joint_Leaf_o0_r0_i0" (
            prepend apiSchemas = ["PhysicsDriveAPI:rotX", "PhysicsDriveAPI:rotY", "PhysicsDriveAPI:rotZ"]
        )
        {
            float drive:rotX:physics:damping = 0.5
            float drive:rotX:physics:stiffness = 5
            float drive:rotX:physics:targetPosition = 0
            uniform token drive:rotX:physics:type = "force"
            float drive:rotY:physics:damping = 0.5
            float drive:rotY:physics:stiffness = 5
            float drive:rotY:physics:targetPosition = 0
            uniform token drive:rotY:physics:type = "force"
            float drive:rotZ:physics:damping = 0.5
            float drive:rotZ:physics:stiffness = 5
            float drive:rotZ:physics:targetPosition = 0
            uniform token drive:rotZ:physics:type = "force"
            rel physics:body0 = </Plant_1/Stem/Internode_o0_r0>
            rel physics:body1 = </Plant_1/Leaves/Leaf_o0_r0_i0>
            float physics:coneAngle0Limit = 45
            float physics:coneAngle1Limit = 45
            point3f physics:localPos0 = (0, 0, 0.0046357475)
            point3f physics:localPos1 = (0, 0, 0.009271495)
        }

        def PhysicsSphericalJoint "Joint_Leaf_o0_r1_i0" (
            prepend apiSchemas = ["PhysicsDriveAPI:rotX", "PhysicsDriveAPI:rotY", "PhysicsDriveAPI:rotZ"]
        )
        {
            float drive:rotX:physics:damping = 0.5
            float drive:rotX:physics:stiffness = 5
            float drive:rotX:physics:targetPosition = 0
            uniform token drive:rotX:physics:type = "force"
            float drive:rotY:physics:damping = 0.5
            float drive:rotY:physics:stiffness = 5
            float drive:rotY:physics:targetPosition = 0
            uniform token drive:rotY:physics:type = "force"
            float drive:rotZ:physics:damping = 0.5
            float drive:rotZ:physics:stiffness = 5
            float drive:rotZ:physics:targetPosition = 0
            uniform token drive:rotZ:physics:type = "force"
            rel physics:body0 = </Plant_1/Stem/Internode_o0_r1>
            rel physics:body1 = </Plant_1/Leaves/Leaf_o0_r1_i0>
            float physics:coneAngle0Limit = 45
            float physics:coneAngle1Limit = 45
            point3f physics:localPos0 = (0, 0, 0.005019568)
            point3f physics:localPos1 = (0, 0, 0.01931063)
        }

        def PhysicsSphericalJoint "Joint_Leaf_o0_r2_i0" (
            prepend apiSchemas = ["PhysicsDriveAPI:rotX", "PhysicsDriveAPI:rotY", "PhysicsDriveAPI:rotZ"]
        )
        {
            float drive:rotX:physics:damping = 0.5
            float drive:rotX:physics:stiffness = 5
            float drive:rotX:physics:targetPosition = 0
            uniform token drive:rotX:physics:type = "force"
            float drive:rotY:physics:damping = 0.5
            float drive:rotY:physics:stiffness = 5
            float drive:rotY:physics:targetPosition = 0
            uniform token drive:rotY:physics:type = "force"
            float drive:rotZ:physics:damping = 0.5
            float drive:rotZ:physics:stiffness = 5
            float drive:rotZ:physics:targetPosition = 0
            uniform token drive:rotZ:physics:type = "force"
            rel physics:body0 = </Plant_1/Stem/Internode_o0_r2>
            rel physics:body1 = </Plant_1/Leaves/Leaf_o0_r2_i0>
            float physics:coneAngle0Limit = 45
            float physics:coneAngle1Limit = 45
            point3f physics:localPos0 = (0, 0, 0.008260741)
            point3f physics:localPos1 = (0, 0, 0.035832115)
        }
    }

    def Xform "Trusses"
    {
        def Xform "Truss_r6_i0"
        {
            def Cylinder "Rachis_0"
            {
                uniform token axis = "Z"
                double height = 0.012
                rel material:binding = </Plant_1/Materials/Pedicel>
                double radius = 0.00075
                matrix4d xformOp:transform = ( (-0.9659258262890682, -0.25881904510252085, 0, 0), (0.1830127018922194, -0.6830127018922193, 0.7071067811865475, 0), (-0.18301270189221938, 0.6830127018922193, 0.7071067811865476, 0), (-0.0010980762113533163, 0.004098076211353316, 0.12756012568711927, 1) )
                uniform token[] xformOpOrder = ["xformOp:transform"]
            }

            def Cylinder "Pedicel_0"
            {
                uniform token axis = "Z"
                double height = 0.003
                rel material:binding = </Plant_1/Materials/Pedicel>
                double radius = 0.0006000000000000001
                matrix4d xformOp:transform = ( (-0.25881904510252085, 0.9659258262890683, 0, 0), (0, 0, 1.0000000000000002, 0), (0.9659258262890683, 0.25881904510252085, -0, 0), (-0.0007472636832730301, 0.008584380990360413, 0.13180276637423857, 1) )
                uniform token[] xformOpOrder = ["xformOp:transform"]
            }

            def Sphere "Fruit_0" (
                prepend apiSchemas = ["PhysicsRigidBodyAPI", "PhysicsMassAPI", "PhysicsCollisionAPI"]
            )
            {
                rel material:binding = </Plant_1/Materials/FruitUnripe>
                bool physics:kinematicEnabled = 1
                float physics:mass = 0.0039776713
                double radius = 0.009670531
                matrix4d xformOp:transform = ( (1, 0, 0, 0), (0, 1, 0, 0), (0, 0, 1, 0), (0.01004264070298962, 0.01147552715706852, 0.13180276637423857, 1) )
                uniform token[] xformOpOrder = ["xformOp:transform"]
            }

            def Cylinder "Rachis_1"
            {
                uniform token axis = "Z"
                double height = 0.012
                rel material:binding = </Plant_1/Materials/Pedicel>
                double radius = 0.00075
                matrix4d xformOp:transform = ( (-0.9659258262890683, -0.25881904510252085, 0, 0), (0.1521300177236822, -0.5677569555011356, 0.8090169943749475, 0), (-0.20938900595583537, 0.7814504087735197, 0.5877852522924731, 0), (-0.0034524864584416447, 0.01288485487534775, 0.1353294778879934, 1) )
                uniform token[] xformOpOrder = ["xformOp:transform"]
            }

            def Cylinder "Pedicel_1"
            {
                uniform token axis = "Z"
                double height = 0.003
                rel material:binding = </Plant_1/Materials/Pedicel>
                double radius = 0.0006000000000000001
                matrix4d xformOp:transform = ( (0.25881904510252085, -0.9659258262890683, 0, 0), (0, 0, 1.0000000000000002, 0), (-0.9659258262890683, -0.25881904510252085, 0, 0), (-0.0061577092336102595, 0.017185328760335086, 0.13885618940174826, 1) )
                uniform token[] xformOpOrder = ["xformOp:transform"]
            }

            def Sphere "Fruit_1" (
                prepend apiSchemas = ["PhysicsRigidBodyAPI", "PhysicsMassAPI", "PhysicsCollisionAPI"]
            )
            {
                rel material:binding = </Plant_1/Materials/FruitUnripe>
                bool physics:kinematicEnabled = 1
                float physics:mass = 0.0029196118
                double radius = 0.008723332
                matrix4d xformOp:transform = ( (1, 0, 0, 0), (0, 1, 0, 0), (0, 0, 1, 0), (-0.016032689643137733, 0.014539335734329042, 0.13885618940174826, 1) )
                uniform token[] xformOpOrder = ["xformOp:transform"]
            }

            def Cylinder "Rachis_2"
            {
                uniform token axis = "Z"
                double height = 0.012
                rel material:binding = </Plant_1/Materials/Pedicel>
                double radius = 0.00075
                matrix4d xformOp:transform = ( (-0.9659258262890683, -0.25881904510252085, 0, 0), (0.11750138762820576, -0.4385211485883089, 0.8910065241883679, 0), (-0.23060945777054953, 0.8606462131056, 0.45399049973954686, 0), (-0.0060924772407999536, 0.02273743460662247, 0.14158013240018555, 1) )
                uniform token[] xformOpOrder = ["xformOp:transform"]
            }

            def Cylinder "Pedicel_2"
            {
                uniform token axis = "Z"
                double height = 0.003
                rel material:binding = </Plant_1/Materials/Pedicel>
                double radius = 0.0006000000000000001
                matrix4d xformOp:transform = ( (-0.25881904510252085, 0.9659258262890683, 0, 0), (0, 0, 1.0000000000000002, 0), (0.9659258262890683, 0.25881904510252085, -0, 0), (-0.006027245247989648, 0.02828954045290985, 0.14430407539862283, 1) )
                uniform token[] xformOpOrder = ["xformOp:transform"]
            }

            def Sphere "Fruit_2" (
                prepend apiSchemas = ["PhysicsRigidBodyAPI", "PhysicsMassAPI", "PhysicsCollisionAPI"]
            )
            {
                rel material:binding = </Plant_1/Materials/FruitUnripe>
                bool physics:kinematicEnabled = 1
                float physics:mass = 0.0014144217
                double radius = 0.0068512056
                matrix4d xformOp:transform = ( (1, 0, 0, 0), (0, 1, 0, 0), (0, 0, 1, 0), (0.0020393999217002455, 0.030450991511756675, 0.14430407539862283, 1) )
                uniform token[] xformOpOrder = ["xformOp:transform"]
            }

            def Cylinder "Pedicel_3"
            {
                uniform token axis = "Z"
                double height = 0.003
                rel material:binding = </Plant_1/Materials/Pedicel>
                double radius = 0.0006000000000000001
                matrix4d xformOp:transform = ( (-0.9659258262890683, -0.25881904510252085, 0, 0), (0.11750138762820576, -0.4385211485883089, 0.8910065241883679, 0), (-0.23060945777054953, 0.8606462131056, 0.45399049973954686, 0), (-0.007822048174079076, 0.029192281204914468, 0.14498506114823215, 1) )
                uniform token[] xformOpOrder = ["xformOp:transform"]
            }

            def Sphere "Fruit_3" (
                prepend apiSchemas = ["PhysicsRigidBodyAPI", "PhysicsMassAPI", "PhysicsCollisionAPI"]
            )
            {
                rel material:binding = </Plant_1/Materials/FruitUnripe>
                bool physics:kinematicEnabled = 1
                float physics:mass = 0.00021282984
                double radius = 0.0036440545
                matrix4d xformOp:transform = ( (1, 0, 0, 0), (0, 1, 0, 0), (0, 0, 1, 0), (-0.00900831579306623, 0.03361949223034829, 0.1473204130213746, 1) )
                uniform token[] xformOpOrder = ["xformOp:transform"]
            }
        }

        def Xform "Truss_r7_i0"
        {
            def Cylinder "Rachis_0"
            {
                uniform token axis = "Z"
                double height = 0.012
                rel material:binding = </Plant_1/Materials/Pedicel>
                double radius = 0.00075
                matrix4d xformOp:transform = ( (0.8870108331782215, -0.46174861323503436, 0, 0), (0.32650557562197724, 0.6272113751262499, 0.7071067811865475, 0), (-0.3265055756219772, -0.6272113751262498, 0.7071067811865476, 0), (-0.001959033453731863, -0.0037632682507574987, 0.16094479568711928, 1) )
                uniform token[] xformOpOrder = ["xformOp:transform"]
            }

            def Cylinder "Pedicel_0"
            {
                uniform token axis = "Z"
                double height = 0.003
                rel material:binding = </Plant_1/Materials/Pedicel>
                double radius = 0.0006000000000000001
                matrix4d xformOp:transform = ( (-0.46174861323503436, -0.8870108331782215, 0, 0), (0, 0, 1, 0), (-0.8870108331782215, 0.46174861323503436, -0, 0), (-0.005248583157231058, -0.006833913581662446, 0.16518743637423855, 1) )
                uniform token[] xformOpOrder = ["xformOp:transform"]
            }

            def Sphere "Fruit_0" (
                prepend apiSchemas = ["PhysicsRigidBodyAPI", "PhysicsMassAPI", "PhysicsCollisionAPI"]
            )
            {
                rel material:binding = </Plant_1/Materials/FruitUnripe>
                bool physics:kinematicEnabled = 1
                float physics:mass = 0.0018977433
                double radius = 0.0075564855
                matrix4d xformOp:transform = ( (1, 0, 0, 0), (0, 1, 0, 0), (0, 0, 1, 0), (-0.01328178390625254, -0.0026520939612542493, 0.16518743637423855, 1) )
                uniform token[] xformOpOrder = ["xformOp:transform"]
            }

            def Cylinder "Pedicel_1"
            {
                uniform token axis = "Z"
                double height = 0.003
                rel material:binding = </Plant_1/Materials/Pedicel>
                double radius = 0.0006000000000000001
                matrix4d xformOp:transform = ( (0.8870108331782215, -0.46174861323503436, 0, 0), (0.32650557562197724, 0.6272113751262499, 0.7071067811865475, 0), (-0.3265055756219772, -0.6272113751262498, 0.7071067811865476, 0), (-0.004407825270896692, -0.008467353564204373, 0.16624809654601838, 1) )
                uniform token[] xformOpOrder = ["xformOp:transform"]
            }

            def Sphere "Fruit_1" (
                prepend apiSchemas = ["PhysicsRigidBodyAPI", "PhysicsMassAPI", "PhysicsCollisionAPI"]
            )
            {
                rel material:binding = </Plant_1/Materials/FruitUnripe>
                bool physics:kinematicEnabled = 1
                float physics:mass = 0.0009619261
                double radius = 0.006024966
                matrix4d xformOp:transform = ( (1, 0, 0, 0), (0, 1, 0, 0), (0, 0, 1, 0), (-0.006864768626262499, -0.013187097836842646, 0.17156905103281658, 1) )
                uniform token[] xformOpOrder = ["xformOp:transform"]
            }
        }
    }
}

