day,plant_id,organ_class,organ_index,rank,order,parent_rank,parent_organ_class,age_dd,dry_biomass_mg,area_m2,length,is_fruit,is_root,internode_width_m,leaf_length_petiole,leaf_diameter_petiole,leaf_angle_petiole,leaf_ccw_orientation,leaf_curvature,leaf_blades_nr,leaf_area_blades_total,leaf_rachis_length,leaf_segments_length,leaf_area_m2blades,leaf_inclination_segments,fruit_nr,fruit_radii,fruit_age_dd,fruit_ripening_dd,fruit_truss_angle
1,1,Root,0,0,0,-1,none,13.8038645,76.40000018775463,0.0,0.0,false,true,0,0,0,0,0,0,0,0,0,0,0,0,0,0,0,0,0
1,1,Internode,0,0,0,0,Root,403.80386,10.272906025735823,1.7382134441783242E-4,0.008802679,false,false,0.006285478551347677,0,0,0,0,0,0,0,0,0,0,0,0,0,0,0,0
1,1,Internode,0,1,0,0,Internode,313.80386,10.438929072896318,1.7479231299613363E-4,0.008836136,false,false,0.006296657271821527,0,0,0,0,0,0,0,0,0,0,0,0,0,0,0,0
1,1,Internode,0,2,0,1,Internode,13.8038645,2.683762084257975,1.0903168127997468E-4,0.006407313,false,false,0.005416601591667458,0,0,0,0,0,0,0,0,0,0,0,0,0,0,0,0
1,1,Leaf,0,0,0,0,Internode,313.80386,6.029999828338624,1.9532719377323964E-4,0.0,false,false,0,0.0140959285,0.0027417946,90.0,180.0,90.0,1,1.3461884E-4,0.0,0.0,1.3461884E-4,0,0,0,0,0,0
1,1,Leaf,1,0,0,0,Internode,313.80386,6.029999828338624,1.9532719377323964E-4,0.0,false,false,0,0.0140959285,0.0027417946,90.0,0.0,90.0,1,1.3461884E-4,0.0,0.0,1.3461884E-4,0,0,0,0,0,0
1,1,Leaf,0,1,0,1,Internode,13.8038645,21.426904832302803,6.55357991819617E-4,0.0,false,false,0,0.020808673,0.0037491433,90.0,90.0,90.0,2,4.078584E-4,0.0276516,0,2.6918654E-4_1.3867185E-4,90.0_90.0,0,0,0,0,0
1,1,Leaf,1,1,0,1,Internode,13.8038645,21.426904832302803,6.55357991819617E-4,0.0,false,false,0,0.020808673,0.0037491433,90.0,270.0,90.0,2,4.078584E-4,0.0276516,0,2.6918654E-4_1.3867185E-4,90.0_90.0,0,0,0,0,0
1,1,Leaf,0,2,0,2,Internode,13.8038645,2.4826552782575657,1.950450677792696E-4,0.0,false,false,0,0.0136242965,0.0026678466,70.0,180.0,90.0,3,4.3756503E-5,0.030122817,0.012667506,1.7502602E-5_1.7502602E-5_8.751301E-6,90.0_90.0_90.0,0,0,0,0,0
