#usda 1.0
(
    defaultPrim = "Plant_1"
    metersPerUnit = 1
    upAxis = "Z"
)

def Xform "Plant_1" (
    prepend apiSchemas = ["PhysicsArticulationRootAPI"]
)
{
    def Xform "Stem"
    {
        def Cylinder "Internode_o0_r0" (
            prepend apiSchemas = ["PhysicsCollisionAPI"]
        )
        {
            uniform token axis = "Z"
            double height = 0.009271495
            rel material:binding = </Plant_1/Materials/Stem>
            double radius = 0.00322005907192895
            matrix4d xformOp:transform = ( (1, 0, 0, 0), (0, 1, 0, 0), (0, 0, 1, 0), (0, 0, 0.0046357475, 1) )
            uniform token[] xformOpOrder = ["xformOp:transform"]
        }

        def Cylinder "Internode_o0_r1" (
            prepend apiSchemas = ["PhysicsCollisionAPI"]
        )
        {
            uniform token axis = "Z"
            double height = 0.010039136
            rel material:binding = </Plant_1/Materials/Stem>
            double radius = 0.00334230173118215
            matrix4d xformOp:transform = ( (1, 0, 0, 0), (0, 1, 0, 0), (0, 0, 1, 0), (0, 0, 0.014291063, 1) )
            uniform token[] xformOpOrder = ["xformOp:transform"]
        }

        def Cylinder "Internode_o0_r2" (
            prepend apiSchemas = ["PhysicsCollisionAPI"]
        )
        {
            uniform token axis = "Z"
            double height = 0.016521482
            rel material:binding = </Plant_1/Materials/Stem>
            double radius = 0.00422072051203
            matrix4d xformOp:transform = ( (1, 0, 0, 0), (0, 1, 0, 0), (0, 0, 1, 0), (0, 0, 0.027571372000000004, 1) )
            uniform token[] xformOpOrder = ["xformOp:transform"]
        }

        def Cylinder "Internode_o0_r3" (
            prepend apiSchemas = ["PhysicsCollisionAPI"]
        )
        {
            uniform token axis = "Z"
            double height = 0.017101102
            rel material:binding = </Plant_1/Materials/Stem>
            double radius = 0.00428944428698625
            matrix4d xformOp:transform = ( (1, 0, 0, 0), (0, 1, 0, 0), (0, 0, 1, 0), (0, 0, 0.044382664, 1) )
            uniform token[] xformOpOrder = ["xformOp:transform"]
        }

        def Cylinder "Internode_o0_r4" (
            prepend apiSchemas = ["PhysicsCollisionAPI"]
        )
        {
            uniform token axis = "Z"
            double height = 0.017163334
            rel material:binding = </Plant_1/Materials/Stem>
            double radius = 0.0042967489964745
            matrix4d xformOp:transform = ( (1, 0, 0, 0), (0, 1, 0, 0), (0, 0, 1, 0), (0, 0, 0.061514882, 1) )
            uniform token[] xformOpOrder = ["xformOp:transform"]
        }

        def Cylinder "Internode_o0_r5" (
            prepend apiSchemas = ["PhysicsCollisionAPI"]
        )
        {
            uniform token axis = "Z"
            double height = 0.017245492
            rel material:binding = </Plant_1/Materials/Stem>
            double radius = 0.0043063708180621
            matrix4d xformOp:transform = ( (1, 0, 0, 0), (0, 1, 0, 0), (0, 0, 1, 0), (0, 0, 0.078719295, 1) )
            uniform token[] xformOpOrder = ["xformOp:transform"]
        }

        def Cylinder "Internode_o0_r6" (
            prepend apiSchemas = ["PhysicsCollisionAPI"]
        )
        {
            uniform token axis = "Z"
            double height = 0.038730737
            rel material:binding = </Plant_1/Materials/Stem>
            double radius = 0.00430640210349185
            matrix4d xformOp:transform = ( (1, 0, 0, 0), (0, 1, 0, 0), (0, 0, 1, 0), (0, 0, 0.10670740949999999, 1) )
            uniform token[] xformOpOrder = ["xformOp:transform"]
        }

        def Cylinder "Internode_o0_r7" (
            prepend apiSchemas = ["PhysicsCollisionAPI"]
        )
        {
            uniform token axis = "Z"
            double height = 0.037320465
            rel material:binding = </Plant_1/Materials/Stem>
            double radius = 0.004224211087657
            matrix4d xformOp:transform = ( (1, 0, 0, 0), (0, 1, 0, 0), (0, 0, 1, 0), (0, 0, 0.14473301049999998, 1) )
            uniform token[] xformOpOrder = ["xformOp:transform"]
        }

        def Cylinder "Internode_o0_r8" (
            prepend apiSchemas = ["PhysicsCollisionAPI"]
        )
        {
            uniform token axis = "Z"
            double height = 0.034064557
            rel material:binding = </Plant_1/Materials/Stem>
            double radius = 0.00402855406562265
            matrix4d xformOp:transform = ( (1, 0, 0, 0), (0, 1, 0, 0), (0, 0, 1, 0), (0, 0, 0.1804255215, 1) )
            uniform token[] xformOpOrder = ["xformOp:transform"]
        }

        def Cylinder "Internode_o0_r9" (
            prepend apiSchemas = ["PhysicsCollisionAPI"]
        )
        {
            uniform token axis = "Z"
            double height = 0.019495169
            rel material:binding = </Plant_1/Materials/Stem>
            double radius = 0.0030145852720621
            matrix4d xformOp:transform = ( (1, 0, 0, 0), (0, 1, 0, 0), (0, 0, 1, 0), (0, 0, 0.20720538449999998, 1) )
            uniform token[] xformOpOrder = ["xformOp:transform"]
        }

        def Cylinder "Internode_o1_r1" (
            prepend apiSchemas = ["PhysicsCollisionAPI"]
        )
        {
            uniform token axis = "Z"
            double height = 0.031611662
            rel material:binding = </Plant_1/Materials/Stem>
            double radius = 0.0038751417520162
            matrix4d xformOp:transform = ( (1, 0, 0, 0), (0, 1, 0, 0), (0, 0, 1, 0), (0, 0, 0.025077325999999997, 1) )
            uniform token[] xformOpOrder = ["xformOp:transform"]
        }

        def Cylinder "Internode_o1_r2" (
            prepend apiSchemas = ["PhysicsCollisionAPI"]
        )
        {
            uniform token axis = "Z"
            double height = 0.029046085
            rel material:binding = </Plant_1/Materials/Stem>
            double radius = 0.00370842757191145
            matrix4d xformOp:transform = ( (1, 0, 0, 0), (0, 1, 0, 0), (0, 0, 1, 0), (0, 0, 0.055406199499999996, 1) )
            uniform token[] xformOpOrder = ["xformOp:transform"]
        }

        def Cylinder "Internode_o1_r3" (
            prepend apiSchemas = ["PhysicsCollisionAPI"]
        )
        {
            uniform token axis = "Z"
            double height = 0.024638036
            rel material:binding = </Plant_1/Materials/Stem>
            double radius = 0.0034044970796507
            matrix4d xformOp:transform = ( (1, 0, 0, 0), (0, 1, 0, 0), (0, 0, 1, 0), (0, 0, 0.08224826, 1) )
            uniform token[] xformOpOrder = ["xformOp:transform"]
        }

        def Cylinder "Internode_o1_r4" (
            prepend apiSchemas = ["PhysicsCollisionAPI"]
        )
        {
            uniform token axis = "Z"
            double height = 0.016033612
            rel material:binding = </Plant_1/Materials/Stem>
            double radius = 0.0027234644331467
            matrix4d xformOp:transform = ( (1, 0, 0, 0), (0, 1, 0, 0), (0, 0, 1, 0), (0, 0, 0.102584084, 1) )
            uniform token[] xformOpOrder = ["xformOp:transform"]
        }
    }

    def Xform "Roots"
    {
        def Sphere "Root"
        {
            rel material:binding = </Plant_1/Materials/Root>
            double radius = 0.005
            matrix4d xformOp:transform = ( (1, 0, 0, 0), (0, 1, 0, 0), (0, 0, 1, 0), (0, 0, -0.005, 1) )
            uniform token[] xformOpOrder = ["xformOp:transform"]
        }
    }

    def Xform "Materials"
    {
        def Material "Stem"
        {
            token outputs:surface.connect = </Plant_1/Materials/Stem/Shader.outputs:surface>

            def Shader "Shader"
            {
                uniform token info:id = "UsdPreviewSurface"
                color3f inputs:diffuseColor = (0.45, 0.3, 0.1)
                float inputs:metallic = 0
                float inputs:roughness = 0.6
                token outputs:surface
            }
        }

        def Material "Root"
        {
            token outputs:surface.connect = </Plant_1/Materials/Root/Shader.outputs:surface>

            def Shader "Shader"
            {
                uniform token info:id = "UsdPreviewSurface"
                color3f inputs:diffuseColor = (0.55, 0.35, 0.15)
                float inputs:metallic = 0
                float inputs:roughness = 0.6
                token outputs:surface
            }
        }

        def Material "Leaf"
        {
            token outputs:surface.connect = </Plant_1/Materials/Leaf/Shader.outputs:surface>

            def Shader "Shader"
            {
                uniform token info:id = "UsdPreviewSurface"
                color3f inputs:diffuseColor = (0.15, 0.55, 0.1)
                float inputs:metallic = 0
                float inputs:roughness = 0.6
                token outputs:surface
            }
        }

        def Material "Pedicel"
        {
            token outputs:surface.connect = </Plant_1/Materials/Pedicel/Shader.outputs:surface>

            def Shader "Shader"
            {
                uniform token info:id = "UsdPreviewSurface"
                color3f inputs:diffuseColor = (0.2, 0.5, 0.1)
                float inputs:metallic = 0
                float inputs:roughness = 0.6
                token outputs:surface
            }
        }

        def Material "FruitRipe"
        {
            token outputs:surface.connect = </Plant_1/Materials/FruitRipe/Shader.outputs:surface>

            def Shader "Shader"
            {
                uniform token info:id = "UsdPreviewSurface"
                color3f inputs:diffuseColor = (0.9, 0.17, 0.1)
                float inputs:metallic = 0
                float inputs:roughness = 0.6
                token outputs:surface
            }
        }

        def Material "FruitUnripe"
        {
            token outputs:surface.connect = </Plant_1/Materials/FruitUnripe/Shader.outputs:surface>

            def Shader "Shader"
            {
                uniform token info:id = "UsdPreviewSurface"
                color3f inputs:diffuseColor = (0.45, 0.58, 0.25)
                float inputs:metallic = 0
                float inputs:roughness = 0.6
                token outputs:surface
            }
        }
    }

    def Xform "Leaves"
    {
        def Xform "Leaf_o1_r4_i0" (
            prepend apiSchemas = ["PhysicsRigidBodyAPI", "PhysicsMassAPI", "PhysicsFilteredPairsAPI"]
        )
        {
            prepend rel physics:filteredPairs = </Plant_1/Stem/Internode_o1_r4>
            float physics:mass = 0.05

            def Cylinder "Petiole" (
                prepend apiSchemas = ["PhysicsCollisionAPI"]
            )
            {
                uniform token axis = "Z"
                double height = 0.012289263
                rel material:binding = </Plant_1/Materials/Leaf>
                double radius = 0.0012278565
                matrix4d xformOp:transform = ( (0.17364817766693047, -0.984807753012208, 0, 0), (0.33682408883346515, 0.05939117461388475, 0.9396926207859084, 0), (-0.9254165783983234, -0.16317591116653496, 0.3420201433256687, 0), (-0.005686343858248557, -0.0010026558437950925, 0.10282441674631343, 1) )
                uniform token[] xformOpOrder = ["xformOp:transform"]
            }

            def Cylinder "Rachis" (
                prepend apiSchemas = ["PhysicsCollisionAPI"]
            )
            {
                uniform token axis = "Z"
                double height = 0.021611275
                rel material:binding = </Plant_1/Materials/Leaf>
                double radius = 0.0007367138999999999
                matrix4d xformOp:transform = ( (0.17364817766693047, -0.984807753012208, 0, 0), (0.33682408883346515, 0.05939117461388475, 0.9396926207859084, 0), (-0.9254165783983234, -0.16317591116653496, 0.3420201433256687, 0), (-0.02137240379915973, -0.003768531432387964, 0.10862175017910207, 1) )
                uniform token[] xformOpOrder = ["xformOp:transform"]
            }

            def Cylinder "Petiolule_0" (
                prepend apiSchemas = ["PhysicsCollisionAPI"]
            )
            {
                uniform token axis = "Z"
                double height = 0.01
                rel material:binding = </Plant_1/Materials/Leaf>
                double radius = 0.0004911426000000001
                matrix4d xformOp:transform = ( (0.8808442376695917, -0.4734061986965059, 0, 0), (0.10407660610058059, 0.19365035568255418, 0.9755345200486781, 0), (-0.4618240888334651, -0.8592939606326491, 0.2198463103929542, 0), (-0.01368180816066444, -0.00630178149075343, 0.10602523604459162, 1) )
                uniform token[] xformOpOrder = ["xformOp:transform"]
            }

            def Mesh "Blade_0" (
                prepend apiSchemas = ["PhysicsCollisionAPI", "PhysicsMeshCollisionAPI"]
            )
            {
                int[] faceVertexCounts = [3, 3, 3, 3, 3, 3, 3, 3, 3, 3, 3, 3, 3, 3]
                int[] faceVertexIndices = [0, 1, 2, 0, 2, 3, 0, 3, 4, 0, 4, 5, 0, 5, 6, 0, 6, 7, 0, 7, 8, 0, 8, 9, 0, 9, 10, 0, 10, 11, 0, 11, 12, 0, 12, 13, 0, 13, 14, 0, 14, 15]
                rel material:binding = </Plant_1/Materials/Leaf>
                uniform token physics:approximation = "convexHull"
                point3f[] points = [(0, 0, 0), (0.00037564719, 0.00035565702, 0), (0.000663927, 0.00071131403, 0), (0.00082803227, 0.0010669711, 0), (0.0008535768, 0.0014226281, 0), (0.00074917206, 0.0017782851, 0), (0.000543213, 0.0021339422, 0), (0.00027765226, 0.0024895992, 0), (0, 0.0028452561, 0), (-0.00027765226, 0.0024895992, 0), (-0.000543213, 0.0021339422, 0), (-0.00074917206, 0.0017782851, 0), (-0.0008535768, 0.0014226281, 0), (-0.00082803227, 0.0010669711, 0), (-0.000663927, 0.00071131403, 0), (-0.00037564719, 0.00035565702, 0)]
                uniform token subdivisionScheme = "none"
                matrix4d xformOp:transform = ( (-0.8808442376695917, 0.4734061986965059, 0, 0), (-0.4618240888334651, -0.8592939606326491, 0.2198463103929542, 0), (0.10407660610058059, 0.19365035568255418, 0.9755345200486781, 0), (-0.015990928604831766, -0.010598251293916677, 0.10712446759655639, 1) )
                uniform token[] xformOpOrder = ["xformOp:transform"]
            }

            def Cylinder "Petiolule_1" (
                prepend apiSchemas = ["PhysicsCollisionAPI"]
            )
            {
                uniform token axis = "Z"
                double height = 0.01
                rel material:binding = </Plant_1/Materials/Leaf>
                double radius = 0.0004911426000000001
                matrix4d xformOp:transform = ( (-0.665808374270465, -0.7461227839647576, 0, 0), (0.1640323411547712, -0.14637551451209285, 0.9755345200486782, 0), (-0.7278685319524434, 0.6495190528383288, 0.2198463103929542, 0), (-0.015012030376259332, 0.0012422835766014591, 0.10602523604459162, 1) )
                uniform token[] xformOpOrder = ["xformOp:transform"]
            }

            def Mesh "Blade_1" (
                prepend apiSchemas = ["PhysicsCollisionAPI", "PhysicsMeshCollisionAPI"]
            )
            {
                int[] faceVertexCounts = [3, 3, 3, 3, 3, 3, 3, 3, 3, 3, 3, 3, 3, 3]
                int[] faceVertexIndices = [0, 1, 2, 0, 2, 3, 0, 3, 4, 0, 4, 5, 0, 5, 6, 0, 6, 7, 0, 7, 8, 0, 8, 9, 0, 9, 10, 0, 10, 11, 0, 11, 12, 0, 12, 13, 0, 13, 14, 0, 14, 15]
                rel material:binding = </Plant_1/Materials/Leaf>
                uniform token physics:approximation = "convexHull"
                point3f[] points = [(0, 0, 0), (0.00037564719, 0.00035565702, 0), (0.000663927, 0.00071131403, 0), (0.00082803227, 0.0010669711, 0), (0.0008535768, 0.0014226281, 0), (0.00074917206, 0.0017782851, 0), (0.000543213, 0.0021339422, 0), (0.00027765226, 0.0024895992, 0), (0, 0.0028452561, 0), (-0.00027765226, 0.0024895992, 0), (-0.000543213, 0.0021339422, 0), (-0.00074917206, 0.0017782851, 0), (-0.0008535768, 0.0014226281, 0), (-0.00082803227, 0.0010669711, 0), (-0.000663927, 0.00071131403, 0), (-0.00037564719, 0.00035565702, 0)]
                uniform token subdivisionScheme = "none"
                matrix4d xformOp:transform = ( (0.665808374270465, 0.7461227839647576, -0, 0), (-0.7278685319524434, 0.6495190528383288, 0.2198463103929542, 0), (0.1640323411547712, -0.14637551451209285, 0.9755345200486782, 0), (-0.01865137303602155, 0.004489878840793103, 0.10712446759655639, 1) )
                uniform token[] xformOpOrder = ["xformOp:transform"]
            }

            def Cylinder "Petiolule_2" (
                prepend apiSchemas = ["PhysicsCollisionAPI"]
            )
            {
                uniform token axis = "Z"
                double height = 0.01
                rel material:binding = </Plant_1/Materials/Leaf>
                double radius = 0.0004911426000000001
                matrix4d xformOp:transform = ( (0.8808442376695917, -0.4734061986965059, 0, 0), (0.10407660610058059, 0.19365035568255418, 0.9755345200486781, 0), (-0.4618240888334651, -0.8592939606326491, 0.2198463103929542, 0), (-0.02352939084762955, -0.008038176013222943, 0.10966475550061489, 1) )
                uniform token[] xformOpOrder = ["xformOp:transform"]
            }

            def Mesh "Blade_2" (
                prepend apiSchemas = ["PhysicsCollisionAPI", "PhysicsMeshCollisionAPI"]
            )
            {
                int[] faceVertexCounts = [3, 3, 3, 3, 3, 3, 3, 3, 3, 3, 3, 3, 3, 3]
                int[] faceVertexIndices = [0, 1, 2, 0, 2, 3, 0, 3, 4, 0, 4, 5, 0, 5, 6, 0, 6, 7, 0, 7, 8, 0, 8, 9, 0, 9, 10, 0, 10, 11, 0, 11, 12, 0, 12, 13, 0, 13, 14, 0, 14, 15]
                rel material:binding = </Plant_1/Materials/Leaf>
                uniform token physics:approximation = "convexHull"
                point3f[] points = [(0, 0, 0), (0.00037564719, 0.00035565702, 0), (0.000663927, 0.00071131403, 0), (0.00082803227, 0.0010669711, 0), (0.0008535768, 0.0014226281, 0), (0.00074917206, 0.0017782851, 0), (0.000543213, 0.0021339422, 0), (0.00027765226, 0.0024895992, 0), (0, 0.0028452561, 0), (-0.00027765226, 0.0024895992, 0), (-0.000543213, 0.0021339422, 0), (-0.00074917206, 0.0017782851, 0), (-0.0008535768, 0.0014226281, 0), (-0.00082803227, 0.0010669711, 0), (-0.000663927, 0.00071131403, 0), (-0.00037564719, 0.00035565702, 0)]
                uniform token subdivisionScheme = "none"
                matrix4d xformOp:transform = ( (-0.8808442376695917, 0.4734061986965059, 0, 0), (-0.4618240888334651, -0.8592939606326491, 0.2198463103929542, 0), (0.10407660610058059, 0.19365035568255418, 0.9755345200486781, 0), (-0.025838511291796876, -0.01233464581638619, 0.11076398705257966, 1) )
                uniform token[] xformOpOrder = ["xformOp:transform"]
            }

            def Cylinder "Petiolule_3" (
                prepend apiSchemas = ["PhysicsCollisionAPI"]
            )
            {
                uniform token axis = "Z"
                double height = 0.01
                rel material:binding = </Plant_1/Materials/Leaf>
                double radius = 0.0004911426000000001
                matrix4d xformOp:transform = ( (-0.665808374270465, -0.7461227839647576, 0, 0), (0.1640323411547712, -0.14637551451209285, 0.9755345200486782, 0), (-0.7278685319524434, 0.6495190528383288, 0.2198463103929542, 0), (-0.024859613063224442, -0.000494110945868053, 0.10966475550061489, 1) )
                uniform token[] xformOpOrder = ["xformOp:transform"]
            }

            def Mesh "Blade_3" (
                prepend apiSchemas = ["PhysicsCollisionAPI", "PhysicsMeshCollisionAPI"]
            )
            {
                int[] faceVertexCounts = [3, 3, 3, 3, 3, 3, 3, 3, 3, 3, 3, 3, 3, 3]
                int[] faceVertexIndices = [0, 1, 2, 0, 2, 3, 0, 3, 4, 0, 4, 5, 0, 5, 6, 0, 6, 7, 0, 7, 8, 0, 8, 9, 0, 9, 10, 0, 10, 11, 0, 11, 12, 0, 12, 13, 0, 13, 14, 0, 14, 15]
                rel material:binding = </Plant_1/Materials/Leaf>
                uniform token physics:approximation = "convexHull"
                point3f[] points = [(0, 0, 0), (0.00037564719, 0.00035565702, 0), (0.000663927, 0.00071131403, 0), (0.00082803227, 0.0010669711, 0), (0.0008535768, 0.0014226281, 0), (0.00074917206, 0.0017782851, 0), (0.000543213, 0.0021339422, 0), (0.00027765226, 0.0024895992, 0), (0, 0.0028452561, 0), (-0.00027765226, 0.0024895992, 0), (-0.000543213, 0.0021339422, 0), (-0.00074917206, 0.0017782851, 0), (-0.0008535768, 0.0014226281, 0), (-0.00082803227, 0.0010669711, 0), (-0.000663927, 0.00071131403, 0), (-0.00037564719, 0.00035565702, 0)]
                uniform token subdivisionScheme = "none"
                matrix4d xformOp:transform = ( (0.665808374270465, 0.7461227839647576, -0, 0), (-0.7278685319524434, 0.6495190528383288, 0.2198463103929542, 0), (0.1640323411547712, -0.14637551451209285, 0.9755345200486782, 0), (-0.02849895572298666, 0.002753484318323591, 0.11076398705257966, 1) )
                uniform token[] xformOpOrder = ["xformOp:transform"]
            }

            def Cylinder "Petiolule_term" (
                prepend apiSchemas = ["PhysicsCollisionAPI"]
            )
            {
                uniform token axis = "Z"
                double height = 0.01
                rel material:binding = </Plant_1/Materials/Leaf>
                double radius = 0.0004911426000000001
                matrix4d xformOp:transform = ( (0.17364817766693047, -0.984807753012208, 0, 0), (0.33682408883346515, 0.05939117461388475, 0.9396926207859084, 0), (-0.9254165783983234, -0.16317591116653496, 0.3420201433256687, 0), (-0.03599920277381396, -0.0063476307330184185, 0.11402759658220563, 1) )
                uniform token[] xformOpOrder = ["xformOp:transform"]
            }

            def Mesh "Blade_4" (
                prepend apiSchemas = ["PhysicsCollisionAPI", "PhysicsMeshCollisionAPI"]
            )
            {
                int[] faceVertexCounts = [3, 3, 3, 3, 3, 3, 3, 3, 3, 3, 3, 3, 3, 3]
                int[] faceVertexIndices = [0, 1, 2, 0, 2, 3, 0, 3, 4, 0, 4, 5, 0, 5, 6, 0, 6, 7, 0, 7, 8, 0, 8, 9, 0, 9, 10, 0, 10, 11, 0, 11, 12, 0, 12, 13, 0, 13, 14, 0, 14, 15]
                rel material:binding = </Plant_1/Materials/Leaf>
                uniform token physics:approximation = "convexHull"
                point3f[] points = [(0, 0, 0), (0.00037564719, 0.00035565702, 0), (0.000663927, 0.00071131403, 0), (0.0008280323, 0.0010669711, 0), (0.0008535769, 0.0014226281, 0), (0.00074917206, 0.0017782851, 0), (0.000543213, 0.0021339422, 0), (0.00027765226, 0.0024895992, 0), (0, 0.0028452561, 0), (-0.00027765226, 0.0024895992, 0), (-0.000543213, 0.0021339422, 0), (-0.00074917206, 0.0017782851, 0), (-0.0008535769, 0.0014226281, 0), (-0.0008280323, 0.0010669711, 0), (-0.000663927, 0.00071131403, 0), (-0.00037564719, 0.00035565702, 0)]
                uniform token subdivisionScheme = "none"
                matrix4d xformOp:transform = ( (-0.17364817766693047, 0.984807753012208, 0, 0), (-0.9254165783983234, -0.16317591116653496, 0.3420201433256687, 0), (0.33682408883346515, 0.05939117461388475, 0.9396926207859084, 0), (-0.040626285665805575, -0.007163510288851093, 0.11573769729883397, 1) )
                uniform token[] xformOpOrder = ["xformOp:transform"]
            }
        }

        def Xform "Leaf_o1_r4_i1" (
            prepend apiSchemas = ["PhysicsRigidBodyAPI", "PhysicsMassAPI", "PhysicsFilteredPairsAPI"]
        )
        {
            prepend rel physics:filteredPairs = </Plant_1/Stem/Internode_o1_r4>
            float physics:mass = 0.05

            def Cylinder "Petiole" (
                prepend apiSchemas = ["PhysicsCollisionAPI"]
            )
            {
                uniform token axis = "Z"
                double height = 0.012289263
                rel material:binding = </Plant_1/Materials/Leaf>
                double radius = 0.0012278565
                matrix4d xformOp:transform = ( (0.17364817766693047, -0.984807753012208, 0, 0), (0.33682408883346515, 0.05939117461388475, 0.9396926207859084, 0), (-0.9254165783983234, -0.16317591116653496, 0.3420201433256687, 0), (-0.005686343858248557, -0.0010026558437950925, 0.11270247774631342, 1) )
                uniform token[] xformOpOrder = ["xformOp:transform"]
            }

            def Cylinder "Rachis" (
                prepend apiSchemas = ["PhysicsCollisionAPI"]
            )
            {
                uniform token axis = "Z"
                double height = 0.021611275
                rel material:binding = </Plant_1/Materials/Leaf>
                double radius = 0.0007367138999999999
                matrix4d xformOp:transform = ( (0.17364817766693047, -0.984807753012208, 0, 0), (0.33682408883346515, 0.05939117461388475, 0.9396926207859084, 0), (-0.9254165783983234, -0.16317591116653496, 0.3420201433256687, 0), (-0.02137240379915973, -0.003768531432387964, 0.11849981117910206, 1) )
                uniform token[] xformOpOrder = ["xformOp:transform"]
            }

            def Cylinder "Petiolule_0" (
                prepend apiSchemas = ["PhysicsCollisionAPI"]
            )
            {
                uniform token axis = "Z"
                double height = 0.01
                rel material:binding = </Plant_1/Materials/Leaf>
                double radius = 0.0004911426000000001
                matrix4d xformOp:transform = ( (0.8808442376695917, -0.4734061986965059, 0, 0), (0.10407660610058059, 0.19365035568255418, 0.9755345200486781, 0), (-0.4618240888334651, -0.8592939606326491, 0.2198463103929542, 0), (-0.01368180816066444, -0.00630178149075343, 0.11590329704459161, 1) )
                uniform token[] xformOpOrder = ["xformOp:transform"]
            }

            def Mesh "Blade_0" (
                prepend apiSchemas = ["PhysicsCollisionAPI", "PhysicsMeshCollisionAPI"]
            )
            {
                int[] faceVertexCounts = [3, 3, 3, 3, 3, 3, 3, 3, 3, 3, 3, 3, 3, 3]
                int[] faceVertexIndices = [0, 1, 2, 0, 2, 3, 0, 3, 4, 0, 4, 5, 0, 5, 6, 0, 6, 7, 0, 7, 8, 0, 8, 9, 0, 9, 10, 0, 10, 11, 0, 11, 12, 0, 12, 13, 0, 13, 14, 0, 14, 15]
                rel material:binding = </Plant_1/Materials/Leaf>
                uniform token physics:approximation = "convexHull"
                point3f[] points = [(0, 0, 0), (0.00037564719, 0.00035565702, 0), (0.000663927, 0.00071131403, 0), (0.00082803227, 0.0010669711, 0), (0.0008535768, 0.0014226281, 0), (0.00074917206, 0.0017782851, 0), (0.000543213, 0.0021339422, 0), (0.00027765226, 0.0024895992, 0), (0, 0.0028452561, 0), (-0.00027765226, 0.0024895992, 0), (-0.000543213, 0.0021339422, 0), (-0.00074917206, 0.0017782851, 0), (-0.0008535768, 0.0014226281, 0), (-0.00082803227, 0.0010669711, 0), (-0.000663927, 0.00071131403, 0), (-0.00037564719, 0.00035565702, 0)]
                uniform token subdivisionScheme = "none"
                matrix4d xformOp:transform = ( (-0.8808442376695917, 0.4734061986965059, 0, 0), (-0.4618240888334651, -0.8592939606326491, 0.2198463103929542, 0), (0.10407660610058059, 0.19365035568255418, 0.9755345200486781, 0), (-0.015990928604831766, -0.010598251293916677, 0.11700252859655638, 1) )
                uniform token[] xformOpOrder = ["xformOp:transform"]
            }

            def Cylinder "Petiolule_1" (
                prepend apiSchemas = ["PhysicsCollisionAPI"]
            )
            {
                uniform token axis = "Z"
                double height = 0.01
                rel material:binding = </Plant_1/Materials/Leaf>
                double radius = 0.0004911426000000001
                matrix4d xformOp:transform = ( (-0.665808374270465, -0.7461227839647576, 0, 0), (0.1640323411547712, -0.14637551451209285, 0.9755345200486782, 0), (-0.7278685319524434, 0.6495190528383288, 0.2198463103929542, 0), (-0.015012030376259332, 0.0012422835766014591, 0.11590329704459161, 1) )
                uniform token[] xformOpOrder = ["xformOp:transform"]
            }

            def Mesh "Blade_1" (
                prepend apiSchemas = ["PhysicsCollisionAPI", "PhysicsMeshCollisionAPI"]
            )
            {
                int[] faceVertexCounts = [3, 3, 3, 3, 3, 3, 3, 3, 3, 3, 3, 3, 3, 3]
                int[] faceVertexIndices = [0, 1, 2, 0, 2, 3, 0, 3, 4, 0, 4, 5, 0, 5, 6, 0, 6, 7, 0, 7, 8, 0, 8, 9, 0, 9, 10, 0, 10, 11, 0, 11, 12, 0, 12, 13, 0, 13, 14, 0, 14, 15]
                rel material:binding = </Plant_1/Materials/Leaf>
                uniform token physics:approximation = "convexHull"
                point3f[] points = [(0, 0, 0), (0.00037564719, 0.00035565702, 0), (0.000663927, 0.00071131403, 0), (0.00082803227, 0.0010669711, 0), (0.0008535768, 0.0014226281, 0), (0.00074917206, 0.0017782851, 0), (0.000543213, 0.0021339422, 0), (0.00027765226, 0.0024895992, 0), (0, 0.0028452561, 0), (-0.00027765226, 0.0024895992, 0), (-0.000543213, 0.0021339422, 0), (-0.00074917206, 0.0017782851, 0), (-0.0008535768, 0.0014226281, 0), (-0.00082803227, 0.0010669711, 0), (-0.000663927, 0.00071131403, 0), (-0.00037564719, 0.00035565702, 0)]
                uniform token subdivisionScheme = "none"
                matrix4d xformOp:transform = ( (0.665808374270465, 0.7461227839647576, -0, 0), (-0.7278685319524434, 0.6495190528383288, 0.2198463103929542, 0), (0.1640323411547712, -0.14637551451209285, 0.9755345200486782, 0), (-0.01865137303602155, 0.004489878840793103, 0.11700252859655638, 1) )
                uniform token[] xformOpOrder = ["xformOp:transform"]
            }

            def Cylinder "Petiolule_2" (
                prepend apiSchemas = ["PhysicsCollisionAPI"]
            )
            {
                uniform token axis = "Z"
                double height = 0.01
                rel material:binding = </Plant_1/Materials/Leaf>
                double radius = 0.0004911426000000001
                matrix4d xformOp:transform = ( (0.8808442376695917, -0.4734061986965059, 0, 0), (0.10407660610058059, 0.19365035568255418, 0.9755345200486781, 0), (-0.4618240888334651, -0.8592939606326491, 0.2198463103929542, 0), (-0.02352939084762955, -0.008038176013222943, 0.11954281650061488, 1) )
                uniform token[] xformOpOrder = ["xformOp:transform"]
            }

            def Mesh "Blade_2" (
                prepend apiSchemas = ["PhysicsCollisionAPI", "PhysicsMeshCollisionAPI"]
            )
            {
                int[] faceVertexCounts = [3, 3, 3, 3, 3, 3, 3, 3, 3, 3, 3, 3, 3, 3]
                int[] faceVertexIndices = [0, 1, 2, 0, 2, 3, 0, 3, 4, 0, 4, 5, 0, 5, 6, 0, 6, 7, 0, 7, 8, 0, 8, 9, 0, 9, 10, 0, 10, 11, 0, 11, 12, 0, 12, 13, 0, 13, 14, 0, 14, 15]
                rel material:binding = </Plant_1/Materials/Leaf>
                uniform token physics:approximation = "convexHull"
                point3f[] points = [(0, 0, 0), (0.00037564719, 0.00035565702, 0), (0.000663927, 0.00071131403, 0), (0.00082803227, 0.0010669711, 0), (0.0008535768, 0.0014226281, 0), (0.00074917206, 0.0017782851, 0), (0.000543213, 0.0021339422, 0), (0.00027765226, 0.0024895992, 0), (0, 0.0028452561, 0), (-0.00027765226, 0.0024895992, 0), (-0.000543213, 0.0021339422, 0), (-0.00074917206, 0.0017782851, 0), (-0.0008535768, 0.0014226281, 0), (-0.00082803227, 0.0010669711, 0), (-0.000663927, 0.00071131403, 0), (-0.00037564719, 0.00035565702, 0)]
                uniform token subdivisionScheme = "none"
                matrix4d xformOp:transform = ( (-0.8808442376695917, 0.4734061986965059, 0, 0), (-0.4618240888334651, -0.8592939606326491, 0.2198463103929542, 0), (0.10407660610058059, 0.19365035568255418, 0.9755345200486781, 0), (-0.025838511291796876, -0.01233464581638619, 0.12064204805257965, 1) )
                uniform token[] xformOpOrder = ["xformOp:transform"]
            }

            def Cylinder "Petiolule_3" (
                prepend apiSchemas = ["PhysicsCollisionAPI"]
            )
            {
                uniform token axis = "Z"
                double height = 0.01
                rel material:binding = </Plant_1/Materials/Leaf>
                double radius = 0.0004911426000000001
                matrix4d xformOp:transform = ( (-0.665808374270465, -0.7461227839647576, 0, 0), (0.1640323411547712, -0.14637551451209285, 0.9755345200486782, 0), (-0.7278685319524434, 0.6495190528383288, 0.2198463103929542, 0), (-0.024859613063224442, -0.000494110945868053, 0.11954281650061488, 1) )
                uniform token[] xformOpOrder = ["xformOp:transform"]
            }

            def Mesh "Blade_3" (
                prepend apiSchemas = ["PhysicsCollisionAPI", "PhysicsMeshCollisionAPI"]
            )
            {
                int[] faceVertexCounts = [3, 3, 3, 3, 3, 3, 3, 3, 3, 3, 3, 3, 3, 3]
                int[] faceVertexIndices = [0, 1, 2, 0, 2, 3, 0, 3, 4, 0, 4, 5, 0, 5, 6, 0, 6, 7, 0, 7, 8, 0, 8, 9, 0, 9, 10, 0, 10, 11, 0, 11, 12, 0, 12, 13, 0, 13, 14, 0, 14, 15]
                rel material:binding = </Plant_1/Materials/Leaf>
                uniform token physics:approximation = "convexHull"
                point3f[] points = [(0, 0, 0), (0.00037564719, 0.00035565702, 0), (0.000663927, 0.00071131403, 0), (0.00082803227, 0.0010669711, 0), (0.0008535768, 0.0014226281, 0), (0.00074917206, 0.0017782851, 0), (0.000543213, 0.0021339422, 0), (0.00027765226, 0.0024895992, 0), (0, 0.0028452561, 0), (-0.00027765226, 0.0024895992, 0), (-0.000543213, 0.0021339422, 0), (-0.00074917206, 0.0017782851, 0), (-0.0008535768, 0.0014226281, 0), (-0.00082803227, 0.0010669711, 0), (-0.000663927, 0.00071131403, 0), (-0.00037564719, 0.00035565702, 0)]
                uniform token subdivisionScheme = "none"
                matrix4d xformOp:transform = ( (0.665808374270465, 0.7461227839647576, -0, 0), (-0.7278685319524434, 0.6495190528383288, 0.2198463103929542, 0), (0.1640323411547712, -0.14637551451209285, 0.9755345200486782, 0), (-0.02849895572298666, 0.002753484318323591, 0.12064204805257965, 1) )
                uniform token[] xformOpOrder = ["xformOp:transform"]
            }

            def Cylinder "Petiolule_term" (
                prepend apiSchemas = ["PhysicsCollisionAPI"]
            )
            {
                uniform token axis = "Z"
                double height = 0.01
                rel material:binding = </Plant_1/Materials/Leaf>
                double radius = 0.0004911426000000001
                matrix4d xformOp:transform = ( (0.17364817766693047, -0.984807753012208, 0, 0), (0.33682408883346515, 0.05939117461388475, 0.9396926207859084, 0), (-0.9254165783983234, -0.16317591116653496, 0.3420201433256687, 0), (-0.03599920277381396, -0.0063476307330184185, 0.12390565758220562, 1) )
                uniform token[] xformOpOrder = ["xformOp:transform"]
            }

            def Mesh "Blade_4" (
                prepend apiSchemas = ["PhysicsCollisionAPI", "PhysicsMeshCollisionAPI"]
            )
            {
                int[] faceVertexCounts = [3, 3, 3, 3, 3, 3, 3, 3, 3, 3, 3, 3, 3, 3]
                int[] faceVertexIndices = [0, 1, 2, 0, 2, 3, 0, 3, 4, 0, 4, 5, 0, 5, 6, 0, 6, 7, 0, 7, 8, 0, 8, 9, 0, 9, 10, 0, 10, 11, 0, 11, 12, 0, 12, 13, 0, 13, 14, 0, 14, 15]
                rel material:binding = </Plant_1/Materials/Leaf>
                uniform token physics:approximation = "convexHull"
                point3f[] points = [(0, 0, 0), (0.00037564719, 0.00035565702, 0), (0.000663927, 0.00071131403, 0), (0.0008280323, 0.0010669711, 0), (0.0008535769, 0.0014226281, 0), (0.00074917206, 0.0017782851, 0), (0.000543213, 0.0021339422, 0), (0.00027765226, 0.0024895992, 0), (0, 0.0028452561, 0), (-0.00027765226, 0.0024895992, 0), (-0.000543213, 0.0021339422, 0), (-0.00074917206, 0.0017782851, 0), (-0.0008535769, 0.0014226281, 0), (-0.0008280323, 0.0010669711, 0), (-0.000663927, 0.00071131403, 0), (-0.00037564719, 0.00035565702, 0)]
                uniform token subdivisionScheme = "none"
                matrix4d xformOp:transform = ( (-0.17364817766693047, 0.984807753012208, 0, 0), (-0.9254165783983234, -0.16317591116653496, 0.3420201433256687, 0), (0.33682408883346515, 0.05939117461388475, 0.9396926207859084, 0), (-0.040626285665805575, -0.007163510288851093, 0.12561575829883395, 1) )
                uniform token[] xformOpOrder = ["xformOp:transform"]
            }
        }

        def Xform "Leaf_o1_r4_i2" (
            prepend apiSchemas = ["PhysicsRigidBodyAPI", "PhysicsMassAPI", "PhysicsFilteredPairsAPI"]
        )
        {
            prepend rel physics:filteredPairs = </Plant_1/Stem/Internode_o1_r4>
            float physics:mass = 0.05

            def Cylinder "Petiole" (
                prepend apiSchemas = ["PhysicsCollisionAPI"]
            )
            {
                uniform token axis = "Z"
                double height = 0.012289263
                rel material:binding = </Plant_1/Materials/Leaf>
                double radius = 0.0012278565
                matrix4d xformOp:transform = ( (0.17364817766693047, -0.984807753012208, 0, 0), (0.33682408883346515, 0.05939117461388475, 0.9396926207859084, 0), (-0.9254165783983234, -0.16317591116653496, 0.3420201433256687, 0), (-0.005686343858248557, -0.0010026558437950925, 0.11270247774631342, 1) )
                uniform token[] xformOpOrder = ["xformOp:transform"]
            }

            def Cylinder "Rachis" (
                prepend apiSchemas = ["PhysicsCollisionAPI"]
            )
            {
                uniform token axis = "Z"
                double height = 0.021611275
                rel material:binding = </Plant_1/Materials/Leaf>
                double radius = 0.0007367138999999999
                matrix4d xformOp:transform = ( (0.17364817766693047, -0.984807753012208, 0, 0), (0.33682408883346515, 0.05939117461388475, 0.9396926207859084, 0), (-0.9254165783983234, -0.16317591116653496, 0.3420201433256687, 0), (-0.02137240379915973, -0.003768531432387964, 0.11849981117910206, 1) )
                uniform token[] xformOpOrder = ["xformOp:transform"]
            }

            def Cylinder "Petiolule_0" (
                prepend apiSchemas = ["PhysicsCollisionAPI"]
            )
            {
                uniform token axis = "Z"
                double height = 0.01
                rel material:binding = </Plant_1/Materials/Leaf>
                double radius = 0.0004911426000000001
                matrix4d xformOp:transform = ( (0.8808442376695917, -0.4734061986965059, 0, 0), (0.10407660610058059, 0.19365035568255418, 0.9755345200486781, 0), (-0.4618240888334651, -0.8592939606326491, 0.2198463103929542, 0), (-0.01368180816066444, -0.00630178149075343, 0.11590329704459161, 1) )
                uniform token[] xformOpOrder = ["xformOp:transform"]
            }

            def Mesh "Blade_0" (
                prepend apiSchemas = ["PhysicsCollisionAPI", "PhysicsMeshCollisionAPI"]
            )
            {
                int[] faceVertexCounts = [3, 3, 3, 3, 3, 3, 3, 3, 3, 3, 3, 3, 3, 3]
                int[] faceVertexIndices = [0, 1, 2, 0, 2, 3, 0, 3, 4, 0, 4, 5, 0, 5, 6, 0, 6, 7, 0, 7, 8, 0, 8, 9, 0, 9, 10, 0, 10, 11, 0, 11, 12, 0, 12, 13, 0, 13, 14, 0, 14, 15]
                rel material:binding = </Plant_1/Materials/Leaf>
                uniform token physics:approximation = "convexHull"
                point3f[] points = [(0, 0, 0), (0.00037564719, 0.00035565702, 0), (0.000663927, 0.00071131403, 0), (0.00082803227, 0.0010669711, 0), (0.0008535768, 0.0014226281, 0), (0.00074917206, 0.0017782851, 0), (0.000543213, 0.0021339422, 0), (0.00027765226, 0.0024895992, 0), (0, 0.0028452561, 0), (-0.00027765226, 0.0024895992, 0), (-0.000543213, 0.0021339422, 0), (-0.00074917206, 0.0017782851, 0), (-0.0008535768, 0.0014226281, 0), (-0.00082803227, 0.0010669711, 0), (-0.000663927, 0.00071131403, 0), (-0.00037564719, 0.00035565702, 0)]
                uniform token subdivisionScheme = "none"
                matrix4d xformOp:transform = ( (-0.8808442376695917, 0.4734061986965059, 0, 0), (-0.4618240888334651, -0.8592939606326491, 0.2198463103929542, 0), (0.10407660610058059, 0.19365035568255418, 0.9755345200486781, 0), (-0.015990928604831766, -0.010598251293916677, 0.11700252859655638, 1) )
                uniform token[] xformOpOrder = ["xformOp:transform"]
            }

            def Cylinder "Petiolule_1" (
                prepend apiSchemas = ["PhysicsCollisionAPI"]
            )
            {
                uniform token axis = "Z"
                double height = 0.01
                rel material:binding = </Plant_1/Materials/Leaf>
                double radius = 0.0004911426000000001
                matrix4d xformOp:transform = ( (-0.665808374270465, -0.7461227839647576, 0, 0), (0.1640323411547712, -0.14637551451209285, 0.9755345200486782, 0), (-0.7278685319524434, 0.6495190528383288, 0.2198463103929542, 0), (-0.015012030376259332, 0.0012422835766014591, 0.11590329704459161, 1) )
                uniform token[] xformOpOrder = ["xformOp:transform"]
            }

            def Mesh "Blade_1" (
                prepend apiSchemas = ["PhysicsCollisionAPI", "PhysicsMeshCollisionAPI"]
            )
            {
                int[] faceVertexCounts = [3, 3, 3, 3, 3, 3, 3, 3, 3, 3, 3, 3, 3, 3]
                int[] faceVertexIndices = [0, 1, 2, 0, 2, 3, 0, 3, 4, 0, 4, 5, 0, 5, 6, 0, 6, 7, 0, 7, 8, 0, 8, 9, 0, 9, 10, 0, 10, 11, 0, 11, 12, 0, 12, 13, 0, 13, 14, 0, 14, 15]
                rel material:binding = </Plant_1/Materials/Leaf>
                uniform token physics:approximation = "convexHull"
                point3f[] points = [(0, 0, 0), (0.00037564719, 0.00035565702, 0), (0.000663927, 0.00071131403, 0), (0.00082803227, 0.0010669711, 0), (0.0008535768, 0.0014226281, 0), (0.00074917206, 0.0017782851, 0), (0.000543213, 0.0021339422, 0), (0.00027765226, 0.0024895992, 0), (0, 0.0028452561, 0), (-0.00027765226, 0.0024895992, 0), (-0.000543213, 0.0021339422, 0), (-0.00074917206, 0.0017782851, 0), (-0.0008535768, 0.0014226281, 0), (-0.00082803227, 0.0010669711, 0), (-0.000663927, 0.00071131403, 0), (-0.00037564719, 0.00035565702, 0)]
                uniform token subdivisionScheme = "none"
                matrix4d xformOp:transform = ( (0.665808374270465, 0.7461227839647576, -0, 0), (-0.7278685319524434, 0.6495190528383288, 0.2198463103929542, 0), (0.1640323411547712, -0.14637551451209285, 0.9755345200486782, 0), (-0.01865137303602155, 0.004489878840793103, 0.11700252859655638, 1) )
                uniform token[] xformOpOrder = ["xformOp:transform"]
            }

            def Cylinder "Petiolule_2" (
                prepend apiSchemas = ["PhysicsCollisionAPI"]
            )
            {
                uniform token axis = "Z"
                double height = 0.01
                rel material:binding = </Plant_1/Materials/Leaf>
                double radius = 0.0004911426000000001
                matrix4d xformOp:transform = ( (0.8808442376695917, -0.4734061986965059, 0, 0), (0.10407660610058059, 0.19365035568255418, 0.9755345200486781, 0), (-0.4618240888334651, -0.8592939606326491, 0.2198463103929542, 0), (-0.02352939084762955, -0.008038176013222943, 0.11954281650061488, 1) )
                uniform token[] xformOpOrder = ["xformOp:transform"]
            }

            def Mesh "Blade_2" (
                prepend apiSchemas = ["PhysicsCollisionAPI", "PhysicsMeshCollisionAPI"]
            )
            {
                int[] faceVertexCounts = [3, 3, 3, 3, 3, 3, 3, 3, 3, 3, 3, 3, 3, 3]
                int[] faceVertexIndices = [0, 1, 2, 0, 2, 3, 0, 3, 4, 0, 4, 5, 0, 5, 6, 0, 6, 7, 0, 7, 8, 0, 8, 9, 0, 9, 10, 0, 10, 11, 0, 11, 12, 0, 12, 13, 0, 13, 14, 0, 14, 15]
                rel material:binding = </Plant_1/Materials/Leaf>
                uniform token physics:approximation = "convexHull"
                point3f[] points = [(0, 0, 0), (0.00037564719, 0.00035565702, 0), (0.000663927, 0.00071131403, 0), (0.00082803227, 0.0010669711, 0), (0.0008535768, 0.0014226281, 0), (0.00074917206, 0.0017782851, 0), (0.000543213, 0.0021339422, 0), (0.00027765226, 0.0024895992, 0), (0, 0.0028452561, 0), (-0.00027765226, 0.0024895992, 0), (-0.000543213, 0.0021339422, 0), (-0.00074917206, 0.0017782851, 0), (-0.0008535768, 0.0014226281, 0), (-0.00082803227, 0.0010669711, 0), (-0.000663927, 0.00071131403, 0), (-0.00037564719, 0.00035565702, 0)]
                uniform token subdivisionScheme = "none"
                matrix4d xformOp:transform = ( (-0.8808442376695917, 0.4734061986965059, 0, 0), (-0.4618240888334651, -0.8592939606326491, 0.2198463103929542, 0), (0.10407660610058059, 0.19365035568255418, 0.9755345200486781, 0), (-0.025838511291796876, -0.01233464581638619, 0.12064204805257965, 1) )
                uniform token[] xformOpOrder = ["xformOp:transform"]
            }

            def Cylinder "Petiolule_3" (
                prepend apiSchemas = ["PhysicsCollisionAPI"]
            )
            {
                uniform token axis = "Z"
                double height = 0.01
                rel material:binding = </Plant_1/Materials/Leaf>
                double radius = 0.0004911426000000001
                matrix4d xformOp:transform = ( (-0.665808374270465, -0.7461227839647576, 0, 0), (0.1640323411547712, -0.14637551451209285, 0.9755345200486782, 0), (-0.7278685319524434, 0.6495190528383288, 0.2198463103929542, 0), (-0.024859613063224442, -0.000494110945868053, 0.11954281650061488, 1) )
                uniform token[] xformOpOrder = ["xformOp:transform"]
            }

            def Mesh "Blade_3" (
                prepend apiSchemas = ["PhysicsCollisionAPI", "PhysicsMeshCollisionAPI"]
            )
            {
                int[] faceVertexCounts = [3, 3, 3, 3, 3, 3, 3, 3, 3, 3, 3, 3, 3, 3]
                int[] faceVertexIndices = [0, 1, 2, 0, 2, 3, 0, 3, 4, 0, 4, 5, 0, 5, 6, 0, 6, 7, 0, 7, 8, 0, 8, 9, 0, 9, 10, 0, 10, 11, 0, 11, 12, 0, 12, 13, 0, 13, 14, 0, 14, 15]
                rel material:binding = </Plant_1/Materials/Leaf>
                uniform token physics:approximation = "convexHull"
                point3f[] points = [(0, 0, 0), (0.00037564719, 0.00035565702, 0), (0.000663927, 0.00071131403, 0), (0.00082803227, 0.0010669711, 0), (0.0008535768, 0.0014226281, 0), (0.00074917206, 0.0017782851, 0), (0.000543213, 0.0021339422, 0), (0.00027765226, 0.0024895992, 0), (0, 0.0028452561, 0), (-0.00027765226, 0.0024895992, 0), (-0.000543213, 0.0021339422, 0), (-0.00074917206, 0.0017782851, 0), (-0.0008535768, 0.0014226281, 0), (-0.00082803227, 0.0010669711, 0), (-0.000663927, 0.00071131403, 0), (-0.00037564719, 0.00035565702, 0)]
                uniform token subdivisionScheme = "none"
                matrix4d xformOp:transform = ( (0.665808374270465, 0.7461227839647576, -0, 0), (-0.7278685319524434, 0.6495190528383288, 0.2198463103929542, 0), (0.1640323411547712, -0.14637551451209285, 0.9755345200486782, 0), (-0.02849895572298666, 0.002753484318323591, 0.12064204805257965, 1) )
                uniform token[] xformOpOrder = ["xformOp:transform"]
            }

            def Cylinder "Petiolule_term" (
                prepend apiSchemas = ["PhysicsCollisionAPI"]
            )
            {
                uniform token axis = "Z"
                double height = 0.01
                rel material:binding = </Plant_1/Materials/Leaf>
                double radius = 0.0004911426000000001
                matrix4d xformOp:transform = ( (0.17364817766693047, -0.984807753012208, 0, 0), (0.33682408883346515, 0.05939117461388475, 0.9396926207859084, 0), (-0.9254165783983234, -0.16317591116653496, 0.3420201433256687, 0), (-0.03599920277381396, -0.0063476307330184185, 0.12390565758220562, 1) )
                uniform token[] xformOpOrder = ["xformOp:transform"]
            }

            def Mesh "Blade_4" (
                prepend apiSchemas = ["PhysicsCollisionAPI", "PhysicsMeshCollisionAPI"]
            )
            {
                int[] faceVertexCounts = [3, 3, 3, 3, 3, 3, 3, 3, 3, 3, 3, 3, 3, 3]
                int[] faceVertexIndices = [0, 1, 2, 0, 2, 3, 0, 3, 4, 0, 4, 5, 0, 5, 6, 0, 6, 7, 0, 7, 8, 0, 8, 9, 0, 9, 10, 0, 10, 11, 0, 11, 12, 0, 12, 13, 0, 13, 14, 0, 14, 15]
                rel material:binding = </Plant_1/Materials/Leaf>
                uniform token physics:approximation = "convexHull"
                point3f[] points = [(0, 0, 0), (0.00037564719, 0.00035565702, 0), (0.000663927, 0.00071131403, 0), (0.0008280323, 0.0010669711, 0), (0.0008535769, 0.0014226281, 0), (0.00074917206, 0.0017782851, 0), (0.000543213, 0.0021339422, 0), (0.00027765226, 0.0024895992, 0), (0, 0.0028452561, 0), (-0.00027765226, 0.0024895992, 0), (-0.000543213, 0.0021339422, 0), (-0.00074917206, 0.0017782851, 0), (-0.0008535769, 0.0014226281, 0), (-0.0008280323, 0.0010669711, 0), (-0.000663927, 0.00071131403, 0), (-0.00037564719, 0.00035565702, 0)]
                uniform token subdivisionScheme = "none"
                matrix4d xformOp:transform = ( (-0.17364817766693047, 0.984807753012208, 0, 0), (-0.9254165783983234, -0.16317591116653496, 0.3420201433256687, 0), (0.33682408883346515, 0.05939117461388475, 0.9396926207859084, 0), (-0.040626285665805575, -0.007163510288851093, 0.12561575829883395, 1) )
                uniform token[] xformOpOrder = ["xformOp:transform"]
            }
        }

        def Xform "Leaf_o1_r3_i0" (
            prepend apiSchemas = ["PhysicsRigidBodyAPI", "PhysicsMassAPI", "PhysicsFilteredPairsAPI"]
        )
        {
            prepend rel physics:filteredPairs = </Plant_1/Stem/Internode_o1_r3>
            float physics:mass = 0.05

            def Cylinder "Petiole" (
                prepend apiSchemas = ["PhysicsCollisionAPI"]
            )
            {
                uniform token axis = "Z"
                double height = 0.015098048
                rel material:binding = </Plant_1/Materials/Leaf>
                double radius = 0.0014486661
                matrix4d xformOp:transform = ( (-0.7933533402912352, 0.6087614290087207, 0, 0), (-0.20820867120070155, -0.2713428231543063, 0.9396926207859084, 0), (0.5720486226585795, 0.7455082795475254, 0.3420201433256687, 0), (0.00431840878161656, 0.0056278598945029784, 0.08727113527044893, 1) )
                uniform token[] xformOpOrder = ["xformOp:transform"]
            }

            def Cylinder "Rachis" (
                prepend apiSchemas = ["PhysicsCollisionAPI"]
            )
            {
                uniform token axis = "Z"
                double height = 0.028546251
                rel material:binding = </Plant_1/Materials/Leaf>
                double radius = 0.0008691996599999999
                matrix4d xformOp:transform = ( (-0.7933533402912352, 0.6087614290087207, 0, 0), (-0.20820867120070155, -0.2713428231543063, 0.9396926207859084, 0), (0.5720486226585795, 0.7455082795475254, 0.3420201433256687, 0), (0.016801739346541167, 0.02189645302427687, 0.0947347499701131, 1) )
                uniform token[] xformOpOrder = ["xformOp:transform"]
            }

            def Cylinder "Petiolule_0" (
                prepend apiSchemas = ["PhysicsCollisionAPI"]
            )
            {
                uniform token axis = "Z"
                double height = 0.01
                rel material:binding = </Plant_1/Materials/Leaf>
                double radius = 0.00057946644
                matrix4d xformOp:transform = ( (-0.9692550857574936, -0.24605807999989301, 0, 0), (0.05409496103035083, -0.21308715443339138, 0.9755345200486782, 0), (-0.24003815097679487, 0.9455417948891769, 0.2198463103929542, 0), (0.007436626808349145, 0.01598342876345184, 0.09095228509286261, 1) )
                uniform token[] xformOpOrder = ["xformOp:transform"]
            }

            def Mesh "Blade_0" (
                prepend apiSchemas = ["PhysicsCollisionAPI", "PhysicsMeshCollisionAPI"]
            )
            {
                int[] faceVertexCounts = [3, 3, 3, 3, 3, 3, 3, 3, 3, 3, 3, 3, 3, 3]
                int[] faceVertexIndices = [0, 1, 2, 0, 2, 3, 0, 3, 4, 0, 4, 5, 0, 5, 6, 0, 6, 7, 0, 7, 8, 0, 8, 9, 0, 9, 10, 0, 10, 11, 0, 11, 12, 0, 12, 13, 0, 13, 14, 0, 14, 15]
                rel material:binding = </Plant_1/Materials/Leaf>
                uniform token physics:approximation = "convexHull"
                point3f[] points = [(0, 0, 0), (0.0006759905, 0.00064001745, 0), (0.0011947602, 0.0012800349, 0), (0.0014900735, 0.0019200523, 0), (0.0015360418, 0.0025600698, 0), (0.0013481618, 0.0032000872, 0), (0.0009775311, 0.0038401047, 0), (0.00049964513, 0.004480122, 0), (0, 0.0051201396, 0), (-0.00049964513, 0.004480122, 0), (-0.0009775311, 0.0038401047, 0), (-0.0013481618, 0.0032000872, 0), (-0.0015360418, 0.0025600698, 0), (-0.0014900735, 0.0019200523, 0), (-0.0011947602, 0.0012800349, 0), (-0.0006759905, 0.00064001745, 0)]
                uniform token subdivisionScheme = "none"
                matrix4d xformOp:transform = ( (0.9692550857574936, 0.24605807999989301, -0, 0), (-0.24003815097679487, 0.9455417948891769, 0.2198463103929542, 0), (0.05409496103035083, -0.21308715443339138, 0.9755345200486782, 0), (0.006236436053465171, 0.020711137737897727, 0.09205151664482739, 1) )
                uniform token[] xformOpOrder = ["xformOp:transform"]
            }

            def Cylinder "Petiolule_1" (
                prepend apiSchemas = ["PhysicsCollisionAPI"]
            )
            {
                uniform token axis = "Z"
                double height = 0.01
                rel material:binding = </Plant_1/Materials/Leaf>
                double radius = 0.00057946644
                matrix4d xformOp:transform = ( (-0.013187821517518024, 0.9999130369005207, 0, 0), (-0.21982719187639332, -0.0028992939027471477, 0.9755345200486782, 0), (0.9754496845431657, 0.012865175134579576, 0.2198463103929542, 0), (0.013514065985948948, 0.011320045664678854, 0.09095228509286261, 1) )
                uniform token[] xformOpOrder = ["xformOp:transform"]
            }

            def Mesh "Blade_1" (
                prepend apiSchemas = ["PhysicsCollisionAPI", "PhysicsMeshCollisionAPI"]
            )
            {
                int[] faceVertexCounts = [3, 3, 3, 3, 3, 3, 3, 3, 3, 3, 3, 3, 3, 3]
                int[] faceVertexIndices = [0, 1, 2, 0, 2, 3, 0, 3, 4, 0, 4, 5, 0, 5, 6, 0, 6, 7, 0, 7, 8, 0, 8, 9, 0, 9, 10, 0, 10, 11, 0, 11, 12, 0, 12, 13, 0, 13, 14, 0, 14, 15]
                rel material:binding = </Plant_1/Materials/Leaf>
                uniform token physics:approximation = "convexHull"
                point3f[] points = [(0, 0, 0), (0.0006759905, 0.00064001745, 0), (0.0011947602, 0.0012800349, 0), (0.0014900735, 0.0019200523, 0), (0.0015360418, 0.0025600698, 0), (0.0013481618, 0.0032000872, 0), (0.0009775311, 0.0038401047, 0), (0.00049964513, 0.004480122, 0), (0, 0.0051201396, 0), (-0.00049964513, 0.004480122, 0), (-0.0009775311, 0.0038401047, 0), (-0.0013481618, 0.0032000872, 0), (-0.0015360418, 0.0025600698, 0), (-0.0014900735, 0.0019200523, 0), (-0.0011947602, 0.0012800349, 0), (-0.0006759905, 0.00064001745, 0)]
                uniform token subdivisionScheme = "none"
                matrix4d xformOp:transform = ( (0.013187821517518024, -0.9999130369005207, 0, 0), (0.9754496845431657, 0.012865175134579576, 0.2198463103929542, 0), (-0.21982719187639332, -0.0028992939027471477, 0.9755345200486782, 0), (0.018391314408664775, 0.011384371540351752, 0.09205151664482739, 1) )
                uniform token[] xformOpOrder = ["xformOp:transform"]
            }

            def Cylinder "Petiolule_2" (
                prepend apiSchemas = ["PhysicsCollisionAPI"]
            )
            {
                uniform token axis = "Z"
                double height = 0.01
                rel material:binding = </Plant_1/Materials/Leaf>
                double radius = 0.00057946644
                matrix4d xformOp:transform = ( (-0.9692550857574936, -0.24605807999989301, 0, 0), (0.05409496103035083, -0.21308715443339138, 0.9755345200486782, 0), (-0.24003815097679487, 0.9455417948891769, 0.2198463103929542, 0), (0.01605680004485739, 0.027217457243556085, 0.09610617021567024, 1) )
                uniform token[] xformOpOrder = ["xformOp:transform"]
            }

            def Mesh "Blade_2" (
                prepend apiSchemas = ["PhysicsCollisionAPI", "PhysicsMeshCollisionAPI"]
            )
            {
                int[] faceVertexCounts = [3, 3, 3, 3, 3, 3, 3, 3, 3, 3, 3, 3, 3, 3]
                int[] faceVertexIndices = [0, 1, 2, 0, 2, 3, 0, 3, 4, 0, 4, 5, 0, 5, 6, 0, 6, 7, 0, 7, 8, 0, 8, 9, 0, 9, 10, 0, 10, 11, 0, 11, 12, 0, 12, 13, 0, 13, 14, 0, 14, 15]
                rel material:binding = </Plant_1/Materials/Leaf>
                uniform token physics:approximation = "convexHull"
                point3f[] points = [(0, 0, 0), (0.0006759905, 0.00064001745, 0), (0.0011947602, 0.0012800349, 0), (0.0014900735, 0.0019200523, 0), (0.0015360418, 0.0025600698, 0), (0.0013481618, 0.0032000872, 0), (0.0009775311, 0.0038401047, 0), (0.00049964513, 0.004480122, 0), (0, 0.0051201396, 0), (-0.00049964513, 0.004480122, 0), (-0.0009775311, 0.0038401047, 0), (-0.0013481618, 0.0032000872, 0), (-0.0015360418, 0.0025600698, 0), (-0.0014900735, 0.0019200523, 0), (-0.0011947602, 0.0012800349, 0), (-0.0006759905, 0.00064001745, 0)]
                uniform token subdivisionScheme = "none"
                matrix4d xformOp:transform = ( (0.9692550857574936, 0.24605807999989301, -0, 0), (-0.24003815097679487, 0.9455417948891769, 0.2198463103929542, 0), (0.05409496103035083, -0.21308715443339138, 0.9755345200486782, 0), (0.014856609289973418, 0.03194516621800197, 0.09720540176763501, 1) )
                uniform token[] xformOpOrder = ["xformOp:transform"]
            }

            def Cylinder "Petiolule_3" (
                prepend apiSchemas = ["PhysicsCollisionAPI"]
            )
            {
                uniform token axis = "Z"
                double height = 0.01
                rel material:binding = </Plant_1/Materials/Leaf>
                double radius = 0.00057946644
                matrix4d xformOp:transform = ( (-0.013187821517518024, 0.9999130369005207, 0, 0), (-0.21982719187639332, -0.0028992939027471477, 0.9755345200486782, 0), (0.9754496845431657, 0.012865175134579576, 0.2198463103929542, 0), (0.022134239222457195, 0.0225540741447831, 0.09610617021567024, 1) )
                uniform token[] xformOpOrder = ["xformOp:transform"]
            }

            def Mesh "Blade_3" (
                prepend apiSchemas = ["PhysicsCollisionAPI", "PhysicsMeshCollisionAPI"]
            )
            {
                int[] faceVertexCounts = [3, 3, 3, 3, 3, 3, 3, 3, 3, 3, 3, 3, 3, 3]
                int[] faceVertexIndices = [0, 1, 2, 0, 2, 3, 0, 3, 4, 0, 4, 5, 0, 5, 6, 0, 6, 7, 0, 7, 8, 0, 8, 9, 0, 9, 10, 0, 10, 11, 0, 11, 12, 0, 12, 13, 0, 13, 14, 0, 14, 15]
                rel material:binding = </Plant_1/Materials/Leaf>
                uniform token physics:approximation = "convexHull"
                point3f[] points = [(0, 0, 0), (0.0006759905, 0.00064001745, 0), (0.0011947602, 0.0012800349, 0), (0.0014900735, 0.0019200523, 0), (0.0015360418, 0.0025600698, 0), (0.0013481618, 0.0032000872, 0), (0.0009775311, 0.0038401047, 0), (0.00049964513, 0.004480122, 0), (0, 0.0051201396, 0), (-0.00049964513, 0.004480122, 0), (-0.0009775311, 0.0038401047, 0), (-0.0013481618, 0.0032000872, 0), (-0.0015360418, 0.0025600698, 0), (-0.0014900735, 0.0019200523, 0), (-0.0011947602, 0.0012800349, 0), (-0.0006759905, 0.00064001745, 0)]
                uniform token subdivisionScheme = "none"
                matrix4d xformOp:transform = ( (0.013187821517518024, -0.9999130369005207, 0, 0), (0.9754496845431657, 0.012865175134579576, 0.2198463103929542, 0), (-0.21982719187639332, -0.0028992939027471477, 0.9755345200486782, 0), (0.027011487645173023, 0.022618400020455995, 0.09720540176763501, 1) )
                uniform token[] xformOpOrder = ["xformOp:transform"]
            }

            def Cylinder "Petiolule_term" (
                prepend apiSchemas = ["PhysicsCollisionAPI"]
            )
            {
                uniform token axis = "Z"
                double height = 0.01
                rel material:binding = </Plant_1/Materials/Leaf>
                double radius = 0.00057946644
                matrix4d xformOp:transform = ( (-0.7933533402912352, 0.6087614290087207, 0, 0), (-0.20820867120070155, -0.2713428231543063, 0.9396926207859084, 0), (0.5720486226585795, 0.7455082795475254, 0.3420201433256687, 0), (0.027826904243142114, 0.03626472765728541, 0.1013265471159567, 1) )
                uniform token[] xformOpOrder = ["xformOp:transform"]
            }

            def Mesh "Blade_4" (
                prepend apiSchemas = ["PhysicsCollisionAPI", "PhysicsMeshCollisionAPI"]
            )
            {
                int[] faceVertexCounts = [3, 3, 3, 3, 3, 3, 3, 3, 3, 3, 3, 3, 3, 3]
                int[] faceVertexIndices = [0, 1, 2, 0, 2, 3, 0, 3, 4, 0, 4, 5, 0, 5, 6, 0, 6, 7, 0, 7, 8, 0, 8, 9, 0, 9, 10, 0, 10, 11, 0, 11, 12, 0, 12, 13, 0, 13, 14, 0, 14, 15]
                rel material:binding = </Plant_1/Materials/Leaf>
                uniform token physics:approximation = "convexHull"
                point3f[] points = [(0, 0, 0), (0.0006759905, 0.00064001745, 0), (0.0011947602, 0.0012800349, 0), (0.0014900735, 0.0019200523, 0), (0.0015360418, 0.0025600698, 0), (0.0013481618, 0.0032000872, 0), (0.0009775311, 0.0038401047, 0), (0.00049964513, 0.004480122, 0), (0, 0.0051201396, 0), (-0.00049964513, 0.004480122, 0), (-0.0009775311, 0.0038401047, 0), (-0.0013481618, 0.0032000872, 0), (-0.0015360418, 0.0025600698, 0), (-0.0014900735, 0.0019200523, 0), (-0.0011947602, 0.0012800349, 0), (-0.0006759905, 0.00064001745, 0)]
                uniform token subdivisionScheme = "none"
                matrix4d xformOp:transform = ( (0.7933533402912352, -0.6087614290087207, 0, 0), (0.5720486226585795, 0.7455082795475254, 0.3420201433256687, 0), (-0.20820867120070155, -0.2713428231543063, 0.9396926207859084, 0), (0.03068714735643501, 0.03999226905502304, 0.10303664783258505, 1) )
                uniform token[] xformOpOrder = ["xformOp:transform"]
            }
        }

        def Xform "Leaf_o1_r3_i1" (
            prepend apiSchemas = ["PhysicsRigidBodyAPI", "PhysicsMassAPI", "PhysicsFilteredPairsAPI"]
        )
        {
            prepend rel physics:filteredPairs = </Plant_1/Stem/Internode_o1_r3>
            float physics:mass = 0.05

            def Cylinder "Petiole" (
                prepend apiSchemas = ["PhysicsCollisionAPI"]
            )
            {
                uniform token axis = "Z"
                double height = 0.019728752
                rel material:binding = </Plant_1/Materials/Leaf>
                double radius = 0.00179600425
                matrix4d xformOp:transform = ( (-0.7933533402912352, 0.6087614290087207, 0, 0), (-0.20820867120070155, -0.2713428231543063, 0.9396926207859084, 0), (0.5720486226585795, 0.7455082795475254, 0.3420201433256687, 0), (0.005642902704186347, 0.0073539739805699, 0.09794109329333829, 1) )
                uniform token[] xformOpOrder = ["xformOp:transform"]
            }

            def Cylinder "Rachis" (
                prepend apiSchemas = ["PhysicsCollisionAPI"]
            )
            {
                uniform token axis = "Z"
                double height = 0.041294217
                rel material:binding = </Plant_1/Materials/Leaf>
                double radius = 0.00107760255
                matrix4d xformOp:transform = ( (-0.7933533402912352, 0.6087614290087207, 0, 0), (-0.20820867120070155, -0.2713428231543063, 0.9396926207859084, 0), (0.5720486226585795, 0.7455082795475254, 0.3420201433256687, 0), (0.023096955387679946, 0.03010053829660589, 0.10837663559510721, 1) )
                uniform token[] xformOpOrder = ["xformOp:transform"]
            }

            def Cylinder "Petiolule_0" (
                prepend apiSchemas = ["PhysicsCollisionAPI"]
            )
            {
                uniform token axis = "Z"
                double height = 0.01
                rel material:binding = </Plant_1/Materials/Leaf>
                double radius = 0.0007184017
                matrix4d xformOp:transform = ( (-0.9692550857574936, -0.24605807999989301, 0, 0), (0.05409496103035083, -0.21308715443339138, 0.9755345200486782, 0), (-0.24003815097679487, 0.9455417948891769, 0.2198463103929542, 0), (0.01008561465348872, 0.019435656935585684, 0.10241414013864135, 1) )
                uniform token[] xformOpOrder = ["xformOp:transform"]
            }

            def Mesh "Blade_0" (
                prepend apiSchemas = ["PhysicsCollisionAPI", "PhysicsMeshCollisionAPI"]
            )
            {
                int[] faceVertexCounts = [3, 3, 3, 3, 3, 3, 3, 3, 3, 3, 3, 3, 3, 3]
                int[] faceVertexIndices = [0, 1, 2, 0, 2, 3, 0, 3, 4, 0, 4, 5, 0, 5, 6, 0, 6, 7, 0, 7, 8, 0, 8, 9, 0, 9, 10, 0, 10, 11, 0, 11, 12, 0, 12, 13, 0, 13, 14, 0, 14, 15]
                rel material:binding = </Plant_1/Materials/Leaf>
                uniform token physics:approximation = "convexHull"
                point3f[] points = [(0, 0, 0), (0.001450609, 0.0013734144, 0), (0.0025638377, 0.0027468288, 0), (0.003197551, 0.0041202432, 0), (0.0032961946, 0.0054936577, 0), (0.0028930225, 0.006867072, 0), (0.0020976854, 0.0082404865, 0), (0.0010721892, 0.009613901, 0), (0, 0.010987315, 0), (-0.0010721892, 0.009613901, 0), (-0.0020976854, 0.0082404865, 0), (-0.0028930225, 0.006867072, 0), (-0.0032961946, 0.0054936577, 0), (-0.003197551, 0.0041202432, 0), (-0.0025638377, 0.0027468288, 0), (-0.001450609, 0.0013734144, 0)]
                uniform token subdivisionScheme = "none"
                matrix4d xformOp:transform = ( (0.9692550857574936, 0.24605807999989301, -0, 0), (-0.24003815097679487, 0.9455417948891769, 0.2198463103929542, 0), (0.05409496103035083, -0.21308715443339138, 0.9755345200486782, 0), (0.008885423898604746, 0.02416336591003157, 0.10351337169060612, 1) )
                uniform token[] xformOpOrder = ["xformOp:transform"]
            }

            def Cylinder "Petiolule_1" (
                prepend apiSchemas = ["PhysicsCollisionAPI"]
            )
            {
                uniform token axis = "Z"
                double height = 0.01
                rel material:binding = </Plant_1/Materials/Leaf>
                double radius = 0.0007184017
                matrix4d xformOp:transform = ( (-0.013187821517518024, 0.9999130369005207, 0, 0), (-0.21982719187639332, -0.0028992939027471477, 0.9755345200486782, 0), (0.9754496845431657, 0.012865175134579576, 0.2198463103929542, 0), (0.01616305383108852, 0.014772273836812698, 0.10241414013864135, 1) )
                uniform token[] xformOpOrder = ["xformOp:transform"]
            }

            def Mesh "Blade_1" (
                prepend apiSchemas = ["PhysicsCollisionAPI", "PhysicsMeshCollisionAPI"]
            )
            {
                int[] faceVertexCounts = [3, 3, 3, 3, 3, 3, 3, 3, 3, 3, 3, 3, 3, 3]
                int[] faceVertexIndices = [0, 1, 2, 0, 2, 3, 0, 3, 4, 0, 4, 5, 0, 5, 6, 0, 6, 7, 0, 7, 8, 0, 8, 9, 0, 9, 10, 0, 10, 11, 0, 11, 12, 0, 12, 13, 0, 13, 14, 0, 14, 15]
                rel material:binding = </Plant_1/Materials/Leaf>
                uniform token physics:approximation = "convexHull"
                point3f[] points = [(0, 0, 0), (0.001450609, 0.0013734144, 0), (0.0025638377, 0.0027468288, 0), (0.003197551, 0.0041202432, 0), (0.0032961946, 0.0054936577, 0), (0.0028930225, 0.006867072, 0), (0.0020976854, 0.0082404865, 0), (0.0010721892, 0.009613901, 0), (0, 0.010987315, 0), (-0.0010721892, 0.009613901, 0), (-0.0020976854, 0.0082404865, 0), (-0.0028930225, 0.006867072, 0), (-0.0032961946, 0.0054936577, 0), (-0.003197551, 0.0041202432, 0), (-0.0025638377, 0.0027468288, 0), (-0.001450609, 0.0013734144, 0)]
                uniform token subdivisionScheme = "none"
                matrix4d xformOp:transform = ( (0.013187821517518024, -0.9999130369005207, 0, 0), (0.9754496845431657, 0.012865175134579576, 0.2198463103929542, 0), (-0.21982719187639332, -0.0028992939027471477, 0.9755345200486782, 0), (0.02104030225380435, 0.014836599712485595, 0.10351337169060612, 1) )
                uniform token[] xformOpOrder = ["xformOp:transform"]
            }

            def Cylinder "Petiolule_2" (
                prepend apiSchemas = ["PhysicsCollisionAPI"]
            )
            {
                uniform token axis = "Z"
                double height = 0.01
                rel material:binding = </Plant_1/Materials/Leaf>
                double radius = 0.0007184017
                matrix4d xformOp:transform = ( (-0.9692550857574936, -0.24605807999989301, 0, 0), (0.05409496103035083, -0.21308715443339138, 0.9755345200486782, 0), (-0.24003815097679487, 0.9455417948891769, 0.2198463103929542, 0), (0.023633622379227993, 0.037091764355217785, 0.11051431092936831, 1) )
                uniform token[] xformOpOrder = ["xformOp:transform"]
            }

            def Mesh "Blade_2" (
                prepend apiSchemas = ["PhysicsCollisionAPI", "PhysicsMeshCollisionAPI"]
            )
            {
                int[] faceVertexCounts = [3, 3, 3, 3, 3, 3, 3, 3, 3, 3, 3, 3, 3, 3]
                int[] faceVertexIndices = [0, 1, 2, 0, 2, 3, 0, 3, 4, 0, 4, 5, 0, 5, 6, 0, 6, 7, 0, 7, 8, 0, 8, 9, 0, 9, 10, 0, 10, 11, 0, 11, 12, 0, 12, 13, 0, 13, 14, 0, 14, 15]
                rel material:binding = </Plant_1/Materials/Leaf>
                uniform token physics:approximation = "convexHull"
                point3f[] points = [(0, 0, 0), (0.001450609, 0.0013734144, 0), (0.0025638377, 0.0027468288, 0), (0.003197551, 0.0041202432, 0), (0.0032961946, 0.0054936577, 0), (0.0028930225, 0.006867072, 0), (0.0020976854, 0.0082404865, 0), (0.0010721892, 0.009613901, 0), (0, 0.010987315, 0), (-0.0010721892, 0.009613901, 0), (-0.0020976854, 0.0082404865, 0), (-0.0028930225, 0.006867072, 0), (-0.0032961946, 0.0054936577, 0), (-0.003197551, 0.0041202432, 0), (-0.0025638377, 0.0027468288, 0), (-0.001450609, 0.0013734144, 0)]
                uniform token subdivisionScheme = "none"
                matrix4d xformOp:transform = ( (0.9692550857574936, 0.24605807999989301, -0, 0), (-0.24003815097679487, 0.9455417948891769, 0.2198463103929542, 0), (0.05409496103035083, -0.21308715443339138, 0.9755345200486782, 0), (0.022433431624344018, 0.041819473329663674, 0.11161354248133308, 1) )
                uniform token[] xformOpOrder = ["xformOp:transform"]
            }

            def Cylinder "Petiolule_3" (
                prepend apiSchemas = ["PhysicsCollisionAPI"]
            )
            {
                uniform token axis = "Z"
                double height = 0.01
                rel material:binding = </Plant_1/Materials/Leaf>
                double radius = 0.0007184017
                matrix4d xformOp:transform = ( (-0.013187821517518024, 0.9999130369005207, 0, 0), (-0.21982719187639332, -0.0028992939027471477, 0.9755345200486782, 0), (0.9754496845431657, 0.012865175134579576, 0.2198463103929542, 0), (0.029711061556827796, 0.0324283812564448, 0.11051431092936831, 1) )
                uniform token[] xformOpOrder = ["xformOp:transform"]
            }

            def Mesh "Blade_3" (
                prepend apiSchemas = ["PhysicsCollisionAPI", "PhysicsMeshCollisionAPI"]
            )
            {
                int[] faceVertexCounts = [3, 3, 3, 3, 3, 3, 3, 3, 3, 3, 3, 3, 3, 3]
                int[] faceVertexIndices = [0, 1, 2, 0, 2, 3, 0, 3, 4, 0, 4, 5, 0, 5, 6, 0, 6, 7, 0, 7, 8, 0, 8, 9, 0, 9, 10, 0, 10, 11, 0, 11, 12, 0, 12, 13, 0, 13, 14, 0, 14, 15]
                rel material:binding = </Plant_1/Materials/Leaf>
                uniform token physics:approximation = "convexHull"
                point3f[] points = [(0, 0, 0), (0.001450609, 0.0013734144, 0), (0.0025638377, 0.0027468288, 0), (0.003197551, 0.0041202432, 0), (0.0032961946, 0.0054936577, 0), (0.0028930225, 0.006867072, 0), (0.0020976854, 0.0082404865, 0), (0.0010721892, 0.009613901, 0), (0, 0.010987315, 0), (-0.0010721892, 0.009613901, 0), (-0.0020976854, 0.0082404865, 0), (-0.0028930225, 0.006867072, 0), (-0.0032961946, 0.0054936577, 0), (-0.003197551, 0.0041202432, 0), (-0.0025638377, 0.0027468288, 0), (-0.001450609, 0.0013734144, 0)]
                uniform token subdivisionScheme = "none"
                matrix4d xformOp:transform = ( (0.013187821517518024, -0.9999130369005207, 0, 0), (0.9754496845431657, 0.012865175134579576, 0.2198463103929542, 0), (-0.21982719187639332, -0.0028992939027471477, 0.9755345200486782, 0), (0.034588309979543624, 0.0324927071321177, 0.11161354248133308, 1) )
                uniform token[] xformOpOrder = ["xformOp:transform"]
            }

            def Cylinder "Petiolule_term" (
                prepend apiSchemas = ["PhysicsCollisionAPI"]
            )
            {
                uniform token axis = "Z"
                double height = 0.01
                rel material:binding = </Plant_1/Materials/Leaf>
                double radius = 0.0007184017
                matrix4d xformOp:transform = ( (-0.7933533402912352, 0.6087614290087207, 0, 0), (-0.20820867120070155, -0.2713428231543063, 0.9396926207859084, 0), (0.5720486226585795, 0.7455082795475254, 0.3420201433256687, 0), (0.03776834848028009, 0.04922067002980961, 0.1171484633201662, 1) )
                uniform token[] xformOpOrder = ["xformOp:transform"]
            }

            def Mesh "Blade_4" (
                prepend apiSchemas = ["PhysicsCollisionAPI", "PhysicsMeshCollisionAPI"]
            )
            {
                int[] faceVertexCounts = [3, 3, 3, 3, 3, 3, 3, 3, 3, 3, 3, 3, 3, 3]
                int[] faceVertexIndices = [0, 1, 2, 0, 2, 3, 0, 3, 4, 0, 4, 5, 0, 5, 6, 0, 6, 7, 0, 7, 8, 0, 8, 9, 0, 9, 10, 0, 10, 11, 0, 11, 12, 0, 12, 13, 0, 13, 14, 0, 14, 15]
                rel material:binding = </Plant_1/Materials/Leaf>
                uniform token physics:approximation = "convexHull"
                point3f[] points = [(0, 0, 0), (0.001450609, 0.0013734144, 0), (0.0025638377, 0.0027468288, 0), (0.003197551, 0.0041202432, 0), (0.0032961946, 0.0054936577, 0), (0.0028930225, 0.006867072, 0), (0.0020976854, 0.0082404865, 0), (0.0010721892, 0.009613901, 0), (0, 0.010987315, 0), (-0.0010721892, 0.009613901, 0), (-0.0020976854, 0.0082404865, 0), (-0.0028930225, 0.006867072, 0), (-0.0032961946, 0.0054936577, 0), (-0.003197551, 0.0041202432, 0), (-0.0025638377, 0.0027468288, 0), (-0.001450609, 0.0013734144, 0)]
                uniform token subdivisionScheme = "none"
                matrix4d xformOp:transform = ( (0.7933533402912352, -0.6087614290087207, 0, 0), (0.5720486226585795, 0.7455082795475254, 0.3420201433256687, 0), (-0.20820867120070155, -0.2713428231543063, 0.9396926207859084, 0), (0.04062859159357299, 0.052948211427547236, 0.11885856403679454, 1) )
                uniform token[] xformOpOrder = ["xformOp:transform"]
            }
        }

        def Xform "Leaf_o1_r3_i2" (
            prepend apiSchemas = ["PhysicsRigidBodyAPI", "PhysicsMassAPI", "PhysicsFilteredPairsAPI"]
        )
        {
            prepend rel physics:filteredPairs = </Plant_1/Stem/Internode_o1_r3>
            float physics:mass = 0.05

            def Cylinder "Petiole" (
                prepend apiSchemas = ["PhysicsCollisionAPI"]
            )
            {
                uniform token axis = "Z"
                double height = 0.019728752
                rel material:binding = </Plant_1/Materials/Leaf>
                double radius = 0.00179600425
                matrix4d xformOp:transform = ( (-0.7933533402912352, 0.6087614290087207, 0, 0), (-0.20820867120070155, -0.2713428231543063, 0.9396926207859084, 0), (0.5720486226585795, 0.7455082795475254, 0.3420201433256687, 0), (0.005642902704186347, 0.0073539739805699, 0.09794109329333829, 1) )
                uniform token[] xformOpOrder = ["xformOp:transform"]
            }

            def Cylinder "Rachis" (
                prepend apiSchemas = ["PhysicsCollisionAPI"]
            )
            {
                uniform token axis = "Z"
                double height = 0.041294217
                rel material:binding = </Plant_1/Materials/Leaf>
                double radius = 0.00107760255
                matrix4d xformOp:transform = ( (-0.7933533402912352, 0.6087614290087207, 0, 0), (-0.20820867120070155, -0.2713428231543063, 0.9396926207859084, 0), (0.5720486226585795, 0.7455082795475254, 0.3420201433256687, 0), (0.023096955387679946, 0.03010053829660589, 0.10837663559510721, 1) )
                uniform token[] xformOpOrder = ["xformOp:transform"]
            }

            def Cylinder "Petiolule_0" (
                prepend apiSchemas = ["PhysicsCollisionAPI"]
            )
            {
                uniform token axis = "Z"
                double height = 0.01
                rel material:binding = </Plant_1/Materials/Leaf>
                double radius = 0.0007184017
                matrix4d xformOp:transform = ( (-0.9692550857574936, -0.24605807999989301, 0, 0), (0.05409496103035083, -0.21308715443339138, 0.9755345200486782, 0), (-0.24003815097679487, 0.9455417948891769, 0.2198463103929542, 0), (0.01008561465348872, 0.019435656935585684, 0.10241414013864135, 1) )
                uniform token[] xformOpOrder = ["xformOp:transform"]
            }

            def Mesh "Blade_0" (
                prepend apiSchemas = ["PhysicsCollisionAPI", "PhysicsMeshCollisionAPI"]
            )
            {
                int[] faceVertexCounts = [3, 3, 3, 3, 3, 3, 3, 3, 3, 3, 3, 3, 3, 3]
                int[] faceVertexIndices = [0, 1, 2, 0, 2, 3, 0, 3, 4, 0, 4, 5, 0, 5, 6, 0, 6, 7, 0, 7, 8, 0, 8, 9, 0, 9, 10, 0, 10, 11, 0, 11, 12, 0, 12, 13, 0, 13, 14, 0, 14, 15]
                rel material:binding = </Plant_1/Materials/Leaf>
                uniform token physics:approximation = "convexHull"
                point3f[] points = [(0, 0, 0), (0.001450609, 0.0013734144, 0), (0.0025638377, 0.0027468288, 0), (0.003197551, 0.0041202432, 0), (0.0032961946, 0.0054936577, 0), (0.0028930225, 0.006867072, 0), (0.0020976854, 0.0082404865, 0), (0.0010721892, 0.009613901, 0), (0, 0.010987315, 0), (-0.0010721892, 0.009613901, 0), (-0.0020976854, 0.0082404865, 0), (-0.0028930225, 0.006867072, 0), (-0.0032961946, 0.0054936577, 0), (-0.003197551, 0.0041202432, 0), (-0.0025638377, 0.0027468288, 0), (-0.001450609, 0.0013734144, 0)]
                uniform token subdivisionScheme = "none"
                matrix4d xformOp:transform = ( (0.9692550857574936, 0.24605807999989301, -0, 0), (-0.24003815097679487, 0.9455417948891769, 0.2198463103929542, 0), (0.05409496103035083, -0.21308715443339138, 0.9755345200486782, 0), (0.008885423898604746, 0.02416336591003157, 0.10351337169060612, 1) )
                uniform token[] xformOpOrder = ["xformOp:transform"]
            }

            def Cylinder "Petiolule_1" (
                prepend apiSchemas = ["PhysicsCollisionAPI"]
            )
            {
                uniform token axis = "Z"
                double height = 0.01
                rel material:binding = </Plant_1/Materials/Leaf>
                double radius = 0.0007184017
                matrix4d xformOp:transform = ( (-0.013187821517518024, 0.9999130369005207, 0, 0), (-0.21982719187639332, -0.0028992939027471477, 0.9755345200486782, 0), (0.9754496845431657, 0.012865175134579576, 0.2198463103929542, 0), (0.01616305383108852, 0.014772273836812698, 0.10241414013864135, 1) )
                uniform token[] xformOpOrder = ["xformOp:transform"]
            }

            def Mesh "Blade_1" (
                prepend apiSchemas = ["PhysicsCollisionAPI", "PhysicsMeshCollisionAPI"]
            )
            {
                int[] faceVertexCounts = [3, 3, 3, 3, 3, 3, 3, 3, 3, 3, 3, 3, 3, 3]
                int[] faceVertexIndices = [0, 1, 2, 0, 2, 3, 0, 3, 4, 0, 4, 5, 0, 5, 6, 0, 6, 7, 0, 7, 8, 0, 8, 9, 0, 9, 10, 0, 10, 11, 0, 11, 12, 0, 12, 13, 0, 13, 14, 0, 14, 15]
                rel material:binding = </Plant_1/Materials/Leaf>
                uniform token physics:approximation = "convexHull"
                point3f[] points = [(0, 0, 0), (0.001450609, 0.0013734144, 0), (0.0025638377, 0.0027468288, 0), (0.003197551, 0.0041202432, 0), (0.0032961946, 0.0054936577, 0), (0.0028930225, 0.006867072, 0), (0.0020976854, 0.0082404865, 0), (0.0010721892, 0.009613901, 0), (0, 0.010987315, 0), (-0.0010721892, 0.009613901, 0), (-0.0020976854, 0.0082404865, 0), (-0.0028930225, 0.006867072, 0), (-0.0032961946, 0.0054936577, 0), (-0.003197551, 0.0041202432, 0), (-0.0025638377, 0.0027468288, 0), (-0.001450609, 0.0013734144, 0)]
                uniform token subdivisionScheme = "none"
                matrix4d xformOp:transform = ( (0.013187821517518024, -0.9999130369005207, 0, 0), (0.9754496845431657, 0.012865175134579576, 0.2198463103929542, 0), (-0.21982719187639332, -0.0028992939027471477, 0.9755345200486782, 0), (0.02104030225380435, 0.014836599712485595, 0.10351337169060612, 1) )
                uniform token[] xformOpOrder = ["xformOp:transform"]
            }

            def Cylinder "Petiolule_2" (
                prepend apiSchemas = ["PhysicsCollisionAPI"]
            )
            {
                uniform token axis = "Z"
                double height = 0.01
                rel material:binding = </Plant_1/Materials/Leaf>
                double radius = 0.0007184017
                matrix4d xformOp:transform = ( (-0.9692550857574936, -0.24605807999989301, 0, 0), (0.05409496103035083, -0.21308715443339138, 0.9755345200486782, 0), (-0.24003815097679487, 0.9455417948891769, 0.2198463103929542, 0), (0.023633622379227993, 0.037091764355217785, 0.11051431092936831, 1) )
                uniform token[] xformOpOrder = ["xformOp:transform"]
            }

            def Mesh "Blade_2" (
                prepend apiSchemas = ["PhysicsCollisionAPI", "PhysicsMeshCollisionAPI"]
            )
            {
                int[] faceVertexCounts = [3, 3, 3, 3, 3, 3, 3, 3, 3, 3, 3, 3, 3, 3]
                int[] faceVertexIndices = [0, 1, 2, 0, 2, 3, 0, 3, 4, 0, 4, 5, 0, 5, 6, 0, 6, 7, 0, 7, 8, 0, 8, 9, 0, 9, 10, 0, 10, 11, 0, 11, 12, 0, 12, 13, 0, 13, 14, 0, 14, 15]
                rel material:binding = </Plant_1/Materials/Leaf>
                uniform token physics:approximation = "convexHull"
                point3f[] points = [(0, 0, 0), (0.001450609, 0.0013734144, 0), (0.0025638377, 0.0027468288, 0), (0.003197551, 0.0041202432, 0), (0.0032961946, 0.0054936577, 0), (0.0028930225, 0.006867072, 0), (0.0020976854, 0.0082404865, 0), (0.0010721892, 0.009613901, 0), (0, 0.010987315, 0), (-0.0010721892, 0.009613901, 0), (-0.0020976854, 0.0082404865, 0), (-0.0028930225, 0.006867072, 0), (-0.0032961946, 0.0054936577, 0), (-0.003197551, 0.0041202432, 0), (-0.0025638377, 0.0027468288, 0), (-0.001450609, 0.0013734144, 0)]
                uniform token subdivisionScheme = "none"
                matrix4d xformOp:transform = ( (0.9692550857574936, 0.24605807999989301, -0, 0), (-0.24003815097679487, 0.9455417948891769, 0.2198463103929542, 0), (0.05409496103035083, -0.21308715443339138, 0.9755345200486782, 0), (0.022433431624344018, 0.041819473329663674, 0.11161354248133308, 1) )
                uniform token[] xformOpOrder = ["xformOp:transform"]
            }

            def Cylinder "Petiolule_3" (
                prepend apiSchemas = ["PhysicsCollisionAPI"]
            )
            {
                uniform token axis = "Z"
                double height = 0.01
                rel material:binding = </Plant_1/Materials/Leaf>
                double radius = 0.0007184017
                matrix4d xformOp:transform = ( (-0.013187821517518024, 0.9999130369005207, 0, 0), (-0.21982719187639332, -0.0028992939027471477, 0.9755345200486782, 0), (0.9754496845431657, 0.012865175134579576, 0.2198463103929542, 0), (0.029711061556827796, 0.0324283812564448, 0.11051431092936831, 1) )
                uniform token[] xformOpOrder = ["xformOp:transform"]
            }

            def Mesh "Blade_3" (
                prepend apiSchemas = ["PhysicsCollisionAPI", "PhysicsMeshCollisionAPI"]
            )
            {
                int[] faceVertexCounts = [3, 3, 3, 3, 3, 3, 3, 3, 3, 3, 3, 3, 3, 3]
                int[] faceVertexIndices = [0, 1, 2, 0, 2, 3, 0, 3, 4, 0, 4, 5, 0, 5, 6, 0, 6, 7, 0, 7, 8, 0, 8, 9, 0, 9, 10, 0, 10, 11, 0, 11, 12, 0, 12, 13, 0, 13, 14, 0, 14, 15]
                rel material:binding = </Plant_1/Materials/Leaf>
                uniform token physics:approximation = "convexHull"
                point3f[] points = [(0, 0, 0), (0.001450609, 0.0013734144, 0), (0.0025638377, 0.0027468288, 0), (0.003197551, 0.0041202432, 0), (0.0032961946, 0.0054936577, 0), (0.0028930225, 0.006867072, 0), (0.0020976854, 0.0082404865, 0), (0.0010721892, 0.009613901, 0), (0, 0.010987315, 0), (-0.0010721892, 0.009613901, 0), (-0.0020976854, 0.0082404865, 0), (-0.0028930225, 0.006867072, 0), (-0.0032961946, 0.0054936577, 0), (-0.003197551, 0.0041202432, 0), (-0.0025638377, 0.0027468288, 0), (-0.001450609, 0.0013734144, 0)]
                uniform token subdivisionScheme = "none"
                matrix4d xformOp:transform = ( (0.013187821517518024, -0.9999130369005207, 0, 0), (0.9754496845431657, 0.012865175134579576, 0.2198463103929542, 0), (-0.21982719187639332, -0.0028992939027471477, 0.9755345200486782, 0), (0.034588309979543624, 0.0324927071321177, 0.11161354248133308, 1) )
                uniform token[] xformOpOrder = ["xformOp:transform"]
            }

            def Cylinder "Petiolule_term" (
                prepend apiSchemas = ["PhysicsCollisionAPI"]
            )
            {
                uniform token axis = "Z"
                double height = 0.01
                rel material:binding = </Plant_1/Materials/Leaf>
                double radius = 0.0007184017
                matrix4d xformOp:transform = ( (-0.7933533402912352, 0.6087614290087207, 0, 0), (-0.20820867120070155, -0.2713428231543063, 0.9396926207859084, 0), (0.5720486226585795, 0.7455082795475254, 0.3420201433256687, 0), (0.03776834848028009, 0.04922067002980961, 0.1171484633201662, 1) )
                uniform token[] xformOpOrder = ["xformOp:transform"]
            }

            def Mesh "Blade_4" (
                prepend apiSchemas = ["PhysicsCollisionAPI", "PhysicsMeshCollisionAPI"]
            )
            {
                int[] faceVertexCounts = [3, 3, 3, 3, 3, 3, 3, 3, 3, 3, 3, 3, 3, 3]
                int[] faceVertexIndices = [0, 1, 2, 0, 2, 3, 0, 3, 4, 0, 4, 5, 0, 5, 6, 0, 6, 7, 0, 7, 8, 0, 8, 9, 0, 9, 10, 0, 10, 11, 0, 11, 12, 0, 12, 13, 0, 13, 14, 0, 14, 15]
                rel material:binding = </Plant_1/Materials/Leaf>
                uniform token physics:approximation = "convexHull"
                point3f[] points = [(0, 0, 0), (0.001450609, 0.0013734144, 0), (0.0025638377, 0.0027468288, 0), (0.003197551, 0.0041202432, 0), (0.0032961946, 0.0054936577, 0), (0.0028930225, 0.006867072, 0), (0.0020976854, 0.0082404865, 0), (0.0010721892, 0.009613901, 0), (0, 0.010987315, 0), (-0.0010721892, 0.009613901, 0), (-0.0020976854, 0.0082404865, 0), (-0.0028930225, 0.006867072, 0), (-0.0032961946, 0.0054936577, 0), (-0.003197551, 0.0041202432, 0), (-0.0025638377, 0.0027468288, 0), (-0.001450609, 0.0013734144, 0)]
                uniform token subdivisionScheme = "none"
                matrix4d xformOp:transform = ( (0.7933533402912352, -0.6087614290087207, 0, 0), (0.5720486226585795, 0.7455082795475254, 0.3420201433256687, 0), (-0.20820867120070155, -0.2713428231543063, 0.9396926207859084, 0), (0.04062859159357299, 0.052948211427547236, 0.11885856403679454, 1) )
                uniform token[] xformOpOrder = ["xformOp:transform"]
            }
        }

        def Xform "Leaf_o1_r3_i3" (
            prepend apiSchemas = ["PhysicsRigidBodyAPI", "PhysicsMassAPI", "PhysicsFilteredPairsAPI"]
        )
        {
            prepend rel physics:filteredPairs = </Plant_1/Stem/Internode_o1_r3>
            float physics:mass = 0.05

            def Cylinder "Petiole" (
                prepend apiSchemas = ["PhysicsCollisionAPI"]
            )
            {
                uniform token axis = "Z"
                double height = 0.019728752
                rel material:binding = </Plant_1/Materials/Leaf>
                double radius = 0.00179600425
                matrix4d xformOp:transform = ( (-0.7933533402912352, 0.6087614290087207, 0, 0), (-0.20820867120070155, -0.2713428231543063, 0.9396926207859084, 0), (0.5720486226585795, 0.7455082795475254, 0.3420201433256687, 0), (0.005642902704186347, 0.0073539739805699, 0.09794109329333829, 1) )
                uniform token[] xformOpOrder = ["xformOp:transform"]
            }

            def Cylinder "Rachis" (
                prepend apiSchemas = ["PhysicsCollisionAPI"]
            )
            {
                uniform token axis = "Z"
                double height = 0.041294217
                rel material:binding = </Plant_1/Materials/Leaf>
                double radius = 0.00107760255
                matrix4d xformOp:transform = ( (-0.7933533402912352, 0.6087614290087207, 0, 0), (-0.20820867120070155, -0.2713428231543063, 0.9396926207859084, 0), (0.5720486226585795, 0.7455082795475254, 0.3420201433256687, 0), (0.023096955387679946, 0.03010053829660589, 0.10837663559510721, 1) )
                uniform token[] xformOpOrder = ["xformOp:transform"]
            }

            def Cylinder "Petiolule_0" (
                prepend apiSchemas = ["PhysicsCollisionAPI"]
            )
            {
                uniform token axis = "Z"
                double height = 0.01
                rel material:binding = </Plant_1/Materials/Leaf>
                double radius = 0.0007184017
                matrix4d xformOp:transform = ( (-0.9692550857574936, -0.24605807999989301, 0, 0), (0.05409496103035083, -0.21308715443339138, 0.9755345200486782, 0), (-0.24003815097679487, 0.9455417948891769, 0.2198463103929542, 0), (0.01008561465348872, 0.019435656935585684, 0.10241414013864135, 1) )
                uniform token[] xformOpOrder = ["xformOp:transform"]
            }

            def Mesh "Blade_0" (
                prepend apiSchemas = ["PhysicsCollisionAPI", "PhysicsMeshCollisionAPI"]
            )
            {
                int[] faceVertexCounts = [3, 3, 3, 3, 3, 3, 3, 3, 3, 3, 3, 3, 3, 3]
                int[] faceVertexIndices = [0, 1, 2, 0, 2, 3, 0, 3, 4, 0, 4, 5, 0, 5, 6, 0, 6, 7, 0, 7, 8, 0, 8, 9, 0, 9, 10, 0, 10, 11, 0, 11, 12, 0, 12, 13, 0, 13, 14, 0, 14, 15]
                rel material:binding = </Plant_1/Materials/Leaf>
                uniform token physics:approximation = "convexHull"
                point3f[] points = [(0, 0, 0), (0.001450609, 0.0013734144, 0), (0.0025638377, 0.0027468288, 0), (0.003197551, 0.0041202432, 0), (0.0032961946, 0.0054936577, 0), (0.0028930225, 0.006867072, 0), (0.0020976854, 0.0082404865, 0), (0.0010721892, 0.009613901, 0), (0, 0.010987315, 0), (-0.0010721892, 0.009613901, 0), (-0.0020976854, 0.0082404865, 0), (-0.0028930225, 0.006867072, 0), (-0.0032961946, 0.0054936577, 0), (-0.003197551, 0.0041202432, 0), (-0.0025638377, 0.0027468288, 0), (-0.001450609, 0.0013734144, 0)]
                uniform token subdivisionScheme = "none"
                matrix4d xformOp:transform = ( (0.9692550857574936, 0.24605807999989301, -0, 0), (-0.24003815097679487, 0.9455417948891769, 0.2198463103929542, 0), (0.05409496103035083, -0.21308715443339138, 0.9755345200486782, 0), (0.008885423898604746, 0.02416336591003157, 0.10351337169060612, 1) )
                uniform token[] xformOpOrder = ["xformOp:transform"]
            }

            def Cylinder "Petiolule_1" (
                prepend apiSchemas = ["PhysicsCollisionAPI"]
            )
            {
                uniform token axis = "Z"
                double height = 0.01
                rel material:binding = </Plant_1/Materials/Leaf>
                double radius = 0.0007184017
                matrix4d xformOp:transform = ( (-0.013187821517518024, 0.9999130369005207, 0, 0), (-0.21982719187639332, -0.0028992939027471477, 0.9755345200486782, 0), (0.9754496845431657, 0.012865175134579576, 0.2198463103929542, 0), (0.01616305383108852, 0.014772273836812698, 0.10241414013864135, 1) )
                uniform token[] xformOpOrder = ["xformOp:transform"]
            }

            def Mesh "Blade_1" (
                prepend apiSchemas = ["PhysicsCollisionAPI", "PhysicsMeshCollisionAPI"]
            )
            {
                int[] faceVertexCounts = [3, 3, 3, 3, 3, 3, 3, 3, 3, 3, 3, 3, 3, 3]
                int[] faceVertexIndices = [0, 1, 2, 0, 2, 3, 0, 3, 4, 0, 4, 5, 0, 5, 6, 0, 6, 7, 0, 7, 8, 0, 8, 9, 0, 9, 10, 0, 10, 11, 0, 11, 12, 0, 12, 13, 0, 13, 14, 0, 14, 15]
                rel material:binding = </Plant_1/Materials/Leaf>
                uniform token physics:approximation = "convexHull"
                point3f[] points = [(0, 0, 0), (0.001450609, 0.0013734144, 0), (0.0025638377, 0.0027468288, 0), (0.003197551, 0.0041202432, 0), (0.0032961946, 0.0054936577, 0), (0.0028930225, 0.006867072, 0), (0.0020976854, 0.0082404865, 0), (0.0010721892, 0.009613901, 0), (0, 0.010987315, 0), (-0.0010721892, 0.009613901, 0), (-0.0020976854, 0.0082404865, 0), (-0.0028930225, 0.006867072, 0), (-0.0032961946, 0.0054936577, 0), (-0.003197551, 0.0041202432, 0), (-0.0025638377, 0.0027468288, 0), (-0.001450609, 0.0013734144, 0)]
                uniform token subdivisionScheme = "none"
                matrix4d xformOp:transform = ( (0.013187821517518024, -0.9999130369005207, 0, 0), (0.9754496845431657, 0.012865175134579576, 0.2198463103929542, 0), (-0.21982719187639332, -0.0028992939027471477, 0.9755345200486782, 0), (0.02104030225380435, 0.014836599712485595, 0.10351337169060612, 1) )
                uniform token[] xformOpOrder = ["xformOp:transform"]
            }

            def Cylinder "Petiolule_2" (
                prepend apiSchemas = ["PhysicsCollisionAPI"]
            )
            {
                uniform token axis = "Z"
                double height = 0.01
                rel material:binding = </Plant_1/Materials/Leaf>
                double radius = 0.0007184017
                matrix4d xformOp:transform = ( (-0.9692550857574936, -0.24605807999989301, 0, 0), (0.05409496103035083, -0.21308715443339138, 0.9755345200486782, 0), (-0.24003815097679487, 0.9455417948891769, 0.2198463103929542, 0), (0.023633622379227993, 0.037091764355217785, 0.11051431092936831, 1) )
                uniform token[] xformOpOrder = ["xformOp:transform"]
            }

            def Mesh "Blade_2" (
                prepend apiSchemas = ["PhysicsCollisionAPI", "PhysicsMeshCollisionAPI"]
            )
            {
                int[] faceVertexCounts = [3, 3, 3, 3, 3, 3, 3, 3, 3, 3, 3, 3, 3, 3]
                int[] faceVertexIndices = [0, 1, 2, 0, 2, 3, 0, 3, 4, 0, 4, 5, 0, 5, 6, 0, 6, 7, 0, 7, 8, 0, 8, 9, 0, 9, 10, 0, 10, 11, 0, 11, 12, 0, 12, 13, 0, 13, 14, 0, 14, 15]
                rel material:binding = </Plant_1/Materials/Leaf>
                uniform token physics:approximation = "convexHull"
                point3f[] points = [(0, 0, 0), (0.001450609, 0.0013734144, 0), (0.0025638377, 0.0027468288, 0), (0.003197551, 0.0041202432, 0), (0.0032961946, 0.0054936577, 0), (0.0028930225, 0.006867072, 0), (0.0020976854, 0.0082404865, 0), (0.0010721892, 0.009613901, 0), (0, 0.010987315, 0), (-0.0010721892, 0.009613901, 0), (-0.0020976854, 0.0082404865, 0), (-0.0028930225, 0.006867072, 0), (-0.0032961946, 0.0054936577, 0), (-0.003197551, 0.0041202432, 0), (-0.0025638377, 0.0027468288, 0), (-0.001450609, 0.0013734144, 0)]
                uniform token subdivisionScheme = "none"
                matrix4d xformOp:transform = ( (0.9692550857574936, 0.24605807999989301, -0, 0), (-0.24003815097679487, 0.9455417948891769, 0.2198463103929542, 0), (0.05409496103035083, -0.21308715443339138, 0.9755345200486782, 0), (0.022433431624344018, 0.041819473329663674, 0.11161354248133308, 1) )
                uniform token[] xformOpOrder = ["xformOp:transform"]
            }

            def Cylinder "Petiolule_3" (
                prepend apiSchemas = ["PhysicsCollisionAPI"]
            )
            {
                uniform token axis = "Z"
                double height = 0.01
                rel material:binding = </Plant_1/Materials/Leaf>
                double radius = 0.0007184017
                matrix4d xformOp:transform = ( (-0.013187821517518024, 0.9999130369005207, 0, 0), (-0.21982719187639332, -0.0028992939027471477, 0.9755345200486782, 0), (0.9754496845431657, 0.012865175134579576, 0.2198463103929542, 0), (0.029711061556827796, 0.0324283812564448, 0.11051431092936831, 1) )
                uniform token[] xformOpOrder = ["xformOp:transform"]
            }

            def Mesh "Blade_3" (
                prepend apiSchemas = ["PhysicsCollisionAPI", "PhysicsMeshCollisionAPI"]
            )
            {
                int[] faceVertexCounts = [3, 3, 3, 3, 3, 3, 3, 3, 3, 3, 3, 3, 3, 3]
                int[] faceVertexIndices = [0, 1, 2, 0, 2, 3, 0, 3, 4, 0, 4, 5, 0, 5, 6, 0, 6, 7, 0, 7, 8, 0, 8, 9, 0, 9, 10, 0, 10, 11, 0, 11, 12, 0, 12, 13, 0, 13, 14, 0, 14, 15]
                rel material:binding = </Plant_1/Materials/Leaf>
                uniform token physics:approximation = "convexHull"
                point3f[] points = [(0, 0, 0), (0.001450609, 0.0013734144, 0), (0.0025638377, 0.0027468288, 0), (0.003197551, 0.0041202432, 0), (0.0032961946, 0.0054936577, 0), (0.0028930225, 0.006867072, 0), (0.0020976854, 0.0082404865, 0), (0.0010721892, 0.009613901, 0), (0, 0.010987315, 0), (-0.0010721892, 0.009613901, 0), (-0.0020976854, 0.0082404865, 0), (-0.0028930225, 0.006867072, 0), (-0.0032961946, 0.0054936577, 0), (-0.003197551, 0.0041202432, 0), (-0.0025638377, 0.0027468288, 0), (-0.001450609, 0.0013734144, 0)]
                uniform token subdivisionScheme = "none"
                matrix4d xformOp:transform = ( (0.013187821517518024, -0.9999130369005207, 0, 0), (0.9754496845431657, 0.012865175134579576, 0.2198463103929542, 0), (-0.21982719187639332, -0.0028992939027471477, 0.9755345200486782, 0), (0.034588309979543624, 0.0324927071321177, 0.11161354248133308, 1) )
                uniform token[] xformOpOrder = ["xformOp:transform"]
            }

            def Cylinder "Petiolule_term" (
                prepend apiSchemas = ["PhysicsCollisionAPI"]
            )
            {
                uniform token axis = "Z"
                double height = 0.01
                rel material:binding = </Plant_1/Materials/Leaf>
                double radius = 0.0007184017
                matrix4d xformOp:transform = ( (-0.7933533402912352, 0.6087614290087207, 0, 0), (-0.20820867120070155, -0.2713428231543063, 0.9396926207859084, 0), (0.5720486226585795, 0.7455082795475254, 0.3420201433256687, 0), (0.03776834848028009, 0.04922067002980961, 0.1171484633201662, 1) )
                uniform token[] xformOpOrder = ["xformOp:transform"]
            }

            def Mesh "Blade_4" (
                prepend apiSchemas = ["PhysicsCollisionAPI", "PhysicsMeshCollisionAPI"]
            )
            {
                int[] faceVertexCounts = [3, 3, 3, 3, 3, 3, 3, 3, 3, 3, 3, 3, 3, 3]
                int[] faceVertexIndices = [0, 1, 2, 0, 2, 3, 0, 3, 4, 0, 4, 5, 0, 5, 6, 0, 6, 7, 0, 7, 8, 0, 8, 9, 0, 9, 10, 0, 10, 11, 0, 11, 12, 0, 12, 13, 0, 13, 14, 0, 14, 15]
                rel material:binding = </Plant_1/Materials/Leaf>
                uniform token physics:approximation = "convexHull"
                point3f[] points = [(0, 0, 0), (0.001450609, 0.0013734144, 0), (0.0025638377, 0.0027468288, 0), (0.003197551, 0.0041202432, 0), (0.0032961946, 0.0054936577, 0), (0.0028930225, 0.006867072, 0), (0.0020976854, 0.0082404865, 0), (0.0010721892, 0.009613901, 0), (0, 0.010987315, 0), (-0.0010721892, 0.009613901, 0), (-0.0020976854, 0.0082404865, 0), (-0.0028930225, 0.006867072, 0), (-0.0032961946, 0.0054936577, 0), (-0.003197551, 0.0041202432, 0), (-0.0025638377, 0.0027468288, 0), (-0.001450609, 0.0013734144, 0)]
                uniform token subdivisionScheme = "none"
                matrix4d xformOp:transform = ( (0.7933533402912352, -0.6087614290087207, 0, 0), (0.5720486226585795, 0.7455082795475254, 0.3420201433256687, 0), (-0.20820867120070155, -0.2713428231543063, 0.9396926207859084, 0), (0.04062859159357299, 0.052948211427547236, 0.11885856403679454, 1) )
                uniform token[] xformOpOrder = ["xformOp:transform"]
            }
        }

        def Xform "Leaf_o1_r2_i0" (
            prepend apiSchemas = ["PhysicsRigidBodyAPI", "PhysicsMassAPI", "PhysicsFilteredPairsAPI"]
        )
        {
            prepend rel physics:filteredPairs = </Plant_1/Stem/Internode_o1_r2>
            float physics:mass = 0.05

            def Cylinder "Petiole" (
                prepend apiSchemas = ["PhysicsCollisionAPI"]
            )
            {
                uniform token axis = "Z"
                double height = 0.021071538
                rel material:binding = </Plant_1/Materials/Leaf>
                double radius = 0.0018935733
                matrix4d xformOp:transform = ( (0.9961946980917457, 0.08715574274765789, -0, 0), (-0.029809019626209063, 0.3407186534216101, 0.9396926207859085, 0), (0.08189960831908907, -0.9361168066628592, 0.3420201433256687, 0), (0.0008628753544404008, -0.009862710432017547, 0.06896154422342614, 1) )
                uniform token[] xformOpOrder = ["xformOp:transform"]
            }

            def Cylinder "Rachis" (
                prepend apiSchemas = ["PhysicsCollisionAPI"]
            )
            {
                uniform token axis = "Z"
                double height = 0.04528083
                rel material:binding = </Plant_1/Materials/Leaf>
                double radius = 0.00113614398
                matrix4d xformOp:transform = ( (0.9961946980917457, 0.08715574274765789, -0, 0), (-0.029809019626209063, 0.3407186534216101, 0.9396926207859085, 0), (0.08189960831908907, -0.9361168066628592, 0.3420201433256687, 0), (0.0035799918295624307, -0.040919493855356995, 0.08030846743010489, 1) )
                uniform token[] xformOpOrder = ["xformOp:transform"]
            }

            def Cylinder "Petiolule_0" (
                prepend apiSchemas = ["PhysicsCollisionAPI"]
            )
            {
                uniform token axis = "Z"
                double height = 0.01
                rel material:binding = </Plant_1/Materials/Leaf>
                double radius = 0.00075742932
                matrix4d xformOp:transform = ( (0.548375378964315, 0.8362322905423731, -0, 0), (-0.18384258370718962, 0.12055830377564267, 0.9755345200486784, 0), (0.8157734662034608, -0.5349591121244651, 0.2198463103929542, 0), (0.005804618039898105, -0.02240021642465742, 0.07366422099881705, 1) )
                uniform token[] xformOpOrder = ["xformOp:transform"]
            }

            def Mesh "Blade_0" (
                prepend apiSchemas = ["PhysicsCollisionAPI", "PhysicsMeshCollisionAPI"]
            )
            {
                int[] faceVertexCounts = [3, 3, 3, 3, 3, 3, 3, 3, 3, 3, 3, 3, 3, 3]
                int[] faceVertexIndices = [0, 1, 2, 0, 2, 3, 0, 3, 4, 0, 4, 5, 0, 5, 6, 0, 6, 7, 0, 7, 8, 0, 8, 9, 0, 9, 10, 0, 10, 11, 0, 11, 12, 0, 12, 13, 0, 13, 14, 0, 14, 15]
                rel material:binding = </Plant_1/Materials/Leaf>
                uniform token physics:approximation = "convexHull"
                point3f[] points = [(0, 0, 0), (0.0017505473, 0.0016573914, 0), (0.0030939553, 0.0033147829, 0), (0.0038586997, 0.0049721743, 0), (0.0039777397, 0.0066295657, 0), (0.0034912045, 0.008286958, 0), (0.0025314179, 0.009944349, 0), (0.0012938827, 0.0116017405, 0), (0, 0.013259131, 0), (-0.0012938827, 0.0116017405, 0), (-0.0025314179, 0.009944349, 0), (-0.0034912045, 0.008286958, 0), (-0.0039777397, 0.0066295657, 0), (-0.0038586997, 0.0049721743, 0), (-0.0030939553, 0.0033147829, 0), (-0.0017505473, 0.0016573914, 0)]
                uniform token subdivisionScheme = "none"
                matrix4d xformOp:transform = ( (-0.548375378964315, -0.8362322905423731, 0, 0), (0.8157734662034608, -0.5349591121244651, 0.2198463103929542, 0), (-0.18384258370718962, 0.12055830377564267, 0.9755345200486784, 0), (0.009883485370915409, -0.025075011985279744, 0.07476345255078182, 1) )
                uniform token[] xformOpOrder = ["xformOp:transform"]
            }

            def Cylinder "Petiolule_1" (
                prepend apiSchemas = ["PhysicsCollisionAPI"]
            )
            {
                uniform token axis = "Z"
                double height = 0.01
                rel material:binding = </Plant_1/Materials/Leaf>
                double radius = 0.00075742932
                matrix4d xformOp:transform = ( (0.685254538123991, -0.7283036578107212, 0, 0), (0.1601148720153797, 0.15065068188658737, 0.9755345200486782, 0), (-0.7104853592720786, -0.6684894569599661, 0.2198463103929542, 0), (-0.0018266760874795914, -0.023067868148834925, 0.07366422099881705, 1) )
                uniform token[] xformOpOrder = ["xformOp:transform"]
            }

            def Mesh "Blade_1" (
                prepend apiSchemas = ["PhysicsCollisionAPI", "PhysicsMeshCollisionAPI"]
            )
            {
                int[] faceVertexCounts = [3, 3, 3, 3, 3, 3, 3, 3, 3, 3, 3, 3, 3, 3]
                int[] faceVertexIndices = [0, 1, 2, 0, 2, 3, 0, 3, 4, 0, 4, 5, 0, 5, 6, 0, 6, 7, 0, 7, 8, 0, 8, 9, 0, 9, 10, 0, 10, 11, 0, 11, 12, 0, 12, 13, 0, 13, 14, 0, 14, 15]
                rel material:binding = </Plant_1/Materials/Leaf>
                uniform token physics:approximation = "convexHull"
                point3f[] points = [(0, 0, 0), (0.0017505473, 0.0016573914, 0), (0.0030939553, 0.0033147829, 0), (0.0038586997, 0.0049721743, 0), (0.0039777397, 0.0066295657, 0), (0.0034912045, 0.008286958, 0), (0.0025314179, 0.009944349, 0), (0.0012938827, 0.0116017405, 0), (0, 0.013259131, 0), (-0.0012938827, 0.0116017405, 0), (-0.0025314179, 0.009944349, 0), (-0.0034912045, 0.008286958, 0), (-0.0039777397, 0.0066295657, 0), (-0.0038586997, 0.0049721743, 0), (-0.0030939553, 0.0033147829, 0), (-0.0017505473, 0.0016573914, 0)]
                uniform token subdivisionScheme = "none"
                matrix4d xformOp:transform = ( (-0.685254538123991, 0.7283036578107212, 0, 0), (-0.7104853592720786, -0.6684894569599661, 0.2198463103929542, 0), (0.1601148720153797, 0.15065068188658737, 0.9755345200486782, 0), (-0.005379102883839984, -0.026410315433634757, 0.07476345255078182, 1) )
                uniform token[] xformOpOrder = ["xformOp:transform"]
            }

            def Cylinder "Petiolule_2" (
                prepend apiSchemas = ["PhysicsCollisionAPI"]
            )
            {
                uniform token axis = "Z"
                double height = 0.01
                rel material:binding = </Plant_1/Materials/Leaf>
                double radius = 0.00075742932
                matrix4d xformOp:transform = ( (0.548375378964315, 0.8362322905423731, -0, 0), (-0.18384258370718962, 0.12055830377564267, 0.9755345200486784, 0), (0.8157734662034608, -0.5349591121244651, 0.2198463103929542, 0), (0.007972605913101083, -0.047180431207119865, 0.08271793368853167, 1) )
                uniform token[] xformOpOrder = ["xformOp:transform"]
            }

            def Mesh "Blade_2" (
                prepend apiSchemas = ["PhysicsCollisionAPI", "PhysicsMeshCollisionAPI"]
            )
            {
                int[] faceVertexCounts = [3, 3, 3, 3, 3, 3, 3, 3, 3, 3, 3, 3, 3, 3]
                int[] faceVertexIndices = [0, 1, 2, 0, 2, 3, 0, 3, 4, 0, 4, 5, 0, 5, 6, 0, 6, 7, 0, 7, 8, 0, 8, 9, 0, 9, 10, 0, 10, 11, 0, 11, 12, 0, 12, 13, 0, 13, 14, 0, 14, 15]
                rel material:binding = </Plant_1/Materials/Leaf>
                uniform token physics:approximation = "convexHull"
                point3f[] points = [(0, 0, 0), (0.0017505473, 0.0016573914, 0), (0.0030939553, 0.0033147829, 0), (0.0038586997, 0.0049721743, 0), (0.0039777397, 0.0066295657, 0), (0.0034912045, 0.008286958, 0), (0.0025314179, 0.009944349, 0), (0.0012938827, 0.0116017405, 0), (0, 0.013259131, 0), (-0.0012938827, 0.0116017405, 0), (-0.0025314179, 0.009944349, 0), (-0.0034912045, 0.008286958, 0), (-0.0039777397, 0.0066295657, 0), (-0.0038586997, 0.0049721743, 0), (-0.0030939553, 0.0033147829, 0), (-0.0017505473, 0.0016573914, 0)]
                uniform token subdivisionScheme = "none"
                matrix4d xformOp:transform = ( (-0.548375378964315, -0.8362322905423731, 0, 0), (0.8157734662034608, -0.5349591121244651, 0.2198463103929542, 0), (-0.18384258370718962, 0.12055830377564267, 0.9755345200486784, 0), (0.012051473244118387, -0.04985522676774219, 0.08381716524049644, 1) )
                uniform token[] xformOpOrder = ["xformOp:transform"]
            }

            def Cylinder "Petiolule_3" (
                prepend apiSchemas = ["PhysicsCollisionAPI"]
            )
            {
                uniform token axis = "Z"
                double height = 0.01
                rel material:binding = </Plant_1/Materials/Leaf>
                double radius = 0.00075742932
                matrix4d xformOp:transform = ( (0.685254538123991, -0.7283036578107212, 0, 0), (0.1601148720153797, 0.15065068188658737, 0.9755345200486782, 0), (-0.7104853592720786, -0.6684894569599661, 0.2198463103929542, 0), (0.0003413117857233865, -0.047848082931297366, 0.08271793368853167, 1) )
                uniform token[] xformOpOrder = ["xformOp:transform"]
            }

            def Mesh "Blade_3" (
                prepend apiSchemas = ["PhysicsCollisionAPI", "PhysicsMeshCollisionAPI"]
            )
            {
                int[] faceVertexCounts = [3, 3, 3, 3, 3, 3, 3, 3, 3, 3, 3, 3, 3, 3]
                int[] faceVertexIndices = [0, 1, 2, 0, 2, 3, 0, 3, 4, 0, 4, 5, 0, 5, 6, 0, 6, 7, 0, 7, 8, 0, 8, 9, 0, 9, 10, 0, 10, 11, 0, 11, 12, 0, 12, 13, 0, 13, 14, 0, 14, 15]
                rel material:binding = </Plant_1/Materials/Leaf>
                uniform token physics:approximation = "convexHull"
                point3f[] points = [(0, 0, 0), (0.0017505473, 0.0016573914, 0), (0.0030939553, 0.0033147829, 0), (0.0038586997, 0.0049721743, 0), (0.0039777397, 0.0066295657, 0), (0.0034912045, 0.008286958, 0), (0.0025314179, 0.009944349, 0), (0.0012938827, 0.0116017405, 0), (0, 0.013259131, 0), (-0.0012938827, 0.0116017405, 0), (-0.0025314179, 0.009944349, 0), (-0.0034912045, 0.008286958, 0), (-0.0039777397, 0.0066295657, 0), (-0.0038586997, 0.0049721743, 0), (-0.0030939553, 0.0033147829, 0), (-0.0017505473, 0.0016573914, 0)]
                uniform token subdivisionScheme = "none"
                matrix4d xformOp:transform = ( (-0.685254538123991, 0.7283036578107212, 0, 0), (-0.7104853592720786, -0.6684894569599661, 0.2198463103929542, 0), (0.1601148720153797, 0.15065068188658737, 0.9755345200486782, 0), (-0.0032111150106370065, -0.0511905302160972, 0.08381716524049644, 1) )
                uniform token[] xformOpOrder = ["xformOp:transform"]
            }

            def Cylinder "Petiolule_term" (
                prepend apiSchemas = ["PhysicsCollisionAPI"]
            )
            {
                uniform token axis = "Z"
                double height = 0.01
                rel material:binding = </Plant_1/Materials/Leaf>
                double radius = 0.00075742932
                matrix4d xformOp:transform = ( (0.9961946980917457, 0.08715574274765789, -0, 0), (-0.029809019626209063, 0.3407186534216101, 0.9396926207859085, 0), (0.08189960831908907, -0.9361168066628592, 0.3420201433256687, 0), (0.005843730991839505, -0.06679415087999319, 0.08976204612998585, 1) )
                uniform token[] xformOpOrder = ["xformOp:transform"]
            }

            def Mesh "Blade_4" (
                prepend apiSchemas = ["PhysicsCollisionAPI", "PhysicsMeshCollisionAPI"]
            )
            {
                int[] faceVertexCounts = [3, 3, 3, 3, 3, 3, 3, 3, 3, 3, 3, 3, 3, 3]
                int[] faceVertexIndices = [0, 1, 2, 0, 2, 3, 0, 3, 4, 0, 4, 5, 0, 5, 6, 0, 6, 7, 0, 7, 8, 0, 8, 9, 0, 9, 10, 0, 10, 11, 0, 11, 12, 0, 12, 13, 0, 13, 14, 0, 14, 15]
                rel material:binding = </Plant_1/Materials/Leaf>
                uniform token physics:approximation = "convexHull"
                point3f[] points = [(0, 0, 0), (0.0017505472, 0.0016573914, 0), (0.0030939553, 0.0033147829, 0), (0.0038586997, 0.0049721743, 0), (0.0039777397, 0.0066295657, 0), (0.0034912045, 0.008286958, 0), (0.0025314179, 0.009944349, 0), (0.0012938827, 0.0116017405, 0), (0, 0.013259131, 0), (-0.0012938827, 0.0116017405, 0), (-0.0025314179, 0.009944349, 0), (-0.0034912045, 0.008286958, 0), (-0.0039777397, 0.0066295657, 0), (-0.0038586997, 0.0049721743, 0), (-0.0030939553, 0.0033147829, 0), (-0.0017505472, 0.0016573914, 0)]
                uniform token subdivisionScheme = "none"
                matrix4d xformOp:transform = ( (-0.9961946980917457, -0.08715574274765789, 0, 0), (0.08189960831908907, -0.9361168066628592, 0.3420201433256687, 0), (-0.029809019626209063, 0.3407186534216101, 0.9396926207859085, 0), (0.00625322903343495, -0.07147473491330748, 0.0914721468466142, 1) )
                uniform token[] xformOpOrder = ["xformOp:transform"]
            }
        }

        def Xform "Leaf_o0_r8_i0" (
            prepend apiSchemas = ["PhysicsRigidBodyAPI", "PhysicsMassAPI", "PhysicsFilteredPairsAPI"]
        )
        {
            prepend rel physics:filteredPairs = </Plant_1/Stem/Internode_o0_r8>
            float physics:mass = 0.05

            def Cylinder "Petiole" (
                prepend apiSchemas = ["PhysicsCollisionAPI"]
            )
            {
                uniform token axis = "Z"
                double height = 0.030055901
                rel material:binding = </Plant_1/Materials/Leaf>
                double radius = 0.0025188057
                matrix4d xformOp:transform = ( (-0.3420201433256687, 0.9396926207859084, 0, 0), (-0.3213938048432697, -0.11697777844051097, 0.9396926207859084, 0), (0.8830222215594891, 0.3213938048432697, 0.3420201433256687, 0), (0.013270014235996034, 0.004829890190191317, 0.20259766178390104, 1) )
                uniform token[] xformOpOrder = ["xformOp:transform"]
            }

            def Cylinder "Rachis" (
                prepend apiSchemas = ["PhysicsCollisionAPI"]
            )
            {
                uniform token axis = "Z"
                double height = 0.11652841
                rel material:binding = </Plant_1/Materials/Leaf>
                double radius = 0.00151128342
                matrix4d xformOp:transform = ( (-0.3420201433256687, 0.9396926207859084, 0, 0), (-0.3213938048432697, -0.11697777844051097, 0.9396926207859084, 0), (0.8830222215594891, 0.3213938048432697, 0.3420201433256687, 0), (0.07798861620848956, 0.028385534911500893, 0.22766505531265824, 1) )
                uniform token[] xformOpOrder = ["xformOp:transform"]
            }

            def Cylinder "Petiolule_0" (
                prepend apiSchemas = ["PhysicsCollisionAPI"]
            )
            {
                uniform token axis = "Z"
                double height = 0.01
                rel material:binding = </Plant_1/Materials/Leaf>
                double radius = 0.00100752228
                matrix4d xformOp:transform = ( (-0.949668358153019, 0.31325709812061603, 0, 0), (-0.06886841722622106, -0.2087810846368758, 0.9755345200486782, 0), (0.30559311286693686, 0.9264342659762217, 0.2198463103929542, 0), (0.028067994036326753, 0.01429195171026374, 0.20883675511976685, 1) )
                uniform token[] xformOpOrder = ["xformOp:transform"]
            }

            def Mesh "Blade_0" (
                prepend apiSchemas = ["PhysicsCollisionAPI", "PhysicsMeshCollisionAPI"]
            )
            {
                int[] faceVertexCounts = [3, 3, 3, 3, 3, 3, 3, 3, 3, 3, 3, 3, 3, 3]
                int[] faceVertexIndices = [0, 1, 2, 0, 2, 3, 0, 3, 4, 0, 4, 5, 0, 5, 6, 0, 6, 7, 0, 7, 8, 0, 8, 9, 0, 9, 10, 0, 10, 11, 0, 11, 12, 0, 12, 13, 0, 13, 14, 0, 14, 15]
                rel material:binding = </Plant_1/Materials/Leaf>
                uniform token physics:approximation = "convexHull"
                point3f[] points = [(0, 0, 0), (0.0040768846, 0.0038599323, 0), (0.007205575, 0.0077198646, 0), (0.0089866035, 0.011579798, 0), (0.009263838, 0.015439729, 0), (0.008130737, 0.019299662, 0), (0.0058954703, 0.023159595, 0), (0.0030133496, 0.027019527, 0), (0, 0.030879458, 0), (-0.0030133496, 0.027019527, 0), (-0.0058954703, 0.023159595, 0), (-0.008130737, 0.019299662, 0), (-0.009263838, 0.015439729, 0), (-0.0089866035, 0.011579798, 0), (-0.007205575, 0.0077198646, 0), (-0.0040768846, 0.0038599323, 0)]
                uniform token subdivisionScheme = "none"
                matrix4d xformOp:transform = ( (0.949668358153019, -0.31325709812061603, 0, 0), (0.30559311286693686, 0.9264342659762217, 0.2198463103929542, 0), (-0.06886841722622106, -0.2087810846368758, 0.9755345200486782, 0), (0.029595959600661435, 0.01892412304014485, 0.20993598667173163, 1) )
                uniform token[] xformOpOrder = ["xformOp:transform"]
            }

            def Cylinder "Petiolule_1" (
                prepend apiSchemas = ["PhysicsCollisionAPI"]
            )
            {
                uniform token axis = "Z"
                double height = 0.01
                rel material:binding = </Plant_1/Materials/Leaf>
                double radius = 0.00100752228
                matrix4d xformOp:transform = ( (0.5261303872507512, 0.8504039132149938, -0, 0), (-0.18695816266404638, 0.11566782442269384, 0.9755345200486782, 0), (0.8295983733257066, -0.5132583548096867, 0.2198463103929542, 0), (0.0306880203386206, 0.007093488606334199, 0.20883675511976685, 1) )
                uniform token[] xformOpOrder = ["xformOp:transform"]
            }

            def Mesh "Blade_1" (
                prepend apiSchemas = ["PhysicsCollisionAPI", "PhysicsMeshCollisionAPI"]
            )
            {
                int[] faceVertexCounts = [3, 3, 3, 3, 3, 3, 3, 3, 3, 3, 3, 3, 3, 3]
                int[] faceVertexIndices = [0, 1, 2, 0, 2, 3, 0, 3, 4, 0, 4, 5, 0, 5, 6, 0, 6, 7, 0, 7, 8, 0, 8, 9, 0, 9, 10, 0, 10, 11, 0, 11, 12, 0, 12, 13, 0, 13, 14, 0, 14, 15]
                rel material:binding = </Plant_1/Materials/Leaf>
                uniform token physics:approximation = "convexHull"
                point3f[] points = [(0, 0, 0), (0.0040768846, 0.0038599323, 0), (0.007205575, 0.0077198646, 0), (0.0089866035, 0.011579798, 0), (0.009263838, 0.015439729, 0), (0.008130737, 0.019299662, 0), (0.0058954703, 0.023159595, 0), (0.0030133496, 0.027019527, 0), (0, 0.030879458, 0), (-0.0030133496, 0.027019527, 0), (-0.0058954703, 0.023159595, 0), (-0.008130737, 0.019299662, 0), (-0.009263838, 0.015439729, 0), (-0.0089866035, 0.011579798, 0), (-0.007205575, 0.0077198646, 0), (-0.0040768846, 0.0038599323, 0)]
                uniform token subdivisionScheme = "none"
                matrix4d xformOp:transform = ( (-0.5261303872507512, -0.8504039132149938, 0, 0), (0.8295983733257066, -0.5132583548096867, 0.2198463103929542, 0), (-0.18695816266404638, 0.11566782442269384, 0.9755345200486782, 0), (0.03483601220524914, 0.004527196832285765, 0.20993598667173163, 1) )
                uniform token[] xformOpOrder = ["xformOp:transform"]
            }

            def Cylinder "Petiolule_2" (
                prepend apiSchemas = ["PhysicsCollisionAPI"]
            )
            {
                uniform token axis = "Z"
                double height = 0.01
                rel material:binding = </Plant_1/Materials/Leaf>
                double radius = 0.00100752228
                matrix4d xformOp:transform = ( (-0.949668358153019, 0.31325709812061603, 0, 0), (-0.06886841722622106, -0.2087810846368758, 0.9755345200486782, 0), (0.30559311286693686, 0.9264342659762217, 0.2198463103929542, 0), (0.0627654930518853, 0.026920808555407915, 0.22227610386614954, 1) )
                uniform token[] xformOpOrder = ["xformOp:transform"]
            }

            def Mesh "Blade_2" (
                prepend apiSchemas = ["PhysicsCollisionAPI", "PhysicsMeshCollisionAPI"]
            )
            {
                int[] faceVertexCounts = [3, 3, 3, 3, 3, 3, 3, 3, 3, 3, 3, 3, 3, 3]
                int[] faceVertexIndices = [0, 1, 2, 0, 2, 3, 0, 3, 4, 0, 4, 5, 0, 5, 6, 0, 6, 7, 0, 7, 8, 0, 8, 9, 0, 9, 10, 0, 10, 11, 0, 11, 12, 0, 12, 13, 0, 13, 14, 0, 14, 15]
                rel material:binding = </Plant_1/Materials/Leaf>
                uniform token physics:approximation = "convexHull"
                point3f[] points = [(0, 0, 0), (0.0040768846, 0.0038599323, 0), (0.007205575, 0.0077198646, 0), (0.0089866035, 0.011579798, 0), (0.009263838, 0.015439729, 0), (0.008130737, 0.019299662, 0), (0.0058954703, 0.023159595, 0), (0.0030133496, 0.027019527, 0), (0, 0.030879458, 0), (-0.0030133496, 0.027019527, 0), (-0.0058954703, 0.023159595, 0), (-0.008130737, 0.019299662, 0), (-0.009263838, 0.015439729, 0), (-0.0089866035, 0.011579798, 0), (-0.007205575, 0.0077198646, 0), (-0.0040768846, 0.0038599323, 0)]
                uniform token subdivisionScheme = "none"
                matrix4d xformOp:transform = ( (0.949668358153019, -0.31325709812061603, 0, 0), (0.30559311286693686, 0.9264342659762217, 0.2198463103929542, 0), (-0.06886841722622106, -0.2087810846368758, 0.9755345200486782, 0), (0.06429345861621998, 0.031552979885289024, 0.22337533541811433, 1) )
                uniform token[] xformOpOrder = ["xformOp:transform"]
            }

            def Cylinder "Petiolule_3" (
                prepend apiSchemas = ["PhysicsCollisionAPI"]
            )
            {
                uniform token axis = "Z"
                double height = 0.01
                rel material:binding = </Plant_1/Materials/Leaf>
                double radius = 0.00100752228
                matrix4d xformOp:transform = ( (0.5261303872507512, 0.8504039132149938, -0, 0), (-0.18695816266404638, 0.11566782442269384, 0.9755345200486782, 0), (0.8295983733257066, -0.5132583548096867, 0.2198463103929542, 0), (0.06538551935417915, 0.01972234545147837, 0.22227610386614954, 1) )
                uniform token[] xformOpOrder = ["xformOp:transform"]
            }

            def Mesh "Blade_3" (
                prepend apiSchemas = ["PhysicsCollisionAPI", "PhysicsMeshCollisionAPI"]
            )
            {
                int[] faceVertexCounts = [3, 3, 3, 3, 3, 3, 3, 3, 3, 3, 3, 3, 3, 3]
                int[] faceVertexIndices = [0, 1, 2, 0, 2, 3, 0, 3, 4, 0, 4, 5, 0, 5, 6, 0, 6, 7, 0, 7, 8, 0, 8, 9, 0, 9, 10, 0, 10, 11, 0, 11, 12, 0, 12, 13, 0, 13, 14, 0, 14, 15]
                rel material:binding = </Plant_1/Materials/Leaf>
                uniform token physics:approximation = "convexHull"
                point3f[] points = [(0, 0, 0), (0.0040768846, 0.0038599323, 0), (0.007205575, 0.0077198646, 0), (0.0089866035, 0.011579798, 0), (0.009263838, 0.015439729, 0), (0.008130737, 0.019299662, 0), (0.0058954703, 0.023159595, 0), (0.0030133496, 0.027019527, 0), (0, 0.030879458, 0), (-0.0030133496, 0.027019527, 0), (-0.0058954703, 0.023159595, 0), (-0.008130737, 0.019299662, 0), (-0.009263838, 0.015439729, 0), (-0.0089866035, 0.011579798, 0), (-0.007205575, 0.0077198646, 0), (-0.0040768846, 0.0038599323, 0)]
                uniform token subdivisionScheme = "none"
                matrix4d xformOp:transform = ( (-0.5261303872507512, -0.8504039132149938, 0, 0), (0.8295983733257066, -0.5132583548096867, 0.2198463103929542, 0), (-0.18695816266404638, 0.11566782442269384, 0.9755345200486782, 0), (0.06953351122080767, 0.017156053677429936, 0.22337533541811433, 1) )
                uniform token[] xformOpOrder = ["xformOp:transform"]
            }

            def Cylinder "Petiolule_4" (
                prepend apiSchemas = ["PhysicsCollisionAPI"]
            )
            {
                uniform token axis = "Z"
                double height = 0.01
                rel material:binding = </Plant_1/Materials/Leaf>
                double radius = 0.00100752228
                matrix4d xformOp:transform = ( (-0.949668358153019, 0.31325709812061603, 0, 0), (-0.06886841722622106, -0.2087810846368758, 0.9755345200486782, 0), (0.30559311286693686, 0.9264342659762217, 0.2198463103929542, 0), (0.09746299206744384, 0.03954966540055208, 0.23571545261253224, 1) )
                uniform token[] xformOpOrder = ["xformOp:transform"]
            }

            def Mesh "Blade_4" (
                prepend apiSchemas = ["PhysicsCollisionAPI", "PhysicsMeshCollisionAPI"]
            )
            {
                int[] faceVertexCounts = [3, 3, 3, 3, 3, 3, 3, 3, 3, 3, 3, 3, 3, 3]
                int[] faceVertexIndices = [0, 1, 2, 0, 2, 3, 0, 3, 4, 0, 4, 5, 0, 5, 6, 0, 6, 7, 0, 7, 8, 0, 8, 9, 0, 9, 10, 0, 10, 11, 0, 11, 12, 0, 12, 13, 0, 13, 14, 0, 14, 15]
                rel material:binding = </Plant_1/Materials/Leaf>
                uniform token physics:approximation = "convexHull"
                point3f[] points = [(0, 0, 0), (0.0040768846, 0.0038599323, 0), (0.007205575, 0.0077198646, 0), (0.0089866035, 0.011579798, 0), (0.009263838, 0.015439729, 0), (0.008130737, 0.019299662, 0), (0.0058954703, 0.023159595, 0), (0.0030133496, 0.027019527, 0), (0, 0.030879458, 0), (-0.0030133496, 0.027019527, 0), (-0.0058954703, 0.023159595, 0), (-0.008130737, 0.019299662, 0), (-0.009263838, 0.015439729, 0), (-0.0089866035, 0.011579798, 0), (-0.007205575, 0.0077198646, 0), (-0.0040768846, 0.0038599323, 0)]
                uniform token subdivisionScheme = "none"
                matrix4d xformOp:transform = ( (0.949668358153019, -0.31325709812061603, 0, 0), (0.30559311286693686, 0.9264342659762217, 0.2198463103929542, 0), (-0.06886841722622106, -0.2087810846368758, 0.9755345200486782, 0), (0.09899095763177852, 0.044181836730433195, 0.23681468416449702, 1) )
                uniform token[] xformOpOrder = ["xformOp:transform"]
            }

            def Cylinder "Petiolule_5" (
                prepend apiSchemas = ["PhysicsCollisionAPI"]
            )
            {
                uniform token axis = "Z"
                double height = 0.01
                rel material:binding = </Plant_1/Materials/Leaf>
                double radius = 0.00100752228
                matrix4d xformOp:transform = ( (0.5261303872507512, 0.8504039132149938, -0, 0), (-0.18695816266404638, 0.11566782442269384, 0.9755345200486782, 0), (0.8295983733257066, -0.5132583548096867, 0.2198463103929542, 0), (0.1000830183697377, 0.03235120229662254, 0.23571545261253224, 1) )
                uniform token[] xformOpOrder = ["xformOp:transform"]
            }

            def Mesh "Blade_5" (
                prepend apiSchemas = ["PhysicsCollisionAPI", "PhysicsMeshCollisionAPI"]
            )
            {
                int[] faceVertexCounts = [3, 3, 3, 3, 3, 3, 3, 3, 3, 3, 3, 3, 3, 3]
                int[] faceVertexIndices = [0, 1, 2, 0, 2, 3, 0, 3, 4, 0, 4, 5, 0, 5, 6, 0, 6, 7, 0, 7, 8, 0, 8, 9, 0, 9, 10, 0, 10, 11, 0, 11, 12, 0, 12, 13, 0, 13, 14, 0, 14, 15]
                rel material:binding = </Plant_1/Materials/Leaf>
                uniform token physics:approximation = "convexHull"
                point3f[] points = [(0, 0, 0), (0.0040768846, 0.0038599323, 0), (0.007205575, 0.0077198646, 0), (0.0089866035, 0.011579798, 0), (0.009263838, 0.015439729, 0), (0.008130737, 0.019299662, 0), (0.0058954703, 0.023159595, 0), (0.0030133496, 0.027019527, 0), (0, 0.030879458, 0), (-0.0030133496, 0.027019527, 0), (-0.0058954703, 0.023159595, 0), (-0.008130737, 0.019299662, 0), (-0.009263838, 0.015439729, 0), (-0.0089866035, 0.011579798, 0), (-0.007205575, 0.0077198646, 0), (-0.0040768846, 0.0038599323, 0)]
                uniform token subdivisionScheme = "none"
                matrix4d xformOp:transform = ( (-0.5261303872507512, -0.8504039132149938, 0, 0), (0.8295983733257066, -0.5132583548096867, 0.2198463103929542, 0), (-0.18695816266404638, 0.11566782442269384, 0.9755345200486782, 0), (0.10423101023636622, 0.029784910522574107, 0.23681468416449702, 1) )
                uniform token[] xformOpOrder = ["xformOp:transform"]
            }

            def Cylinder "Petiolule_term" (
                prepend apiSchemas = ["PhysicsCollisionAPI"]
            )
            {
                uniform token axis = "Z"
                double height = 0.01
                rel material:binding = </Plant_1/Materials/Leaf>
                double radius = 0.00100752228
                matrix4d xformOp:transform = ( (-0.3420201433256687, 0.9396926207859084, 0, 0), (-0.3213938048432697, -0.11697777844051097, 0.9396926207859084, 0), (0.8830222215594891, 0.3213938048432697, 0.3420201433256687, 0), (0.1338523150527845, 0.0487182584668355, 0.24930268777414272, 1) )
                uniform token[] xformOpOrder = ["xformOp:transform"]
            }

            def Mesh "Blade_6" (
                prepend apiSchemas = ["PhysicsCollisionAPI", "PhysicsMeshCollisionAPI"]
            )
            {
                int[] faceVertexCounts = [3, 3, 3, 3, 3, 3, 3, 3, 3, 3, 3, 3, 3, 3]
                int[] faceVertexIndices = [0, 1, 2, 0, 2, 3, 0, 3, 4, 0, 4, 5, 0, 5, 6, 0, 6, 7, 0, 7, 8, 0, 8, 9, 0, 9, 10, 0, 10, 11, 0, 11, 12, 0, 12, 13, 0, 13, 14, 0, 14, 15]
                rel material:binding = </Plant_1/Materials/Leaf>
                uniform token physics:approximation = "convexHull"
                point3f[] points = [(0, 0, 0), (0.0040775985, 0.0038606082, 0), (0.0072068362, 0.0077212164, 0), (0.008988177, 0.011581825, 0), (0.00926546, 0.015442433, 0), (0.00813216, 0.01930304, 0), (0.0058965026, 0.02316365, 0), (0.0030138772, 0.027024258, 0), (0, 0.030884866, 0), (-0.0030138772, 0.027024258, 0), (-0.0058965026, 0.02316365, 0), (-0.00813216, 0.01930304, 0), (-0.00926546, 0.015442433, 0), (-0.008988177, 0.011581825, 0), (-0.0072068362, 0.0077212164, 0), (-0.0040775985, 0.0038606082, 0)]
                uniform token subdivisionScheme = "none"
                matrix4d xformOp:transform = ( (0.3420201433256687, -0.9396926207859084, 0, 0), (0.8830222215594891, 0.3213938048432697, 0.3420201433256687, 0), (-0.3213938048432697, -0.11697777844051097, 0.9396926207859084, 0), (0.13826742616058196, 0.050325227491051845, 0.2510127884907711, 1) )
                uniform token[] xformOpOrder = ["xformOp:transform"]
            }
        }

        def Xform "Leaf_o1_r2_i1" (
            prepend apiSchemas = ["PhysicsRigidBodyAPI", "PhysicsMassAPI", "PhysicsFilteredPairsAPI"]
        )
        {
            prepend rel physics:filteredPairs = </Plant_1/Stem/Internode_o1_r2>
            float physics:mass = 0.05

            def Cylinder "Petiole" (
                prepend apiSchemas = ["PhysicsCollisionAPI"]
            )
            {
                uniform token axis = "Z"
                double height = 0.023645703
                rel material:binding = </Plant_1/Materials/Leaf>
                double radius = 0.002077292
                matrix4d xformOp:transform = ( (0.9961946980917457, 0.08715574274765789, -0, 0), (-0.029809019626209063, 0.3407186534216101, 0.9396926207859085, 0), (0.08189960831908907, -0.9361168066628592, 0.3420201433256687, 0), (0.0009682869070647547, -0.011067569991829196, 0.0739728953645481, 1) )
                uniform token[] xformOpOrder = ["xformOp:transform"]
            }

            def Cylinder "Rachis" (
                prepend apiSchemas = ["PhysicsCollisionAPI"]
            )
            {
                uniform token axis = "Z"
                double height = 0.053271897
                rel material:binding = </Plant_1/Materials/Leaf>
                double radius = 0.0012463752
                matrix4d xformOp:transform = ( (0.9961946980917457, 0.08715574274765789, -0, 0), (-0.029809019626209063, 0.3407186534216101, 0.9396926207859085, 0), (0.08189960831908907, -0.9361168066628592, 0.3420201433256687, 0), (0.004118047563486937, -0.04706949903591477, 0.08712657965268132, 1) )
                uniform token[] xformOpOrder = ["xformOp:transform"]
            }

            def Cylinder "Petiolule_0" (
                prepend apiSchemas = ["PhysicsCollisionAPI"]
            )
            {
                uniform token axis = "Z"
                double height = 0.01
                rel material:binding = </Plant_1/Materials/Leaf>
                double radius = 0.0008309168000000001
                matrix4d xformOp:transform = ( (0.548375378964315, 0.8362322905423731, -0, 0), (-0.18384258370718962, 0.12055830377564267, 0.9755345200486784, 0), (0.8157734662034608, -0.5349591121244651, 0.2198463103929542, 0), (0.006015441145146813, -0.02480993554428072, 0.07911578028106096, 1) )
                uniform token[] xformOpOrder = ["xformOp:transform"]
            }

            def Mesh "Blade_0" (
                prepend apiSchemas = ["PhysicsCollisionAPI", "PhysicsMeshCollisionAPI"]
            )
            {
                int[] faceVertexCounts = [3, 3, 3, 3, 3, 3, 3, 3, 3, 3, 3, 3, 3, 3]
                int[] faceVertexIndices = [0, 1, 2, 0, 2, 3, 0, 3, 4, 0, 4, 5, 0, 5, 6, 0, 6, 7, 0, 7, 8, 0, 8, 9, 0, 9, 10, 0, 10, 11, 0, 11, 12, 0, 12, 13, 0, 13, 14, 0, 14, 15]
                rel material:binding = </Plant_1/Materials/Leaf>
                uniform token physics:approximation = "convexHull"
                point3f[] points = [(0, 0, 0), (0.0024324781, 0.0023030331, 0), (0.0042992146, 0.0046060663, 0), (0.0053618676, 0.0069090994, 0), (0.0055272793, 0.009212133, 0), (0.004851213, 0.011515166, 0), (0.0035175392, 0.013818199, 0), (0.0017979186, 0.016121231, 0), (0, 0.018424265, 0), (-0.0017979186, 0.016121231, 0), (-0.0035175392, 0.013818199, 0), (-0.004851213, 0.011515166, 0), (-0.0055272793, 0.009212133, 0), (-0.0053618676, 0.0069090994, 0), (-0.0042992146, 0.0046060663, 0), (-0.0024324781, 0.0023030331, 0)]
                uniform token subdivisionScheme = "none"
                matrix4d xformOp:transform = ( (-0.548375378964315, -0.8362322905423731, 0, 0), (0.8157734662034608, -0.5349591121244651, 0.2198463103929542, 0), (-0.18384258370718962, 0.12055830377564267, 0.9755345200486784, 0), (0.010094308476164117, -0.027484731104903043, 0.08021501183302573, 1) )
                uniform token[] xformOpOrder = ["xformOp:transform"]
            }

            def Cylinder "Petiolule_1" (
                prepend apiSchemas = ["PhysicsCollisionAPI"]
            )
            {
                uniform token axis = "Z"
                double height = 0.01
                rel material:binding = </Plant_1/Materials/Leaf>
                double radius = 0.0008309168000000001
                matrix4d xformOp:transform = ( (0.685254538123991, -0.7283036578107212, 0, 0), (0.1601148720153797, 0.15065068188658737, 0.9755345200486782, 0), (-0.7104853592720786, -0.6684894569599661, 0.2198463103929542, 0), (-0.0016158529822308835, -0.025477587268458224, 0.07911578028106096, 1) )
                uniform token[] xformOpOrder = ["xformOp:transform"]
            }

            def Mesh "Blade_1" (
                prepend apiSchemas = ["PhysicsCollisionAPI", "PhysicsMeshCollisionAPI"]
            )
            {
                int[] faceVertexCounts = [3, 3, 3, 3, 3, 3, 3, 3, 3, 3, 3, 3, 3, 3]
                int[] faceVertexIndices = [0, 1, 2, 0, 2, 3, 0, 3, 4, 0, 4, 5, 0, 5, 6, 0, 6, 7, 0, 7, 8, 0, 8, 9, 0, 9, 10, 0, 10, 11, 0, 11, 12, 0, 12, 13, 0, 13, 14, 0, 14, 15]
                rel material:binding = </Plant_1/Materials/Leaf>
                uniform token physics:approximation = "convexHull"
                point3f[] points = [(0, 0, 0), (0.0024324781, 0.0023030331, 0), (0.0042992146, 0.0046060663, 0), (0.0053618676, 0.0069090994, 0), (0.0055272793, 0.009212133, 0), (0.004851213, 0.011515166, 0), (0.0035175392, 0.013818199, 0), (0.0017979186, 0.016121231, 0), (0, 0.018424265, 0), (-0.0017979186, 0.016121231, 0), (-0.0035175392, 0.013818199, 0), (-0.004851213, 0.011515166, 0), (-0.0055272793, 0.009212133, 0), (-0.0053618676, 0.0069090994, 0), (-0.0042992146, 0.0046060663, 0), (-0.0024324781, 0.0023030331, 0)]
                uniform token subdivisionScheme = "none"
                matrix4d xformOp:transform = ( (-0.685254538123991, 0.7283036578107212, 0, 0), (-0.7104853592720786, -0.6684894569599661, 0.2198463103929542, 0), (0.1601148720153797, 0.15065068188658737, 0.9755345200486782, 0), (-0.005168279778591276, -0.028820034553258052, 0.08021501183302573, 1) )
                uniform token[] xformOpOrder = ["xformOp:transform"]
            }

            def Cylinder "Petiolule_2" (
                prepend apiSchemas = ["PhysicsCollisionAPI"]
            )
            {
                uniform token axis = "Z"
                double height = 0.01
                rel material:binding = </Plant_1/Materials/Leaf>
                double radius = 0.0008309168000000001
                matrix4d xformOp:transform = ( (0.548375378964315, 0.8362322905423731, -0, 0), (-0.18384258370718962, 0.12055830377564267, 0.9755345200486784, 0), (0.8157734662034608, -0.5349591121244651, 0.2198463103929542, 0), (0.008649702571119104, -0.05491968142229078, 0.09011669333742202, 1) )
                uniform token[] xformOpOrder = ["xformOp:transform"]
            }

            def Mesh "Blade_2" (
                prepend apiSchemas = ["PhysicsCollisionAPI", "PhysicsMeshCollisionAPI"]
            )
            {
                int[] faceVertexCounts = [3, 3, 3, 3, 3, 3, 3, 3, 3, 3, 3, 3, 3, 3]
                int[] faceVertexIndices = [0, 1, 2, 0, 2, 3, 0, 3, 4, 0, 4, 5, 0, 5, 6, 0, 6, 7, 0, 7, 8, 0, 8, 9, 0, 9, 10, 0, 10, 11, 0, 11, 12, 0, 12, 13, 0, 13, 14, 0, 14, 15]
                rel material:binding = </Plant_1/Materials/Leaf>
                uniform token physics:approximation = "convexHull"
                point3f[] points = [(0, 0, 0), (0.0024324781, 0.0023030331, 0), (0.0042992146, 0.0046060663, 0), (0.0053618676, 0.0069090994, 0), (0.0055272793, 0.009212133, 0), (0.004851213, 0.011515166, 0), (0.0035175392, 0.013818199, 0), (0.0017979186, 0.016121231, 0), (0, 0.018424265, 0), (-0.0017979186, 0.016121231, 0), (-0.0035175392, 0.013818199, 0), (-0.004851213, 0.011515166, 0), (-0.0055272793, 0.009212133, 0), (-0.0053618676, 0.0069090994, 0), (-0.0042992146, 0.0046060663, 0), (-0.0024324781, 0.0023030331, 0)]
                uniform token subdivisionScheme = "none"
                matrix4d xformOp:transform = ( (-0.548375378964315, -0.8362322905423731, 0, 0), (0.8157734662034608, -0.5349591121244651, 0.2198463103929542, 0), (-0.18384258370718962, 0.12055830377564267, 0.9755345200486784, 0), (0.012728569902136408, -0.057594476982913104, 0.09121592488938679, 1) )
                uniform token[] xformOpOrder = ["xformOp:transform"]
            }

            def Cylinder "Petiolule_3" (
                prepend apiSchemas = ["PhysicsCollisionAPI"]
            )
            {
                uniform token axis = "Z"
                double height = 0.01
                rel material:binding = </Plant_1/Materials/Leaf>
                double radius = 0.0008309168000000001
                matrix4d xformOp:transform = ( (0.685254538123991, -0.7283036578107212, 0, 0), (0.1601148720153797, 0.15065068188658737, 0.9755345200486782, 0), (-0.7104853592720786, -0.6684894569599661, 0.2198463103929542, 0), (0.001018408443741407, -0.05558733314646828, 0.09011669333742202, 1) )
                uniform token[] xformOpOrder = ["xformOp:transform"]
            }

            def Mesh "Blade_3" (
                prepend apiSchemas = ["PhysicsCollisionAPI", "PhysicsMeshCollisionAPI"]
            )
            {
                int[] faceVertexCounts = [3, 3, 3, 3, 3, 3, 3, 3, 3, 3, 3, 3, 3, 3]
                int[] faceVertexIndices = [0, 1, 2, 0, 2, 3, 0, 3, 4, 0, 4, 5, 0, 5, 6, 0, 6, 7, 0, 7, 8, 0, 8, 9, 0, 9, 10, 0, 10, 11, 0, 11, 12, 0, 12, 13, 0, 13, 14, 0, 14, 15]
                rel material:binding = </Plant_1/Materials/Leaf>
                uniform token physics:approximation = "convexHull"
                point3f[] points = [(0, 0, 0), (0.0024324781, 0.0023030331, 0), (0.0042992146, 0.0046060663, 0), (0.0053618676, 0.0069090994, 0), (0.0055272793, 0.009212133, 0), (0.004851213, 0.011515166, 0), (0.0035175392, 0.013818199, 0), (0.0017979186, 0.016121231, 0), (0, 0.018424265, 0), (-0.0017979186, 0.016121231, 0), (-0.0035175392, 0.013818199, 0), (-0.004851213, 0.011515166, 0), (-0.0055272793, 0.009212133, 0), (-0.0053618676, 0.0069090994, 0), (-0.0042992146, 0.0046060663, 0), (-0.0024324781, 0.0023030331, 0)]
                uniform token subdivisionScheme = "none"
                matrix4d xformOp:transform = ( (-0.685254538123991, 0.7283036578107212, 0, 0), (-0.7104853592720786, -0.6684894569599661, 0.2198463103929542, 0), (0.1601148720153797, 0.15065068188658737, 0.9755345200486782, 0), (-0.002534018352618986, -0.05892978043126811, 0.09121592488938679, 1) )
                uniform token[] xformOpOrder = ["xformOp:transform"]
            }

            def Cylinder "Petiolule_term" (
                prepend apiSchemas = ["PhysicsCollisionAPI"]
            )
            {
                uniform token axis = "Z"
                double height = 0.01
                rel material:binding = </Plant_1/Materials/Leaf>
                double radius = 0.0008309168000000001
                matrix4d xformOp:transform = ( (0.9961946980917457, 0.08715574274765789, -0, 0), (-0.029809019626209063, 0.3407186534216101, 0.9396926207859085, 0), (0.08189960831908907, -0.9361168066628592, 0.3420201433256687, 0), (0.006709019354439811, -0.07668444212148544, 0.0979467112928948, 1) )
                uniform token[] xformOpOrder = ["xformOp:transform"]
            }

            def Mesh "Blade_4" (
                prepend apiSchemas = ["PhysicsCollisionAPI", "PhysicsMeshCollisionAPI"]
            )
            {
                int[] faceVertexCounts = [3, 3, 3, 3, 3, 3, 3, 3, 3, 3, 3, 3, 3, 3]
                int[] faceVertexIndices = [0, 1, 2, 0, 2, 3, 0, 3, 4, 0, 4, 5, 0, 5, 6, 0, 6, 7, 0, 7, 8, 0, 8, 9, 0, 9, 10, 0, 10, 11, 0, 11, 12, 0, 12, 13, 0, 13, 14, 0, 14, 15]
                rel material:binding = </Plant_1/Materials/Leaf>
                uniform token physics:approximation = "convexHull"
                point3f[] points = [(0, 0, 0), (0.0024324781, 0.0023030331, 0), (0.0042992146, 0.0046060663, 0), (0.0053618676, 0.0069090994, 0), (0.00552728, 0.009212133, 0), (0.0048512137, 0.011515166, 0), (0.0035175392, 0.013818199, 0), (0.0017979186, 0.016121233, 0), (0, 0.018424265, 0), (-0.0017979186, 0.016121233, 0), (-0.0035175392, 0.013818199, 0), (-0.0048512137, 0.011515166, 0), (-0.00552728, 0.009212133, 0), (-0.0053618676, 0.0069090994, 0), (-0.0042992146, 0.0046060663, 0), (-0.0024324781, 0.0023030331, 0)]
                uniform token subdivisionScheme = "none"
                matrix4d xformOp:transform = ( (-0.9961946980917457, -0.08715574274765789, 0, 0), (0.08189960831908907, -0.9361168066628592, 0.3420201433256687, 0), (-0.029809019626209063, 0.3407186534216101, 0.9396926207859085, 0), (0.007118517396035256, -0.08136502615479974, 0.09965681200952314, 1) )
                uniform token[] xformOpOrder = ["xformOp:transform"]
            }
        }

        def Xform "Leaf_o1_r2_i2" (
            prepend apiSchemas = ["PhysicsRigidBodyAPI", "PhysicsMassAPI", "PhysicsFilteredPairsAPI"]
        )
        {
            prepend rel physics:filteredPairs = </Plant_1/Stem/Internode_o1_r2>
            float physics:mass = 0.05

            def Cylinder "Petiole" (
                prepend apiSchemas = ["PhysicsCollisionAPI"]
            )
            {
                uniform token axis = "Z"
                double height = 0.023645703
                rel material:binding = </Plant_1/Materials/Leaf>
                double radius = 0.002077292
                matrix4d xformOp:transform = ( (0.9961946980917457, 0.08715574274765789, -0, 0), (-0.029809019626209063, 0.3407186534216101, 0.9396926207859085, 0), (0.08189960831908907, -0.9361168066628592, 0.3420201433256687, 0), (0.0009682869070647547, -0.011067569991829196, 0.0739728953645481, 1) )
                uniform token[] xformOpOrder = ["xformOp:transform"]
            }

            def Cylinder "Rachis" (
                prepend apiSchemas = ["PhysicsCollisionAPI"]
            )
            {
                uniform token axis = "Z"
                double height = 0.053271897
                rel material:binding = </Plant_1/Materials/Leaf>
                double radius = 0.0012463752
                matrix4d xformOp:transform = ( (0.9961946980917457, 0.08715574274765789, -0, 0), (-0.029809019626209063, 0.3407186534216101, 0.9396926207859085, 0), (0.08189960831908907, -0.9361168066628592, 0.3420201433256687, 0), (0.004118047563486937, -0.04706949903591477, 0.08712657965268132, 1) )
                uniform token[] xformOpOrder = ["xformOp:transform"]
            }

            def Cylinder "Petiolule_0" (
                prepend apiSchemas = ["PhysicsCollisionAPI"]
            )
            {
                uniform token axis = "Z"
                double height = 0.01
                rel material:binding = </Plant_1/Materials/Leaf>
                double radius = 0.0008309168000000001
                matrix4d xformOp:transform = ( (0.548375378964315, 0.8362322905423731, -0, 0), (-0.18384258370718962, 0.12055830377564267, 0.9755345200486784, 0), (0.8157734662034608, -0.5349591121244651, 0.2198463103929542, 0), (0.006015441145146813, -0.02480993554428072, 0.07911578028106096, 1) )
                uniform token[] xformOpOrder = ["xformOp:transform"]
            }

            def Mesh "Blade_0" (
                prepend apiSchemas = ["PhysicsCollisionAPI", "PhysicsMeshCollisionAPI"]
            )
            {
                int[] faceVertexCounts = [3, 3, 3, 3, 3, 3, 3, 3, 3, 3, 3, 3, 3, 3]
                int[] faceVertexIndices = [0, 1, 2, 0, 2, 3, 0, 3, 4, 0, 4, 5, 0, 5, 6, 0, 6, 7, 0, 7, 8, 0, 8, 9, 0, 9, 10, 0, 10, 11, 0, 11, 12, 0, 12, 13, 0, 13, 14, 0, 14, 15]
                rel material:binding = </Plant_1/Materials/Leaf>
                uniform token physics:approximation = "convexHull"
                point3f[] points = [(0, 0, 0), (0.0024324781, 0.0023030331, 0), (0.0042992146, 0.0046060663, 0), (0.0053618676, 0.0069090994, 0), (0.0055272793, 0.009212133, 0), (0.004851213, 0.011515166, 0), (0.0035175392, 0.013818199, 0), (0.0017979186, 0.016121231, 0), (0, 0.018424265, 0), (-0.0017979186, 0.016121231, 0), (-0.0035175392, 0.013818199, 0), (-0.004851213, 0.011515166, 0), (-0.0055272793, 0.009212133, 0), (-0.0053618676, 0.0069090994, 0), (-0.0042992146, 0.0046060663, 0), (-0.0024324781, 0.0023030331, 0)]
                uniform token subdivisionScheme = "none"
                matrix4d xformOp:transform = ( (-0.548375378964315, -0.8362322905423731, 0, 0), (0.8157734662034608, -0.5349591121244651, 0.2198463103929542, 0), (-0.18384258370718962, 0.12055830377564267, 0.9755345200486784, 0), (0.010094308476164117, -0.027484731104903043, 0.08021501183302573, 1) )
                uniform token[] xformOpOrder = ["xformOp:transform"]
            }

            def Cylinder "Petiolule_1" (
                prepend apiSchemas = ["PhysicsCollisionAPI"]
            )
            {
                uniform token axis = "Z"
                double height = 0.01
                rel material:binding = </Plant_1/Materials/Leaf>
                double radius = 0.0008309168000000001
                matrix4d xformOp:transform = ( (0.685254538123991, -0.7283036578107212, 0, 0), (0.1601148720153797, 0.15065068188658737, 0.9755345200486782, 0), (-0.7104853592720786, -0.6684894569599661, 0.2198463103929542, 0), (-0.0016158529822308835, -0.025477587268458224, 0.07911578028106096, 1) )
                uniform token[] xformOpOrder = ["xformOp:transform"]
            }

            def Mesh "Blade_1" (
                prepend apiSchemas = ["PhysicsCollisionAPI", "PhysicsMeshCollisionAPI"]
            )
            {
                int[] faceVertexCounts = [3, 3, 3, 3, 3, 3, 3, 3, 3, 3, 3, 3, 3, 3]
                int[] faceVertexIndices = [0, 1, 2, 0, 2, 3, 0, 3, 4, 0, 4, 5, 0, 5, 6, 0, 6, 7, 0, 7, 8, 0, 8, 9, 0, 9, 10, 0, 10, 11, 0, 11, 12, 0, 12, 13, 0, 13, 14, 0, 14, 15]
                rel material:binding = </Plant_1/Materials/Leaf>
                uniform token physics:approximation = "convexHull"
                point3f[] points = [(0, 0, 0), (0.0024324781, 0.0023030331, 0), (0.0042992146, 0.0046060663, 0), (0.0053618676, 0.0069090994, 0), (0.0055272793, 0.009212133, 0), (0.004851213, 0.011515166, 0), (0.0035175392, 0.013818199, 0), (0.0017979186, 0.016121231, 0), (0, 0.018424265, 0), (-0.0017979186, 0.016121231, 0), (-0.0035175392, 0.013818199, 0), (-0.004851213, 0.011515166, 0), (-0.0055272793, 0.009212133, 0), (-0.0053618676, 0.0069090994, 0), (-0.0042992146, 0.0046060663, 0), (-0.0024324781, 0.0023030331, 0)]
                uniform token subdivisionScheme = "none"
                matrix4d xformOp:transform = ( (-0.685254538123991, 0.7283036578107212, 0, 0), (-0.7104853592720786, -0.6684894569599661, 0.2198463103929542, 0), (0.1601148720153797, 0.15065068188658737, 0.9755345200486782, 0), (-0.005168279778591276, -0.028820034553258052, 0.08021501183302573, 1) )
                uniform token[] xformOpOrder = ["xformOp:transform"]
            }

            def Cylinder "Petiolule_2" (
                prepend apiSchemas = ["PhysicsCollisionAPI"]
            )
            {
                uniform token axis = "Z"
                double height = 0.01
                rel material:binding = </Plant_1/Materials/Leaf>
                double radius = 0.0008309168000000001
                matrix4d xformOp:transform = ( (0.548375378964315, 0.8362322905423731, -0, 0), (-0.18384258370718962, 0.12055830377564267, 0.9755345200486784, 0), (0.8157734662034608, -0.5349591121244651, 0.2198463103929542, 0), (0.008649702571119104, -0.05491968142229078, 0.09011669333742202, 1) )
                uniform token[] xformOpOrder = ["xformOp:transform"]
            }

            def Mesh "Blade_2" (
                prepend apiSchemas = ["PhysicsCollisionAPI", "PhysicsMeshCollisionAPI"]
            )
            {
                int[] faceVertexCounts = [3, 3, 3, 3, 3, 3, 3, 3, 3, 3, 3, 3, 3, 3]
                int[] faceVertexIndices = [0, 1, 2, 0, 2, 3, 0, 3, 4, 0, 4, 5, 0, 5, 6, 0, 6, 7, 0, 7, 8, 0, 8, 9, 0, 9, 10, 0, 10, 11, 0, 11, 12, 0, 12, 13, 0, 13, 14, 0, 14, 15]
                rel material:binding = </Plant_1/Materials/Leaf>
                uniform token physics:approximation = "convexHull"
                point3f[] points = [(0, 0, 0), (0.0024324781, 0.0023030331, 0), (0.0042992146, 0.0046060663, 0), (0.0053618676, 0.0069090994, 0), (0.0055272793, 0.009212133, 0), (0.004851213, 0.011515166, 0), (0.0035175392, 0.013818199, 0), (0.0017979186, 0.016121231, 0), (0, 0.018424265, 0), (-0.0017979186, 0.016121231, 0), (-0.0035175392, 0.013818199, 0), (-0.004851213, 0.011515166, 0), (-0.0055272793, 0.009212133, 0), (-0.0053618676, 0.0069090994, 0), (-0.0042992146, 0.0046060663, 0), (-0.0024324781, 0.0023030331, 0)]
                uniform token subdivisionScheme = "none"
                matrix4d xformOp:transform = ( (-0.548375378964315, -0.8362322905423731, 0, 0), (0.8157734662034608, -0.5349591121244651, 0.2198463103929542, 0), (-0.18384258370718962, 0.12055830377564267, 0.9755345200486784, 0), (0.012728569902136408, -0.057594476982913104, 0.09121592488938679, 1) )
                uniform token[] xformOpOrder = ["xformOp:transform"]
            }

            def Cylinder "Petiolule_3" (
                prepend apiSchemas = ["PhysicsCollisionAPI"]
            )
            {
                uniform token axis = "Z"
                double height = 0.01
                rel material:binding = </Plant_1/Materials/Leaf>
                double radius = 0.0008309168000000001
                matrix4d xformOp:transform = ( (0.685254538123991, -0.7283036578107212, 0, 0), (0.1601148720153797, 0.15065068188658737, 0.9755345200486782, 0), (-0.7104853592720786, -0.6684894569599661, 0.2198463103929542, 0), (0.001018408443741407, -0.05558733314646828, 0.09011669333742202, 1) )
                uniform token[] xformOpOrder = ["xformOp:transform"]
            }

            def Mesh "Blade_3" (
                prepend apiSchemas = ["PhysicsCollisionAPI", "PhysicsMeshCollisionAPI"]
            )
            {
                int[] faceVertexCounts = [3, 3, 3, 3, 3, 3, 3, 3, 3, 3, 3, 3, 3, 3]
                int[] faceVertexIndices = [0, 1, 2, 0, 2, 3, 0, 3, 4, 0, 4, 5, 0, 5, 6, 0, 6, 7, 0, 7, 8, 0, 8, 9, 0, 9, 10, 0, 10, 11, 0, 11, 12, 0, 12, 13, 0, 13, 14, 0, 14, 15]
                rel material:binding = </Plant_1/Materials/Leaf>
                uniform token physics:approximation = "convexHull"
                point3f[] points = [(0, 0, 0), (0.0024324781, 0.0023030331, 0), (0.0042992146, 0.0046060663, 0), (0.0053618676, 0.0069090994, 0), (0.0055272793, 0.009212133, 0), (0.004851213, 0.011515166, 0), (0.0035175392, 0.013818199, 0), (0.0017979186, 0.016121231, 0), (0, 0.018424265, 0), (-0.0017979186, 0.016121231, 0), (-0.0035175392, 0.013818199, 0), (-0.004851213, 0.011515166, 0), (-0.0055272793, 0.009212133, 0), (-0.0053618676, 0.0069090994, 0), (-0.0042992146, 0.0046060663, 0), (-0.0024324781, 0.0023030331, 0)]
                uniform token subdivisionScheme = "none"
                matrix4d xformOp:transform = ( (-0.685254538123991, 0.7283036578107212, 0, 0), (-0.7104853592720786, -0.6684894569599661, 0.2198463103929542, 0), (0.1601148720153797, 0.15065068188658737, 0.9755345200486782, 0), (-0.002534018352618986, -0.05892978043126811, 0.09121592488938679, 1) )
                uniform token[] xformOpOrder = ["xformOp:transform"]
            }

            def Cylinder "Petiolule_term" (
                prepend apiSchemas = ["PhysicsCollisionAPI"]
            )
            {
                uniform token axis = "Z"
                double height = 0.01
                rel material:binding = </Plant_1/Materials/Leaf>
                double radius = 0.0008309168000000001
                matrix4d xformOp:transform = ( (0.9961946980917457, 0.08715574274765789, -0, 0), (-0.029809019626209063, 0.3407186534216101, 0.9396926207859085, 0), (0.08189960831908907, -0.9361168066628592, 0.3420201433256687, 0), (0.006709019354439811, -0.07668444212148544, 0.0979467112928948, 1) )
                uniform token[] xformOpOrder = ["xformOp:transform"]
            }

            def Mesh "Blade_4" (
                prepend apiSchemas = ["PhysicsCollisionAPI", "PhysicsMeshCollisionAPI"]
            )
            {
                int[] faceVertexCounts = [3, 3, 3, 3, 3, 3, 3, 3, 3, 3, 3, 3, 3, 3]
                int[] faceVertexIndices = [0, 1, 2, 0, 2, 3, 0, 3, 4, 0, 4, 5, 0, 5, 6, 0, 6, 7, 0, 7, 8, 0, 8, 9, 0, 9, 10, 0, 10, 11, 0, 11, 12, 0, 12, 13, 0, 13, 14, 0, 14, 15]
                rel material:binding = </Plant_1/Materials/Leaf>
                uniform token physics:approximation = "convexHull"
                point3f[] points = [(0, 0, 0), (0.0024324781, 0.0023030331, 0), (0.0042992146, 0.0046060663, 0), (0.0053618676, 0.0069090994, 0), (0.00552728, 0.009212133, 0), (0.0048512137, 0.011515166, 0), (0.0035175392, 0.013818199, 0), (0.0017979186, 0.016121233, 0), (0, 0.018424265, 0), (-0.0017979186, 0.016121233, 0), (-0.0035175392, 0.013818199, 0), (-0.0048512137, 0.011515166, 0), (-0.00552728, 0.009212133, 0), (-0.0053618676, 0.0069090994, 0), (-0.0042992146, 0.0046060663, 0), (-0.0024324781, 0.0023030331, 0)]
                uniform token subdivisionScheme = "none"
                matrix4d xformOp:transform = ( (-0.9961946980917457, -0.08715574274765789, 0, 0), (0.08189960831908907, -0.9361168066628592, 0.3420201433256687, 0), (-0.029809019626209063, 0.3407186534216101, 0.9396926207859085, 0), (0.007118517396035256, -0.08136502615479974, 0.09965681200952314, 1) )
                uniform token[] xformOpOrder = ["xformOp:transform"]
            }
        }

        def Xform "Leaf_o1_r2_i3" (
            prepend apiSchemas = ["PhysicsRigidBodyAPI", "PhysicsMassAPI", "PhysicsFilteredPairsAPI"]
        )
        {
            prepend rel physics:filteredPairs = </Plant_1/Stem/Internode_o1_r2>
            float physics:mass = 0.05

            def Cylinder "Petiole" (
                prepend apiSchemas = ["PhysicsCollisionAPI"]
            )
            {
                uniform token axis = "Z"
                double height = 0.023645703
                rel material:binding = </Plant_1/Materials/Leaf>
                double radius = 0.002077292
                matrix4d xformOp:transform = ( (0.9961946980917457, 0.08715574274765789, -0, 0), (-0.029809019626209063, 0.3407186534216101, 0.9396926207859085, 0), (0.08189960831908907, -0.9361168066628592, 0.3420201433256687, 0), (0.0009682869070647547, -0.011067569991829196, 0.0739728953645481, 1) )
                uniform token[] xformOpOrder = ["xformOp:transform"]
            }

            def Cylinder "Rachis" (
                prepend apiSchemas = ["PhysicsCollisionAPI"]
            )
            {
                uniform token axis = "Z"
                double height = 0.053271897
                rel material:binding = </Plant_1/Materials/Leaf>
                double radius = 0.0012463752
                matrix4d xformOp:transform = ( (0.9961946980917457, 0.08715574274765789, -0, 0), (-0.029809019626209063, 0.3407186534216101, 0.9396926207859085, 0), (0.08189960831908907, -0.9361168066628592, 0.3420201433256687, 0), (0.004118047563486937, -0.04706949903591477, 0.08712657965268132, 1) )
                uniform token[] xformOpOrder = ["xformOp:transform"]
            }

            def Cylinder "Petiolule_0" (
                prepend apiSchemas = ["PhysicsCollisionAPI"]
            )
            {
                uniform token axis = "Z"
                double height = 0.01
                rel material:binding = </Plant_1/Materials/Leaf>
                double radius = 0.0008309168000000001
                matrix4d xformOp:transform = ( (0.548375378964315, 0.8362322905423731, -0, 0), (-0.18384258370718962, 0.12055830377564267, 0.9755345200486784, 0), (0.8157734662034608, -0.5349591121244651, 0.2198463103929542, 0), (0.006015441145146813, -0.02480993554428072, 0.07911578028106096, 1) )
                uniform token[] xformOpOrder = ["xformOp:transform"]
            }

            def Mesh "Blade_0" (
                prepend apiSchemas = ["PhysicsCollisionAPI", "PhysicsMeshCollisionAPI"]
            )
            {
                int[] faceVertexCounts = [3, 3, 3, 3, 3, 3, 3, 3, 3, 3, 3, 3, 3, 3]
                int[] faceVertexIndices = [0, 1, 2, 0, 2, 3, 0, 3, 4, 0, 4, 5, 0, 5, 6, 0, 6, 7, 0, 7, 8, 0, 8, 9, 0, 9, 10, 0, 10, 11, 0, 11, 12, 0, 12, 13, 0, 13, 14, 0, 14, 15]
                rel material:binding = </Plant_1/Materials/Leaf>
                uniform token physics:approximation = "convexHull"
                point3f[] points = [(0, 0, 0), (0.0024324781, 0.0023030331, 0), (0.0042992146, 0.0046060663, 0), (0.0053618676, 0.0069090994, 0), (0.0055272793, 0.009212133, 0), (0.004851213, 0.011515166, 0), (0.0035175392, 0.013818199, 0), (0.0017979186, 0.016121231, 0), (0, 0.018424265, 0), (-0.0017979186, 0.016121231, 0), (-0.0035175392, 0.013818199, 0), (-0.004851213, 0.011515166, 0), (-0.0055272793, 0.009212133, 0), (-0.0053618676, 0.0069090994, 0), (-0.0042992146, 0.0046060663, 0), (-0.0024324781, 0.0023030331, 0)]
                uniform token subdivisionScheme = "none"
                matrix4d xformOp:transform = ( (-0.548375378964315, -0.8362322905423731, 0, 0), (0.8157734662034608, -0.5349591121244651, 0.2198463103929542, 0), (-0.18384258370718962, 0.12055830377564267, 0.9755345200486784, 0), (0.010094308476164117, -0.027484731104903043, 0.08021501183302573, 1) )
                uniform token[] xformOpOrder = ["xformOp:transform"]
            }

            def Cylinder "Petiolule_1" (
                prepend apiSchemas = ["PhysicsCollisionAPI"]
            )
            {
                uniform token axis = "Z"
                double height = 0.01
                rel material:binding = </Plant_1/Materials/Leaf>
                double radius = 0.0008309168000000001
                matrix4d xformOp:transform = ( (0.685254538123991, -0.7283036578107212, 0, 0), (0.1601148720153797, 0.15065068188658737, 0.9755345200486782, 0), (-0.7104853592720786, -0.6684894569599661, 0.2198463103929542, 0), (-0.0016158529822308835, -0.025477587268458224, 0.07911578028106096, 1) )
                uniform token[] xformOpOrder = ["xformOp:transform"]
            }

            def Mesh "Blade_1" (
                prepend apiSchemas = ["PhysicsCollisionAPI", "PhysicsMeshCollisionAPI"]
            )
            {
                int[] faceVertexCounts = [3, 3, 3, 3, 3, 3, 3, 3, 3, 3, 3, 3, 3, 3]
                int[] faceVertexIndices = [0, 1, 2, 0, 2, 3, 0, 3, 4, 0, 4, 5, 0, 5, 6, 0, 6, 7, 0, 7, 8, 0, 8, 9, 0, 9, 10, 0, 10, 11, 0, 11, 12, 0, 12, 13, 0, 13, 14, 0, 14, 15]
                rel material:binding = </Plant_1/Materials/Leaf>
                uniform token physics:approximation = "convexHull"
                point3f[] points = [(0, 0, 0), (0.0024324781, 0.0023030331, 0), (0.0042992146, 0.0046060663, 0), (0.0053618676, 0.0069090994, 0), (0.0055272793, 0.009212133, 0), (0.004851213, 0.011515166, 0), (0.0035175392, 0.013818199, 0), (0.0017979186, 0.016121231, 0), (0, 0.018424265, 0), (-0.0017979186, 0.016121231, 0), (-0.0035175392, 0.013818199, 0), (-0.004851213, 0.011515166, 0), (-0.0055272793, 0.009212133, 0), (-0.0053618676, 0.0069090994, 0), (-0.0042992146, 0.0046060663, 0), (-0.0024324781, 0.0023030331, 0)]
                uniform token subdivisionScheme = "none"
                matrix4d xformOp:transform = ( (-0.685254538123991, 0.7283036578107212, 0, 0), (-0.7104853592720786, -0.6684894569599661, 0.2198463103929542, 0), (0.1601148720153797, 0.15065068188658737, 0.9755345200486782, 0), (-0.005168279778591276, -0.028820034553258052, 0.08021501183302573, 1) )
                uniform token[] xformOpOrder = ["xformOp:transform"]
            }

            def Cylinder "Petiolule_2" (
                prepend apiSchemas = ["PhysicsCollisionAPI"]
            )
            {
                uniform token axis = "Z"
                double height = 0.01
                rel material:binding = </Plant_1/Materials/Leaf>
                double radius = 0.0008309168000000001
                matrix4d xformOp:transform = ( (0.548375378964315, 0.8362322905423731, -0, 0), (-0.18384258370718962, 0.12055830377564267, 0.9755345200486784, 0), (0.8157734662034608, -0.5349591121244651, 0.2198463103929542, 0), (0.008649702571119104, -0.05491968142229078, 0.09011669333742202, 1) )
                uniform token[] xformOpOrder = ["xformOp:transform"]
            }

            def Mesh "Blade_2" (
                prepend apiSchemas = ["PhysicsCollisionAPI", "PhysicsMeshCollisionAPI"]
            )
            {
                int[] faceVertexCounts = [3, 3, 3, 3, 3, 3, 3, 3, 3, 3, 3, 3, 3, 3]
                int[] faceVertexIndices = [0, 1, 2, 0, 2, 3, 0, 3, 4, 0, 4, 5, 0, 5, 6, 0, 6, 7, 0, 7, 8, 0, 8, 9, 0, 9, 10, 0, 10, 11, 0, 11, 12, 0, 12, 13, 0, 13, 14, 0, 14, 15]
                rel material:binding = </Plant_1/Materials/Leaf>
                uniform token physics:approximation = "convexHull"
                point3f[] points = [(0, 0, 0), (0.0024324781, 0.0023030331, 0), (0.0042992146, 0.0046060663, 0), (0.0053618676, 0.0069090994, 0), (0.0055272793, 0.009212133, 0), (0.004851213, 0.011515166, 0), (0.0035175392, 0.013818199, 0), (0.0017979186, 0.016121231, 0), (0, 0.018424265, 0), (-0.0017979186, 0.016121231, 0), (-0.0035175392, 0.013818199, 0), (-0.004851213, 0.011515166, 0), (-0.0055272793, 0.009212133, 0), (-0.0053618676, 0.0069090994, 0), (-0.0042992146, 0.0046060663, 0), (-0.0024324781, 0.0023030331, 0)]
                uniform token subdivisionScheme = "none"
                matrix4d xformOp:transform = ( (-0.548375378964315, -0.8362322905423731, 0, 0), (0.8157734662034608, -0.5349591121244651, 0.2198463103929542, 0), (-0.18384258370718962, 0.12055830377564267, 0.9755345200486784, 0), (0.012728569902136408, -0.057594476982913104, 0.09121592488938679, 1) )
                uniform token[] xformOpOrder = ["xformOp:transform"]
            }

            def Cylinder "Petiolule_3" (
                prepend apiSchemas = ["PhysicsCollisionAPI"]
            )
            {
                uniform token axis = "Z"
                double height = 0.01
                rel material:binding = </Plant_1/Materials/Leaf>
                double radius = 0.0008309168000000001
                matrix4d xformOp:transform = ( (0.685254538123991, -0.7283036578107212, 0, 0), (0.1601148720153797, 0.15065068188658737, 0.9755345200486782, 0), (-0.7104853592720786, -0.6684894569599661, 0.2198463103929542, 0), (0.001018408443741407, -0.05558733314646828, 0.09011669333742202, 1) )
                uniform token[] xformOpOrder = ["xformOp:transform"]
            }

            def Mesh "Blade_3" (
                prepend apiSchemas = ["PhysicsCollisionAPI", "PhysicsMeshCollisionAPI"]
            )
            {
                int[] faceVertexCounts = [3, 3, 3, 3, 3, 3, 3, 3, 3, 3, 3, 3, 3, 3]
                int[] faceVertexIndices = [0, 1, 2, 0, 2, 3, 0, 3, 4, 0, 4, 5, 0, 5, 6, 0, 6, 7, 0, 7, 8, 0, 8, 9, 0, 9, 10, 0, 10, 11, 0, 11, 12, 0, 12, 13, 0, 13, 14, 0, 14, 15]
                rel material:binding = </Plant_1/Materials/Leaf>
                uniform token physics:approximation = "convexHull"
                point3f[] points = [(0, 0, 0), (0.0024324781, 0.0023030331, 0), (0.0042992146, 0.0046060663, 0), (0.0053618676, 0.0069090994, 0), (0.0055272793, 0.009212133, 0), (0.004851213, 0.011515166, 0), (0.0035175392, 0.013818199, 0), (0.0017979186, 0.016121231, 0), (0, 0.018424265, 0), (-0.0017979186, 0.016121231, 0), (-0.0035175392, 0.013818199, 0), (-0.004851213, 0.011515166, 0), (-0.0055272793, 0.009212133, 0), (-0.0053618676, 0.0069090994, 0), (-0.0042992146, 0.0046060663, 0), (-0.0024324781, 0.0023030331, 0)]
                uniform token subdivisionScheme = "none"
                matrix4d xformOp:transform = ( (-0.685254538123991, 0.7283036578107212, 0, 0), (-0.7104853592720786, -0.6684894569599661, 0.2198463103929542, 0), (0.1601148720153797, 0.15065068188658737, 0.9755345200486782, 0), (-0.002534018352618986, -0.05892978043126811, 0.09121592488938679, 1) )
                uniform token[] xformOpOrder = ["xformOp:transform"]
            }

            def Cylinder "Petiolule_term" (
                prepend apiSchemas = ["PhysicsCollisionAPI"]
            )
            {
                uniform token axis = "Z"
                double height = 0.01
                rel material:binding = </Plant_1/Materials/Leaf>
                double radius = 0.0008309168000000001
                matrix4d xformOp:transform = ( (0.9961946980917457, 0.08715574274765789, -0, 0), (-0.029809019626209063, 0.3407186534216101, 0.9396926207859085, 0), (0.08189960831908907, -0.9361168066628592, 0.3420201433256687, 0), (0.006709019354439811, -0.07668444212148544, 0.0979467112928948, 1) )
                uniform token[] xformOpOrder = ["xformOp:transform"]
            }

            def Mesh "Blade_4" (
                prepend apiSchemas = ["PhysicsCollisionAPI", "PhysicsMeshCollisionAPI"]
            )
            {
                int[] faceVertexCounts = [3, 3, 3, 3, 3, 3, 3, 3, 3, 3, 3, 3, 3, 3]
                int[] faceVertexIndices = [0, 1, 2, 0, 2, 3, 0, 3, 4, 0, 4, 5, 0, 5, 6, 0, 6, 7, 0, 7, 8, 0, 8, 9, 0, 9, 10, 0, 10, 11, 0, 11, 12, 0, 12, 13, 0, 13, 14, 0, 14, 15]
                rel material:binding = </Plant_1/Materials/Leaf>
                uniform token physics:approximation = "convexHull"
                point3f[] points = [(0, 0, 0), (0.0024324781, 0.0023030331, 0), (0.0042992146, 0.0046060663, 0), (0.0053618676, 0.0069090994, 0), (0.00552728, 0.009212133, 0), (0.0048512137, 0.011515166, 0), (0.0035175392, 0.013818199, 0), (0.0017979186, 0.016121233, 0), (0, 0.018424265, 0), (-0.0017979186, 0.016121233, 0), (-0.0035175392, 0.013818199, 0), (-0.0048512137, 0.011515166, 0), (-0.00552728, 0.009212133, 0), (-0.0053618676, 0.0069090994, 0), (-0.0042992146, 0.0046060663, 0), (-0.0024324781, 0.0023030331, 0)]
                uniform token subdivisionScheme = "none"
                matrix4d xformOp:transform = ( (-0.9961946980917457, -0.08715574274765789, 0, 0), (0.08189960831908907, -0.9361168066628592, 0.3420201433256687, 0), (-0.029809019626209063, 0.3407186534216101, 0.9396926207859085, 0), (0.007118517396035256, -0.08136502615479974, 0.09965681200952314, 1) )
                uniform token[] xformOpOrder = ["xformOp:transform"]
            }
        }

        def Xform "Leaf_o1_r1_i0" (
            prepend apiSchemas = ["PhysicsRigidBodyAPI", "PhysicsMassAPI", "PhysicsFilteredPairsAPI"]
        )
        {
            prepend rel physics:filteredPairs = </Plant_1/Stem/Internode_o1_r1>
            float physics:mass = 0.05

            def Cylinder "Petiole" (
                prepend apiSchemas = ["PhysicsCollisionAPI"]
            )
            {
                uniform token axis = "Z"
                double height = 0.024429671
                rel material:binding = </Plant_1/Materials/Leaf>
                double radius = 0.0021324465
                matrix4d xformOp:transform = ( (-0.6755902076156604, -0.737277336810124, 0, 0), (0.25216370040656594, -0.23106545963812644, 0.9396926207859084, 0), (-0.6928140728731603, 0.6348471327716558, 0.3420201433256687, 0), (-0.008462609932230665, 0.007754553294452435, 0.04338268078840946, 1) )
                uniform token[] xformOpOrder = ["xformOp:transform"]
            }

            def Cylinder "Rachis" (
                prepend apiSchemas = ["PhysicsCollisionAPI"]
            )
            {
                uniform token axis = "Z"
                double height = 0.05579464
                rel material:binding = </Plant_1/Materials/Leaf>
                double radius = 0.0012794679
                matrix4d xformOp:transform = ( (-0.6755902076156604, -0.737277336810124, 0, 0), (0.25216370040656594, -0.23106545963812644, 0.9396926207859084, 0), (-0.6928140728731603, 0.6348471327716558, 0.3420201433256687, 0), (-0.0362528757559072, 0.03321964020291824, 0.057101845961620976, 1) )
                uniform token[] xformOpOrder = ["xformOp:transform"]
            }

            def Cylinder "Petiolule_0" (
                prepend apiSchemas = ["PhysicsCollisionAPI"]
            )
            {
                uniform token axis = "Z"
                double height = 0.01
                rel material:binding = </Plant_1/Materials/Leaf>
                double radius = 0.0008529786
                matrix4d xformOp:transform = ( (0.16064560780738846, -0.9870121522515286, 0, 0), (0.21699097998550732, 0.035317344157287905, 0.9755345200486782, 0), (-0.9628644262289079, -0.1567153359103089, 0.2198463103929542, 0), (-0.02173954199560587, 0.014725529909353325, 0.0486596321287837, 1) )
                uniform token[] xformOpOrder = ["xformOp:transform"]
            }

            def Mesh "Blade_0" (
                prepend apiSchemas = ["PhysicsCollisionAPI", "PhysicsMeshCollisionAPI"]
            )
            {
                int[] faceVertexCounts = [3, 3, 3, 3, 3, 3, 3, 3, 3, 3, 3, 3, 3, 3]
                int[] faceVertexIndices = [0, 1, 2, 0, 2, 3, 0, 3, 4, 0, 4, 5, 0, 5, 6, 0, 6, 7, 0, 7, 8, 0, 8, 9, 0, 9, 10, 0, 10, 11, 0, 11, 12, 0, 12, 13, 0, 13, 14, 0, 14, 15]
                rel material:binding = </Plant_1/Materials/Leaf>
                uniform token physics:approximation = "convexHull"
                point3f[] points = [(0, 0, 0), (0.0026698157, 0.0025277408, 0), (0.00471869, 0.0050554816, 0), (0.0058850264, 0.0075832224, 0), (0.006066578, 0.010110963, 0), (0.0053245476, 0.012638704, 0), (0.0038607465, 0.015166445, 0), (0.001973342, 0.017694185, 0), (0, 0.020221926, 0), (-0.001973342, 0.017694185, 0), (-0.0038607465, 0.015166445, 0), (-0.0053245476, 0.012638704, 0), (-0.006066578, 0.010110963, 0), (-0.0058850264, 0.0075832224, 0), (-0.00471869, 0.0050554816, 0), (-0.0026698157, 0.0025277408, 0)]
                uniform token subdivisionScheme = "none"
                matrix4d xformOp:transform = ( (-0.16064560780738846, 0.9870121522515286, 0, 0), (-0.9628644262289079, -0.1567153359103089, 0.2198463103929542, 0), (0.21699097998550732, 0.035317344157287905, 0.9755345200486782, 0), (-0.026553864126750412, 0.01394195322980178, 0.04975886368074847, 1) )
                uniform token[] xformOpOrder = ["xformOp:transform"]
            }

            def Cylinder "Petiolule_1" (
                prepend apiSchemas = ["PhysicsCollisionAPI"]
            )
            {
                uniform token axis = "Z"
                double height = 0.01
                rel material:binding = </Plant_1/Materials/Leaf>
                double radius = 0.0008529786
                matrix4d xformOp:transform = ( (-0.9972574602926975, 0.07401052553899984, 0, 0), (-0.016270940969992622, -0.21924337315719755, 0.9755345200486782, 0), (0.07219982251023865, 0.9728590778916004, 0.2198463103929542, 0), (-0.016564220751910136, 0.020373401978362873, 0.0486596321287837, 1) )
                uniform token[] xformOpOrder = ["xformOp:transform"]
            }

            def Mesh "Blade_1" (
                prepend apiSchemas = ["PhysicsCollisionAPI", "PhysicsMeshCollisionAPI"]
            )
            {
                int[] faceVertexCounts = [3, 3, 3, 3, 3, 3, 3, 3, 3, 3, 3, 3, 3, 3]
                int[] faceVertexIndices = [0, 1, 2, 0, 2, 3, 0, 3, 4, 0, 4, 5, 0, 5, 6, 0, 6, 7, 0, 7, 8, 0, 8, 9, 0, 9, 10, 0, 10, 11, 0, 11, 12, 0, 12, 13, 0, 13, 14, 0, 14, 15]
                rel material:binding = </Plant_1/Materials/Leaf>
                uniform token physics:approximation = "convexHull"
                point3f[] points = [(0, 0, 0), (0.0026698157, 0.0025277408, 0), (0.00471869, 0.0050554816, 0), (0.0058850264, 0.0075832224, 0), (0.006066578, 0.010110963, 0), (0.0053245476, 0.012638704, 0), (0.0038607465, 0.015166445, 0), (0.001973342, 0.017694185, 0), (0, 0.020221926, 0), (-0.001973342, 0.017694185, 0), (-0.0038607465, 0.015166445, 0), (-0.0053245476, 0.012638704, 0), (-0.006066578, 0.010110963, 0), (-0.0058850264, 0.0075832224, 0), (-0.00471869, 0.0050554816, 0), (-0.0026698157, 0.0025277408, 0)]
                uniform token subdivisionScheme = "none"
                matrix4d xformOp:transform = ( (0.9972574602926975, -0.07401052553899984, 0, 0), (0.07219982251023865, 0.9728590778916004, 0.2198463103929542, 0), (-0.016270940969992622, -0.21924337315719755, 0.9755345200486782, 0), (-0.016203221639358945, 0.025237697367820874, 0.04975886368074847, 1) )
                uniform token[] xformOpOrder = ["xformOp:transform"]
            }

            def Cylinder "Petiolule_2" (
                prepend apiSchemas = ["PhysicsCollisionAPI"]
            )
            {
                uniform token axis = "Z"
                double height = 0.01
                rel material:binding = </Plant_1/Materials/Leaf>
                double radius = 0.0008529786
                matrix4d xformOp:transform = ( (0.16064560780738846, -0.9870121522515286, 0, 0), (0.21699097998550732, 0.035317344157287905, 0.9755345200486782, 0), (-0.9628644262289079, -0.1567153359103089, 0.2198463103929542, 0), (-0.04528652912074913, 0.036302368266309004, 0.060284026359158416, 1) )
                uniform token[] xformOpOrder = ["xformOp:transform"]
            }

            def Mesh "Blade_2" (
                prepend apiSchemas = ["PhysicsCollisionAPI", "PhysicsMeshCollisionAPI"]
            )
            {
                int[] faceVertexCounts = [3, 3, 3, 3, 3, 3, 3, 3, 3, 3, 3, 3, 3, 3]
                int[] faceVertexIndices = [0, 1, 2, 0, 2, 3, 0, 3, 4, 0, 4, 5, 0, 5, 6, 0, 6, 7, 0, 7, 8, 0, 8, 9, 0, 9, 10, 0, 10, 11, 0, 11, 12, 0, 12, 13, 0, 13, 14, 0, 14, 15]
                rel material:binding = </Plant_1/Materials/Leaf>
                uniform token physics:approximation = "convexHull"
                point3f[] points = [(0, 0, 0), (0.0026698157, 0.0025277408, 0), (0.00471869, 0.0050554816, 0), (0.0058850264, 0.0075832224, 0), (0.006066578, 0.010110963, 0), (0.0053245476, 0.012638704, 0), (0.0038607465, 0.015166445, 0), (0.001973342, 0.017694185, 0), (0, 0.020221926, 0), (-0.001973342, 0.017694185, 0), (-0.0038607465, 0.015166445, 0), (-0.0053245476, 0.012638704, 0), (-0.006066578, 0.010110963, 0), (-0.0058850264, 0.0075832224, 0), (-0.00471869, 0.0050554816, 0), (-0.0026698157, 0.0025277408, 0)]
                uniform token subdivisionScheme = "none"
                matrix4d xformOp:transform = ( (-0.16064560780738846, 0.9870121522515286, 0, 0), (-0.9628644262289079, -0.1567153359103089, 0.2198463103929542, 0), (0.21699097998550732, 0.035317344157287905, 0.9755345200486782, 0), (-0.05010085125189367, 0.035518791586757456, 0.06138325791112319, 1) )
                uniform token[] xformOpOrder = ["xformOp:transform"]
            }

            def Cylinder "Petiolule_3" (
                prepend apiSchemas = ["PhysicsCollisionAPI"]
            )
            {
                uniform token axis = "Z"
                double height = 0.01
                rel material:binding = </Plant_1/Materials/Leaf>
                double radius = 0.0008529786
                matrix4d xformOp:transform = ( (-0.9972574602926975, 0.07401052553899984, 0, 0), (-0.016270940969992622, -0.21924337315719755, 0.9755345200486782, 0), (0.07219982251023865, 0.9728590778916004, 0.2198463103929542, 0), (-0.0401112078770534, 0.04195024033531855, 0.060284026359158416, 1) )
                uniform token[] xformOpOrder = ["xformOp:transform"]
            }

            def Mesh "Blade_3" (
                prepend apiSchemas = ["PhysicsCollisionAPI", "PhysicsMeshCollisionAPI"]
            )
            {
                int[] faceVertexCounts = [3, 3, 3, 3, 3, 3, 3, 3, 3, 3, 3, 3, 3, 3]
                int[] faceVertexIndices = [0, 1, 2, 0, 2, 3, 0, 3, 4, 0, 4, 5, 0, 5, 6, 0, 6, 7, 0, 7, 8, 0, 8, 9, 0, 9, 10, 0, 10, 11, 0, 11, 12, 0, 12, 13, 0, 13, 14, 0, 14, 15]
                rel material:binding = </Plant_1/Materials/Leaf>
                uniform token physics:approximation = "convexHull"
                point3f[] points = [(0, 0, 0), (0.0026698157, 0.0025277408, 0), (0.00471869, 0.0050554816, 0), (0.0058850264, 0.0075832224, 0), (0.006066578, 0.010110963, 0), (0.0053245476, 0.012638704, 0), (0.0038607465, 0.015166445, 0), (0.001973342, 0.017694185, 0), (0, 0.020221926, 0), (-0.001973342, 0.017694185, 0), (-0.0038607465, 0.015166445, 0), (-0.0053245476, 0.012638704, 0), (-0.006066578, 0.010110963, 0), (-0.0058850264, 0.0075832224, 0), (-0.00471869, 0.0050554816, 0), (-0.0026698157, 0.0025277408, 0)]
                uniform token subdivisionScheme = "none"
                matrix4d xformOp:transform = ( (0.9972574602926975, -0.07401052553899984, 0, 0), (0.07219982251023865, 0.9728590778916004, 0.2198463103929542, 0), (-0.016270940969992622, -0.21924337315719755, 0.9755345200486782, 0), (-0.0397502087645022, 0.04681453572477655, 0.06138325791112319, 1) )
                uniform token[] xformOpOrder = ["xformOp:transform"]
            }

            def Cylinder "Petiolule_term" (
                prepend apiSchemas = ["PhysicsCollisionAPI"]
            )
            {
                uniform token axis = "Z"
                double height = 0.01
                rel material:binding = </Plant_1/Materials/Leaf>
                double radius = 0.0008529786
                matrix4d xformOp:transform = ( (-0.6755902076156604, -0.737277336810124, 0, 0), (0.25216370040656594, -0.23106545963812644, 0.9396926207859084, 0), (-0.6928140728731603, 0.6348471327716558, 0.3420201433256687, 0), (-0.05904460201171888, 0.054104409480789886, 0.06835339206305137, 1) )
                uniform token[] xformOpOrder = ["xformOp:transform"]
            }

            def Mesh "Blade_4" (
                prepend apiSchemas = ["PhysicsCollisionAPI", "PhysicsMeshCollisionAPI"]
            )
            {
                int[] faceVertexCounts = [3, 3, 3, 3, 3, 3, 3, 3, 3, 3, 3, 3, 3, 3]
                int[] faceVertexIndices = [0, 1, 2, 0, 2, 3, 0, 3, 4, 0, 4, 5, 0, 5, 6, 0, 6, 7, 0, 7, 8, 0, 8, 9, 0, 9, 10, 0, 10, 11, 0, 11, 12, 0, 12, 13, 0, 13, 14, 0, 14, 15]
                rel material:binding = </Plant_1/Materials/Leaf>
                uniform token physics:approximation = "convexHull"
                point3f[] points = [(0, 0, 0), (0.0026698157, 0.0025277408, 0), (0.00471869, 0.0050554816, 0), (0.0058850264, 0.0075832224, 0), (0.006066578, 0.010110963, 0), (0.0053245476, 0.012638704, 0), (0.0038607465, 0.015166445, 0), (0.001973342, 0.017694185, 0), (0, 0.020221926, 0), (-0.001973342, 0.017694185, 0), (-0.0038607465, 0.015166445, 0), (-0.0053245476, 0.012638704, 0), (-0.006066578, 0.010110963, 0), (-0.0058850264, 0.0075832224, 0), (-0.00471869, 0.0050554816, 0), (-0.0026698157, 0.0025277408, 0)]
                uniform token subdivisionScheme = "none"
                matrix4d xformOp:transform = ( (0.6755902076156604, 0.737277336810124, -0, 0), (-0.6928140728731603, 0.6348471327716558, 0.3420201433256687, 0), (0.25216370040656594, -0.23106545963812644, 0.9396926207859084, 0), (-0.06250867237608468, 0.057278645144648165, 0.07006349277967971, 1) )
                uniform token[] xformOpOrder = ["xformOp:transform"]
            }
        }

        def Xform "Leaf_o0_r7_i0" (
            prepend apiSchemas = ["PhysicsRigidBodyAPI", "PhysicsMassAPI", "PhysicsFilteredPairsAPI"]
        )
        {
            prepend rel physics:filteredPairs = </Plant_1/Stem/Internode_o0_r7>
            float physics:mass = 0.05

            def Cylinder "Petiole" (
                prepend apiSchemas = ["PhysicsCollisionAPI"]
            )
            {
                uniform token axis = "Z"
                double height = 0.033178847
                rel material:binding = </Plant_1/Materials/Leaf>
                double radius = 0.002727007
                matrix4d xformOp:transform = ( (0.8870108331782215, -0.46174861323503436, 0, 0), (0.1579273268790752, 0.30337557229503614, 0.9396926207859084, 0), (-0.4339017645150882, -0.8335175344947352, 0.3420201433256687, 0), (-0.00719818012893807, -0.01382757537440902, 0.16906716000316022, 1) )
                uniform token[] xformOpOrder = ["xformOp:transform"]
            }

            def Cylinder "Rachis" (
                prepend apiSchemas = ["PhysicsCollisionAPI"]
            )
            {
                uniform token axis = "Z"
                double height = 0.13476147
                rel material:binding = </Plant_1/Materials/Leaf>
                double radius = 0.0016362042
                matrix4d xformOp:transform = ( (0.8870108331782215, -0.46174861323503436, 0, 0), (0.1579273268790752, 0.30337557229503614, 0.9396926207859084, 0), (-0.4339017645150882, -0.8335175344947352, 0.3420201433256687, 0), (-0.0436329800686997, -0.08381817485846114, 0.19778664564840934, 1) )
                uniform token[] xformOpOrder = ["xformOp:transform"]
            }

            def Cylinder "Petiolule_0" (
                prepend apiSchemas = ["PhysicsCollisionAPI"]
            )
            {
                uniform token axis = "Z"
                double height = 0.01
                rel material:binding = </Plant_1/Materials/Leaf>
                double radius = 0.0010908028000000001
                matrix4d xformOp:transform = ( (0.9118023859082873, 0.4106292842113854, -0, 0), (-0.09027533307317283, 0.20045639034942953, 0.9755345200486782, 0), (0.40058304169108616, -0.8894947029162807, 0.2198463103929542, 0), (-0.012393445049420708, -0.032102624263399444, 0.1758403085582852, 1) )
                uniform token[] xformOpOrder = ["xformOp:transform"]
            }

            def Mesh "Blade_0" (
                prepend apiSchemas = ["PhysicsCollisionAPI", "PhysicsMeshCollisionAPI"]
            )
            {
                int[] faceVertexCounts = [3, 3, 3, 3, 3, 3, 3, 3, 3, 3, 3, 3, 3, 3]
                int[] faceVertexIndices = [0, 1, 2, 0, 2, 3, 0, 3, 4, 0, 4, 5, 0, 5, 6, 0, 6, 7, 0, 7, 8, 0, 8, 9, 0, 9, 10, 0, 10, 11, 0, 11, 12, 0, 12, 13, 0, 13, 14, 0, 14, 15]
                rel material:binding = </Plant_1/Materials/Leaf>
                uniform token physics:approximation = "convexHull"
                point3f[] points = [(0, 0, 0), (0.0054059024, 0.005118226, 0), (0.009554509, 0.010236452, 0), (0.011916133, 0.015354678, 0), (0.012283742, 0.020472905, 0), (0.010781263, 0.02559113, 0), (0.007817326, 0.030709356, 0), (0.0039956667, 0.03582758, 0), (0, 0.04094581, 0), (-0.0039956667, 0.03582758, 0), (-0.007817326, 0.030709356, 0), (-0.010781263, 0.02559113, 0), (-0.012283742, 0.020472905, 0), (-0.011916133, 0.015354678, 0), (-0.009554509, 0.010236452, 0), (-0.0054059024, 0.005118226, 0)]
                uniform token subdivisionScheme = "none"
                matrix4d xformOp:transform = ( (-0.9118023859082873, -0.4106292842113854, 0, 0), (0.40058304169108616, -0.8894947029162807, 0.2198463103929542, 0), (-0.09027533307317283, 0.20045639034942953, 0.9755345200486782, 0), (-0.010390529840965277, -0.03655009777798085, 0.17693954011024998, 1) )
                uniform token[] xformOpOrder = ["xformOp:transform"]
            }

            def Cylinder "Petiolule_1" (
                prepend apiSchemas = ["PhysicsCollisionAPI"]
            )
            {
                uniform token axis = "Z"
                double height = 0.01
                rel material:binding = </Plant_1/Materials/Leaf>
                double radius = 0.0010908028000000001
                matrix4d xformOp:transform = ( (0.18662054555897403, -0.9824320699037012, 0, 0), (0.2159840657800416, 0.04102783838466066, 0.9755345200486784, 0), (-0.9583963977939367, -0.18205478434309622, 0.21984631039295421, 0), (-0.019188342246845822, -0.02856542467053352, 0.1758403085582852, 1) )
                uniform token[] xformOpOrder = ["xformOp:transform"]
            }

            def Mesh "Blade_1" (
                prepend apiSchemas = ["PhysicsCollisionAPI", "PhysicsMeshCollisionAPI"]
            )
            {
                int[] faceVertexCounts = [3, 3, 3, 3, 3, 3, 3, 3, 3, 3, 3, 3, 3, 3]
                int[] faceVertexIndices = [0, 1, 2, 0, 2, 3, 0, 3, 4, 0, 4, 5, 0, 5, 6, 0, 6, 7, 0, 7, 8, 0, 8, 9, 0, 9, 10, 0, 10, 11, 0, 11, 12, 0, 12, 13, 0, 13, 14, 0, 14, 15]
                rel material:binding = </Plant_1/Materials/Leaf>
                uniform token physics:approximation = "convexHull"
                point3f[] points = [(0, 0, 0), (0.0054059024, 0.005118226, 0), (0.009554509, 0.010236452, 0), (0.011916133, 0.015354678, 0), (0.012283742, 0.020472905, 0), (0.010781263, 0.02559113, 0), (0.007817326, 0.030709356, 0), (0.0039956667, 0.03582758, 0), (0, 0.04094581, 0), (-0.0039956667, 0.03582758, 0), (-0.007817326, 0.030709356, 0), (-0.010781263, 0.02559113, 0), (-0.012283742, 0.020472905, 0), (-0.011916133, 0.015354678, 0), (-0.009554509, 0.010236452, 0), (-0.0054059024, 0.005118226, 0)]
                uniform token subdivisionScheme = "none"
                matrix4d xformOp:transform = ( (-0.18662054555897403, 0.9824320699037012, 0, 0), (-0.9583963977939367, -0.18205478434309622, 0.21984631039295421, 0), (0.2159840657800416, 0.04102783838466066, 0.9755345200486784, 0), (-0.023980324235815507, -0.029475698592249, 0.17693954011024998, 1) )
                uniform token[] xformOpOrder = ["xformOp:transform"]
            }

            def Cylinder "Petiolule_2" (
                prepend apiSchemas = ["PhysicsCollisionAPI"]
            )
            {
                uniform token axis = "Z"
                double height = 0.01
                rel material:binding = </Plant_1/Materials/Leaf>
                double radius = 0.0010908028000000001
                matrix4d xformOp:transform = ( (0.9118023859082873, 0.4106292842113854, -0, 0), (-0.09027533307317283, 0.20045639034942953, 0.9755345200486782, 0), (0.40058304169108616, -0.8894947029162807, 0.2198463103929542, 0), (-0.032543613025566215, -0.07081073680104165, 0.1917235427436533, 1) )
                uniform token[] xformOpOrder = ["xformOp:transform"]
            }

            def Mesh "Blade_2" (
                prepend apiSchemas = ["PhysicsCollisionAPI", "PhysicsMeshCollisionAPI"]
            )
            {
                int[] faceVertexCounts = [3, 3, 3, 3, 3, 3, 3, 3, 3, 3, 3, 3, 3, 3]
                int[] faceVertexIndices = [0, 1, 2, 0, 2, 3, 0, 3, 4, 0, 4, 5, 0, 5, 6, 0, 6, 7, 0, 7, 8, 0, 8, 9, 0, 9, 10, 0, 10, 11, 0, 11, 12, 0, 12, 13, 0, 13, 14, 0, 14, 15]
                rel material:binding = </Plant_1/Materials/Leaf>
                uniform token physics:approximation = "convexHull"
                point3f[] points = [(0, 0, 0), (0.0054059024, 0.005118226, 0), (0.009554509, 0.010236452, 0), (0.011916133, 0.015354678, 0), (0.012283742, 0.020472905, 0), (0.010781263, 0.02559113, 0), (0.007817326, 0.030709356, 0), (0.0039956667, 0.03582758, 0), (0, 0.04094581, 0), (-0.0039956667, 0.03582758, 0), (-0.007817326, 0.030709356, 0), (-0.010781263, 0.02559113, 0), (-0.012283742, 0.020472905, 0), (-0.011916133, 0.015354678, 0), (-0.009554509, 0.010236452, 0), (-0.0054059024, 0.005118226, 0)]
                uniform token subdivisionScheme = "none"
                matrix4d xformOp:transform = ( (-0.9118023859082873, -0.4106292842113854, 0, 0), (0.40058304169108616, -0.8894947029162807, 0.2198463103929542, 0), (-0.09027533307317283, 0.20045639034942953, 0.9755345200486782, 0), (-0.03054069781711078, -0.07525821031562306, 0.1928227742956181, 1) )
                uniform token[] xformOpOrder = ["xformOp:transform"]
            }

            def Cylinder "Petiolule_3" (
                prepend apiSchemas = ["PhysicsCollisionAPI"]
            )
            {
                uniform token axis = "Z"
                double height = 0.01
                rel material:binding = </Plant_1/Materials/Leaf>
                double radius = 0.0010908028000000001
                matrix4d xformOp:transform = ( (0.18662054555897403, -0.9824320699037012, 0, 0), (0.2159840657800416, 0.04102783838466066, 0.9755345200486784, 0), (-0.9583963977939367, -0.18205478434309622, 0.21984631039295421, 0), (-0.03933851022299133, -0.06727353720817573, 0.1917235427436533, 1) )
                uniform token[] xformOpOrder = ["xformOp:transform"]
            }

            def Mesh "Blade_3" (
                prepend apiSchemas = ["PhysicsCollisionAPI", "PhysicsMeshCollisionAPI"]
            )
            {
                int[] faceVertexCounts = [3, 3, 3, 3, 3, 3, 3, 3, 3, 3, 3, 3, 3, 3]
                int[] faceVertexIndices = [0, 1, 2, 0, 2, 3, 0, 3, 4, 0, 4, 5, 0, 5, 6, 0, 6, 7, 0, 7, 8, 0, 8, 9, 0, 9, 10, 0, 10, 11, 0, 11, 12, 0, 12, 13, 0, 13, 14, 0, 14, 15]
                rel material:binding = </Plant_1/Materials/Leaf>
                uniform token physics:approximation = "convexHull"
                point3f[] points = [(0, 0, 0), (0.0054059024, 0.005118226, 0), (0.009554509, 0.010236452, 0), (0.011916133, 0.015354678, 0), (0.012283742, 0.020472905, 0), (0.010781263, 0.02559113, 0), (0.007817326, 0.030709356, 0), (0.0039956667, 0.03582758, 0), (0, 0.04094581, 0), (-0.0039956667, 0.03582758, 0), (-0.007817326, 0.030709356, 0), (-0.010781263, 0.02559113, 0), (-0.012283742, 0.020472905, 0), (-0.011916133, 0.015354678, 0), (-0.009554509, 0.010236452, 0), (-0.0054059024, 0.005118226, 0)]
                uniform token subdivisionScheme = "none"
                matrix4d xformOp:transform = ( (-0.18662054555897403, 0.9824320699037012, 0, 0), (-0.9583963977939367, -0.18205478434309622, 0.21984631039295421, 0), (0.2159840657800416, 0.04102783838466066, 0.9755345200486784, 0), (-0.04413049221196101, -0.0681838111298912, 0.1928227742956181, 1) )
                uniform token[] xformOpOrder = ["xformOp:transform"]
            }

            def Cylinder "Petiolule_4" (
                prepend apiSchemas = ["PhysicsCollisionAPI"]
            )
            {
                uniform token axis = "Z"
                double height = 0.01
                rel material:binding = </Plant_1/Materials/Leaf>
                double radius = 0.0010908028000000001
                matrix4d xformOp:transform = ( (0.9118023859082873, 0.4106292842113854, -0, 0), (-0.09027533307317283, 0.20045639034942953, 0.9755345200486782, 0), (0.40058304169108616, -0.8894947029162807, 0.2198463103929542, 0), (-0.05269378100171171, -0.10951884933868387, 0.20760677692902138, 1) )
                uniform token[] xformOpOrder = ["xformOp:transform"]
            }

            def Mesh "Blade_4" (
                prepend apiSchemas = ["PhysicsCollisionAPI", "PhysicsMeshCollisionAPI"]
            )
            {
                int[] faceVertexCounts = [3, 3, 3, 3, 3, 3, 3, 3, 3, 3, 3, 3, 3, 3]
                int[] faceVertexIndices = [0, 1, 2, 0, 2, 3, 0, 3, 4, 0, 4, 5, 0, 5, 6, 0, 6, 7, 0, 7, 8, 0, 8, 9, 0, 9, 10, 0, 10, 11, 0, 11, 12, 0, 12, 13, 0, 13, 14, 0, 14, 15]
                rel material:binding = </Plant_1/Materials/Leaf>
                uniform token physics:approximation = "convexHull"
                point3f[] points = [(0, 0, 0), (0.0054059024, 0.005118226, 0), (0.009554509, 0.010236452, 0), (0.011916133, 0.015354678, 0), (0.012283742, 0.020472905, 0), (0.010781263, 0.02559113, 0), (0.007817326, 0.030709356, 0), (0.0039956667, 0.03582758, 0), (0, 0.04094581, 0), (-0.0039956667, 0.03582758, 0), (-0.007817326, 0.030709356, 0), (-0.010781263, 0.02559113, 0), (-0.012283742, 0.020472905, 0), (-0.011916133, 0.015354678, 0), (-0.009554509, 0.010236452, 0), (-0.0054059024, 0.005118226, 0)]
                uniform token subdivisionScheme = "none"
                matrix4d xformOp:transform = ( (-0.9118023859082873, -0.4106292842113854, 0, 0), (0.40058304169108616, -0.8894947029162807, 0.2198463103929542, 0), (-0.09027533307317283, 0.20045639034942953, 0.9755345200486782, 0), (-0.05069086579325628, -0.11396632285326529, 0.20870600848098617, 1) )
                uniform token[] xformOpOrder = ["xformOp:transform"]
            }

            def Cylinder "Petiolule_5" (
                prepend apiSchemas = ["PhysicsCollisionAPI"]
            )
            {
                uniform token axis = "Z"
                double height = 0.01
                rel material:binding = </Plant_1/Materials/Leaf>
                double radius = 0.0010908028000000001
                matrix4d xformOp:transform = ( (0.18662054555897403, -0.9824320699037012, 0, 0), (0.2159840657800416, 0.04102783838466066, 0.9755345200486784, 0), (-0.9583963977939367, -0.18205478434309622, 0.21984631039295421, 0), (-0.05948867819913683, -0.10598164974581796, 0.20760677692902138, 1) )
                uniform token[] xformOpOrder = ["xformOp:transform"]
            }

            def Mesh "Blade_5" (
                prepend apiSchemas = ["PhysicsCollisionAPI", "PhysicsMeshCollisionAPI"]
            )
            {
                int[] faceVertexCounts = [3, 3, 3, 3, 3, 3, 3, 3, 3, 3, 3, 3, 3, 3]
                int[] faceVertexIndices = [0, 1, 2, 0, 2, 3, 0, 3, 4, 0, 4, 5, 0, 5, 6, 0, 6, 7, 0, 7, 8, 0, 8, 9, 0, 9, 10, 0, 10, 11, 0, 11, 12, 0, 12, 13, 0, 13, 14, 0, 14, 15]
                rel material:binding = </Plant_1/Materials/Leaf>
                uniform token physics:approximation = "convexHull"
                point3f[] points = [(0, 0, 0), (0.0054059024, 0.005118226, 0), (0.009554509, 0.010236452, 0), (0.011916133, 0.015354678, 0), (0.012283742, 0.020472905, 0), (0.010781263, 0.02559113, 0), (0.007817326, 0.030709356, 0), (0.0039956667, 0.03582758, 0), (0, 0.04094581, 0), (-0.0039956667, 0.03582758, 0), (-0.007817326, 0.030709356, 0), (-0.010781263, 0.02559113, 0), (-0.012283742, 0.020472905, 0), (-0.011916133, 0.015354678, 0), (-0.009554509, 0.010236452, 0), (-0.0054059024, 0.005118226, 0)]
                uniform token subdivisionScheme = "none"
                matrix4d xformOp:transform = ( (-0.18662054555897403, 0.9824320699037012, 0, 0), (-0.9583963977939367, -0.18205478434309622, 0.21984631039295421, 0), (0.2159840657800416, 0.04102783838466066, 0.9755345200486784, 0), (-0.0642806601881065, -0.10689192366753343, 0.20870600848098617, 1) )
                uniform token[] xformOpOrder = ["xformOp:transform"]
            }

            def Cylinder "Petiolule_term" (
                prepend apiSchemas = ["PhysicsCollisionAPI"]
            )
            {
                uniform token axis = "Z"
                double height = 0.01
                rel material:binding = </Plant_1/Materials/Leaf>
                double radius = 0.0010908028000000001
                matrix4d xformOp:transform = ( (0.8870108331782215, -0.46174861323503436, 0, 0), (0.1579273268790752, 0.30337557229503614, 0.9396926207859084, 0), (-0.4339017645150882, -0.8335175344947352, 0.3420201433256687, 0), (-0.0750391087020987, -0.14414878664057793, 0.22254231500712657, 1) )
                uniform token[] xformOpOrder = ["xformOp:transform"]
            }

            def Mesh "Blade_6" (
                prepend apiSchemas = ["PhysicsCollisionAPI", "PhysicsMeshCollisionAPI"]
            )
            {
                int[] faceVertexCounts = [3, 3, 3, 3, 3, 3, 3, 3, 3, 3, 3, 3, 3, 3]
                int[] faceVertexIndices = [0, 1, 2, 0, 2, 3, 0, 3, 4, 0, 4, 5, 0, 5, 6, 0, 6, 7, 0, 7, 8, 0, 8, 9, 0, 9, 10, 0, 10, 11, 0, 11, 12, 0, 12, 13, 0, 13, 14, 0, 14, 15]
                rel material:binding = </Plant_1/Materials/Leaf>
                uniform token physics:approximation = "convexHull"
                point3f[] points = [(0, 0, 0), (0.005406848, 0.0051191216, 0), (0.009556181, 0.010238243, 0), (0.011918218, 0.015357365, 0), (0.012285892, 0.020476487, 0), (0.01078315, 0.025595607, 0), (0.007818693, 0.03071473, 0), (0.003996366, 0.03583385, 0), (0, 0.040952973, 0), (-0.003996366, 0.03583385, 0), (-0.007818693, 0.03071473, 0), (-0.01078315, 0.025595607, 0), (-0.012285892, 0.020476487, 0), (-0.011918218, 0.015357365, 0), (-0.009556181, 0.010238243, 0), (-0.005406848, 0.0051191216, 0)]
                uniform token subdivisionScheme = "none"
                matrix4d xformOp:transform = ( (-0.8870108331782215, 0.46174861323503436, 0, 0), (-0.4339017645150882, -0.8335175344947352, 0.3420201433256687, 0), (0.1579273268790752, 0.30337557229503614, 0.9396926207859084, 0), (-0.07720861752467414, -0.14831637431305159, 0.22425241572375493, 1) )
                uniform token[] xformOpOrder = ["xformOp:transform"]
            }
        }

        def Xform "Leaf_o1_r1_i1" (
            prepend apiSchemas = ["PhysicsRigidBodyAPI", "PhysicsMassAPI", "PhysicsFilteredPairsAPI"]
        )
        {
            prepend rel physics:filteredPairs = </Plant_1/Stem/Internode_o1_r1>
            float physics:mass = 0.05

            def Cylinder "Petiole" (
                prepend apiSchemas = ["PhysicsCollisionAPI"]
            )
            {
                uniform token axis = "Z"
                double height = 0.025857493
                rel material:binding = </Plant_1/Materials/Leaf>
                double radius = 0.00223201585
                matrix4d xformOp:transform = ( (-0.6755902076156604, -0.737277336810124, 0, 0), (0.25216370040656594, -0.23106545963812644, 0.9396926207859084, 0), (-0.6928140728731603, 0.6348471327716558, 0.3420201433256687, 0), (-0.008957217519809615, 0.00820777764585658, 0.04530504873095123, 1) )
                uniform token[] xformOpOrder = ["xformOp:transform"]
            }

            def Cylinder "Rachis" (
                prepend apiSchemas = ["PhysicsCollisionAPI"]
            )
            {
                uniform token axis = "Z"
                double height = 0.06049388
                rel material:binding = </Plant_1/Materials/Leaf>
                double radius = 0.00133920951
                matrix4d xformOp:transform = ( (-0.6755902076156604, -0.737277336810124, 0, 0), (0.25216370040656594, -0.23106545963812644, 0.9396926207859084, 0), (-0.6928140728731603, 0.6348471327716558, 0.3420201433256687, 0), (-0.038869940732969344, 0.035617738425829465, 0.06007200321586537, 1) )
                uniform token[] xformOpOrder = ["xformOp:transform"]
            }

            def Cylinder "Petiolule_0" (
                prepend apiSchemas = ["PhysicsCollisionAPI"]
            )
            {
                uniform token axis = "Z"
                double height = 0.01
                rel material:binding = </Plant_1/Materials/Leaf>
                double radius = 0.00089280634
                matrix4d xformOp:transform = ( (0.16064560780738846, -0.9870121522515286, 0, 0), (0.21699097998550732, 0.035317344157287905, 0.9755345200486782, 0), (-0.9628644262289079, -0.1567153359103089, 0.2198463103929542, 0), (-0.02272875717076377, 0.015631978612161614, 0.050826172013867243, 1) )
                uniform token[] xformOpOrder = ["xformOp:transform"]
            }

            def Mesh "Blade_0" (
                prepend apiSchemas = ["PhysicsCollisionAPI", "PhysicsMeshCollisionAPI"]
            )
            {
                int[] faceVertexCounts = [3, 3, 3, 3, 3, 3, 3, 3, 3, 3, 3, 3, 3, 3]
                int[] faceVertexIndices = [0, 1, 2, 0, 2, 3, 0, 3, 4, 0, 4, 5, 0, 5, 6, 0, 6, 7, 0, 7, 8, 0, 8, 9, 0, 9, 10, 0, 10, 11, 0, 11, 12, 0, 12, 13, 0, 13, 14, 0, 14, 15]
                rel material:binding = </Plant_1/Materials/Leaf>
                uniform token physics:approximation = "convexHull"
                point3f[] points = [(0, 0, 0), (0.0031397392, 0.002972657, 0), (0.005549243, 0.005945314, 0), (0.00692087, 0.0089179715, 0), (0.007134377, 0.011890628, 0), (0.0062617394, 0.014863285, 0), (0.0045402898, 0.017835943, 0), (0.0023206766, 0.0208086, 0), (0, 0.023781257, 0), (-0.0023206766, 0.0208086, 0), (-0.0045402898, 0.017835943, 0), (-0.0062617394, 0.014863285, 0), (-0.007134377, 0.011890628, 0), (-0.00692087, 0.0089179715, 0), (-0.005549243, 0.005945314, 0), (-0.0031397392, 0.002972657, 0)]
                uniform token subdivisionScheme = "none"
                matrix4d xformOp:transform = ( (-0.16064560780738846, 0.9870121522515286, 0, 0), (-0.9628644262289079, -0.1567153359103089, 0.2198463103929542, 0), (0.21699097998550732, 0.035317344157287905, 0.9755345200486782, 0), (-0.02754307930190831, 0.01484840193261007, 0.051925403565832015, 1) )
                uniform token[] xformOpOrder = ["xformOp:transform"]
            }

            def Cylinder "Petiolule_1" (
                prepend apiSchemas = ["PhysicsCollisionAPI"]
            )
            {
                uniform token axis = "Z"
                double height = 0.01
                rel material:binding = </Plant_1/Materials/Leaf>
                double radius = 0.00089280634
                matrix4d xformOp:transform = ( (-0.9972574602926975, 0.07401052553899984, 0, 0), (-0.016270940969992622, -0.21924337315719755, 0.9755345200486782, 0), (0.07219982251023865, 0.9728590778916004, 0.2198463103929542, 0), (-0.017553435927068036, 0.02127985068117116, 0.050826172013867243, 1) )
                uniform token[] xformOpOrder = ["xformOp:transform"]
            }

            def Mesh "Blade_1" (
                prepend apiSchemas = ["PhysicsCollisionAPI", "PhysicsMeshCollisionAPI"]
            )
            {
                int[] faceVertexCounts = [3, 3, 3, 3, 3, 3, 3, 3, 3, 3, 3, 3, 3, 3]
                int[] faceVertexIndices = [0, 1, 2, 0, 2, 3, 0, 3, 4, 0, 4, 5, 0, 5, 6, 0, 6, 7, 0, 7, 8, 0, 8, 9, 0, 9, 10, 0, 10, 11, 0, 11, 12, 0, 12, 13, 0, 13, 14, 0, 14, 15]
                rel material:binding = </Plant_1/Materials/Leaf>
                uniform token physics:approximation = "convexHull"
                point3f[] points = [(0, 0, 0), (0.0031397392, 0.002972657, 0), (0.005549243, 0.005945314, 0), (0.00692087, 0.0089179715, 0), (0.007134377, 0.011890628, 0), (0.0062617394, 0.014863285, 0), (0.0045402898, 0.017835943, 0), (0.0023206766, 0.0208086, 0), (0, 0.023781257, 0), (-0.0023206766, 0.0208086, 0), (-0.0045402898, 0.017835943, 0), (-0.0062617394, 0.014863285, 0), (-0.007134377, 0.011890628, 0), (-0.00692087, 0.0089179715, 0), (-0.005549243, 0.005945314, 0), (-0.0031397392, 0.002972657, 0)]
                uniform token subdivisionScheme = "none"
                matrix4d xformOp:transform = ( (0.9972574602926975, -0.07401052553899984, 0, 0), (0.07219982251023865, 0.9728590778916004, 0.2198463103929542, 0), (-0.016270940969992622, -0.21924337315719755, 0.9755345200486782, 0), (-0.017192436814516845, 0.026144146070629162, 0.051925403565832015, 1) )
                uniform token[] xformOpOrder = ["xformOp:transform"]
            }

            def Cylinder "Petiolule_2" (
                prepend apiSchemas = ["PhysicsCollisionAPI"]
            )
            {
                uniform token axis = "Z"
                double height = 0.01
                rel material:binding = </Plant_1/Materials/Leaf>
                double radius = 0.00089280634
                matrix4d xformOp:transform = ( (0.16064560780738846, -0.9870121522515286, 0, 0), (0.21699097998550732, 0.035317344157287905, 0.9755345200486782, 0), (-0.9628644262289079, -0.1567153359103089, 0.2198463103929542, 0), (-0.048648417030320946, 0.03938297096140193, 0.0636218788668678, 1) )
                uniform token[] xformOpOrder = ["xformOp:transform"]
            }

            def Mesh "Blade_2" (
                prepend apiSchemas = ["PhysicsCollisionAPI", "PhysicsMeshCollisionAPI"]
            )
            {
                int[] faceVertexCounts = [3, 3, 3, 3, 3, 3, 3, 3, 3, 3, 3, 3, 3, 3]
                int[] faceVertexIndices = [0, 1, 2, 0, 2, 3, 0, 3, 4, 0, 4, 5, 0, 5, 6, 0, 6, 7, 0, 7, 8, 0, 8, 9, 0, 9, 10, 0, 10, 11, 0, 11, 12, 0, 12, 13, 0, 13, 14, 0, 14, 15]
                rel material:binding = </Plant_1/Materials/Leaf>
                uniform token physics:approximation = "convexHull"
                point3f[] points = [(0, 0, 0), (0.0031397392, 0.002972657, 0), (0.005549243, 0.005945314, 0), (0.00692087, 0.0089179715, 0), (0.007134377, 0.011890628, 0), (0.0062617394, 0.014863285, 0), (0.0045402898, 0.017835943, 0), (0.0023206766, 0.0208086, 0), (0, 0.023781257, 0), (-0.0023206766, 0.0208086, 0), (-0.0045402898, 0.017835943, 0), (-0.0062617394, 0.014863285, 0), (-0.007134377, 0.011890628, 0), (-0.00692087, 0.0089179715, 0), (-0.005549243, 0.005945314, 0), (-0.0031397392, 0.002972657, 0)]
                uniform token subdivisionScheme = "none"
                matrix4d xformOp:transform = ( (-0.16064560780738846, 0.9870121522515286, 0, 0), (-0.9628644262289079, -0.1567153359103089, 0.2198463103929542, 0), (0.21699097998550732, 0.035317344157287905, 0.9755345200486782, 0), (-0.05346273916146548, 0.03859939428185038, 0.06472111041883258, 1) )
                uniform token[] xformOpOrder = ["xformOp:transform"]
            }

            def Cylinder "Petiolule_3" (
                prepend apiSchemas = ["PhysicsCollisionAPI"]
            )
            {
                uniform token axis = "Z"
                double height = 0.01
                rel material:binding = </Plant_1/Materials/Leaf>
                double radius = 0.00089280634
                matrix4d xformOp:transform = ( (-0.9972574602926975, 0.07401052553899984, 0, 0), (-0.016270940969992622, -0.21924337315719755, 0.9755345200486782, 0), (0.07219982251023865, 0.9728590778916004, 0.2198463103929542, 0), (-0.04347309578662521, 0.04503084303041147, 0.0636218788668678, 1) )
                uniform token[] xformOpOrder = ["xformOp:transform"]
            }

            def Mesh "Blade_3" (
                prepend apiSchemas = ["PhysicsCollisionAPI", "PhysicsMeshCollisionAPI"]
            )
            {
                int[] faceVertexCounts = [3, 3, 3, 3, 3, 3, 3, 3, 3, 3, 3, 3, 3, 3]
                int[] faceVertexIndices = [0, 1, 2, 0, 2, 3, 0, 3, 4, 0, 4, 5, 0, 5, 6, 0, 6, 7, 0, 7, 8, 0, 8, 9, 0, 9, 10, 0, 10, 11, 0, 11, 12, 0, 12, 13, 0, 13, 14, 0, 14, 15]
                rel material:binding = </Plant_1/Materials/Leaf>
                uniform token physics:approximation = "convexHull"
                point3f[] points = [(0, 0, 0), (0.0031397392, 0.002972657, 0), (0.005549243, 0.005945314, 0), (0.00692087, 0.0089179715, 0), (0.007134377, 0.011890628, 0), (0.0062617394, 0.014863285, 0), (0.0045402898, 0.017835943, 0), (0.0023206766, 0.0208086, 0), (0, 0.023781257, 0), (-0.0023206766, 0.0208086, 0), (-0.0045402898, 0.017835943, 0), (-0.0062617394, 0.014863285, 0), (-0.007134377, 0.011890628, 0), (-0.00692087, 0.0089179715, 0), (-0.005549243, 0.005945314, 0), (-0.0031397392, 0.002972657, 0)]
                uniform token subdivisionScheme = "none"
                matrix4d xformOp:transform = ( (0.9972574602926975, -0.07401052553899984, 0, 0), (0.07219982251023865, 0.9728590778916004, 0.2198463103929542, 0), (-0.016270940969992622, -0.21924337315719755, 0.9755345200486782, 0), (-0.043112096674074014, 0.04989513841986947, 0.06472111041883258, 1) )
                uniform token[] xformOpOrder = ["xformOp:transform"]
            }

            def Cylinder "Petiolule_term" (
                prepend apiSchemas = ["PhysicsCollisionAPI"]
            )
            {
                uniform token axis = "Z"
                double height = 0.01
                rel material:binding = </Plant_1/Materials/Leaf>
                double radius = 0.00089280634
                matrix4d xformOp:transform = ( (-0.6755902076156604, -0.737277336810124, 0, 0), (0.25216370040656594, -0.23106545963812644, 0.9396926207859084, 0), (-0.6928140728731603, 0.6348471327716558, 0.3420201433256687, 0), (-0.06328951679068526, 0.05799415722380405, 0.07212716668645662, 1) )
                uniform token[] xformOpOrder = ["xformOp:transform"]
            }

            def Mesh "Blade_4" (
                prepend apiSchemas = ["PhysicsCollisionAPI", "PhysicsMeshCollisionAPI"]
            )
            {
                int[] faceVertexCounts = [3, 3, 3, 3, 3, 3, 3, 3, 3, 3, 3, 3, 3, 3]
                int[] faceVertexIndices = [0, 1, 2, 0, 2, 3, 0, 3, 4, 0, 4, 5, 0, 5, 6, 0, 6, 7, 0, 7, 8, 0, 8, 9, 0, 9, 10, 0, 10, 11, 0, 11, 12, 0, 12, 13, 0, 13, 14, 0, 14, 15]
                rel material:binding = </Plant_1/Materials/Leaf>
                uniform token physics:approximation = "convexHull"
                point3f[] points = [(0, 0, 0), (0.0031397392, 0.002972657, 0), (0.005549243, 0.005945314, 0), (0.00692087, 0.0089179715, 0), (0.007134377, 0.011890628, 0), (0.0062617394, 0.014863285, 0), (0.0045402898, 0.017835943, 0), (0.0023206766, 0.0208086, 0), (0, 0.023781257, 0), (-0.0023206766, 0.0208086, 0), (-0.0045402898, 0.017835943, 0), (-0.0062617394, 0.014863285, 0), (-0.007134377, 0.011890628, 0), (-0.00692087, 0.0089179715, 0), (-0.005549243, 0.005945314, 0), (-0.0031397392, 0.002972657, 0)]
                uniform token subdivisionScheme = "none"
                matrix4d xformOp:transform = ( (0.6755902076156604, 0.737277336810124, -0, 0), (-0.6928140728731603, 0.6348471327716558, 0.3420201433256687, 0), (0.25216370040656594, -0.23106545963812644, 0.9396926207859084, 0), (-0.06675358715505106, 0.06116839288766233, 0.07383726740308497, 1) )
                uniform token[] xformOpOrder = ["xformOp:transform"]
            }
        }

        def Xform "Leaf_o1_r1_i2" (
            prepend apiSchemas = ["PhysicsRigidBodyAPI", "PhysicsMassAPI", "PhysicsFilteredPairsAPI"]
        )
        {
            prepend rel physics:filteredPairs = </Plant_1/Stem/Internode_o1_r1>
            float physics:mass = 0.05

            def Cylinder "Petiole" (
                prepend apiSchemas = ["PhysicsCollisionAPI"]
            )
            {
                uniform token axis = "Z"
                double height = 0.025857493
                rel material:binding = </Plant_1/Materials/Leaf>
                double radius = 0.00223201585
                matrix4d xformOp:transform = ( (-0.6755902076156604, -0.737277336810124, 0, 0), (0.25216370040656594, -0.23106545963812644, 0.9396926207859084, 0), (-0.6928140728731603, 0.6348471327716558, 0.3420201433256687, 0), (-0.008957217519809615, 0.00820777764585658, 0.04530504873095123, 1) )
                uniform token[] xformOpOrder = ["xformOp:transform"]
            }

            def Cylinder "Rachis" (
                prepend apiSchemas = ["PhysicsCollisionAPI"]
            )
            {
                uniform token axis = "Z"
                double height = 0.06049388
                rel material:binding = </Plant_1/Materials/Leaf>
                double radius = 0.00133920951
                matrix4d xformOp:transform = ( (-0.6755902076156604, -0.737277336810124, 0, 0), (0.25216370040656594, -0.23106545963812644, 0.9396926207859084, 0), (-0.6928140728731603, 0.6348471327716558, 0.3420201433256687, 0), (-0.038869940732969344, 0.035617738425829465, 0.06007200321586537, 1) )
                uniform token[] xformOpOrder = ["xformOp:transform"]
            }

            def Cylinder "Petiolule_0" (
                prepend apiSchemas = ["PhysicsCollisionAPI"]
            )
            {
                uniform token axis = "Z"
                double height = 0.01
                rel material:binding = </Plant_1/Materials/Leaf>
                double radius = 0.00089280634
                matrix4d xformOp:transform = ( (0.16064560780738846, -0.9870121522515286, 0, 0), (0.21699097998550732, 0.035317344157287905, 0.9755345200486782, 0), (-0.9628644262289079, -0.1567153359103089, 0.2198463103929542, 0), (-0.02272875717076377, 0.015631978612161614, 0.050826172013867243, 1) )
                uniform token[] xformOpOrder = ["xformOp:transform"]
            }

            def Mesh "Blade_0" (
                prepend apiSchemas = ["PhysicsCollisionAPI", "PhysicsMeshCollisionAPI"]
            )
            {
                int[] faceVertexCounts = [3, 3, 3, 3, 3, 3, 3, 3, 3, 3, 3, 3, 3, 3]
                int[] faceVertexIndices = [0, 1, 2, 0, 2, 3, 0, 3, 4, 0, 4, 5, 0, 5, 6, 0, 6, 7, 0, 7, 8, 0, 8, 9, 0, 9, 10, 0, 10, 11, 0, 11, 12, 0, 12, 13, 0, 13, 14, 0, 14, 15]
                rel material:binding = </Plant_1/Materials/Leaf>
                uniform token physics:approximation = "convexHull"
                point3f[] points = [(0, 0, 0), (0.0031397392, 0.002972657, 0), (0.005549243, 0.005945314, 0), (0.00692087, 0.0089179715, 0), (0.007134377, 0.011890628, 0), (0.0062617394, 0.014863285, 0), (0.0045402898, 0.017835943, 0), (0.0023206766, 0.0208086, 0), (0, 0.023781257, 0), (-0.0023206766, 0.0208086, 0), (-0.0045402898, 0.017835943, 0), (-0.0062617394, 0.014863285, 0), (-0.007134377, 0.011890628, 0), (-0.00692087, 0.0089179715, 0), (-0.005549243, 0.005945314, 0), (-0.0031397392, 0.002972657, 0)]
                uniform token subdivisionScheme = "none"
                matrix4d xformOp:transform = ( (-0.16064560780738846, 0.9870121522515286, 0, 0), (-0.9628644262289079, -0.1567153359103089, 0.2198463103929542, 0), (0.21699097998550732, 0.035317344157287905, 0.9755345200486782, 0), (-0.02754307930190831, 0.01484840193261007, 0.051925403565832015, 1) )
                uniform token[] xformOpOrder = ["xformOp:transform"]
            }

            def Cylinder "Petiolule_1" (
                prepend apiSchemas = ["PhysicsCollisionAPI"]
            )
            {
                uniform token axis = "Z"
                double height = 0.01
                rel material:binding = </Plant_1/Materials/Leaf>
                double radius = 0.00089280634
                matrix4d xformOp:transform = ( (-0.9972574602926975, 0.07401052553899984, 0, 0), (-0.016270940969992622, -0.21924337315719755, 0.9755345200486782, 0), (0.07219982251023865, 0.9728590778916004, 0.2198463103929542, 0), (-0.017553435927068036, 0.02127985068117116, 0.050826172013867243, 1) )
                uniform token[] xformOpOrder = ["xformOp:transform"]
            }

            def Mesh "Blade_1" (
                prepend apiSchemas = ["PhysicsCollisionAPI", "PhysicsMeshCollisionAPI"]
            )
            {
                int[] faceVertexCounts = [3, 3, 3, 3, 3, 3, 3, 3, 3, 3, 3, 3, 3, 3]
                int[] faceVertexIndices = [0, 1, 2, 0, 2, 3, 0, 3, 4, 0, 4, 5, 0, 5, 6, 0, 6, 7, 0, 7, 8, 0, 8, 9, 0, 9, 10, 0, 10, 11, 0, 11, 12, 0, 12, 13, 0, 13, 14, 0, 14, 15]
                rel material:binding = </Plant_1/Materials/Leaf>
                uniform token physics:approximation = "convexHull"
                point3f[] points = [(0, 0, 0), (0.0031397392, 0.002972657, 0), (0.005549243, 0.005945314, 0), (0.00692087, 0.0089179715, 0), (0.007134377, 0.011890628, 0), (0.0062617394, 0.014863285, 0), (0.0045402898, 0.017835943, 0), (0.0023206766, 0.0208086, 0), (0, 0.023781257, 0), (-0.0023206766, 0.0208086, 0), (-0.0045402898, 0.017835943, 0), (-0.0062617394, 0.014863285, 0), (-0.007134377, 0.011890628, 0), (-0.00692087, 0.0089179715, 0), (-0.005549243, 0.005945314, 0), (-0.0031397392, 0.002972657, 0)]
                uniform token subdivisionScheme = "none"
                matrix4d xformOp:transform = ( (0.9972574602926975, -0.07401052553899984, 0, 0), (0.07219982251023865, 0.9728590778916004, 0.2198463103929542, 0), (-0.016270940969992622, -0.21924337315719755, 0.9755345200486782, 0), (-0.017192436814516845, 0.026144146070629162, 0.051925403565832015, 1) )
                uniform token[] xformOpOrder = ["xformOp:transform"]
            }

            def Cylinder "Petiolule_2" (
                prepend apiSchemas = ["PhysicsCollisionAPI"]
            )
            {
                uniform token axis = "Z"
                double height = 0.01
                rel material:binding = </Plant_1/Materials/Leaf>
                double radius = 0.00089280634
                matrix4d xformOp:transform = ( (0.16064560780738846, -0.9870121522515286, 0, 0), (0.21699097998550732, 0.035317344157287905, 0.9755345200486782, 0), (-0.9628644262289079, -0.1567153359103089, 0.2198463103929542, 0), (-0.048648417030320946, 0.03938297096140193, 0.0636218788668678, 1) )
                uniform token[] xformOpOrder = ["xformOp:transform"]
            }

            def Mesh "Blade_2" (
                prepend apiSchemas = ["PhysicsCollisionAPI", "PhysicsMeshCollisionAPI"]
            )
            {
                int[] faceVertexCounts = [3, 3, 3, 3, 3, 3, 3, 3, 3, 3, 3, 3, 3, 3]
                int[] faceVertexIndices = [0, 1, 2, 0, 2, 3, 0, 3, 4, 0, 4, 5, 0, 5, 6, 0, 6, 7, 0, 7, 8, 0, 8, 9, 0, 9, 10, 0, 10, 11, 0, 11, 12, 0, 12, 13, 0, 13, 14, 0, 14, 15]
                rel material:binding = </Plant_1/Materials/Leaf>
                uniform token physics:approximation = "convexHull"
                point3f[] points = [(0, 0, 0), (0.0031397392, 0.002972657, 0), (0.005549243, 0.005945314, 0), (0.00692087, 0.0089179715, 0), (0.007134377, 0.011890628, 0), (0.0062617394, 0.014863285, 0), (0.0045402898, 0.017835943, 0), (0.0023206766, 0.0208086, 0), (0, 0.023781257, 0), (-0.0023206766, 0.0208086, 0), (-0.0045402898, 0.017835943, 0), (-0.0062617394, 0.014863285, 0), (-0.007134377, 0.011890628, 0), (-0.00692087, 0.0089179715, 0), (-0.005549243, 0.005945314, 0), (-0.0031397392, 0.002972657, 0)]
                uniform token subdivisionScheme = "none"
                matrix4d xformOp:transform = ( (-0.16064560780738846, 0.9870121522515286, 0, 0), (-0.9628644262289079, -0.1567153359103089, 0.2198463103929542, 0), (0.21699097998550732, 0.035317344157287905, 0.9755345200486782, 0), (-0.05346273916146548, 0.03859939428185038, 0.06472111041883258, 1) )
                uniform token[] xformOpOrder = ["xformOp:transform"]
            }

            def Cylinder "Petiolule_3" (
                prepend apiSchemas = ["PhysicsCollisionAPI"]
            )
            {
                uniform token axis = "Z"
                double height = 0.01
                rel material:binding = </Plant_1/Materials/Leaf>
                double radius = 0.00089280634
                matrix4d xformOp:transform = ( (-0.9972574602926975, 0.07401052553899984, 0, 0), (-0.016270940969992622, -0.21924337315719755, 0.9755345200486782, 0), (0.07219982251023865, 0.9728590778916004, 0.2198463103929542, 0), (-0.04347309578662521, 0.04503084303041147, 0.0636218788668678, 1) )
                uniform token[] xformOpOrder = ["xformOp:transform"]
            }

            def Mesh "Blade_3" (
                prepend apiSchemas = ["PhysicsCollisionAPI", "PhysicsMeshCollisionAPI"]
            )
            {
                int[] faceVertexCounts = [3, 3, 3, 3, 3, 3, 3, 3, 3, 3, 3, 3, 3, 3]
                int[] faceVertexIndices = [0, 1, 2, 0, 2, 3, 0, 3, 4, 0, 4, 5, 0, 5, 6, 0, 6, 7, 0, 7, 8, 0, 8, 9, 0, 9, 10, 0, 10, 11, 0, 11, 12, 0, 12, 13, 0, 13, 14, 0, 14, 15]
                rel material:binding = </Plant_1/Materials/Leaf>
                uniform token physics:approximation = "convexHull"
                point3f[] points = [(0, 0, 0), (0.0031397392, 0.002972657, 0), (0.005549243, 0.005945314, 0), (0.00692087, 0.0089179715, 0), (0.007134377, 0.011890628, 0), (0.0062617394, 0.014863285, 0), (0.0045402898, 0.017835943, 0), (0.0023206766, 0.0208086, 0), (0, 0.023781257, 0), (-0.0023206766, 0.0208086, 0), (-0.0045402898, 0.017835943, 0), (-0.0062617394, 0.014863285, 0), (-0.007134377, 0.011890628, 0), (-0.00692087, 0.0089179715, 0), (-0.005549243, 0.005945314, 0), (-0.0031397392, 0.002972657, 0)]
                uniform token subdivisionScheme = "none"
                matrix4d xformOp:transform = ( (0.9972574602926975, -0.07401052553899984, 0, 0), (0.07219982251023865, 0.9728590778916004, 0.2198463103929542, 0), (-0.016270940969992622, -0.21924337315719755, 0.9755345200486782, 0), (-0.043112096674074014, 0.04989513841986947, 0.06472111041883258, 1) )
                uniform token[] xformOpOrder = ["xformOp:transform"]
            }

            def Cylinder "Petiolule_term" (
                prepend apiSchemas = ["PhysicsCollisionAPI"]
            )
            {
                uniform token axis = "Z"
                double height = 0.01
                rel material:binding = </Plant_1/Materials/Leaf>
                double radius = 0.00089280634
                matrix4d xformOp:transform = ( (-0.6755902076156604, -0.737277336810124, 0, 0), (0.25216370040656594, -0.23106545963812644, 0.9396926207859084, 0), (-0.6928140728731603, 0.6348471327716558, 0.3420201433256687, 0), (-0.06328951679068526, 0.05799415722380405, 0.07212716668645662, 1) )
                uniform token[] xformOpOrder = ["xformOp:transform"]
            }

            def Mesh "Blade_4" (
                prepend apiSchemas = ["PhysicsCollisionAPI", "PhysicsMeshCollisionAPI"]
            )
            {
                int[] faceVertexCounts = [3, 3, 3, 3, 3, 3, 3, 3, 3, 3, 3, 3, 3, 3]
                int[] faceVertexIndices = [0, 1, 2, 0, 2, 3, 0, 3, 4, 0, 4, 5, 0, 5, 6, 0, 6, 7, 0, 7, 8, 0, 8, 9, 0, 9, 10, 0, 10, 11, 0, 11, 12, 0, 12, 13, 0, 13, 14, 0, 14, 15]
                rel material:binding = </Plant_1/Materials/Leaf>
                uniform token physics:approximation = "convexHull"
                point3f[] points = [(0, 0, 0), (0.0031397392, 0.002972657, 0), (0.005549243, 0.005945314, 0), (0.00692087, 0.0089179715, 0), (0.007134377, 0.011890628, 0), (0.0062617394, 0.014863285, 0), (0.0045402898, 0.017835943, 0), (0.0023206766, 0.0208086, 0), (0, 0.023781257, 0), (-0.0023206766, 0.0208086, 0), (-0.0045402898, 0.017835943, 0), (-0.0062617394, 0.014863285, 0), (-0.007134377, 0.011890628, 0), (-0.00692087, 0.0089179715, 0), (-0.005549243, 0.005945314, 0), (-0.0031397392, 0.002972657, 0)]
                uniform token subdivisionScheme = "none"
                matrix4d xformOp:transform = ( (0.6755902076156604, 0.737277336810124, -0, 0), (-0.6928140728731603, 0.6348471327716558, 0.3420201433256687, 0), (0.25216370040656594, -0.23106545963812644, 0.9396926207859084, 0), (-0.06675358715505106, 0.06116839288766233, 0.07383726740308497, 1) )
                uniform token[] xformOpOrder = ["xformOp:transform"]
            }
        }

        def Xform "Leaf_o1_r1_i3" (
            prepend apiSchemas = ["PhysicsRigidBodyAPI", "PhysicsMassAPI", "PhysicsFilteredPairsAPI"]
        )
        {
            prepend rel physics:filteredPairs = </Plant_1/Stem/Internode_o1_r1>
            float physics:mass = 0.05

            def Cylinder "Petiole" (
                prepend apiSchemas = ["PhysicsCollisionAPI"]
            )
            {
                uniform token axis = "Z"
                double height = 0.025857493
                rel material:binding = </Plant_1/Materials/Leaf>
                double radius = 0.00223201585
                matrix4d xformOp:transform = ( (-0.6755902076156604, -0.737277336810124, 0, 0), (0.25216370040656594, -0.23106545963812644, 0.9396926207859084, 0), (-0.6928140728731603, 0.6348471327716558, 0.3420201433256687, 0), (-0.008957217519809615, 0.00820777764585658, 0.04530504873095123, 1) )
                uniform token[] xformOpOrder = ["xformOp:transform"]
            }

            def Cylinder "Rachis" (
                prepend apiSchemas = ["PhysicsCollisionAPI"]
            )
            {
                uniform token axis = "Z"
                double height = 0.06049388
                rel material:binding = </Plant_1/Materials/Leaf>
                double radius = 0.00133920951
                matrix4d xformOp:transform = ( (-0.6755902076156604, -0.737277336810124, 0, 0), (0.25216370040656594, -0.23106545963812644, 0.9396926207859084, 0), (-0.6928140728731603, 0.6348471327716558, 0.3420201433256687, 0), (-0.038869940732969344, 0.035617738425829465, 0.06007200321586537, 1) )
                uniform token[] xformOpOrder = ["xformOp:transform"]
            }

            def Cylinder "Petiolule_0" (
                prepend apiSchemas = ["PhysicsCollisionAPI"]
            )
            {
                uniform token axis = "Z"
                double height = 0.01
                rel material:binding = </Plant_1/Materials/Leaf>
                double radius = 0.00089280634
                matrix4d xformOp:transform = ( (0.16064560780738846, -0.9870121522515286, 0, 0), (0.21699097998550732, 0.035317344157287905, 0.9755345200486782, 0), (-0.9628644262289079, -0.1567153359103089, 0.2198463103929542, 0), (-0.02272875717076377, 0.015631978612161614, 0.050826172013867243, 1) )
                uniform token[] xformOpOrder = ["xformOp:transform"]
            }

            def Mesh "Blade_0" (
                prepend apiSchemas = ["PhysicsCollisionAPI", "PhysicsMeshCollisionAPI"]
            )
            {
                int[] faceVertexCounts = [3, 3, 3, 3, 3, 3, 3, 3, 3, 3, 3, 3, 3, 3]
                int[] faceVertexIndices = [0, 1, 2, 0, 2, 3, 0, 3, 4, 0, 4, 5, 0, 5, 6, 0, 6, 7, 0, 7, 8, 0, 8, 9, 0, 9, 10, 0, 10, 11, 0, 11, 12, 0, 12, 13, 0, 13, 14, 0, 14, 15]
                rel material:binding = </Plant_1/Materials/Leaf>
                uniform token physics:approximation = "convexHull"
                point3f[] points = [(0, 0, 0), (0.0031397392, 0.002972657, 0), (0.005549243, 0.005945314, 0), (0.00692087, 0.0089179715, 0), (0.007134377, 0.011890628, 0), (0.0062617394, 0.014863285, 0), (0.0045402898, 0.017835943, 0), (0.0023206766, 0.0208086, 0), (0, 0.023781257, 0), (-0.0023206766, 0.0208086, 0), (-0.0045402898, 0.017835943, 0), (-0.0062617394, 0.014863285, 0), (-0.007134377, 0.011890628, 0), (-0.00692087, 0.0089179715, 0), (-0.005549243, 0.005945314, 0), (-0.0031397392, 0.002972657, 0)]
                uniform token subdivisionScheme = "none"
                matrix4d xformOp:transform = ( (-0.16064560780738846, 0.9870121522515286, 0, 0), (-0.9628644262289079, -0.1567153359103089, 0.2198463103929542, 0), (0.21699097998550732, 0.035317344157287905, 0.9755345200486782, 0), (-0.02754307930190831, 0.01484840193261007, 0.051925403565832015, 1) )
                uniform token[] xformOpOrder = ["xformOp:transform"]
            }

            def Cylinder "Petiolule_1" (
                prepend apiSchemas = ["PhysicsCollisionAPI"]
            )
            {
                uniform token axis = "Z"
                double height = 0.01
                rel material:binding = </Plant_1/Materials/Leaf>
                double radius = 0.00089280634
                matrix4d xformOp:transform = ( (-0.9972574602926975, 0.07401052553899984, 0, 0), (-0.016270940969992622, -0.21924337315719755, 0.9755345200486782, 0), (0.07219982251023865, 0.9728590778916004, 0.2198463103929542, 0), (-0.017553435927068036, 0.02127985068117116, 0.050826172013867243, 1) )
                uniform token[] xformOpOrder = ["xformOp:transform"]
            }

            def Mesh "Blade_1" (
                prepend apiSchemas = ["PhysicsCollisionAPI", "PhysicsMeshCollisionAPI"]
            )
            {
                int[] faceVertexCounts = [3, 3, 3, 3, 3, 3, 3, 3, 3, 3, 3, 3, 3, 3]
                int[] faceVertexIndices = [0, 1, 2, 0, 2, 3, 0, 3, 4, 0, 4, 5, 0, 5, 6, 0, 6, 7, 0, 7, 8, 0, 8, 9, 0, 9, 10, 0, 10, 11, 0, 11, 12, 0, 12, 13, 0, 13, 14, 0, 14, 15]
                rel material:binding = </Plant_1/Materials/Leaf>
                uniform token physics:approximation = "convexHull"
                point3f[] points = [(0, 0, 0), (0.0031397392, 0.002972657, 0), (0.005549243, 0.005945314, 0), (0.00692087, 0.0089179715, 0), (0.007134377, 0.011890628, 0), (0.0062617394, 0.014863285, 0), (0.0045402898, 0.017835943, 0), (0.0023206766, 0.0208086, 0), (0, 0.023781257, 0), (-0.0023206766, 0.0208086, 0), (-0.0045402898, 0.017835943, 0), (-0.0062617394, 0.014863285, 0), (-0.007134377, 0.011890628, 0), (-0.00692087, 0.0089179715, 0), (-0.005549243, 0.005945314, 0), (-0.0031397392, 0.002972657, 0)]
                uniform token subdivisionScheme = "none"
                matrix4d xformOp:transform = ( (0.9972574602926975, -0.07401052553899984, 0, 0), (0.07219982251023865, 0.9728590778916004, 0.2198463103929542, 0), (-0.016270940969992622, -0.21924337315719755, 0.9755345200486782, 0), (-0.017192436814516845, 0.026144146070629162, 0.051925403565832015, 1) )
                uniform token[] xformOpOrder = ["xformOp:transform"]
            }

            def Cylinder "Petiolule_2" (
                prepend apiSchemas = ["PhysicsCollisionAPI"]
            )
            {
                uniform token axis = "Z"
                double height = 0.01
                rel material:binding = </Plant_1/Materials/Leaf>
                double radius = 0.00089280634
                matrix4d xformOp:transform = ( (0.16064560780738846, -0.9870121522515286, 0, 0), (0.21699097998550732, 0.035317344157287905, 0.9755345200486782, 0), (-0.9628644262289079, -0.1567153359103089, 0.2198463103929542, 0), (-0.048648417030320946, 0.03938297096140193, 0.0636218788668678, 1) )
                uniform token[] xformOpOrder = ["xformOp:transform"]
            }

            def Mesh "Blade_2" (
                prepend apiSchemas = ["PhysicsCollisionAPI", "PhysicsMeshCollisionAPI"]
            )
            {
                int[] faceVertexCounts = [3, 3, 3, 3, 3, 3, 3, 3, 3, 3, 3, 3, 3, 3]
                int[] faceVertexIndices = [0, 1, 2, 0, 2, 3, 0, 3, 4, 0, 4, 5, 0, 5, 6, 0, 6, 7, 0, 7, 8, 0, 8, 9, 0, 9, 10, 0, 10, 11, 0, 11, 12, 0, 12, 13, 0, 13, 14, 0, 14, 15]
                rel material:binding = </Plant_1/Materials/Leaf>
                uniform token physics:approximation = "convexHull"
                point3f[] points = [(0, 0, 0), (0.0031397392, 0.002972657, 0), (0.005549243, 0.005945314, 0), (0.00692087, 0.0089179715, 0), (0.007134377, 0.011890628, 0), (0.0062617394, 0.014863285, 0), (0.0045402898, 0.017835943, 0), (0.0023206766, 0.0208086, 0), (0, 0.023781257, 0), (-0.0023206766, 0.0208086, 0), (-0.0045402898, 0.017835943, 0), (-0.0062617394, 0.014863285, 0), (-0.007134377, 0.011890628, 0), (-0.00692087, 0.0089179715, 0), (-0.005549243, 0.005945314, 0), (-0.0031397392, 0.002972657, 0)]
                uniform token subdivisionScheme = "none"
                matrix4d xformOp:transform = ( (-0.16064560780738846, 0.9870121522515286, 0, 0), (-0.9628644262289079, -0.1567153359103089, 0.2198463103929542, 0), (0.21699097998550732, 0.035317344157287905, 0.9755345200486782, 0), (-0.05346273916146548, 0.03859939428185038, 0.06472111041883258, 1) )
                uniform token[] xformOpOrder = ["xformOp:transform"]
            }

            def Cylinder "Petiolule_3" (
                prepend apiSchemas = ["PhysicsCollisionAPI"]
            )
            {
                uniform token axis = "Z"
                double height = 0.01
                rel material:binding = </Plant_1/Materials/Leaf>
                double radius = 0.00089280634
                matrix4d xformOp:transform = ( (-0.9972574602926975, 0.07401052553899984, 0, 0), (-0.016270940969992622, -0.21924337315719755, 0.9755345200486782, 0), (0.07219982251023865, 0.9728590778916004, 0.2198463103929542, 0), (-0.04347309578662521, 0.04503084303041147, 0.0636218788668678, 1) )
                uniform token[] xformOpOrder = ["xformOp:transform"]
            }

            def Mesh "Blade_3" (
                prepend apiSchemas = ["PhysicsCollisionAPI", "PhysicsMeshCollisionAPI"]
            )
            {
                int[] faceVertexCounts = [3, 3, 3, 3, 3, 3, 3, 3, 3, 3, 3, 3, 3, 3]
                int[] faceVertexIndices = [0, 1, 2, 0, 2, 3, 0, 3, 4, 0, 4, 5, 0, 5, 6, 0, 6, 7, 0, 7, 8, 0, 8, 9, 0, 9, 10, 0, 10, 11, 0, 11, 12, 0, 12, 13, 0, 13, 14, 0, 14, 15]
                rel material:binding = </Plant_1/Materials/Leaf>
                uniform token physics:approximation = "convexHull"
                point3f[] points = [(0, 0, 0), (0.0031397392, 0.002972657, 0), (0.005549243, 0.005945314, 0), (0.00692087, 0.0089179715, 0), (0.007134377, 0.011890628, 0), (0.0062617394, 0.014863285, 0), (0.0045402898, 0.017835943, 0), (0.0023206766, 0.0208086, 0), (0, 0.023781257, 0), (-0.0023206766, 0.0208086, 0), (-0.0045402898, 0.017835943, 0), (-0.0062617394, 0.014863285, 0), (-0.007134377, 0.011890628, 0), (-0.00692087, 0.0089179715, 0), (-0.005549243, 0.005945314, 0), (-0.0031397392, 0.002972657, 0)]
                uniform token subdivisionScheme = "none"
                matrix4d xformOp:transform = ( (0.9972574602926975, -0.07401052553899984, 0, 0), (0.07219982251023865, 0.9728590778916004, 0.2198463103929542, 0), (-0.016270940969992622, -0.21924337315719755, 0.9755345200486782, 0), (-0.043112096674074014, 0.04989513841986947, 0.06472111041883258, 1) )
                uniform token[] xformOpOrder = ["xformOp:transform"]
            }

            def Cylinder "Petiolule_term" (
                prepend apiSchemas = ["PhysicsCollisionAPI"]
            )
            {
                uniform token axis = "Z"
                double height = 0.01
                rel material:binding = </Plant_1/Materials/Leaf>
                double radius = 0.00089280634
                matrix4d xformOp:transform = ( (-0.6755902076156604, -0.737277336810124, 0, 0), (0.25216370040656594, -0.23106545963812644, 0.9396926207859084, 0), (-0.6928140728731603, 0.6348471327716558, 0.3420201433256687, 0), (-0.06328951679068526, 0.05799415722380405, 0.07212716668645662, 1) )
                uniform token[] xformOpOrder = ["xformOp:transform"]
            }

            def Mesh "Blade_4" (
                prepend apiSchemas = ["PhysicsCollisionAPI", "PhysicsMeshCollisionAPI"]
            )
            {
                int[] faceVertexCounts = [3, 3, 3, 3, 3, 3, 3, 3, 3, 3, 3, 3, 3, 3]
                int[] faceVertexIndices = [0, 1, 2, 0, 2, 3, 0, 3, 4, 0, 4, 5, 0, 5, 6, 0, 6, 7, 0, 7, 8, 0, 8, 9, 0, 9, 10, 0, 10, 11, 0, 11, 12, 0, 12, 13, 0, 13, 14, 0, 14, 15]
                rel material:binding = </Plant_1/Materials/Leaf>
                uniform token physics:approximation = "convexHull"
                point3f[] points = [(0, 0, 0), (0.0031397392, 0.002972657, 0), (0.005549243, 0.005945314, 0), (0.00692087, 0.0089179715, 0), (0.007134377, 0.011890628, 0), (0.0062617394, 0.014863285, 0), (0.0045402898, 0.017835943, 0), (0.0023206766, 0.0208086, 0), (0, 0.023781257, 0), (-0.0023206766, 0.0208086, 0), (-0.0045402898, 0.017835943, 0), (-0.0062617394, 0.014863285, 0), (-0.007134377, 0.011890628, 0), (-0.00692087, 0.0089179715, 0), (-0.005549243, 0.005945314, 0), (-0.0031397392, 0.002972657, 0)]
                uniform token subdivisionScheme = "none"
                matrix4d xformOp:transform = ( (0.6755902076156604, 0.737277336810124, -0, 0), (-0.6928140728731603, 0.6348471327716558, 0.3420201433256687, 0), (0.25216370040656594, -0.23106545963812644, 0.9396926207859084, 0), (-0.06675358715505106, 0.06116839288766233, 0.07383726740308497, 1) )
                uniform token[] xformOpOrder = ["xformOp:transform"]
            }
        }

        def Xform "Leaf_o0_r6_i0" (
            prepend apiSchemas = ["PhysicsRigidBodyAPI", "PhysicsMassAPI", "PhysicsFilteredPairsAPI"]
        )
        {
            prepend rel physics:filteredPairs = </Plant_1/Stem/Internode_o0_r6>
            float physics:mass = 0.05

            def Cylinder "Petiole" (
                prepend apiSchemas = ["PhysicsCollisionAPI"]
            )
            {
                uniform token axis = "Z"
                double height = 0.034188073
                rel material:binding = </Plant_1/Materials/Leaf>
                double radius = 0.00279345225
                matrix4d xformOp:transform = ( (-0.9659258262890683, -0.25881904510252085, 0, 0), (0.0885213269013769, -0.33036608954935215, 0.9396926207859085, 0), (-0.24321034680169407, 0.9076733711903687, 0.3420201433256687, 0), (-0.004157446545405816, 0.015515801737206212, 0.1319192828137442, 1) )
                uniform token[] xformOpOrder = ["xformOp:transform"]
            }

            def Cylinder "Rachis" (
                prepend apiSchemas = ["PhysicsCollisionAPI"]
            )
            {
                uniform token axis = "Z"
                double height = 0.14086036
                rel material:binding = </Plant_1/Materials/Leaf>
                double radius = 0.00167607135
                matrix4d xformOp:transform = ( (-0.9659258262890683, -0.25881904510252085, 0, 0), (0.0885213269013769, -0.33036608954935215, 0.9396926207859085, 0), (-0.24321034680169407, 0.9076733711903687, 0.3420201433256687, 0), (-0.02544424159391737, 0.0949592023885569, 0.16185432788554108, 1) )
                uniform token[] xformOpOrder = ["xformOp:transform"]
            }

            def Cylinder "Petiolule_0" (
                prepend apiSchemas = ["PhysicsCollisionAPI"]
            )
            {
                uniform token axis = "Z"
                double height = 0.01
                rel material:binding = </Plant_1/Materials/Leaf>
                double radius = 0.0011173809
                matrix4d xformOp:transform = ( (-0.3948341114061387, -0.9187524282798522, 0, 0), (0.20198433152189277, -0.08680282260992023, 0.9755345200486782, 0), (-0.8962747091655432, 0.38517430536943387, 0.2198463103929542, 0), (-0.01279626663663935, 0.0329574750012596, 0.13886501917945318, 1) )
                uniform token[] xformOpOrder = ["xformOp:transform"]
            }

            def Mesh "Blade_0" (
                prepend apiSchemas = ["PhysicsCollisionAPI", "PhysicsMeshCollisionAPI"]
            )
            {
                int[] faceVertexCounts = [3, 3, 3, 3, 3, 3, 3, 3, 3, 3, 3, 3, 3, 3]
                int[] faceVertexIndices = [0, 1, 2, 0, 2, 3, 0, 3, 4, 0, 4, 5, 0, 5, 6, 0, 6, 7, 0, 7, 8, 0, 8, 9, 0, 9, 10, 0, 10, 11, 0, 11, 12, 0, 12, 13, 0, 13, 14, 0, 14, 15]
                rel material:binding = </Plant_1/Materials/Leaf>
                uniform token physics:approximation = "convexHull"
                point3f[] points = [(0, 0, 0), (0.0058886027, 0.005575239, 0), (0.010407644, 0.011150478, 0), (0.012980141, 0.016725717, 0), (0.013380574, 0.022300957, 0), (0.011743937, 0.027876196, 0), (0.008515345, 0.033451434, 0), (0.0043524452, 0.039026674, 0), (0, 0.044601914, 0), (-0.0043524452, 0.039026674, 0), (-0.008515345, 0.033451434, 0), (-0.011743937, 0.027876196, 0), (-0.013380574, 0.022300957, 0), (-0.012980141, 0.016725717, 0), (-0.010407644, 0.011150478, 0), (-0.0058886027, 0.005575239, 0)]
                uniform token subdivisionScheme = "none"
                matrix4d xformOp:transform = ( (0.3948341114061387, 0.9187524282798522, -0, 0), (-0.8962747091655432, 0.38517430536943387, 0.2198463103929542, 0), (0.20198433152189277, -0.08680282260992023, 0.9755345200486782, 0), (-0.017277640182467066, 0.03488334652810676, 0.13996425073141797, 1) )
                uniform token[] xformOpOrder = ["xformOp:transform"]
            }

            def Cylinder "Petiolule_1" (
                prepend apiSchemas = ["PhysicsCollisionAPI"]
            )
            {
                uniform token axis = "Z"
                double height = 0.01
                rel material:binding = </Plant_1/Materials/Leaf>
                double radius = 0.0011173809
                matrix4d xformOp:transform = ( (-0.8013125848982975, 0.5982458869759231, 0, 0), (-0.13152215095941697, -0.17616561526133157, 0.9755345200486782, 0), (0.5836095142221529, 0.7817080879177263, 0.2198463103929542, 0), (-0.005396845519700868, 0.034940143914001055, 0.13886501917945318, 1) )
                uniform token[] xformOpOrder = ["xformOp:transform"]
            }

            def Mesh "Blade_1" (
                prepend apiSchemas = ["PhysicsCollisionAPI", "PhysicsMeshCollisionAPI"]
            )
            {
                int[] faceVertexCounts = [3, 3, 3, 3, 3, 3, 3, 3, 3, 3, 3, 3, 3, 3]
                int[] faceVertexIndices = [0, 1, 2, 0, 2, 3, 0, 3, 4, 0, 4, 5, 0, 5, 6, 0, 6, 7, 0, 7, 8, 0, 8, 9, 0, 9, 10, 0, 10, 11, 0, 11, 12, 0, 12, 13, 0, 13, 14, 0, 14, 15]
                rel material:binding = </Plant_1/Materials/Leaf>
                uniform token physics:approximation = "convexHull"
                point3f[] points = [(0, 0, 0), (0.0058886027, 0.005575239, 0), (0.010407644, 0.011150478, 0), (0.012980141, 0.016725717, 0), (0.013380574, 0.022300957, 0), (0.011743937, 0.027876196, 0), (0.008515345, 0.033451434, 0), (0.0043524452, 0.039026674, 0), (0, 0.044601914, 0), (-0.0043524452, 0.039026674, 0), (-0.008515345, 0.033451434, 0), (-0.011743937, 0.027876196, 0), (-0.013380574, 0.022300957, 0), (-0.012980141, 0.016725717, 0), (-0.010407644, 0.011150478, 0), (-0.0058886027, 0.005575239, 0)]
                uniform token subdivisionScheme = "none"
                matrix4d xformOp:transform = ( (0.8013125848982975, -0.5982458869759231, 0, 0), (0.5836095142221529, 0.7817080879177263, 0.2198463103929542, 0), (-0.13152215095941697, -0.17616561526133157, 0.9755345200486782, 0), (-0.0024787979485901036, 0.03884868435358969, 0.13996425073141797, 1) )
                uniform token[] xformOpOrder = ["xformOp:transform"]
            }

            def Cylinder "Petiolule_2" (
                prepend apiSchemas = ["PhysicsCollisionAPI"]
            )
            {
                uniform token axis = "Z"
                double height = 0.01
                rel material:binding = </Plant_1/Materials/Leaf>
                double radius = 0.0011173809
                matrix4d xformOp:transform = ( (-0.3948341114061387, -0.9187524282798522, 0, 0), (0.20198433152189277, -0.08680282260992023, 0.9755345200486782, 0), (-0.8962747091655432, 0.38517430536943387, 0.2198463103929542, 0), (-0.024677561473871432, 0.07729907099351552, 0.1555733632797887, 1) )
                uniform token[] xformOpOrder = ["xformOp:transform"]
            }

            def Mesh "Blade_2" (
                prepend apiSchemas = ["PhysicsCollisionAPI", "PhysicsMeshCollisionAPI"]
            )
            {
                int[] faceVertexCounts = [3, 3, 3, 3, 3, 3, 3, 3, 3, 3, 3, 3, 3, 3]
                int[] faceVertexIndices = [0, 1, 2, 0, 2, 3, 0, 3, 4, 0, 4, 5, 0, 5, 6, 0, 6, 7, 0, 7, 8, 0, 8, 9, 0, 9, 10, 0, 10, 11, 0, 11, 12, 0, 12, 13, 0, 13, 14, 0, 14, 15]
                rel material:binding = </Plant_1/Materials/Leaf>
                uniform token physics:approximation = "convexHull"
                point3f[] points = [(0, 0, 0), (0.0058886027, 0.005575239, 0), (0.010407644, 0.011150478, 0), (0.012980141, 0.016725717, 0), (0.013380574, 0.022300957, 0), (0.011743937, 0.027876196, 0), (0.008515345, 0.033451434, 0), (0.0043524452, 0.039026674, 0), (0, 0.044601914, 0), (-0.0043524452, 0.039026674, 0), (-0.008515345, 0.033451434, 0), (-0.011743937, 0.027876196, 0), (-0.013380574, 0.022300957, 0), (-0.012980141, 0.016725717, 0), (-0.010407644, 0.011150478, 0), (-0.0058886027, 0.005575239, 0)]
                uniform token subdivisionScheme = "none"
                matrix4d xformOp:transform = ( (0.3948341114061387, 0.9187524282798522, -0, 0), (-0.8962747091655432, 0.38517430536943387, 0.2198463103929542, 0), (0.20198433152189277, -0.08680282260992023, 0.9755345200486782, 0), (-0.02915893501969915, 0.07922494252036269, 0.1566725948317535, 1) )
                uniform token[] xformOpOrder = ["xformOp:transform"]
            }

            def Cylinder "Petiolule_3" (
                prepend apiSchemas = ["PhysicsCollisionAPI"]
            )
            {
                uniform token axis = "Z"
                double height = 0.01
                rel material:binding = </Plant_1/Materials/Leaf>
                double radius = 0.0011173809
                matrix4d xformOp:transform = ( (-0.8013125848982975, 0.5982458869759231, 0, 0), (-0.13152215095941697, -0.17616561526133157, 0.9755345200486782, 0), (0.5836095142221529, 0.7817080879177263, 0.2198463103929542, 0), (-0.017278140356932953, 0.07928173990625698, 0.1555733632797887, 1) )
                uniform token[] xformOpOrder = ["xformOp:transform"]
            }

            def Mesh "Blade_3" (
                prepend apiSchemas = ["PhysicsCollisionAPI", "PhysicsMeshCollisionAPI"]
            )
            {
                int[] faceVertexCounts = [3, 3, 3, 3, 3, 3, 3, 3, 3, 3, 3, 3, 3, 3]
                int[] faceVertexIndices = [0, 1, 2, 0, 2, 3, 0, 3, 4, 0, 4, 5, 0, 5, 6, 0, 6, 7, 0, 7, 8, 0, 8, 9, 0, 9, 10, 0, 10, 11, 0, 11, 12, 0, 12, 13, 0, 13, 14, 0, 14, 15]
                rel material:binding = </Plant_1/Materials/Leaf>
                uniform token physics:approximation = "convexHull"
                point3f[] points = [(0, 0, 0), (0.0058886027, 0.005575239, 0), (0.010407644, 0.011150478, 0), (0.012980141, 0.016725717, 0), (0.013380574, 0.022300957, 0), (0.011743937, 0.027876196, 0), (0.008515345, 0.033451434, 0), (0.0043524452, 0.039026674, 0), (0, 0.044601914, 0), (-0.0043524452, 0.039026674, 0), (-0.008515345, 0.033451434, 0), (-0.011743937, 0.027876196, 0), (-0.013380574, 0.022300957, 0), (-0.012980141, 0.016725717, 0), (-0.010407644, 0.011150478, 0), (-0.0058886027, 0.005575239, 0)]
                uniform token subdivisionScheme = "none"
                matrix4d xformOp:transform = ( (0.8013125848982975, -0.5982458869759231, 0, 0), (0.5836095142221529, 0.7817080879177263, 0.2198463103929542, 0), (-0.13152215095941697, -0.17616561526133157, 0.9755345200486782, 0), (-0.014360092785822186, 0.08319028034584561, 0.1566725948317535, 1) )
                uniform token[] xformOpOrder = ["xformOp:transform"]
            }

            def Cylinder "Petiolule_4" (
                prepend apiSchemas = ["PhysicsCollisionAPI"]
            )
            {
                uniform token axis = "Z"
                double height = 0.01
                rel material:binding = </Plant_1/Materials/Leaf>
                double radius = 0.0011173809
                matrix4d xformOp:transform = ( (-0.3948341114061387, -0.9187524282798522, 0, 0), (0.20198433152189277, -0.08680282260992023, 0.9755345200486782, 0), (-0.8962747091655432, 0.38517430536943387, 0.2198463103929542, 0), (-0.03655885631110351, 0.12164066698577142, 0.17228170738012424, 1) )
                uniform token[] xformOpOrder = ["xformOp:transform"]
            }

            def Mesh "Blade_4" (
                prepend apiSchemas = ["PhysicsCollisionAPI", "PhysicsMeshCollisionAPI"]
            )
            {
                int[] faceVertexCounts = [3, 3, 3, 3, 3, 3, 3, 3, 3, 3, 3, 3, 3, 3]
                int[] faceVertexIndices = [0, 1, 2, 0, 2, 3, 0, 3, 4, 0, 4, 5, 0, 5, 6, 0, 6, 7, 0, 7, 8, 0, 8, 9, 0, 9, 10, 0, 10, 11, 0, 11, 12, 0, 12, 13, 0, 13, 14, 0, 14, 15]
                rel material:binding = </Plant_1/Materials/Leaf>
                uniform token physics:approximation = "convexHull"
                point3f[] points = [(0, 0, 0), (0.0058886027, 0.005575239, 0), (0.010407644, 0.011150478, 0), (0.012980141, 0.016725717, 0), (0.013380574, 0.022300957, 0), (0.011743937, 0.027876196, 0), (0.008515345, 0.033451434, 0), (0.0043524452, 0.039026674, 0), (0, 0.044601914, 0), (-0.0043524452, 0.039026674, 0), (-0.008515345, 0.033451434, 0), (-0.011743937, 0.027876196, 0), (-0.013380574, 0.022300957, 0), (-0.012980141, 0.016725717, 0), (-0.010407644, 0.011150478, 0), (-0.0058886027, 0.005575239, 0)]
                uniform token subdivisionScheme = "none"
                matrix4d xformOp:transform = ( (0.3948341114061387, 0.9187524282798522, -0, 0), (-0.8962747091655432, 0.38517430536943387, 0.2198463103929542, 0), (0.20198433152189277, -0.08680282260992023, 0.9755345200486782, 0), (-0.04104022985693123, 0.12356653851261859, 0.17338093893208903, 1) )
                uniform token[] xformOpOrder = ["xformOp:transform"]
            }

            def Cylinder "Petiolule_5" (
                prepend apiSchemas = ["PhysicsCollisionAPI"]
            )
            {
                uniform token axis = "Z"
                double height = 0.01
                rel material:binding = </Plant_1/Materials/Leaf>
                double radius = 0.0011173809
                matrix4d xformOp:transform = ( (-0.8013125848982975, 0.5982458869759231, 0, 0), (-0.13152215095941697, -0.17616561526133157, 0.9755345200486782, 0), (0.5836095142221529, 0.7817080879177263, 0.2198463103929542, 0), (-0.029159435194165036, 0.12362333589851288, 0.17228170738012424, 1) )
                uniform token[] xformOpOrder = ["xformOp:transform"]
            }

            def Mesh "Blade_5" (
                prepend apiSchemas = ["PhysicsCollisionAPI", "PhysicsMeshCollisionAPI"]
            )
            {
                int[] faceVertexCounts = [3, 3, 3, 3, 3, 3, 3, 3, 3, 3, 3, 3, 3, 3]
                int[] faceVertexIndices = [0, 1, 2, 0, 2, 3, 0, 3, 4, 0, 4, 5, 0, 5, 6, 0, 6, 7, 0, 7, 8, 0, 8, 9, 0, 9, 10, 0, 10, 11, 0, 11, 12, 0, 12, 13, 0, 13, 14, 0, 14, 15]
                rel material:binding = </Plant_1/Materials/Leaf>
                uniform token physics:approximation = "convexHull"
                point3f[] points = [(0, 0, 0), (0.0058886027, 0.005575239, 0), (0.010407644, 0.011150478, 0), (0.012980141, 0.016725717, 0), (0.013380574, 0.022300957, 0), (0.011743937, 0.027876196, 0), (0.008515345, 0.033451434, 0), (0.0043524452, 0.039026674, 0), (0, 0.044601914, 0), (-0.0043524452, 0.039026674, 0), (-0.008515345, 0.033451434, 0), (-0.011743937, 0.027876196, 0), (-0.013380574, 0.022300957, 0), (-0.012980141, 0.016725717, 0), (-0.010407644, 0.011150478, 0), (-0.0058886027, 0.005575239, 0)]
                uniform token subdivisionScheme = "none"
                matrix4d xformOp:transform = ( (0.8013125848982975, -0.5982458869759231, 0, 0), (0.5836095142221529, 0.7817080879177263, 0.2198463103929542, 0), (-0.13152215095941697, -0.17616561526133157, 0.9755345200486782, 0), (-0.02624138762305427, 0.1275318763381015, 0.17338093893208903, 1) )
                uniform token[] xformOpOrder = ["xformOp:transform"]
            }

            def Cylinder "Petiolule_term" (
                prepend apiSchemas = ["PhysicsCollisionAPI"]
            )
            {
                uniform token axis = "Z"
                double height = 0.01
                rel material:binding = </Plant_1/Materials/Leaf>
                double radius = 0.0011173809
                matrix4d xformOp:transform = ( (-0.9659258262890683, -0.25881904510252085, 0, 0), (0.0885213269013769, -0.33036608954935215, 0.9396926207859085, 0), (-0.24321034680169407, 0.9076733711903687, 0.3420201433256687, 0), (-0.043789641831031574, 0.16342516815865324, 0.18765296886022204, 1) )
                uniform token[] xformOpOrder = ["xformOp:transform"]
            }

            def Mesh "Blade_6" (
                prepend apiSchemas = ["PhysicsCollisionAPI", "PhysicsMeshCollisionAPI"]
            )
            {
                int[] faceVertexCounts = [3, 3, 3, 3, 3, 3, 3, 3, 3, 3, 3, 3, 3, 3]
                int[] faceVertexIndices = [0, 1, 2, 0, 2, 3, 0, 3, 4, 0, 4, 5, 0, 5, 6, 0, 6, 7, 0, 7, 8, 0, 8, 9, 0, 9, 10, 0, 10, 11, 0, 11, 12, 0, 12, 13, 0, 13, 14, 0, 14, 15]
                rel material:binding = </Plant_1/Materials/Leaf>
                uniform token physics:approximation = "convexHull"
                point3f[] points = [(0, 0, 0), (0.005889633, 0.0055762148, 0), (0.010409465, 0.0111524295, 0), (0.012982412, 0.016728645, 0), (0.013382915, 0.022304859, 0), (0.011745992, 0.027881075, 0), (0.008516835, 0.03345729, 0), (0.004353207, 0.039033502, 0), (0, 0.044609718, 0), (-0.004353207, 0.039033502, 0), (-0.008516835, 0.03345729, 0), (-0.011745992, 0.027881075, 0), (-0.013382915, 0.022304859, 0), (-0.012982412, 0.016728645, 0), (-0.010409465, 0.0111524295, 0), (-0.005889633, 0.0055762148, 0)]
                uniform token subdivisionScheme = "none"
                matrix4d xformOp:transform = ( (0.9659258262890683, 0.25881904510252085, -0, 0), (-0.24321034680169407, 0.9076733711903687, 0.3420201433256687, 0), (0.0885213269013769, -0.33036608954935215, 0.9396926207859085, 0), (-0.04500569356504005, 0.16796353501460506, 0.1893630695768504, 1) )
                uniform token[] xformOpOrder = ["xformOp:transform"]
            }
        }

        def Xform "Leaf_o0_r5_i0" (
            prepend apiSchemas = ["PhysicsRigidBodyAPI", "PhysicsMassAPI", "PhysicsFilteredPairsAPI"]
        )
        {
            prepend rel physics:filteredPairs = </Plant_1/Stem/Internode_o0_r5>
            float physics:mass = 0.05

            def Cylinder "Petiole" (
                prepend apiSchemas = ["PhysicsCollisionAPI"]
            )
            {
                uniform token axis = "Z"
                double height = 0.034185283
                rel material:binding = </Plant_1/Materials/Leaf>
                double radius = 0.00279326925
                matrix4d xformOp:transform = ( (0.5372996083468242, 0.8433914458128855, -0, 0), (-0.28845686317656605, 0.1837672890556065, 0.9396926207859086, 0), (0.7925287180643269, -0.5048964771146695, 0.3420201433256687, 0), (0.013546409256328112, -0.008630014477933998, 0.09318806869564426, 1) )
                uniform token[] xformOpOrder = ["xformOp:transform"]
            }

            def Cylinder "Rachis" (
                prepend apiSchemas = ["PhysicsCollisionAPI"]
            )
            {
                uniform token axis = "Z"
                double height = 0.14084336
                rel material:binding = </Plant_1/Materials/Leaf>
                double radius = 0.0016759615499999999
                matrix4d xformOp:transform = ( (0.5372996083468242, 0.8433914458128855, -0, 0), (-0.28845686317656605, 0.1837672890556065, 0.9396926207859086, 0), (0.7925287180643269, -0.5048964771146695, 0.3420201433256687, 0), (0.08290402228699248, -0.05281568710036458, 0.12311972947812293, 1) )
                uniform token[] xformOpOrder = ["xformOp:transform"]
            }

            def Cylinder "Petiolule_0" (
                prepend apiSchemas = ["PhysicsCollisionAPI"]
            )
            {
                uniform token axis = "Z"
                double height = 0.01
                rel material:binding = </Plant_1/Materials/Leaf>
                double radius = 0.0011173077000000001
                matrix4d xformOp:transform = ( (-0.3295979016296671, 0.944121402808622, 0, 0), (-0.20756160697049564, -0.07246088258654218, 0.9755345200486782, 0), (0.9210230195565939, 0.32153413077534876, 0.2198463103929542, 0), (0.0316979336104392, -0.015652358301991253, 0.10013332794325332, 1) )
                uniform token[] xformOpOrder = ["xformOp:transform"]
            }

            def Mesh "Blade_0" (
                prepend apiSchemas = ["PhysicsCollisionAPI", "PhysicsMeshCollisionAPI"]
            )
            {
                int[] faceVertexCounts = [3, 3, 3, 3, 3, 3, 3, 3, 3, 3, 3, 3, 3, 3]
                int[] faceVertexIndices = [0, 1, 2, 0, 2, 3, 0, 3, 4, 0, 4, 5, 0, 5, 6, 0, 6, 7, 0, 7, 8, 0, 8, 9, 0, 9, 10, 0, 10, 11, 0, 11, 12, 0, 12, 13, 0, 13, 14, 0, 14, 15]
                rel material:binding = </Plant_1/Materials/Leaf>
                uniform token physics:approximation = "convexHull"
                point3f[] points = [(0, 0, 0), (0.0058872304, 0.00557394, 0), (0.010405218, 0.01114788, 0), (0.012977116, 0.01672182, 0), (0.013377456, 0.02229576, 0), (0.0117411995, 0.0278697, 0), (0.00851336, 0.03344364, 0), (0.004351431, 0.03901758, 0), (0, 0.04459152, 0), (-0.004351431, 0.03901758, 0), (-0.00851336, 0.03344364, 0), (-0.0117411995, 0.0278697, 0), (-0.013377456, 0.02229576, 0), (-0.012977116, 0.01672182, 0), (-0.010405218, 0.01114788, 0), (-0.0058872304, 0.00557394, 0)]
                uniform token subdivisionScheme = "none"
                matrix4d xformOp:transform = ( (0.3295979016296671, -0.944121402808622, 0, 0), (0.9210230195565939, 0.32153413077534876, 0.2198463103929542, 0), (-0.20756160697049564, -0.07246088258654218, 0.9755345200486782, 0), (0.036303048708222166, -0.014044687648114508, 0.10123255949521809, 1) )
                uniform token[] xformOpOrder = ["xformOp:transform"]
            }

            def Cylinder "Petiolule_1" (
                prepend apiSchemas = ["PhysicsCollisionAPI"]
            )
            {
                uniform token axis = "Z"
                double height = 0.01
                rel material:binding = </Plant_1/Materials/Leaf>
                double radius = 0.0011173077000000001
                matrix4d xformOp:transform = ( (0.9949586715335319, 0.10028580128926272, -0, 0), (-0.022047463398245377, 0.2187379929301222, 0.9755345200486784, 0), (0.09783226102841802, -0.9706165301027345, 0.2198463103929542, 0), (0.027581979817798315, -0.02211311160638167, 0.10013332794325332, 1) )
                uniform token[] xformOpOrder = ["xformOp:transform"]
            }

            def Mesh "Blade_1" (
                prepend apiSchemas = ["PhysicsCollisionAPI", "PhysicsMeshCollisionAPI"]
            )
            {
                int[] faceVertexCounts = [3, 3, 3, 3, 3, 3, 3, 3, 3, 3, 3, 3, 3, 3]
                int[] faceVertexIndices = [0, 1, 2, 0, 2, 3, 0, 3, 4, 0, 4, 5, 0, 5, 6, 0, 6, 7, 0, 7, 8, 0, 8, 9, 0, 9, 10, 0, 10, 11, 0, 11, 12, 0, 12, 13, 0, 13, 14, 0, 14, 15]
                rel material:binding = </Plant_1/Materials/Leaf>
                uniform token physics:approximation = "convexHull"
                point3f[] points = [(0, 0, 0), (0.0058872304, 0.00557394, 0), (0.010405218, 0.01114788, 0), (0.012977116, 0.01672182, 0), (0.013377456, 0.02229576, 0), (0.0117411995, 0.0278697, 0), (0.00851336, 0.03344364, 0), (0.004351431, 0.03901758, 0), (0, 0.04459152, 0), (-0.004351431, 0.03901758, 0), (-0.00851336, 0.03344364, 0), (-0.0117411995, 0.0278697, 0), (-0.013377456, 0.02229576, 0), (-0.012977116, 0.01672182, 0), (-0.010405218, 0.01114788, 0), (-0.0058872304, 0.00557394, 0)]
                uniform token subdivisionScheme = "none"
                matrix4d xformOp:transform = ( (-0.9949586715335319, -0.10028580128926272, 0, 0), (0.09783226102841802, -0.9706165301027345, 0.2198463103929542, 0), (-0.022047463398245377, 0.2187379929301222, 0.9755345200486784, 0), (0.028071141122940405, -0.02696619425689534, 0.10123255949521809, 1) )
                uniform token[] xformOpOrder = ["xformOp:transform"]
            }

            def Cylinder "Petiolule_2" (
                prepend apiSchemas = ["PhysicsCollisionAPI"]
            )
            {
                uniform token axis = "Z"
                double height = 0.01
                rel material:binding = </Plant_1/Materials/Leaf>
                double radius = 0.0011173077000000001
                matrix4d xformOp:transform = ( (-0.3295979016296671, 0.944121402808622, 0, 0), (-0.20756160697049564, -0.07246088258654218, 0.9755345200486782, 0), (0.9210230195565939, 0.32153413077534876, 0.2198463103929542, 0), (0.07040914704716152, -0.0403141211422985, 0.11683936580176241, 1) )
                uniform token[] xformOpOrder = ["xformOp:transform"]
            }

            def Mesh "Blade_2" (
                prepend apiSchemas = ["PhysicsCollisionAPI", "PhysicsMeshCollisionAPI"]
            )
            {
                int[] faceVertexCounts = [3, 3, 3, 3, 3, 3, 3, 3, 3, 3, 3, 3, 3, 3]
                int[] faceVertexIndices = [0, 1, 2, 0, 2, 3, 0, 3, 4, 0, 4, 5, 0, 5, 6, 0, 6, 7, 0, 7, 8, 0, 8, 9, 0, 9, 10, 0, 10, 11, 0, 11, 12, 0, 12, 13, 0, 13, 14, 0, 14, 15]
                rel material:binding = </Plant_1/Materials/Leaf>
                uniform token physics:approximation = "convexHull"
                point3f[] points = [(0, 0, 0), (0.0058872304, 0.00557394, 0), (0.010405218, 0.01114788, 0), (0.012977116, 0.01672182, 0), (0.013377456, 0.02229576, 0), (0.0117411995, 0.0278697, 0), (0.00851336, 0.03344364, 0), (0.004351431, 0.03901758, 0), (0, 0.04459152, 0), (-0.004351431, 0.03901758, 0), (-0.00851336, 0.03344364, 0), (-0.0117411995, 0.0278697, 0), (-0.013377456, 0.02229576, 0), (-0.012977116, 0.01672182, 0), (-0.010405218, 0.01114788, 0), (-0.0058872304, 0.00557394, 0)]
                uniform token subdivisionScheme = "none"
                matrix4d xformOp:transform = ( (0.3295979016296671, -0.944121402808622, 0, 0), (0.9210230195565939, 0.32153413077534876, 0.2198463103929542, 0), (-0.20756160697049564, -0.07246088258654218, 0.9755345200486782, 0), (0.07501426214494449, -0.03870645048842176, 0.11793859735372718, 1) )
                uniform token[] xformOpOrder = ["xformOp:transform"]
            }

            def Cylinder "Petiolule_3" (
                prepend apiSchemas = ["PhysicsCollisionAPI"]
            )
            {
                uniform token axis = "Z"
                double height = 0.01
                rel material:binding = </Plant_1/Materials/Leaf>
                double radius = 0.0011173077000000001
                matrix4d xformOp:transform = ( (0.9949586715335319, 0.10028580128926272, -0, 0), (-0.022047463398245377, 0.2187379929301222, 0.9755345200486784, 0), (0.09783226102841802, -0.9706165301027345, 0.2198463103929542, 0), (0.06629319325452064, -0.046774874446688916, 0.11683936580176241, 1) )
                uniform token[] xformOpOrder = ["xformOp:transform"]
            }

            def Mesh "Blade_3" (
                prepend apiSchemas = ["PhysicsCollisionAPI", "PhysicsMeshCollisionAPI"]
            )
            {
                int[] faceVertexCounts = [3, 3, 3, 3, 3, 3, 3, 3, 3, 3, 3, 3, 3, 3]
                int[] faceVertexIndices = [0, 1, 2, 0, 2, 3, 0, 3, 4, 0, 4, 5, 0, 5, 6, 0, 6, 7, 0, 7, 8, 0, 8, 9, 0, 9, 10, 0, 10, 11, 0, 11, 12, 0, 12, 13, 0, 13, 14, 0, 14, 15]
                rel material:binding = </Plant_1/Materials/Leaf>
                uniform token physics:approximation = "convexHull"
                point3f[] points = [(0, 0, 0), (0.0058872304, 0.00557394, 0), (0.010405218, 0.01114788, 0), (0.012977116, 0.01672182, 0), (0.013377456, 0.02229576, 0), (0.0117411995, 0.0278697, 0), (0.00851336, 0.03344364, 0), (0.004351431, 0.03901758, 0), (0, 0.04459152, 0), (-0.004351431, 0.03901758, 0), (-0.00851336, 0.03344364, 0), (-0.0117411995, 0.0278697, 0), (-0.013377456, 0.02229576, 0), (-0.012977116, 0.01672182, 0), (-0.010405218, 0.01114788, 0), (-0.0058872304, 0.00557394, 0)]
                uniform token subdivisionScheme = "none"
                matrix4d xformOp:transform = ( (-0.9949586715335319, -0.10028580128926272, 0, 0), (0.09783226102841802, -0.9706165301027345, 0.2198463103929542, 0), (-0.022047463398245377, 0.2187379929301222, 0.9755345200486784, 0), (0.06678235455966272, -0.05162795709720259, 0.11793859735372718, 1) )
                uniform token[] xformOpOrder = ["xformOp:transform"]
            }

            def Cylinder "Petiolule_4" (
                prepend apiSchemas = ["PhysicsCollisionAPI"]
            )
            {
                uniform token axis = "Z"
                double height = 0.01
                rel material:binding = </Plant_1/Materials/Leaf>
                double radius = 0.0011173077000000001
                matrix4d xformOp:transform = ( (-0.3295979016296671, 0.944121402808622, 0, 0), (-0.20756160697049564, -0.07246088258654218, 0.9755345200486782, 0), (0.9210230195565939, 0.32153413077534876, 0.2198463103929542, 0), (0.10912036048388385, -0.06497588398260574, 0.13354540366027148, 1) )
                uniform token[] xformOpOrder = ["xformOp:transform"]
            }

            def Mesh "Blade_4" (
                prepend apiSchemas = ["PhysicsCollisionAPI", "PhysicsMeshCollisionAPI"]
            )
            {
                int[] faceVertexCounts = [3, 3, 3, 3, 3, 3, 3, 3, 3, 3, 3, 3, 3, 3]
                int[] faceVertexIndices = [0, 1, 2, 0, 2, 3, 0, 3, 4, 0, 4, 5, 0, 5, 6, 0, 6, 7, 0, 7, 8, 0, 8, 9, 0, 9, 10, 0, 10, 11, 0, 11, 12, 0, 12, 13, 0, 13, 14, 0, 14, 15]
                rel material:binding = </Plant_1/Materials/Leaf>
                uniform token physics:approximation = "convexHull"
                point3f[] points = [(0, 0, 0), (0.0058872304, 0.00557394, 0), (0.010405218, 0.01114788, 0), (0.012977116, 0.01672182, 0), (0.013377456, 0.02229576, 0), (0.0117411995, 0.0278697, 0), (0.00851336, 0.03344364, 0), (0.004351431, 0.03901758, 0), (0, 0.04459152, 0), (-0.004351431, 0.03901758, 0), (-0.00851336, 0.03344364, 0), (-0.0117411995, 0.0278697, 0), (-0.013377456, 0.02229576, 0), (-0.012977116, 0.01672182, 0), (-0.010405218, 0.01114788, 0), (-0.0058872304, 0.00557394, 0)]
                uniform token subdivisionScheme = "none"
                matrix4d xformOp:transform = ( (0.3295979016296671, -0.944121402808622, 0, 0), (0.9210230195565939, 0.32153413077534876, 0.2198463103929542, 0), (-0.20756160697049564, -0.07246088258654218, 0.9755345200486782, 0), (0.11372547558166682, -0.06336821332872901, 0.13464463521223627, 1) )
                uniform token[] xformOpOrder = ["xformOp:transform"]
            }

            def Cylinder "Petiolule_5" (
                prepend apiSchemas = ["PhysicsCollisionAPI"]
            )
            {
                uniform token axis = "Z"
                double height = 0.01
                rel material:binding = </Plant_1/Materials/Leaf>
                double radius = 0.0011173077000000001
                matrix4d xformOp:transform = ( (0.9949586715335319, 0.10028580128926272, -0, 0), (-0.022047463398245377, 0.2187379929301222, 0.9755345200486784, 0), (0.09783226102841802, -0.9706165301027345, 0.2198463103929542, 0), (0.10500440669124297, -0.07143663728699617, 0.13354540366027148, 1) )
                uniform token[] xformOpOrder = ["xformOp:transform"]
            }

            def Mesh "Blade_5" (
                prepend apiSchemas = ["PhysicsCollisionAPI", "PhysicsMeshCollisionAPI"]
            )
            {
                int[] faceVertexCounts = [3, 3, 3, 3, 3, 3, 3, 3, 3, 3, 3, 3, 3, 3]
                int[] faceVertexIndices = [0, 1, 2, 0, 2, 3, 0, 3, 4, 0, 4, 5, 0, 5, 6, 0, 6, 7, 0, 7, 8, 0, 8, 9, 0, 9, 10, 0, 10, 11, 0, 11, 12, 0, 12, 13, 0, 13, 14, 0, 14, 15]
                rel material:binding = </Plant_1/Materials/Leaf>
                uniform token physics:approximation = "convexHull"
                point3f[] points = [(0, 0, 0), (0.0058872304, 0.00557394, 0), (0.010405218, 0.01114788, 0), (0.012977116, 0.01672182, 0), (0.013377456, 0.02229576, 0), (0.0117411995, 0.0278697, 0), (0.00851336, 0.03344364, 0), (0.004351431, 0.03901758, 0), (0, 0.04459152, 0), (-0.004351431, 0.03901758, 0), (-0.00851336, 0.03344364, 0), (-0.0117411995, 0.0278697, 0), (-0.013377456, 0.02229576, 0), (-0.012977116, 0.01672182, 0), (-0.010405218, 0.01114788, 0), (-0.0058872304, 0.00557394, 0)]
                uniform token subdivisionScheme = "none"
                matrix4d xformOp:transform = ( (-0.9949586715335319, -0.10028580128926272, 0, 0), (0.09783226102841802, -0.9706165301027345, 0.2198463103929542, 0), (-0.022047463398245377, 0.2187379929301222, 0.9755345200486784, 0), (0.10549356799638505, -0.07628971993750984, 0.13464463521223627, 1) )
                uniform token[] xformOpOrder = ["xformOp:transform"]
            }

            def Cylinder "Petiolule_term" (
                prepend apiSchemas = ["PhysicsCollisionAPI"]
            )
            {
                uniform token axis = "Z"
                double height = 0.01
                rel material:binding = </Plant_1/Materials/Leaf>
                double radius = 0.0011173077000000001
                matrix4d xformOp:transform = ( (0.5372996083468242, 0.8433914458128855, -0, 0), (-0.28845686317656605, 0.1837672890556065, 0.9396926207859086, 0), (0.7925287180643269, -0.5048964771146695, 0.3420201433256687, 0), (0.14267786965165036, -0.0908958276304345, 0.14891546328158564, 1) )
                uniform token[] xformOpOrder = ["xformOp:transform"]
            }

            def Mesh "Blade_6" (
                prepend apiSchemas = ["PhysicsCollisionAPI", "PhysicsMeshCollisionAPI"]
            )
            {
                int[] faceVertexCounts = [3, 3, 3, 3, 3, 3, 3, 3, 3, 3, 3, 3, 3, 3]
                int[] faceVertexIndices = [0, 1, 2, 0, 2, 3, 0, 3, 4, 0, 4, 5, 0, 5, 6, 0, 6, 7, 0, 7, 8, 0, 8, 9, 0, 9, 10, 0, 10, 11, 0, 11, 12, 0, 12, 13, 0, 13, 14, 0, 14, 15]
                rel material:binding = </Plant_1/Materials/Leaf>
                uniform token physics:approximation = "convexHull"
                point3f[] points = [(0, 0, 0), (0.0058882604, 0.005574915, 0), (0.010407039, 0.01114983, 0), (0.012979386, 0.016724745, 0), (0.013379796, 0.02229966, 0), (0.011743254, 0.027874576, 0), (0.00851485, 0.03344949, 0), (0.0043521924, 0.039024405, 0), (0, 0.04459932, 0), (-0.0043521924, 0.039024405, 0), (-0.00851485, 0.03344949, 0), (-0.011743254, 0.027874576, 0), (-0.013379796, 0.02229966, 0), (-0.012979386, 0.016724745, 0), (-0.010407039, 0.01114983, 0), (-0.0058882604, 0.005574915, 0)]
                uniform token subdivisionScheme = "none"
                matrix4d xformOp:transform = ( (-0.5372996083468242, -0.8433914458128855, 0, 0), (0.7925287180643269, -0.5048964771146695, 0.3420201433256687, 0), (-0.28845686317656605, 0.1837672890556065, 0.9396926207859086, 0), (0.146640513241972, -0.09342031001600784, 0.150625563998214, 1) )
                uniform token[] xformOpOrder = ["xformOp:transform"]
            }
        }

        def Xform "Leaf_o0_r4_i0" (
            prepend apiSchemas = ["PhysicsRigidBodyAPI", "PhysicsMassAPI", "PhysicsFilteredPairsAPI"]
        )
        {
            prepend rel physics:filteredPairs = </Plant_1/Stem/Internode_o0_r4>
            float physics:mass = 0.05

            def Cylinder "Petiole" (
                prepend apiSchemas = ["PhysicsCollisionAPI"]
            )
            {
                uniform token axis = "Z"
                double height = 0.034005996
                rel material:binding = </Plant_1/Materials/Leaf>
                double radius = 0.0027814935
                matrix4d xformOp:transform = ( (0.17364817766693047, -0.984807753012208, 0, 0), (0.33682408883346515, 0.05939117461388475, 0.9396926207859084, 0), (-0.9254165783983234, -0.16317591116653496, 0.3420201433256687, 0), (-0.015734856231673533, -0.0027744796912127713, 0.07591191681292606, 1) )
                uniform token[] xformOpOrder = ["xformOp:transform"]
            }

            def Cylinder "Rachis" (
                prepend apiSchemas = ["PhysicsCollisionAPI"]
            )
            {
                uniform token axis = "Z"
                double height = 0.13975267
                rel material:binding = </Plant_1/Materials/Leaf>
                double radius = 0.0016688961
                matrix4d xformOp:transform = ( (0.17364817766693047, -0.984807753012208, 0, 0), (0.33682408883346515, 0.05939117461388475, 0.9396926207859084, 0), (-0.9254165783983234, -0.16317591116653496, 0.3420201433256687, 0), (-0.09613443131006207, -0.01695109401502858, 0.10562639873762454, 1) )
                uniform token[] xformOpOrder = ["xformOp:transform"]
            }

            def Cylinder "Petiolule_0" (
                prepend apiSchemas = ["PhysicsCollisionAPI"]
            )
            {
                uniform token axis = "Z"
                double height = 0.01
                rel material:binding = </Plant_1/Materials/Leaf>
                double radius = 0.0011125974
                matrix4d xformOp:transform = ( (0.8808442376695917, -0.4734061986965059, 0, 0), (0.10407660610058059, 0.19365035568255418, 0.9755345200486781, 0), (-0.4618240888334651, -0.8592939606326491, 0.2198463103929542, 0), (-0.03377883290751439, -0.009845429185588788, 0.08282651617781688, 1) )
                uniform token[] xformOpOrder = ["xformOp:transform"]
            }

            def Mesh "Blade_0" (
                prepend apiSchemas = ["PhysicsCollisionAPI", "PhysicsMeshCollisionAPI"]
            )
            {
                int[] faceVertexCounts = [3, 3, 3, 3, 3, 3, 3, 3, 3, 3, 3, 3, 3, 3]
                int[] faceVertexIndices = [0, 1, 2, 0, 2, 3, 0, 3, 4, 0, 4, 5, 0, 5, 6, 0, 6, 7, 0, 7, 8, 0, 8, 9, 0, 9, 10, 0, 10, 11, 0, 11, 12, 0, 12, 13, 0, 13, 14, 0, 14, 15]
                rel material:binding = </Plant_1/Materials/Leaf>
                uniform token physics:approximation = "convexHull"
                point3f[] points = [(0, 0, 0), (0.005799529, 0.0054909056, 0), (0.010250214, 0.010981811, 0), (0.012783797, 0.016472718, 0), (0.013178174, 0.021963622, 0), (0.011566293, 0.027454529, 0), (0.008386538, 0.032945435, 0), (0.0042866087, 0.038436342, 0), (0, 0.043927245, 0), (-0.0042866087, 0.038436342, 0), (-0.008386538, 0.032945435, 0), (-0.011566293, 0.027454529, 0), (-0.013178174, 0.021963622, 0), (-0.012783797, 0.016472718, 0), (-0.010250214, 0.010981811, 0), (-0.005799529, 0.0054909056, 0)]
                uniform token subdivisionScheme = "none"
                matrix4d xformOp:transform = ( (-0.8808442376695917, 0.4734061986965059, 0, 0), (-0.4618240888334651, -0.8592939606326491, 0.2198463103929542, 0), (0.10407660610058059, 0.19365035568255418, 0.9755345200486781, 0), (-0.03608795335168172, -0.014141898988752035, 0.08392574772978165, 1) )
                uniform token[] xformOpOrder = ["xformOp:transform"]
            }

            def Cylinder "Petiolule_1" (
                prepend apiSchemas = ["PhysicsCollisionAPI"]
            )
            {
                uniform token axis = "Z"
                double height = 0.01
                rel material:binding = </Plant_1/Materials/Leaf>
                double radius = 0.0011125974
                matrix4d xformOp:transform = ( (-0.665808374270465, -0.7461227839647576, 0, 0), (0.1640323411547712, -0.14637551451209285, 0.9755345200486782, 0), (-0.7278685319524434, 0.6495190528383288, 0.2198463103929542, 0), (-0.03510905512310928, -0.0023013641182338986, 0.08282651617781688, 1) )
                uniform token[] xformOpOrder = ["xformOp:transform"]
            }

            def Mesh "Blade_1" (
                prepend apiSchemas = ["PhysicsCollisionAPI", "PhysicsMeshCollisionAPI"]
            )
            {
                int[] faceVertexCounts = [3, 3, 3, 3, 3, 3, 3, 3, 3, 3, 3, 3, 3, 3]
                int[] faceVertexIndices = [0, 1, 2, 0, 2, 3, 0, 3, 4, 0, 4, 5, 0, 5, 6, 0, 6, 7, 0, 7, 8, 0, 8, 9, 0, 9, 10, 0, 10, 11, 0, 11, 12, 0, 12, 13, 0, 13, 14, 0, 14, 15]
                rel material:binding = </Plant_1/Materials/Leaf>
                uniform token physics:approximation = "convexHull"
                point3f[] points = [(0, 0, 0), (0.005799529, 0.0054909056, 0), (0.010250214, 0.010981811, 0), (0.012783797, 0.016472718, 0), (0.013178174, 0.021963622, 0), (0.011566293, 0.027454529, 0), (0.008386538, 0.032945435, 0), (0.0042866087, 0.038436342, 0), (0, 0.043927245, 0), (-0.0042866087, 0.038436342, 0), (-0.008386538, 0.032945435, 0), (-0.011566293, 0.027454529, 0), (-0.013178174, 0.021963622, 0), (-0.012783797, 0.016472718, 0), (-0.010250214, 0.010981811, 0), (-0.005799529, 0.0054909056, 0)]
                uniform token subdivisionScheme = "none"
                matrix4d xformOp:transform = ( (0.665808374270465, 0.7461227839647576, -0, 0), (-0.7278685319524434, 0.6495190528383288, 0.2198463103929542, 0), (0.1640323411547712, -0.14637551451209285, 0.9755345200486782, 0), (-0.0387483977828715, 0.0009462311459577455, 0.08392574772978165, 1) )
                uniform token[] xformOpOrder = ["xformOp:transform"]
            }

            def Cylinder "Petiolule_2" (
                prepend apiSchemas = ["PhysicsCollisionAPI"]
            )
            {
                uniform token axis = "Z"
                double height = 0.01
                rel material:binding = </Plant_1/Materials/Leaf>
                double radius = 0.0011125974
                matrix4d xformOp:transform = ( (0.8808442376695917, -0.4734061986965059, 0, 0), (0.10407660610058059, 0.19365035568255418, 0.9755345200486781, 0), (-0.4618240888334651, -0.8592939606326491, 0.2198463103929542, 0), (-0.0785810303445953, -0.0177452653887738, 0.0993847390867432, 1) )
                uniform token[] xformOpOrder = ["xformOp:transform"]
            }

            def Mesh "Blade_2" (
                prepend apiSchemas = ["PhysicsCollisionAPI", "PhysicsMeshCollisionAPI"]
            )
            {
                int[] faceVertexCounts = [3, 3, 3, 3, 3, 3, 3, 3, 3, 3, 3, 3, 3, 3]
                int[] faceVertexIndices = [0, 1, 2, 0, 2, 3, 0, 3, 4, 0, 4, 5, 0, 5, 6, 0, 6, 7, 0, 7, 8, 0, 8, 9, 0, 9, 10, 0, 10, 11, 0, 11, 12, 0, 12, 13, 0, 13, 14, 0, 14, 15]
                rel material:binding = </Plant_1/Materials/Leaf>
                uniform token physics:approximation = "convexHull"
                point3f[] points = [(0, 0, 0), (0.005799529, 0.0054909056, 0), (0.010250214, 0.010981811, 0), (0.012783797, 0.016472718, 0), (0.013178174, 0.021963622, 0), (0.011566293, 0.027454529, 0), (0.008386538, 0.032945435, 0), (0.0042866087, 0.038436342, 0), (0, 0.043927245, 0), (-0.0042866087, 0.038436342, 0), (-0.008386538, 0.032945435, 0), (-0.011566293, 0.027454529, 0), (-0.013178174, 0.021963622, 0), (-0.012783797, 0.016472718, 0), (-0.010250214, 0.010981811, 0), (-0.005799529, 0.0054909056, 0)]
                uniform token subdivisionScheme = "none"
                matrix4d xformOp:transform = ( (-0.8808442376695917, 0.4734061986965059, 0, 0), (-0.4618240888334651, -0.8592939606326491, 0.2198463103929542, 0), (0.10407660610058059, 0.19365035568255418, 0.9755345200486781, 0), (-0.08089015078876263, -0.02204173519193705, 0.10048397063870797, 1) )
                uniform token[] xformOpOrder = ["xformOp:transform"]
            }

            def Cylinder "Petiolule_3" (
                prepend apiSchemas = ["PhysicsCollisionAPI"]
            )
            {
                uniform token axis = "Z"
                double height = 0.01
                rel material:binding = </Plant_1/Materials/Leaf>
                double radius = 0.0011125974
                matrix4d xformOp:transform = ( (-0.665808374270465, -0.7461227839647576, 0, 0), (0.1640323411547712, -0.14637551451209285, 0.9755345200486782, 0), (-0.7278685319524434, 0.6495190528383288, 0.2198463103929542, 0), (-0.0799112525601902, -0.010201200321418913, 0.0993847390867432, 1) )
                uniform token[] xformOpOrder = ["xformOp:transform"]
            }

            def Mesh "Blade_3" (
                prepend apiSchemas = ["PhysicsCollisionAPI", "PhysicsMeshCollisionAPI"]
            )
            {
                int[] faceVertexCounts = [3, 3, 3, 3, 3, 3, 3, 3, 3, 3, 3, 3, 3, 3]
                int[] faceVertexIndices = [0, 1, 2, 0, 2, 3, 0, 3, 4, 0, 4, 5, 0, 5, 6, 0, 6, 7, 0, 7, 8, 0, 8, 9, 0, 9, 10, 0, 10, 11, 0, 11, 12, 0, 12, 13, 0, 13, 14, 0, 14, 15]
                rel material:binding = </Plant_1/Materials/Leaf>
                uniform token physics:approximation = "convexHull"
                point3f[] points = [(0, 0, 0), (0.005799529, 0.0054909056, 0), (0.010250214, 0.010981811, 0), (0.012783797, 0.016472718, 0), (0.013178174, 0.021963622, 0), (0.011566293, 0.027454529, 0), (0.008386538, 0.032945435, 0), (0.0042866087, 0.038436342, 0), (0, 0.043927245, 0), (-0.0042866087, 0.038436342, 0), (-0.008386538, 0.032945435, 0), (-0.011566293, 0.027454529, 0), (-0.013178174, 0.021963622, 0), (-0.012783797, 0.016472718, 0), (-0.010250214, 0.010981811, 0), (-0.005799529, 0.0054909056, 0)]
                uniform token subdivisionScheme = "none"
                matrix4d xformOp:transform = ( (0.665808374270465, 0.7461227839647576, -0, 0), (-0.7278685319524434, 0.6495190528383288, 0.2198463103929542, 0), (0.1640323411547712, -0.14637551451209285, 0.9755345200486782, 0), (-0.08355059521995241, -0.006953605057227268, 0.10048397063870797, 1) )
                uniform token[] xformOpOrder = ["xformOp:transform"]
            }

            def Cylinder "Petiolule_4" (
                prepend apiSchemas = ["PhysicsCollisionAPI"]
            )
            {
                uniform token axis = "Z"
                double height = 0.01
                rel material:binding = </Plant_1/Materials/Leaf>
                double radius = 0.0011125974
                matrix4d xformOp:transform = ( (0.8808442376695917, -0.4734061986965059, 0, 0), (0.10407660610058059, 0.19365035568255418, 0.9755345200486781, 0), (-0.4618240888334651, -0.8592939606326491, 0.2198463103929542, 0), (-0.12338322778167624, -0.025645101591958812, 0.11594296199566952, 1) )
                uniform token[] xformOpOrder = ["xformOp:transform"]
            }

            def Mesh "Blade_4" (
                prepend apiSchemas = ["PhysicsCollisionAPI", "PhysicsMeshCollisionAPI"]
            )
            {
                int[] faceVertexCounts = [3, 3, 3, 3, 3, 3, 3, 3, 3, 3, 3, 3, 3, 3]
                int[] faceVertexIndices = [0, 1, 2, 0, 2, 3, 0, 3, 4, 0, 4, 5, 0, 5, 6, 0, 6, 7, 0, 7, 8, 0, 8, 9, 0, 9, 10, 0, 10, 11, 0, 11, 12, 0, 12, 13, 0, 13, 14, 0, 14, 15]
                rel material:binding = </Plant_1/Materials/Leaf>
                uniform token physics:approximation = "convexHull"
                point3f[] points = [(0, 0, 0), (0.005799529, 0.0054909056, 0), (0.010250214, 0.010981811, 0), (0.012783797, 0.016472718, 0), (0.013178174, 0.021963622, 0), (0.011566293, 0.027454529, 0), (0.008386538, 0.032945435, 0), (0.0042866087, 0.038436342, 0), (0, 0.043927245, 0), (-0.0042866087, 0.038436342, 0), (-0.008386538, 0.032945435, 0), (-0.011566293, 0.027454529, 0), (-0.013178174, 0.021963622, 0), (-0.012783797, 0.016472718, 0), (-0.010250214, 0.010981811, 0), (-0.005799529, 0.0054909056, 0)]
                uniform token subdivisionScheme = "none"
                matrix4d xformOp:transform = ( (-0.8808442376695917, 0.4734061986965059, 0, 0), (-0.4618240888334651, -0.8592939606326491, 0.2198463103929542, 0), (0.10407660610058059, 0.19365035568255418, 0.9755345200486781, 0), (-0.12569234822584355, -0.02994157139512206, 0.11704219354763429, 1) )
                uniform token[] xformOpOrder = ["xformOp:transform"]
            }

            def Cylinder "Petiolule_5" (
                prepend apiSchemas = ["PhysicsCollisionAPI"]
            )
            {
                uniform token axis = "Z"
                double height = 0.01
                rel material:binding = </Plant_1/Materials/Leaf>
                double radius = 0.0011125974
                matrix4d xformOp:transform = ( (-0.665808374270465, -0.7461227839647576, 0, 0), (0.1640323411547712, -0.14637551451209285, 0.9755345200486782, 0), (-0.7278685319524434, 0.6495190528383288, 0.2198463103929542, 0), (-0.12471344999727113, -0.018101036524603924, 0.11594296199566952, 1) )
                uniform token[] xformOpOrder = ["xformOp:transform"]
            }

            def Mesh "Blade_5" (
                prepend apiSchemas = ["PhysicsCollisionAPI", "PhysicsMeshCollisionAPI"]
            )
            {
                int[] faceVertexCounts = [3, 3, 3, 3, 3, 3, 3, 3, 3, 3, 3, 3, 3, 3]
                int[] faceVertexIndices = [0, 1, 2, 0, 2, 3, 0, 3, 4, 0, 4, 5, 0, 5, 6, 0, 6, 7, 0, 7, 8, 0, 8, 9, 0, 9, 10, 0, 10, 11, 0, 11, 12, 0, 12, 13, 0, 13, 14, 0, 14, 15]
                rel material:binding = </Plant_1/Materials/Leaf>
                uniform token physics:approximation = "convexHull"
                point3f[] points = [(0, 0, 0), (0.005799529, 0.0054909056, 0), (0.010250214, 0.010981811, 0), (0.012783797, 0.016472718, 0), (0.013178174, 0.021963622, 0), (0.011566293, 0.027454529, 0), (0.008386538, 0.032945435, 0), (0.0042866087, 0.038436342, 0), (0, 0.043927245, 0), (-0.0042866087, 0.038436342, 0), (-0.008386538, 0.032945435, 0), (-0.011566293, 0.027454529, 0), (-0.013178174, 0.021963622, 0), (-0.012783797, 0.016472718, 0), (-0.010250214, 0.010981811, 0), (-0.005799529, 0.0054909056, 0)]
                uniform token subdivisionScheme = "none"
                matrix4d xformOp:transform = ( (0.665808374270465, 0.7461227839647576, -0, 0), (-0.7278685319524434, 0.6495190528383288, 0.2198463103929542, 0), (0.1640323411547712, -0.14637551451209285, 0.9755345200486782, 0), (-0.12835279265703334, -0.014853441260412279, 0.11704219354763429, 1) )
                uniform token[] xformOpOrder = ["xformOp:transform"]
            }

            def Cylinder "Petiolule_term" (
                prepend apiSchemas = ["PhysicsCollisionAPI"]
            )
            {
                uniform token axis = "Z"
                double height = 0.01
                rel material:binding = </Plant_1/Materials/Leaf>
                double radius = 0.0011125974
                matrix4d xformOp:transform = ( (0.17364817766693047, -0.984807753012208, 0, 0), (0.33682408883346515, 0.05939117461388475, 0.9396926207859084, 0), (-0.9254165783983234, -0.16317591116653496, 0.3420201433256687, 0), (-0.1654262330487687, -0.02916910820346429, 0.1312356135660253, 1) )
                uniform token[] xformOpOrder = ["xformOp:transform"]
            }

            def Mesh "Blade_6" (
                prepend apiSchemas = ["PhysicsCollisionAPI", "PhysicsMeshCollisionAPI"]
            )
            {
                int[] faceVertexCounts = [3, 3, 3, 3, 3, 3, 3, 3, 3, 3, 3, 3, 3, 3]
                int[] faceVertexIndices = [0, 1, 2, 0, 2, 3, 0, 3, 4, 0, 4, 5, 0, 5, 6, 0, 6, 7, 0, 7, 8, 0, 8, 9, 0, 9, 10, 0, 10, 11, 0, 11, 12, 0, 12, 13, 0, 13, 14, 0, 14, 15]
                rel material:binding = </Plant_1/Materials/Leaf>
                uniform token physics:approximation = "convexHull"
                point3f[] points = [(0, 0, 0), (0.005800544, 0.0054918667, 0), (0.010252007, 0.010983733, 0), (0.0127860345, 0.0164756, 0), (0.01318048, 0.021967467, 0), (0.011568317, 0.027459333, 0), (0.008388006, 0.0329512, 0), (0.0042873584, 0.038443066, 0), (0, 0.043934934, 0), (-0.0042873584, 0.038443066, 0), (-0.008388006, 0.0329512, 0), (-0.011568317, 0.027459333, 0), (-0.01318048, 0.021967467, 0), (-0.0127860345, 0.0164756, 0), (-0.010252007, 0.010983733, 0), (-0.005800544, 0.0054918667, 0)]
                uniform token subdivisionScheme = "none"
                matrix4d xformOp:transform = ( (-0.17364817766693047, 0.984807753012208, 0, 0), (-0.9254165783983234, -0.16317591116653496, 0.3420201433256687, 0), (0.33682408883346515, 0.05939117461388475, 0.9396926207859084, 0), (-0.17005331594076029, -0.029984987759296967, 0.13294571428265367, 1) )
                uniform token[] xformOpOrder = ["xformOp:transform"]
            }
        }

        def Xform "Leaf_o0_r3_i0" (
            prepend apiSchemas = ["PhysicsRigidBodyAPI", "PhysicsMassAPI", "PhysicsFilteredPairsAPI"]
        )
        {
            prepend rel physics:filteredPairs = </Plant_1/Stem/Internode_o0_r3>
            float physics:mass = 0.05

            def Cylinder "Petiole" (
                prepend apiSchemas = ["PhysicsCollisionAPI"]
            )
            {
                uniform token axis = "Z"
                double height = 0.033872094
                rel material:binding = </Plant_1/Materials/Leaf>
                double radius = 0.002772691
                matrix4d xformOp:transform = ( (-0.7933533402912352, 0.6087614290087207, 0, 0), (-0.20820867120070155, -0.2713428231543063, 0.9396926207859084, 0), (0.5720486226585795, 0.7455082795475254, 0.3420201433256687, 0), (0.009688242359630967, 0.012625963261306028, 0.05872568422231026, 1) )
                uniform token[] xformOpOrder = ["xformOp:transform"]
            }

            def Cylinder "Rachis" (
                prepend apiSchemas = ["PhysicsCollisionAPI"]
            )
            {
                uniform token axis = "Z"
                double height = 0.08928219
                rel material:binding = </Plant_1/Materials/Leaf>
                double radius = 0.0016636145999999999
                matrix4d xformOp:transform = ( (-0.7933533402912352, 0.6087614290087207, 0, 0), (-0.20820867120070155, -0.2713428231543063, 0.9396926207859084, 0), (0.5720486226585795, 0.7455082795475254, 0.3420201433256687, 0), (0.044913361627982734, 0.05853223245317969, 0.07978630715473531, 1) )
                uniform token[] xformOpOrder = ["xformOp:transform"]
            }

            def Cylinder "Petiolule_0" (
                prepend apiSchemas = ["PhysicsCollisionAPI"]
            )
            {
                uniform token axis = "Z"
                double height = 0.01
                rel material:binding = </Plant_1/Materials/Leaf>
                double radius = 0.0011090764
                matrix4d xformOp:transform = ( (-0.9692550857574936, -0.24605807999989301, 0, 0), (0.05409496103035083, -0.21308715443339138, 0.9755345200486782, 0), (-0.24003815097679487, 0.9455417948891769, 0.2198463103929542, 0), (0.01817629396437796, 0.02997963549705794, 0.06561738499658529, 1) )
                uniform token[] xformOpOrder = ["xformOp:transform"]
            }

            def Mesh "Blade_0" (
                prepend apiSchemas = ["PhysicsCollisionAPI", "PhysicsMeshCollisionAPI"]
            )
            {
                int[] faceVertexCounts = [3, 3, 3, 3, 3, 3, 3, 3, 3, 3, 3, 3, 3, 3]
                int[] faceVertexIndices = [0, 1, 2, 0, 2, 3, 0, 3, 4, 0, 4, 5, 0, 5, 6, 0, 6, 7, 0, 7, 8, 0, 8, 9, 0, 9, 10, 0, 10, 11, 0, 11, 12, 0, 12, 13, 0, 13, 14, 0, 14, 15]
                rel material:binding = </Plant_1/Materials/Leaf>
                uniform token physics:approximation = "convexHull"
                point3f[] points = [(0, 0, 0), (0.006785423, 0.006424335, 0), (0.011992704, 0.01284867, 0), (0.014956986, 0.019273005, 0), (0.015418404, 0.02569734, 0), (0.013532511, 0.032121677, 0), (0.009812213, 0.03854601, 0), (0.0050153127, 0.044970345, 0), (0, 0.05139468, 0), (-0.0050153127, 0.044970345, 0), (-0.009812213, 0.03854601, 0), (-0.013532511, 0.032121677, 0), (-0.015418404, 0.02569734, 0), (-0.014956986, 0.019273005, 0), (-0.011992704, 0.01284867, 0), (-0.006785423, 0.006424335, 0)]
                uniform token subdivisionScheme = "none"
                matrix4d xformOp:transform = ( (0.9692550857574936, 0.24605807999989301, -0, 0), (-0.24003815097679487, 0.9455417948891769, 0.2198463103929542, 0), (0.05409496103035083, -0.21308715443339138, 0.9755345200486782, 0), (0.016976103209493984, 0.03470734447150382, 0.06671661654855006, 1) )
                uniform token[] xformOpOrder = ["xformOp:transform"]
            }

            def Cylinder "Petiolule_1" (
                prepend apiSchemas = ["PhysicsCollisionAPI"]
            )
            {
                uniform token axis = "Z"
                double height = 0.01
                rel material:binding = </Plant_1/Materials/Leaf>
                double radius = 0.0011090764
                matrix4d xformOp:transform = ( (-0.013187821517518024, 0.9999130369005207, 0, 0), (-0.21982719187639332, -0.0028992939027471477, 0.9755345200486782, 0), (0.9754496845431657, 0.012865175134579576, 0.2198463103929542, 0), (0.024253733141977762, 0.025316252398284955, 0.06561738499658529, 1) )
                uniform token[] xformOpOrder = ["xformOp:transform"]
            }

            def Mesh "Blade_1" (
                prepend apiSchemas = ["PhysicsCollisionAPI", "PhysicsMeshCollisionAPI"]
            )
            {
                int[] faceVertexCounts = [3, 3, 3, 3, 3, 3, 3, 3, 3, 3, 3, 3, 3, 3]
                int[] faceVertexIndices = [0, 1, 2, 0, 2, 3, 0, 3, 4, 0, 4, 5, 0, 5, 6, 0, 6, 7, 0, 7, 8, 0, 8, 9, 0, 9, 10, 0, 10, 11, 0, 11, 12, 0, 12, 13, 0, 13, 14, 0, 14, 15]
                rel material:binding = </Plant_1/Materials/Leaf>
                uniform token physics:approximation = "convexHull"
                point3f[] points = [(0, 0, 0), (0.006785423, 0.006424335, 0), (0.011992704, 0.01284867, 0), (0.014956986, 0.019273005, 0), (0.015418404, 0.02569734, 0), (0.013532511, 0.032121677, 0), (0.009812213, 0.03854601, 0), (0.0050153127, 0.044970345, 0), (0, 0.05139468, 0), (-0.0050153127, 0.044970345, 0), (-0.009812213, 0.03854601, 0), (-0.013532511, 0.032121677, 0), (-0.015418404, 0.02569734, 0), (-0.014956986, 0.019273005, 0), (-0.011992704, 0.01284867, 0), (-0.006785423, 0.006424335, 0)]
                uniform token subdivisionScheme = "none"
                matrix4d xformOp:transform = ( (0.013187821517518024, -0.9999130369005207, 0, 0), (0.9754496845431657, 0.012865175134579576, 0.2198463103929542, 0), (-0.21982719187639332, -0.0028992939027471477, 0.9755345200486782, 0), (0.02913098156469359, 0.02538057827395785, 0.06671661654855006, 1) )
                uniform token[] xformOpOrder = ["xformOp:transform"]
            }

            def Cylinder "Petiolule_2" (
                prepend apiSchemas = ["PhysicsCollisionAPI"]
            )
            {
                uniform token axis = "Z"
                double height = 0.01
                rel material:binding = </Plant_1/Materials/Leaf>
                double radius = 0.0011090764
                matrix4d xformOp:transform = ( (-0.9692550857574936, -0.24605807999989301, 0, 0), (0.05409496103035083, -0.21308715443339138, 0.9755345200486782, 0), (-0.24003815097679487, 0.9455417948891769, 0.2198463103929542, 0), (0.05195359706808721, 0.07399907392795983, 0.08581237820362282, 1) )
                uniform token[] xformOpOrder = ["xformOp:transform"]
            }

            def Mesh "Blade_2" (
                prepend apiSchemas = ["PhysicsCollisionAPI", "PhysicsMeshCollisionAPI"]
            )
            {
                int[] faceVertexCounts = [3, 3, 3, 3, 3, 3, 3, 3, 3, 3, 3, 3, 3, 3]
                int[] faceVertexIndices = [0, 1, 2, 0, 2, 3, 0, 3, 4, 0, 4, 5, 0, 5, 6, 0, 6, 7, 0, 7, 8, 0, 8, 9, 0, 9, 10, 0, 10, 11, 0, 11, 12, 0, 12, 13, 0, 13, 14, 0, 14, 15]
                rel material:binding = </Plant_1/Materials/Leaf>
                uniform token physics:approximation = "convexHull"
                point3f[] points = [(0, 0, 0), (0.006785423, 0.006424335, 0), (0.011992704, 0.01284867, 0), (0.014956986, 0.019273005, 0), (0.015418404, 0.02569734, 0), (0.013532511, 0.032121677, 0), (0.009812213, 0.03854601, 0), (0.0050153127, 0.044970345, 0), (0, 0.05139468, 0), (-0.0050153127, 0.044970345, 0), (-0.009812213, 0.03854601, 0), (-0.013532511, 0.032121677, 0), (-0.015418404, 0.02569734, 0), (-0.014956986, 0.019273005, 0), (-0.011992704, 0.01284867, 0), (-0.006785423, 0.006424335, 0)]
                uniform token subdivisionScheme = "none"
                matrix4d xformOp:transform = ( (0.9692550857574936, 0.24605807999989301, -0, 0), (-0.24003815097679487, 0.9455417948891769, 0.2198463103929542, 0), (0.05409496103035083, -0.21308715443339138, 0.9755345200486782, 0), (0.05075340631320323, 0.07872678290240571, 0.0869116097555876, 1) )
                uniform token[] xformOpOrder = ["xformOp:transform"]
            }

            def Cylinder "Petiolule_3" (
                prepend apiSchemas = ["PhysicsCollisionAPI"]
            )
            {
                uniform token axis = "Z"
                double height = 0.01
                rel material:binding = </Plant_1/Materials/Leaf>
                double radius = 0.0011090764
                matrix4d xformOp:transform = ( (-0.013187821517518024, 0.9999130369005207, 0, 0), (-0.21982719187639332, -0.0028992939027471477, 0.9755345200486782, 0), (0.9754496845431657, 0.012865175134579576, 0.2198463103929542, 0), (0.05803103624568701, 0.06933569082918685, 0.08581237820362282, 1) )
                uniform token[] xformOpOrder = ["xformOp:transform"]
            }

            def Mesh "Blade_3" (
                prepend apiSchemas = ["PhysicsCollisionAPI", "PhysicsMeshCollisionAPI"]
            )
            {
                int[] faceVertexCounts = [3, 3, 3, 3, 3, 3, 3, 3, 3, 3, 3, 3, 3, 3]
                int[] faceVertexIndices = [0, 1, 2, 0, 2, 3, 0, 3, 4, 0, 4, 5, 0, 5, 6, 0, 6, 7, 0, 7, 8, 0, 8, 9, 0, 9, 10, 0, 10, 11, 0, 11, 12, 0, 12, 13, 0, 13, 14, 0, 14, 15]
                rel material:binding = </Plant_1/Materials/Leaf>
                uniform token physics:approximation = "convexHull"
                point3f[] points = [(0, 0, 0), (0.006785423, 0.006424335, 0), (0.011992704, 0.01284867, 0), (0.014956986, 0.019273005, 0), (0.015418404, 0.02569734, 0), (0.013532511, 0.032121677, 0), (0.009812213, 0.03854601, 0), (0.0050153127, 0.044970345, 0), (0, 0.05139468, 0), (-0.0050153127, 0.044970345, 0), (-0.009812213, 0.03854601, 0), (-0.013532511, 0.032121677, 0), (-0.015418404, 0.02569734, 0), (-0.014956986, 0.019273005, 0), (-0.011992704, 0.01284867, 0), (-0.006785423, 0.006424335, 0)]
                uniform token subdivisionScheme = "none"
                matrix4d xformOp:transform = ( (0.013187821517518024, -0.9999130369005207, 0, 0), (0.9754496845431657, 0.012865175134579576, 0.2198463103929542, 0), (-0.21982719187639332, -0.0028992939027471477, 0.9755345200486782, 0), (0.06290828466840284, 0.06940001670485975, 0.0869116097555876, 1) )
                uniform token[] xformOpOrder = ["xformOp:transform"]
            }

            def Cylinder "Petiolule_term" (
                prepend apiSchemas = ["PhysicsCollisionAPI"]
            )
            {
                uniform token axis = "Z"
                double height = 0.01
                rel material:binding = </Plant_1/Materials/Leaf>
                double radius = 0.0011090764
                matrix4d xformOp:transform = ( (-0.7933533402912352, 0.6087614290087207, 0, 0), (-0.20820867120070155, -0.2713428231543063, 0.9396926207859084, 0), (0.5720486226585795, 0.7455082795475254, 0.3420201433256687, 0), (0.07331048164999643, 0.09554007978148496, 0.09676456158147845, 1) )
                uniform token[] xformOpOrder = ["xformOp:transform"]
            }

            def Mesh "Blade_4" (
                prepend apiSchemas = ["PhysicsCollisionAPI", "PhysicsMeshCollisionAPI"]
            )
            {
                int[] faceVertexCounts = [3, 3, 3, 3, 3, 3, 3, 3, 3, 3, 3, 3, 3, 3]
                int[] faceVertexIndices = [0, 1, 2, 0, 2, 3, 0, 3, 4, 0, 4, 5, 0, 5, 6, 0, 6, 7, 0, 7, 8, 0, 8, 9, 0, 9, 10, 0, 10, 11, 0, 11, 12, 0, 12, 13, 0, 13, 14, 0, 14, 15]
                rel material:binding = </Plant_1/Materials/Leaf>
                uniform token physics:approximation = "convexHull"
                point3f[] points = [(0, 0, 0), (0.006785423, 0.006424335, 0), (0.011992704, 0.01284867, 0), (0.014956986, 0.019273005, 0), (0.015418404, 0.02569734, 0), (0.013532511, 0.032121677, 0), (0.009812213, 0.03854601, 0), (0.0050153127, 0.044970345, 0), (0, 0.05139468, 0), (-0.0050153127, 0.044970345, 0), (-0.009812213, 0.03854601, 0), (-0.013532511, 0.032121677, 0), (-0.015418404, 0.02569734, 0), (-0.014956986, 0.019273005, 0), (-0.011992704, 0.01284867, 0), (-0.006785423, 0.006424335, 0)]
                uniform token subdivisionScheme = "none"
                matrix4d xformOp:transform = ( (0.7933533402912352, -0.6087614290087207, 0, 0), (0.5720486226585795, 0.7455082795475254, 0.3420201433256687, 0), (-0.20820867120070155, -0.2713428231543063, 0.9396926207859084, 0), (0.07617072476328932, 0.0992676211792226, 0.0984746622981068, 1) )
                uniform token[] xformOpOrder = ["xformOp:transform"]
            }
        }

        def Xform "Leaf_o0_r0_i0" (
            prepend apiSchemas = ["PhysicsRigidBodyAPI", "PhysicsMassAPI", "PhysicsFilteredPairsAPI"]
        )
        {
            prepend rel physics:filteredPairs = </Plant_1/Stem/Internode_o0_r0>
            float physics:mass = 0.05

            def Cylinder "Petiole" (
                prepend apiSchemas = ["PhysicsCollisionAPI"]
            )
            {
                uniform token axis = "Z"
                double height = 0.0140959285
                rel material:binding = </Plant_1/Materials/Leaf>
                double radius = 0.0013708973
                matrix4d xformOp:transform = ( (-1.2246467991473532e-16, -1, 0, 0), (0, 0, 1, 0), (-1, 1.2246467991473532e-16, 0, 0), (-0.00704796425, 8.631266859267476e-19, 0.009271495, 1) )
                uniform token[] xformOpOrder = ["xformOp:transform"]
            }

            def Cylinder "Rachis" (
                prepend apiSchemas = ["PhysicsCollisionAPI"]
            )
            {
                uniform token axis = "Z"
                double height = 0.0001
                rel material:binding = </Plant_1/Materials/Leaf>
                double radius = 0.0008225383799999999
                matrix4d xformOp:transform = ( (-1.2246467991473532e-16, -1, 0, 0), (0, 0, 1, 0), (-1, 1.2246467991473532e-16, 0, 0), (-0.0141459285, 1.732376605849232e-18, 0.009271495, 1) )
                uniform token[] xformOpOrder = ["xformOp:transform"]
            }

            def Cylinder "Petiolule_term" (
                prepend apiSchemas = ["PhysicsCollisionAPI"]
            )
            {
                uniform token axis = "Z"
                double height = 0.01
                rel material:binding = </Plant_1/Materials/Leaf>
                double radius = 0.00054835892
                matrix4d xformOp:transform = ( (-1.2246467991473532e-16, -1, 0, 0), (0, 0, 1, 0), (-1, 1.2246467991473532e-16, 0, 0), (-0.0191959285, 2.3508232394186455e-18, 0.009271495, 1) )
                uniform token[] xformOpOrder = ["xformOp:transform"]
            }

            def Mesh "Blade_0" (
                prepend apiSchemas = ["PhysicsCollisionAPI", "PhysicsMeshCollisionAPI"]
            )
            {
                int[] faceVertexCounts = [3, 3, 3, 3, 3, 3, 3, 3, 3, 3, 3, 3, 3, 3]
                int[] faceVertexIndices = [0, 1, 2, 0, 2, 3, 0, 3, 4, 0, 4, 5, 0, 5, 6, 0, 6, 7, 0, 7, 8, 0, 8, 9, 0, 9, 10, 0, 10, 11, 0, 11, 12, 0, 12, 13, 0, 13, 14, 0, 14, 15]
                rel material:binding = </Plant_1/Materials/Leaf>
                uniform token physics:approximation = "convexHull"
                point3f[] points = [(0, 0, 0), (0.001977589, 0.0018723512, 0), (0.0034952338, 0.0037447023, 0), (0.004359164, 0.0056170537, 0), (0.004493643, 0.0074894046, 0), (0.0039440054, 0.009361756, 0), (0.0028597368, 0.011234107, 0), (0.0014616962, 0.013106458, 0), (0, 0.014978809, 0), (-0.0014616962, 0.013106458, 0), (-0.0028597368, 0.011234107, 0), (-0.0039440054, 0.009361756, 0), (-0.004493643, 0.0074894046, 0), (-0.004359164, 0.0056170537, 0), (-0.0034952338, 0.0037447023, 0), (-0.001977589, 0.0018723512, 0)]
                uniform token subdivisionScheme = "none"
                matrix4d xformOp:transform = ( (1.2246467991473532e-16, 1, -0, 0), (-1, 1.2246467991473532e-16, 0, 0), (0, 0, 1, 0), (-0.024195928499999998, 2.963146638992322e-18, 0.009271495, 1) )
                uniform token[] xformOpOrder = ["xformOp:transform"]
            }
        }

        def Xform "Leaf_o0_r0_i1" (
            prepend apiSchemas = ["PhysicsRigidBodyAPI", "PhysicsMassAPI"]
        )
        {
            float physics:mass = 0.05

            def Cylinder "Petiole" (
                prepend apiSchemas = ["PhysicsCollisionAPI"]
            )
            {
                uniform token axis = "Z"
                double height = 0.0140959285
                rel material:binding = </Plant_1/Materials/Leaf>
                double radius = 0.0013708973
                matrix4d xformOp:transform = ( (0, 1, 0, 0), (0, 0, 1, 0), (1, 0, 0, 0), (0.00704796425, 0, 0, 1) )
                uniform token[] xformOpOrder = ["xformOp:transform"]
            }

            def Cylinder "Rachis" (
                prepend apiSchemas = ["PhysicsCollisionAPI"]
            )
            {
                uniform token axis = "Z"
                double height = 0.0001
                rel material:binding = </Plant_1/Materials/Leaf>
                double radius = 0.0008225383799999999
                matrix4d xformOp:transform = ( (0, 1, 0, 0), (0, 0, 1, 0), (1, 0, 0, 0), (0.0141459285, 0, 0, 1) )
                uniform token[] xformOpOrder = ["xformOp:transform"]
            }

            def Cylinder "Petiolule_term" (
                prepend apiSchemas = ["PhysicsCollisionAPI"]
            )
            {
                uniform token axis = "Z"
                double height = 0.01
                rel material:binding = </Plant_1/Materials/Leaf>
                double radius = 0.00054835892
                matrix4d xformOp:transform = ( (0, 1, 0, 0), (0, 0, 1, 0), (1, 0, 0, 0), (0.0191959285, 0, 0, 1) )
                uniform token[] xformOpOrder = ["xformOp:transform"]
            }

            def Mesh "Blade_0" (
                prepend apiSchemas = ["PhysicsCollisionAPI", "PhysicsMeshCollisionAPI"]
            )
            {
                int[] faceVertexCounts = [3, 3, 3, 3, 3, 3, 3, 3, 3, 3, 3, 3, 3, 3]
                int[] faceVertexIndices = [0, 1, 2, 0, 2, 3, 0, 3, 4, 0, 4, 5, 0, 5, 6, 0, 6, 7, 0, 7, 8, 0, 8, 9, 0, 9, 10, 0, 10, 11, 0, 11, 12, 0, 12, 13, 0, 13, 14, 0, 14, 15]
                rel material:binding = </Plant_1/Materials/Leaf>
                uniform token physics:approximation = "convexHull"
                point3f[] points = [(0, 0, 0), (0.001977589, 0.0018723512, 0), (0.0034952338, 0.0037447023, 0), (0.004359164, 0.0056170537, 0), (0.004493643, 0.0074894046, 0), (0.0039440054, 0.009361756, 0), (0.0028597368, 0.011234107, 0), (0.0014616962, 0.013106458, 0), (0, 0.014978809, 0), (-0.0014616962, 0.013106458, 0), (-0.0028597368, 0.011234107, 0), (-0.0039440054, 0.009361756, 0), (-0.004493643, 0.0074894046, 0), (-0.004359164, 0.0056170537, 0), (-0.0034952338, 0.0037447023, 0), (-0.001977589, 0.0018723512, 0)]
                uniform token subdivisionScheme = "none"
                matrix4d xformOp:transform = ( (0, -1, 0, 0), (1, 0, 0, 0), (-0, 0, 1, 0), (0.024195928499999998, 0, 0, 1) )
                uniform token[] xformOpOrder = ["xformOp:transform"]
            }
        }

        def Xform "Leaf_o0_r1_i0" (
            prepend apiSchemas = ["PhysicsRigidBodyAPI", "PhysicsMassAPI", "PhysicsFilteredPairsAPI"]
        )
        {
            prepend rel physics:filteredPairs = </Plant_1/Stem/Internode_o0_r1>
            float physics:mass = 0.05

            def Cylinder "Petiole" (
                prepend apiSchemas = ["PhysicsCollisionAPI"]
            )
            {
                uniform token axis = "Z"
                double height = 0.026974974
                rel material:binding = </Plant_1/Materials/Leaf>
                double radius = 0.00230918965
                matrix4d xformOp:transform = ( (-1, 6.123233995736766e-17, 0, 0), (0, -0, 1, 0), (6.123233995736766e-17, 1, 0, 0), (8.258703891545769e-19, 0.013487487, 0.019310631, 1) )
                uniform token[] xformOpOrder = ["xformOp:transform"]
            }

            def Cylinder "Rachis" (
                prepend apiSchemas = ["PhysicsCollisionAPI"]
            )
            {
                uniform token axis = "Z"
                double height = 0.032086246
                rel material:binding = </Plant_1/Materials/Leaf>
                double radius = 0.00138551379
                matrix4d xformOp:transform = ( (-1, 6.123233995736766e-17, 0, 0), (0, -0, 1, 0), (6.123233995736766e-17, 1, 0, 0), (2.634098739823018e-18, 0.043018097, 0.019310631, 1) )
                uniform token[] xformOpOrder = ["xformOp:transform"]
            }

            def Cylinder "Petiolule_0" (
                prepend apiSchemas = ["PhysicsCollisionAPI"]
            )
            {
                uniform token axis = "Z"
                double height = 0.01
                rel material:binding = </Plant_1/Materials/Leaf>
                double radius = 0.0009236758600000001
                matrix4d xformOp:transform = ( (-0.6427876096865394, -0.766044443118978, 0, 0), (0, 0, 1, 0), (-0.766044443118978, 0.6427876096865394, 0, 0), (-0.0038302222155948886, 0.030188912048432697, 0.019310631, 1) )
                uniform token[] xformOpOrder = ["xformOp:transform"]
            }

            def Mesh "Blade_0" (
                prepend apiSchemas = ["PhysicsCollisionAPI", "PhysicsMeshCollisionAPI"]
            )
            {
                int[] faceVertexCounts = [3, 3, 3, 3, 3, 3, 3, 3, 3, 3, 3, 3, 3, 3]
                int[] faceVertexIndices = [0, 1, 2, 0, 2, 3, 0, 3, 4, 0, 4, 5, 0, 5, 6, 0, 6, 7, 0, 7, 8, 0, 8, 9, 0, 9, 10, 0, 10, 11, 0, 11, 12, 0, 12, 13, 0, 13, 14, 0, 14, 15]
                rel material:binding = </Plant_1/Materials/Leaf>
                uniform token physics:approximation = "convexHull"
                point3f[] points = [(0, 0, 0), (0.004147845, 0.0039271163, 0), (0.0073309913, 0.007854233, 0), (0.00914302, 0.011781349, 0), (0.009425079, 0.015708465, 0), (0.008272256, 0.019635582, 0), (0.005998084, 0.023562698, 0), (0.0030657984, 0.027489815, 0), (0, 0.03141693, 0), (-0.0030657984, 0.027489815, 0), (-0.005998084, 0.023562698, 0), (-0.008272256, 0.019635582, 0), (-0.009425079, 0.015708465, 0), (-0.00914302, 0.011781349, 0), (-0.0073309913, 0.007854233, 0), (-0.004147845, 0.0039271163, 0)]
                uniform token subdivisionScheme = "none"
                matrix4d xformOp:transform = ( (0.6427876096865394, 0.766044443118978, -0, 0), (-0.766044443118978, 0.6427876096865394, 0, 0), (0, 0, 1, 0), (-0.007660444431189779, 0.033402850096865395, 0.019310631, 1) )
                uniform token[] xformOpOrder = ["xformOp:transform"]
            }

            def Cylinder "Petiolule_1" (
                prepend apiSchemas = ["PhysicsCollisionAPI"]
            )
            {
                uniform token axis = "Z"
                double height = 0.01
                rel material:binding = </Plant_1/Materials/Leaf>
                double radius = 0.0009236758600000001
                matrix4d xformOp:transform = ( (-0.6427876096865394, 0.766044443118978, 0, 0), (0, -0, 1, 0), (0.766044443118978, 0.6427876096865394, 0, 0), (0.003830222215594892, 0.030188912048432697, 0.019310631, 1) )
                uniform token[] xformOpOrder = ["xformOp:transform"]
            }

            def Mesh "Blade_1" (
                prepend apiSchemas = ["PhysicsCollisionAPI", "PhysicsMeshCollisionAPI"]
            )
            {
                int[] faceVertexCounts = [3, 3, 3, 3, 3, 3, 3, 3, 3, 3, 3, 3, 3, 3]
                int[] faceVertexIndices = [0, 1, 2, 0, 2, 3, 0, 3, 4, 0, 4, 5, 0, 5, 6, 0, 6, 7, 0, 7, 8, 0, 8, 9, 0, 9, 10, 0, 10, 11, 0, 11, 12, 0, 12, 13, 0, 13, 14, 0, 14, 15]
                rel material:binding = </Plant_1/Materials/Leaf>
                uniform token physics:approximation = "convexHull"
                point3f[] points = [(0, 0, 0), (0.004147845, 0.0039271163, 0), (0.0073309913, 0.007854233, 0), (0.00914302, 0.011781349, 0), (0.009425079, 0.015708465, 0), (0.008272256, 0.019635582, 0), (0.005998084, 0.023562698, 0), (0.0030657984, 0.027489815, 0), (0, 0.03141693, 0), (-0.0030657984, 0.027489815, 0), (-0.005998084, 0.023562698, 0), (-0.008272256, 0.019635582, 0), (-0.009425079, 0.015708465, 0), (-0.00914302, 0.011781349, 0), (-0.0073309913, 0.007854233, 0), (-0.004147845, 0.0039271163, 0)]
                uniform token subdivisionScheme = "none"
                matrix4d xformOp:transform = ( (0.6427876096865394, -0.766044443118978, 0, 0), (0.766044443118978, 0.6427876096865394, 0, 0), (-0, 0, 1, 0), (0.007660444431189782, 0.033402850096865395, 0.019310631, 1) )
                uniform token[] xformOpOrder = ["xformOp:transform"]
            }

            def Cylinder "Petiolule_term" (
                prepend apiSchemas = ["PhysicsCollisionAPI"]
            )
            {
                uniform token axis = "Z"
                double height = 0.01
                rel material:binding = </Plant_1/Materials/Leaf>
                double radius = 0.0009236758600000001
                matrix4d xformOp:transform = ( (-1, 6.123233995736766e-17, 0, 0), (0, -0, 1, 0), (6.123233995736766e-17, 1, 0, 0), (3.922618401123721e-18, 0.06406122, 0.019310631, 1) )
                uniform token[] xformOpOrder = ["xformOp:transform"]
            }

            def Mesh "Blade_2" (
                prepend apiSchemas = ["PhysicsCollisionAPI", "PhysicsMeshCollisionAPI"]
            )
            {
                int[] faceVertexCounts = [3, 3, 3, 3, 3, 3, 3, 3, 3, 3, 3, 3, 3, 3]
                int[] faceVertexIndices = [0, 1, 2, 0, 2, 3, 0, 3, 4, 0, 4, 5, 0, 5, 6, 0, 6, 7, 0, 7, 8, 0, 8, 9, 0, 9, 10, 0, 10, 11, 0, 11, 12, 0, 12, 13, 0, 13, 14, 0, 14, 15]
                rel material:binding = </Plant_1/Materials/Leaf>
                uniform token physics:approximation = "convexHull"
                point3f[] points = [(0, 0, 0), (0.0042102225, 0.0039861742, 0), (0.0074412385, 0.0079723485, 0), (0.009280517, 0.011958523, 0), (0.009566818, 0.015944697, 0), (0.008396658, 0.019930871, 0), (0.006088286, 0.023917045, 0), (0.0031119036, 0.02790322, 0), (0, 0.031889394, 0), (-0.0031119036, 0.02790322, 0), (-0.006088286, 0.023917045, 0), (-0.008396658, 0.019930871, 0), (-0.009566818, 0.015944697, 0), (-0.009280517, 0.011958523, 0), (-0.0074412385, 0.0079723485, 0), (-0.0042102225, 0.0039861742, 0)]
                uniform token subdivisionScheme = "none"
                matrix4d xformOp:transform = ( (1, -6.123233995736766e-17, 0, 0), (6.123233995736766e-17, 1, 0, 0), (-0, 0, 1, 0), (4.228780100910559e-18, 0.06906121999999999, 0.019310631, 1) )
                uniform token[] xformOpOrder = ["xformOp:transform"]
            }
        }

        def Xform "Leaf_o0_r1_i1" (
            prepend apiSchemas = ["PhysicsRigidBodyAPI", "PhysicsMassAPI"]
        )
        {
            float physics:mass = 0.05

            def Cylinder "Petiole" (
                prepend apiSchemas = ["PhysicsCollisionAPI"]
            )
            {
                uniform token axis = "Z"
                double height = 0.026974974
                rel material:binding = </Plant_1/Materials/Leaf>
                double radius = 0.00230918965
                matrix4d xformOp:transform = ( (1, -1.8369701987210297e-16, 0, 0), (0, 0, 1, 0), (-1.8369701987210297e-16, -1, 0, 0), (-2.4776111674637304e-18, -0.013487487, 0, 1) )
                uniform token[] xformOpOrder = ["xformOp:transform"]
            }

            def Cylinder "Rachis" (
                prepend apiSchemas = ["PhysicsCollisionAPI"]
            )
            {
                uniform token axis = "Z"
                double height = 0.032086246
                rel material:binding = </Plant_1/Materials/Leaf>
                double radius = 0.00138551379
                matrix4d xformOp:transform = ( (1, -1.8369701987210297e-16, 0, 0), (0, 0, 1, 0), (-1.8369701987210297e-16, -1, 0, 0), (-7.902296219469053e-18, -0.043018097, 0, 1) )
                uniform token[] xformOpOrder = ["xformOp:transform"]
            }

            def Cylinder "Petiolule_0" (
                prepend apiSchemas = ["PhysicsCollisionAPI"]
            )
            {
                uniform token axis = "Z"
                double height = 0.01
                rel material:binding = </Plant_1/Materials/Leaf>
                double radius = 0.0009236758600000001
                matrix4d xformOp:transform = ( (0.6427876096865395, 0.7660444431189779, -0, 0), (0, 0, 1, 0), (0.7660444431189779, -0.6427876096865395, 0, 0), (0.0038302222155948847, -0.030188912048432697, 0, 1) )
                uniform token[] xformOpOrder = ["xformOp:transform"]
            }

            def Mesh "Blade_0" (
                prepend apiSchemas = ["PhysicsCollisionAPI", "PhysicsMeshCollisionAPI"]
            )
            {
                int[] faceVertexCounts = [3, 3, 3, 3, 3, 3, 3, 3, 3, 3, 3, 3, 3, 3]
                int[] faceVertexIndices = [0, 1, 2, 0, 2, 3, 0, 3, 4, 0, 4, 5, 0, 5, 6, 0, 6, 7, 0, 7, 8, 0, 8, 9, 0, 9, 10, 0, 10, 11, 0, 11, 12, 0, 12, 13, 0, 13, 14, 0, 14, 15]
                rel material:binding = </Plant_1/Materials/Leaf>
                uniform token physics:approximation = "convexHull"
                point3f[] points = [(0, 0, 0), (0.004147845, 0.0039271163, 0), (0.0073309913, 0.007854233, 0), (0.00914302, 0.011781349, 0), (0.009425079, 0.015708465, 0), (0.008272256, 0.019635582, 0), (0.005998084, 0.023562698, 0), (0.0030657984, 0.027489815, 0), (0, 0.03141693, 0), (-0.0030657984, 0.027489815, 0), (-0.005998084, 0.023562698, 0), (-0.008272256, 0.019635582, 0), (-0.009425079, 0.015708465, 0), (-0.00914302, 0.011781349, 0), (-0.0073309913, 0.007854233, 0), (-0.004147845, 0.0039271163, 0)]
                uniform token subdivisionScheme = "none"
                matrix4d xformOp:transform = ( (-0.6427876096865395, -0.7660444431189779, 0, 0), (0.7660444431189779, -0.6427876096865395, 0, 0), (0, 0, 1, 0), (0.007660444431189774, -0.033402850096865395, 0, 1) )
                uniform token[] xformOpOrder = ["xformOp:transform"]
            }

            def Cylinder "Petiolule_1" (
                prepend apiSchemas = ["PhysicsCollisionAPI"]
            )
            {
                uniform token axis = "Z"
                double height = 0.01
                rel material:binding = </Plant_1/Materials/Leaf>
                double radius = 0.0009236758600000001
                matrix4d xformOp:transform = ( (0.6427876096865393, -0.7660444431189781, 0, 0), (0, 0, 1, 0), (-0.7660444431189781, -0.6427876096865393, 0, 0), (-0.0038302222155948955, -0.030188912048432694, 0, 1) )
                uniform token[] xformOpOrder = ["xformOp:transform"]
            }

            def Mesh "Blade_1" (
                prepend apiSchemas = ["PhysicsCollisionAPI", "PhysicsMeshCollisionAPI"]
            )
            {
                int[] faceVertexCounts = [3, 3, 3, 3, 3, 3, 3, 3, 3, 3, 3, 3, 3, 3]
                int[] faceVertexIndices = [0, 1, 2, 0, 2, 3, 0, 3, 4, 0, 4, 5, 0, 5, 6, 0, 6, 7, 0, 7, 8, 0, 8, 9, 0, 9, 10, 0, 10, 11, 0, 11, 12, 0, 12, 13, 0, 13, 14, 0, 14, 15]
                rel material:binding = </Plant_1/Materials/Leaf>
                uniform token physics:approximation = "convexHull"
                point3f[] points = [(0, 0, 0), (0.004147845, 0.0039271163, 0), (0.0073309913, 0.007854233, 0), (0.00914302, 0.011781349, 0), (0.009425079, 0.015708465, 0), (0.008272256, 0.019635582, 0), (0.005998084, 0.023562698, 0), (0.0030657984, 0.027489815, 0), (0, 0.03141693, 0), (-0.0030657984, 0.027489815, 0), (-0.005998084, 0.023562698, 0), (-0.008272256, 0.019635582, 0), (-0.009425079, 0.015708465, 0), (-0.00914302, 0.011781349, 0), (-0.0073309913, 0.007854233, 0), (-0.004147845, 0.0039271163, 0)]
                uniform token subdivisionScheme = "none"
                matrix4d xformOp:transform = ( (-0.6427876096865393, 0.7660444431189781, 0, 0), (-0.7660444431189781, -0.6427876096865393, 0, 0), (0, 0, 1, 0), (-0.007660444431189787, -0.03340285009686539, 0, 1) )
                uniform token[] xformOpOrder = ["xformOp:transform"]
            }

            def Cylinder "Petiolule_term" (
                prepend apiSchemas = ["PhysicsCollisionAPI"]
            )
            {
                uniform token axis = "Z"
                double height = 0.01
                rel material:binding = </Plant_1/Materials/Leaf>
                double radius = 0.0009236758600000001
                matrix4d xformOp:transform = ( (1, -1.8369701987210297e-16, 0, 0), (0, 0, 1, 0), (-1.8369701987210297e-16, -1, 0, 0), (-1.1767855203371159e-17, -0.06406122, 0, 1) )
                uniform token[] xformOpOrder = ["xformOp:transform"]
            }

            def Mesh "Blade_2" (
                prepend apiSchemas = ["PhysicsCollisionAPI", "PhysicsMeshCollisionAPI"]
            )
            {
                int[] faceVertexCounts = [3, 3, 3, 3, 3, 3, 3, 3, 3, 3, 3, 3, 3, 3]
                int[] faceVertexIndices = [0, 1, 2, 0, 2, 3, 0, 3, 4, 0, 4, 5, 0, 5, 6, 0, 6, 7, 0, 7, 8, 0, 8, 9, 0, 9, 10, 0, 10, 11, 0, 11, 12, 0, 12, 13, 0, 13, 14, 0, 14, 15]
                rel material:binding = </Plant_1/Materials/Leaf>
                uniform token physics:approximation = "convexHull"
                point3f[] points = [(0, 0, 0), (0.0042102225, 0.0039861742, 0), (0.0074412385, 0.0079723485, 0), (0.009280517, 0.011958523, 0), (0.009566818, 0.015944697, 0), (0.008396658, 0.019930871, 0), (0.006088286, 0.023917045, 0), (0.0031119036, 0.02790322, 0), (0, 0.031889394, 0), (-0.0031119036, 0.02790322, 0), (-0.006088286, 0.023917045, 0), (-0.008396658, 0.019930871, 0), (-0.009566818, 0.015944697, 0), (-0.009280517, 0.011958523, 0), (-0.0074412385, 0.0079723485, 0), (-0.0042102225, 0.0039861742, 0)]
                uniform token subdivisionScheme = "none"
                matrix4d xformOp:transform = ( (-1, 1.8369701987210297e-16, 0, 0), (-1.8369701987210297e-16, -1, 0, 0), (0, 0, 1, 0), (-1.2686340302731673e-17, -0.06906121999999999, 0, 1) )
                uniform token[] xformOpOrder = ["xformOp:transform"]
            }
        }

        def Xform "Leaf_o0_r2_i0" (
            prepend apiSchemas = ["PhysicsRigidBodyAPI", "PhysicsMassAPI", "PhysicsFilteredPairsAPI"]
        )
        {
            prepend rel physics:filteredPairs = </Plant_1/Stem/Internode_o0_r2>
            float physics:mass = 0.05

            def Cylinder "Petiole" (
                prepend apiSchemas = ["PhysicsCollisionAPI"]
            )
            {
                uniform token axis = "Z"
                double height = 0.033851825
                rel material:binding = </Plant_1/Materials/Leaf>
                double radius = 0.00277135775
                matrix4d xformOp:transform = ( (-1.2246467991473532e-16, -1, 0, 0), (0.3420201433256687, -4.188538737676992e-17, 0.9396926207859084, 0), (-0.9396926207859084, 1.1507915602278503e-16, 0.3420201433256687, 0), (-0.015905155076317967, 1.9478197254155075e-18, 0.04162111601916773, 1) )
                uniform token[] xformOpOrder = ["xformOp:transform"]
            }

            def Cylinder "Rachis" (
                prepend apiSchemas = ["PhysicsCollisionAPI"]
            )
            {
                uniform token axis = "Z"
                double height = 0.09449794
                rel material:binding = </Plant_1/Materials/Leaf>
                double radius = 0.0016628146499999999
                matrix4d xformOp:transform = ( (-1.2246467991473532e-16, -1, 0, 0), (0.3420201433256687, -4.188538737676992e-17, 0.9396926207859084, 0), (-0.9396926207859084, 1.1507915602278503e-16, 0.3420201433256687, 0), (-0.07620981860137069, 9.333011041376904e-18, 0.06357021852972568, 1) )
                uniform token[] xformOpOrder = ["xformOp:transform"]
            }

            def Cylinder "Petiolule_0" (
                prepend apiSchemas = ["PhysicsCollisionAPI"]
            )
            {
                uniform token axis = "Z"
                double height = 0.01
                rel material:binding = </Plant_1/Materials/Leaf>
                double radius = 0.0011085431
                matrix4d xformOp:transform = ( (0.7852561107532648, -0.6191710914800983, 0, 0), (0.1361224799638779, 0.17263565866262628, 0.9755345200486781, 0), (-0.6040227735550538, -0.7660444431189779, 0.2198463103929542, 0), (-0.0348304240204112, -0.0038302222155948856, 0.048509350590300225, 1) )
                uniform token[] xformOpOrder = ["xformOp:transform"]
            }

            def Mesh "Blade_0" (
                prepend apiSchemas = ["PhysicsCollisionAPI", "PhysicsMeshCollisionAPI"]
            )
            {
                int[] faceVertexCounts = [3, 3, 3, 3, 3, 3, 3, 3, 3, 3, 3, 3, 3, 3]
                int[] faceVertexIndices = [0, 1, 2, 0, 2, 3, 0, 3, 4, 0, 4, 5, 0, 5, 6, 0, 6, 7, 0, 7, 8, 0, 8, 9, 0, 9, 10, 0, 10, 11, 0, 11, 12, 0, 12, 13, 0, 13, 14, 0, 14, 15]
                rel material:binding = </Plant_1/Materials/Leaf>
                uniform token physics:approximation = "convexHull"
                point3f[] points = [(0, 0, 0), (0.006773839, 0.006413367, 0), (0.01197223, 0.012826734, 0), (0.014931451, 0.019240102, 0), (0.015392082, 0.025653468, 0), (0.013509408, 0.032066837, 0), (0.009795461, 0.038480204, 0), (0.0050067506, 0.04489357, 0), (0, 0.051306937, 0), (-0.0050067506, 0.04489357, 0), (-0.009795461, 0.038480204, 0), (-0.013509408, 0.032066837, 0), (-0.015392082, 0.025653468, 0), (-0.014931451, 0.019240102, 0), (-0.01197223, 0.012826734, 0), (-0.006773839, 0.006413367, 0)]
                uniform token subdivisionScheme = "none"
                matrix4d xformOp:transform = ( (-0.7852561107532648, 0.6191710914800983, 0, 0), (-0.6040227735550538, -0.7660444431189779, 0.2198463103929542, 0), (0.1361224799638779, 0.17263565866262628, 0.9755345200486781, 0), (-0.03785053788818647, -0.0076604444311897755, 0.049608582142265, 1) )
                uniform token[] xformOpOrder = ["xformOp:transform"]
            }

            def Cylinder "Petiolule_1" (
                prepend apiSchemas = ["PhysicsCollisionAPI"]
            )
            {
                uniform token axis = "Z"
                double height = 0.01
                rel material:binding = </Plant_1/Materials/Leaf>
                double radius = 0.0011085431
                matrix4d xformOp:transform = ( (-0.7852561107532651, -0.6191710914800981, 0, 0), (0.13612247996387788, -0.1726356586626263, 0.9755345200486782, 0), (-0.6040227735550536, 0.7660444431189781, 0.2198463103929542, 0), (-0.0348304240204112, 0.0038302222155948947, 0.048509350590300225, 1) )
                uniform token[] xformOpOrder = ["xformOp:transform"]
            }

            def Mesh "Blade_1" (
                prepend apiSchemas = ["PhysicsCollisionAPI", "PhysicsMeshCollisionAPI"]
            )
            {
                int[] faceVertexCounts = [3, 3, 3, 3, 3, 3, 3, 3, 3, 3, 3, 3, 3, 3]
                int[] faceVertexIndices = [0, 1, 2, 0, 2, 3, 0, 3, 4, 0, 4, 5, 0, 5, 6, 0, 6, 7, 0, 7, 8, 0, 8, 9, 0, 9, 10, 0, 10, 11, 0, 11, 12, 0, 12, 13, 0, 13, 14, 0, 14, 15]
                rel material:binding = </Plant_1/Materials/Leaf>
                uniform token physics:approximation = "convexHull"
                point3f[] points = [(0, 0, 0), (0.006773839, 0.006413367, 0), (0.01197223, 0.012826734, 0), (0.014931451, 0.019240102, 0), (0.015392082, 0.025653468, 0), (0.013509408, 0.032066837, 0), (0.009795461, 0.038480204, 0), (0.0050067506, 0.04489357, 0), (0, 0.051306937, 0), (-0.0050067506, 0.04489357, 0), (-0.009795461, 0.038480204, 0), (-0.013509408, 0.032066837, 0), (-0.015392082, 0.025653468, 0), (-0.014931451, 0.019240102, 0), (-0.01197223, 0.012826734, 0), (-0.006773839, 0.006413367, 0)]
                uniform token subdivisionScheme = "none"
                matrix4d xformOp:transform = ( (0.7852561107532651, 0.6191710914800981, -0, 0), (-0.6040227735550536, 0.7660444431189781, 0.2198463103929542, 0), (0.13612247996387788, -0.1726356586626263, 0.9755345200486782, 0), (-0.03785053788818647, 0.007660444431189785, 0.049608582142265, 1) )
                uniform token[] xformOpOrder = ["xformOp:transform"]
            }

            def Cylinder "Petiolule_2" (
                prepend apiSchemas = ["PhysicsCollisionAPI"]
            )
            {
                uniform token axis = "Z"
                double height = 0.01
                rel material:binding = </Plant_1/Materials/Leaf>
                double radius = 0.0011085431
                matrix4d xformOp:transform = ( (0.7852561107532648, -0.6191710914800983, 0, 0), (0.1361224799638779, 0.17263565866262628, 0.9755345200486781, 0), (-0.6040227735550538, -0.7660444431189779, 0.2198463103929542, 0), (-0.09025959903762872, -0.0038302222155948786, 0.0686839204064992, 1) )
                uniform token[] xformOpOrder = ["xformOp:transform"]
            }

            def Mesh "Blade_2" (
                prepend apiSchemas = ["PhysicsCollisionAPI", "PhysicsMeshCollisionAPI"]
            )
            {
                int[] faceVertexCounts = [3, 3, 3, 3, 3, 3, 3, 3, 3, 3, 3, 3, 3, 3]
                int[] faceVertexIndices = [0, 1, 2, 0, 2, 3, 0, 3, 4, 0, 4, 5, 0, 5, 6, 0, 6, 7, 0, 7, 8, 0, 8, 9, 0, 9, 10, 0, 10, 11, 0, 11, 12, 0, 12, 13, 0, 13, 14, 0, 14, 15]
                rel material:binding = </Plant_1/Materials/Leaf>
                uniform token physics:approximation = "convexHull"
                point3f[] points = [(0, 0, 0), (0.006773839, 0.006413367, 0), (0.01197223, 0.012826734, 0), (0.014931451, 0.019240102, 0), (0.015392082, 0.025653468, 0), (0.013509408, 0.032066837, 0), (0.009795461, 0.038480204, 0), (0.0050067506, 0.04489357, 0), (0, 0.051306937, 0), (-0.0050067506, 0.04489357, 0), (-0.009795461, 0.038480204, 0), (-0.013509408, 0.032066837, 0), (-0.015392082, 0.025653468, 0), (-0.014931451, 0.019240102, 0), (-0.01197223, 0.012826734, 0), (-0.006773839, 0.006413367, 0)]
                uniform token subdivisionScheme = "none"
                matrix4d xformOp:transform = ( (-0.7852561107532648, 0.6191710914800983, 0, 0), (-0.6040227735550538, -0.7660444431189779, 0.2198463103929542, 0), (0.1361224799638779, 0.17263565866262628, 0.9755345200486781, 0), (-0.09327971290540397, -0.0076604444311897685, 0.06978315195846398, 1) )
                uniform token[] xformOpOrder = ["xformOp:transform"]
            }

            def Cylinder "Petiolule_3" (
                prepend apiSchemas = ["PhysicsCollisionAPI"]
            )
            {
                uniform token axis = "Z"
                double height = 0.01
                rel material:binding = </Plant_1/Materials/Leaf>
                double radius = 0.0011085431
                matrix4d xformOp:transform = ( (-0.7852561107532651, -0.6191710914800981, 0, 0), (0.13612247996387788, -0.1726356586626263, 0.9755345200486782, 0), (-0.6040227735550536, 0.7660444431189781, 0.2198463103929542, 0), (-0.09025959903762872, 0.0038302222155949016, 0.0686839204064992, 1) )
                uniform token[] xformOpOrder = ["xformOp:transform"]
            }

            def Mesh "Blade_3" (
                prepend apiSchemas = ["PhysicsCollisionAPI", "PhysicsMeshCollisionAPI"]
            )
            {
                int[] faceVertexCounts = [3, 3, 3, 3, 3, 3, 3, 3, 3, 3, 3, 3, 3, 3]
                int[] faceVertexIndices = [0, 1, 2, 0, 2, 3, 0, 3, 4, 0, 4, 5, 0, 5, 6, 0, 6, 7, 0, 7, 8, 0, 8, 9, 0, 9, 10, 0, 10, 11, 0, 11, 12, 0, 12, 13, 0, 13, 14, 0, 14, 15]
                rel material:binding = </Plant_1/Materials/Leaf>
                uniform token physics:approximation = "convexHull"
                point3f[] points = [(0, 0, 0), (0.006773839, 0.006413367, 0), (0.01197223, 0.012826734, 0), (0.014931451, 0.019240102, 0), (0.015392082, 0.025653468, 0), (0.013509408, 0.032066837, 0), (0.009795461, 0.038480204, 0), (0.0050067506, 0.04489357, 0), (0, 0.051306937, 0), (-0.0050067506, 0.04489357, 0), (-0.009795461, 0.038480204, 0), (-0.013509408, 0.032066837, 0), (-0.015392082, 0.025653468, 0), (-0.014931451, 0.019240102, 0), (-0.01197223, 0.012826734, 0), (-0.006773839, 0.006413367, 0)]
                uniform token subdivisionScheme = "none"
                matrix4d xformOp:transform = ( (0.7852561107532651, 0.6191710914800981, -0, 0), (-0.6040227735550536, 0.7660444431189781, 0.2198463103929542, 0), (0.13612247996387788, -0.1726356586626263, 0.9755345200486782, 0), (-0.09327971290540397, 0.007660444431189792, 0.06978315195846398, 1) )
                uniform token[] xformOpOrder = ["xformOp:transform"]
            }

            def Cylinder "Petiolule_term" (
                prepend apiSchemas = ["PhysicsCollisionAPI"]
            )
            {
                uniform token axis = "Z"
                double height = 0.01
                rel material:binding = </Plant_1/Materials/Leaf>
                double radius = 0.0011085431
                matrix4d xformOp:transform = ( (-1.2246467991473532e-16, -1, 0, 0), (0.3420201433256687, -4.188538737676992e-17, 0.9396926207859084, 0), (-0.9396926207859084, 1.1507915602278503e-16, 0.3420201433256687, 0), (-0.125307790154035, 1.5345778412036718e-17, 0.08144041873774424, 1) )
                uniform token[] xformOpOrder = ["xformOp:transform"]
            }

            def Mesh "Blade_4" (
                prepend apiSchemas = ["PhysicsCollisionAPI", "PhysicsMeshCollisionAPI"]
            )
            {
                int[] faceVertexCounts = [3, 3, 3, 3, 3, 3, 3, 3, 3, 3, 3, 3, 3, 3]
                int[] faceVertexIndices = [0, 1, 2, 0, 2, 3, 0, 3, 4, 0, 4, 5, 0, 5, 6, 0, 6, 7, 0, 7, 8, 0, 8, 9, 0, 9, 10, 0, 10, 11, 0, 11, 12, 0, 12, 13, 0, 13, 14, 0, 14, 15]
                rel material:binding = </Plant_1/Materials/Leaf>
                uniform token physics:approximation = "convexHull"
                point3f[] points = [(0, 0, 0), (0.006773839, 0.006413367, 0), (0.01197223, 0.012826734, 0), (0.014931451, 0.019240102, 0), (0.015392081, 0.025653468, 0), (0.013509408, 0.032066837, 0), (0.009795461, 0.038480204, 0), (0.00500675, 0.04489357, 0), (0, 0.051306937, 0), (-0.00500675, 0.04489357, 0), (-0.009795461, 0.038480204, 0), (-0.013509408, 0.032066837, 0), (-0.015392081, 0.025653468, 0), (-0.014931451, 0.019240102, 0), (-0.01197223, 0.012826734, 0), (-0.006773839, 0.006413367, 0)]
                uniform token subdivisionScheme = "none"
                matrix4d xformOp:transform = ( (1.2246467991473532e-16, 1, -0, 0), (-0.9396926207859084, 1.1507915602278503e-16, 0.3420201433256687, 0), (0.3420201433256687, -4.188538737676992e-17, 0.9396926207859084, 0), (-0.13000625325796455, 1.5921174192150642e-17, 0.08315051945437259, 1) )
                uniform token[] xformOpOrder = ["xformOp:transform"]
            }
        }
    }

    def "Joints"
    {
        def PhysicsSphericalJoint "Joint_Leaf_o1_r4_i0" (
            prepend apiSchemas = ["PhysicsDriveAPI:rotX", "PhysicsDriveAPI:rotY", "PhysicsDriveAPI:rotZ"]
        )
        {
            float drive:rotX:physics:damping = 0.5
            float drive:rotX:physics:stiffness = 5
            float drive:rotX:physics:targetPosition = 0
            uniform token drive:rotX:physics:type = "force"
            float drive:rotY:physics:damping = 0.5
            float drive:rotY:physics:stiffness = 5
            float drive:rotY:physics:targetPosition = 0
            uniform token drive:rotY:physics:type = "force"
            float drive:rotZ:physics:damping = 0.5
            float drive:rotZ:physics:stiffness = 5
            float drive:rotZ:physics:targetPosition = 0
            uniform token drive:rotZ:physics:type = "force"
            rel physics:body0 = </Plant_1/Stem/Internode_o1_r4>
            rel physics:body1 = </Plant_1/Leaves/Leaf_o1_r4_i0>
            float physics:coneAngle0Limit = 45
            float physics:coneAngle1Limit = 45
            point3f physics:localPos0 = (0, 0, 0.008016806)
            point3f physics:localPos1 = (0, 0, 0.10072283)
        }

        def PhysicsSphericalJoint "Joint_Leaf_o1_r4_i1" (
            prepend apiSchemas = ["PhysicsDriveAPI:rotX", "PhysicsDriveAPI:rotY", "PhysicsDriveAPI:rotZ"]
        )
        {
            float drive:rotX:physics:damping = 0.5
            float drive:rotX:physics:stiffness = 5
            float drive:rotX:physics:targetPosition = 0
            uniform token drive:rotX:physics:type = "force"
            float drive:rotY:physics:damping = 0.5
            float drive:rotY:physics:stiffness = 5
            float drive:rotY:physics:targetPosition = 0
            uniform token drive:rotY:physics:type = "force"
            float drive:rotZ:physics:damping = 0.5
            float drive:rotZ:physics:stiffness = 5
            float drive:rotZ:physics:targetPosition = 0
            uniform token drive:rotZ:physics:type = "force"
            rel physics:body0 = </Plant_1/Stem/Internode_o1_r4>
            rel physics:body1 = </Plant_1/Leaves/Leaf_o1_r4_i1>
            float physics:coneAngle0Limit = 45
            float physics:coneAngle1Limit = 45
            point3f physics:localPos0 = (0, 0, 0.008016806)
            point3f physics:localPos1 = (0, 0, 0.11060089)
        }

        def PhysicsSphericalJoint "Joint_Leaf_o1_r4_i2" (
            prepend apiSchemas = ["PhysicsDriveAPI:rotX", "PhysicsDriveAPI:rotY", "PhysicsDriveAPI:rotZ"]
        )
        {
            float drive:rotX:physics:damping = 0.5
            float drive:rotX:physics:stiffness = 5
            float drive:rotX:physics:targetPosition = 0
            uniform token drive:rotX:physics:type = "force"
            float drive:rotY:physics:damping = 0.5
            float drive:rotY:physics:stiffness = 5
            float drive:rotY:physics:targetPosition = 0
            uniform token drive:rotY:physics:type = "force"
            float drive:rotZ:physics:damping = 0.5
            float drive:rotZ:physics:stiffness = 5
            float drive:rotZ:physics:targetPosition = 0
            uniform token drive:rotZ:physics:type = "force"
            rel physics:body0 = </Plant_1/Stem/Internode_o1_r4>
            rel physics:body1 = </Plant_1/Leaves/Leaf_o1_r4_i2>
            float physics:coneAngle0Limit = 45
            float physics:coneAngle1Limit = 45
            point3f physics:localPos0 = (0, 0, 0.008016806)
            point3f physics:localPos1 = (0, 0, 0.11060089)
        }

        def PhysicsSphericalJoint "Joint_Leaf_o1_r3_i0" (
            prepend apiSchemas = ["PhysicsDriveAPI:rotX", "PhysicsDriveAPI:rotY", "PhysicsDriveAPI:rotZ"]
        )
        {
            float drive:rotX:physics:damping = 0.5
            float drive:rotX:physics:stiffness = 5
            float drive:rotX:physics:targetPosition = 0
            uniform token drive:rotX:physics:type = "force"
            float drive:rotY:physics:damping = 0.5
            float drive:rotY:physics:stiffness = 5
            float drive:rotY:physics:targetPosition = 0
            uniform token drive:rotY:physics:type = "force"
            float drive:rotZ:physics:damping = 0.5
            float drive:rotZ:physics:stiffness = 5
            float drive:rotZ:physics:targetPosition = 0
            uniform token drive:rotZ:physics:type = "force"
            rel physics:body0 = </Plant_1/Stem/Internode_o1_r3>
            rel physics:body1 = </Plant_1/Leaves/Leaf_o1_r3_i0>
            float physics:coneAngle0Limit = 45
            float physics:coneAngle1Limit = 45
            point3f physics:localPos0 = (0, 0, 0.009665559)
            point3f physics:localPos1 = (0, 0, 0.084689215)
        }

        def PhysicsSphericalJoint "Joint_Leaf_o1_r3_i1" (
            prepend apiSchemas = ["PhysicsDriveAPI:rotX", "PhysicsDriveAPI:rotY", "PhysicsDriveAPI:rotZ"]
        )
        {
            float drive:rotX:physics:damping = 0.5
            float drive:rotX:physics:stiffness = 5
            float drive:rotX:physics:targetPosition = 0
            uniform token drive:rotX:physics:type = "force"
            float drive:rotY:physics:damping = 0.5
            float drive:rotY:physics:stiffness = 5
            float drive:rotY:physics:targetPosition = 0
            uniform token drive:rotY:physics:type = "force"
            float drive:rotZ:physics:damping = 0.5
            float drive:rotZ:physics:stiffness = 5
            float drive:rotZ:physics:targetPosition = 0
            uniform token drive:rotZ:physics:type = "force"
            rel physics:body0 = </Plant_1/Stem/Internode_o1_r3>
            rel physics:body1 = </Plant_1/Leaves/Leaf_o1_r3_i1>
            float physics:coneAngle0Limit = 45
            float physics:coneAngle1Limit = 45
            point3f physics:localPos0 = (0, 0, 0.012319018)
            point3f physics:localPos1 = (0, 0, 0.09456728)
        }

        def PhysicsSphericalJoint "Joint_Leaf_o1_r3_i2" (
            prepend apiSchemas = ["PhysicsDriveAPI:rotX", "PhysicsDriveAPI:rotY", "PhysicsDriveAPI:rotZ"]
        )
        {
            float drive:rotX:physics:damping = 0.5
            float drive:rotX:physics:stiffness = 5
            float drive:rotX:physics:targetPosition = 0
            uniform token drive:rotX:physics:type = "force"
            float drive:rotY:physics:damping = 0.5
            float drive:rotY:physics:stiffness = 5
            float drive:rotY:physics:targetPosition = 0
            uniform token drive:rotY:physics:type = "force"
            float drive:rotZ:physics:damping = 0.5
            float drive:rotZ:physics:stiffness = 5
            float drive:rotZ:physics:targetPosition = 0
            uniform token drive:rotZ:physics:type = "force"
            rel physics:body0 = </Plant_1/Stem/Internode_o1_r3>
            rel physics:body1 = </Plant_1/Leaves/Leaf_o1_r3_i2>
            float physics:coneAngle0Limit = 45
            float physics:coneAngle1Limit = 45
            point3f physics:localPos0 = (0, 0, 0.012319018)
            point3f physics:localPos1 = (0, 0, 0.09456728)
        }

        def PhysicsSphericalJoint "Joint_Leaf_o1_r3_i3" (
            prepend apiSchemas = ["PhysicsDriveAPI:rotX", "PhysicsDriveAPI:rotY", "PhysicsDriveAPI:rotZ"]
        )
        {
            float drive:rotX:physics:damping = 0.5
            float drive:rotX:physics:stiffness = 5
            float drive:rotX:physics:targetPosition = 0
            uniform token drive:rotX:physics:type = "force"
            float drive:rotY:physics:damping = 0.5
            float drive:rotY:physics:stiffness = 5
            float drive:rotY:physics:targetPosition = 0
            uniform token drive:rotY:physics:type = "force"
            float drive:rotZ:physics:damping = 0.5
            float drive:rotZ:physics:stiffness = 5
            float drive:rotZ:physics:targetPosition = 0
            uniform token drive:rotZ:physics:type = "force"
            rel physics:body0 = </Plant_1/Stem/Internode_o1_r3>
            rel physics:body1 = </Plant_1/Leaves/Leaf_o1_r3_i3>
            float physics:coneAngle0Limit = 45
            float physics:coneAngle1Limit = 45
            point3f physics:localPos0 = (0, 0, 0.012319018)
            point3f physics:localPos1 = (0, 0, 0.09456728)
        }

        def PhysicsSphericalJoint "Joint_Leaf_o1_r2_i0" (
            prepend apiSchemas = ["PhysicsDriveAPI:rotX", "PhysicsDriveAPI:rotY", "PhysicsDriveAPI:rotZ"]
        )
        {
            float drive:rotX:physics:damping = 0.5
            float drive:rotX:physics:stiffness = 5
            float drive:rotX:physics:targetPosition = 0
            uniform token drive:rotX:physics:type = "force"
            float drive:rotY:physics:damping = 0.5
            float drive:rotY:physics:stiffness = 5
            float drive:rotY:physics:targetPosition = 0
            uniform token drive:rotY:physics:type = "force"
            float drive:rotZ:physics:damping = 0.5
            float drive:rotZ:physics:stiffness = 5
            float drive:rotZ:physics:targetPosition = 0
            uniform token drive:rotZ:physics:type = "force"
            rel physics:body0 = </Plant_1/Stem/Internode_o1_r2>
            rel physics:body1 = </Plant_1/Leaves/Leaf_o1_r2_i0>
            float physics:coneAngle0Limit = 45
            float physics:coneAngle1Limit = 45
            point3f physics:localPos0 = (0, 0, 0.013076569)
            point3f physics:localPos1 = (0, 0, 0.0653581)
        }

        def PhysicsSphericalJoint "Joint_Leaf_o0_r8_i0" (
            prepend apiSchemas = ["PhysicsDriveAPI:rotX", "PhysicsDriveAPI:rotY", "PhysicsDriveAPI:rotZ"]
        )
        {
            float drive:rotX:physics:damping = 0.5
            float drive:rotX:physics:stiffness = 5
            float drive:rotX:physics:targetPosition = 0
            uniform token drive:rotX:physics:type = "force"
            float drive:rotY:physics:damping = 0.5
            float drive:rotY:physics:stiffness = 5
            float drive:rotY:physics:targetPosition = 0
            uniform token drive:rotY:physics:type = "force"
            float drive:rotZ:physics:damping = 0.5
            float drive:rotZ:physics:stiffness = 5
            float drive:rotZ:physics:targetPosition = 0
            uniform token drive:rotZ:physics:type = "force"
            rel physics:body0 = </Plant_1/Stem/Internode_o0_r8>
            rel physics:body1 = </Plant_1/Leaves/Leaf_o0_r8_i0>
            float physics:coneAngle0Limit = 45
            float physics:coneAngle1Limit = 45
            point3f physics:localPos0 = (0, 0, 0.017032279)
            point3f physics:localPos1 = (0, 0, 0.1974578)
        }

        def PhysicsSphericalJoint "Joint_Leaf_o1_r2_i1" (
            prepend apiSchemas = ["PhysicsDriveAPI:rotX", "PhysicsDriveAPI:rotY", "PhysicsDriveAPI:rotZ"]
        )
        {
            float drive:rotX:physics:damping = 0.5
            float drive:rotX:physics:stiffness = 5
            float drive:rotX:physics:targetPosition = 0
            uniform token drive:rotX:physics:type = "force"
            float drive:rotY:physics:damping = 0.5
            float drive:rotY:physics:stiffness = 5
            float drive:rotY:physics:targetPosition = 0
            uniform token drive:rotY:physics:type = "force"
            float drive:rotZ:physics:damping = 0.5
            float drive:rotZ:physics:stiffness = 5
            float drive:rotZ:physics:targetPosition = 0
            uniform token drive:rotZ:physics:type = "force"
            rel physics:body0 = </Plant_1/Stem/Internode_o1_r2>
            rel physics:body1 = </Plant_1/Leaves/Leaf_o1_r2_i1>
            float physics:coneAngle0Limit = 45
            float physics:coneAngle1Limit = 45
            point3f physics:localPos0 = (0, 0, 0.014523042)
            point3f physics:localPos1 = (0, 0, 0.06992924)
        }

        def PhysicsSphericalJoint "Joint_Leaf_o1_r2_i2" (
            prepend apiSchemas = ["PhysicsDriveAPI:rotX", "PhysicsDriveAPI:rotY", "PhysicsDriveAPI:rotZ"]
        )
        {
            float drive:rotX:physics:damping = 0.5
            float drive:rotX:physics:stiffness = 5
            float drive:rotX:physics:targetPosition = 0
            uniform token drive:rotX:physics:type = "force"
            float drive:rotY:physics:damping = 0.5
            float drive:rotY:physics:stiffness = 5
            float drive:rotY:physics:targetPosition = 0
            uniform token drive:rotY:physics:type = "force"
            float drive:rotZ:physics:damping = 0.5
            float drive:rotZ:physics:stiffness = 5
            float drive:rotZ:physics:targetPosition = 0
            uniform token drive:rotZ:physics:type = "force"
            rel physics:body0 = </Plant_1/Stem/Internode_o1_r2>
            rel physics:body1 = </Plant_1/Leaves/Leaf_o1_r2_i2>
            float physics:coneAngle0Limit = 45
            float physics:coneAngle1Limit = 45
            point3f physics:localPos0 = (0, 0, 0.014523042)
            point3f physics:localPos1 = (0, 0, 0.06992924)
        }

        def PhysicsSphericalJoint "Joint_Leaf_o1_r2_i3" (
            prepend apiSchemas = ["PhysicsDriveAPI:rotX", "PhysicsDriveAPI:rotY", "PhysicsDriveAPI:rotZ"]
        )
        {
            float drive:rotX:physics:damping = 0.5
            float drive:rotX:physics:stiffness = 5
            float drive:rotX:physics:targetPosition = 0
            uniform token drive:rotX:physics:type = "force"
            float drive:rotY:physics:damping = 0.5
            float drive:rotY:physics:stiffness = 5
            float drive:rotY:physics:targetPosition = 0
            uniform token drive:rotY:physics:type = "force"
            float drive:rotZ:physics:damping = 0.5
            float drive:rotZ:physics:stiffness = 5
            float drive:rotZ:physics:targetPosition = 0
            uniform token drive:rotZ:physics:type = "force"
            rel physics:body0 = </Plant_1/Stem/Internode_o1_r2>
            rel physics:body1 = </Plant_1/Leaves/Leaf_o1_r2_i3>
            float physics:coneAngle0Limit = 45
            float physics:coneAngle1Limit = 45
            point3f physics:localPos0 = (0, 0, 0.014523042)
            point3f physics:localPos1 = (0, 0, 0.06992924)
        }

        def PhysicsSphericalJoint "Joint_Leaf_o1_r1_i0" (
            prepend apiSchemas = ["PhysicsDriveAPI:rotX", "PhysicsDriveAPI:rotY", "PhysicsDriveAPI:rotZ"]
        )
        {
            float drive:rotX:physics:damping = 0.5
            float drive:rotX:physics:stiffness = 5
            float drive:rotX:physics:targetPosition = 0
            uniform token drive:rotX:physics:type = "force"
            float drive:rotY:physics:damping = 0.5
            float drive:rotY:physics:stiffness = 5
            float drive:rotY:physics:targetPosition = 0
            uniform token drive:rotY:physics:type = "force"
            float drive:rotZ:physics:damping = 0.5
            float drive:rotZ:physics:stiffness = 5
            float drive:rotZ:physics:targetPosition = 0
            uniform token drive:rotZ:physics:type = "force"
            rel physics:body0 = </Plant_1/Stem/Internode_o1_r1>
            rel physics:body1 = </Plant_1/Leaves/Leaf_o1_r1_i0>
            float physics:coneAngle0Limit = 45
            float physics:coneAngle1Limit = 45
            point3f physics:localPos0 = (0, 0, 0.014966733)
            point3f physics:localPos1 = (0, 0, 0.039204963)
        }

        def PhysicsSphericalJoint "Joint_Leaf_o0_r7_i0" (
            prepend apiSchemas = ["PhysicsDriveAPI:rotX", "PhysicsDriveAPI:rotY", "PhysicsDriveAPI:rotZ"]
        )
        {
            float drive:rotX:physics:damping = 0.5
            float drive:rotX:physics:stiffness = 5
            float drive:rotX:physics:targetPosition = 0
            uniform token drive:rotX:physics:type = "force"
            float drive:rotY:physics:damping = 0.5
            float drive:rotY:physics:stiffness = 5
            float drive:rotY:physics:targetPosition = 0
            uniform token drive:rotY:physics:type = "force"
            float drive:rotZ:physics:damping = 0.5
            float drive:rotZ:physics:stiffness = 5
            float drive:rotZ:physics:targetPosition = 0
            uniform token drive:rotZ:physics:type = "force"
            rel physics:body0 = </Plant_1/Stem/Internode_o0_r7>
            rel physics:body1 = </Plant_1/Leaves/Leaf_o0_r7_i0>
            float physics:coneAngle0Limit = 45
            float physics:coneAngle1Limit = 45
            point3f physics:localPos0 = (0, 0, 0.018660232)
            point3f physics:localPos1 = (0, 0, 0.16339324)
        }

        def PhysicsSphericalJoint "Joint_Leaf_o1_r1_i1" (
            prepend apiSchemas = ["PhysicsDriveAPI:rotX", "PhysicsDriveAPI:rotY", "PhysicsDriveAPI:rotZ"]
        )
        {
            float drive:rotX:physics:damping = 0.5
            float drive:rotX:physics:stiffness = 5
            float drive:rotX:physics:targetPosition = 0
            uniform token drive:rotX:physics:type = "force"
            float drive:rotY:physics:damping = 0.5
            float drive:rotY:physics:stiffness = 5
            float drive:rotY:physics:targetPosition = 0
            uniform token drive:rotY:physics:type = "force"
            float drive:rotZ:physics:damping = 0.5
            float drive:rotZ:physics:stiffness = 5
            float drive:rotZ:physics:targetPosition = 0
            uniform token drive:rotZ:physics:type = "force"
            rel physics:body0 = </Plant_1/Stem/Internode_o1_r1>
            rel physics:body1 = </Plant_1/Leaves/Leaf_o1_r1_i1>
            float physics:coneAngle0Limit = 45
            float physics:coneAngle1Limit = 45
            point3f physics:localPos0 = (0, 0, 0.015805831)
            point3f physics:localPos1 = (0, 0, 0.040883157)
        }

        def PhysicsSphericalJoint "Joint_Leaf_o1_r1_i2" (
            prepend apiSchemas = ["PhysicsDriveAPI:rotX", "PhysicsDriveAPI:rotY", "PhysicsDriveAPI:rotZ"]
        )
        {
            float drive:rotX:physics:damping = 0.5
            float drive:rotX:physics:stiffness = 5
            float drive:rotX:physics:targetPosition = 0
            uniform token drive:rotX:physics:type = "force"
            float drive:rotY:physics:damping = 0.5
            float drive:rotY:physics:stiffness = 5
            float drive:rotY:physics:targetPosition = 0
            uniform token drive:rotY:physics:type = "force"
            float drive:rotZ:physics:damping = 0.5
            float drive:rotZ:physics:stiffness = 5
            float drive:rotZ:physics:targetPosition = 0
            uniform token drive:rotZ:physics:type = "force"
            rel physics:body0 = </Plant_1/Stem/Internode_o1_r1>
            rel physics:body1 = </Plant_1/Leaves/Leaf_o1_r1_i2>
            float physics:coneAngle0Limit = 45
            float physics:coneAngle1Limit = 45
            point3f physics:localPos0 = (0, 0, 0.015805831)
            point3f physics:localPos1 = (0, 0, 0.040883157)
        }

        def PhysicsSphericalJoint "Joint_Leaf_o1_r1_i3" (
            prepend apiSchemas = ["PhysicsDriveAPI:rotX", "PhysicsDriveAPI:rotY", "PhysicsDriveAPI:rotZ"]
        )
        {
            float drive:rotX:physics:damping = 0.5
            float drive:rotX:physics:stiffness = 5
            float drive:rotX:physics:targetPosition = 0
            uniform token drive:rotX:physics:type = "force"
            float drive:rotY:physics:damping = 0.5
            float drive:rotY:physics:stiffness = 5
            float drive:rotY:physics:targetPosition = 0
            uniform token drive:rotY:physics:type = "force"
            float drive:rotZ:physics:damping = 0.5
            float drive:rotZ:physics:stiffness = 5
            float drive:rotZ:physics:targetPosition = 0
            uniform token drive:rotZ:physics:type = "force"
            rel physics:body0 = </Plant_1/Stem/Internode_o1_r1>
            rel physics:body1 = </Plant_1/Leaves/Leaf_o1_r1_i3>
            float physics:coneAngle0Limit = 45
            float physics:coneAngle1Limit = 45
            point3f physics:localPos0 = (0, 0, 0.015805831)
            point3f physics:localPos1 = (0, 0, 0.040883157)
        }

        def PhysicsSphericalJoint "Joint_Leaf_o0_r6_i0" (
            prepend apiSchemas = ["PhysicsDriveAPI:rotX", "PhysicsDriveAPI:rotY", "PhysicsDriveAPI:rotZ"]
        )
        {
            float drive:rotX:physics:damping = 0.5
            float drive:rotX:physics:stiffness = 5
            float drive:rotX:physics:targetPosition = 0
            uniform token drive:rotX:physics:type = "force"
            float drive:rotY:physics:damping = 0.5
            float drive:rotY:physics:stiffness = 5
            float drive:rotY:physics:targetPosition = 0
            uniform token drive:rotY:physics:type = "force"
            float drive:rotZ:physics:damping = 0.5
            float drive:rotZ:physics:stiffness = 5
            float drive:rotZ:physics:targetPosition = 0
            uniform token drive:rotZ:physics:type = "force"
            rel physics:body0 = </Plant_1/Stem/Internode_o0_r6>
            rel physics:body1 = </Plant_1/Leaves/Leaf_o0_r6_i0>
            float physics:coneAngle0Limit = 45
            float physics:coneAngle1Limit = 45
            point3f physics:localPos0 = (0, 0, 0.019365368)
            point3f physics:localPos1 = (0, 0, 0.12607278)
        }

        def PhysicsSphericalJoint "Joint_Leaf_o0_r5_i0" (
            prepend apiSchemas = ["PhysicsDriveAPI:rotX", "PhysicsDriveAPI:rotY", "PhysicsDriveAPI:rotZ"]
        )
        {
            float drive:rotX:physics:damping = 0.5
            float drive:rotX:physics:stiffness = 5
            float drive:rotX:physics:targetPosition = 0
            uniform token drive:rotX:physics:type = "force"
            float drive:rotY:physics:damping = 0.5
            float drive:rotY:physics:stiffness = 5
            float drive:rotY:physics:targetPosition = 0
            uniform token drive:rotY:physics:type = "force"
            float drive:rotZ:physics:damping = 0.5
            float drive:rotZ:physics:stiffness = 5
            float drive:rotZ:physics:targetPosition = 0
            uniform token drive:rotZ:physics:type = "force"
            rel physics:body0 = </Plant_1/Stem/Internode_o0_r5>
            rel physics:body1 = </Plant_1/Leaves/Leaf_o0_r5_i0>
            float physics:coneAngle0Limit = 45
            float physics:coneAngle1Limit = 45
            point3f physics:localPos0 = (0, 0, 0.008622746)
            point3f physics:localPos1 = (0, 0, 0.08734204)
        }

        def PhysicsSphericalJoint "Joint_Leaf_o0_r4_i0" (
            prepend apiSchemas = ["PhysicsDriveAPI:rotX", "PhysicsDriveAPI:rotY", "PhysicsDriveAPI:rotZ"]
        )
        {
            float drive:rotX:physics:damping = 0.5
            float drive:rotX:physics:stiffness = 5
            float drive:rotX:physics:targetPosition = 0
            uniform token drive:rotX:physics:type = "force"
            float drive:rotY:physics:damping = 0.5
            float drive:rotY:physics:stiffness = 5
            float drive:rotY:physics:targetPosition = 0
            uniform token drive:rotY:physics:type = "force"
            float drive:rotZ:physics:damping = 0.5
            float drive:rotZ:physics:stiffness = 5
            float drive:rotZ:physics:targetPosition = 0
            uniform token drive:rotZ:physics:type = "force"
            rel physics:body0 = </Plant_1/Stem/Internode_o0_r4>
            rel physics:body1 = </Plant_1/Leaves/Leaf_o0_r4_i0>
            float physics:coneAngle0Limit = 45
            float physics:coneAngle1Limit = 45
            point3f physics:localPos0 = (0, 0, 0.008581667)
            point3f physics:localPos1 = (0, 0, 0.07009655)
        }

        def PhysicsSphericalJoint "Joint_Leaf_o0_r3_i0" (
            prepend apiSchemas = ["PhysicsDriveAPI:rotX", "PhysicsDriveAPI:rotY", "PhysicsDriveAPI:rotZ"]
        )
        {
            float drive:rotX:physics:damping = 0.5
            float drive:rotX:physics:stiffness = 5
            float drive:rotX:physics:targetPosition = 0
            uniform token drive:rotX:physics:type = "force"
            float drive:rotY:physics:damping = 0.5
            float drive:rotY:physics:stiffness = 5
            float drive:rotY:physics:targetPosition = 0
            uniform token drive:rotY:physics:type = "force"
            float drive:rotZ:physics:damping = 0.5
            float drive:rotZ:physics:stiffness = 5
            float drive:rotZ:physics:targetPosition = 0
            uniform token drive:rotZ:physics:type = "force"
            rel physics:body0 = </Plant_1/Stem/Internode_o0_r3>
            rel physics:body1 = </Plant_1/Leaves/Leaf_o0_r3_i0>
            float physics:coneAngle0Limit = 45
            float physics:coneAngle1Limit = 45
            point3f physics:localPos0 = (0, 0, 0.008550551)
            point3f physics:localPos1 = (0, 0, 0.052933216)
        }

        def PhysicsSphericalJoint "Joint_Leaf_o0_r0_i0" (
            prepend apiSchemas = ["PhysicsDriveAPI:rotX", "PhysicsDriveAPI:rotY", "PhysicsDriveAPI:rotZ"]
        )
        {
            float drive:rotX:physics:damping = 0.5
            float drive:rotX:physics:stiffness = 5
            float drive:rotX:physics:targetPosition = 0
            uniform token drive:rotX:physics:type = "force"
            float drive:rotY:physics:damping = 0.5
            float drive:rotY:physics:stiffness = 5
            float drive:rotY:physics:targetPosition = 0
            uniform token drive:rotY:physics:type = "force"
            float drive:rotZ:physics:damping = 0.5
            float drive:rotZ:physics:stiffness = 5
            float drive:rotZ:physics:targetPosition = 0
            uniform token drive:rotZ:physics:type = "force"
            rel physics:body0 = </Plant_1/Stem/Internode_o0_r0>
            rel physics:body1 = </Plant_1/Leaves/Leaf_o0_r0_i0>
            float physics:coneAngle0Limit = 45
            float physics:coneAngle1Limit = 45
            point3f physics:localPos0 = (0, 0, 0.0046357475)
            point3f physics:localPos1 = (0, 0, 0.009271495)
        }

        def PhysicsSphericalJoint "Joint_Leaf_o0_r1_i0" (
            prepend apiSchemas = ["PhysicsDriveAPI:rotX", "PhysicsDriveAPI:rotY", "PhysicsDriveAPI:rotZ"]
        )
        {
            float drive:rotX:physics:damping = 0.5
            float drive:rotX:physics:stiffness = 5
            float drive:rotX:physics:targetPosition = 0
            uniform token drive:rotX:physics:type = "force"
            float drive:rotY:physics:damping = 0.5
            float drive:rotY:physics:stiffness = 5
            float drive:rotY:physics:targetPosition = 0
            uniform token drive:rotY:physics:type = "force"
            float drive:rotZ:physics:damping = 0.5
            float drive:rotZ:physics:stiffness = 5
            float drive:rotZ:physics:targetPosition = 0
            uniform token drive:rotZ:physics:type = "force"
            rel physics:body0 = </Plant_1/Stem/Internode_o0_r1>
            rel physics:body1 = </Plant_1/Leaves/Leaf_o0_r1_i0>
            float physics:coneAngle0Limit = 45
            float physics:coneAngle1Limit = 45
            point3f physics:localPos0 = (0, 0, 0.005019568)
            point3f physics:localPos1 = (0, 0, 0.01931063)
        }

        def PhysicsSphericalJoint "Joint_Leaf_o0_r2_i0" (
            prepend apiSchemas = ["PhysicsDriveAPI:rotX", "PhysicsDriveAPI:rotY", "PhysicsDriveAPI:rotZ"]
        )
        {
            float drive:rotX:physics:damping = 0.5
            float drive:rotX:physics:stiffness = 5
            float drive:rotX:physics:targetPosition = 0
            uniform token drive:rotX:physics:type = "force"
            float drive:rotY:physics:damping = 0.5
            float drive:rotY:physics:stiffness = 5
            float drive:rotY:physics:targetPosition = 0
            uniform token drive:rotY:physics:type = "force"
            float drive:rotZ:physics:damping = 0.5
            float drive:rotZ:physics:stiffness = 5
            float drive:rotZ:physics:targetPosition = 0
            uniform token drive:rotZ:physics:type = "force"
            rel physics:body0 = </Plant_1/Stem/Internode_o0_r2>
            rel physics:body1 = </Plant_1/Leaves/Leaf_o0_r2_i0>
            float physics:coneAngle0Limit = 45
            float physics:coneAngle1Limit = 45
            point3f physics:localPos0 = (0, 0, 0.008260741)
            point3f physics:localPos1 = (0, 0, 0.035832115)
        }
    }

    def Xform "Trusses"
    {
        def Xform "Truss_r6_i0"
        {
            def Cylinder "Rachis_0"
            {
                uniform token axis = "Z"
                double height = 0.012
                rel material:binding = </Plant_1/Materials/Pedicel>
                double radius = 0.00075
                matrix4d xformOp:transform = ( (-0.9659258262890682, -0.25881904510252085, 0, 0), (0.1830127018922194, -0.6830127018922193, 0.7071067811865475, 0), (-0.18301270189221938, 0.6830127018922193, 0.7071067811865476, 0), (-0.0010980762113533163, 0.004098076211353316, 0.1303154186871193, 1) )
                uniform token[] xformOpOrder = ["xformOp:transform"]
            }

            def Cylinder "Pedicel_0"
            {
                uniform token axis = "Z"
                double height = 0.003
                rel material:binding = </Plant_1/Materials/Pedicel>
                double radius = 0.0006000000000000001
                matrix4d xformOp:transform = ( (-0.25881904510252085, 0.9659258262890683, 0, 0), (0, 0, 1.0000000000000002, 0), (0.9659258262890683, 0.25881904510252085, -0, 0), (-0.0007472636832730301, 0.008584380990360413, 0.13455805937423856, 1) )
                uniform token[] xformOpOrder = ["xformOp:transform"]
            }

            def Sphere "Fruit_0" (
                prepend apiSchemas = ["PhysicsRigidBodyAPI", "PhysicsMassAPI", "PhysicsCollisionAPI"]
            )
            {
                rel material:binding = </Plant_1/Materials/FruitUnripe>
                bool physics:kinematicEnabled = 1
                float physics:mass = 0.0075341905
                double radius = 0.011965189
                matrix4d xformOp:transform = ( (1, 0, 0, 0), (0, 1, 0, 0), (0, 0, 1, 0), (0.012259110127690445, 0.01206942834946538, 0.13455805937423856, 1) )
                uniform token[] xformOpOrder = ["xformOp:transform"]
            }

            def Cylinder "Rachis_1"
            {
                uniform token axis = "Z"
                double height = 0.012
                rel material:binding = </Plant_1/Materials/Pedicel>
                double radius = 0.00075
                matrix4d xformOp:transform = ( (-0.9659258262890683, -0.25881904510252085, 0, 0), (0.1521300177236822, -0.5677569555011356, 0.8090169943749475, 0), (-0.20938900595583537, 0.7814504087735197, 0.5877852522924731, 0), (-0.0034524864584416447, 0.01288485487534775, 0.1380847708879934, 1) )
                uniform token[] xformOpOrder = ["xformOp:transform"]
            }

            def Cylinder "Pedicel_1"
            {
                uniform token axis = "Z"
                double height = 0.003
                rel material:binding = </Plant_1/Materials/Pedicel>
                double radius = 0.0006000000000000001
                matrix4d xformOp:transform = ( (0.25881904510252085, -0.9659258262890683, 0, 0), (0, 0, 1.0000000000000002, 0), (-0.9659258262890683, -0.25881904510252085, 0, 0), (-0.0061577092336102595, 0.017185328760335086, 0.14161148240174826, 1) )
                uniform token[] xformOpOrder = ["xformOp:transform"]
            }

            def Sphere "Fruit_1" (
                prepend apiSchemas = ["PhysicsRigidBodyAPI", "PhysicsMassAPI", "PhysicsCollisionAPI"]
            )
            {
                rel material:binding = </Plant_1/Materials/FruitUnripe>
                bool physics:kinematicEnabled = 1
                float physics:mass = 0.006576183
                double radius = 0.01143489
                matrix4d xformOp:transform = ( (1, 0, 0, 0), (0, 1, 0, 0), (0, 0, 1, 0), (-0.018651853544818464, 0.013837532882028943, 0.14161148240174826, 1) )
                uniform token[] xformOpOrder = ["xformOp:transform"]
            }

            def Cylinder "Rachis_2"
            {
                uniform token axis = "Z"
                double height = 0.012
                rel material:binding = </Plant_1/Materials/Pedicel>
                double radius = 0.00075
                matrix4d xformOp:transform = ( (-0.9659258262890683, -0.25881904510252085, 0, 0), (0.11750138762820576, -0.4385211485883089, 0.8910065241883679, 0), (-0.23060945777054953, 0.8606462131056, 0.45399049973954686, 0), (-0.0060924772407999536, 0.02273743460662247, 0.14433542540018554, 1) )
                uniform token[] xformOpOrder = ["xformOp:transform"]
            }

            def Cylinder "Pedicel_2"
            {
                uniform token axis = "Z"
                double height = 0.003
                rel material:binding = </Plant_1/Materials/Pedicel>
                double radius = 0.0006000000000000001
                matrix4d xformOp:transform = ( (-0.25881904510252085, 0.9659258262890683, 0, 0), (0, 0, 1.0000000000000002, 0), (0.9659258262890683, 0.25881904510252085, -0, 0), (-0.006027245247989648, 0.02828954045290985, 0.14705936839862283, 1) )
                uniform token[] xformOpOrder = ["xformOp:transform"]
            }

            def Sphere "Fruit_2" (
                prepend apiSchemas = ["PhysicsRigidBodyAPI", "PhysicsMassAPI", "PhysicsCollisionAPI"]
            )
            {
                rel material:binding = </Plant_1/Materials/FruitUnripe>
                bool physics:kinematicEnabled = 1
                float physics:mass = 0.005036549
                double radius = 0.0104620885
                matrix4d xformOp:transform = ( (1, 0, 0, 0), (0, 1, 0, 0), (0, 0, 1, 0), (0.005527244970515813, 0.0313855567759117, 0.14705936839862283, 1) )
                uniform token[] xformOpOrder = ["xformOp:transform"]
            }

            def Cylinder "Rachis_3"
            {
                uniform token axis = "Z"
                double height = 0.012
                rel material:binding = </Plant_1/Materials/Pedicel>
                double radius = 0.00075
                matrix4d xformOp:transform = ( (-0.9659258262890683, -0.25881904510252085, 0, 0), (0.07997948340457497, -0.2984874956289855, 0.9510565162951536, 0), (-0.24615153938604173, 0.918650051349999, 0.3090169943749475, 0), (-0.008953043223739502, 0.033413212193356065, 0.1489134703648725, 1) )
                uniform token[] xformOpOrder = ["xformOp:transform"]
            }

            def Cylinder "Pedicel_3"
            {
                uniform token axis = "Z"
                double height = 0.003
                rel material:binding = </Plant_1/Materials/Pedicel>
                double radius = 0.0006000000000000001
                matrix4d xformOp:transform = ( (0.25881904510252085, -0.9659258262890683, 0, 0), (0, 0, 1.0000000000000002, 0), (-0.9659258262890683, -0.25881904510252085, 0, 0), (-0.011878841199489353, 0.03853688393380227, 0.1507675723311222, 1) )
                uniform token[] xformOpOrder = ["xformOp:transform"]
            }

            def Sphere "Fruit_3" (
                prepend apiSchemas = ["PhysicsRigidBodyAPI", "PhysicsMassAPI", "PhysicsCollisionAPI"]
            )
            {
                rel material:binding = </Plant_1/Materials/FruitUnripe>
                bool physics:kinematicEnabled = 1
                float physics:mass = 0.0034394795
                double radius = 0.009213082
                matrix4d xformOp:transform = ( (1, 0, 0, 0), (0, 1, 0, 0), (0, 0, 1, 0), (-0.0222268837824419, 0.03576413428045727, 0.1507675723311222, 1) )
                uniform token[] xformOpOrder = ["xformOp:transform"]
            }

            def Cylinder "Rachis_4"
            {
                uniform token axis = "Z"
                double height = 0.012
                rel material:binding = </Plant_1/Materials/Pedicel>
                double radius = 0.00075
                matrix4d xformOp:transform = ( (-0.9659258262890683, -0.25881904510252085, 0, 0), (0.040488218862836246, -0.15110408990407342, 0.9876883405951378, 0), (-0.25563255317172695, 0.9540336765054371, 0.15643446504023092, 0), (-0.011963747779086114, 0.04464931456048868, 0.15170617912136358, 1) )
                uniform token[] xformOpOrder = ["xformOp:transform"]
            }

            def Cylinder "Pedicel_4"
            {
                uniform token axis = "Z"
                double height = 0.003
                rel material:binding = </Plant_1/Materials/Pedicel>
                double radius = 0.0006000000000000001
                matrix4d xformOp:transform = ( (-0.25881904510252085, 0.9659258262890683, 0, 0), (0, 0, 1.0000000000000002, 0), (0.9659258262890683, 0.25881904510252085, -0, 0), (-0.012048654358682872, 0.050761745187175085, 0.15264478591160496, 1) )
                uniform token[] xformOpOrder = ["xformOp:transform"]
            }

            def Sphere "Fruit_4" (
                prepend apiSchemas = ["PhysicsRigidBodyAPI", "PhysicsMassAPI", "PhysicsCollisionAPI"]
            )
            {
                rel material:binding = </Plant_1/Materials/FruitUnripe>
                bool physics:kinematicEnabled = 1
                float physics:mass = 0.002393495
                double radius = 0.008164286
                matrix4d xformOp:transform = ( (1, 0, 0, 0), (0, 1, 0, 0), (0, 0, 1, 0), (-0.002713670918638998, 0.05326304646129274, 0.15264478591160496, 1) )
                uniform token[] xformOpOrder = ["xformOp:transform"]
            }

            def Cylinder "Pedicel_5"
            {
                uniform token axis = "Z"
                double height = 0.003
                rel material:binding = </Plant_1/Materials/Pedicel>
                double radius = 0.0006000000000000001
                matrix4d xformOp:transform = ( (-0.9659258262890683, -0.25881904510252085, 0, 0), (0.040488218862836246, -0.15110408990407342, 0.9876883405951378, 0), (-0.25563255317172695, 0.9540336765054371, 0.15643446504023092, 0), (-0.013880991927874065, 0.05180456713427946, 0.1528794376091653, 1) )
                uniform token[] xformOpOrder = ["xformOp:transform"]
            }

            def Sphere "Fruit_5" (
                prepend apiSchemas = ["PhysicsRigidBodyAPI", "PhysicsMassAPI", "PhysicsCollisionAPI"]
            )
            {
                rel material:binding = </Plant_1/Materials/FruitUnripe>
                bool physics:kinematicEnabled = 1
                float physics:mass = 0.00095850317
                double radius = 0.006017811
                matrix4d xformOp:transform = ( (1, 0, 0, 0), (0, 1, 0, 0), (0, 0, 1, 0), (-0.015802789148066557, 0.05897681200188248, 0.15405548235122388, 1) )
                uniform token[] xformOpOrder = ["xformOp:transform"]
            }
        }

        def Xform "Truss_r7_i0"
        {
            def Cylinder "Rachis_0"
            {
                uniform token axis = "Z"
                double height = 0.012
                rel material:binding = </Plant_1/Materials/Pedicel>
                double radius = 0.00075
                matrix4d xformOp:transform = ( (0.8870108331782215, -0.46174861323503436, 0, 0), (0.32650557562197724, 0.6272113751262499, 0.7071067811865475, 0), (-0.3265055756219772, -0.6272113751262498, 0.7071067811865476, 0), (-0.001959033453731863, -0.0037632682507574987, 0.1676358836871193, 1) )
                uniform token[] xformOpOrder = ["xformOp:transform"]
            }

            def Cylinder "Pedicel_0"
            {
                uniform token axis = "Z"
                double height = 0.003
                rel material:binding = </Plant_1/Materials/Pedicel>
                double radius = 0.0006000000000000001
                matrix4d xformOp:transform = ( (-0.46174861323503436, -0.8870108331782215, 0, 0), (0, 0, 1, 0), (-0.8870108331782215, 0.46174861323503436, -0, 0), (-0.005248583157231058, -0.006833913581662446, 0.17187852437423856, 1) )
                uniform token[] xformOpOrder = ["xformOp:transform"]
            }

            def Sphere "Fruit_0" (
                prepend apiSchemas = ["PhysicsRigidBodyAPI", "PhysicsMassAPI", "PhysicsCollisionAPI"]
            )
            {
                rel material:binding = </Plant_1/Materials/FruitUnripe>
                bool physics:kinematicEnabled = 1
                float physics:mass = 0.005560835
                double radius = 0.010813195
                matrix4d xformOp:transform = ( (1, 0, 0, 0), (0, 1, 0, 0), (0, 0, 1, 0), (-0.01617052051326697, -0.0011483128659198873, 0.17187852437423856, 1) )
                uniform token[] xformOpOrder = ["xformOp:transform"]
            }

            def Cylinder "Rachis_1"
            {
                uniform token axis = "Z"
                double height = 0.012
                rel material:binding = </Plant_1/Materials/Pedicel>
                double radius = 0.00075
                matrix4d xformOp:transform = ( (0.8870108331782215, -0.46174861323503436, 0, 0), (0.27140902512605425, 0.5213718863658178, 0.8090169943749475, 0), (-0.37356247523620756, -0.7176068382358627, 0.5877852522924731, 0), (-0.006159441758880972, -0.011832177530930174, 0.1754052358879934, 1) )
                uniform token[] xformOpOrder = ["xformOp:transform"]
            }

            def Cylinder "Pedicel_1"
            {
                uniform token axis = "Z"
                double height = 0.003
                rel material:binding = </Plant_1/Materials/Pedicel>
                double radius = 0.0006000000000000001
                matrix4d xformOp:transform = ( (0.46174861323503436, 0.8870108331782215, -0, 0), (0, 0, 1, 0), (0.8870108331782215, -0.46174861323503436, 0, 0), (-0.0070703003605308845, -0.0168304414801979, 0.17893194740174823, 1) )
                uniform token[] xformOpOrder = ["xformOp:transform"]
            }

            def Sphere "Fruit_1" (
                prepend apiSchemas = ["PhysicsRigidBodyAPI", "PhysicsMassAPI", "PhysicsCollisionAPI"]
            )
            {
                rel material:binding = </Plant_1/Materials/FruitUnripe>
                bool physics:kinematicEnabled = 1
                float physics:mass = 0.0045056716
                double radius = 0.010080774
                matrix4d xformOp:transform = ( (1, 0, 0, 0), (0, 1, 0, 0), (0, 0, 1, 0), (0.0032019716340578007, -0.022177847814886242, 0.17893194740174823, 1) )
                uniform token[] xformOpOrder = ["xformOp:transform"]
            }

            def Cylinder "Rachis_2"
            {
                uniform token axis = "Z"
                double height = 0.012
                rel material:binding = </Plant_1/Materials/Pedicel>
                double radius = 0.00075
                matrix4d xformOp:transform = ( (0.8870108331782215, -0.4617486132350344, 0, 0), (0.20962948367661602, 0.4026944914289726, 0.891006524188368, 0), (-0.411421026927347, -0.7903324393875554, 0.45399049973954686, 0), (-0.010869342771862299, -0.02087981319667068, 0.1816558904001855, 1) )
                uniform token[] xformOpOrder = ["xformOp:transform"]
            }

            def Cylinder "Pedicel_2"
            {
                uniform token axis = "Z"
                double height = 0.003
                rel material:binding = </Plant_1/Materials/Pedicel>
                double radius = 0.0006000000000000001
                matrix4d xformOp:transform = ( (-0.46174861323503436, -0.8870108331782215, 0, 0), (0, 0, 1, 0), (-0.8870108331782215, 0.46174861323503436, -0, 0), (-0.014668385183193713, -0.02492918491314346, 0.1843798333986228, 1) )
                uniform token[] xformOpOrder = ["xformOp:transform"]
            }

            def Sphere "Fruit_2" (
                prepend apiSchemas = ["PhysicsRigidBodyAPI", "PhysicsMassAPI", "PhysicsCollisionAPI"]
            )
            {
                rel material:binding = </Plant_1/Materials/FruitUnripe>
                bool physics:kinematicEnabled = 1
                float physics:mass = 0.002911761
                double radius = 0.008715506
                matrix4d xformOp:transform = ( (1, 0, 0, 0), (0, 1, 0, 0), (0, 0, 1, 0), (-0.023729649671590834, -0.020212189184149288, 0.1843798333986228, 1) )
                uniform token[] xformOpOrder = ["xformOp:transform"]
            }

            def Cylinder "Rachis_3"
            {
                uniform token axis = "Z"
                double height = 0.012
                rel material:binding = </Plant_1/Materials/Pedicel>
                double radius = 0.00075
                matrix4d xformOp:transform = ( (0.8870108331782215, -0.46174861323503436, 0, 0), (0.1426881686186904, 0.27410142164675194, 0.9510565162951535, 0), (-0.43914902750743, -0.843597432918541, 0.30901699437494745, 0), (-0.01597276309847096, -0.03068339243050726, 0.18623393536487248, 1) )
                uniform token[] xformOpOrder = ["xformOp:transform"]
            }

            def Cylinder "Pedicel_3"
            {
                uniform token axis = "Z"
                double height = 0.003
                rel material:binding = </Plant_1/Materials/Pedicel>
                double radius = 0.0006000000000000001
                matrix4d xformOp:transform = ( (0.46174861323503436, 0.8870108331782215, -0, 0), (0, 0, 1, 0), (0.8870108331782215, -0.46174861323503436, 0, 0), (-0.01727714101374821, -0.036437599947871054, 0.18808803733112217, 1) )
                uniform token[] xformOpOrder = ["xformOp:transform"]
            }

            def Sphere "Fruit_3" (
                prepend apiSchemas = ["PhysicsRigidBodyAPI", "PhysicsMassAPI", "PhysicsCollisionAPI"]
            )
            {
                rel material:binding = </Plant_1/Materials/FruitUnripe>
                bool physics:kinematicEnabled = 1
                float physics:mass = 0.0014086185
                double radius = 0.006841823
                matrix4d xformOp:transform = ( (1, 0, 0, 0), (0, 1, 0, 0), (0, 0, 1, 0), (-0.00987785364429296, -0.04028942514997317, 0.18808803733112217, 1) )
                uniform token[] xformOpOrder = ["xformOp:transform"]
            }

            def Cylinder "Pedicel_4"
            {
                uniform token axis = "Z"
                double height = 0.003
                rel material:binding = </Plant_1/Materials/Pedicel>
                double radius = 0.0006000000000000001
                matrix4d xformOp:transform = ( (0.8870108331782215, -0.46174861323503436, 0, 0), (0.1426881686186904, 0.27410142164675194, 0.9510565162951535, 0), (-0.43914902750743, -0.843597432918541, 0.30901699437494745, 0), (-0.019266380804776686, -0.03701037317739631, 0.1885515628226846, 1) )
                uniform token[] xformOpOrder = ["xformOp:transform"]
            }

            def Sphere "Fruit_4" (
                prepend apiSchemas = ["PhysicsRigidBodyAPI", "PhysicsMassAPI", "PhysicsCollisionAPI"]
            )
            {
                rel material:binding = </Plant_1/Materials/FruitUnripe>
                bool physics:kinematicEnabled = 1
                float physics:mass = 0.0005515322
                double radius = 0.00500531
                matrix4d xformOp:transform = ( (1, 0, 0, 0), (0, 1, 0, 0), (0, 0, 1, 0), (-0.022123181364911048, -0.042498235993735624, 0.1905618141663619, 1) )
                uniform token[] xformOpOrder = ["xformOp:transform"]
            }
        }

        def Xform "Truss_r8_i0"
        {
            def Cylinder "Rachis_0"
            {
                uniform token axis = "Z"
                double height = 0.012
                rel material:binding = </Plant_1/Materials/Pedicel>
                double radius = 0.00075
                matrix4d xformOp:transform = ( (-0.3420201433256687, 0.9396926207859084, 0, 0), (-0.6644630243886748, -0.24184476264797528, 0.7071067811865475, 0), (0.6644630243886747, 0.24184476264797522, 0.7071067811865476, 0), (0.003986778146332048, 0.0014510685758878513, 0.2017004406871193, 1) )
                uniform token[] xformOpOrder = ["xformOp:transform"]
            }

            def Cylinder "Pedicel_0"
            {
                uniform token axis = "Z"
                double height = 0.003
                rel material:binding = </Plant_1/Materials/Pedicel>
                double radius = 0.0006000000000000001
                matrix4d xformOp:transform = ( (0.9396926207859084, 0.3420201433256687, -0, 0), (0, 0, 1, 0), (0.3420201433256687, -0.9396926207859084, -0, 0), (0.0084865865076526, 0.00149259822059684, 0.20594308137423856, 1) )
                uniform token[] xformOpOrder = ["xformOp:transform"]
            }

            def Sphere "Fruit_0" (
                prepend apiSchemas = ["PhysicsRigidBodyAPI", "PhysicsMassAPI", "PhysicsCollisionAPI"]
            )
            {
                rel material:binding = </Plant_1/Materials/FruitUnripe>
                bool physics:kinematicEnabled = 1
                float physics:mass = 0.002911761
                double radius = 0.008715506
                matrix4d xformOp:transform = ( (1, 0, 0, 0), (0, 1, 0, 0), (0, 0, 1, 0), (0.011980495333916829, -0.008106837385197333, 0.20594308137423856, 1) )
                uniform token[] xformOpOrder = ["xformOp:transform"]
            }

            def Cylinder "Rachis_1"
            {
                uniform token axis = "Z"
                double height = 0.012
                rel material:binding = </Plant_1/Materials/Pedicel>
                double radius = 0.00075
                matrix4d xformOp:transform = ( (-0.3420201433256687, 0.9396926207859085, 0, 0), (-0.5523374641860206, -0.201034396233786, 0.8090169943749476, 0), (0.760227299704533, 0.27670010836902126, 0.5877852522924731, 0), (0.012534920090891292, 0.00456233780198983, 0.2094697928879934, 1) )
                uniform token[] xformOpOrder = ["xformOp:transform"]
            }

            def Cylinder "Pedicel_1"
            {
                uniform token axis = "Z"
                double height = 0.003
                rel material:binding = </Plant_1/Materials/Pedicel>
                double radius = 0.0006000000000000001
                matrix4d xformOp:transform = ( (-0.9396926207859084, -0.3420201433256687, 0, 0), (0, 0, 1, 0), (-0.3420201433256687, 0.9396926207859084, 0, 0), (0.016583253674129987, 0.00763207738338282, 0.21299650440174822, 1) )
                uniform token[] xformOpOrder = ["xformOp:transform"]
            }

            def Sphere "Fruit_1" (
                prepend apiSchemas = ["PhysicsRigidBodyAPI", "PhysicsMassAPI", "PhysicsCollisionAPI"]
            )
            {
                rel material:binding = </Plant_1/Materials/FruitUnripe>
                bool physics:kinematicEnabled = 1
                float physics:mass = 0.0018884001
                double radius = 0.007544064
                matrix4d xformOp:transform = ( (1, 0, 0, 0), (0, 1, 0, 0), (0, 0, 1, 0), (0.013490001608603468, 0.016130717586098305, 0.21299650440174822, 1) )
                uniform token[] xformOpOrder = ["xformOp:transform"]
            }

            def Cylinder "Pedicel_2"
            {
                uniform token axis = "Z"
                double height = 0.003
                rel material:binding = </Plant_1/Materials/Pedicel>
                double radius = 0.0006000000000000001
                matrix4d xformOp:transform = ( (-0.3420201433256687, 0.9396926207859085, 0, 0), (-0.5523374641860206, -0.201034396233786, 0.8090169943749476, 0), (0.760227299704533, 0.27670010836902126, 0.5877852522924731, 0), (0.01823662483867529, 0.0066375886147574895, 0.21387818228018693, 1) )
                uniform token[] xformOpOrder = ["xformOp:transform"]
            }

            def Sphere "Fruit_2" (
                prepend apiSchemas = ["PhysicsRigidBodyAPI", "PhysicsMassAPI", "PhysicsCollisionAPI"]
            )
            {
                rel material:binding = </Plant_1/Materials/FruitUnripe>
                bool physics:kinematicEnabled = 1
                float physics:mass = 0.0005515322
                double radius = 0.00500531
                matrix4d xformOp:transform = ( (1, 0, 0, 0), (0, 1, 0, 0), (0, 0, 1, 0), (0.023182139093716185, 0.008437608596731568, 0.21770190755977767, 1) )
                uniform token[] xformOpOrder = ["xformOp:transform"]
            }
        }

        def Xform "Truss_r9_i0"
        {
            def Cylinder "Rachis_0"
            {
                uniform token axis = "Z"
                double height = 0.012
                rel material:binding = </Plant_1/Materials/Pedicel>
                double radius = 0.00075
                matrix4d xformOp:transform = ( (-0.3826834323650899, -0.9238795325112867, 0, 0), (0.6532814824381883, -0.2705980500730986, 0.7071067811865475, 0), (-0.6532814824381882, 0.27059805007309856, 0.7071067811865476, 0), (-0.003919688894629129, 0.0016235883004385914, 0.2211956096871193, 1) )
                uniform token[] xformOpOrder = ["xformOp:transform"]
            }

            def Cylinder "Pedicel_0"
            {
                uniform token axis = "Z"
                double height = 0.003
                rel material:binding = </Plant_1/Materials/Pedicel>
                double radius = 0.0006000000000000001
                matrix4d xformOp:transform = ( (-0.9238795325112867, 0.3826834323650899, 0, 0), (0, 0, 1, 0), (0.3826834323650899, 0.9238795325112867, -0, 0), (-0.007265352640710623, 0.004632995899644113, 0.22543825037423856, 1) )
                uniform token[] xformOpOrder = ["xformOp:transform"]
            }

            def Sphere "Fruit_0" (
                prepend apiSchemas = ["PhysicsRigidBodyAPI", "PhysicsMassAPI", "PhysicsCollisionAPI"]
            )
            {
                rel material:binding = </Plant_1/Materials/FruitUnripe>
                bool physics:kinematicEnabled = 1
                float physics:mass = 0.00021272028
                double radius = 0.0036434291
                matrix4d xformOp:transform = ( (1, 0, 0, 0), (0, 1, 0, 0), (0, 0, 1, 0), (-0.005297047538596137, 0.009384904772057062, 0.22543825037423856, 1) )
                uniform token[] xformOpOrder = ["xformOp:transform"]
            }
        }
    }
}

