#usda 1.0
(
    defaultPrim = "Plant_1"
    metersPerUnit = 1
    upAxis = "Z"
)

def Xform "Plant_1" (
    prepend apiSchemas = ["PhysicsArticulationRootAPI"]
)
{
    def Xform "Stem"
    {
        def Cylinder "Internode_o0_r0" (
            prepend apiSchemas = ["PhysicsCollisionAPI"]
        )
        {
            uniform token axis = "Z"
            double height = 0.009271495
            rel material:binding = </Plant_1/Materials/Stem>
            double radius = 0.00322005907192895
            matrix4d xformOp:transform = ( (1, 0, 0, 0), (0, 1, 0, 0), (0, 0, 1, 0), (0, 0, 0.0046357475, 1) )
            uniform token[] xformOpOrder = ["xformOp:transform"]
        }

        def Cylinder "Internode_o0_r1" (
            prepend apiSchemas = ["PhysicsCollisionAPI"]
        )
        {
            uniform token axis = "Z"
            double height = 0.010039136
            rel material:binding = </Plant_1/Materials/Stem>
            double radius = 0.00334230173118215
            matrix4d xformOp:transform = ( (1, 0, 0, 0), (0, 1, 0, 0), (0, 0, 1, 0), (0, 0, 0.014291063, 1) )
            uniform token[] xformOpOrder = ["xformOp:transform"]
        }

        def Cylinder "Internode_o0_r2" (
            prepend apiSchemas = ["PhysicsCollisionAPI"]
        )
        {
            uniform token axis = "Z"
            double height = 0.016521482
            rel material:binding = </Plant_1/Materials/Stem>
            double radius = 0.00422072051203
            matrix4d xformOp:transform = ( (1, 0, 0, 0), (0, 1, 0, 0), (0, 0, 1, 0), (0, 0, 0.027571372000000004, 1) )
            uniform token[] xformOpOrder = ["xformOp:transform"]
        }

        def Cylinder "Internode_o0_r3" (
            prepend apiSchemas = ["PhysicsCollisionAPI"]
        )
        {
            uniform token axis = "Z"
            double height = 0.017049052
            rel material:binding = </Plant_1/Materials/Stem>
            double radius = 0.00428332399640565
            matrix4d xformOp:transform = ( (1, 0, 0, 0), (0, 1, 0, 0), (0, 0, 1, 0), (0, 0, 0.044356638999999996, 1) )
            uniform token[] xformOpOrder = ["xformOp:transform"]
        }

        def Cylinder "Internode_o0_r4" (
            prepend apiSchemas = ["PhysicsCollisionAPI"]
        )
        {
            uniform token axis = "Z"
            double height = 0.0170935
            rel material:binding = </Plant_1/Materials/Stem>
            double radius = 0.00428855096496245
            matrix4d xformOp:transform = ( (1, 0, 0, 0), (0, 1, 0, 0), (0, 0, 1, 0), (0, 0, 0.06142791499999999, 1) )
            uniform token[] xformOpOrder = ["xformOp:transform"]
        }

        def Cylinder "Internode_o0_r5" (
            prepend apiSchemas = ["PhysicsCollisionAPI"]
        )
        {
            uniform token axis = "Z"
            double height = 0.016334588
            rel material:binding = </Plant_1/Materials/Stem>
            double radius = 0.0041982885777608
            matrix4d xformOp:transform = ( (1, 0, 0, 0), (0, 1, 0, 0), (0, 0, 1, 0), (0, 0, 0.078141959, 1) )
            uniform token[] xformOpOrder = ["xformOp:transform"]
        }

        def Cylinder "Internode_o0_r6" (
            prepend apiSchemas = ["PhysicsCollisionAPI"]
        )
        {
            uniform token axis = "Z"
            double height = 0.03473437
            rel material:binding = </Plant_1/Materials/Stem>
            double radius = 0.00406951518556415
            matrix4d xformOp:transform = ( (1, 0, 0, 0), (0, 1, 0, 0), (0, 0, 1, 0), (0, 0, 0.10367643799999998, 1) )
            uniform token[] xformOpOrder = ["xformOp:transform"]
        }

        def Cylinder "Internode_o0_r7" (
            prepend apiSchemas = ["PhysicsCollisionAPI"]
        )
        {
            uniform token axis = "Z"
            double height = 0.030936899
            rel material:binding = </Plant_1/Materials/Stem>
            double radius = 0.00383194543377215
            matrix4d xformOp:transform = ( (1, 0, 0, 0), (0, 1, 0, 0), (0, 0, 1, 0), (0, 0, 0.1365120725, 1) )
            uniform token[] xformOpOrder = ["xformOp:transform"]
        }

        def Cylinder "Internode_o0_r8" (
            prepend apiSchemas = ["PhysicsCollisionAPI"]
        )
        {
            uniform token axis = "Z"
            double height = 0.02352452
            rel material:binding = </Plant_1/Materials/Stem>
            double radius = 0.0033236710540843
            matrix4d xformOp:transform = ( (1, 0, 0, 0), (0, 1, 0, 0), (0, 0, 1, 0), (0, 0, 0.16374278199999998, 1) )
            uniform token[] xformOpOrder = ["xformOp:transform"]
        }

        def Cylinder "Internode_o1_r1" (
            prepend apiSchemas = ["PhysicsCollisionAPI"]
        )
        {
            uniform token axis = "Z"
            double height = 0.027471693
            rel material:binding = </Plant_1/Materials/Stem>
            double radius = 0.00360259992839195
            matrix4d xformOp:transform = ( (1, 0, 0, 0), (0, 1, 0, 0), (0, 0, 1, 0), (0, 0, 0.0230073415, 1) )
            uniform token[] xformOpOrder = ["xformOp:transform"]
        }

        def Cylinder "Internode_o1_r2" (
            prepend apiSchemas = ["PhysicsCollisionAPI"]
        )
        {
            uniform token axis = "Z"
            double height = 0.021811236
            rel material:binding = </Plant_1/Materials/Stem>
            double radius = 0.00319562917340935
            matrix4d xformOp:transform = ( (1, 0, 0, 0), (0, 1, 0, 0), (0, 0, 1, 0), (0, 0, 0.047648805999999995, 1) )
            uniform token[] xformOpOrder = ["xformOp:transform"]
        }
    }

    def Xform "Roots"
    {
        def Sphere "Root"
        {
            rel material:binding = </Plant_1/Materials/Root>
            double radius = 0.005
            matrix4d xformOp:transform = ( (1, 0, 0, 0), (0, 1, 0, 0), (0, 0, 1, 0), (0, 0, -0.005, 1) )
            uniform token[] xformOpOrder = ["xformOp:transform"]
        }
    }

    def Xform "Materials"
    {
        def Material "Stem"
        {
            token outputs:surface.connect = </Plant_1/Materials/Stem/Shader.outputs:surface>

            def Shader "Shader"
            {
                uniform token info:id = "UsdPreviewSurface"
                color3f inputs:diffuseColor = (0.45, 0.3, 0.1)
                float inputs:metallic = 0
                float inputs:roughness = 0.6
                token outputs:surface
            }
        }

        def Material "Root"
        {
            token outputs:surface.connect = </Plant_1/Materials/Root/Shader.outputs:surface>

            def Shader "Shader"
            {
                uniform token info:id = "UsdPreviewSurface"
                color3f inputs:diffuseColor = (0.55, 0.35, 0.15)
                float inputs:metallic = 0
                float inputs:roughness = 0.6
                token outputs:surface
            }
        }

        def Material "Leaf"
        {
            token outputs:surface.connect = </Plant_1/Materials/Leaf/Shader.outputs:surface>

            def Shader "Shader"
            {
                uniform token info:id = "UsdPreviewSurface"
                color3f inputs:diffuseColor = (0.15, 0.55, 0.1)
                float inputs:metallic = 0
                float inputs:roughness = 0.6
                token outputs:surface
            }
        }

        def Material "Pedicel"
        {
            token outputs:surface.connect = </Plant_1/Materials/Pedicel/Shader.outputs:surface>

            def Shader "Shader"
            {
                uniform token info:id = "UsdPreviewSurface"
                color3f inputs:diffuseColor = (0.2, 0.5, 0.1)
                float inputs:metallic = 0
                float inputs:roughness = 0.6
                token outputs:surface
            }
        }

        def Material "FruitRipe"
        {
            token outputs:surface.connect = </Plant_1/Materials/FruitRipe/Shader.outputs:surface>

            def Shader "Shader"
            {
                uniform token info:id = "UsdPreviewSurface"
                color3f inputs:diffuseColor = (0.9, 0.17, 0.1)
                float inputs:metallic = 0
                float inputs:roughness = 0.6
                token outputs:surface
            }
        }

        def Material "FruitUnripe"
        {
            token outputs:surface.connect = </Plant_1/Materials/FruitUnripe/Shader.outputs:surface>

            def Shader "Shader"
            {
                uniform token info:id = "UsdPreviewSurface"
                color3f inputs:diffuseColor = (0.45, 0.58, 0.25)
                float inputs:metallic = 0
                float inputs:roughness = 0.6
                token outputs:surface
            }
        }
    }

    def Xform "Leaves"
    {
        def Xform "Leaf_o1_r2_i0" (
            prepend apiSchemas = ["PhysicsRigidBodyAPI", "PhysicsMassAPI", "PhysicsFilteredPairsAPI"]
        )
        {
            prepend rel physics:filteredPairs = </Plant_1/Stem/Internode_o1_r2>
            float physics:mass = 0.05

            def Cylinder "Petiole" (
                prepend apiSchemas = ["PhysicsCollisionAPI"]
            )
            {
                uniform token axis = "Z"
                double height = 0.010423573
                rel material:binding = </Plant_1/Materials/Leaf>
                double radius = 0.0010757131
                matrix4d xformOp:transform = ( (0.9961946980917457, 0.08715574274765789, -0, 0), (-0.029809019626209063, 0.3407186534216101, 0.9396926207859085, 0), (0.08189960831908907, -0.9361168066628592, 0.3420201433256687, 0), (0.00042684327299271615, -0.0048788409353886, 0.04864831896571278, 1) )
                uniform token[] xformOpOrder = ["xformOp:transform"]
            }

            def Cylinder "Rachis" (
                prepend apiSchemas = ["PhysicsCollisionAPI"]
            )
            {
                uniform token axis = "Z"
                double height = 0.017360836
                rel material:binding = </Plant_1/Materials/Leaf>
                double radius = 0.00064542786
                matrix4d xformOp:transform = ( (0.9961946980917457, 0.08715574274765789, -0, 0), (-0.029809019626209063, 0.3407186534216101, 0.9396926207859085, 0), (0.08189960831908907, -0.9361168066628592, 0.3420201433256687, 0), (0.001564609380231403, -0.017883567049436003, 0.05339973273991229, 1) )
                uniform token[] xformOpOrder = ["xformOp:transform"]
            }

            def Cylinder "Petiolule_0" (
                prepend apiSchemas = ["PhysicsCollisionAPI"]
            )
            {
                uniform token axis = "Z"
                double height = 0.01
                rel material:binding = </Plant_1/Materials/Leaf>
                double radius = 0.00043028524000000005
                matrix4d xformOp:transform = ( (0.548375378964315, 0.8362322905423731, -0, 0), (-0.18384258370718962, 0.12055830377564267, 0.9755345200486784, 0), (0.8157734662034608, -0.5349591121244651, 0.2198463103929542, 0), (0.004932553877002736, -0.012432477431399525, 0.051530086483390344, 1) )
                uniform token[] xformOpOrder = ["xformOp:transform"]
            }

            def Mesh "Blade_0" (
                prepend apiSchemas = ["PhysicsCollisionAPI", "PhysicsMeshCollisionAPI"]
            )
            {
                int[] faceVertexCounts = [3, 3, 3, 3, 3, 3, 3, 3, 3, 3, 3, 3, 3, 3]
                int[] faceVertexIndices = [0, 1, 2, 0, 2, 3, 0, 3, 4, 0, 4, 5, 0, 5, 6, 0, 6, 7, 0, 7, 8, 0, 8, 9, 0, 9, 10, 0, 10, 11, 0, 11, 12, 0, 12, 13, 0, 13, 14, 0, 14, 15]
                rel material:binding = </Plant_1/Materials/Leaf>
                uniform token physics:approximation = "convexHull"
                point3f[] points = [(0, 0, 0), (0.00023478532, 0.00022229116, 0), (0.00041496466, 0.0004445823, 0), (0.00051753304, 0.0006668735, 0), (0.00053349877, 0.0008891646, 0), (0.00046824416, 0.0011114557, 0), (0.00033951653, 0.001333747, 0), (0.00017353697, 0.001556038, 0), (0, 0.0017783293, 0), (-0.00017353697, 0.001556038, 0), (-0.00033951653, 0.001333747, 0), (-0.00046824416, 0.0011114557, 0), (-0.00053349877, 0.0008891646, 0), (-0.00051753304, 0.0006668735, 0), (-0.00041496466, 0.0004445823, 0), (-0.00023478532, 0.00022229116, 0)]
                uniform token subdivisionScheme = "none"
                matrix4d xformOp:transform = ( (-0.548375378964315, -0.8362322905423731, 0, 0), (0.8157734662034608, -0.5349591121244651, 0.2198463103929542, 0), (-0.18384258370718962, 0.12055830377564267, 0.9755345200486784, 0), (0.009011421208020039, -0.015107272992021852, 0.052629318035355116, 1) )
                uniform token[] xformOpOrder = ["xformOp:transform"]
            }

            def Cylinder "Petiolule_1" (
                prepend apiSchemas = ["PhysicsCollisionAPI"]
            )
            {
                uniform token axis = "Z"
                double height = 0.01
                rel material:binding = </Plant_1/Materials/Leaf>
                double radius = 0.00043028524000000005
                matrix4d xformOp:transform = ( (0.685254538123991, -0.7283036578107212, 0, 0), (0.1601148720153797, 0.15065068188658737, 0.9755345200486782, 0), (-0.7104853592720786, -0.6684894569599661, 0.2198463103929542, 0), (-0.0026987402503749606, -0.013100129155577029, 0.051530086483390344, 1) )
                uniform token[] xformOpOrder = ["xformOp:transform"]
            }

            def Mesh "Blade_1" (
                prepend apiSchemas = ["PhysicsCollisionAPI", "PhysicsMeshCollisionAPI"]
            )
            {
                int[] faceVertexCounts = [3, 3, 3, 3, 3, 3, 3, 3, 3, 3, 3, 3, 3, 3]
                int[] faceVertexIndices = [0, 1, 2, 0, 2, 3, 0, 3, 4, 0, 4, 5, 0, 5, 6, 0, 6, 7, 0, 7, 8, 0, 8, 9, 0, 9, 10, 0, 10, 11, 0, 11, 12, 0, 12, 13, 0, 13, 14, 0, 14, 15]
                rel material:binding = </Plant_1/Materials/Leaf>
                uniform token physics:approximation = "convexHull"
                point3f[] points = [(0, 0, 0), (0.00023478532, 0.00022229116, 0), (0.00041496466, 0.0004445823, 0), (0.00051753304, 0.0006668735, 0), (0.00053349877, 0.0008891646, 0), (0.00046824416, 0.0011114557, 0), (0.00033951653, 0.001333747, 0), (0.00017353697, 0.001556038, 0), (0, 0.0017783293, 0), (-0.00017353697, 0.001556038, 0), (-0.00033951653, 0.001333747, 0), (-0.00046824416, 0.0011114557, 0), (-0.00053349877, 0.0008891646, 0), (-0.00051753304, 0.0006668735, 0), (-0.00041496466, 0.0004445823, 0), (-0.00023478532, 0.00022229116, 0)]
                uniform token subdivisionScheme = "none"
                matrix4d xformOp:transform = ( (-0.685254538123991, 0.7283036578107212, 0, 0), (-0.7104853592720786, -0.6684894569599661, 0.2198463103929542, 0), (0.1601148720153797, 0.15065068188658737, 0.9755345200486782, 0), (-0.006251167046735354, -0.01644257644037686, 0.052629318035355116, 1) )
                uniform token[] xformOpOrder = ["xformOp:transform"]
            }

            def Cylinder "Petiolule_2" (
                prepend apiSchemas = ["PhysicsCollisionAPI"]
            )
            {
                uniform token axis = "Z"
                double height = 0.01
                rel material:binding = </Plant_1/Materials/Leaf>
                double radius = 0.00043028524000000005
                matrix4d xformOp:transform = ( (0.548375378964315, 0.8362322905423731, -0, 0), (-0.18384258370718962, 0.12055830377564267, 0.9755345200486784, 0), (0.8157734662034608, -0.5349591121244651, 0.2198463103929542, 0), (0.005592354811936715, -0.01997403662710576, 0.05428547463437289, 1) )
                uniform token[] xformOpOrder = ["xformOp:transform"]
            }

            def Mesh "Blade_2" (
                prepend apiSchemas = ["PhysicsCollisionAPI", "PhysicsMeshCollisionAPI"]
            )
            {
                int[] faceVertexCounts = [3, 3, 3, 3, 3, 3, 3, 3, 3, 3, 3, 3, 3, 3]
                int[] faceVertexIndices = [0, 1, 2, 0, 2, 3, 0, 3, 4, 0, 4, 5, 0, 5, 6, 0, 6, 7, 0, 7, 8, 0, 8, 9, 0, 9, 10, 0, 10, 11, 0, 11, 12, 0, 12, 13, 0, 13, 14, 0, 14, 15]
                rel material:binding = </Plant_1/Materials/Leaf>
                uniform token physics:approximation = "convexHull"
                point3f[] points = [(0, 0, 0), (0.00023478532, 0.00022229116, 0), (0.00041496466, 0.0004445823, 0), (0.00051753304, 0.0006668735, 0), (0.00053349877, 0.0008891646, 0), (0.00046824416, 0.0011114557, 0), (0.00033951653, 0.001333747, 0), (0.00017353697, 0.001556038, 0), (0, 0.0017783293, 0), (-0.00017353697, 0.001556038, 0), (-0.00033951653, 0.001333747, 0), (-0.00046824416, 0.0011114557, 0), (-0.00053349877, 0.0008891646, 0), (-0.00051753304, 0.0006668735, 0), (-0.00041496466, 0.0004445823, 0), (-0.00023478532, 0.00022229116, 0)]
                uniform token subdivisionScheme = "none"
                matrix4d xformOp:transform = ( (-0.548375378964315, -0.8362322905423731, 0, 0), (0.8157734662034608, -0.5349591121244651, 0.2198463103929542, 0), (-0.18384258370718962, 0.12055830377564267, 0.9755345200486784, 0), (0.009671222142954019, -0.022648832187728084, 0.05538470618633766, 1) )
                uniform token[] xformOpOrder = ["xformOp:transform"]
            }

            def Cylinder "Petiolule_3" (
                prepend apiSchemas = ["PhysicsCollisionAPI"]
            )
            {
                uniform token axis = "Z"
                double height = 0.01
                rel material:binding = </Plant_1/Materials/Leaf>
                double radius = 0.00043028524000000005
                matrix4d xformOp:transform = ( (0.685254538123991, -0.7283036578107212, 0, 0), (0.1601148720153797, 0.15065068188658737, 0.9755345200486782, 0), (-0.7104853592720786, -0.6684894569599661, 0.2198463103929542, 0), (-0.0020389393154409824, -0.020641688351283265, 0.05428547463437289, 1) )
                uniform token[] xformOpOrder = ["xformOp:transform"]
            }

            def Mesh "Blade_3" (
                prepend apiSchemas = ["PhysicsCollisionAPI", "PhysicsMeshCollisionAPI"]
            )
            {
                int[] faceVertexCounts = [3, 3, 3, 3, 3, 3, 3, 3, 3, 3, 3, 3, 3, 3]
                int[] faceVertexIndices = [0, 1, 2, 0, 2, 3, 0, 3, 4, 0, 4, 5, 0, 5, 6, 0, 6, 7, 0, 7, 8, 0, 8, 9, 0, 9, 10, 0, 10, 11, 0, 11, 12, 0, 12, 13, 0, 13, 14, 0, 14, 15]
                rel material:binding = </Plant_1/Materials/Leaf>
                uniform token physics:approximation = "convexHull"
                point3f[] points = [(0, 0, 0), (0.00023478532, 0.00022229116, 0), (0.00041496466, 0.0004445823, 0), (0.00051753304, 0.0006668735, 0), (0.00053349877, 0.0008891646, 0), (0.00046824416, 0.0011114557, 0), (0.00033951653, 0.001333747, 0), (0.00017353697, 0.001556038, 0), (0, 0.0017783293, 0), (-0.00017353697, 0.001556038, 0), (-0.00033951653, 0.001333747, 0), (-0.00046824416, 0.0011114557, 0), (-0.00053349877, 0.0008891646, 0), (-0.00051753304, 0.0006668735, 0), (-0.00041496466, 0.0004445823, 0), (-0.00023478532, 0.00022229116, 0)]
                uniform token subdivisionScheme = "none"
                matrix4d xformOp:transform = ( (-0.685254538123991, 0.7283036578107212, 0, 0), (-0.7104853592720786, -0.6684894569599661, 0.2198463103929542, 0), (0.1601148720153797, 0.15065068188658737, 0.9755345200486782, 0), (-0.005591366111801376, -0.023984135636083093, 0.05538470618633766, 1) )
                uniform token[] xformOpOrder = ["xformOp:transform"]
            }

            def Cylinder "Petiolule_term" (
                prepend apiSchemas = ["PhysicsCollisionAPI"]
            )
            {
                uniform token axis = "Z"
                double height = 0.01
                rel material:binding = </Plant_1/Materials/Leaf>
                double radius = 0.00043028524000000005
                matrix4d xformOp:transform = ( (0.9961946980917457, 0.08715574274765789, -0, 0), (-0.029809019626209063, 0.3407186534216101, 0.9396926207859085, 0), (0.08189960831908907, -0.9361168066628592, 0.3420201433256687, 0), (0.002685030256072819, -0.030690036261409107, 0.058078711265027345, 1) )
                uniform token[] xformOpOrder = ["xformOp:transform"]
            }

            def Mesh "Blade_4" (
                prepend apiSchemas = ["PhysicsCollisionAPI", "PhysicsMeshCollisionAPI"]
            )
            {
                int[] faceVertexCounts = [3, 3, 3, 3, 3, 3, 3, 3, 3, 3, 3, 3, 3, 3]
                int[] faceVertexIndices = [0, 1, 2, 0, 2, 3, 0, 3, 4, 0, 4, 5, 0, 5, 6, 0, 6, 7, 0, 7, 8, 0, 8, 9, 0, 9, 10, 0, 10, 11, 0, 11, 12, 0, 12, 13, 0, 13, 14, 0, 14, 15]
                rel material:binding = </Plant_1/Materials/Leaf>
                uniform token physics:approximation = "convexHull"
                point3f[] points = [(0, 0, 0), (0.00023478532, 0.00022229116, 0), (0.00041496466, 0.0004445823, 0), (0.00051753304, 0.0006668735, 0), (0.00053349877, 0.0008891646, 0), (0.00046824416, 0.0011114557, 0), (0.00033951653, 0.001333747, 0), (0.00017353697, 0.001556038, 0), (0, 0.0017783293, 0), (-0.00017353697, 0.001556038, 0), (-0.00033951653, 0.001333747, 0), (-0.00046824416, 0.0011114557, 0), (-0.00053349877, 0.0008891646, 0), (-0.00051753304, 0.0006668735, 0), (-0.00041496466, 0.0004445823, 0), (-0.00023478532, 0.00022229116, 0)]
                uniform token subdivisionScheme = "none"
                matrix4d xformOp:transform = ( (-0.9961946980917457, -0.08715574274765789, 0, 0), (0.08189960831908907, -0.9361168066628592, 0.3420201433256687, 0), (-0.029809019626209063, 0.3407186534216101, 0.9396926207859085, 0), (0.003094528297668264, -0.035370620294723404, 0.059788811981655685, 1) )
                uniform token[] xformOpOrder = ["xformOp:transform"]
            }
        }

        def Xform "Leaf_o0_r8_i0" (
            prepend apiSchemas = ["PhysicsRigidBodyAPI", "PhysicsMassAPI", "PhysicsFilteredPairsAPI"]
        )
        {
            prepend rel physics:filteredPairs = </Plant_1/Stem/Internode_o0_r8>
            float physics:mass = 0.05

            def Cylinder "Petiole" (
                prepend apiSchemas = ["PhysicsCollisionAPI"]
            )
            {
                uniform token axis = "Z"
                double height = 0.019983113
                rel material:binding = </Plant_1/Materials/Leaf>
                double radius = 0.00181458425
                matrix4d xformOp:transform = ( (-0.3420201433256687, 0.9396926207859084, 0, 0), (-0.3213938048432697, -0.11697777844051097, 0.9396926207859084, 0), (0.8830222215594891, 0.3213938048432697, 0.3420201433256687, 0), (0.008822766417467154, 0.003211224359841503, 0.1789223555861765, 1) )
                uniform token[] xformOpOrder = ["xformOp:transform"]
            }

            def Cylinder "Rachis" (
                prepend apiSchemas = ["PhysicsCollisionAPI"]
            )
            {
                uniform token axis = "Z"
                double height = 0.06464821
                rel material:binding = </Plant_1/Materials/Leaf>
                double radius = 0.00108875055
                matrix4d xformOp:transform = ( (-0.3420201433256687, 0.9396926207859084, 0, 0), (-0.3213938048432697, -0.11697777844051097, 0.9396926207859084, 0), (0.8830222215594891, 0.3213938048432697, 0.3420201433256687, 0), (0.04618843584195649, 0.016811215813786362, 0.19339516419732697, 1) )
                uniform token[] xformOpOrder = ["xformOp:transform"]
            }

            def Cylinder "Petiolule_0" (
                prepend apiSchemas = ["PhysicsCollisionAPI"]
            )
            {
                uniform token axis = "Z"
                double height = 0.01
                rel material:binding = </Plant_1/Materials/Leaf>
                double radius = 0.0007258337000000001
                matrix4d xformOp:transform = ( (-0.949668358153019, 0.31325709812061603, 0, 0), (-0.06886841722622106, -0.2087810846368758, 0.9755345200486782, 0), (0.30559311286693686, 0.9264342659762217, 0.2198463103929542, 0), (0.019173498399268993, 0.011054620049564114, 0.18343890072431776, 1) )
                uniform token[] xformOpOrder = ["xformOp:transform"]
            }

            def Mesh "Blade_0" (
                prepend apiSchemas = ["PhysicsCollisionAPI", "PhysicsMeshCollisionAPI"]
            )
            {
                int[] faceVertexCounts = [3, 3, 3, 3, 3, 3, 3, 3, 3, 3, 3, 3, 3, 3]
                int[] faceVertexIndices = [0, 1, 2, 0, 2, 3, 0, 3, 4, 0, 4, 5, 0, 5, 6, 0, 6, 7, 0, 7, 8, 0, 8, 9, 0, 9, 10, 0, 10, 11, 0, 11, 12, 0, 12, 13, 0, 13, 14, 0, 14, 15]
                rel material:binding = </Plant_1/Materials/Leaf>
                uniform token physics:approximation = "convexHull"
                point3f[] points = [(0, 0, 0), (0.0012716145, 0.0012039453, 0), (0.002247479, 0.0024078905, 0), (0.002802997, 0.0036118357, 0), (0.0028894686, 0.004815781, 0), (0.002536045, 0.006019726, 0), (0.0018388465, 0.0072236713, 0), (0.000939889, 0.008427616, 0), (0, 0.009631562, 0), (-0.000939889, 0.008427616, 0), (-0.0018388465, 0.0072236713, 0), (-0.002536045, 0.006019726, 0), (-0.0028894686, 0.004815781, 0), (-0.002802997, 0.0036118357, 0), (-0.002247479, 0.0024078905, 0), (-0.0012716145, 0.0012039453, 0)]
                uniform token subdivisionScheme = "none"
                matrix4d xformOp:transform = ( (0.949668358153019, -0.31325709812061603, 0, 0), (0.30559311286693686, 0.9264342659762217, 0.2198463103929542, 0), (-0.06886841722622106, -0.2087810846368758, 0.9755345200486782, 0), (0.020701463963603676, 0.015686791379445224, 0.18453813227628255, 1) )
                uniform token[] xformOpOrder = ["xformOp:transform"]
            }

            def Cylinder "Petiolule_1" (
                prepend apiSchemas = ["PhysicsCollisionAPI"]
            )
            {
                uniform token axis = "Z"
                double height = 0.01
                rel material:binding = </Plant_1/Materials/Leaf>
                double radius = 0.0007258337000000001
                matrix4d xformOp:transform = ( (0.5261303872507512, 0.8504039132149938, -0, 0), (-0.18695816266404638, 0.11566782442269384, 0.9755345200486782, 0), (0.8295983733257066, -0.5132583548096867, 0.2198463103929542, 0), (0.02179352470156284, 0.003856156945634572, 0.18343890072431776, 1) )
                uniform token[] xformOpOrder = ["xformOp:transform"]
            }

            def Mesh "Blade_1" (
                prepend apiSchemas = ["PhysicsCollisionAPI", "PhysicsMeshCollisionAPI"]
            )
            {
                int[] faceVertexCounts = [3, 3, 3, 3, 3, 3, 3, 3, 3, 3, 3, 3, 3, 3]
                int[] faceVertexIndices = [0, 1, 2, 0, 2, 3, 0, 3, 4, 0, 4, 5, 0, 5, 6, 0, 6, 7, 0, 7, 8, 0, 8, 9, 0, 9, 10, 0, 10, 11, 0, 11, 12, 0, 12, 13, 0, 13, 14, 0, 14, 15]
                rel material:binding = </Plant_1/Materials/Leaf>
                uniform token physics:approximation = "convexHull"
                point3f[] points = [(0, 0, 0), (0.0012716145, 0.0012039453, 0), (0.002247479, 0.0024078905, 0), (0.002802997, 0.0036118357, 0), (0.0028894686, 0.004815781, 0), (0.002536045, 0.006019726, 0), (0.0018388465, 0.0072236713, 0), (0.000939889, 0.008427616, 0), (0, 0.009631562, 0), (-0.000939889, 0.008427616, 0), (-0.0018388465, 0.0072236713, 0), (-0.002536045, 0.006019726, 0), (-0.0028894686, 0.004815781, 0), (-0.002802997, 0.0036118357, 0), (-0.002247479, 0.0024078905, 0), (-0.0012716145, 0.0012039453, 0)]
                uniform token subdivisionScheme = "none"
                matrix4d xformOp:transform = ( (-0.5261303872507512, -0.8504039132149938, 0, 0), (0.8295983733257066, -0.5132583548096867, 0.2198463103929542, 0), (-0.18695816266404638, 0.11566782442269384, 0.9755345200486782, 0), (0.025941516568191374, 0.001289865171586138, 0.18453813227628255, 1) )
                uniform token[] xformOpOrder = ["xformOp:transform"]
            }

            def Cylinder "Petiolule_2" (
                prepend apiSchemas = ["PhysicsCollisionAPI"]
            )
            {
                uniform token axis = "Z"
                double height = 0.01
                rel material:binding = </Plant_1/Materials/Leaf>
                double radius = 0.0007258337000000001
                matrix4d xformOp:transform = ( (-0.949668358153019, 0.31325709812061603, 0, 0), (-0.06886841722622106, -0.2087810846368758, 0.9755345200486782, 0), (0.30559311286693686, 0.9264342659762217, 0.2198463103929542, 0), (0.0365791926855833, 0.017389774676519833, 0.19018063146352196, 1) )
                uniform token[] xformOpOrder = ["xformOp:transform"]
            }

            def Mesh "Blade_2" (
                prepend apiSchemas = ["PhysicsCollisionAPI", "PhysicsMeshCollisionAPI"]
            )
            {
                int[] faceVertexCounts = [3, 3, 3, 3, 3, 3, 3, 3, 3, 3, 3, 3, 3, 3]
                int[] faceVertexIndices = [0, 1, 2, 0, 2, 3, 0, 3, 4, 0, 4, 5, 0, 5, 6, 0, 6, 7, 0, 7, 8, 0, 8, 9, 0, 9, 10, 0, 10, 11, 0, 11, 12, 0, 12, 13, 0, 13, 14, 0, 14, 15]
                rel material:binding = </Plant_1/Materials/Leaf>
                uniform token physics:approximation = "convexHull"
                point3f[] points = [(0, 0, 0), (0.0012716145, 0.0012039453, 0), (0.002247479, 0.0024078905, 0), (0.002802997, 0.0036118357, 0), (0.0028894686, 0.004815781, 0), (0.002536045, 0.006019726, 0), (0.0018388465, 0.0072236713, 0), (0.000939889, 0.008427616, 0), (0, 0.009631562, 0), (-0.000939889, 0.008427616, 0), (-0.0018388465, 0.0072236713, 0), (-0.002536045, 0.006019726, 0), (-0.0028894686, 0.004815781, 0), (-0.002802997, 0.0036118357, 0), (-0.002247479, 0.0024078905, 0), (-0.0012716145, 0.0012039453, 0)]
                uniform token subdivisionScheme = "none"
                matrix4d xformOp:transform = ( (0.949668358153019, -0.31325709812061603, 0, 0), (0.30559311286693686, 0.9264342659762217, 0.2198463103929542, 0), (-0.06886841722622106, -0.2087810846368758, 0.9755345200486782, 0), (0.03810715824991799, 0.022021946006400943, 0.19127986301548675, 1) )
                uniform token[] xformOpOrder = ["xformOp:transform"]
            }

            def Cylinder "Petiolule_3" (
                prepend apiSchemas = ["PhysicsCollisionAPI"]
            )
            {
                uniform token axis = "Z"
                double height = 0.01
                rel material:binding = </Plant_1/Materials/Leaf>
                double radius = 0.0007258337000000001
                matrix4d xformOp:transform = ( (0.5261303872507512, 0.8504039132149938, -0, 0), (-0.18695816266404638, 0.11566782442269384, 0.9755345200486782, 0), (0.8295983733257066, -0.5132583548096867, 0.2198463103929542, 0), (0.03919921898787715, 0.010191311572590293, 0.19018063146352196, 1) )
                uniform token[] xformOpOrder = ["xformOp:transform"]
            }

            def Mesh "Blade_3" (
                prepend apiSchemas = ["PhysicsCollisionAPI", "PhysicsMeshCollisionAPI"]
            )
            {
                int[] faceVertexCounts = [3, 3, 3, 3, 3, 3, 3, 3, 3, 3, 3, 3, 3, 3]
                int[] faceVertexIndices = [0, 1, 2, 0, 2, 3, 0, 3, 4, 0, 4, 5, 0, 5, 6, 0, 6, 7, 0, 7, 8, 0, 8, 9, 0, 9, 10, 0, 10, 11, 0, 11, 12, 0, 12, 13, 0, 13, 14, 0, 14, 15]
                rel material:binding = </Plant_1/Materials/Leaf>
                uniform token physics:approximation = "convexHull"
                point3f[] points = [(0, 0, 0), (0.0012716145, 0.0012039453, 0), (0.002247479, 0.0024078905, 0), (0.002802997, 0.0036118357, 0), (0.0028894686, 0.004815781, 0), (0.002536045, 0.006019726, 0), (0.0018388465, 0.0072236713, 0), (0.000939889, 0.008427616, 0), (0, 0.009631562, 0), (-0.000939889, 0.008427616, 0), (-0.0018388465, 0.0072236713, 0), (-0.002536045, 0.006019726, 0), (-0.0028894686, 0.004815781, 0), (-0.002802997, 0.0036118357, 0), (-0.002247479, 0.0024078905, 0), (-0.0012716145, 0.0012039453, 0)]
                uniform token subdivisionScheme = "none"
                matrix4d xformOp:transform = ( (-0.5261303872507512, -0.8504039132149938, 0, 0), (0.8295983733257066, -0.5132583548096867, 0.2198463103929542, 0), (-0.18695816266404638, 0.11566782442269384, 0.9755345200486782, 0), (0.043347210854505686, 0.007625019798541858, 0.19127986301548675, 1) )
                uniform token[] xformOpOrder = ["xformOp:transform"]
            }

            def Cylinder "Petiolule_4" (
                prepend apiSchemas = ["PhysicsCollisionAPI"]
            )
            {
                uniform token axis = "Z"
                double height = 0.01
                rel material:binding = </Plant_1/Materials/Leaf>
                double radius = 0.0007258337000000001
                matrix4d xformOp:transform = ( (-0.949668358153019, 0.31325709812061603, 0, 0), (-0.06886841722622106, -0.2087810846368758, 0.9755345200486782, 0), (0.30559311286693686, 0.9264342659762217, 0.2198463103929542, 0), (0.053984886971897614, 0.023724929303475556, 0.19692236220272616, 1) )
                uniform token[] xformOpOrder = ["xformOp:transform"]
            }

            def Mesh "Blade_4" (
                prepend apiSchemas = ["PhysicsCollisionAPI", "PhysicsMeshCollisionAPI"]
            )
            {
                int[] faceVertexCounts = [3, 3, 3, 3, 3, 3, 3, 3, 3, 3, 3, 3, 3, 3]
                int[] faceVertexIndices = [0, 1, 2, 0, 2, 3, 0, 3, 4, 0, 4, 5, 0, 5, 6, 0, 6, 7, 0, 7, 8, 0, 8, 9, 0, 9, 10, 0, 10, 11, 0, 11, 12, 0, 12, 13, 0, 13, 14, 0, 14, 15]
                rel material:binding = </Plant_1/Materials/Leaf>
                uniform token physics:approximation = "convexHull"
                point3f[] points = [(0, 0, 0), (0.0012716145, 0.0012039453, 0), (0.002247479, 0.0024078905, 0), (0.002802997, 0.0036118357, 0), (0.0028894686, 0.004815781, 0), (0.002536045, 0.006019726, 0), (0.0018388465, 0.0072236713, 0), (0.000939889, 0.008427616, 0), (0, 0.009631562, 0), (-0.000939889, 0.008427616, 0), (-0.0018388465, 0.0072236713, 0), (-0.002536045, 0.006019726, 0), (-0.0028894686, 0.004815781, 0), (-0.002802997, 0.0036118357, 0), (-0.002247479, 0.0024078905, 0), (-0.0012716145, 0.0012039453, 0)]
                uniform token subdivisionScheme = "none"
                matrix4d xformOp:transform = ( (0.949668358153019, -0.31325709812061603, 0, 0), (0.30559311286693686, 0.9264342659762217, 0.2198463103929542, 0), (-0.06886841722622106, -0.2087810846368758, 0.9755345200486782, 0), (0.0555128525362323, 0.028357100633356662, 0.19802159375469094, 1) )
                uniform token[] xformOpOrder = ["xformOp:transform"]
            }

            def Cylinder "Petiolule_5" (
                prepend apiSchemas = ["PhysicsCollisionAPI"]
            )
            {
                uniform token axis = "Z"
                double height = 0.01
                rel material:binding = </Plant_1/Materials/Leaf>
                double radius = 0.0007258337000000001
                matrix4d xformOp:transform = ( (0.5261303872507512, 0.8504039132149938, -0, 0), (-0.18695816266404638, 0.11566782442269384, 0.9755345200486782, 0), (0.8295983733257066, -0.5132583548096867, 0.2198463103929542, 0), (0.05660491327419147, 0.01652646619954601, 0.19692236220272616, 1) )
                uniform token[] xformOpOrder = ["xformOp:transform"]
            }

            def Mesh "Blade_5" (
                prepend apiSchemas = ["PhysicsCollisionAPI", "PhysicsMeshCollisionAPI"]
            )
            {
                int[] faceVertexCounts = [3, 3, 3, 3, 3, 3, 3, 3, 3, 3, 3, 3, 3, 3]
                int[] faceVertexIndices = [0, 1, 2, 0, 2, 3, 0, 3, 4, 0, 4, 5, 0, 5, 6, 0, 6, 7, 0, 7, 8, 0, 8, 9, 0, 9, 10, 0, 10, 11, 0, 11, 12, 0, 12, 13, 0, 13, 14, 0, 14, 15]
                rel material:binding = </Plant_1/Materials/Leaf>
                uniform token physics:approximation = "convexHull"
                point3f[] points = [(0, 0, 0), (0.0012716145, 0.0012039453, 0), (0.002247479, 0.0024078905, 0), (0.002802997, 0.0036118357, 0), (0.0028894686, 0.004815781, 0), (0.002536045, 0.006019726, 0), (0.0018388465, 0.0072236713, 0), (0.000939889, 0.008427616, 0), (0, 0.009631562, 0), (-0.000939889, 0.008427616, 0), (-0.0018388465, 0.0072236713, 0), (-0.002536045, 0.006019726, 0), (-0.0028894686, 0.004815781, 0), (-0.002802997, 0.0036118357, 0), (-0.002247479, 0.0024078905, 0), (-0.0012716145, 0.0012039453, 0)]
                uniform token subdivisionScheme = "none"
                matrix4d xformOp:transform = ( (-0.5261303872507512, -0.8504039132149938, 0, 0), (0.8295983733257066, -0.5132583548096867, 0.2198463103929542, 0), (-0.18695816266404638, 0.11566782442269384, 0.9755345200486782, 0), (0.06075290514082, 0.013960174425497579, 0.19802159375469094, 1) )
                uniform token[] xformOpOrder = ["xformOp:transform"]
            }

            def Cylinder "Petiolule_term" (
                prepend apiSchemas = ["PhysicsCollisionAPI"]
            )
            {
                uniform token axis = "Z"
                double height = 0.01
                rel material:binding = </Plant_1/Materials/Leaf>
                double radius = 0.0007258337000000001
                matrix4d xformOp:transform = ( (-0.3420201433256687, 0.9396926207859084, 0, 0), (-0.3213938048432697, -0.11697777844051097, 0.9396926207859084, 0), (0.8830222215594891, 0.3213938048432697, 0.3420201433256687, 0), (0.07914644995677612, 0.028806951932106067, 0.20616075993892927, 1) )
                uniform token[] xformOpOrder = ["xformOp:transform"]
            }

            def Mesh "Blade_6" (
                prepend apiSchemas = ["PhysicsCollisionAPI", "PhysicsMeshCollisionAPI"]
            )
            {
                int[] faceVertexCounts = [3, 3, 3, 3, 3, 3, 3, 3, 3, 3, 3, 3, 3, 3]
                int[] faceVertexIndices = [0, 1, 2, 0, 2, 3, 0, 3, 4, 0, 4, 5, 0, 5, 6, 0, 6, 7, 0, 7, 8, 0, 8, 9, 0, 9, 10, 0, 10, 11, 0, 11, 12, 0, 12, 13, 0, 13, 14, 0, 14, 15]
                rel material:binding = </Plant_1/Materials/Leaf>
                uniform token physics:approximation = "convexHull"
                point3f[] points = [(0, 0, 0), (0.001271837, 0.001204156, 0), (0.0022478725, 0.002408312, 0), (0.0028034875, 0.0036124678, 0), (0.0028899743, 0.004816624, 0), (0.0025364887, 0.0060207797, 0), (0.0018391684, 0.0072249356, 0), (0.0009400535, 0.008429091, 0), (0, 0.009633248, 0), (-0.0009400535, 0.008429091, 0), (-0.0018391684, 0.0072249356, 0), (-0.0025364887, 0.0060207797, 0), (-0.0028899743, 0.004816624, 0), (-0.0028034875, 0.0036124678, 0), (-0.0022478725, 0.002408312, 0), (-0.001271837, 0.001204156, 0)]
                uniform token subdivisionScheme = "none"
                matrix4d xformOp:transform = ( (0.3420201433256687, -0.9396926207859084, 0, 0), (0.8830222215594891, 0.3213938048432697, 0.3420201433256687, 0), (-0.3213938048432697, -0.11697777844051097, 0.9396926207859084, 0), (0.08356156106457356, 0.030413920956322418, 0.20787086065555763, 1) )
                uniform token[] xformOpOrder = ["xformOp:transform"]
            }
        }

        def Xform "Leaf_o1_r2_i1" (
            prepend apiSchemas = ["PhysicsRigidBodyAPI", "PhysicsMassAPI", "PhysicsFilteredPairsAPI"]
        )
        {
            prepend rel physics:filteredPairs = </Plant_1/Stem/Internode_o1_r2>
            float physics:mass = 0.05

            def Cylinder "Petiole" (
                prepend apiSchemas = ["PhysicsCollisionAPI"]
            )
            {
                uniform token axis = "Z"
                double height = 0.017246509
                rel material:binding = </Plant_1/Materials/Leaf>
                double radius = 0.001612091
                matrix4d xformOp:transform = ( (0.9961946980917457, 0.08715574274765789, -0, 0), (-0.029809019626209063, 0.3407186534216101, 0.9396926207859085, 0), (0.08189960831908907, -0.9361168066628592, 0.3420201433256687, 0), (0.0007062411659858223, -0.008072373465581132, 0.06150375074002371, 1) )
                uniform token[] xformOpOrder = ["xformOp:transform"]
            }

            def Cylinder "Rachis" (
                prepend apiSchemas = ["PhysicsCollisionAPI"]
            )
            {
                uniform token axis = "Z"
                double height = 0.03426376
                rel material:binding = </Plant_1/Materials/Leaf>
                double radius = 0.0009672546
                matrix4d xformOp:transform = ( (0.9961946980917457, 0.08715574274765789, -0, 0), (-0.029809019626209063, 0.3407186534216101, 0.9396926207859085, 0), (0.08189960831908907, -0.9361168066628592, 0.3420201433256687, 0), (0.0028155765937412803, -0.03218218772889357, 0.07031252553308559, 1) )
                uniform token[] xformOpOrder = ["xformOp:transform"]
            }

            def Cylinder "Petiolule_0" (
                prepend apiSchemas = ["PhysicsCollisionAPI"]
            )
            {
                uniform token axis = "Z"
                double height = 0.01
                rel material:binding = </Plant_1/Materials/Leaf>
                double radius = 0.0006448364
                matrix4d xformOp:transform = ( (0.548375378964315, 0.8362322905423731, -0, 0), (-0.18384258370718962, 0.12055830377564267, 0.9755345200486784, 0), (0.8157734662034608, -0.5349591121244651, 0.2198463103929542, 0), (0.005491349662988948, -0.01881954249178459, 0.0655523090320122, 1) )
                uniform token[] xformOpOrder = ["xformOp:transform"]
            }

            def Mesh "Blade_0" (
                prepend apiSchemas = ["PhysicsCollisionAPI", "PhysicsMeshCollisionAPI"]
            )
            {
                int[] faceVertexCounts = [3, 3, 3, 3, 3, 3, 3, 3, 3, 3, 3, 3, 3, 3]
                int[] faceVertexIndices = [0, 1, 2, 0, 2, 3, 0, 3, 4, 0, 4, 5, 0, 5, 6, 0, 6, 7, 0, 7, 8, 0, 8, 9, 0, 9, 10, 0, 10, 11, 0, 11, 12, 0, 12, 13, 0, 13, 14, 0, 14, 15]
                rel material:binding = </Plant_1/Materials/Leaf>
                uniform token physics:approximation = "convexHull"
                point3f[] points = [(0, 0, 0), (0.0009882423, 0.00093565276, 0), (0.0017466409, 0.0018713055, 0), (0.0021783647, 0.0028069583, 0), (0.0022455666, 0.003742611, 0), (0.0019709014, 0.004678264, 0), (0.0014290699, 0.0056139166, 0), (0.00073043996, 0.0065495693, 0), (0, 0.007485222, 0), (-0.00073043996, 0.0065495693, 0), (-0.0014290699, 0.0056139166, 0), (-0.0019709014, 0.004678264, 0), (-0.0022455666, 0.003742611, 0), (-0.0021783647, 0.0028069583, 0), (-0.0017466409, 0.0018713055, 0), (-0.0009882423, 0.00093565276, 0)]
                uniform token subdivisionScheme = "none"
                matrix4d xformOp:transform = ( (-0.548375378964315, -0.8362322905423731, 0, 0), (0.8157734662034608, -0.5349591121244651, 0.2198463103929542, 0), (-0.18384258370718962, 0.12055830377564267, 0.9755345200486784, 0), (0.009570216994006252, -0.021494338052406914, 0.06665154058397697, 1) )
                uniform token[] xformOpOrder = ["xformOp:transform"]
            }

            def Cylinder "Petiolule_1" (
                prepend apiSchemas = ["PhysicsCollisionAPI"]
            )
            {
                uniform token axis = "Z"
                double height = 0.01
                rel material:binding = </Plant_1/Materials/Leaf>
                double radius = 0.0006448364
                matrix4d xformOp:transform = ( (0.685254538123991, -0.7283036578107212, 0, 0), (0.1601148720153797, 0.15065068188658737, 0.9755345200486782, 0), (-0.7104853592720786, -0.6684894569599661, 0.2198463103929542, 0), (-0.0021399444643887483, -0.019487194215962095, 0.0655523090320122, 1) )
                uniform token[] xformOpOrder = ["xformOp:transform"]
            }

            def Mesh "Blade_1" (
                prepend apiSchemas = ["PhysicsCollisionAPI", "PhysicsMeshCollisionAPI"]
            )
            {
                int[] faceVertexCounts = [3, 3, 3, 3, 3, 3, 3, 3, 3, 3, 3, 3, 3, 3]
                int[] faceVertexIndices = [0, 1, 2, 0, 2, 3, 0, 3, 4, 0, 4, 5, 0, 5, 6, 0, 6, 7, 0, 7, 8, 0, 8, 9, 0, 9, 10, 0, 10, 11, 0, 11, 12, 0, 12, 13, 0, 13, 14, 0, 14, 15]
                rel material:binding = </Plant_1/Materials/Leaf>
                uniform token physics:approximation = "convexHull"
                point3f[] points = [(0, 0, 0), (0.0009882423, 0.00093565276, 0), (0.0017466409, 0.0018713055, 0), (0.0021783647, 0.0028069583, 0), (0.0022455666, 0.003742611, 0), (0.0019709014, 0.004678264, 0), (0.0014290699, 0.0056139166, 0), (0.00073043996, 0.0065495693, 0), (0, 0.007485222, 0), (-0.00073043996, 0.0065495693, 0), (-0.0014290699, 0.0056139166, 0), (-0.0019709014, 0.004678264, 0), (-0.0022455666, 0.003742611, 0), (-0.0021783647, 0.0028069583, 0), (-0.0017466409, 0.0018713055, 0), (-0.0009882423, 0.00093565276, 0)]
                uniform token subdivisionScheme = "none"
                matrix4d xformOp:transform = ( (-0.685254538123991, 0.7283036578107212, 0, 0), (-0.7104853592720786, -0.6684894569599661, 0.2198463103929542, 0), (0.1601148720153797, 0.15065068188658737, 0.9755345200486782, 0), (-0.005692371260749141, -0.022829641500761923, 0.06665154058397697, 1) )
                uniform token[] xformOpOrder = ["xformOp:transform"]
            }

            def Cylinder "Petiolule_2" (
                prepend apiSchemas = ["PhysicsCollisionAPI"]
            )
            {
                uniform token axis = "Z"
                double height = 0.01
                rel material:binding = </Plant_1/Materials/Leaf>
                double radius = 0.0006448364
                matrix4d xformOp:transform = ( (0.548375378964315, 0.8362322905423731, -0, 0), (-0.18384258370718962, 0.12055830377564267, 0.9755345200486784, 0), (0.8157734662034608, -0.5349591121244651, 0.2198463103929542, 0), (0.007036683397105195, -0.036482787897954845, 0.07200576193705178, 1) )
                uniform token[] xformOpOrder = ["xformOp:transform"]
            }

            def Mesh "Blade_2" (
                prepend apiSchemas = ["PhysicsCollisionAPI", "PhysicsMeshCollisionAPI"]
            )
            {
                int[] faceVertexCounts = [3, 3, 3, 3, 3, 3, 3, 3, 3, 3, 3, 3, 3, 3]
                int[] faceVertexIndices = [0, 1, 2, 0, 2, 3, 0, 3, 4, 0, 4, 5, 0, 5, 6, 0, 6, 7, 0, 7, 8, 0, 8, 9, 0, 9, 10, 0, 10, 11, 0, 11, 12, 0, 12, 13, 0, 13, 14, 0, 14, 15]
                rel material:binding = </Plant_1/Materials/Leaf>
                uniform token physics:approximation = "convexHull"
                point3f[] points = [(0, 0, 0), (0.0009882423, 0.00093565276, 0), (0.0017466409, 0.0018713055, 0), (0.0021783647, 0.0028069583, 0), (0.0022455666, 0.003742611, 0), (0.0019709014, 0.004678264, 0), (0.0014290699, 0.0056139166, 0), (0.00073043996, 0.0065495693, 0), (0, 0.007485222, 0), (-0.00073043996, 0.0065495693, 0), (-0.0014290699, 0.0056139166, 0), (-0.0019709014, 0.004678264, 0), (-0.0022455666, 0.003742611, 0), (-0.0021783647, 0.0028069583, 0), (-0.0017466409, 0.0018713055, 0), (-0.0009882423, 0.00093565276, 0)]
                uniform token subdivisionScheme = "none"
                matrix4d xformOp:transform = ( (-0.548375378964315, -0.8362322905423731, 0, 0), (0.8157734662034608, -0.5349591121244651, 0.2198463103929542, 0), (-0.18384258370718962, 0.12055830377564267, 0.9755345200486784, 0), (0.011115550728122498, -0.03915758345857717, 0.07310499348901656, 1) )
                uniform token[] xformOpOrder = ["xformOp:transform"]
            }

            def Cylinder "Petiolule_3" (
                prepend apiSchemas = ["PhysicsCollisionAPI"]
            )
            {
                uniform token axis = "Z"
                double height = 0.01
                rel material:binding = </Plant_1/Materials/Leaf>
                double radius = 0.0006448364
                matrix4d xformOp:transform = ( (0.685254538123991, -0.7283036578107212, 0, 0), (0.1601148720153797, 0.15065068188658737, 0.9755345200486782, 0), (-0.7104853592720786, -0.6684894569599661, 0.2198463103929542, 0), (-0.0005946107302725015, -0.037150439622132346, 0.07200576193705178, 1) )
                uniform token[] xformOpOrder = ["xformOp:transform"]
            }

            def Mesh "Blade_3" (
                prepend apiSchemas = ["PhysicsCollisionAPI", "PhysicsMeshCollisionAPI"]
            )
            {
                int[] faceVertexCounts = [3, 3, 3, 3, 3, 3, 3, 3, 3, 3, 3, 3, 3, 3]
                int[] faceVertexIndices = [0, 1, 2, 0, 2, 3, 0, 3, 4, 0, 4, 5, 0, 5, 6, 0, 6, 7, 0, 7, 8, 0, 8, 9, 0, 9, 10, 0, 10, 11, 0, 11, 12, 0, 12, 13, 0, 13, 14, 0, 14, 15]
                rel material:binding = </Plant_1/Materials/Leaf>
                uniform token physics:approximation = "convexHull"
                point3f[] points = [(0, 0, 0), (0.0009882423, 0.00093565276, 0), (0.0017466409, 0.0018713055, 0), (0.0021783647, 0.0028069583, 0), (0.0022455666, 0.003742611, 0), (0.0019709014, 0.004678264, 0), (0.0014290699, 0.0056139166, 0), (0.00073043996, 0.0065495693, 0), (0, 0.007485222, 0), (-0.00073043996, 0.0065495693, 0), (-0.0014290699, 0.0056139166, 0), (-0.0019709014, 0.004678264, 0), (-0.0022455666, 0.003742611, 0), (-0.0021783647, 0.0028069583, 0), (-0.0017466409, 0.0018713055, 0), (-0.0009882423, 0.00093565276, 0)]
                uniform token subdivisionScheme = "none"
                matrix4d xformOp:transform = ( (-0.685254538123991, 0.7283036578107212, 0, 0), (-0.7104853592720786, -0.6684894569599661, 0.2198463103929542, 0), (0.1601148720153797, 0.15065068188658737, 0.9755345200486782, 0), (-0.0041470375266328945, -0.04049288690693218, 0.07310499348901656, 1) )
                uniform token[] xformOpOrder = ["xformOp:transform"]
            }

            def Cylinder "Petiolule_term" (
                prepend apiSchemas = ["PhysicsCollisionAPI"]
            )
            {
                uniform token axis = "Z"
                double height = 0.01
                rel material:binding = </Plant_1/Materials/Leaf>
                double radius = 0.0006448364
                matrix4d xformOp:transform = ( (0.9961946980917457, 0.08715574274765789, -0, 0), (-0.029809019626209063, 0.3407186534216101, 0.9396926207859085, 0), (0.08189960831908907, -0.9361168066628592, 0.3420201433256687, 0), (0.004628168897106362, -0.052900212559939166, 0.07788207430275208, 1) )
                uniform token[] xformOpOrder = ["xformOp:transform"]
            }

            def Mesh "Blade_4" (
                prepend apiSchemas = ["PhysicsCollisionAPI", "PhysicsMeshCollisionAPI"]
            )
            {
                int[] faceVertexCounts = [3, 3, 3, 3, 3, 3, 3, 3, 3, 3, 3, 3, 3, 3]
                int[] faceVertexIndices = [0, 1, 2, 0, 2, 3, 0, 3, 4, 0, 4, 5, 0, 5, 6, 0, 6, 7, 0, 7, 8, 0, 8, 9, 0, 9, 10, 0, 10, 11, 0, 11, 12, 0, 12, 13, 0, 13, 14, 0, 14, 15]
                rel material:binding = </Plant_1/Materials/Leaf>
                uniform token physics:approximation = "convexHull"
                point3f[] points = [(0, 0, 0), (0.0009882423, 0.00093565276, 0), (0.0017466409, 0.0018713055, 0), (0.0021783647, 0.0028069583, 0), (0.0022455666, 0.003742611, 0), (0.0019709014, 0.004678264, 0), (0.0014290699, 0.0056139166, 0), (0.00073043996, 0.0065495693, 0), (0, 0.007485222, 0), (-0.00073043996, 0.0065495693, 0), (-0.0014290699, 0.0056139166, 0), (-0.0019709014, 0.004678264, 0), (-0.0022455666, 0.003742611, 0), (-0.0021783647, 0.0028069583, 0), (-0.0017466409, 0.0018713055, 0), (-0.0009882423, 0.00093565276, 0)]
                uniform token subdivisionScheme = "none"
                matrix4d xformOp:transform = ( (-0.9961946980917457, -0.08715574274765789, 0, 0), (0.08189960831908907, -0.9361168066628592, 0.3420201433256687, 0), (-0.029809019626209063, 0.3407186534216101, 0.9396926207859085, 0), (0.005037666938701807, -0.057580796593253464, 0.07959217501938043, 1) )
                uniform token[] xformOpOrder = ["xformOp:transform"]
            }
        }

        def Xform "Leaf_o1_r2_i2" (
            prepend apiSchemas = ["PhysicsRigidBodyAPI", "PhysicsMassAPI", "PhysicsFilteredPairsAPI"]
        )
        {
            prepend rel physics:filteredPairs = </Plant_1/Stem/Internode_o1_r2>
            float physics:mass = 0.05

            def Cylinder "Petiole" (
                prepend apiSchemas = ["PhysicsCollisionAPI"]
            )
            {
                uniform token axis = "Z"
                double height = 0.017246509
                rel material:binding = </Plant_1/Materials/Leaf>
                double radius = 0.001612091
                matrix4d xformOp:transform = ( (0.9961946980917457, 0.08715574274765789, -0, 0), (-0.029809019626209063, 0.3407186534216101, 0.9396926207859085, 0), (0.08189960831908907, -0.9361168066628592, 0.3420201433256687, 0), (0.0007062411659858223, -0.008072373465581132, 0.06150375074002371, 1) )
                uniform token[] xformOpOrder = ["xformOp:transform"]
            }

            def Cylinder "Rachis" (
                prepend apiSchemas = ["PhysicsCollisionAPI"]
            )
            {
                uniform token axis = "Z"
                double height = 0.03426376
                rel material:binding = </Plant_1/Materials/Leaf>
                double radius = 0.0009672546
                matrix4d xformOp:transform = ( (0.9961946980917457, 0.08715574274765789, -0, 0), (-0.029809019626209063, 0.3407186534216101, 0.9396926207859085, 0), (0.08189960831908907, -0.9361168066628592, 0.3420201433256687, 0), (0.0028155765937412803, -0.03218218772889357, 0.07031252553308559, 1) )
                uniform token[] xformOpOrder = ["xformOp:transform"]
            }

            def Cylinder "Petiolule_0" (
                prepend apiSchemas = ["PhysicsCollisionAPI"]
            )
            {
                uniform token axis = "Z"
                double height = 0.01
                rel material:binding = </Plant_1/Materials/Leaf>
                double radius = 0.0006448364
                matrix4d xformOp:transform = ( (0.548375378964315, 0.8362322905423731, -0, 0), (-0.18384258370718962, 0.12055830377564267, 0.9755345200486784, 0), (0.8157734662034608, -0.5349591121244651, 0.2198463103929542, 0), (0.005491349662988948, -0.01881954249178459, 0.0655523090320122, 1) )
                uniform token[] xformOpOrder = ["xformOp:transform"]
            }

            def Mesh "Blade_0" (
                prepend apiSchemas = ["PhysicsCollisionAPI", "PhysicsMeshCollisionAPI"]
            )
            {
                int[] faceVertexCounts = [3, 3, 3, 3, 3, 3, 3, 3, 3, 3, 3, 3, 3, 3]
                int[] faceVertexIndices = [0, 1, 2, 0, 2, 3, 0, 3, 4, 0, 4, 5, 0, 5, 6, 0, 6, 7, 0, 7, 8, 0, 8, 9, 0, 9, 10, 0, 10, 11, 0, 11, 12, 0, 12, 13, 0, 13, 14, 0, 14, 15]
                rel material:binding = </Plant_1/Materials/Leaf>
                uniform token physics:approximation = "convexHull"
                point3f[] points = [(0, 0, 0), (0.0009882423, 0.00093565276, 0), (0.0017466409, 0.0018713055, 0), (0.0021783647, 0.0028069583, 0), (0.0022455666, 0.003742611, 0), (0.0019709014, 0.004678264, 0), (0.0014290699, 0.0056139166, 0), (0.00073043996, 0.0065495693, 0), (0, 0.007485222, 0), (-0.00073043996, 0.0065495693, 0), (-0.0014290699, 0.0056139166, 0), (-0.0019709014, 0.004678264, 0), (-0.0022455666, 0.003742611, 0), (-0.0021783647, 0.0028069583, 0), (-0.0017466409, 0.0018713055, 0), (-0.0009882423, 0.00093565276, 0)]
                uniform token subdivisionScheme = "none"
                matrix4d xformOp:transform = ( (-0.548375378964315, -0.8362322905423731, 0, 0), (0.8157734662034608, -0.5349591121244651, 0.2198463103929542, 0), (-0.18384258370718962, 0.12055830377564267, 0.9755345200486784, 0), (0.009570216994006252, -0.021494338052406914, 0.06665154058397697, 1) )
                uniform token[] xformOpOrder = ["xformOp:transform"]
            }

            def Cylinder "Petiolule_1" (
                prepend apiSchemas = ["PhysicsCollisionAPI"]
            )
            {
                uniform token axis = "Z"
                double height = 0.01
                rel material:binding = </Plant_1/Materials/Leaf>
                double radius = 0.0006448364
                matrix4d xformOp:transform = ( (0.685254538123991, -0.7283036578107212, 0, 0), (0.1601148720153797, 0.15065068188658737, 0.9755345200486782, 0), (-0.7104853592720786, -0.6684894569599661, 0.2198463103929542, 0), (-0.0021399444643887483, -0.019487194215962095, 0.0655523090320122, 1) )
                uniform token[] xformOpOrder = ["xformOp:transform"]
            }

            def Mesh "Blade_1" (
                prepend apiSchemas = ["PhysicsCollisionAPI", "PhysicsMeshCollisionAPI"]
            )
            {
                int[] faceVertexCounts = [3, 3, 3, 3, 3, 3, 3, 3, 3, 3, 3, 3, 3, 3]
                int[] faceVertexIndices = [0, 1, 2, 0, 2, 3, 0, 3, 4, 0, 4, 5, 0, 5, 6, 0, 6, 7, 0, 7, 8, 0, 8, 9, 0, 9, 10, 0, 10, 11, 0, 11, 12, 0, 12, 13, 0, 13, 14, 0, 14, 15]
                rel material:binding = </Plant_1/Materials/Leaf>
                uniform token physics:approximation = "convexHull"
                point3f[] points = [(0, 0, 0), (0.0009882423, 0.00093565276, 0), (0.0017466409, 0.0018713055, 0), (0.0021783647, 0.0028069583, 0), (0.0022455666, 0.003742611, 0), (0.0019709014, 0.004678264, 0), (0.0014290699, 0.0056139166, 0), (0.00073043996, 0.0065495693, 0), (0, 0.007485222, 0), (-0.00073043996, 0.0065495693, 0), (-0.0014290699, 0.0056139166, 0), (-0.0019709014, 0.004678264, 0), (-0.0022455666, 0.003742611, 0), (-0.0021783647, 0.0028069583, 0), (-0.0017466409, 0.0018713055, 0), (-0.0009882423, 0.00093565276, 0)]
                uniform token subdivisionScheme = "none"
                matrix4d xformOp:transform = ( (-0.685254538123991, 0.7283036578107212, 0, 0), (-0.7104853592720786, -0.6684894569599661, 0.2198463103929542, 0), (0.1601148720153797, 0.15065068188658737, 0.9755345200486782, 0), (-0.005692371260749141, -0.022829641500761923, 0.06665154058397697, 1) )
                uniform token[] xformOpOrder = ["xformOp:transform"]
            }

            def Cylinder "Petiolule_2" (
                prepend apiSchemas = ["PhysicsCollisionAPI"]
            )
            {
                uniform token axis = "Z"
                double height = 0.01
                rel material:binding = </Plant_1/Materials/Leaf>
                double radius = 0.0006448364
                matrix4d xformOp:transform = ( (0.548375378964315, 0.8362322905423731, -0, 0), (-0.18384258370718962, 0.12055830377564267, 0.9755345200486784, 0), (0.8157734662034608, -0.5349591121244651, 0.2198463103929542, 0), (0.007036683397105195, -0.036482787897954845, 0.07200576193705178, 1) )
                uniform token[] xformOpOrder = ["xformOp:transform"]
            }

            def Mesh "Blade_2" (
                prepend apiSchemas = ["PhysicsCollisionAPI", "PhysicsMeshCollisionAPI"]
            )
            {
                int[] faceVertexCounts = [3, 3, 3, 3, 3, 3, 3, 3, 3, 3, 3, 3, 3, 3]
                int[] faceVertexIndices = [0, 1, 2, 0, 2, 3, 0, 3, 4, 0, 4, 5, 0, 5, 6, 0, 6, 7, 0, 7, 8, 0, 8, 9, 0, 9, 10, 0, 10, 11, 0, 11, 12, 0, 12, 13, 0, 13, 14, 0, 14, 15]
                rel material:binding = </Plant_1/Materials/Leaf>
                uniform token physics:approximation = "convexHull"
                point3f[] points = [(0, 0, 0), (0.0009882423, 0.00093565276, 0), (0.0017466409, 0.0018713055, 0), (0.0021783647, 0.0028069583, 0), (0.0022455666, 0.003742611, 0), (0.0019709014, 0.004678264, 0), (0.0014290699, 0.0056139166, 0), (0.00073043996, 0.0065495693, 0), (0, 0.007485222, 0), (-0.00073043996, 0.0065495693, 0), (-0.0014290699, 0.0056139166, 0), (-0.0019709014, 0.004678264, 0), (-0.0022455666, 0.003742611, 0), (-0.0021783647, 0.0028069583, 0), (-0.0017466409, 0.0018713055, 0), (-0.0009882423, 0.00093565276, 0)]
                uniform token subdivisionScheme = "none"
                matrix4d xformOp:transform = ( (-0.548375378964315, -0.8362322905423731, 0, 0), (0.8157734662034608, -0.5349591121244651, 0.2198463103929542, 0), (-0.18384258370718962, 0.12055830377564267, 0.9755345200486784, 0), (0.011115550728122498, -0.03915758345857717, 0.07310499348901656, 1) )
                uniform token[] xformOpOrder = ["xformOp:transform"]
            }

            def Cylinder "Petiolule_3" (
                prepend apiSchemas = ["PhysicsCollisionAPI"]
            )
            {
                uniform token axis = "Z"
                double height = 0.01
                rel material:binding = </Plant_1/Materials/Leaf>
                double radius = 0.0006448364
                matrix4d xformOp:transform = ( (0.685254538123991, -0.7283036578107212, 0, 0), (0.1601148720153797, 0.15065068188658737, 0.9755345200486782, 0), (-0.7104853592720786, -0.6684894569599661, 0.2198463103929542, 0), (-0.0005946107302725015, -0.037150439622132346, 0.07200576193705178, 1) )
                uniform token[] xformOpOrder = ["xformOp:transform"]
            }

            def Mesh "Blade_3" (
                prepend apiSchemas = ["PhysicsCollisionAPI", "PhysicsMeshCollisionAPI"]
            )
            {
                int[] faceVertexCounts = [3, 3, 3, 3, 3, 3, 3, 3, 3, 3, 3, 3, 3, 3]
                int[] faceVertexIndices = [0, 1, 2, 0, 2, 3, 0, 3, 4, 0, 4, 5, 0, 5, 6, 0, 6, 7, 0, 7, 8, 0, 8, 9, 0, 9, 10, 0, 10, 11, 0, 11, 12, 0, 12, 13, 0, 13, 14, 0, 14, 15]
                rel material:binding = </Plant_1/Materials/Leaf>
                uniform token physics:approximation = "convexHull"
                point3f[] points = [(0, 0, 0), (0.0009882423, 0.00093565276, 0), (0.0017466409, 0.0018713055, 0), (0.0021783647, 0.0028069583, 0), (0.0022455666, 0.003742611, 0), (0.0019709014, 0.004678264, 0), (0.0014290699, 0.0056139166, 0), (0.00073043996, 0.0065495693, 0), (0, 0.007485222, 0), (-0.00073043996, 0.0065495693, 0), (-0.0014290699, 0.0056139166, 0), (-0.0019709014, 0.004678264, 0), (-0.0022455666, 0.003742611, 0), (-0.0021783647, 0.0028069583, 0), (-0.0017466409, 0.0018713055, 0), (-0.0009882423, 0.00093565276, 0)]
                uniform token subdivisionScheme = "none"
                matrix4d xformOp:transform = ( (-0.685254538123991, 0.7283036578107212, 0, 0), (-0.7104853592720786, -0.6684894569599661, 0.2198463103929542, 0), (0.1601148720153797, 0.15065068188658737, 0.9755345200486782, 0), (-0.0041470375266328945, -0.04049288690693218, 0.07310499348901656, 1) )
                uniform token[] xformOpOrder = ["xformOp:transform"]
            }

            def Cylinder "Petiolule_term" (
                prepend apiSchemas = ["PhysicsCollisionAPI"]
            )
            {
                uniform token axis = "Z"
                double height = 0.01
                rel material:binding = </Plant_1/Materials/Leaf>
                double radius = 0.0006448364
                matrix4d xformOp:transform = ( (0.9961946980917457, 0.08715574274765789, -0, 0), (-0.029809019626209063, 0.3407186534216101, 0.9396926207859085, 0), (0.08189960831908907, -0.9361168066628592, 0.3420201433256687, 0), (0.004628168897106362, -0.052900212559939166, 0.07788207430275208, 1) )
                uniform token[] xformOpOrder = ["xformOp:transform"]
            }

            def Mesh "Blade_4" (
                prepend apiSchemas = ["PhysicsCollisionAPI", "PhysicsMeshCollisionAPI"]
            )
            {
                int[] faceVertexCounts = [3, 3, 3, 3, 3, 3, 3, 3, 3, 3, 3, 3, 3, 3]
                int[] faceVertexIndices = [0, 1, 2, 0, 2, 3, 0, 3, 4, 0, 4, 5, 0, 5, 6, 0, 6, 7, 0, 7, 8, 0, 8, 9, 0, 9, 10, 0, 10, 11, 0, 11, 12, 0, 12, 13, 0, 13, 14, 0, 14, 15]
                rel material:binding = </Plant_1/Materials/Leaf>
                uniform token physics:approximation = "convexHull"
                point3f[] points = [(0, 0, 0), (0.0009882423, 0.00093565276, 0), (0.0017466409, 0.0018713055, 0), (0.0021783647, 0.0028069583, 0), (0.0022455666, 0.003742611, 0), (0.0019709014, 0.004678264, 0), (0.0014290699, 0.0056139166, 0), (0.00073043996, 0.0065495693, 0), (0, 0.007485222, 0), (-0.00073043996, 0.0065495693, 0), (-0.0014290699, 0.0056139166, 0), (-0.0019709014, 0.004678264, 0), (-0.0022455666, 0.003742611, 0), (-0.0021783647, 0.0028069583, 0), (-0.0017466409, 0.0018713055, 0), (-0.0009882423, 0.00093565276, 0)]
                uniform token subdivisionScheme = "none"
                matrix4d xformOp:transform = ( (-0.9961946980917457, -0.08715574274765789, 0, 0), (0.08189960831908907, -0.9361168066628592, 0.3420201433256687, 0), (-0.029809019626209063, 0.3407186534216101, 0.9396926207859085, 0), (0.005037666938701807, -0.057580796593253464, 0.07959217501938043, 1) )
                uniform token[] xformOpOrder = ["xformOp:transform"]
            }
        }

        def Xform "Leaf_o1_r2_i3" (
            prepend apiSchemas = ["PhysicsRigidBodyAPI", "PhysicsMassAPI", "PhysicsFilteredPairsAPI"]
        )
        {
            prepend rel physics:filteredPairs = </Plant_1/Stem/Internode_o1_r2>
            float physics:mass = 0.05

            def Cylinder "Petiole" (
                prepend apiSchemas = ["PhysicsCollisionAPI"]
            )
            {
                uniform token axis = "Z"
                double height = 0.017246509
                rel material:binding = </Plant_1/Materials/Leaf>
                double radius = 0.001612091
                matrix4d xformOp:transform = ( (0.9961946980917457, 0.08715574274765789, -0, 0), (-0.029809019626209063, 0.3407186534216101, 0.9396926207859085, 0), (0.08189960831908907, -0.9361168066628592, 0.3420201433256687, 0), (0.0007062411659858223, -0.008072373465581132, 0.06150375074002371, 1) )
                uniform token[] xformOpOrder = ["xformOp:transform"]
            }

            def Cylinder "Rachis" (
                prepend apiSchemas = ["PhysicsCollisionAPI"]
            )
            {
                uniform token axis = "Z"
                double height = 0.03426376
                rel material:binding = </Plant_1/Materials/Leaf>
                double radius = 0.0009672546
                matrix4d xformOp:transform = ( (0.9961946980917457, 0.08715574274765789, -0, 0), (-0.029809019626209063, 0.3407186534216101, 0.9396926207859085, 0), (0.08189960831908907, -0.9361168066628592, 0.3420201433256687, 0), (0.0028155765937412803, -0.03218218772889357, 0.07031252553308559, 1) )
                uniform token[] xformOpOrder = ["xformOp:transform"]
            }

            def Cylinder "Petiolule_0" (
                prepend apiSchemas = ["PhysicsCollisionAPI"]
            )
            {
                uniform token axis = "Z"
                double height = 0.01
                rel material:binding = </Plant_1/Materials/Leaf>
                double radius = 0.0006448364
                matrix4d xformOp:transform = ( (0.548375378964315, 0.8362322905423731, -0, 0), (-0.18384258370718962, 0.12055830377564267, 0.9755345200486784, 0), (0.8157734662034608, -0.5349591121244651, 0.2198463103929542, 0), (0.005491349662988948, -0.01881954249178459, 0.0655523090320122, 1) )
                uniform token[] xformOpOrder = ["xformOp:transform"]
            }

            def Mesh "Blade_0" (
                prepend apiSchemas = ["PhysicsCollisionAPI", "PhysicsMeshCollisionAPI"]
            )
            {
                int[] faceVertexCounts = [3, 3, 3, 3, 3, 3, 3, 3, 3, 3, 3, 3, 3, 3]
                int[] faceVertexIndices = [0, 1, 2, 0, 2, 3, 0, 3, 4, 0, 4, 5, 0, 5, 6, 0, 6, 7, 0, 7, 8, 0, 8, 9, 0, 9, 10, 0, 10, 11, 0, 11, 12, 0, 12, 13, 0, 13, 14, 0, 14, 15]
                rel material:binding = </Plant_1/Materials/Leaf>
                uniform token physics:approximation = "convexHull"
                point3f[] points = [(0, 0, 0), (0.0009882423, 0.00093565276, 0), (0.0017466409, 0.0018713055, 0), (0.0021783647, 0.0028069583, 0), (0.0022455666, 0.003742611, 0), (0.0019709014, 0.004678264, 0), (0.0014290699, 0.0056139166, 0), (0.00073043996, 0.0065495693, 0), (0, 0.007485222, 0), (-0.00073043996, 0.0065495693, 0), (-0.0014290699, 0.0056139166, 0), (-0.0019709014, 0.004678264, 0), (-0.0022455666, 0.003742611, 0), (-0.0021783647, 0.0028069583, 0), (-0.0017466409, 0.0018713055, 0), (-0.0009882423, 0.00093565276, 0)]
                uniform token subdivisionScheme = "none"
                matrix4d xformOp:transform = ( (-0.548375378964315, -0.8362322905423731, 0, 0), (0.8157734662034608, -0.5349591121244651, 0.2198463103929542, 0), (-0.18384258370718962, 0.12055830377564267, 0.9755345200486784, 0), (0.009570216994006252, -0.021494338052406914, 0.06665154058397697, 1) )
                uniform token[] xformOpOrder = ["xformOp:transform"]
            }

            def Cylinder "Petiolule_1" (
                prepend apiSchemas = ["PhysicsCollisionAPI"]
            )
            {
                uniform token axis = "Z"
                double height = 0.01
                rel material:binding = </Plant_1/Materials/Leaf>
                double radius = 0.0006448364
                matrix4d xformOp:transform = ( (0.685254538123991, -0.7283036578107212, 0, 0), (0.1601148720153797, 0.15065068188658737, 0.9755345200486782, 0), (-0.7104853592720786, -0.6684894569599661, 0.2198463103929542, 0), (-0.0021399444643887483, -0.019487194215962095, 0.0655523090320122, 1) )
                uniform token[] xformOpOrder = ["xformOp:transform"]
            }

            def Mesh "Blade_1" (
                prepend apiSchemas = ["PhysicsCollisionAPI", "PhysicsMeshCollisionAPI"]
            )
            {
                int[] faceVertexCounts = [3, 3, 3, 3, 3, 3, 3, 3, 3, 3, 3, 3, 3, 3]
                int[] faceVertexIndices = [0, 1, 2, 0, 2, 3, 0, 3, 4, 0, 4, 5, 0, 5, 6, 0, 6, 7, 0, 7, 8, 0, 8, 9, 0, 9, 10, 0, 10, 11, 0, 11, 12, 0, 12, 13, 0, 13, 14, 0, 14, 15]
                rel material:binding = </Plant_1/Materials/Leaf>
                uniform token physics:approximation = "convexHull"
                point3f[] points = [(0, 0, 0), (0.0009882423, 0.00093565276, 0), (0.0017466409, 0.0018713055, 0), (0.0021783647, 0.0028069583, 0), (0.0022455666, 0.003742611, 0), (0.0019709014, 0.004678264, 0), (0.0014290699, 0.0056139166, 0), (0.00073043996, 0.0065495693, 0), (0, 0.007485222, 0), (-0.00073043996, 0.0065495693, 0), (-0.0014290699, 0.0056139166, 0), (-0.0019709014, 0.004678264, 0), (-0.0022455666, 0.003742611, 0), (-0.0021783647, 0.0028069583, 0), (-0.0017466409, 0.0018713055, 0), (-0.0009882423, 0.00093565276, 0)]
                uniform token subdivisionScheme = "none"
                matrix4d xformOp:transform = ( (-0.685254538123991, 0.7283036578107212, 0, 0), (-0.7104853592720786, -0.6684894569599661, 0.2198463103929542, 0), (0.1601148720153797, 0.15065068188658737, 0.9755345200486782, 0), (-0.005692371260749141, -0.022829641500761923, 0.06665154058397697, 1) )
                uniform token[] xformOpOrder = ["xformOp:transform"]
            }

            def Cylinder "Petiolule_2" (
                prepend apiSchemas = ["PhysicsCollisionAPI"]
            )
            {
                uniform token axis = "Z"
                double height = 0.01
                rel material:binding = </Plant_1/Materials/Leaf>
                double radius = 0.0006448364
                matrix4d xformOp:transform = ( (0.548375378964315, 0.8362322905423731, -0, 0), (-0.18384258370718962, 0.12055830377564267, 0.9755345200486784, 0), (0.8157734662034608, -0.5349591121244651, 0.2198463103929542, 0), (0.007036683397105195, -0.036482787897954845, 0.07200576193705178, 1) )
                uniform token[] xformOpOrder = ["xformOp:transform"]
            }

            def Mesh "Blade_2" (
                prepend apiSchemas = ["PhysicsCollisionAPI", "PhysicsMeshCollisionAPI"]
            )
            {
                int[] faceVertexCounts = [3, 3, 3, 3, 3, 3, 3, 3, 3, 3, 3, 3, 3, 3]
                int[] faceVertexIndices = [0, 1, 2, 0, 2, 3, 0, 3, 4, 0, 4, 5, 0, 5, 6, 0, 6, 7, 0, 7, 8, 0, 8, 9, 0, 9, 10, 0, 10, 11, 0, 11, 12, 0, 12, 13, 0, 13, 14, 0, 14, 15]
                rel material:binding = </Plant_1/Materials/Leaf>
                uniform token physics:approximation = "convexHull"
                point3f[] points = [(0, 0, 0), (0.0009882423, 0.00093565276, 0), (0.0017466409, 0.0018713055, 0), (0.0021783647, 0.0028069583, 0), (0.0022455666, 0.003742611, 0), (0.0019709014, 0.004678264, 0), (0.0014290699, 0.0056139166, 0), (0.00073043996, 0.0065495693, 0), (0, 0.007485222, 0), (-0.00073043996, 0.0065495693, 0), (-0.0014290699, 0.0056139166, 0), (-0.0019709014, 0.004678264, 0), (-0.0022455666, 0.003742611, 0), (-0.0021783647, 0.0028069583, 0), (-0.0017466409, 0.0018713055, 0), (-0.0009882423, 0.00093565276, 0)]
                uniform token subdivisionScheme = "none"
                matrix4d xformOp:transform = ( (-0.548375378964315, -0.8362322905423731, 0, 0), (0.8157734662034608, -0.5349591121244651, 0.2198463103929542, 0), (-0.18384258370718962, 0.12055830377564267, 0.9755345200486784, 0), (0.011115550728122498, -0.03915758345857717, 0.07310499348901656, 1) )
                uniform token[] xformOpOrder = ["xformOp:transform"]
            }

            def Cylinder "Petiolule_3" (
                prepend apiSchemas = ["PhysicsCollisionAPI"]
            )
            {
                uniform token axis = "Z"
                double height = 0.01
                rel material:binding = </Plant_1/Materials/Leaf>
                double radius = 0.0006448364
                matrix4d xformOp:transform = ( (0.685254538123991, -0.7283036578107212, 0, 0), (0.1601148720153797, 0.15065068188658737, 0.9755345200486782, 0), (-0.7104853592720786, -0.6684894569599661, 0.2198463103929542, 0), (-0.0005946107302725015, -0.037150439622132346, 0.07200576193705178, 1) )
                uniform token[] xformOpOrder = ["xformOp:transform"]
            }

            def Mesh "Blade_3" (
                prepend apiSchemas = ["PhysicsCollisionAPI", "PhysicsMeshCollisionAPI"]
            )
            {
                int[] faceVertexCounts = [3, 3, 3, 3, 3, 3, 3, 3, 3, 3, 3, 3, 3, 3]
                int[] faceVertexIndices = [0, 1, 2, 0, 2, 3, 0, 3, 4, 0, 4, 5, 0, 5, 6, 0, 6, 7, 0, 7, 8, 0, 8, 9, 0, 9, 10, 0, 10, 11, 0, 11, 12, 0, 12, 13, 0, 13, 14, 0, 14, 15]
                rel material:binding = </Plant_1/Materials/Leaf>
                uniform token physics:approximation = "convexHull"
                point3f[] points = [(0, 0, 0), (0.0009882423, 0.00093565276, 0), (0.0017466409, 0.0018713055, 0), (0.0021783647, 0.0028069583, 0), (0.0022455666, 0.003742611, 0), (0.0019709014, 0.004678264, 0), (0.0014290699, 0.0056139166, 0), (0.00073043996, 0.0065495693, 0), (0, 0.007485222, 0), (-0.00073043996, 0.0065495693, 0), (-0.0014290699, 0.0056139166, 0), (-0.0019709014, 0.004678264, 0), (-0.0022455666, 0.003742611, 0), (-0.0021783647, 0.0028069583, 0), (-0.0017466409, 0.0018713055, 0), (-0.0009882423, 0.00093565276, 0)]
                uniform token subdivisionScheme = "none"
                matrix4d xformOp:transform = ( (-0.685254538123991, 0.7283036578107212, 0, 0), (-0.7104853592720786, -0.6684894569599661, 0.2198463103929542, 0), (0.1601148720153797, 0.15065068188658737, 0.9755345200486782, 0), (-0.0041470375266328945, -0.04049288690693218, 0.07310499348901656, 1) )
                uniform token[] xformOpOrder = ["xformOp:transform"]
            }

            def Cylinder "Petiolule_term" (
                prepend apiSchemas = ["PhysicsCollisionAPI"]
            )
            {
                uniform token axis = "Z"
                double height = 0.01
                rel material:binding = </Plant_1/Materials/Leaf>
                double radius = 0.0006448364
                matrix4d xformOp:transform = ( (0.9961946980917457, 0.08715574274765789, -0, 0), (-0.029809019626209063, 0.3407186534216101, 0.9396926207859085, 0), (0.08189960831908907, -0.9361168066628592, 0.3420201433256687, 0), (0.004628168897106362, -0.052900212559939166, 0.07788207430275208, 1) )
                uniform token[] xformOpOrder = ["xformOp:transform"]
            }

            def Mesh "Blade_4" (
                prepend apiSchemas = ["PhysicsCollisionAPI", "PhysicsMeshCollisionAPI"]
            )
            {
                int[] faceVertexCounts = [3, 3, 3, 3, 3, 3, 3, 3, 3, 3, 3, 3, 3, 3]
                int[] faceVertexIndices = [0, 1, 2, 0, 2, 3, 0, 3, 4, 0, 4, 5, 0, 5, 6, 0, 6, 7, 0, 7, 8, 0, 8, 9, 0, 9, 10, 0, 10, 11, 0, 11, 12, 0, 12, 13, 0, 13, 14, 0, 14, 15]
                rel material:binding = </Plant_1/Materials/Leaf>
                uniform token physics:approximation = "convexHull"
                point3f[] points = [(0, 0, 0), (0.0009882423, 0.00093565276, 0), (0.0017466409, 0.0018713055, 0), (0.0021783647, 0.0028069583, 0), (0.0022455666, 0.003742611, 0), (0.0019709014, 0.004678264, 0), (0.0014290699, 0.0056139166, 0), (0.00073043996, 0.0065495693, 0), (0, 0.007485222, 0), (-0.00073043996, 0.0065495693, 0), (-0.0014290699, 0.0056139166, 0), (-0.0019709014, 0.004678264, 0), (-0.0022455666, 0.003742611, 0), (-0.0021783647, 0.0028069583, 0), (-0.0017466409, 0.0018713055, 0), (-0.0009882423, 0.00093565276, 0)]
                uniform token subdivisionScheme = "none"
                matrix4d xformOp:transform = ( (-0.9961946980917457, -0.08715574274765789, 0, 0), (0.08189960831908907, -0.9361168066628592, 0.3420201433256687, 0), (-0.029809019626209063, 0.3407186534216101, 0.9396926207859085, 0), (0.005037666938701807, -0.057580796593253464, 0.07959217501938043, 1) )
                uniform token[] xformOpOrder = ["xformOp:transform"]
            }
        }

        def Xform "Leaf_o1_r1_i0" (
            prepend apiSchemas = ["PhysicsRigidBodyAPI", "PhysicsMassAPI", "PhysicsFilteredPairsAPI"]
        )
        {
            prepend rel physics:filteredPairs = </Plant_1/Stem/Internode_o1_r1>
            float physics:mass = 0.05

            def Cylinder "Petiole" (
                prepend apiSchemas = ["PhysicsCollisionAPI"]
            )
            {
                uniform token axis = "Z"
                double height = 0.018981654
                rel material:binding = </Plant_1/Materials/Leaf>
                double radius = 0.0017411562
                matrix4d xformOp:transform = ( (-0.6755902076156604, -0.737277336810124, 0, 0), (0.25216370040656594, -0.23106545963812644, 0.9396926207859084, 0), (-0.6928140728731603, 0.6348471327716558, 0.3420201433256687, 0), (-0.006575378508804558, 0.006025224308581816, 0.03630868901081913, 1) )
                uniform token[] xformOpOrder = ["xformOp:transform"]
            }

            def Cylinder "Rachis" (
                prepend apiSchemas = ["PhysicsCollisionAPI"]
            )
            {
                uniform token axis = "Z"
                double height = 0.039131396
                rel material:binding = </Plant_1/Materials/Leaf>
                double radius = 0.00104469372
                matrix4d xformOp:transform = ( (-0.6755902076156604, -0.737277336810124, 0, 0), (0.25216370040656594, -0.23106545963812644, 0.9396926207859084, 0), (-0.6928140728731603, 0.6348471327716558, 0.3420201433256687, 0), (-0.026706147937595362, 0.024471675893139755, 0.046246605855865, 1) )
                uniform token[] xformOpOrder = ["xformOp:transform"]
            }

            def Cylinder "Petiolule_0" (
                prepend apiSchemas = ["PhysicsCollisionAPI"]
            )
            {
                uniform token axis = "Z"
                double height = 0.01
                rel material:binding = </Plant_1/Materials/Leaf>
                double radius = 0.00069646248
                matrix4d xformOp:transform = ( (0.16064560780738846, -0.9870121522515286, 0, 0), (0.21699097998550732, 0.035317344157287905, 0.9755345200486782, 0), (-0.9628644262289079, -0.1567153359103089, 0.2198463103929542, 0), (-0.017965079148753657, 0.011266871937612088, 0.04065397457360302, 1) )
                uniform token[] xformOpOrder = ["xformOp:transform"]
            }

            def Mesh "Blade_0" (
                prepend apiSchemas = ["PhysicsCollisionAPI", "PhysicsMeshCollisionAPI"]
            )
            {
                int[] faceVertexCounts = [3, 3, 3, 3, 3, 3, 3, 3, 3, 3, 3, 3, 3, 3]
                int[] faceVertexIndices = [0, 1, 2, 0, 2, 3, 0, 3, 4, 0, 4, 5, 0, 5, 6, 0, 6, 7, 0, 7, 8, 0, 8, 9, 0, 9, 10, 0, 10, 11, 0, 11, 12, 0, 12, 13, 0, 13, 14, 0, 14, 15]
                rel material:binding = </Plant_1/Materials/Leaf>
                uniform token physics:approximation = "convexHull"
                point3f[] points = [(0, 0, 0), (0.0012992606, 0.0012301202, 0), (0.0022963416, 0.0024602404, 0), (0.0028639368, 0.0036903606, 0), (0.0029522886, 0.004920481, 0), (0.002591181, 0.006150601, 0), (0.0018788249, 0.007380721, 0), (0.00096032314, 0.008610842, 0), (0, 0.009840962, 0), (-0.00096032314, 0.008610842, 0), (-0.0018788249, 0.007380721, 0), (-0.002591181, 0.006150601, 0), (-0.0029522886, 0.004920481, 0), (-0.0028639368, 0.0036903606, 0), (-0.0022963416, 0.0024602404, 0), (-0.0012992606, 0.0012301202, 0)]
                uniform token subdivisionScheme = "none"
                matrix4d xformOp:transform = ( (-0.16064560780738846, 0.9870121522515286, 0, 0), (-0.9628644262289079, -0.1567153359103089, 0.2198463103929542, 0), (0.21699097998550732, 0.035317344157287905, 0.9755345200486782, 0), (-0.022779401279898196, 0.010483295258060544, 0.04175320612556779, 1) )
                uniform token[] xformOpOrder = ["xformOp:transform"]
            }

            def Cylinder "Petiolule_1" (
                prepend apiSchemas = ["PhysicsCollisionAPI"]
            )
            {
                uniform token axis = "Z"
                double height = 0.01
                rel material:binding = </Plant_1/Materials/Leaf>
                double radius = 0.00069646248
                matrix4d xformOp:transform = ( (-0.9972574602926975, 0.07401052553899984, 0, 0), (-0.016270940969992622, -0.21924337315719755, 0.9755345200486782, 0), (0.07219982251023865, 0.9728590778916004, 0.2198463103929542, 0), (-0.012789757905057923, 0.016914744006621636, 0.04065397457360302, 1) )
                uniform token[] xformOpOrder = ["xformOp:transform"]
            }

            def Mesh "Blade_1" (
                prepend apiSchemas = ["PhysicsCollisionAPI", "PhysicsMeshCollisionAPI"]
            )
            {
                int[] faceVertexCounts = [3, 3, 3, 3, 3, 3, 3, 3, 3, 3, 3, 3, 3, 3]
                int[] faceVertexIndices = [0, 1, 2, 0, 2, 3, 0, 3, 4, 0, 4, 5, 0, 5, 6, 0, 6, 7, 0, 7, 8, 0, 8, 9, 0, 9, 10, 0, 10, 11, 0, 11, 12, 0, 12, 13, 0, 13, 14, 0, 14, 15]
                rel material:binding = </Plant_1/Materials/Leaf>
                uniform token physics:approximation = "convexHull"
                point3f[] points = [(0, 0, 0), (0.0012992606, 0.0012301202, 0), (0.0022963416, 0.0024602404, 0), (0.0028639368, 0.0036903606, 0), (0.0029522886, 0.004920481, 0), (0.002591181, 0.006150601, 0), (0.0018788249, 0.007380721, 0), (0.00096032314, 0.008610842, 0), (0, 0.009840962, 0), (-0.00096032314, 0.008610842, 0), (-0.0018788249, 0.007380721, 0), (-0.002591181, 0.006150601, 0), (-0.0029522886, 0.004920481, 0), (-0.0028639368, 0.0036903606, 0), (-0.0022963416, 0.0024602404, 0), (-0.0012992606, 0.0012301202, 0)]
                uniform token subdivisionScheme = "none"
                matrix4d xformOp:transform = ( (0.9972574602926975, -0.07401052553899984, 0, 0), (0.07219982251023865, 0.9728590778916004, 0.2198463103929542, 0), (-0.016270940969992622, -0.21924337315719755, 0.9755345200486782, 0), (-0.01242875879250673, 0.021779039396079638, 0.04175320612556779, 1) )
                uniform token[] xformOpOrder = ["xformOp:transform"]
            }

            def Cylinder "Petiolule_2" (
                prepend apiSchemas = ["PhysicsCollisionAPI"]
            )
            {
                uniform token axis = "Z"
                double height = 0.01
                rel material:binding = </Plant_1/Materials/Leaf>
                double radius = 0.00069646248
                matrix4d xformOp:transform = ( (0.16064560780738846, -0.9870121522515286, 0, 0), (0.21699097998550732, 0.035317344157287905, 0.9755345200486782, 0), (-0.9628644262289079, -0.1567153359103089, 0.2198463103929542, 0), (-0.03333681379545074, 0.02535247159310433, 0.048242508197385243, 1) )
                uniform token[] xformOpOrder = ["xformOp:transform"]
            }

            def Mesh "Blade_2" (
                prepend apiSchemas = ["PhysicsCollisionAPI", "PhysicsMeshCollisionAPI"]
            )
            {
                int[] faceVertexCounts = [3, 3, 3, 3, 3, 3, 3, 3, 3, 3, 3, 3, 3, 3]
                int[] faceVertexIndices = [0, 1, 2, 0, 2, 3, 0, 3, 4, 0, 4, 5, 0, 5, 6, 0, 6, 7, 0, 7, 8, 0, 8, 9, 0, 9, 10, 0, 10, 11, 0, 11, 12, 0, 12, 13, 0, 13, 14, 0, 14, 15]
                rel material:binding = </Plant_1/Materials/Leaf>
                uniform token physics:approximation = "convexHull"
                point3f[] points = [(0, 0, 0), (0.0012992606, 0.0012301202, 0), (0.0022963416, 0.0024602404, 0), (0.0028639368, 0.0036903606, 0), (0.0029522886, 0.004920481, 0), (0.002591181, 0.006150601, 0), (0.0018788249, 0.007380721, 0), (0.00096032314, 0.008610842, 0), (0, 0.009840962, 0), (-0.00096032314, 0.008610842, 0), (-0.0018788249, 0.007380721, 0), (-0.002591181, 0.006150601, 0), (-0.0029522886, 0.004920481, 0), (-0.0028639368, 0.0036903606, 0), (-0.0022963416, 0.0024602404, 0), (-0.0012992606, 0.0012301202, 0)]
                uniform token subdivisionScheme = "none"
                matrix4d xformOp:transform = ( (-0.16064560780738846, 0.9870121522515286, 0, 0), (-0.9628644262289079, -0.1567153359103089, 0.2198463103929542, 0), (0.21699097998550732, 0.035317344157287905, 0.9755345200486782, 0), (-0.038151135926595275, 0.024568894913552786, 0.049341739749350015, 1) )
                uniform token[] xformOpOrder = ["xformOp:transform"]
            }

            def Cylinder "Petiolule_3" (
                prepend apiSchemas = ["PhysicsCollisionAPI"]
            )
            {
                uniform token axis = "Z"
                double height = 0.01
                rel material:binding = </Plant_1/Materials/Leaf>
                double radius = 0.00069646248
                matrix4d xformOp:transform = ( (-0.9972574602926975, 0.07401052553899984, 0, 0), (-0.016270940969992622, -0.21924337315719755, 0.9755345200486782, 0), (0.07219982251023865, 0.9728590778916004, 0.2198463103929542, 0), (-0.028161492551755003, 0.031000343662113877, 0.048242508197385243, 1) )
                uniform token[] xformOpOrder = ["xformOp:transform"]
            }

            def Mesh "Blade_3" (
                prepend apiSchemas = ["PhysicsCollisionAPI", "PhysicsMeshCollisionAPI"]
            )
            {
                int[] faceVertexCounts = [3, 3, 3, 3, 3, 3, 3, 3, 3, 3, 3, 3, 3, 3]
                int[] faceVertexIndices = [0, 1, 2, 0, 2, 3, 0, 3, 4, 0, 4, 5, 0, 5, 6, 0, 6, 7, 0, 7, 8, 0, 8, 9, 0, 9, 10, 0, 10, 11, 0, 11, 12, 0, 12, 13, 0, 13, 14, 0, 14, 15]
                rel material:binding = </Plant_1/Materials/Leaf>
                uniform token physics:approximation = "convexHull"
                point3f[] points = [(0, 0, 0), (0.0012992606, 0.0012301202, 0), (0.0022963416, 0.0024602404, 0), (0.0028639368, 0.0036903606, 0), (0.0029522886, 0.004920481, 0), (0.002591181, 0.006150601, 0), (0.0018788249, 0.007380721, 0), (0.00096032314, 0.008610842, 0), (0, 0.009840962, 0), (-0.00096032314, 0.008610842, 0), (-0.0018788249, 0.007380721, 0), (-0.002591181, 0.006150601, 0), (-0.0029522886, 0.004920481, 0), (-0.0028639368, 0.0036903606, 0), (-0.0022963416, 0.0024602404, 0), (-0.0012992606, 0.0012301202, 0)]
                uniform token subdivisionScheme = "none"
                matrix4d xformOp:transform = ( (0.9972574602926975, -0.07401052553899984, 0, 0), (0.07219982251023865, 0.9728590778916004, 0.2198463103929542, 0), (-0.016270940969992622, -0.21924337315719755, 0.9755345200486782, 0), (-0.02780049343920381, 0.03586463905157188, 0.049341739749350015, 1) )
                uniform token[] xformOpOrder = ["xformOp:transform"]
            }

            def Cylinder "Petiolule_term" (
                prepend apiSchemas = ["PhysicsCollisionAPI"]
            )
            {
                uniform token axis = "Z"
                double height = 0.01
                rel material:binding = </Plant_1/Materials/Leaf>
                double radius = 0.00069646248
                matrix4d xformOp:transform = ( (-0.6755902076156604, -0.737277336810124, 0, 0), (0.25216370040656594, -0.23106545963812644, 0.9396926207859084, 0), (-0.6928140728731603, 0.6348471327716558, 0.3420201433256687, 0), (-0.04372560922194741, 0.04006713883297415, 0.054648569406720096, 1) )
                uniform token[] xformOpOrder = ["xformOp:transform"]
            }

            def Mesh "Blade_4" (
                prepend apiSchemas = ["PhysicsCollisionAPI", "PhysicsMeshCollisionAPI"]
            )
            {
                int[] faceVertexCounts = [3, 3, 3, 3, 3, 3, 3, 3, 3, 3, 3, 3, 3, 3]
                int[] faceVertexIndices = [0, 1, 2, 0, 2, 3, 0, 3, 4, 0, 4, 5, 0, 5, 6, 0, 6, 7, 0, 7, 8, 0, 8, 9, 0, 9, 10, 0, 10, 11, 0, 11, 12, 0, 12, 13, 0, 13, 14, 0, 14, 15]
                rel material:binding = </Plant_1/Materials/Leaf>
                uniform token physics:approximation = "convexHull"
                point3f[] points = [(0, 0, 0), (0.0012992606, 0.0012301202, 0), (0.0022963416, 0.0024602404, 0), (0.0028639368, 0.0036903606, 0), (0.0029522886, 0.004920481, 0), (0.002591181, 0.006150601, 0), (0.0018788249, 0.007380721, 0), (0.00096032314, 0.008610842, 0), (0, 0.009840962, 0), (-0.00096032314, 0.008610842, 0), (-0.0018788249, 0.007380721, 0), (-0.002591181, 0.006150601, 0), (-0.0029522886, 0.004920481, 0), (-0.0028639368, 0.0036903606, 0), (-0.0022963416, 0.0024602404, 0), (-0.0012992606, 0.0012301202, 0)]
                uniform token subdivisionScheme = "none"
                matrix4d xformOp:transform = ( (0.6755902076156604, 0.737277336810124, -0, 0), (-0.6928140728731603, 0.6348471327716558, 0.3420201433256687, 0), (0.25216370040656594, -0.23106545963812644, 0.9396926207859084, 0), (-0.04718967958631321, 0.04324137449683243, 0.056358670123348435, 1) )
                uniform token[] xformOpOrder = ["xformOp:transform"]
            }
        }

        def Xform "Leaf_o0_r7_i0" (
            prepend apiSchemas = ["PhysicsRigidBodyAPI", "PhysicsMassAPI", "PhysicsFilteredPairsAPI"]
        )
        {
            prepend rel physics:filteredPairs = </Plant_1/Stem/Internode_o0_r7>
            float physics:mass = 0.05

            def Cylinder "Petiole" (
                prepend apiSchemas = ["PhysicsCollisionAPI"]
            )
            {
                uniform token axis = "Z"
                double height = 0.02703079
                rel material:binding = </Plant_1/Materials/Leaf>
                double radius = 0.0023130276
                matrix4d xformOp:transform = ( (0.8870108331782215, -0.46174861323503436, 0, 0), (0.1579273268790752, 0.30337557229503614, 0.9396926207859084, 0), (-0.4339017645150882, -0.8335175344947352, 0.3420201433256687, 0), (-0.005864353738618401, -0.011265318718122471, 0.15660305933500301, 1) )
                uniform token[] xformOpOrder = ["xformOp:transform"]
            }

            def Cylinder "Rachis" (
                prepend apiSchemas = ["PhysicsCollisionAPI"]
            )
            {
                uniform token axis = "Z"
                double height = 0.09981024
                rel material:binding = </Plant_1/Materials/Leaf>
                double radius = 0.0013878165599999998
                matrix4d xformOp:transform = ( (0.8870108331782215, -0.46174861323503436, 0, 0), (0.1579273268790752, 0.30337557229503614, 0.9396926207859084, 0), (-0.4339017645150882, -0.8335175344947352, 0.3420201433256687, 0), (-0.03338262710357402, -0.06412743001730883, 0.1782941529650907, 1) )
                uniform token[] xformOpOrder = ["xformOp:transform"]
            }

            def Cylinder "Petiolule_0" (
                prepend apiSchemas = ["PhysicsCollisionAPI"]
            )
            {
                uniform token axis = "Z"
                double height = 0.01
                rel material:binding = </Plant_1/Materials/Leaf>
                double radius = 0.00092521104
                matrix4d xformOp:transform = ( (0.9118023859082873, 0.4106292842113854, -0, 0), (-0.09027533307317283, 0.20045639034942953, 0.9755345200486782, 0), (0.40058304169108616, -0.8894947029162807, 0.2198463103929542, 0), (-0.009725792268781371, -0.026978110950826348, 0.16232482822197078, 1) )
                uniform token[] xformOpOrder = ["xformOp:transform"]
            }

            def Mesh "Blade_0" (
                prepend apiSchemas = ["PhysicsCollisionAPI", "PhysicsMeshCollisionAPI"]
            )
            {
                int[] faceVertexCounts = [3, 3, 3, 3, 3, 3, 3, 3, 3, 3, 3, 3, 3, 3]
                int[] faceVertexIndices = [0, 1, 2, 0, 2, 3, 0, 3, 4, 0, 4, 5, 0, 5, 6, 0, 6, 7, 0, 7, 8, 0, 8, 9, 0, 9, 10, 0, 10, 11, 0, 11, 12, 0, 12, 13, 0, 13, 14, 0, 14, 15]
                rel material:binding = </Plant_1/Materials/Leaf>
                uniform token physics:approximation = "convexHull"
                point3f[] points = [(0, 0, 0), (0.0030118113, 0.0028515372, 0), (0.005323141, 0.0057030744, 0), (0.0066388813, 0.008554611, 0), (0.006843689, 0.011406149, 0), (0.006006607, 0.014257685, 0), (0.004355297, 0.017109223, 0), (0.0022261215, 0.01996076, 0), (0, 0.022812298, 0), (-0.0022261215, 0.01996076, 0), (-0.004355297, 0.017109223, 0), (-0.006006607, 0.014257685, 0), (-0.006843689, 0.011406149, 0), (-0.0066388813, 0.008554611, 0), (-0.005323141, 0.0057030744, 0), (-0.0030118113, 0.0028515372, 0)]
                uniform token subdivisionScheme = "none"
                matrix4d xformOp:transform = ( (-0.9118023859082873, -0.4106292842113854, 0, 0), (0.40058304169108616, -0.8894947029162807, 0.2198463103929542, 0), (-0.09027533307317283, 0.20045639034942953, 0.9755345200486782, 0), (-0.00772287706032594, -0.031425584465407747, 0.16342405977393556, 1) )
                uniform token[] xformOpOrder = ["xformOp:transform"]
            }

            def Cylinder "Petiolule_1" (
                prepend apiSchemas = ["PhysicsCollisionAPI"]
            )
            {
                uniform token axis = "Z"
                double height = 0.01
                rel material:binding = </Plant_1/Materials/Leaf>
                double radius = 0.00092521104
                matrix4d xformOp:transform = ( (0.18662054555897403, -0.9824320699037012, 0, 0), (0.2159840657800416, 0.04102783838466066, 0.9755345200486784, 0), (-0.9583963977939367, -0.18205478434309622, 0.21984631039295421, 0), (-0.016520689466206485, -0.023440911357960423, 0.16232482822197078, 1) )
                uniform token[] xformOpOrder = ["xformOp:transform"]
            }

            def Mesh "Blade_1" (
                prepend apiSchemas = ["PhysicsCollisionAPI", "PhysicsMeshCollisionAPI"]
            )
            {
                int[] faceVertexCounts = [3, 3, 3, 3, 3, 3, 3, 3, 3, 3, 3, 3, 3, 3]
                int[] faceVertexIndices = [0, 1, 2, 0, 2, 3, 0, 3, 4, 0, 4, 5, 0, 5, 6, 0, 6, 7, 0, 7, 8, 0, 8, 9, 0, 9, 10, 0, 10, 11, 0, 11, 12, 0, 12, 13, 0, 13, 14, 0, 14, 15]
                rel material:binding = </Plant_1/Materials/Leaf>
                uniform token physics:approximation = "convexHull"
                point3f[] points = [(0, 0, 0), (0.0030118113, 0.0028515372, 0), (0.005323141, 0.0057030744, 0), (0.0066388813, 0.008554611, 0), (0.006843689, 0.011406149, 0), (0.006006607, 0.014257685, 0), (0.004355297, 0.017109223, 0), (0.0022261215, 0.01996076, 0), (0, 0.022812298, 0), (-0.0022261215, 0.01996076, 0), (-0.004355297, 0.017109223, 0), (-0.006006607, 0.014257685, 0), (-0.006843689, 0.011406149, 0), (-0.0066388813, 0.008554611, 0), (-0.005323141, 0.0057030744, 0), (-0.0030118113, 0.0028515372, 0)]
                uniform token subdivisionScheme = "none"
                matrix4d xformOp:transform = ( (-0.18662054555897403, 0.9824320699037012, 0, 0), (-0.9583963977939367, -0.18205478434309622, 0.21984631039295421, 0), (0.2159840657800416, 0.04102783838466066, 0.9755345200486784, 0), (-0.02131267145517617, -0.024351185279675905, 0.16342405977393556, 1) )
                uniform token[] xformOpOrder = ["xformOp:transform"]
            }

            def Cylinder "Petiolule_2" (
                prepend apiSchemas = ["PhysicsCollisionAPI"]
            )
            {
                uniform token axis = "Z"
                double height = 0.01
                rel material:binding = </Plant_1/Materials/Leaf>
                double radius = 0.00092521104
                matrix4d xformOp:transform = ( (0.9118023859082873, 0.4106292842113854, -0, 0), (-0.09027533307317283, 0.20045639034942953, 0.9755345200486782, 0), (0.40058304169108616, -0.8894947029162807, 0.2198463103929542, 0), (-0.02397698331500899, -0.05435439423868108, 0.17355823357499917, 1) )
                uniform token[] xformOpOrder = ["xformOp:transform"]
            }

            def Mesh "Blade_2" (
                prepend apiSchemas = ["PhysicsCollisionAPI", "PhysicsMeshCollisionAPI"]
            )
            {
                int[] faceVertexCounts = [3, 3, 3, 3, 3, 3, 3, 3, 3, 3, 3, 3, 3, 3]
                int[] faceVertexIndices = [0, 1, 2, 0, 2, 3, 0, 3, 4, 0, 4, 5, 0, 5, 6, 0, 6, 7, 0, 7, 8, 0, 8, 9, 0, 9, 10, 0, 10, 11, 0, 11, 12, 0, 12, 13, 0, 13, 14, 0, 14, 15]
                rel material:binding = </Plant_1/Materials/Leaf>
                uniform token physics:approximation = "convexHull"
                point3f[] points = [(0, 0, 0), (0.0030118113, 0.0028515372, 0), (0.005323141, 0.0057030744, 0), (0.0066388813, 0.008554611, 0), (0.006843689, 0.011406149, 0), (0.006006607, 0.014257685, 0), (0.004355297, 0.017109223, 0), (0.0022261215, 0.01996076, 0), (0, 0.022812298, 0), (-0.0022261215, 0.01996076, 0), (-0.004355297, 0.017109223, 0), (-0.006006607, 0.014257685, 0), (-0.006843689, 0.011406149, 0), (-0.0066388813, 0.008554611, 0), (-0.005323141, 0.0057030744, 0), (-0.0030118113, 0.0028515372, 0)]
                uniform token subdivisionScheme = "none"
                matrix4d xformOp:transform = ( (-0.9118023859082873, -0.4106292842113854, 0, 0), (0.40058304169108616, -0.8894947029162807, 0.2198463103929542, 0), (-0.09027533307317283, 0.20045639034942953, 0.9755345200486782, 0), (-0.02197406810655356, -0.05880186775326249, 0.17465746512696395, 1) )
                uniform token[] xformOpOrder = ["xformOp:transform"]
            }

            def Cylinder "Petiolule_3" (
                prepend apiSchemas = ["PhysicsCollisionAPI"]
            )
            {
                uniform token axis = "Z"
                double height = 0.01
                rel material:binding = </Plant_1/Materials/Leaf>
                double radius = 0.00092521104
                matrix4d xformOp:transform = ( (0.18662054555897403, -0.9824320699037012, 0, 0), (0.2159840657800416, 0.04102783838466066, 0.9755345200486784, 0), (-0.9583963977939367, -0.18205478434309622, 0.21984631039295421, 0), (-0.030771880512434107, -0.050817194645815154, 0.17355823357499917, 1) )
                uniform token[] xformOpOrder = ["xformOp:transform"]
            }

            def Mesh "Blade_3" (
                prepend apiSchemas = ["PhysicsCollisionAPI", "PhysicsMeshCollisionAPI"]
            )
            {
                int[] faceVertexCounts = [3, 3, 3, 3, 3, 3, 3, 3, 3, 3, 3, 3, 3, 3]
                int[] faceVertexIndices = [0, 1, 2, 0, 2, 3, 0, 3, 4, 0, 4, 5, 0, 5, 6, 0, 6, 7, 0, 7, 8, 0, 8, 9, 0, 9, 10, 0, 10, 11, 0, 11, 12, 0, 12, 13, 0, 13, 14, 0, 14, 15]
                rel material:binding = </Plant_1/Materials/Leaf>
                uniform token physics:approximation = "convexHull"
                point3f[] points = [(0, 0, 0), (0.0030118113, 0.0028515372, 0), (0.005323141, 0.0057030744, 0), (0.0066388813, 0.008554611, 0), (0.006843689, 0.011406149, 0), (0.006006607, 0.014257685, 0), (0.004355297, 0.017109223, 0), (0.0022261215, 0.01996076, 0), (0, 0.022812298, 0), (-0.0022261215, 0.01996076, 0), (-0.004355297, 0.017109223, 0), (-0.006006607, 0.014257685, 0), (-0.006843689, 0.011406149, 0), (-0.0066388813, 0.008554611, 0), (-0.005323141, 0.0057030744, 0), (-0.0030118113, 0.0028515372, 0)]
                uniform token subdivisionScheme = "none"
                matrix4d xformOp:transform = ( (-0.18662054555897403, 0.9824320699037012, 0, 0), (-0.9583963977939367, -0.18205478434309622, 0.21984631039295421, 0), (0.2159840657800416, 0.04102783838466066, 0.9755345200486784, 0), (-0.03556386250140379, -0.05172746856753064, 0.17465746512696395, 1) )
                uniform token[] xformOpOrder = ["xformOp:transform"]
            }

            def Cylinder "Petiolule_4" (
                prepend apiSchemas = ["PhysicsCollisionAPI"]
            )
            {
                uniform token axis = "Z"
                double height = 0.01
                rel material:binding = </Plant_1/Materials/Leaf>
                double radius = 0.00092521104
                matrix4d xformOp:transform = ( (0.9118023859082873, 0.4106292842113854, -0, 0), (-0.09027533307317283, 0.20045639034942953, 0.9755345200486782, 0), (0.40058304169108616, -0.8894947029162807, 0.2198463103929542, 0), (-0.038228174361236614, -0.08173067752653582, 0.18479163892802755, 1) )
                uniform token[] xformOpOrder = ["xformOp:transform"]
            }

            def Mesh "Blade_4" (
                prepend apiSchemas = ["PhysicsCollisionAPI", "PhysicsMeshCollisionAPI"]
            )
            {
                int[] faceVertexCounts = [3, 3, 3, 3, 3, 3, 3, 3, 3, 3, 3, 3, 3, 3]
                int[] faceVertexIndices = [0, 1, 2, 0, 2, 3, 0, 3, 4, 0, 4, 5, 0, 5, 6, 0, 6, 7, 0, 7, 8, 0, 8, 9, 0, 9, 10, 0, 10, 11, 0, 11, 12, 0, 12, 13, 0, 13, 14, 0, 14, 15]
                rel material:binding = </Plant_1/Materials/Leaf>
                uniform token physics:approximation = "convexHull"
                point3f[] points = [(0, 0, 0), (0.0030118113, 0.0028515372, 0), (0.005323141, 0.0057030744, 0), (0.0066388813, 0.008554611, 0), (0.006843689, 0.011406149, 0), (0.006006607, 0.014257685, 0), (0.004355297, 0.017109223, 0), (0.0022261215, 0.01996076, 0), (0, 0.022812298, 0), (-0.0022261215, 0.01996076, 0), (-0.004355297, 0.017109223, 0), (-0.006006607, 0.014257685, 0), (-0.006843689, 0.011406149, 0), (-0.0066388813, 0.008554611, 0), (-0.005323141, 0.0057030744, 0), (-0.0030118113, 0.0028515372, 0)]
                uniform token subdivisionScheme = "none"
                matrix4d xformOp:transform = ( (-0.9118023859082873, -0.4106292842113854, 0, 0), (0.40058304169108616, -0.8894947029162807, 0.2198463103929542, 0), (-0.09027533307317283, 0.20045639034942953, 0.9755345200486782, 0), (-0.03622525915278118, -0.08617815104111723, 0.18589087047999234, 1) )
                uniform token[] xformOpOrder = ["xformOp:transform"]
            }

            def Cylinder "Petiolule_5" (
                prepend apiSchemas = ["PhysicsCollisionAPI"]
            )
            {
                uniform token axis = "Z"
                double height = 0.01
                rel material:binding = </Plant_1/Materials/Leaf>
                double radius = 0.00092521104
                matrix4d xformOp:transform = ( (0.18662054555897403, -0.9824320699037012, 0, 0), (0.2159840657800416, 0.04102783838466066, 0.9755345200486784, 0), (-0.9583963977939367, -0.18205478434309622, 0.21984631039295421, 0), (-0.045023071558661726, -0.0781934779336699, 0.18479163892802755, 1) )
                uniform token[] xformOpOrder = ["xformOp:transform"]
            }

            def Mesh "Blade_5" (
                prepend apiSchemas = ["PhysicsCollisionAPI", "PhysicsMeshCollisionAPI"]
            )
            {
                int[] faceVertexCounts = [3, 3, 3, 3, 3, 3, 3, 3, 3, 3, 3, 3, 3, 3]
                int[] faceVertexIndices = [0, 1, 2, 0, 2, 3, 0, 3, 4, 0, 4, 5, 0, 5, 6, 0, 6, 7, 0, 7, 8, 0, 8, 9, 0, 9, 10, 0, 10, 11, 0, 11, 12, 0, 12, 13, 0, 13, 14, 0, 14, 15]
                rel material:binding = </Plant_1/Materials/Leaf>
                uniform token physics:approximation = "convexHull"
                point3f[] points = [(0, 0, 0), (0.0030118113, 0.0028515372, 0), (0.005323141, 0.0057030744, 0), (0.0066388813, 0.008554611, 0), (0.006843689, 0.011406149, 0), (0.006006607, 0.014257685, 0), (0.004355297, 0.017109223, 0), (0.0022261215, 0.01996076, 0), (0, 0.022812298, 0), (-0.0022261215, 0.01996076, 0), (-0.004355297, 0.017109223, 0), (-0.006006607, 0.014257685, 0), (-0.006843689, 0.011406149, 0), (-0.0066388813, 0.008554611, 0), (-0.005323141, 0.0057030744, 0), (-0.0030118113, 0.0028515372, 0)]
                uniform token subdivisionScheme = "none"
                matrix4d xformOp:transform = ( (-0.18662054555897403, 0.9824320699037012, 0, 0), (-0.9583963977939367, -0.18205478434309622, 0.21984631039295421, 0), (0.2159840657800416, 0.04102783838466066, 0.9755345200486784, 0), (-0.04981505354763141, -0.07910375185538537, 0.18589087047999234, 1) )
                uniform token[] xformOpOrder = ["xformOp:transform"]
            }

            def Cylinder "Petiolule_term" (
                prepend apiSchemas = ["PhysicsCollisionAPI"]
            )
            {
                uniform token axis = "Z"
                double height = 0.01
                rel material:binding = </Plant_1/Materials/Leaf>
                double radius = 0.00092521104
                matrix4d xformOp:transform = ( (0.8870108331782215, -0.46174861323503436, 0, 0), (0.1579273268790752, 0.30337557229503614, 0.9396926207859084, 0), (-0.4339017645150882, -0.8335175344947352, 0.3420201433256687, 0), (-0.05720605555248668, -0.10989181027084642, 0.19707280997680374, 1) )
                uniform token[] xformOpOrder = ["xformOp:transform"]
            }

            def Mesh "Blade_6" (
                prepend apiSchemas = ["PhysicsCollisionAPI", "PhysicsMeshCollisionAPI"]
            )
            {
                int[] faceVertexCounts = [3, 3, 3, 3, 3, 3, 3, 3, 3, 3, 3, 3, 3, 3]
                int[] faceVertexIndices = [0, 1, 2, 0, 2, 3, 0, 3, 4, 0, 4, 5, 0, 5, 6, 0, 6, 7, 0, 7, 8, 0, 8, 9, 0, 9, 10, 0, 10, 11, 0, 11, 12, 0, 12, 13, 0, 13, 14, 0, 14, 15]
                rel material:binding = </Plant_1/Materials/Leaf>
                uniform token physics:approximation = "convexHull"
                point3f[] points = [(0, 0, 0), (0.0030123387, 0.0028520362, 0), (0.0053240727, 0.0057040723, 0), (0.0066400436, 0.008556109, 0), (0.006844887, 0.011408145, 0), (0.0060076583, 0.014260181, 0), (0.0043560592, 0.017112218, 0), (0.002226511, 0.019964254, 0), (0, 0.02281629, 0), (-0.002226511, 0.019964254, 0), (-0.0043560592, 0.017112218, 0), (-0.0060076583, 0.014260181, 0), (-0.006844887, 0.011408145, 0), (-0.0066400436, 0.008556109, 0), (-0.0053240727, 0.0057040723, 0), (-0.0030123387, 0.0028520362, 0)]
                uniform token subdivisionScheme = "none"
                matrix4d xformOp:transform = ( (-0.8870108331782215, 0.46174861323503436, 0, 0), (-0.4339017645150882, -0.8335175344947352, 0.3420201433256687, 0), (0.1579273268790752, 0.30337557229503614, 0.9396926207859084, 0), (-0.059375564375062126, -0.1140593979433201, 0.1987829106934321, 1) )
                uniform token[] xformOpOrder = ["xformOp:transform"]
            }
        }

        def Xform "Leaf_o1_r1_i1" (
            prepend apiSchemas = ["PhysicsRigidBodyAPI", "PhysicsMassAPI", "PhysicsFilteredPairsAPI"]
        )
        {
            prepend rel physics:filteredPairs = </Plant_1/Stem/Internode_o1_r1>
            float physics:mass = 0.05

            def Cylinder "Petiole" (
                prepend apiSchemas = ["PhysicsCollisionAPI"]
            )
            {
                uniform token axis = "Z"
                double height = 0.022244802
                rel material:binding = </Plant_1/Materials/Leaf>
                double radius = 0.0019778265
                matrix4d xformOp:transform = ( (-0.6755902076156604, -0.737277336810124, 0, 0), (0.25216370040656594, -0.23106545963812644, 0.9396926207859084, 0), (-0.6928140728731603, 0.6348471327716558, 0.3420201433256687, 0), (-0.007705755936938512, 0.007061024384386598, 0.040547273184145555, 1) )
                uniform token[] xformOpOrder = ["xformOp:transform"]
            }

            def Cylinder "Rachis" (
                prepend apiSchemas = ["PhysicsCollisionAPI"]
            )
            {
                uniform token axis = "Z"
                double height = 0.048866883
                rel material:binding = </Plant_1/Materials/Leaf>
                double radius = 0.0011866958999999999
                matrix4d xformOp:transform = ( (-0.6755902076156604, -0.737277336810124, 0, 0), (0.25216370040656594, -0.23106545963812644, 0.9396926207859084, 0), (-0.6928140728731603, 0.6348471327716558, 0.3420201433256687, 0), (-0.032339343993800125, 0.02963354904879218, 0.052708087532060466, 1) )
                uniform token[] xformOpOrder = ["xformOp:transform"]
            }

            def Cylinder "Petiolule_0" (
                prepend apiSchemas = ["PhysicsCollisionAPI"]
            )
            {
                uniform token axis = "Z"
                double height = 0.01
                rel material:binding = </Plant_1/Materials/Leaf>
                double radius = 0.0007911306
                matrix4d xformOp:transform = ( (0.16064560780738846, -0.9870121522515286, 0, 0), (0.21699097998550732, 0.035317344157287905, 0.9755345200486782, 0), (-0.9628644262289079, -0.1567153359103089, 0.2198463103929542, 0), (-0.020225834005021565, 0.013338472089221651, 0.04545058992025589, 1) )
                uniform token[] xformOpOrder = ["xformOp:transform"]
            }

            def Mesh "Blade_0" (
                prepend apiSchemas = ["PhysicsCollisionAPI", "PhysicsMeshCollisionAPI"]
            )
            {
                int[] faceVertexCounts = [3, 3, 3, 3, 3, 3, 3, 3, 3, 3, 3, 3, 3, 3]
                int[] faceVertexIndices = [0, 1, 2, 0, 2, 3, 0, 3, 4, 0, 4, 5, 0, 5, 6, 0, 6, 7, 0, 7, 8, 0, 8, 9, 0, 9, 10, 0, 10, 11, 0, 11, 12, 0, 12, 13, 0, 13, 14, 0, 14, 15]
                rel material:binding = </Plant_1/Materials/Leaf>
                uniform token physics:approximation = "convexHull"
                point3f[] points = [(0, 0, 0), (0.0020433473, 0.0019346102, 0), (0.0036114566, 0.0038692204, 0), (0.004504114, 0.0058038305, 0), (0.0046430645, 0.0077384408, 0), (0.0040751505, 0.009673051, 0), (0.002954828, 0.011607661, 0), (0.0015103002, 0.013542271, 0), (0, 0.0154768815, 0), (-0.0015103002, 0.013542271, 0), (-0.002954828, 0.011607661, 0), (-0.0040751505, 0.009673051, 0), (-0.0046430645, 0.0077384408, 0), (-0.004504114, 0.0058038305, 0), (-0.0036114566, 0.0038692204, 0), (-0.0020433473, 0.0019346102, 0)]
                uniform token subdivisionScheme = "none"
                matrix4d xformOp:transform = ( (-0.16064560780738846, 0.9870121522515286, 0, 0), (-0.9628644262289079, -0.1567153359103089, 0.2198463103929542, 0), (0.21699097998550732, 0.035317344157287905, 0.9755345200486782, 0), (-0.025040156136166104, 0.012554895409670107, 0.046549821472220664, 1) )
                uniform token[] xformOpOrder = ["xformOp:transform"]
            }

            def Cylinder "Petiolule_1" (
                prepend apiSchemas = ["PhysicsCollisionAPI"]
            )
            {
                uniform token axis = "Z"
                double height = 0.01
                rel material:binding = </Plant_1/Materials/Leaf>
                double radius = 0.0007911306
                matrix4d xformOp:transform = ( (-0.9972574602926975, 0.07401052553899984, 0, 0), (-0.016270940969992622, -0.21924337315719755, 0.9755345200486782, 0), (0.07219982251023865, 0.9728590778916004, 0.2198463103929542, 0), (-0.01505051276132583, 0.018986344158231198, 0.04545058992025589, 1) )
                uniform token[] xformOpOrder = ["xformOp:transform"]
            }

            def Mesh "Blade_1" (
                prepend apiSchemas = ["PhysicsCollisionAPI", "PhysicsMeshCollisionAPI"]
            )
            {
                int[] faceVertexCounts = [3, 3, 3, 3, 3, 3, 3, 3, 3, 3, 3, 3, 3, 3]
                int[] faceVertexIndices = [0, 1, 2, 0, 2, 3, 0, 3, 4, 0, 4, 5, 0, 5, 6, 0, 6, 7, 0, 7, 8, 0, 8, 9, 0, 9, 10, 0, 10, 11, 0, 11, 12, 0, 12, 13, 0, 13, 14, 0, 14, 15]
                rel material:binding = </Plant_1/Materials/Leaf>
                uniform token physics:approximation = "convexHull"
                point3f[] points = [(0, 0, 0), (0.0020433473, 0.0019346102, 0), (0.0036114566, 0.0038692204, 0), (0.004504114, 0.0058038305, 0), (0.0046430645, 0.0077384408, 0), (0.0040751505, 0.009673051, 0), (0.002954828, 0.011607661, 0), (0.0015103002, 0.013542271, 0), (0, 0.0154768815, 0), (-0.0015103002, 0.013542271, 0), (-0.002954828, 0.011607661, 0), (-0.0040751505, 0.009673051, 0), (-0.0046430645, 0.0077384408, 0), (-0.004504114, 0.0058038305, 0), (-0.0036114566, 0.0038692204, 0), (-0.0020433473, 0.0019346102, 0)]
                uniform token subdivisionScheme = "none"
                matrix4d xformOp:transform = ( (0.9972574602926975, -0.07401052553899984, 0, 0), (0.07219982251023865, 0.9728590778916004, 0.2198463103929542, 0), (-0.016270940969992622, -0.21924337315719755, 0.9755345200486782, 0), (-0.014689513648774638, 0.0238506395476892, 0.046549821472220664, 1) )
                uniform token[] xformOpOrder = ["xformOp:transform"]
            }

            def Cylinder "Petiolule_2" (
                prepend apiSchemas = ["PhysicsCollisionAPI"]
            )
            {
                uniform token axis = "Z"
                double height = 0.01
                rel material:binding = </Plant_1/Materials/Leaf>
                double radius = 0.0007911306
                matrix4d xformOp:transform = ( (0.16064560780738846, -0.9870121522515286, 0, 0), (0.21699097998550732, 0.035317344157287905, 0.9755345200486782, 0), (-0.9628644262289079, -0.1567153359103089, 0.2198463103929542, 0), (-0.04032438688660969, 0.031755402647258575, 0.05537260248661698, 1) )
                uniform token[] xformOpOrder = ["xformOp:transform"]
            }

            def Mesh "Blade_2" (
                prepend apiSchemas = ["PhysicsCollisionAPI", "PhysicsMeshCollisionAPI"]
            )
            {
                int[] faceVertexCounts = [3, 3, 3, 3, 3, 3, 3, 3, 3, 3, 3, 3, 3, 3]
                int[] faceVertexIndices = [0, 1, 2, 0, 2, 3, 0, 3, 4, 0, 4, 5, 0, 5, 6, 0, 6, 7, 0, 7, 8, 0, 8, 9, 0, 9, 10, 0, 10, 11, 0, 11, 12, 0, 12, 13, 0, 13, 14, 0, 14, 15]
                rel material:binding = </Plant_1/Materials/Leaf>
                uniform token physics:approximation = "convexHull"
                point3f[] points = [(0, 0, 0), (0.0020433473, 0.0019346102, 0), (0.0036114566, 0.0038692204, 0), (0.004504114, 0.0058038305, 0), (0.0046430645, 0.0077384408, 0), (0.0040751505, 0.009673051, 0), (0.002954828, 0.011607661, 0), (0.0015103002, 0.013542271, 0), (0, 0.0154768815, 0), (-0.0015103002, 0.013542271, 0), (-0.002954828, 0.011607661, 0), (-0.0040751505, 0.009673051, 0), (-0.0046430645, 0.0077384408, 0), (-0.004504114, 0.0058038305, 0), (-0.0036114566, 0.0038692204, 0), (-0.0020433473, 0.0019346102, 0)]
                uniform token subdivisionScheme = "none"
                matrix4d xformOp:transform = ( (-0.16064560780738846, 0.9870121522515286, 0, 0), (-0.9628644262289079, -0.1567153359103089, 0.2198463103929542, 0), (0.21699097998550732, 0.035317344157287905, 0.9755345200486782, 0), (-0.04513870901775423, 0.030971825967707027, 0.056471834038581754, 1) )
                uniform token[] xformOpOrder = ["xformOp:transform"]
            }

            def Cylinder "Petiolule_3" (
                prepend apiSchemas = ["PhysicsCollisionAPI"]
            )
            {
                uniform token axis = "Z"
                double height = 0.01
                rel material:binding = </Plant_1/Materials/Leaf>
                double radius = 0.0007911306
                matrix4d xformOp:transform = ( (-0.9972574602926975, 0.07401052553899984, 0, 0), (-0.016270940969992622, -0.21924337315719755, 0.9755345200486782, 0), (0.07219982251023865, 0.9728590778916004, 0.2198463103929542, 0), (-0.03514906564291396, 0.03740327471626812, 0.05537260248661698, 1) )
                uniform token[] xformOpOrder = ["xformOp:transform"]
            }

            def Mesh "Blade_3" (
                prepend apiSchemas = ["PhysicsCollisionAPI", "PhysicsMeshCollisionAPI"]
            )
            {
                int[] faceVertexCounts = [3, 3, 3, 3, 3, 3, 3, 3, 3, 3, 3, 3, 3, 3]
                int[] faceVertexIndices = [0, 1, 2, 0, 2, 3, 0, 3, 4, 0, 4, 5, 0, 5, 6, 0, 6, 7, 0, 7, 8, 0, 8, 9, 0, 9, 10, 0, 10, 11, 0, 11, 12, 0, 12, 13, 0, 13, 14, 0, 14, 15]
                rel material:binding = </Plant_1/Materials/Leaf>
                uniform token physics:approximation = "convexHull"
                point3f[] points = [(0, 0, 0), (0.0020433473, 0.0019346102, 0), (0.0036114566, 0.0038692204, 0), (0.004504114, 0.0058038305, 0), (0.0046430645, 0.0077384408, 0), (0.0040751505, 0.009673051, 0), (0.002954828, 0.011607661, 0), (0.0015103002, 0.013542271, 0), (0, 0.0154768815, 0), (-0.0015103002, 0.013542271, 0), (-0.002954828, 0.011607661, 0), (-0.0040751505, 0.009673051, 0), (-0.0046430645, 0.0077384408, 0), (-0.004504114, 0.0058038305, 0), (-0.0036114566, 0.0038692204, 0), (-0.0020433473, 0.0019346102, 0)]
                uniform token subdivisionScheme = "none"
                matrix4d xformOp:transform = ( (0.9972574602926975, -0.07401052553899984, 0, 0), (0.07219982251023865, 0.9728590778916004, 0.2198463103929542, 0), (-0.016270940969992622, -0.21924337315719755, 0.9755345200486782, 0), (-0.03478806653036276, 0.04226757010572612, 0.056471834038581754, 1) )
                uniform token[] xformOpOrder = ["xformOp:transform"]
            }

            def Cylinder "Petiolule_term" (
                prepend apiSchemas = ["PhysicsCollisionAPI"]
            )
            {
                uniform token axis = "Z"
                double height = 0.01
                rel material:binding = </Plant_1/Materials/Leaf>
                double radius = 0.0007911306
                matrix4d xformOp:transform = ( (-0.6755902076156604, -0.737277336810124, 0, 0), (0.25216370040656594, -0.23106545963812644, 0.9396926207859084, 0), (-0.6928140728731603, 0.6348471327716558, 0.3420201433256687, 0), (-0.05273124647808902, 0.048319284992669444, 0.06277491741245815, 1) )
                uniform token[] xformOpOrder = ["xformOp:transform"]
            }

            def Mesh "Blade_4" (
                prepend apiSchemas = ["PhysicsCollisionAPI", "PhysicsMeshCollisionAPI"]
            )
            {
                int[] faceVertexCounts = [3, 3, 3, 3, 3, 3, 3, 3, 3, 3, 3, 3, 3, 3]
                int[] faceVertexIndices = [0, 1, 2, 0, 2, 3, 0, 3, 4, 0, 4, 5, 0, 5, 6, 0, 6, 7, 0, 7, 8, 0, 8, 9, 0, 9, 10, 0, 10, 11, 0, 11, 12, 0, 12, 13, 0, 13, 14, 0, 14, 15]
                rel material:binding = </Plant_1/Materials/Leaf>
                uniform token physics:approximation = "convexHull"
                point3f[] points = [(0, 0, 0), (0.0020433473, 0.0019346102, 0), (0.0036114566, 0.0038692204, 0), (0.004504114, 0.0058038305, 0), (0.0046430645, 0.0077384408, 0), (0.0040751505, 0.009673051, 0), (0.002954828, 0.011607661, 0), (0.0015103003, 0.013542271, 0), (0, 0.0154768815, 0), (-0.0015103003, 0.013542271, 0), (-0.002954828, 0.011607661, 0), (-0.0040751505, 0.009673051, 0), (-0.0046430645, 0.0077384408, 0), (-0.004504114, 0.0058038305, 0), (-0.0036114566, 0.0038692204, 0), (-0.0020433473, 0.0019346102, 0)]
                uniform token subdivisionScheme = "none"
                matrix4d xformOp:transform = ( (0.6755902076156604, 0.737277336810124, -0, 0), (-0.6928140728731603, 0.6348471327716558, 0.3420201433256687, 0), (0.25216370040656594, -0.23106545963812644, 0.9396926207859084, 0), (-0.05619531684245482, 0.05149352065652772, 0.0644850181290865, 1) )
                uniform token[] xformOpOrder = ["xformOp:transform"]
            }
        }

        def Xform "Leaf_o1_r1_i2" (
            prepend apiSchemas = ["PhysicsRigidBodyAPI", "PhysicsMassAPI", "PhysicsFilteredPairsAPI"]
        )
        {
            prepend rel physics:filteredPairs = </Plant_1/Stem/Internode_o1_r1>
            float physics:mass = 0.05

            def Cylinder "Petiole" (
                prepend apiSchemas = ["PhysicsCollisionAPI"]
            )
            {
                uniform token axis = "Z"
                double height = 0.022244802
                rel material:binding = </Plant_1/Materials/Leaf>
                double radius = 0.0019778265
                matrix4d xformOp:transform = ( (-0.6755902076156604, -0.737277336810124, 0, 0), (0.25216370040656594, -0.23106545963812644, 0.9396926207859084, 0), (-0.6928140728731603, 0.6348471327716558, 0.3420201433256687, 0), (-0.007705755936938512, 0.007061024384386598, 0.040547273184145555, 1) )
                uniform token[] xformOpOrder = ["xformOp:transform"]
            }

            def Cylinder "Rachis" (
                prepend apiSchemas = ["PhysicsCollisionAPI"]
            )
            {
                uniform token axis = "Z"
                double height = 0.048866883
                rel material:binding = </Plant_1/Materials/Leaf>
                double radius = 0.0011866958999999999
                matrix4d xformOp:transform = ( (-0.6755902076156604, -0.737277336810124, 0, 0), (0.25216370040656594, -0.23106545963812644, 0.9396926207859084, 0), (-0.6928140728731603, 0.6348471327716558, 0.3420201433256687, 0), (-0.032339343993800125, 0.02963354904879218, 0.052708087532060466, 1) )
                uniform token[] xformOpOrder = ["xformOp:transform"]
            }

            def Cylinder "Petiolule_0" (
                prepend apiSchemas = ["PhysicsCollisionAPI"]
            )
            {
                uniform token axis = "Z"
                double height = 0.01
                rel material:binding = </Plant_1/Materials/Leaf>
                double radius = 0.0007911306
                matrix4d xformOp:transform = ( (0.16064560780738846, -0.9870121522515286, 0, 0), (0.21699097998550732, 0.035317344157287905, 0.9755345200486782, 0), (-0.9628644262289079, -0.1567153359103089, 0.2198463103929542, 0), (-0.020225834005021565, 0.013338472089221651, 0.04545058992025589, 1) )
                uniform token[] xformOpOrder = ["xformOp:transform"]
            }

            def Mesh "Blade_0" (
                prepend apiSchemas = ["PhysicsCollisionAPI", "PhysicsMeshCollisionAPI"]
            )
            {
                int[] faceVertexCounts = [3, 3, 3, 3, 3, 3, 3, 3, 3, 3, 3, 3, 3, 3]
                int[] faceVertexIndices = [0, 1, 2, 0, 2, 3, 0, 3, 4, 0, 4, 5, 0, 5, 6, 0, 6, 7, 0, 7, 8, 0, 8, 9, 0, 9, 10, 0, 10, 11, 0, 11, 12, 0, 12, 13, 0, 13, 14, 0, 14, 15]
                rel material:binding = </Plant_1/Materials/Leaf>
                uniform token physics:approximation = "convexHull"
                point3f[] points = [(0, 0, 0), (0.0020433473, 0.0019346102, 0), (0.0036114566, 0.0038692204, 0), (0.004504114, 0.0058038305, 0), (0.0046430645, 0.0077384408, 0), (0.0040751505, 0.009673051, 0), (0.002954828, 0.011607661, 0), (0.0015103002, 0.013542271, 0), (0, 0.0154768815, 0), (-0.0015103002, 0.013542271, 0), (-0.002954828, 0.011607661, 0), (-0.0040751505, 0.009673051, 0), (-0.0046430645, 0.0077384408, 0), (-0.004504114, 0.0058038305, 0), (-0.0036114566, 0.0038692204, 0), (-0.0020433473, 0.0019346102, 0)]
                uniform token subdivisionScheme = "none"
                matrix4d xformOp:transform = ( (-0.16064560780738846, 0.9870121522515286, 0, 0), (-0.9628644262289079, -0.1567153359103089, 0.2198463103929542, 0), (0.21699097998550732, 0.035317344157287905, 0.9755345200486782, 0), (-0.025040156136166104, 0.012554895409670107, 0.046549821472220664, 1) )
                uniform token[] xformOpOrder = ["xformOp:transform"]
            }

            def Cylinder "Petiolule_1" (
                prepend apiSchemas = ["PhysicsCollisionAPI"]
            )
            {
                uniform token axis = "Z"
                double height = 0.01
                rel material:binding = </Plant_1/Materials/Leaf>
                double radius = 0.0007911306
                matrix4d xformOp:transform = ( (-0.9972574602926975, 0.07401052553899984, 0, 0), (-0.016270940969992622, -0.21924337315719755, 0.9755345200486782, 0), (0.07219982251023865, 0.9728590778916004, 0.2198463103929542, 0), (-0.01505051276132583, 0.018986344158231198, 0.04545058992025589, 1) )
                uniform token[] xformOpOrder = ["xformOp:transform"]
            }

            def Mesh "Blade_1" (
                prepend apiSchemas = ["PhysicsCollisionAPI", "PhysicsMeshCollisionAPI"]
            )
            {
                int[] faceVertexCounts = [3, 3, 3, 3, 3, 3, 3, 3, 3, 3, 3, 3, 3, 3]
                int[] faceVertexIndices = [0, 1, 2, 0, 2, 3, 0, 3, 4, 0, 4, 5, 0, 5, 6, 0, 6, 7, 0, 7, 8, 0, 8, 9, 0, 9, 10, 0, 10, 11, 0, 11, 12, 0, 12, 13, 0, 13, 14, 0, 14, 15]
                rel material:binding = </Plant_1/Materials/Leaf>
                uniform token physics:approximation = "convexHull"
                point3f[] points = [(0, 0, 0), (0.0020433473, 0.0019346102, 0), (0.0036114566, 0.0038692204, 0), (0.004504114, 0.0058038305, 0), (0.0046430645, 0.0077384408, 0), (0.0040751505, 0.009673051, 0), (0.002954828, 0.011607661, 0), (0.0015103002, 0.013542271, 0), (0, 0.0154768815, 0), (-0.0015103002, 0.013542271, 0), (-0.002954828, 0.011607661, 0), (-0.0040751505, 0.009673051, 0), (-0.0046430645, 0.0077384408, 0), (-0.004504114, 0.0058038305, 0), (-0.0036114566, 0.0038692204, 0), (-0.0020433473, 0.0019346102, 0)]
                uniform token subdivisionScheme = "none"
                matrix4d xformOp:transform = ( (0.9972574602926975, -0.07401052553899984, 0, 0), (0.07219982251023865, 0.9728590778916004, 0.2198463103929542, 0), (-0.016270940969992622, -0.21924337315719755, 0.9755345200486782, 0), (-0.014689513648774638, 0.0238506395476892, 0.046549821472220664, 1) )
                uniform token[] xformOpOrder = ["xformOp:transform"]
            }

            def Cylinder "Petiolule_2" (
                prepend apiSchemas = ["PhysicsCollisionAPI"]
            )
            {
                uniform token axis = "Z"
                double height = 0.01
                rel material:binding = </Plant_1/Materials/Leaf>
                double radius = 0.0007911306
                matrix4d xformOp:transform = ( (0.16064560780738846, -0.9870121522515286, 0, 0), (0.21699097998550732, 0.035317344157287905, 0.9755345200486782, 0), (-0.9628644262289079, -0.1567153359103089, 0.2198463103929542, 0), (-0.04032438688660969, 0.031755402647258575, 0.05537260248661698, 1) )
                uniform token[] xformOpOrder = ["xformOp:transform"]
            }

            def Mesh "Blade_2" (
                prepend apiSchemas = ["PhysicsCollisionAPI", "PhysicsMeshCollisionAPI"]
            )
            {
                int[] faceVertexCounts = [3, 3, 3, 3, 3, 3, 3, 3, 3, 3, 3, 3, 3, 3]
                int[] faceVertexIndices = [0, 1, 2, 0, 2, 3, 0, 3, 4, 0, 4, 5, 0, 5, 6, 0, 6, 7, 0, 7, 8, 0, 8, 9, 0, 9, 10, 0, 10, 11, 0, 11, 12, 0, 12, 13, 0, 13, 14, 0, 14, 15]
                rel material:binding = </Plant_1/Materials/Leaf>
                uniform token physics:approximation = "convexHull"
                point3f[] points = [(0, 0, 0), (0.0020433473, 0.0019346102, 0), (0.0036114566, 0.0038692204, 0), (0.004504114, 0.0058038305, 0), (0.0046430645, 0.0077384408, 0), (0.0040751505, 0.009673051, 0), (0.002954828, 0.011607661, 0), (0.0015103002, 0.013542271, 0), (0, 0.0154768815, 0), (-0.0015103002, 0.013542271, 0), (-0.002954828, 0.011607661, 0), (-0.0040751505, 0.009673051, 0), (-0.0046430645, 0.0077384408, 0), (-0.004504114, 0.0058038305, 0), (-0.0036114566, 0.0038692204, 0), (-0.0020433473, 0.0019346102, 0)]
                uniform token subdivisionScheme = "none"
                matrix4d xformOp:transform = ( (-0.16064560780738846, 0.9870121522515286, 0, 0), (-0.9628644262289079, -0.1567153359103089, 0.2198463103929542, 0), (0.21699097998550732, 0.035317344157287905, 0.9755345200486782, 0), (-0.04513870901775423, 0.030971825967707027, 0.056471834038581754, 1) )
                uniform token[] xformOpOrder = ["xformOp:transform"]
            }

            def Cylinder "Petiolule_3" (
                prepend apiSchemas = ["PhysicsCollisionAPI"]
            )
            {
                uniform token axis = "Z"
                double height = 0.01
                rel material:binding = </Plant_1/Materials/Leaf>
                double radius = 0.0007911306
                matrix4d xformOp:transform = ( (-0.9972574602926975, 0.07401052553899984, 0, 0), (-0.016270940969992622, -0.21924337315719755, 0.9755345200486782, 0), (0.07219982251023865, 0.9728590778916004, 0.2198463103929542, 0), (-0.03514906564291396, 0.03740327471626812, 0.05537260248661698, 1) )
                uniform token[] xformOpOrder = ["xformOp:transform"]
            }

            def Mesh "Blade_3" (
                prepend apiSchemas = ["PhysicsCollisionAPI", "PhysicsMeshCollisionAPI"]
            )
            {
                int[] faceVertexCounts = [3, 3, 3, 3, 3, 3, 3, 3, 3, 3, 3, 3, 3, 3]
                int[] faceVertexIndices = [0, 1, 2, 0, 2, 3, 0, 3, 4, 0, 4, 5, 0, 5, 6, 0, 6, 7, 0, 7, 8, 0, 8, 9, 0, 9, 10, 0, 10, 11, 0, 11, 12, 0, 12, 13, 0, 13, 14, 0, 14, 15]
                rel material:binding = </Plant_1/Materials/Leaf>
                uniform token physics:approximation = "convexHull"
                point3f[] points = [(0, 0, 0), (0.0020433473, 0.0019346102, 0), (0.0036114566, 0.0038692204, 0), (0.004504114, 0.0058038305, 0), (0.0046430645, 0.0077384408, 0), (0.0040751505, 0.009673051, 0), (0.002954828, 0.011607661, 0), (0.0015103002, 0.013542271, 0), (0, 0.0154768815, 0), (-0.0015103002, 0.013542271, 0), (-0.002954828, 0.011607661, 0), (-0.0040751505, 0.009673051, 0), (-0.0046430645, 0.0077384408, 0), (-0.004504114, 0.0058038305, 0), (-0.0036114566, 0.0038692204, 0), (-0.0020433473, 0.0019346102, 0)]
                uniform token subdivisionScheme = "none"
                matrix4d xformOp:transform = ( (0.9972574602926975, -0.07401052553899984, 0, 0), (0.07219982251023865, 0.9728590778916004, 0.2198463103929542, 0), (-0.016270940969992622, -0.21924337315719755, 0.9755345200486782, 0), (-0.03478806653036276, 0.04226757010572612, 0.056471834038581754, 1) )
                uniform token[] xformOpOrder = ["xformOp:transform"]
            }

            def Cylinder "Petiolule_term" (
                prepend apiSchemas = ["PhysicsCollisionAPI"]
            )
            {
                uniform token axis = "Z"
                double height = 0.01
                rel material:binding = </Plant_1/Materials/Leaf>
                double radius = 0.0007911306
                matrix4d xformOp:transform = ( (-0.6755902076156604, -0.737277336810124, 0, 0), (0.25216370040656594, -0.23106545963812644, 0.9396926207859084, 0), (-0.6928140728731603, 0.6348471327716558, 0.3420201433256687, 0), (-0.05273124647808902, 0.048319284992669444, 0.06277491741245815, 1) )
                uniform token[] xformOpOrder = ["xformOp:transform"]
            }

            def Mesh "Blade_4" (
                prepend apiSchemas = ["PhysicsCollisionAPI", "PhysicsMeshCollisionAPI"]
            )
            {
                int[] faceVertexCounts = [3, 3, 3, 3, 3, 3, 3, 3, 3, 3, 3, 3, 3, 3]
                int[] faceVertexIndices = [0, 1, 2, 0, 2, 3, 0, 3, 4, 0, 4, 5, 0, 5, 6, 0, 6, 7, 0, 7, 8, 0, 8, 9, 0, 9, 10, 0, 10, 11, 0, 11, 12, 0, 12, 13, 0, 13, 14, 0, 14, 15]
                rel material:binding = </Plant_1/Materials/Leaf>
                uniform token physics:approximation = "convexHull"
                point3f[] points = [(0, 0, 0), (0.0020433473, 0.0019346102, 0), (0.0036114566, 0.0038692204, 0), (0.004504114, 0.0058038305, 0), (0.0046430645, 0.0077384408, 0), (0.0040751505, 0.009673051, 0), (0.002954828, 0.011607661, 0), (0.0015103003, 0.013542271, 0), (0, 0.0154768815, 0), (-0.0015103003, 0.013542271, 0), (-0.002954828, 0.011607661, 0), (-0.0040751505, 0.009673051, 0), (-0.0046430645, 0.0077384408, 0), (-0.004504114, 0.0058038305, 0), (-0.0036114566, 0.0038692204, 0), (-0.0020433473, 0.0019346102, 0)]
                uniform token subdivisionScheme = "none"
                matrix4d xformOp:transform = ( (0.6755902076156604, 0.737277336810124, -0, 0), (-0.6928140728731603, 0.6348471327716558, 0.3420201433256687, 0), (0.25216370040656594, -0.23106545963812644, 0.9396926207859084, 0), (-0.05619531684245482, 0.05149352065652772, 0.0644850181290865, 1) )
                uniform token[] xformOpOrder = ["xformOp:transform"]
            }
        }

        def Xform "Leaf_o1_r1_i3" (
            prepend apiSchemas = ["PhysicsRigidBodyAPI", "PhysicsMassAPI", "PhysicsFilteredPairsAPI"]
        )
        {
            prepend rel physics:filteredPairs = </Plant_1/Stem/Internode_o1_r1>
            float physics:mass = 0.05

            def Cylinder "Petiole" (
                prepend apiSchemas = ["PhysicsCollisionAPI"]
            )
            {
                uniform token axis = "Z"
                double height = 0.022244802
                rel material:binding = </Plant_1/Materials/Leaf>
                double radius = 0.0019778265
                matrix4d xformOp:transform = ( (-0.6755902076156604, -0.737277336810124, 0, 0), (0.25216370040656594, -0.23106545963812644, 0.9396926207859084, 0), (-0.6928140728731603, 0.6348471327716558, 0.3420201433256687, 0), (-0.007705755936938512, 0.007061024384386598, 0.040547273184145555, 1) )
                uniform token[] xformOpOrder = ["xformOp:transform"]
            }

            def Cylinder "Rachis" (
                prepend apiSchemas = ["PhysicsCollisionAPI"]
            )
            {
                uniform token axis = "Z"
                double height = 0.048866883
                rel material:binding = </Plant_1/Materials/Leaf>
                double radius = 0.0011866958999999999
                matrix4d xformOp:transform = ( (-0.6755902076156604, -0.737277336810124, 0, 0), (0.25216370040656594, -0.23106545963812644, 0.9396926207859084, 0), (-0.6928140728731603, 0.6348471327716558, 0.3420201433256687, 0), (-0.032339343993800125, 0.02963354904879218, 0.052708087532060466, 1) )
                uniform token[] xformOpOrder = ["xformOp:transform"]
            }

            def Cylinder "Petiolule_0" (
                prepend apiSchemas = ["PhysicsCollisionAPI"]
            )
            {
                uniform token axis = "Z"
                double height = 0.01
                rel material:binding = </Plant_1/Materials/Leaf>
                double radius = 0.0007911306
                matrix4d xformOp:transform = ( (0.16064560780738846, -0.9870121522515286, 0, 0), (0.21699097998550732, 0.035317344157287905, 0.9755345200486782, 0), (-0.9628644262289079, -0.1567153359103089, 0.2198463103929542, 0), (-0.020225834005021565, 0.013338472089221651, 0.04545058992025589, 1) )
                uniform token[] xformOpOrder = ["xformOp:transform"]
            }

            def Mesh "Blade_0" (
                prepend apiSchemas = ["PhysicsCollisionAPI", "PhysicsMeshCollisionAPI"]
            )
            {
                int[] faceVertexCounts = [3, 3, 3, 3, 3, 3, 3, 3, 3, 3, 3, 3, 3, 3]
                int[] faceVertexIndices = [0, 1, 2, 0, 2, 3, 0, 3, 4, 0, 4, 5, 0, 5, 6, 0, 6, 7, 0, 7, 8, 0, 8, 9, 0, 9, 10, 0, 10, 11, 0, 11, 12, 0, 12, 13, 0, 13, 14, 0, 14, 15]
                rel material:binding = </Plant_1/Materials/Leaf>
                uniform token physics:approximation = "convexHull"
                point3f[] points = [(0, 0, 0), (0.0020433473, 0.0019346102, 0), (0.0036114566, 0.0038692204, 0), (0.004504114, 0.0058038305, 0), (0.0046430645, 0.0077384408, 0), (0.0040751505, 0.009673051, 0), (0.002954828, 0.011607661, 0), (0.0015103002, 0.013542271, 0), (0, 0.0154768815, 0), (-0.0015103002, 0.013542271, 0), (-0.002954828, 0.011607661, 0), (-0.0040751505, 0.009673051, 0), (-0.0046430645, 0.0077384408, 0), (-0.004504114, 0.0058038305, 0), (-0.0036114566, 0.0038692204, 0), (-0.0020433473, 0.0019346102, 0)]
                uniform token subdivisionScheme = "none"
                matrix4d xformOp:transform = ( (-0.16064560780738846, 0.9870121522515286, 0, 0), (-0.9628644262289079, -0.1567153359103089, 0.2198463103929542, 0), (0.21699097998550732, 0.035317344157287905, 0.9755345200486782, 0), (-0.025040156136166104, 0.012554895409670107, 0.046549821472220664, 1) )
                uniform token[] xformOpOrder = ["xformOp:transform"]
            }

            def Cylinder "Petiolule_1" (
                prepend apiSchemas = ["PhysicsCollisionAPI"]
            )
            {
                uniform token axis = "Z"
                double height = 0.01
                rel material:binding = </Plant_1/Materials/Leaf>
                double radius = 0.0007911306
                matrix4d xformOp:transform = ( (-0.9972574602926975, 0.07401052553899984, 0, 0), (-0.016270940969992622, -0.21924337315719755, 0.9755345200486782, 0), (0.07219982251023865, 0.9728590778916004, 0.2198463103929542, 0), (-0.01505051276132583, 0.018986344158231198, 0.04545058992025589, 1) )
                uniform token[] xformOpOrder = ["xformOp:transform"]
            }

            def Mesh "Blade_1" (
                prepend apiSchemas = ["PhysicsCollisionAPI", "PhysicsMeshCollisionAPI"]
            )
            {
                int[] faceVertexCounts = [3, 3, 3, 3, 3, 3, 3, 3, 3, 3, 3, 3, 3, 3]
                int[] faceVertexIndices = [0, 1, 2, 0, 2, 3, 0, 3, 4, 0, 4, 5, 0, 5, 6, 0, 6, 7, 0, 7, 8, 0, 8, 9, 0, 9, 10, 0, 10, 11, 0, 11, 12, 0, 12, 13, 0, 13, 14, 0, 14, 15]
                rel material:binding = </Plant_1/Materials/Leaf>
                uniform token physics:approximation = "convexHull"
                point3f[] points = [(0, 0, 0), (0.0020433473, 0.0019346102, 0), (0.0036114566, 0.0038692204, 0), (0.004504114, 0.0058038305, 0), (0.0046430645, 0.0077384408, 0), (0.0040751505, 0.009673051, 0), (0.002954828, 0.011607661, 0), (0.0015103002, 0.013542271, 0), (0, 0.0154768815, 0), (-0.0015103002, 0.013542271, 0), (-0.002954828, 0.011607661, 0), (-0.0040751505, 0.009673051, 0), (-0.0046430645, 0.0077384408, 0), (-0.004504114, 0.0058038305, 0), (-0.0036114566, 0.0038692204, 0), (-0.0020433473, 0.0019346102, 0)]
                uniform token subdivisionScheme = "none"
                matrix4d xformOp:transform = ( (0.9972574602926975, -0.07401052553899984, 0, 0), (0.07219982251023865, 0.9728590778916004, 0.2198463103929542, 0), (-0.016270940969992622, -0.21924337315719755, 0.9755345200486782, 0), (-0.014689513648774638, 0.0238506395476892, 0.046549821472220664, 1) )
                uniform token[] xformOpOrder = ["xformOp:transform"]
            }

            def Cylinder "Petiolule_2" (
                prepend apiSchemas = ["PhysicsCollisionAPI"]
            )
            {
                uniform token axis = "Z"
                double height = 0.01
                rel material:binding = </Plant_1/Materials/Leaf>
                double radius = 0.0007911306
                matrix4d xformOp:transform = ( (0.16064560780738846, -0.9870121522515286, 0, 0), (0.21699097998550732, 0.035317344157287905, 0.9755345200486782, 0), (-0.9628644262289079, -0.1567153359103089, 0.2198463103929542, 0), (-0.04032438688660969, 0.031755402647258575, 0.05537260248661698, 1) )
                uniform token[] xformOpOrder = ["xformOp:transform"]
            }

            def Mesh "Blade_2" (
                prepend apiSchemas = ["PhysicsCollisionAPI", "PhysicsMeshCollisionAPI"]
            )
            {
                int[] faceVertexCounts = [3, 3, 3, 3, 3, 3, 3, 3, 3, 3, 3, 3, 3, 3]
                int[] faceVertexIndices = [0, 1, 2, 0, 2, 3, 0, 3, 4, 0, 4, 5, 0, 5, 6, 0, 6, 7, 0, 7, 8, 0, 8, 9, 0, 9, 10, 0, 10, 11, 0, 11, 12, 0, 12, 13, 0, 13, 14, 0, 14, 15]
                rel material:binding = </Plant_1/Materials/Leaf>
                uniform token physics:approximation = "convexHull"
                point3f[] points = [(0, 0, 0), (0.0020433473, 0.0019346102, 0), (0.0036114566, 0.0038692204, 0), (0.004504114, 0.0058038305, 0), (0.0046430645, 0.0077384408, 0), (0.0040751505, 0.009673051, 0), (0.002954828, 0.011607661, 0), (0.0015103002, 0.013542271, 0), (0, 0.0154768815, 0), (-0.0015103002, 0.013542271, 0), (-0.002954828, 0.011607661, 0), (-0.0040751505, 0.009673051, 0), (-0.0046430645, 0.0077384408, 0), (-0.004504114, 0.0058038305, 0), (-0.0036114566, 0.0038692204, 0), (-0.0020433473, 0.0019346102, 0)]
                uniform token subdivisionScheme = "none"
                matrix4d xformOp:transform = ( (-0.16064560780738846, 0.9870121522515286, 0, 0), (-0.9628644262289079, -0.1567153359103089, 0.2198463103929542, 0), (0.21699097998550732, 0.035317344157287905, 0.9755345200486782, 0), (-0.04513870901775423, 0.030971825967707027, 0.056471834038581754, 1) )
                uniform token[] xformOpOrder = ["xformOp:transform"]
            }

            def Cylinder "Petiolule_3" (
                prepend apiSchemas = ["PhysicsCollisionAPI"]
            )
            {
                uniform token axis = "Z"
                double height = 0.01
                rel material:binding = </Plant_1/Materials/Leaf>
                double radius = 0.0007911306
                matrix4d xformOp:transform = ( (-0.9972574602926975, 0.07401052553899984, 0, 0), (-0.016270940969992622, -0.21924337315719755, 0.9755345200486782, 0), (0.07219982251023865, 0.9728590778916004, 0.2198463103929542, 0), (-0.03514906564291396, 0.03740327471626812, 0.05537260248661698, 1) )
                uniform token[] xformOpOrder = ["xformOp:transform"]
            }

            def Mesh "Blade_3" (
                prepend apiSchemas = ["PhysicsCollisionAPI", "PhysicsMeshCollisionAPI"]
            )
            {
                int[] faceVertexCounts = [3, 3, 3, 3, 3, 3, 3, 3, 3, 3, 3, 3, 3, 3]
                int[] faceVertexIndices = [0, 1, 2, 0, 2, 3, 0, 3, 4, 0, 4, 5, 0, 5, 6, 0, 6, 7, 0, 7, 8, 0, 8, 9, 0, 9, 10, 0, 10, 11, 0, 11, 12, 0, 12, 13, 0, 13, 14, 0, 14, 15]
                rel material:binding = </Plant_1/Materials/Leaf>
                uniform token physics:approximation = "convexHull"
                point3f[] points = [(0, 0, 0), (0.0020433473, 0.0019346102, 0), (0.0036114566, 0.0038692204, 0), (0.004504114, 0.0058038305, 0), (0.0046430645, 0.0077384408, 0), (0.0040751505, 0.009673051, 0), (0.002954828, 0.011607661, 0), (0.0015103002, 0.013542271, 0), (0, 0.0154768815, 0), (-0.0015103002, 0.013542271, 0), (-0.002954828, 0.011607661, 0), (-0.0040751505, 0.009673051, 0), (-0.0046430645, 0.0077384408, 0), (-0.004504114, 0.0058038305, 0), (-0.0036114566, 0.0038692204, 0), (-0.0020433473, 0.0019346102, 0)]
                uniform token subdivisionScheme = "none"
                matrix4d xformOp:transform = ( (0.9972574602926975, -0.07401052553899984, 0, 0), (0.07219982251023865, 0.9728590778916004, 0.2198463103929542, 0), (-0.016270940969992622, -0.21924337315719755, 0.9755345200486782, 0), (-0.03478806653036276, 0.04226757010572612, 0.056471834038581754, 1) )
                uniform token[] xformOpOrder = ["xformOp:transform"]
            }

            def Cylinder "Petiolule_term" (
                prepend apiSchemas = ["PhysicsCollisionAPI"]
            )
            {
                uniform token axis = "Z"
                double height = 0.01
                rel material:binding = </Plant_1/Materials/Leaf>
                double radius = 0.0007911306
                matrix4d xformOp:transform = ( (-0.6755902076156604, -0.737277336810124, 0, 0), (0.25216370040656594, -0.23106545963812644, 0.9396926207859084, 0), (-0.6928140728731603, 0.6348471327716558, 0.3420201433256687, 0), (-0.05273124647808902, 0.048319284992669444, 0.06277491741245815, 1) )
                uniform token[] xformOpOrder = ["xformOp:transform"]
            }

            def Mesh "Blade_4" (
                prepend apiSchemas = ["PhysicsCollisionAPI", "PhysicsMeshCollisionAPI"]
            )
            {
                int[] faceVertexCounts = [3, 3, 3, 3, 3, 3, 3, 3, 3, 3, 3, 3, 3, 3]
                int[] faceVertexIndices = [0, 1, 2, 0, 2, 3, 0, 3, 4, 0, 4, 5, 0, 5, 6, 0, 6, 7, 0, 7, 8, 0, 8, 9, 0, 9, 10, 0, 10, 11, 0, 11, 12, 0, 12, 13, 0, 13, 14, 0, 14, 15]
                rel material:binding = </Plant_1/Materials/Leaf>
                uniform token physics:approximation = "convexHull"
                point3f[] points = [(0, 0, 0), (0.0020433473, 0.0019346102, 0), (0.0036114566, 0.0038692204, 0), (0.004504114, 0.0058038305, 0), (0.0046430645, 0.0077384408, 0), (0.0040751505, 0.009673051, 0), (0.002954828, 0.011607661, 0), (0.0015103003, 0.013542271, 0), (0, 0.0154768815, 0), (-0.0015103003, 0.013542271, 0), (-0.002954828, 0.011607661, 0), (-0.0040751505, 0.009673051, 0), (-0.0046430645, 0.0077384408, 0), (-0.004504114, 0.0058038305, 0), (-0.0036114566, 0.0038692204, 0), (-0.0020433473, 0.0019346102, 0)]
                uniform token subdivisionScheme = "none"
                matrix4d xformOp:transform = ( (0.6755902076156604, 0.737277336810124, -0, 0), (-0.6928140728731603, 0.6348471327716558, 0.3420201433256687, 0), (0.25216370040656594, -0.23106545963812644, 0.9396926207859084, 0), (-0.05619531684245482, 0.05149352065652772, 0.0644850181290865, 1) )
                uniform token[] xformOpOrder = ["xformOp:transform"]
            }
        }

        def Xform "Leaf_o0_r6_i0" (
            prepend apiSchemas = ["PhysicsRigidBodyAPI", "PhysicsMassAPI", "PhysicsFilteredPairsAPI"]
        )
        {
            prepend rel physics:filteredPairs = </Plant_1/Stem/Internode_o0_r6>
            float physics:mass = 0.05

            def Cylinder "Petiole" (
                prepend apiSchemas = ["PhysicsCollisionAPI"]
            )
            {
                uniform token axis = "Z"
                double height = 0.030704282
                rel material:binding = </Plant_1/Materials/Leaf>
                double radius = 0.00256236875
                matrix4d xformOp:transform = ( (-0.9659258262890683, -0.25881904510252085, 0, 0), (0.0885213269013769, -0.33036608954935215, 0.9396926207859085, 0), (-0.24321034680169407, 0.9076733711903687, 0.3420201433256687, 0), (-0.0037337995367585065, 0.013934729576459878, 0.12629436446517586, 1) )
                uniform token[] xformOpOrder = ["xformOp:transform"]
            }

            def Cylinder "Rachis" (
                prepend apiSchemas = ["PhysicsCollisionAPI"]
            )
            {
                uniform token axis = "Z"
                double height = 0.120233536
                rel material:binding = </Plant_1/Materials/Leaf>
                double radius = 0.0015374212499999998
                matrix4d xformOp:transform = ( (-0.9659258262890683, -0.25881904510252085, 0, 0), (0.0885213269013769, -0.33036608954935215, 0.9396926207859085, 0), (-0.24321034680169407, 0.9076733711903687, 0.3420201433256687, 0), (-0.022088619067393997, 0.08243584862854904, 0.1521062515379877, 1) )
                uniform token[] xformOpOrder = ["xformOp:transform"]
            }

            def Cylinder "Petiolule_0" (
                prepend apiSchemas = ["PhysicsCollisionAPI"]
            )
            {
                uniform token axis = "Z"
                double height = 0.01
                rel material:binding = </Plant_1/Materials/Leaf>
                double radius = 0.0010249475
                matrix4d xformOp:transform = ( (-0.3948341114061387, -0.9187524282798522, 0, 0), (0.20198433152189277, -0.08680282260992023, 0.9755345200486782, 0), (-0.8962747091655432, 0.38517430536943387, 0.2198463103929542, 0), (-0.011948972619344729, 0.029795330679766925, 0.1326443374823165, 1) )
                uniform token[] xformOpOrder = ["xformOp:transform"]
            }

            def Mesh "Blade_0" (
                prepend apiSchemas = ["PhysicsCollisionAPI", "PhysicsMeshCollisionAPI"]
            )
            {
                int[] faceVertexCounts = [3, 3, 3, 3, 3, 3, 3, 3, 3, 3, 3, 3, 3, 3]
                int[] faceVertexIndices = [0, 1, 2, 0, 2, 3, 0, 3, 4, 0, 4, 5, 0, 5, 6, 0, 6, 7, 0, 7, 8, 0, 8, 9, 0, 9, 10, 0, 10, 11, 0, 11, 12, 0, 12, 13, 0, 13, 14, 0, 14, 15]
                rel material:binding = </Plant_1/Materials/Leaf>
                uniform token physics:approximation = "convexHull"
                point3f[] points = [(0, 0, 0), (0.004332969, 0.004102389, 0), (0.0076581836, 0.008204778, 0), (0.0095510855, 0.012307167, 0), (0.009845734, 0.016409555, 0), (0.008641458, 0.020511944, 0), (0.0062657865, 0.024614334, 0), (0.0032026293, 0.028716723, 0), (0, 0.03281911, 0), (-0.0032026293, 0.028716723, 0), (-0.0062657865, 0.024614334, 0), (-0.008641458, 0.020511944, 0), (-0.009845734, 0.016409555, 0), (-0.0095510855, 0.012307167, 0), (-0.0076581836, 0.008204778, 0), (-0.004332969, 0.004102389, 0)]
                uniform token subdivisionScheme = "none"
                matrix4d xformOp:transform = ( (0.3948341114061387, 0.9187524282798522, -0, 0), (-0.8962747091655432, 0.38517430536943387, 0.2198463103929542, 0), (0.20198433152189277, -0.08680282260992023, 0.9755345200486782, 0), (-0.016430346165172444, 0.0317212022066141, 0.13374356903428128, 1) )
                uniform token[] xformOpOrder = ["xformOp:transform"]
            }

            def Cylinder "Petiolule_1" (
                prepend apiSchemas = ["PhysicsCollisionAPI"]
            )
            {
                uniform token axis = "Z"
                double height = 0.01
                rel material:binding = </Plant_1/Materials/Leaf>
                double radius = 0.0010249475
                matrix4d xformOp:transform = ( (-0.8013125848982975, 0.5982458869759231, 0, 0), (-0.13152215095941697, -0.17616561526133157, 0.9755345200486782, 0), (0.5836095142221529, 0.7817080879177263, 0.2198463103929542, 0), (-0.004549551502406248, 0.03177799959250839, 0.1326443374823165, 1) )
                uniform token[] xformOpOrder = ["xformOp:transform"]
            }

            def Mesh "Blade_1" (
                prepend apiSchemas = ["PhysicsCollisionAPI", "PhysicsMeshCollisionAPI"]
            )
            {
                int[] faceVertexCounts = [3, 3, 3, 3, 3, 3, 3, 3, 3, 3, 3, 3, 3, 3]
                int[] faceVertexIndices = [0, 1, 2, 0, 2, 3, 0, 3, 4, 0, 4, 5, 0, 5, 6, 0, 6, 7, 0, 7, 8, 0, 8, 9, 0, 9, 10, 0, 10, 11, 0, 11, 12, 0, 12, 13, 0, 13, 14, 0, 14, 15]
                rel material:binding = </Plant_1/Materials/Leaf>
                uniform token physics:approximation = "convexHull"
                point3f[] points = [(0, 0, 0), (0.004332969, 0.004102389, 0), (0.0076581836, 0.008204778, 0), (0.0095510855, 0.012307167, 0), (0.009845734, 0.016409555, 0), (0.008641458, 0.020511944, 0), (0.0062657865, 0.024614334, 0), (0.0032026293, 0.028716723, 0), (0, 0.03281911, 0), (-0.0032026293, 0.028716723, 0), (-0.0062657865, 0.024614334, 0), (-0.008641458, 0.020511944, 0), (-0.009845734, 0.016409555, 0), (-0.0095510855, 0.012307167, 0), (-0.0076581836, 0.008204778, 0), (-0.004332969, 0.004102389, 0)]
                uniform token subdivisionScheme = "none"
                matrix4d xformOp:transform = ( (0.8013125848982975, -0.5982458869759231, 0, 0), (0.5836095142221529, 0.7817080879177263, 0.2198463103929542, 0), (-0.13152215095941697, -0.17616561526133157, 0.9755345200486782, 0), (-0.0016315039312954837, 0.03568654003209702, 0.13374356903428128, 1) )
                uniform token[] xformOpOrder = ["xformOp:transform"]
            }

            def Cylinder "Petiolule_2" (
                prepend apiSchemas = ["PhysicsCollisionAPI"]
            )
            {
                uniform token axis = "Z"
                double height = 0.01
                rel material:binding = </Plant_1/Materials/Leaf>
                double radius = 0.0010249475
                matrix4d xformOp:transform = ( (-0.3948341114061387, -0.9187524282798522, 0, 0), (0.20198433152189277, -0.08680282260992023, 0.9755345200486782, 0), (-0.8962747091655432, 0.38517430536943387, 0.2198463103929542, 0), (-0.02185671934309915, 0.0667715448413425, 0.14657733416216542, 1) )
                uniform token[] xformOpOrder = ["xformOp:transform"]
            }

            def Mesh "Blade_2" (
                prepend apiSchemas = ["PhysicsCollisionAPI", "PhysicsMeshCollisionAPI"]
            )
            {
                int[] faceVertexCounts = [3, 3, 3, 3, 3, 3, 3, 3, 3, 3, 3, 3, 3, 3]
                int[] faceVertexIndices = [0, 1, 2, 0, 2, 3, 0, 3, 4, 0, 4, 5, 0, 5, 6, 0, 6, 7, 0, 7, 8, 0, 8, 9, 0, 9, 10, 0, 10, 11, 0, 11, 12, 0, 12, 13, 0, 13, 14, 0, 14, 15]
                rel material:binding = </Plant_1/Materials/Leaf>
                uniform token physics:approximation = "convexHull"
                point3f[] points = [(0, 0, 0), (0.004332969, 0.004102389, 0), (0.0076581836, 0.008204778, 0), (0.0095510855, 0.012307167, 0), (0.009845734, 0.016409555, 0), (0.008641458, 0.020511944, 0), (0.0062657865, 0.024614334, 0), (0.0032026293, 0.028716723, 0), (0, 0.03281911, 0), (-0.0032026293, 0.028716723, 0), (-0.0062657865, 0.024614334, 0), (-0.008641458, 0.020511944, 0), (-0.009845734, 0.016409555, 0), (-0.0095510855, 0.012307167, 0), (-0.0076581836, 0.008204778, 0), (-0.004332969, 0.004102389, 0)]
                uniform token subdivisionScheme = "none"
                matrix4d xformOp:transform = ( (0.3948341114061387, 0.9187524282798522, -0, 0), (-0.8962747091655432, 0.38517430536943387, 0.2198463103929542, 0), (0.20198433152189277, -0.08680282260992023, 0.9755345200486782, 0), (-0.026338092888926863, 0.06869741636818967, 0.1476765657141302, 1) )
                uniform token[] xformOpOrder = ["xformOp:transform"]
            }

            def Cylinder "Petiolule_3" (
                prepend apiSchemas = ["PhysicsCollisionAPI"]
            )
            {
                uniform token axis = "Z"
                double height = 0.01
                rel material:binding = </Plant_1/Materials/Leaf>
                double radius = 0.0010249475
                matrix4d xformOp:transform = ( (-0.8013125848982975, 0.5982458869759231, 0, 0), (-0.13152215095941697, -0.17616561526133157, 0.9755345200486782, 0), (0.5836095142221529, 0.7817080879177263, 0.2198463103929542, 0), (-0.014457298226160669, 0.06875421375408396, 0.14657733416216542, 1) )
                uniform token[] xformOpOrder = ["xformOp:transform"]
            }

            def Mesh "Blade_3" (
                prepend apiSchemas = ["PhysicsCollisionAPI", "PhysicsMeshCollisionAPI"]
            )
            {
                int[] faceVertexCounts = [3, 3, 3, 3, 3, 3, 3, 3, 3, 3, 3, 3, 3, 3]
                int[] faceVertexIndices = [0, 1, 2, 0, 2, 3, 0, 3, 4, 0, 4, 5, 0, 5, 6, 0, 6, 7, 0, 7, 8, 0, 8, 9, 0, 9, 10, 0, 10, 11, 0, 11, 12, 0, 12, 13, 0, 13, 14, 0, 14, 15]
                rel material:binding = </Plant_1/Materials/Leaf>
                uniform token physics:approximation = "convexHull"
                point3f[] points = [(0, 0, 0), (0.004332969, 0.004102389, 0), (0.0076581836, 0.008204778, 0), (0.0095510855, 0.012307167, 0), (0.009845734, 0.016409555, 0), (0.008641458, 0.020511944, 0), (0.0062657865, 0.024614334, 0), (0.0032026293, 0.028716723, 0), (0, 0.03281911, 0), (-0.0032026293, 0.028716723, 0), (-0.0062657865, 0.024614334, 0), (-0.008641458, 0.020511944, 0), (-0.009845734, 0.016409555, 0), (-0.0095510855, 0.012307167, 0), (-0.0076581836, 0.008204778, 0), (-0.004332969, 0.004102389, 0)]
                uniform token subdivisionScheme = "none"
                matrix4d xformOp:transform = ( (0.8013125848982975, -0.5982458869759231, 0, 0), (0.5836095142221529, 0.7817080879177263, 0.2198463103929542, 0), (-0.13152215095941697, -0.17616561526133157, 0.9755345200486782, 0), (-0.011539250655049904, 0.07266275419367259, 0.1476765657141302, 1) )
                uniform token[] xformOpOrder = ["xformOp:transform"]
            }

            def Cylinder "Petiolule_4" (
                prepend apiSchemas = ["PhysicsCollisionAPI"]
            )
            {
                uniform token axis = "Z"
                double height = 0.01
                rel material:binding = </Plant_1/Materials/Leaf>
                double radius = 0.0010249475
                matrix4d xformOp:transform = ( (-0.3948341114061387, -0.9187524282798522, 0, 0), (0.20198433152189277, -0.08680282260992023, 0.9755345200486782, 0), (-0.8962747091655432, 0.38517430536943387, 0.2198463103929542, 0), (-0.03176446606685357, 0.10374775900291806, 0.16051033084201435, 1) )
                uniform token[] xformOpOrder = ["xformOp:transform"]
            }

            def Mesh "Blade_4" (
                prepend apiSchemas = ["PhysicsCollisionAPI", "PhysicsMeshCollisionAPI"]
            )
            {
                int[] faceVertexCounts = [3, 3, 3, 3, 3, 3, 3, 3, 3, 3, 3, 3, 3, 3]
                int[] faceVertexIndices = [0, 1, 2, 0, 2, 3, 0, 3, 4, 0, 4, 5, 0, 5, 6, 0, 6, 7, 0, 7, 8, 0, 8, 9, 0, 9, 10, 0, 10, 11, 0, 11, 12, 0, 12, 13, 0, 13, 14, 0, 14, 15]
                rel material:binding = </Plant_1/Materials/Leaf>
                uniform token physics:approximation = "convexHull"
                point3f[] points = [(0, 0, 0), (0.004332969, 0.004102389, 0), (0.0076581836, 0.008204778, 0), (0.0095510855, 0.012307167, 0), (0.009845734, 0.016409555, 0), (0.008641458, 0.020511944, 0), (0.0062657865, 0.024614334, 0), (0.0032026293, 0.028716723, 0), (0, 0.03281911, 0), (-0.0032026293, 0.028716723, 0), (-0.0062657865, 0.024614334, 0), (-0.008641458, 0.020511944, 0), (-0.009845734, 0.016409555, 0), (-0.0095510855, 0.012307167, 0), (-0.0076581836, 0.008204778, 0), (-0.004332969, 0.004102389, 0)]
                uniform token subdivisionScheme = "none"
                matrix4d xformOp:transform = ( (0.3948341114061387, 0.9187524282798522, -0, 0), (-0.8962747091655432, 0.38517430536943387, 0.2198463103929542, 0), (0.20198433152189277, -0.08680282260992023, 0.9755345200486782, 0), (-0.03624583961268128, 0.10567363052976524, 0.16160956239397914, 1) )
                uniform token[] xformOpOrder = ["xformOp:transform"]
            }

            def Cylinder "Petiolule_5" (
                prepend apiSchemas = ["PhysicsCollisionAPI"]
            )
            {
                uniform token axis = "Z"
                double height = 0.01
                rel material:binding = </Plant_1/Materials/Leaf>
                double radius = 0.0010249475
                matrix4d xformOp:transform = ( (-0.8013125848982975, 0.5982458869759231, 0, 0), (-0.13152215095941697, -0.17616561526133157, 0.9755345200486782, 0), (0.5836095142221529, 0.7817080879177263, 0.2198463103929542, 0), (-0.024365044949915086, 0.10573042791565952, 0.16051033084201435, 1) )
                uniform token[] xformOpOrder = ["xformOp:transform"]
            }

            def Mesh "Blade_5" (
                prepend apiSchemas = ["PhysicsCollisionAPI", "PhysicsMeshCollisionAPI"]
            )
            {
                int[] faceVertexCounts = [3, 3, 3, 3, 3, 3, 3, 3, 3, 3, 3, 3, 3, 3]
                int[] faceVertexIndices = [0, 1, 2, 0, 2, 3, 0, 3, 4, 0, 4, 5, 0, 5, 6, 0, 6, 7, 0, 7, 8, 0, 8, 9, 0, 9, 10, 0, 10, 11, 0, 11, 12, 0, 12, 13, 0, 13, 14, 0, 14, 15]
                rel material:binding = </Plant_1/Materials/Leaf>
                uniform token physics:approximation = "convexHull"
                point3f[] points = [(0, 0, 0), (0.004332969, 0.004102389, 0), (0.0076581836, 0.008204778, 0), (0.0095510855, 0.012307167, 0), (0.009845734, 0.016409555, 0), (0.008641458, 0.020511944, 0), (0.0062657865, 0.024614334, 0), (0.0032026293, 0.028716723, 0), (0, 0.03281911, 0), (-0.0032026293, 0.028716723, 0), (-0.0062657865, 0.024614334, 0), (-0.008641458, 0.020511944, 0), (-0.009845734, 0.016409555, 0), (-0.0095510855, 0.012307167, 0), (-0.0076581836, 0.008204778, 0), (-0.004332969, 0.004102389, 0)]
                uniform token subdivisionScheme = "none"
                matrix4d xformOp:transform = ( (0.8013125848982975, -0.5982458869759231, 0, 0), (0.5836095142221529, 0.7817080879177263, 0.2198463103929542, 0), (-0.13152215095941697, -0.17616561526133157, 0.9755345200486782, 0), (-0.021446997378804324, 0.10963896835524815, 0.16160956239397914, 1) )
                uniform token[] xformOpOrder = ["xformOp:transform"]
            }

            def Cylinder "Petiolule_term" (
                prepend apiSchemas = ["PhysicsCollisionAPI"]
            )
            {
                uniform token axis = "Z"
                double height = 0.01
                rel material:binding = </Plant_1/Materials/Leaf>
                double radius = 0.0010249475
                matrix4d xformOp:transform = ( (-0.9659258262890683, -0.25881904510252085, 0, 0), (0.0885213269013769, -0.33036608954935215, 0.9396926207859085, 0), (-0.24321034680169407, 0.9076733711903687, 0.3420201433256687, 0), (-0.03792569079527945, 0.14154060496013016, 0.174377497862252, 1) )
                uniform token[] xformOpOrder = ["xformOp:transform"]
            }

            def Mesh "Blade_6" (
                prepend apiSchemas = ["PhysicsCollisionAPI", "PhysicsMeshCollisionAPI"]
            )
            {
                int[] faceVertexCounts = [3, 3, 3, 3, 3, 3, 3, 3, 3, 3, 3, 3, 3, 3]
                int[] faceVertexIndices = [0, 1, 2, 0, 2, 3, 0, 3, 4, 0, 4, 5, 0, 5, 6, 0, 6, 7, 0, 7, 8, 0, 8, 9, 0, 9, 10, 0, 10, 11, 0, 11, 12, 0, 12, 13, 0, 13, 14, 0, 14, 15]
                rel material:binding = </Plant_1/Materials/Leaf>
                uniform token physics:approximation = "convexHull"
                point3f[] points = [(0, 0, 0), (0.004333727, 0.004103107, 0), (0.0076595233, 0.008206214, 0), (0.009552756, 0.01230932, 0), (0.009847457, 0.016412428, 0), (0.00864297, 0.020515533, 0), (0.0062668826, 0.02461864, 0), (0.0032031897, 0.028721748, 0), (0, 0.032824855, 0), (-0.0032031897, 0.028721748, 0), (-0.0062668826, 0.02461864, 0), (-0.00864297, 0.020515533, 0), (-0.009847457, 0.016412428, 0), (-0.009552756, 0.01230932, 0), (-0.0076595233, 0.008206214, 0), (-0.004333727, 0.004103107, 0)]
                uniform token subdivisionScheme = "none"
                matrix4d xformOp:transform = ( (0.9659258262890683, 0.25881904510252085, -0, 0), (-0.24321034680169407, 0.9076733711903687, 0.3420201433256687, 0), (0.0885213269013769, -0.33036608954935215, 0.9396926207859085, 0), (-0.039141742529287926, 0.14607897181608198, 0.17608759857888037, 1) )
                uniform token[] xformOpOrder = ["xformOp:transform"]
            }
        }

        def Xform "Leaf_o0_r5_i0" (
            prepend apiSchemas = ["PhysicsRigidBodyAPI", "PhysicsMassAPI", "PhysicsFilteredPairsAPI"]
        )
        {
            prepend rel physics:filteredPairs = </Plant_1/Stem/Internode_o0_r5>
            float physics:mass = 0.05

            def Cylinder "Petiole" (
                prepend apiSchemas = ["PhysicsCollisionAPI"]
            )
            {
                uniform token axis = "Z"
                double height = 0.032765135
                rel material:binding = </Plant_1/Materials/Leaf>
                double radius = 0.0026996545
                matrix4d xformOp:transform = ( (0.5372996083468242, 0.8433914458128855, -0, 0), (-0.28845686317656605, 0.1837672890556065, 0.9396926207859086, 0), (0.7925287180643269, -0.5048964771146695, 0.3420201433256687, 0), (0.012983655219377305, -0.008271500616843277, 0.09191242108439243, 1) )
                uniform token[] xformOpOrder = ["xformOp:transform"]
            }

            def Cylinder "Rachis" (
                prepend apiSchemas = ["PhysicsCollisionAPI"]
            )
            {
                uniform token axis = "Z"
                double height = 0.13229027
                rel material:binding = </Plant_1/Materials/Leaf>
                double radius = 0.0016197927
                matrix4d xformOp:transform = ( (0.5372996083468242, 0.8433914458128855, -0, 0), (-0.28845686317656605, 0.1837672890556065, 0.9396926207859086, 0), (0.7925287180643269, -0.5048964771146695, 0.3420201433256687, 0), (0.07838922948649645, -0.049939446873460774, 0.12013855772178059, 1) )
                uniform token[] xformOpOrder = ["xformOp:transform"]
            }

            def Cylinder "Petiolule_0" (
                prepend apiSchemas = ["PhysicsCollisionAPI"]
            )
            {
                uniform token axis = "Z"
                double height = 0.01
                rel material:binding = </Plant_1/Materials/Leaf>
                double radius = 0.0010798618
                matrix4d xformOp:transform = ( (-0.3295979016296671, 0.944121402808622, 0, 0), (-0.20756160697049564, -0.07246088258654218, 0.9755345200486782, 0), (0.9210230195565939, 0.32153413077534876, 0.2198463103929542, 0), (0.03057242553653758, -0.014935330579809811, 0.09861482072074965, 1) )
                uniform token[] xformOpOrder = ["xformOp:transform"]
            }

            def Mesh "Blade_0" (
                prepend apiSchemas = ["PhysicsCollisionAPI", "PhysicsMeshCollisionAPI"]
            )
            {
                int[] faceVertexCounts = [3, 3, 3, 3, 3, 3, 3, 3, 3, 3, 3, 3, 3, 3]
                int[] faceVertexIndices = [0, 1, 2, 0, 2, 3, 0, 3, 4, 0, 4, 5, 0, 5, 6, 0, 6, 7, 0, 7, 8, 0, 8, 9, 0, 9, 10, 0, 10, 11, 0, 11, 12, 0, 12, 13, 0, 13, 14, 0, 14, 15]
                rel material:binding = </Plant_1/Materials/Leaf>
                uniform token physics:approximation = "convexHull"
                point3f[] points = [(0, 0, 0), (0.0052157184, 0.004938163, 0), (0.009218374, 0.009876326, 0), (0.011496915, 0.014814489, 0), (0.011851591, 0.019752651, 0), (0.01040197, 0.024690814, 0), (0.007542306, 0.029628977, 0), (0.0038550964, 0.03456714, 0), (0, 0.039505303, 0), (-0.0038550964, 0.03456714, 0), (-0.007542306, 0.029628977, 0), (-0.01040197, 0.024690814, 0), (-0.011851591, 0.019752651, 0), (-0.011496915, 0.014814489, 0), (-0.009218374, 0.009876326, 0), (-0.0052157184, 0.004938163, 0)]
                uniform token subdivisionScheme = "none"
                matrix4d xformOp:transform = ( (0.3295979016296671, -0.944121402808622, 0, 0), (0.9210230195565939, 0.32153413077534876, 0.2198463103929542, 0), (-0.20756160697049564, -0.07246088258654218, 0.9755345200486782, 0), (0.03517754063432055, -0.013327659925933067, 0.09971405227271442, 1) )
                uniform token[] xformOpOrder = ["xformOp:transform"]
            }

            def Cylinder "Petiolule_1" (
                prepend apiSchemas = ["PhysicsCollisionAPI"]
            )
            {
                uniform token axis = "Z"
                double height = 0.01
                rel material:binding = </Plant_1/Materials/Leaf>
                double radius = 0.0010798618
                matrix4d xformOp:transform = ( (0.9949586715335319, 0.10028580128926272, -0, 0), (-0.022047463398245377, 0.2187379929301222, 0.9755345200486784, 0), (0.09783226102841802, -0.9706165301027345, 0.2198463103929542, 0), (0.0264564717438967, -0.021396083884200227, 0.09861482072074965, 1) )
                uniform token[] xformOpOrder = ["xformOp:transform"]
            }

            def Mesh "Blade_1" (
                prepend apiSchemas = ["PhysicsCollisionAPI", "PhysicsMeshCollisionAPI"]
            )
            {
                int[] faceVertexCounts = [3, 3, 3, 3, 3, 3, 3, 3, 3, 3, 3, 3, 3, 3]
                int[] faceVertexIndices = [0, 1, 2, 0, 2, 3, 0, 3, 4, 0, 4, 5, 0, 5, 6, 0, 6, 7, 0, 7, 8, 0, 8, 9, 0, 9, 10, 0, 10, 11, 0, 11, 12, 0, 12, 13, 0, 13, 14, 0, 14, 15]
                rel material:binding = </Plant_1/Materials/Leaf>
                uniform token physics:approximation = "convexHull"
                point3f[] points = [(0, 0, 0), (0.0052157184, 0.004938163, 0), (0.009218374, 0.009876326, 0), (0.011496915, 0.014814489, 0), (0.011851591, 0.019752651, 0), (0.01040197, 0.024690814, 0), (0.007542306, 0.029628977, 0), (0.0038550964, 0.03456714, 0), (0, 0.039505303, 0), (-0.0038550964, 0.03456714, 0), (-0.007542306, 0.029628977, 0), (-0.01040197, 0.024690814, 0), (-0.011851591, 0.019752651, 0), (-0.011496915, 0.014814489, 0), (-0.009218374, 0.009876326, 0), (-0.0052157184, 0.004938163, 0)]
                uniform token subdivisionScheme = "none"
                matrix4d xformOp:transform = ( (-0.9949586715335319, -0.10028580128926272, 0, 0), (0.09783226102841802, -0.9706165301027345, 0.2198463103929542, 0), (-0.022047463398245377, 0.2187379929301222, 0.9755345200486784, 0), (0.02694563304903879, -0.0262491665347139, 0.09971405227271442, 1) )
                uniform token[] xformOpOrder = ["xformOp:transform"]
            }

            def Cylinder "Petiolule_2" (
                prepend apiSchemas = ["PhysicsCollisionAPI"]
            )
            {
                uniform token axis = "Z"
                double height = 0.01
                rel material:binding = </Plant_1/Materials/Leaf>
                double radius = 0.0010798618
                matrix4d xformOp:transform = ( (-0.3295979016296671, 0.944121402808622, 0, 0), (-0.20756160697049564, -0.07246088258654218, 0.9755345200486782, 0), (0.9210230195565939, 0.32153413077534876, 0.2198463103929542, 0), (0.06660473181540143, -0.037890441338381105, 0.11416476140674903, 1) )
                uniform token[] xformOpOrder = ["xformOp:transform"]
            }

            def Mesh "Blade_2" (
                prepend apiSchemas = ["PhysicsCollisionAPI", "PhysicsMeshCollisionAPI"]
            )
            {
                int[] faceVertexCounts = [3, 3, 3, 3, 3, 3, 3, 3, 3, 3, 3, 3, 3, 3]
                int[] faceVertexIndices = [0, 1, 2, 0, 2, 3, 0, 3, 4, 0, 4, 5, 0, 5, 6, 0, 6, 7, 0, 7, 8, 0, 8, 9, 0, 9, 10, 0, 10, 11, 0, 11, 12, 0, 12, 13, 0, 13, 14, 0, 14, 15]
                rel material:binding = </Plant_1/Materials/Leaf>
                uniform token physics:approximation = "convexHull"
                point3f[] points = [(0, 0, 0), (0.0052157184, 0.004938163, 0), (0.009218374, 0.009876326, 0), (0.011496915, 0.014814489, 0), (0.011851591, 0.019752651, 0), (0.01040197, 0.024690814, 0), (0.007542306, 0.029628977, 0), (0.0038550964, 0.03456714, 0), (0, 0.039505303, 0), (-0.0038550964, 0.03456714, 0), (-0.007542306, 0.029628977, 0), (-0.01040197, 0.024690814, 0), (-0.011851591, 0.019752651, 0), (-0.011496915, 0.014814489, 0), (-0.009218374, 0.009876326, 0), (-0.0052157184, 0.004938163, 0)]
                uniform token subdivisionScheme = "none"
                matrix4d xformOp:transform = ( (0.3295979016296671, -0.944121402808622, 0, 0), (0.9210230195565939, 0.32153413077534876, 0.2198463103929542, 0), (-0.20756160697049564, -0.07246088258654218, 0.9755345200486782, 0), (0.0712098469131844, -0.03628277068450436, 0.1152639929587138, 1) )
                uniform token[] xformOpOrder = ["xformOp:transform"]
            }

            def Cylinder "Petiolule_3" (
                prepend apiSchemas = ["PhysicsCollisionAPI"]
            )
            {
                uniform token axis = "Z"
                double height = 0.01
                rel material:binding = </Plant_1/Materials/Leaf>
                double radius = 0.0010798618
                matrix4d xformOp:transform = ( (0.9949586715335319, 0.10028580128926272, -0, 0), (-0.022047463398245377, 0.2187379929301222, 0.9755345200486784, 0), (0.09783226102841802, -0.9706165301027345, 0.2198463103929542, 0), (0.062488778022760545, -0.04435119464277152, 0.11416476140674903, 1) )
                uniform token[] xformOpOrder = ["xformOp:transform"]
            }

            def Mesh "Blade_3" (
                prepend apiSchemas = ["PhysicsCollisionAPI", "PhysicsMeshCollisionAPI"]
            )
            {
                int[] faceVertexCounts = [3, 3, 3, 3, 3, 3, 3, 3, 3, 3, 3, 3, 3, 3]
                int[] faceVertexIndices = [0, 1, 2, 0, 2, 3, 0, 3, 4, 0, 4, 5, 0, 5, 6, 0, 6, 7, 0, 7, 8, 0, 8, 9, 0, 9, 10, 0, 10, 11, 0, 11, 12, 0, 12, 13, 0, 13, 14, 0, 14, 15]
                rel material:binding = </Plant_1/Materials/Leaf>
                uniform token physics:approximation = "convexHull"
                point3f[] points = [(0, 0, 0), (0.0052157184, 0.004938163, 0), (0.009218374, 0.009876326, 0), (0.011496915, 0.014814489, 0), (0.011851591, 0.019752651, 0), (0.01040197, 0.024690814, 0), (0.007542306, 0.029628977, 0), (0.0038550964, 0.03456714, 0), (0, 0.039505303, 0), (-0.0038550964, 0.03456714, 0), (-0.007542306, 0.029628977, 0), (-0.01040197, 0.024690814, 0), (-0.011851591, 0.019752651, 0), (-0.011496915, 0.014814489, 0), (-0.009218374, 0.009876326, 0), (-0.0052157184, 0.004938163, 0)]
                uniform token subdivisionScheme = "none"
                matrix4d xformOp:transform = ( (-0.9949586715335319, -0.10028580128926272, 0, 0), (0.09783226102841802, -0.9706165301027345, 0.2198463103929542, 0), (-0.022047463398245377, 0.2187379929301222, 0.9755345200486784, 0), (0.06297793932790263, -0.04920427729328519, 0.1152639929587138, 1) )
                uniform token[] xformOpOrder = ["xformOp:transform"]
            }

            def Cylinder "Petiolule_4" (
                prepend apiSchemas = ["PhysicsCollisionAPI"]
            )
            {
                uniform token axis = "Z"
                double height = 0.01
                rel material:binding = </Plant_1/Materials/Leaf>
                double radius = 0.0010798618
                matrix4d xformOp:transform = ( (-0.3295979016296671, 0.944121402808622, 0, 0), (-0.20756160697049564, -0.07246088258654218, 0.9755345200486782, 0), (0.9210230195565939, 0.32153413077534876, 0.2198463103929542, 0), (0.10263703809426528, -0.060845552096952395, 0.12971470209274838, 1) )
                uniform token[] xformOpOrder = ["xformOp:transform"]
            }

            def Mesh "Blade_4" (
                prepend apiSchemas = ["PhysicsCollisionAPI", "PhysicsMeshCollisionAPI"]
            )
            {
                int[] faceVertexCounts = [3, 3, 3, 3, 3, 3, 3, 3, 3, 3, 3, 3, 3, 3]
                int[] faceVertexIndices = [0, 1, 2, 0, 2, 3, 0, 3, 4, 0, 4, 5, 0, 5, 6, 0, 6, 7, 0, 7, 8, 0, 8, 9, 0, 9, 10, 0, 10, 11, 0, 11, 12, 0, 12, 13, 0, 13, 14, 0, 14, 15]
                rel material:binding = </Plant_1/Materials/Leaf>
                uniform token physics:approximation = "convexHull"
                point3f[] points = [(0, 0, 0), (0.0052157184, 0.004938163, 0), (0.009218374, 0.009876326, 0), (0.011496915, 0.014814489, 0), (0.011851591, 0.019752651, 0), (0.01040197, 0.024690814, 0), (0.007542306, 0.029628977, 0), (0.0038550964, 0.03456714, 0), (0, 0.039505303, 0), (-0.0038550964, 0.03456714, 0), (-0.007542306, 0.029628977, 0), (-0.01040197, 0.024690814, 0), (-0.011851591, 0.019752651, 0), (-0.011496915, 0.014814489, 0), (-0.009218374, 0.009876326, 0), (-0.0052157184, 0.004938163, 0)]
                uniform token subdivisionScheme = "none"
                matrix4d xformOp:transform = ( (0.3295979016296671, -0.944121402808622, 0, 0), (0.9210230195565939, 0.32153413077534876, 0.2198463103929542, 0), (-0.20756160697049564, -0.07246088258654218, 0.9755345200486782, 0), (0.10724215319204825, -0.05923788144307565, 0.13081393364471317, 1) )
                uniform token[] xformOpOrder = ["xformOp:transform"]
            }

            def Cylinder "Petiolule_5" (
                prepend apiSchemas = ["PhysicsCollisionAPI"]
            )
            {
                uniform token axis = "Z"
                double height = 0.01
                rel material:binding = </Plant_1/Materials/Leaf>
                double radius = 0.0010798618
                matrix4d xformOp:transform = ( (0.9949586715335319, 0.10028580128926272, -0, 0), (-0.022047463398245377, 0.2187379929301222, 0.9755345200486784, 0), (0.09783226102841802, -0.9706165301027345, 0.2198463103929542, 0), (0.0985210843016244, -0.0673063054013428, 0.12971470209274838, 1) )
                uniform token[] xformOpOrder = ["xformOp:transform"]
            }

            def Mesh "Blade_5" (
                prepend apiSchemas = ["PhysicsCollisionAPI", "PhysicsMeshCollisionAPI"]
            )
            {
                int[] faceVertexCounts = [3, 3, 3, 3, 3, 3, 3, 3, 3, 3, 3, 3, 3, 3]
                int[] faceVertexIndices = [0, 1, 2, 0, 2, 3, 0, 3, 4, 0, 4, 5, 0, 5, 6, 0, 6, 7, 0, 7, 8, 0, 8, 9, 0, 9, 10, 0, 10, 11, 0, 11, 12, 0, 12, 13, 0, 13, 14, 0, 14, 15]
                rel material:binding = </Plant_1/Materials/Leaf>
                uniform token physics:approximation = "convexHull"
                point3f[] points = [(0, 0, 0), (0.0052157184, 0.004938163, 0), (0.009218374, 0.009876326, 0), (0.011496915, 0.014814489, 0), (0.011851591, 0.019752651, 0), (0.01040197, 0.024690814, 0), (0.007542306, 0.029628977, 0), (0.0038550964, 0.03456714, 0), (0, 0.039505303, 0), (-0.0038550964, 0.03456714, 0), (-0.007542306, 0.029628977, 0), (-0.01040197, 0.024690814, 0), (-0.011851591, 0.019752651, 0), (-0.011496915, 0.014814489, 0), (-0.009218374, 0.009876326, 0), (-0.0052157184, 0.004938163, 0)]
                uniform token subdivisionScheme = "none"
                matrix4d xformOp:transform = ( (-0.9949586715335319, -0.10028580128926272, 0, 0), (0.09783226102841802, -0.9706165301027345, 0.2198463103929542, 0), (-0.022047463398245377, 0.2187379929301222, 0.9755345200486784, 0), (0.09901024560676648, -0.07215938805185648, 0.13081393364471317, 1) )
                uniform token[] xformOpOrder = ["xformOp:transform"]
            }

            def Cylinder "Petiolule_term" (
                prepend apiSchemas = ["PhysicsCollisionAPI"]
            )
            {
                uniform token axis = "Z"
                double height = 0.01
                rel material:binding = </Plant_1/Materials/Leaf>
                double radius = 0.0010798618
                matrix4d xformOp:transform = ( (0.5372996083468242, 0.8433914458128855, -0, 0), (-0.28845686317656605, 0.1837672890556065, 0.9396926207859086, 0), (0.7925287180643269, -0.5048964771146695, 0.3420201433256687, 0), (0.13477379212455992, -0.08586037489880834, 0.14447162699140462, 1) )
                uniform token[] xformOpOrder = ["xformOp:transform"]
            }

            def Mesh "Blade_6" (
                prepend apiSchemas = ["PhysicsCollisionAPI", "PhysicsMeshCollisionAPI"]
            )
            {
                int[] faceVertexCounts = [3, 3, 3, 3, 3, 3, 3, 3, 3, 3, 3, 3, 3, 3]
                int[] faceVertexIndices = [0, 1, 2, 0, 2, 3, 0, 3, 4, 0, 4, 5, 0, 5, 6, 0, 6, 7, 0, 7, 8, 0, 8, 9, 0, 9, 10, 0, 10, 11, 0, 11, 12, 0, 12, 13, 0, 13, 14, 0, 14, 15]
                rel material:binding = </Plant_1/Materials/Leaf>
                uniform token physics:approximation = "convexHull"
                point3f[] points = [(0, 0, 0), (0.0052166316, 0.004939027, 0), (0.009219988, 0.009878054, 0), (0.011498926, 0.014817081, 0), (0.011853665, 0.019756109, 0), (0.0104037905, 0.024695136, 0), (0.0075436262, 0.029634163, 0), (0.0038557712, 0.03457319, 0), (0, 0.039512217, 0), (-0.0038557712, 0.03457319, 0), (-0.0075436262, 0.029634163, 0), (-0.0104037905, 0.024695136, 0), (-0.011853665, 0.019756109, 0), (-0.011498926, 0.014817081, 0), (-0.009219988, 0.009878054, 0), (-0.0052166316, 0.004939027, 0)]
                uniform token subdivisionScheme = "none"
                matrix4d xformOp:transform = ( (-0.5372996083468242, -0.8433914458128855, 0, 0), (0.7925287180643269, -0.5048964771146695, 0.3420201433256687, 0), (-0.28845686317656605, 0.1837672890556065, 0.9396926207859086, 0), (0.13873643571488156, -0.08838485728438168, 0.14618172770803298, 1) )
                uniform token[] xformOpOrder = ["xformOp:transform"]
            }
        }

        def Xform "Leaf_o0_r4_i0" (
            prepend apiSchemas = ["PhysicsRigidBodyAPI", "PhysicsMassAPI", "PhysicsFilteredPairsAPI"]
        )
        {
            prepend rel physics:filteredPairs = </Plant_1/Stem/Internode_o0_r4>
            float physics:mass = 0.05

            def Cylinder "Petiole" (
                prepend apiSchemas = ["PhysicsCollisionAPI"]
            )
            {
                uniform token axis = "Z"
                double height = 0.03388257
                rel material:binding = </Plant_1/Materials/Leaf>
                double radius = 0.00277337965
                matrix4d xformOp:transform = ( (0.17364817766693047, -0.984807753012208, 0, 0), (0.33682408883346515, 0.05939117461388475, 0.9396926207859084, 0), (-0.9254165783983234, -0.16317591116653496, 0.3420201433256687, 0), (-0.01567774599837084, -0.002764409616206951, 0.07576892572382099, 1) )
                uniform token[] xformOpOrder = ["xformOp:transform"]
            }

            def Cylinder "Rachis" (
                prepend apiSchemas = ["PhysicsCollisionAPI"]
            )
            {
                uniform token axis = "Z"
                double height = 0.13900363
                rel material:binding = </Plant_1/Materials/Leaf>
                double radius = 0.0016640277899999999
                matrix4d xformOp:transform = ( (0.17364817766693047, -0.984807753012208, 0, 0), (0.33682408883346515, 0.05939117461388475, 0.9396926207859084, 0), (-0.9254165783983234, -0.16317591116653496, 0.3420201433256687, 0), (-0.09567362382651495, -0.016869841222766847, 0.10533420717533609, 1) )
                uniform token[] xformOpOrder = ["xformOp:transform"]
            }

            def Cylinder "Petiolule_0" (
                prepend apiSchemas = ["PhysicsCollisionAPI"]
            )
            {
                uniform token axis = "Z"
                double height = 0.01
                rel material:binding = </Plant_1/Materials/Leaf>
                double radius = 0.00110935186
                matrix4d xformOp:transform = ( (0.8808442376695917, -0.4734061986965059, 0, 0), (0.10407660610058059, 0.19365035568255418, 0.9755345200486781, 0), (-0.4618240888334651, -0.8592939606326491, 0.2198463103929542, 0), (-0.03366461244090901, -0.009825289035577148, 0.08266241799960676, 1) )
                uniform token[] xformOpOrder = ["xformOp:transform"]
            }

            def Mesh "Blade_0" (
                prepend apiSchemas = ["PhysicsCollisionAPI", "PhysicsMeshCollisionAPI"]
            )
            {
                int[] faceVertexCounts = [3, 3, 3, 3, 3, 3, 3, 3, 3, 3, 3, 3, 3, 3]
                int[] faceVertexIndices = [0, 1, 2, 0, 2, 3, 0, 3, 4, 0, 4, 5, 0, 5, 6, 0, 6, 7, 0, 7, 8, 0, 8, 9, 0, 9, 10, 0, 10, 11, 0, 11, 12, 0, 12, 13, 0, 13, 14, 0, 14, 15]
                rel material:binding = </Plant_1/Materials/Leaf>
                uniform token physics:approximation = "convexHull"
                point3f[] points = [(0, 0, 0), (0.0057396484, 0.005434212, 0), (0.010144379, 0.010868424, 0), (0.012651803, 0.016302634, 0), (0.013042108, 0.021736847, 0), (0.01144687, 0.027171059, 0), (0.008299947, 0.032605268, 0), (0.004242349, 0.038039483, 0), (0, 0.043473694, 0), (-0.004242349, 0.038039483, 0), (-0.008299947, 0.032605268, 0), (-0.01144687, 0.027171059, 0), (-0.013042108, 0.021736847, 0), (-0.012651803, 0.016302634, 0), (-0.010144379, 0.010868424, 0), (-0.0057396484, 0.005434212, 0)]
                uniform token subdivisionScheme = "none"
                matrix4d xformOp:transform = ( (-0.8808442376695917, 0.4734061986965059, 0, 0), (-0.4618240888334651, -0.8592939606326491, 0.2198463103929542, 0), (0.10407660610058059, 0.19365035568255418, 0.9755345200486781, 0), (-0.03597373288507633, -0.014121758838740395, 0.08376164955157153, 1) )
                uniform token[] xformOpOrder = ["xformOp:transform"]
            }

            def Cylinder "Petiolule_1" (
                prepend apiSchemas = ["PhysicsCollisionAPI"]
            )
            {
                uniform token axis = "Z"
                double height = 0.01
                rel material:binding = </Plant_1/Materials/Leaf>
                double radius = 0.00110935186
                matrix4d xformOp:transform = ( (-0.665808374270465, -0.7461227839647576, 0, 0), (0.1640323411547712, -0.14637551451209285, 0.9755345200486782, 0), (-0.7278685319524434, 0.6495190528383288, 0.2198463103929542, 0), (-0.034994834656503895, -0.002281223968222258, 0.08266241799960676, 1) )
                uniform token[] xformOpOrder = ["xformOp:transform"]
            }

            def Mesh "Blade_1" (
                prepend apiSchemas = ["PhysicsCollisionAPI", "PhysicsMeshCollisionAPI"]
            )
            {
                int[] faceVertexCounts = [3, 3, 3, 3, 3, 3, 3, 3, 3, 3, 3, 3, 3, 3]
                int[] faceVertexIndices = [0, 1, 2, 0, 2, 3, 0, 3, 4, 0, 4, 5, 0, 5, 6, 0, 6, 7, 0, 7, 8, 0, 8, 9, 0, 9, 10, 0, 10, 11, 0, 11, 12, 0, 12, 13, 0, 13, 14, 0, 14, 15]
                rel material:binding = </Plant_1/Materials/Leaf>
                uniform token physics:approximation = "convexHull"
                point3f[] points = [(0, 0, 0), (0.0057396484, 0.005434212, 0), (0.010144379, 0.010868424, 0), (0.012651803, 0.016302634, 0), (0.013042108, 0.021736847, 0), (0.01144687, 0.027171059, 0), (0.008299947, 0.032605268, 0), (0.004242349, 0.038039483, 0), (0, 0.043473694, 0), (-0.004242349, 0.038039483, 0), (-0.008299947, 0.032605268, 0), (-0.01144687, 0.027171059, 0), (-0.013042108, 0.021736847, 0), (-0.012651803, 0.016302634, 0), (-0.010144379, 0.010868424, 0), (-0.0057396484, 0.005434212, 0)]
                uniform token subdivisionScheme = "none"
                matrix4d xformOp:transform = ( (0.665808374270465, 0.7461227839647576, -0, 0), (-0.7278685319524434, 0.6495190528383288, 0.2198463103929542, 0), (0.1640323411547712, -0.14637551451209285, 0.9755345200486782, 0), (-0.038634177316266116, 0.0009663712959693859, 0.08376164955157153, 1) )
                uniform token[] xformOpOrder = ["xformOp:transform"]
            }

            def Cylinder "Petiolule_2" (
                prepend apiSchemas = ["PhysicsCollisionAPI"]
            )
            {
                uniform token axis = "Z"
                double height = 0.01
                rel material:binding = </Plant_1/Materials/Leaf>
                double radius = 0.00110935186
                matrix4d xformOp:transform = ( (0.8808442376695917, -0.4734061986965059, 0, 0), (0.10407660610058059, 0.19365035568255418, 0.9755345200486781, 0), (-0.4618240888334651, -0.8592939606326491, 0.2198463103929542, 0), (-0.078192313737922, -0.017676724163167852, 0.09911919123563996, 1) )
                uniform token[] xformOpOrder = ["xformOp:transform"]
            }

            def Mesh "Blade_2" (
                prepend apiSchemas = ["PhysicsCollisionAPI", "PhysicsMeshCollisionAPI"]
            )
            {
                int[] faceVertexCounts = [3, 3, 3, 3, 3, 3, 3, 3, 3, 3, 3, 3, 3, 3]
                int[] faceVertexIndices = [0, 1, 2, 0, 2, 3, 0, 3, 4, 0, 4, 5, 0, 5, 6, 0, 6, 7, 0, 7, 8, 0, 8, 9, 0, 9, 10, 0, 10, 11, 0, 11, 12, 0, 12, 13, 0, 13, 14, 0, 14, 15]
                rel material:binding = </Plant_1/Materials/Leaf>
                uniform token physics:approximation = "convexHull"
                point3f[] points = [(0, 0, 0), (0.0057396484, 0.005434212, 0), (0.010144379, 0.010868424, 0), (0.012651803, 0.016302634, 0), (0.013042108, 0.021736847, 0), (0.01144687, 0.027171059, 0), (0.008299947, 0.032605268, 0), (0.004242349, 0.038039483, 0), (0, 0.043473694, 0), (-0.004242349, 0.038039483, 0), (-0.008299947, 0.032605268, 0), (-0.01144687, 0.027171059, 0), (-0.013042108, 0.021736847, 0), (-0.012651803, 0.016302634, 0), (-0.010144379, 0.010868424, 0), (-0.0057396484, 0.005434212, 0)]
                uniform token subdivisionScheme = "none"
                matrix4d xformOp:transform = ( (-0.8808442376695917, 0.4734061986965059, 0, 0), (-0.4618240888334651, -0.8592939606326491, 0.2198463103929542, 0), (0.10407660610058059, 0.19365035568255418, 0.9755345200486781, 0), (-0.08050143418208933, -0.0219731939663311, 0.10021842278760473, 1) )
                uniform token[] xformOpOrder = ["xformOp:transform"]
            }

            def Cylinder "Petiolule_3" (
                prepend apiSchemas = ["PhysicsCollisionAPI"]
            )
            {
                uniform token axis = "Z"
                double height = 0.01
                rel material:binding = </Plant_1/Materials/Leaf>
                double radius = 0.00110935186
                matrix4d xformOp:transform = ( (-0.665808374270465, -0.7461227839647576, 0, 0), (0.1640323411547712, -0.14637551451209285, 0.9755345200486782, 0), (-0.7278685319524434, 0.6495190528383288, 0.2198463103929542, 0), (-0.0795225359535169, -0.010132659095812964, 0.09911919123563996, 1) )
                uniform token[] xformOpOrder = ["xformOp:transform"]
            }

            def Mesh "Blade_3" (
                prepend apiSchemas = ["PhysicsCollisionAPI", "PhysicsMeshCollisionAPI"]
            )
            {
                int[] faceVertexCounts = [3, 3, 3, 3, 3, 3, 3, 3, 3, 3, 3, 3, 3, 3]
                int[] faceVertexIndices = [0, 1, 2, 0, 2, 3, 0, 3, 4, 0, 4, 5, 0, 5, 6, 0, 6, 7, 0, 7, 8, 0, 8, 9, 0, 9, 10, 0, 10, 11, 0, 11, 12, 0, 12, 13, 0, 13, 14, 0, 14, 15]
                rel material:binding = </Plant_1/Materials/Leaf>
                uniform token physics:approximation = "convexHull"
                point3f[] points = [(0, 0, 0), (0.0057396484, 0.005434212, 0), (0.010144379, 0.010868424, 0), (0.012651803, 0.016302634, 0), (0.013042108, 0.021736847, 0), (0.01144687, 0.027171059, 0), (0.008299947, 0.032605268, 0), (0.004242349, 0.038039483, 0), (0, 0.043473694, 0), (-0.004242349, 0.038039483, 0), (-0.008299947, 0.032605268, 0), (-0.01144687, 0.027171059, 0), (-0.013042108, 0.021736847, 0), (-0.012651803, 0.016302634, 0), (-0.010144379, 0.010868424, 0), (-0.0057396484, 0.005434212, 0)]
                uniform token subdivisionScheme = "none"
                matrix4d xformOp:transform = ( (0.665808374270465, 0.7461227839647576, -0, 0), (-0.7278685319524434, 0.6495190528383288, 0.2198463103929542, 0), (0.1640323411547712, -0.14637551451209285, 0.9755345200486782, 0), (-0.0831618786132791, -0.006885063831621319, 0.10021842278760473, 1) )
                uniform token[] xformOpOrder = ["xformOp:transform"]
            }

            def Cylinder "Petiolule_4" (
                prepend apiSchemas = ["PhysicsCollisionAPI"]
            )
            {
                uniform token axis = "Z"
                double height = 0.01
                rel material:binding = </Plant_1/Materials/Leaf>
                double radius = 0.00110935186
                matrix4d xformOp:transform = ( (0.8808442376695917, -0.4734061986965059, 0, 0), (0.10407660610058059, 0.19365035568255418, 0.9755345200486781, 0), (-0.4618240888334651, -0.8592939606326491, 0.2198463103929542, 0), (-0.12272001503493497, -0.025528159290758558, 0.11557596447167316, 1) )
                uniform token[] xformOpOrder = ["xformOp:transform"]
            }

            def Mesh "Blade_4" (
                prepend apiSchemas = ["PhysicsCollisionAPI", "PhysicsMeshCollisionAPI"]
            )
            {
                int[] faceVertexCounts = [3, 3, 3, 3, 3, 3, 3, 3, 3, 3, 3, 3, 3, 3]
                int[] faceVertexIndices = [0, 1, 2, 0, 2, 3, 0, 3, 4, 0, 4, 5, 0, 5, 6, 0, 6, 7, 0, 7, 8, 0, 8, 9, 0, 9, 10, 0, 10, 11, 0, 11, 12, 0, 12, 13, 0, 13, 14, 0, 14, 15]
                rel material:binding = </Plant_1/Materials/Leaf>
                uniform token physics:approximation = "convexHull"
                point3f[] points = [(0, 0, 0), (0.0057396484, 0.005434212, 0), (0.010144379, 0.010868424, 0), (0.012651803, 0.016302634, 0), (0.013042108, 0.021736847, 0), (0.01144687, 0.027171059, 0), (0.008299947, 0.032605268, 0), (0.004242349, 0.038039483, 0), (0, 0.043473694, 0), (-0.004242349, 0.038039483, 0), (-0.008299947, 0.032605268, 0), (-0.01144687, 0.027171059, 0), (-0.013042108, 0.021736847, 0), (-0.012651803, 0.016302634, 0), (-0.010144379, 0.010868424, 0), (-0.0057396484, 0.005434212, 0)]
                uniform token subdivisionScheme = "none"
                matrix4d xformOp:transform = ( (-0.8808442376695917, 0.4734061986965059, 0, 0), (-0.4618240888334651, -0.8592939606326491, 0.2198463103929542, 0), (0.10407660610058059, 0.19365035568255418, 0.9755345200486781, 0), (-0.1250291354791023, -0.029824629093921806, 0.11667519602363793, 1) )
                uniform token[] xformOpOrder = ["xformOp:transform"]
            }

            def Cylinder "Petiolule_5" (
                prepend apiSchemas = ["PhysicsCollisionAPI"]
            )
            {
                uniform token axis = "Z"
                double height = 0.01
                rel material:binding = </Plant_1/Materials/Leaf>
                double radius = 0.00110935186
                matrix4d xformOp:transform = ( (-0.665808374270465, -0.7461227839647576, 0, 0), (0.1640323411547712, -0.14637551451209285, 0.9755345200486782, 0), (-0.7278685319524434, 0.6495190528383288, 0.2198463103929542, 0), (-0.12405023725052987, -0.01798409422340367, 0.11557596447167316, 1) )
                uniform token[] xformOpOrder = ["xformOp:transform"]
            }

            def Mesh "Blade_5" (
                prepend apiSchemas = ["PhysicsCollisionAPI", "PhysicsMeshCollisionAPI"]
            )
            {
                int[] faceVertexCounts = [3, 3, 3, 3, 3, 3, 3, 3, 3, 3, 3, 3, 3, 3]
                int[] faceVertexIndices = [0, 1, 2, 0, 2, 3, 0, 3, 4, 0, 4, 5, 0, 5, 6, 0, 6, 7, 0, 7, 8, 0, 8, 9, 0, 9, 10, 0, 10, 11, 0, 11, 12, 0, 12, 13, 0, 13, 14, 0, 14, 15]
                rel material:binding = </Plant_1/Materials/Leaf>
                uniform token physics:approximation = "convexHull"
                point3f[] points = [(0, 0, 0), (0.0057396484, 0.005434212, 0), (0.010144379, 0.010868424, 0), (0.012651803, 0.016302634, 0), (0.013042108, 0.021736847, 0), (0.01144687, 0.027171059, 0), (0.008299947, 0.032605268, 0), (0.004242349, 0.038039483, 0), (0, 0.043473694, 0), (-0.004242349, 0.038039483, 0), (-0.008299947, 0.032605268, 0), (-0.01144687, 0.027171059, 0), (-0.013042108, 0.021736847, 0), (-0.012651803, 0.016302634, 0), (-0.010144379, 0.010868424, 0), (-0.0057396484, 0.005434212, 0)]
                uniform token subdivisionScheme = "none"
                matrix4d xformOp:transform = ( (0.665808374270465, 0.7461227839647576, -0, 0), (-0.7278685319524434, 0.6495190528383288, 0.2198463103929542, 0), (0.1640323411547712, -0.14637551451209285, 0.9755345200486782, 0), (-0.1276895799102921, -0.014736498959212025, 0.11667519602363793, 1) )
                uniform token[] xformOpOrder = ["xformOp:transform"]
            }

            def Cylinder "Petiolule_term" (
                prepend apiSchemas = ["PhysicsCollisionAPI"]
            )
            {
                uniform token axis = "Z"
                double height = 0.01
                rel material:binding = </Plant_1/Materials/Leaf>
                double radius = 0.00110935186
                matrix4d xformOp:transform = ( (0.17364817766693047, -0.984807753012208, 0, 0), (0.33682408883346515, 0.05939117461388475, 0.9396926207859084, 0), (-0.9254165783983234, -0.16317591116653496, 0.3420201433256687, 0), (-0.16461883854827983, -0.029026742768952465, 0.13081532861965853, 1) )
                uniform token[] xformOpOrder = ["xformOp:transform"]
            }

            def Mesh "Blade_6" (
                prepend apiSchemas = ["PhysicsCollisionAPI", "PhysicsMeshCollisionAPI"]
            )
            {
                int[] faceVertexCounts = [3, 3, 3, 3, 3, 3, 3, 3, 3, 3, 3, 3, 3, 3]
                int[] faceVertexIndices = [0, 1, 2, 0, 2, 3, 0, 3, 4, 0, 4, 5, 0, 5, 6, 0, 6, 7, 0, 7, 8, 0, 8, 9, 0, 9, 10, 0, 10, 11, 0, 11, 12, 0, 12, 13, 0, 13, 14, 0, 14, 15]
                rel material:binding = </Plant_1/Materials/Leaf>
                uniform token physics:approximation = "convexHull"
                point3f[] points = [(0, 0, 0), (0.0057406533, 0.005435163, 0), (0.010146155, 0.010870326, 0), (0.012654019, 0.01630549, 0), (0.013044392, 0.021740653, 0), (0.011448874, 0.027175816, 0), (0.0083014, 0.03261098, 0), (0.0042430917, 0.03804614, 0), (0, 0.043481305, 0), (-0.0042430917, 0.03804614, 0), (-0.0083014, 0.03261098, 0), (-0.011448874, 0.027175816, 0), (-0.013044392, 0.021740653, 0), (-0.012654019, 0.01630549, 0), (-0.010146155, 0.010870326, 0), (-0.0057406533, 0.005435163, 0)]
                uniform token subdivisionScheme = "none"
                matrix4d xformOp:transform = ( (-0.17364817766693047, 0.984807753012208, 0, 0), (-0.9254165783983234, -0.16317591116653496, 0.3420201433256687, 0), (0.33682408883346515, 0.05939117461388475, 0.9396926207859084, 0), (-0.16924592144027145, -0.029842622324785142, 0.1325254293362869, 1) )
                uniform token[] xformOpOrder = ["xformOp:transform"]
            }
        }

        def Xform "Leaf_o0_r3_i0" (
            prepend apiSchemas = ["PhysicsRigidBodyAPI", "PhysicsMassAPI", "PhysicsFilteredPairsAPI"]
        )
        {
            prepend rel physics:filteredPairs = </Plant_1/Stem/Internode_o0_r3>
            float physics:mass = 0.05

            def Cylinder "Petiole" (
                prepend apiSchemas = ["PhysicsCollisionAPI"]
            )
            {
                uniform token axis = "Z"
                double height = 0.033872094
                rel material:binding = </Plant_1/Materials/Leaf>
                double radius = 0.002772691
                matrix4d xformOp:transform = ( (-0.7933533402912352, 0.6087614290087207, 0, 0), (-0.20820867120070155, -0.2713428231543063, 0.9396926207859084, 0), (0.5720486226585795, 0.7455082795475254, 0.3420201433256687, 0), (0.009688242359630967, 0.012625963261306028, 0.058673634222310256, 1) )
                uniform token[] xformOpOrder = ["xformOp:transform"]
            }

            def Cylinder "Rachis" (
                prepend apiSchemas = ["PhysicsCollisionAPI"]
            )
            {
                uniform token axis = "Z"
                double height = 0.08928219
                rel material:binding = </Plant_1/Materials/Leaf>
                double radius = 0.0016636145999999999
                matrix4d xformOp:transform = ( (-0.7933533402912352, 0.6087614290087207, 0, 0), (-0.20820867120070155, -0.2713428231543063, 0.9396926207859084, 0), (0.5720486226585795, 0.7455082795475254, 0.3420201433256687, 0), (0.044913361627982734, 0.05853223245317969, 0.07973425715473531, 1) )
                uniform token[] xformOpOrder = ["xformOp:transform"]
            }

            def Cylinder "Petiolule_0" (
                prepend apiSchemas = ["PhysicsCollisionAPI"]
            )
            {
                uniform token axis = "Z"
                double height = 0.01
                rel material:binding = </Plant_1/Materials/Leaf>
                double radius = 0.0011090764
                matrix4d xformOp:transform = ( (-0.9692550857574936, -0.24605807999989301, 0, 0), (0.05409496103035083, -0.21308715443339138, 0.9755345200486782, 0), (-0.24003815097679487, 0.9455417948891769, 0.2198463103929542, 0), (0.01817629396437796, 0.02997963549705794, 0.06556533499658529, 1) )
                uniform token[] xformOpOrder = ["xformOp:transform"]
            }

            def Mesh "Blade_0" (
                prepend apiSchemas = ["PhysicsCollisionAPI", "PhysicsMeshCollisionAPI"]
            )
            {
                int[] faceVertexCounts = [3, 3, 3, 3, 3, 3, 3, 3, 3, 3, 3, 3, 3, 3]
                int[] faceVertexIndices = [0, 1, 2, 0, 2, 3, 0, 3, 4, 0, 4, 5, 0, 5, 6, 0, 6, 7, 0, 7, 8, 0, 8, 9, 0, 9, 10, 0, 10, 11, 0, 11, 12, 0, 12, 13, 0, 13, 14, 0, 14, 15]
                rel material:binding = </Plant_1/Materials/Leaf>
                uniform token physics:approximation = "convexHull"
                point3f[] points = [(0, 0, 0), (0.006785423, 0.006424335, 0), (0.011992704, 0.01284867, 0), (0.014956986, 0.019273005, 0), (0.015418404, 0.02569734, 0), (0.013532511, 0.032121677, 0), (0.009812213, 0.03854601, 0), (0.0050153127, 0.044970345, 0), (0, 0.05139468, 0), (-0.0050153127, 0.044970345, 0), (-0.009812213, 0.03854601, 0), (-0.013532511, 0.032121677, 0), (-0.015418404, 0.02569734, 0), (-0.014956986, 0.019273005, 0), (-0.011992704, 0.01284867, 0), (-0.006785423, 0.006424335, 0)]
                uniform token subdivisionScheme = "none"
                matrix4d xformOp:transform = ( (0.9692550857574936, 0.24605807999989301, -0, 0), (-0.24003815097679487, 0.9455417948891769, 0.2198463103929542, 0), (0.05409496103035083, -0.21308715443339138, 0.9755345200486782, 0), (0.016976103209493984, 0.03470734447150382, 0.06666456654855006, 1) )
                uniform token[] xformOpOrder = ["xformOp:transform"]
            }

            def Cylinder "Petiolule_1" (
                prepend apiSchemas = ["PhysicsCollisionAPI"]
            )
            {
                uniform token axis = "Z"
                double height = 0.01
                rel material:binding = </Plant_1/Materials/Leaf>
                double radius = 0.0011090764
                matrix4d xformOp:transform = ( (-0.013187821517518024, 0.9999130369005207, 0, 0), (-0.21982719187639332, -0.0028992939027471477, 0.9755345200486782, 0), (0.9754496845431657, 0.012865175134579576, 0.2198463103929542, 0), (0.024253733141977762, 0.025316252398284955, 0.06556533499658529, 1) )
                uniform token[] xformOpOrder = ["xformOp:transform"]
            }

            def Mesh "Blade_1" (
                prepend apiSchemas = ["PhysicsCollisionAPI", "PhysicsMeshCollisionAPI"]
            )
            {
                int[] faceVertexCounts = [3, 3, 3, 3, 3, 3, 3, 3, 3, 3, 3, 3, 3, 3]
                int[] faceVertexIndices = [0, 1, 2, 0, 2, 3, 0, 3, 4, 0, 4, 5, 0, 5, 6, 0, 6, 7, 0, 7, 8, 0, 8, 9, 0, 9, 10, 0, 10, 11, 0, 11, 12, 0, 12, 13, 0, 13, 14, 0, 14, 15]
                rel material:binding = </Plant_1/Materials/Leaf>
                uniform token physics:approximation = "convexHull"
                point3f[] points = [(0, 0, 0), (0.006785423, 0.006424335, 0), (0.011992704, 0.01284867, 0), (0.014956986, 0.019273005, 0), (0.015418404, 0.02569734, 0), (0.013532511, 0.032121677, 0), (0.009812213, 0.03854601, 0), (0.0050153127, 0.044970345, 0), (0, 0.05139468, 0), (-0.0050153127, 0.044970345, 0), (-0.009812213, 0.03854601, 0), (-0.013532511, 0.032121677, 0), (-0.015418404, 0.02569734, 0), (-0.014956986, 0.019273005, 0), (-0.011992704, 0.01284867, 0), (-0.006785423, 0.006424335, 0)]
                uniform token subdivisionScheme = "none"
                matrix4d xformOp:transform = ( (0.013187821517518024, -0.9999130369005207, 0, 0), (0.9754496845431657, 0.012865175134579576, 0.2198463103929542, 0), (-0.21982719187639332, -0.0028992939027471477, 0.9755345200486782, 0), (0.02913098156469359, 0.02538057827395785, 0.06666456654855006, 1) )
                uniform token[] xformOpOrder = ["xformOp:transform"]
            }

            def Cylinder "Petiolule_2" (
                prepend apiSchemas = ["PhysicsCollisionAPI"]
            )
            {
                uniform token axis = "Z"
                double height = 0.01
                rel material:binding = </Plant_1/Materials/Leaf>
                double radius = 0.0011090764
                matrix4d xformOp:transform = ( (-0.9692550857574936, -0.24605807999989301, 0, 0), (0.05409496103035083, -0.21308715443339138, 0.9755345200486782, 0), (-0.24003815097679487, 0.9455417948891769, 0.2198463103929542, 0), (0.05195359706808721, 0.07399907392795983, 0.08576032820362282, 1) )
                uniform token[] xformOpOrder = ["xformOp:transform"]
            }

            def Mesh "Blade_2" (
                prepend apiSchemas = ["PhysicsCollisionAPI", "PhysicsMeshCollisionAPI"]
            )
            {
                int[] faceVertexCounts = [3, 3, 3, 3, 3, 3, 3, 3, 3, 3, 3, 3, 3, 3]
                int[] faceVertexIndices = [0, 1, 2, 0, 2, 3, 0, 3, 4, 0, 4, 5, 0, 5, 6, 0, 6, 7, 0, 7, 8, 0, 8, 9, 0, 9, 10, 0, 10, 11, 0, 11, 12, 0, 12, 13, 0, 13, 14, 0, 14, 15]
                rel material:binding = </Plant_1/Materials/Leaf>
                uniform token physics:approximation = "convexHull"
                point3f[] points = [(0, 0, 0), (0.006785423, 0.006424335, 0), (0.011992704, 0.01284867, 0), (0.014956986, 0.019273005, 0), (0.015418404, 0.02569734, 0), (0.013532511, 0.032121677, 0), (0.009812213, 0.03854601, 0), (0.0050153127, 0.044970345, 0), (0, 0.05139468, 0), (-0.0050153127, 0.044970345, 0), (-0.009812213, 0.03854601, 0), (-0.013532511, 0.032121677, 0), (-0.015418404, 0.02569734, 0), (-0.014956986, 0.019273005, 0), (-0.011992704, 0.01284867, 0), (-0.006785423, 0.006424335, 0)]
                uniform token subdivisionScheme = "none"
                matrix4d xformOp:transform = ( (0.9692550857574936, 0.24605807999989301, -0, 0), (-0.24003815097679487, 0.9455417948891769, 0.2198463103929542, 0), (0.05409496103035083, -0.21308715443339138, 0.9755345200486782, 0), (0.05075340631320323, 0.07872678290240571, 0.0868595597555876, 1) )
                uniform token[] xformOpOrder = ["xformOp:transform"]
            }

            def Cylinder "Petiolule_3" (
                prepend apiSchemas = ["PhysicsCollisionAPI"]
            )
            {
                uniform token axis = "Z"
                double height = 0.01
                rel material:binding = </Plant_1/Materials/Leaf>
                double radius = 0.0011090764
                matrix4d xformOp:transform = ( (-0.013187821517518024, 0.9999130369005207, 0, 0), (-0.21982719187639332, -0.0028992939027471477, 0.9755345200486782, 0), (0.9754496845431657, 0.012865175134579576, 0.2198463103929542, 0), (0.05803103624568701, 0.06933569082918685, 0.08576032820362282, 1) )
                uniform token[] xformOpOrder = ["xformOp:transform"]
            }

            def Mesh "Blade_3" (
                prepend apiSchemas = ["PhysicsCollisionAPI", "PhysicsMeshCollisionAPI"]
            )
            {
                int[] faceVertexCounts = [3, 3, 3, 3, 3, 3, 3, 3, 3, 3, 3, 3, 3, 3]
                int[] faceVertexIndices = [0, 1, 2, 0, 2, 3, 0, 3, 4, 0, 4, 5, 0, 5, 6, 0, 6, 7, 0, 7, 8, 0, 8, 9, 0, 9, 10, 0, 10, 11, 0, 11, 12, 0, 12, 13, 0, 13, 14, 0, 14, 15]
                rel material:binding = </Plant_1/Materials/Leaf>
                uniform token physics:approximation = "convexHull"
                point3f[] points = [(0, 0, 0), (0.006785423, 0.006424335, 0), (0.011992704, 0.01284867, 0), (0.014956986, 0.019273005, 0), (0.015418404, 0.02569734, 0), (0.013532511, 0.032121677, 0), (0.009812213, 0.03854601, 0), (0.0050153127, 0.044970345, 0), (0, 0.05139468, 0), (-0.0050153127, 0.044970345, 0), (-0.009812213, 0.03854601, 0), (-0.013532511, 0.032121677, 0), (-0.015418404, 0.02569734, 0), (-0.014956986, 0.019273005, 0), (-0.011992704, 0.01284867, 0), (-0.006785423, 0.006424335, 0)]
                uniform token subdivisionScheme = "none"
                matrix4d xformOp:transform = ( (0.013187821517518024, -0.9999130369005207, 0, 0), (0.9754496845431657, 0.012865175134579576, 0.2198463103929542, 0), (-0.21982719187639332, -0.0028992939027471477, 0.9755345200486782, 0), (0.06290828466840284, 0.06940001670485975, 0.0868595597555876, 1) )
                uniform token[] xformOpOrder = ["xformOp:transform"]
            }

            def Cylinder "Petiolule_term" (
                prepend apiSchemas = ["PhysicsCollisionAPI"]
            )
            {
                uniform token axis = "Z"
                double height = 0.01
                rel material:binding = </Plant_1/Materials/Leaf>
                double radius = 0.0011090764
                matrix4d xformOp:transform = ( (-0.7933533402912352, 0.6087614290087207, 0, 0), (-0.20820867120070155, -0.2713428231543063, 0.9396926207859084, 0), (0.5720486226585795, 0.7455082795475254, 0.3420201433256687, 0), (0.07331048164999643, 0.09554007978148496, 0.09671251158147845, 1) )
                uniform token[] xformOpOrder = ["xformOp:transform"]
            }

            def Mesh "Blade_4" (
                prepend apiSchemas = ["PhysicsCollisionAPI", "PhysicsMeshCollisionAPI"]
            )
            {
                int[] faceVertexCounts = [3, 3, 3, 3, 3, 3, 3, 3, 3, 3, 3, 3, 3, 3]
                int[] faceVertexIndices = [0, 1, 2, 0, 2, 3, 0, 3, 4, 0, 4, 5, 0, 5, 6, 0, 6, 7, 0, 7, 8, 0, 8, 9, 0, 9, 10, 0, 10, 11, 0, 11, 12, 0, 12, 13, 0, 13, 14, 0, 14, 15]
                rel material:binding = </Plant_1/Materials/Leaf>
                uniform token physics:approximation = "convexHull"
                point3f[] points = [(0, 0, 0), (0.006785423, 0.006424335, 0), (0.011992704, 0.01284867, 0), (0.014956986, 0.019273005, 0), (0.015418404, 0.02569734, 0), (0.013532511, 0.032121677, 0), (0.009812213, 0.03854601, 0), (0.0050153127, 0.044970345, 0), (0, 0.05139468, 0), (-0.0050153127, 0.044970345, 0), (-0.009812213, 0.03854601, 0), (-0.013532511, 0.032121677, 0), (-0.015418404, 0.02569734, 0), (-0.014956986, 0.019273005, 0), (-0.011992704, 0.01284867, 0), (-0.006785423, 0.006424335, 0)]
                uniform token subdivisionScheme = "none"
                matrix4d xformOp:transform = ( (0.7933533402912352, -0.6087614290087207, 0, 0), (0.5720486226585795, 0.7455082795475254, 0.3420201433256687, 0), (-0.20820867120070155, -0.2713428231543063, 0.9396926207859084, 0), (0.07617072476328932, 0.0992676211792226, 0.0984226122981068, 1) )
                uniform token[] xformOpOrder = ["xformOp:transform"]
            }
        }

        def Xform "Leaf_o0_r0_i0" (
            prepend apiSchemas = ["PhysicsRigidBodyAPI", "PhysicsMassAPI", "PhysicsFilteredPairsAPI"]
        )
        {
            prepend rel physics:filteredPairs = </Plant_1/Stem/Internode_o0_r0>
            float physics:mass = 0.05

            def Cylinder "Petiole" (
                prepend apiSchemas = ["PhysicsCollisionAPI"]
            )
            {
                uniform token axis = "Z"
                double height = 0.0140959285
                rel material:binding = </Plant_1/Materials/Leaf>
                double radius = 0.0013708973
                matrix4d xformOp:transform = ( (-1.2246467991473532e-16, -1, 0, 0), (0, 0, 1, 0), (-1, 1.2246467991473532e-16, 0, 0), (-0.00704796425, 8.631266859267476e-19, 0.009271495, 1) )
                uniform token[] xformOpOrder = ["xformOp:transform"]
            }

            def Cylinder "Rachis" (
                prepend apiSchemas = ["PhysicsCollisionAPI"]
            )
            {
                uniform token axis = "Z"
                double height = 0.0001
                rel material:binding = </Plant_1/Materials/Leaf>
                double radius = 0.0008225383799999999
                matrix4d xformOp:transform = ( (-1.2246467991473532e-16, -1, 0, 0), (0, 0, 1, 0), (-1, 1.2246467991473532e-16, 0, 0), (-0.0141459285, 1.732376605849232e-18, 0.009271495, 1) )
                uniform token[] xformOpOrder = ["xformOp:transform"]
            }

            def Cylinder "Petiolule_term" (
                prepend apiSchemas = ["PhysicsCollisionAPI"]
            )
            {
                uniform token axis = "Z"
                double height = 0.01
                rel material:binding = </Plant_1/Materials/Leaf>
                double radius = 0.00054835892
                matrix4d xformOp:transform = ( (-1.2246467991473532e-16, -1, 0, 0), (0, 0, 1, 0), (-1, 1.2246467991473532e-16, 0, 0), (-0.0191959285, 2.3508232394186455e-18, 0.009271495, 1) )
                uniform token[] xformOpOrder = ["xformOp:transform"]
            }

            def Mesh "Blade_0" (
                prepend apiSchemas = ["PhysicsCollisionAPI", "PhysicsMeshCollisionAPI"]
            )
            {
                int[] faceVertexCounts = [3, 3, 3, 3, 3, 3, 3, 3, 3, 3, 3, 3, 3, 3]
                int[] faceVertexIndices = [0, 1, 2, 0, 2, 3, 0, 3, 4, 0, 4, 5, 0, 5, 6, 0, 6, 7, 0, 7, 8, 0, 8, 9, 0, 9, 10, 0, 10, 11, 0, 11, 12, 0, 12, 13, 0, 13, 14, 0, 14, 15]
                rel material:binding = </Plant_1/Materials/Leaf>
                uniform token physics:approximation = "convexHull"
                point3f[] points = [(0, 0, 0), (0.001977589, 0.0018723512, 0), (0.0034952338, 0.0037447023, 0), (0.004359164, 0.0056170537, 0), (0.004493643, 0.0074894046, 0), (0.0039440054, 0.009361756, 0), (0.0028597368, 0.011234107, 0), (0.0014616962, 0.013106458, 0), (0, 0.014978809, 0), (-0.0014616962, 0.013106458, 0), (-0.0028597368, 0.011234107, 0), (-0.0039440054, 0.009361756, 0), (-0.004493643, 0.0074894046, 0), (-0.004359164, 0.0056170537, 0), (-0.0034952338, 0.0037447023, 0), (-0.001977589, 0.0018723512, 0)]
                uniform token subdivisionScheme = "none"
                matrix4d xformOp:transform = ( (1.2246467991473532e-16, 1, -0, 0), (-1, 1.2246467991473532e-16, 0, 0), (0, 0, 1, 0), (-0.024195928499999998, 2.963146638992322e-18, 0.009271495, 1) )
                uniform token[] xformOpOrder = ["xformOp:transform"]
            }
        }

        def Xform "Leaf_o0_r0_i1" (
            prepend apiSchemas = ["PhysicsRigidBodyAPI", "PhysicsMassAPI"]
        )
        {
            float physics:mass = 0.05

            def Cylinder "Petiole" (
                prepend apiSchemas = ["PhysicsCollisionAPI"]
            )
            {
                uniform token axis = "Z"
                double height = 0.0140959285
                rel material:binding = </Plant_1/Materials/Leaf>
                double radius = 0.0013708973
                matrix4d xformOp:transform = ( (0, 1, 0, 0), (0, 0, 1, 0), (1, 0, 0, 0), (0.00704796425, 0, 0, 1) )
                uniform token[] xformOpOrder = ["xformOp:transform"]
            }

            def Cylinder "Rachis" (
                prepend apiSchemas = ["PhysicsCollisionAPI"]
            )
            {
                uniform token axis = "Z"
                double height = 0.0001
                rel material:binding = </Plant_1/Materials/Leaf>
                double radius = 0.0008225383799999999
                matrix4d xformOp:transform = ( (0, 1, 0, 0), (0, 0, 1, 0), (1, 0, 0, 0), (0.0141459285, 0, 0, 1) )
                uniform token[] xformOpOrder = ["xformOp:transform"]
            }

            def Cylinder "Petiolule_term" (
                prepend apiSchemas = ["PhysicsCollisionAPI"]
            )
            {
                uniform token axis = "Z"
                double height = 0.01
                rel material:binding = </Plant_1/Materials/Leaf>
                double radius = 0.00054835892
                matrix4d xformOp:transform = ( (0, 1, 0, 0), (0, 0, 1, 0), (1, 0, 0, 0), (0.0191959285, 0, 0, 1) )
                uniform token[] xformOpOrder = ["xformOp:transform"]
            }

            def Mesh "Blade_0" (
                prepend apiSchemas = ["PhysicsCollisionAPI", "PhysicsMeshCollisionAPI"]
            )
            {
                int[] faceVertexCounts = [3, 3, 3, 3, 3, 3, 3, 3, 3, 3, 3, 3, 3, 3]
                int[] faceVertexIndices = [0, 1, 2, 0, 2, 3, 0, 3, 4, 0, 4, 5, 0, 5, 6, 0, 6, 7, 0, 7, 8, 0, 8, 9, 0, 9, 10, 0, 10, 11, 0, 11, 12, 0, 12, 13, 0, 13, 14, 0, 14, 15]
                rel material:binding = </Plant_1/Materials/Leaf>
                uniform token physics:approximation = "convexHull"
                point3f[] points = [(0, 0, 0), (0.001977589, 0.0018723512, 0), (0.0034952338, 0.0037447023, 0), (0.004359164, 0.0056170537, 0), (0.004493643, 0.0074894046, 0), (0.0039440054, 0.009361756, 0), (0.0028597368, 0.011234107, 0), (0.0014616962, 0.013106458, 0), (0, 0.014978809, 0), (-0.0014616962, 0.013106458, 0), (-0.0028597368, 0.011234107, 0), (-0.0039440054, 0.009361756, 0), (-0.004493643, 0.0074894046, 0), (-0.004359164, 0.0056170537, 0), (-0.0034952338, 0.0037447023, 0), (-0.001977589, 0.0018723512, 0)]
                uniform token subdivisionScheme = "none"
                matrix4d xformOp:transform = ( (0, -1, 0, 0), (1, 0, 0, 0), (-0, 0, 1, 0), (0.024195928499999998, 0, 0, 1) )
                uniform token[] xformOpOrder = ["xformOp:transform"]
            }
        }

        def Xform "Leaf_o0_r1_i0" (
            prepend apiSchemas = ["PhysicsRigidBodyAPI", "PhysicsMassAPI", "PhysicsFilteredPairsAPI"]
        )
        {
            prepend rel physics:filteredPairs = </Plant_1/Stem/Internode_o0_r1>
            float physics:mass = 0.05

            def Cylinder "Petiole" (
                prepend apiSchemas = ["PhysicsCollisionAPI"]
            )
            {
                uniform token axis = "Z"
                double height = 0.026974974
                rel material:binding = </Plant_1/Materials/Leaf>
                double radius = 0.00230918965
                matrix4d xformOp:transform = ( (-1, 6.123233995736766e-17, 0, 0), (0, -0, 1, 0), (6.123233995736766e-17, 1, 0, 0), (8.258703891545769e-19, 0.013487487, 0.019310631, 1) )
                uniform token[] xformOpOrder = ["xformOp:transform"]
            }

            def Cylinder "Rachis" (
                prepend apiSchemas = ["PhysicsCollisionAPI"]
            )
            {
                uniform token axis = "Z"
                double height = 0.032086246
                rel material:binding = </Plant_1/Materials/Leaf>
                double radius = 0.00138551379
                matrix4d xformOp:transform = ( (-1, 6.123233995736766e-17, 0, 0), (0, -0, 1, 0), (6.123233995736766e-17, 1, 0, 0), (2.634098739823018e-18, 0.043018097, 0.019310631, 1) )
                uniform token[] xformOpOrder = ["xformOp:transform"]
            }

            def Cylinder "Petiolule_0" (
                prepend apiSchemas = ["PhysicsCollisionAPI"]
            )
            {
                uniform token axis = "Z"
                double height = 0.01
                rel material:binding = </Plant_1/Materials/Leaf>
                double radius = 0.0009236758600000001
                matrix4d xformOp:transform = ( (-0.6427876096865394, -0.766044443118978, 0, 0), (0, 0, 1, 0), (-0.766044443118978, 0.6427876096865394, 0, 0), (-0.0038302222155948886, 0.030188912048432697, 0.019310631, 1) )
                uniform token[] xformOpOrder = ["xformOp:transform"]
            }

            def Mesh "Blade_0" (
                prepend apiSchemas = ["PhysicsCollisionAPI", "PhysicsMeshCollisionAPI"]
            )
            {
                int[] faceVertexCounts = [3, 3, 3, 3, 3, 3, 3, 3, 3, 3, 3, 3, 3, 3]
                int[] faceVertexIndices = [0, 1, 2, 0, 2, 3, 0, 3, 4, 0, 4, 5, 0, 5, 6, 0, 6, 7, 0, 7, 8, 0, 8, 9, 0, 9, 10, 0, 10, 11, 0, 11, 12, 0, 12, 13, 0, 13, 14, 0, 14, 15]
                rel material:binding = </Plant_1/Materials/Leaf>
                uniform token physics:approximation = "convexHull"
                point3f[] points = [(0, 0, 0), (0.004147845, 0.0039271163, 0), (0.0073309913, 0.007854233, 0), (0.00914302, 0.011781349, 0), (0.009425079, 0.015708465, 0), (0.008272256, 0.019635582, 0), (0.005998084, 0.023562698, 0), (0.0030657984, 0.027489815, 0), (0, 0.03141693, 0), (-0.0030657984, 0.027489815, 0), (-0.005998084, 0.023562698, 0), (-0.008272256, 0.019635582, 0), (-0.009425079, 0.015708465, 0), (-0.00914302, 0.011781349, 0), (-0.0073309913, 0.007854233, 0), (-0.004147845, 0.0039271163, 0)]
                uniform token subdivisionScheme = "none"
                matrix4d xformOp:transform = ( (0.6427876096865394, 0.766044443118978, -0, 0), (-0.766044443118978, 0.6427876096865394, 0, 0), (0, 0, 1, 0), (-0.007660444431189779, 0.033402850096865395, 0.019310631, 1) )
                uniform token[] xformOpOrder = ["xformOp:transform"]
            }

            def Cylinder "Petiolule_1" (
                prepend apiSchemas = ["PhysicsCollisionAPI"]
            )
            {
                uniform token axis = "Z"
                double height = 0.01
                rel material:binding = </Plant_1/Materials/Leaf>
                double radius = 0.0009236758600000001
                matrix4d xformOp:transform = ( (-0.6427876096865394, 0.766044443118978, 0, 0), (0, -0, 1, 0), (0.766044443118978, 0.6427876096865394, 0, 0), (0.003830222215594892, 0.030188912048432697, 0.019310631, 1) )
                uniform token[] xformOpOrder = ["xformOp:transform"]
            }

            def Mesh "Blade_1" (
                prepend apiSchemas = ["PhysicsCollisionAPI", "PhysicsMeshCollisionAPI"]
            )
            {
                int[] faceVertexCounts = [3, 3, 3, 3, 3, 3, 3, 3, 3, 3, 3, 3, 3, 3]
                int[] faceVertexIndices = [0, 1, 2, 0, 2, 3, 0, 3, 4, 0, 4, 5, 0, 5, 6, 0, 6, 7, 0, 7, 8, 0, 8, 9, 0, 9, 10, 0, 10, 11, 0, 11, 12, 0, 12, 13, 0, 13, 14, 0, 14, 15]
                rel material:binding = </Plant_1/Materials/Leaf>
                uniform token physics:approximation = "convexHull"
                point3f[] points = [(0, 0, 0), (0.004147845, 0.0039271163, 0), (0.0073309913, 0.007854233, 0), (0.00914302, 0.011781349, 0), (0.009425079, 0.015708465, 0), (0.008272256, 0.019635582, 0), (0.005998084, 0.023562698, 0), (0.0030657984, 0.027489815, 0), (0, 0.03141693, 0), (-0.0030657984, 0.027489815, 0), (-0.005998084, 0.023562698, 0), (-0.008272256, 0.019635582, 0), (-0.009425079, 0.015708465, 0), (-0.00914302, 0.011781349, 0), (-0.0073309913, 0.007854233, 0), (-0.004147845, 0.0039271163, 0)]
                uniform token subdivisionScheme = "none"
                matrix4d xformOp:transform = ( (0.6427876096865394, -0.766044443118978, 0, 0), (0.766044443118978, 0.6427876096865394, 0, 0), (-0, 0, 1, 0), (0.007660444431189782, 0.033402850096865395, 0.019310631, 1) )
                uniform token[] xformOpOrder = ["xformOp:transform"]
            }

            def Cylinder "Petiolule_term" (
                prepend apiSchemas = ["PhysicsCollisionAPI"]
            )
            {
                uniform token axis = "Z"
                double height = 0.01
                rel material:binding = </Plant_1/Materials/Leaf>
                double radius = 0.0009236758600000001
                matrix4d xformOp:transform = ( (-1, 6.123233995736766e-17, 0, 0), (0, -0, 1, 0), (6.123233995736766e-17, 1, 0, 0), (3.922618401123721e-18, 0.06406122, 0.019310631, 1) )
                uniform token[] xformOpOrder = ["xformOp:transform"]
            }

            def Mesh "Blade_2" (
                prepend apiSchemas = ["PhysicsCollisionAPI", "PhysicsMeshCollisionAPI"]
            )
            {
                int[] faceVertexCounts = [3, 3, 3, 3, 3, 3, 3, 3, 3, 3, 3, 3, 3, 3]
                int[] faceVertexIndices = [0, 1, 2, 0, 2, 3, 0, 3, 4, 0, 4, 5, 0, 5, 6, 0, 6, 7, 0, 7, 8, 0, 8, 9, 0, 9, 10, 0, 10, 11, 0, 11, 12, 0, 12, 13, 0, 13, 14, 0, 14, 15]
                rel material:binding = </Plant_1/Materials/Leaf>
                uniform token physics:approximation = "convexHull"
                point3f[] points = [(0, 0, 0), (0.0042102225, 0.0039861742, 0), (0.0074412385, 0.0079723485, 0), (0.009280517, 0.011958523, 0), (0.009566818, 0.015944697, 0), (0.008396658, 0.019930871, 0), (0.006088286, 0.023917045, 0), (0.0031119036, 0.02790322, 0), (0, 0.031889394, 0), (-0.0031119036, 0.02790322, 0), (-0.006088286, 0.023917045, 0), (-0.008396658, 0.019930871, 0), (-0.009566818, 0.015944697, 0), (-0.009280517, 0.011958523, 0), (-0.0074412385, 0.0079723485, 0), (-0.0042102225, 0.0039861742, 0)]
                uniform token subdivisionScheme = "none"
                matrix4d xformOp:transform = ( (1, -6.123233995736766e-17, 0, 0), (6.123233995736766e-17, 1, 0, 0), (-0, 0, 1, 0), (4.228780100910559e-18, 0.06906121999999999, 0.019310631, 1) )
                uniform token[] xformOpOrder = ["xformOp:transform"]
            }
        }

        def Xform "Leaf_o0_r1_i1" (
            prepend apiSchemas = ["PhysicsRigidBodyAPI", "PhysicsMassAPI"]
        )
        {
            float physics:mass = 0.05

            def Cylinder "Petiole" (
                prepend apiSchemas = ["PhysicsCollisionAPI"]
            )
            {
                uniform token axis = "Z"
                double height = 0.026974974
                rel material:binding = </Plant_1/Materials/Leaf>
                double radius = 0.00230918965
                matrix4d xformOp:transform = ( (1, -1.8369701987210297e-16, 0, 0), (0, 0, 1, 0), (-1.8369701987210297e-16, -1, 0, 0), (-2.4776111674637304e-18, -0.013487487, 0, 1) )
                uniform token[] xformOpOrder = ["xformOp:transform"]
            }

            def Cylinder "Rachis" (
                prepend apiSchemas = ["PhysicsCollisionAPI"]
            )
            {
                uniform token axis = "Z"
                double height = 0.032086246
                rel material:binding = </Plant_1/Materials/Leaf>
                double radius = 0.00138551379
                matrix4d xformOp:transform = ( (1, -1.8369701987210297e-16, 0, 0), (0, 0, 1, 0), (-1.8369701987210297e-16, -1, 0, 0), (-7.902296219469053e-18, -0.043018097, 0, 1) )
                uniform token[] xformOpOrder = ["xformOp:transform"]
            }

            def Cylinder "Petiolule_0" (
                prepend apiSchemas = ["PhysicsCollisionAPI"]
            )
            {
                uniform token axis = "Z"
                double height = 0.01
                rel material:binding = </Plant_1/Materials/Leaf>
                double radius = 0.0009236758600000001
                matrix4d xformOp:transform = ( (0.6427876096865395, 0.7660444431189779, -0, 0), (0, 0, 1, 0), (0.7660444431189779, -0.6427876096865395, 0, 0), (0.0038302222155948847, -0.030188912048432697, 0, 1) )
                uniform token[] xformOpOrder = ["xformOp:transform"]
            }

            def Mesh "Blade_0" (
                prepend apiSchemas = ["PhysicsCollisionAPI", "PhysicsMeshCollisionAPI"]
            )
            {
                int[] faceVertexCounts = [3, 3, 3, 3, 3, 3, 3, 3, 3, 3, 3, 3, 3, 3]
                int[] faceVertexIndices = [0, 1, 2, 0, 2, 3, 0, 3, 4, 0, 4, 5, 0, 5, 6, 0, 6, 7, 0, 7, 8, 0, 8, 9, 0, 9, 10, 0, 10, 11, 0, 11, 12, 0, 12, 13, 0, 13, 14, 0, 14, 15]
                rel material:binding = </Plant_1/Materials/Leaf>
                uniform token physics:approximation = "convexHull"
                point3f[] points = [(0, 0, 0), (0.004147845, 0.0039271163, 0), (0.0073309913, 0.007854233, 0), (0.00914302, 0.011781349, 0), (0.009425079, 0.015708465, 0), (0.008272256, 0.019635582, 0), (0.005998084, 0.023562698, 0), (0.0030657984, 0.027489815, 0), (0, 0.03141693, 0), (-0.0030657984, 0.027489815, 0), (-0.005998084, 0.023562698, 0), (-0.008272256, 0.019635582, 0), (-0.009425079, 0.015708465, 0), (-0.00914302, 0.011781349, 0), (-0.0073309913, 0.007854233, 0), (-0.004147845, 0.0039271163, 0)]
                uniform token subdivisionScheme = "none"
                matrix4d xformOp:transform = ( (-0.6427876096865395, -0.7660444431189779, 0, 0), (0.7660444431189779, -0.6427876096865395, 0, 0), (0, 0, 1, 0), (0.007660444431189774, -0.033402850096865395, 0, 1) )
                uniform token[] xformOpOrder = ["xformOp:transform"]
            }

            def Cylinder "Petiolule_1" (
                prepend apiSchemas = ["PhysicsCollisionAPI"]
            )
            {
                uniform token axis = "Z"
                double height = 0.01
                rel material:binding = </Plant_1/Materials/Leaf>
                double radius = 0.0009236758600000001
                matrix4d xformOp:transform = ( (0.6427876096865393, -0.7660444431189781, 0, 0), (0, 0, 1, 0), (-0.7660444431189781, -0.6427876096865393, 0, 0), (-0.0038302222155948955, -0.030188912048432694, 0, 1) )
                uniform token[] xformOpOrder = ["xformOp:transform"]
            }

            def Mesh "Blade_1" (
                prepend apiSchemas = ["PhysicsCollisionAPI", "PhysicsMeshCollisionAPI"]
            )
            {
                int[] faceVertexCounts = [3, 3, 3, 3, 3, 3, 3, 3, 3, 3, 3, 3, 3, 3]
                int[] faceVertexIndices = [0, 1, 2, 0, 2, 3, 0, 3, 4, 0, 4, 5, 0, 5, 6, 0, 6, 7, 0, 7, 8, 0, 8, 9, 0, 9, 10, 0, 10, 11, 0, 11, 12, 0, 12, 13, 0, 13, 14, 0, 14, 15]
                rel material:binding = </Plant_1/Materials/Leaf>
                uniform token physics:approximation = "convexHull"
                point3f[] points = [(0, 0, 0), (0.004147845, 0.0039271163, 0), (0.0073309913, 0.007854233, 0), (0.00914302, 0.011781349, 0), (0.009425079, 0.015708465, 0), (0.008272256, 0.019635582, 0), (0.005998084, 0.023562698, 0), (0.0030657984, 0.027489815, 0), (0, 0.03141693, 0), (-0.0030657984, 0.027489815, 0), (-0.005998084, 0.023562698, 0), (-0.008272256, 0.019635582, 0), (-0.009425079, 0.015708465, 0), (-0.00914302, 0.011781349, 0), (-0.0073309913, 0.007854233, 0), (-0.004147845, 0.0039271163, 0)]
                uniform token subdivisionScheme = "none"
                matrix4d xformOp:transform = ( (-0.6427876096865393, 0.7660444431189781, 0, 0), (-0.7660444431189781, -0.6427876096865393, 0, 0), (0, 0, 1, 0), (-0.007660444431189787, -0.03340285009686539, 0, 1) )
                uniform token[] xformOpOrder = ["xformOp:transform"]
            }

            def Cylinder "Petiolule_term" (
                prepend apiSchemas = ["PhysicsCollisionAPI"]
            )
            {
                uniform token axis = "Z"
                double height = 0.01
                rel material:binding = </Plant_1/Materials/Leaf>
                double radius = 0.0009236758600000001
                matrix4d xformOp:transform = ( (1, -1.8369701987210297e-16, 0, 0), (0, 0, 1, 0), (-1.8369701987210297e-16, -1, 0, 0), (-1.1767855203371159e-17, -0.06406122, 0, 1) )
                uniform token[] xformOpOrder = ["xformOp:transform"]
            }

            def Mesh "Blade_2" (
                prepend apiSchemas = ["PhysicsCollisionAPI", "PhysicsMeshCollisionAPI"]
            )
            {
                int[] faceVertexCounts = [3, 3, 3, 3, 3, 3, 3, 3, 3, 3, 3, 3, 3, 3]
                int[] faceVertexIndices = [0, 1, 2, 0, 2, 3, 0, 3, 4, 0, 4, 5, 0, 5, 6, 0, 6, 7, 0, 7, 8, 0, 8, 9, 0, 9, 10, 0, 10, 11, 0, 11, 12, 0, 12, 13, 0, 13, 14, 0, 14, 15]
                rel material:binding = </Plant_1/Materials/Leaf>
                uniform token physics:approximation = "convexHull"
                point3f[] points = [(0, 0, 0), (0.0042102225, 0.0039861742, 0), (0.0074412385, 0.0079723485, 0), (0.009280517, 0.011958523, 0), (0.009566818, 0.015944697, 0), (0.008396658, 0.019930871, 0), (0.006088286, 0.023917045, 0), (0.0031119036, 0.02790322, 0), (0, 0.031889394, 0), (-0.0031119036, 0.02790322, 0), (-0.006088286, 0.023917045, 0), (-0.008396658, 0.019930871, 0), (-0.009566818, 0.015944697, 0), (-0.009280517, 0.011958523, 0), (-0.0074412385, 0.0079723485, 0), (-0.0042102225, 0.0039861742, 0)]
                uniform token subdivisionScheme = "none"
                matrix4d xformOp:transform = ( (-1, 1.8369701987210297e-16, 0, 0), (-1.8369701987210297e-16, -1, 0, 0), (0, 0, 1, 0), (-1.2686340302731673e-17, -0.06906121999999999, 0, 1) )
                uniform token[] xformOpOrder = ["xformOp:transform"]
            }
        }

        def Xform "Leaf_o0_r2_i0" (
            prepend apiSchemas = ["PhysicsRigidBodyAPI", "PhysicsMassAPI", "PhysicsFilteredPairsAPI"]
        )
        {
            prepend rel physics:filteredPairs = </Plant_1/Stem/Internode_o0_r2>
            float physics:mass = 0.05

            def Cylinder "Petiole" (
                prepend apiSchemas = ["PhysicsCollisionAPI"]
            )
            {
                uniform token axis = "Z"
                double height = 0.033851825
                rel material:binding = </Plant_1/Materials/Leaf>
                double radius = 0.00277135775
                matrix4d xformOp:transform = ( (-1.2246467991473532e-16, -1, 0, 0), (0.3420201433256687, -4.188538737676992e-17, 0.9396926207859084, 0), (-0.9396926207859084, 1.1507915602278503e-16, 0.3420201433256687, 0), (-0.015905155076317967, 1.9478197254155075e-18, 0.04162111601916773, 1) )
                uniform token[] xformOpOrder = ["xformOp:transform"]
            }

            def Cylinder "Rachis" (
                prepend apiSchemas = ["PhysicsCollisionAPI"]
            )
            {
                uniform token axis = "Z"
                double height = 0.09449794
                rel material:binding = </Plant_1/Materials/Leaf>
                double radius = 0.0016628146499999999
                matrix4d xformOp:transform = ( (-1.2246467991473532e-16, -1, 0, 0), (0.3420201433256687, -4.188538737676992e-17, 0.9396926207859084, 0), (-0.9396926207859084, 1.1507915602278503e-16, 0.3420201433256687, 0), (-0.07620981860137069, 9.333011041376904e-18, 0.06357021852972568, 1) )
                uniform token[] xformOpOrder = ["xformOp:transform"]
            }

            def Cylinder "Petiolule_0" (
                prepend apiSchemas = ["PhysicsCollisionAPI"]
            )
            {
                uniform token axis = "Z"
                double height = 0.01
                rel material:binding = </Plant_1/Materials/Leaf>
                double radius = 0.0011085431
                matrix4d xformOp:transform = ( (0.7852561107532648, -0.6191710914800983, 0, 0), (0.1361224799638779, 0.17263565866262628, 0.9755345200486781, 0), (-0.6040227735550538, -0.7660444431189779, 0.2198463103929542, 0), (-0.0348304240204112, -0.0038302222155948856, 0.048509350590300225, 1) )
                uniform token[] xformOpOrder = ["xformOp:transform"]
            }

            def Mesh "Blade_0" (
                prepend apiSchemas = ["PhysicsCollisionAPI", "PhysicsMeshCollisionAPI"]
            )
            {
                int[] faceVertexCounts = [3, 3, 3, 3, 3, 3, 3, 3, 3, 3, 3, 3, 3, 3]
                int[] faceVertexIndices = [0, 1, 2, 0, 2, 3, 0, 3, 4, 0, 4, 5, 0, 5, 6, 0, 6, 7, 0, 7, 8, 0, 8, 9, 0, 9, 10, 0, 10, 11, 0, 11, 12, 0, 12, 13, 0, 13, 14, 0, 14, 15]
                rel material:binding = </Plant_1/Materials/Leaf>
                uniform token physics:approximation = "convexHull"
                point3f[] points = [(0, 0, 0), (0.006773839, 0.006413367, 0), (0.01197223, 0.012826734, 0), (0.014931451, 0.019240102, 0), (0.015392082, 0.025653468, 0), (0.013509408, 0.032066837, 0), (0.009795461, 0.038480204, 0), (0.0050067506, 0.04489357, 0), (0, 0.051306937, 0), (-0.0050067506, 0.04489357, 0), (-0.009795461, 0.038480204, 0), (-0.013509408, 0.032066837, 0), (-0.015392082, 0.025653468, 0), (-0.014931451, 0.019240102, 0), (-0.01197223, 0.012826734, 0), (-0.006773839, 0.006413367, 0)]
                uniform token subdivisionScheme = "none"
                matrix4d xformOp:transform = ( (-0.7852561107532648, 0.6191710914800983, 0, 0), (-0.6040227735550538, -0.7660444431189779, 0.2198463103929542, 0), (0.1361224799638779, 0.17263565866262628, 0.9755345200486781, 0), (-0.03785053788818647, -0.0076604444311897755, 0.049608582142265, 1) )
                uniform token[] xformOpOrder = ["xformOp:transform"]
            }

            def Cylinder "Petiolule_1" (
                prepend apiSchemas = ["PhysicsCollisionAPI"]
            )
            {
                uniform token axis = "Z"
                double height = 0.01
                rel material:binding = </Plant_1/Materials/Leaf>
                double radius = 0.0011085431
                matrix4d xformOp:transform = ( (-0.7852561107532651, -0.6191710914800981, 0, 0), (0.13612247996387788, -0.1726356586626263, 0.9755345200486782, 0), (-0.6040227735550536, 0.7660444431189781, 0.2198463103929542, 0), (-0.0348304240204112, 0.0038302222155948947, 0.048509350590300225, 1) )
                uniform token[] xformOpOrder = ["xformOp:transform"]
            }

            def Mesh "Blade_1" (
                prepend apiSchemas = ["PhysicsCollisionAPI", "PhysicsMeshCollisionAPI"]
            )
            {
                int[] faceVertexCounts = [3, 3, 3, 3, 3, 3, 3, 3, 3, 3, 3, 3, 3, 3]
                int[] faceVertexIndices = [0, 1, 2, 0, 2, 3, 0, 3, 4, 0, 4, 5, 0, 5, 6, 0, 6, 7, 0, 7, 8, 0, 8, 9, 0, 9, 10, 0, 10, 11, 0, 11, 12, 0, 12, 13, 0, 13, 14, 0, 14, 15]
                rel material:binding = </Plant_1/Materials/Leaf>
                uniform token physics:approximation = "convexHull"
                point3f[] points = [(0, 0, 0), (0.006773839, 0.006413367, 0), (0.01197223, 0.012826734, 0), (0.014931451, 0.019240102, 0), (0.015392082, 0.025653468, 0), (0.013509408, 0.032066837, 0), (0.009795461, 0.038480204, 0), (0.0050067506, 0.04489357, 0), (0, 0.051306937, 0), (-0.0050067506, 0.04489357, 0), (-0.009795461, 0.038480204, 0), (-0.013509408, 0.032066837, 0), (-0.015392082, 0.025653468, 0), (-0.014931451, 0.019240102, 0), (-0.01197223, 0.012826734, 0), (-0.006773839, 0.006413367, 0)]
                uniform token subdivisionScheme = "none"
                matrix4d xformOp:transform = ( (0.7852561107532651, 0.6191710914800981, -0, 0), (-0.6040227735550536, 0.7660444431189781, 0.2198463103929542, 0), (0.13612247996387788, -0.1726356586626263, 0.9755345200486782, 0), (-0.03785053788818647, 0.007660444431189785, 0.049608582142265, 1) )
                uniform token[] xformOpOrder = ["xformOp:transform"]
            }

            def Cylinder "Petiolule_2" (
                prepend apiSchemas = ["PhysicsCollisionAPI"]
            )
            {
                uniform token axis = "Z"
                double height = 0.01
                rel material:binding = </Plant_1/Materials/Leaf>
                double radius = 0.0011085431
                matrix4d xformOp:transform = ( (0.7852561107532648, -0.6191710914800983, 0, 0), (0.1361224799638779, 0.17263565866262628, 0.9755345200486781, 0), (-0.6040227735550538, -0.7660444431189779, 0.2198463103929542, 0), (-0.09025959903762872, -0.0038302222155948786, 0.0686839204064992, 1) )
                uniform token[] xformOpOrder = ["xformOp:transform"]
            }

            def Mesh "Blade_2" (
                prepend apiSchemas = ["PhysicsCollisionAPI", "PhysicsMeshCollisionAPI"]
            )
            {
                int[] faceVertexCounts = [3, 3, 3, 3, 3, 3, 3, 3, 3, 3, 3, 3, 3, 3]
                int[] faceVertexIndices = [0, 1, 2, 0, 2, 3, 0, 3, 4, 0, 4, 5, 0, 5, 6, 0, 6, 7, 0, 7, 8, 0, 8, 9, 0, 9, 10, 0, 10, 11, 0, 11, 12, 0, 12, 13, 0, 13, 14, 0, 14, 15]
                rel material:binding = </Plant_1/Materials/Leaf>
                uniform token physics:approximation = "convexHull"
                point3f[] points = [(0, 0, 0), (0.006773839, 0.006413367, 0), (0.01197223, 0.012826734, 0), (0.014931451, 0.019240102, 0), (0.015392082, 0.025653468, 0), (0.013509408, 0.032066837, 0), (0.009795461, 0.038480204, 0), (0.0050067506, 0.04489357, 0), (0, 0.051306937, 0), (-0.0050067506, 0.04489357, 0), (-0.009795461, 0.038480204, 0), (-0.013509408, 0.032066837, 0), (-0.015392082, 0.025653468, 0), (-0.014931451, 0.019240102, 0), (-0.01197223, 0.012826734, 0), (-0.006773839, 0.006413367, 0)]
                uniform token subdivisionScheme = "none"
                matrix4d xformOp:transform = ( (-0.7852561107532648, 0.6191710914800983, 0, 0), (-0.6040227735550538, -0.7660444431189779, 0.2198463103929542, 0), (0.1361224799638779, 0.17263565866262628, 0.9755345200486781, 0), (-0.09327971290540397, -0.0076604444311897685, 0.06978315195846398, 1) )
                uniform token[] xformOpOrder = ["xformOp:transform"]
            }

            def Cylinder "Petiolule_3" (
                prepend apiSchemas = ["PhysicsCollisionAPI"]
            )
            {
                uniform token axis = "Z"
                double height = 0.01
                rel material:binding = </Plant_1/Materials/Leaf>
                double radius = 0.0011085431
                matrix4d xformOp:transform = ( (-0.7852561107532651, -0.6191710914800981, 0, 0), (0.13612247996387788, -0.1726356586626263, 0.9755345200486782, 0), (-0.6040227735550536, 0.7660444431189781, 0.2198463103929542, 0), (-0.09025959903762872, 0.0038302222155949016, 0.0686839204064992, 1) )
                uniform token[] xformOpOrder = ["xformOp:transform"]
            }

            def Mesh "Blade_3" (
                prepend apiSchemas = ["PhysicsCollisionAPI", "PhysicsMeshCollisionAPI"]
            )
            {
                int[] faceVertexCounts = [3, 3, 3, 3, 3, 3, 3, 3, 3, 3, 3, 3, 3, 3]
                int[] faceVertexIndices = [0, 1, 2, 0, 2, 3, 0, 3, 4, 0, 4, 5, 0, 5, 6, 0, 6, 7, 0, 7, 8, 0, 8, 9, 0, 9, 10, 0, 10, 11, 0, 11, 12, 0, 12, 13, 0, 13, 14, 0, 14, 15]
                rel material:binding = </Plant_1/Materials/Leaf>
                uniform token physics:approximation = "convexHull"
                point3f[] points = [(0, 0, 0), (0.006773839, 0.006413367, 0), (0.01197223, 0.012826734, 0), (0.014931451, 0.019240102, 0), (0.015392082, 0.025653468, 0), (0.013509408, 0.032066837, 0), (0.009795461, 0.038480204, 0), (0.0050067506, 0.04489357, 0), (0, 0.051306937, 0), (-0.0050067506, 0.04489357, 0), (-0.009795461, 0.038480204, 0), (-0.013509408, 0.032066837, 0), (-0.015392082, 0.025653468, 0), (-0.014931451, 0.019240102, 0), (-0.01197223, 0.012826734, 0), (-0.006773839, 0.006413367, 0)]
                uniform token subdivisionScheme = "none"
                matrix4d xformOp:transform = ( (0.7852561107532651, 0.6191710914800981, -0, 0), (-0.6040227735550536, 0.7660444431189781, 0.2198463103929542, 0), (0.13612247996387788, -0.1726356586626263, 0.9755345200486782, 0), (-0.09327971290540397, 0.007660444431189792, 0.06978315195846398, 1) )
                uniform token[] xformOpOrder = ["xformOp:transform"]
            }

            def Cylinder "Petiolule_term" (
                prepend apiSchemas = ["PhysicsCollisionAPI"]
            )
            {
                uniform token axis = "Z"
                double height = 0.01
                rel material:binding = </Plant_1/Materials/Leaf>
                double radius = 0.0011085431
                matrix4d xformOp:transform = ( (-1.2246467991473532e-16, -1, 0, 0), (0.3420201433256687, -4.188538737676992e-17, 0.9396926207859084, 0), (-0.9396926207859084, 1.1507915602278503e-16, 0.3420201433256687, 0), (-0.125307790154035, 1.5345778412036718e-17, 0.08144041873774424, 1) )
                uniform token[] xformOpOrder = ["xformOp:transform"]
            }

            def Mesh "Blade_4" (
                prepend apiSchemas = ["PhysicsCollisionAPI", "PhysicsMeshCollisionAPI"]
            )
            {
                int[] faceVertexCounts = [3, 3, 3, 3, 3, 3, 3, 3, 3, 3, 3, 3, 3, 3]
                int[] faceVertexIndices = [0, 1, 2, 0, 2, 3, 0, 3, 4, 0, 4, 5, 0, 5, 6, 0, 6, 7, 0, 7, 8, 0, 8, 9, 0, 9, 10, 0, 10, 11, 0, 11, 12, 0, 12, 13, 0, 13, 14, 0, 14, 15]
                rel material:binding = </Plant_1/Materials/Leaf>
                uniform token physics:approximation = "convexHull"
                point3f[] points = [(0, 0, 0), (0.006773839, 0.006413367, 0), (0.01197223, 0.012826734, 0), (0.014931451, 0.019240102, 0), (0.015392081, 0.025653468, 0), (0.013509408, 0.032066837, 0), (0.009795461, 0.038480204, 0), (0.00500675, 0.04489357, 0), (0, 0.051306937, 0), (-0.00500675, 0.04489357, 0), (-0.009795461, 0.038480204, 0), (-0.013509408, 0.032066837, 0), (-0.015392081, 0.025653468, 0), (-0.014931451, 0.019240102, 0), (-0.01197223, 0.012826734, 0), (-0.006773839, 0.006413367, 0)]
                uniform token subdivisionScheme = "none"
                matrix4d xformOp:transform = ( (1.2246467991473532e-16, 1, -0, 0), (-0.9396926207859084, 1.1507915602278503e-16, 0.3420201433256687, 0), (0.3420201433256687, -4.188538737676992e-17, 0.9396926207859084, 0), (-0.13000625325796455, 1.5921174192150642e-17, 0.08315051945437259, 1) )
                uniform token[] xformOpOrder = ["xformOp:transform"]
            }
        }
    }

    def "Joints"
    {
        def PhysicsSphericalJoint "Joint_Leaf_o1_r2_i0" (
            prepend apiSchemas = ["PhysicsDriveAPI:rotX", "PhysicsDriveAPI:rotY", "PhysicsDriveAPI:rotZ"]
        )
        {
            float drive:rotX:physics:damping = 0.5
            float drive:rotX:physics:stiffness = 5
            float drive:rotX:physics:targetPosition = 0
            uniform token drive:rotX:physics:type = "force"
            float drive:rotY:physics:damping = 0.5
            float drive:rotY:physics:stiffness = 5
            float drive:rotY:physics:targetPosition = 0
            uniform token drive:rotY:physics:type = "force"
            float drive:rotZ:physics:damping = 0.5
            float drive:rotZ:physics:stiffness = 5
            float drive:rotZ:physics:targetPosition = 0
            uniform token drive:rotZ:physics:type = "force"
            rel physics:body0 = </Plant_1/Stem/Internode_o1_r2>
            rel physics:body1 = </Plant_1/Leaves/Leaf_o1_r2_i0>
            float physics:coneAngle0Limit = 45
            float physics:coneAngle1Limit = 45
            point3f physics:localPos0 = (0, 0, 0.006901574)
            point3f physics:localPos1 = (0, 0, 0.046865784)
        }

        def PhysicsSphericalJoint "Joint_Leaf_o0_r8_i0" (
            prepend apiSchemas = ["PhysicsDriveAPI:rotX", "PhysicsDriveAPI:rotY", "PhysicsDriveAPI:rotZ"]
        )
        {
            float drive:rotX:physics:damping = 0.5
            float drive:rotX:physics:stiffness = 5
            float drive:rotX:physics:targetPosition = 0
            uniform token drive:rotX:physics:type = "force"
            float drive:rotY:physics:damping = 0.5
            float drive:rotY:physics:stiffness = 5
            float drive:rotY:physics:targetPosition = 0
            uniform token drive:rotY:physics:type = "force"
            float drive:rotZ:physics:damping = 0.5
            float drive:rotZ:physics:stiffness = 5
            float drive:rotZ:physics:targetPosition = 0
            uniform token drive:rotZ:physics:type = "force"
            rel physics:body0 = </Plant_1/Stem/Internode_o0_r8>
            rel physics:body1 = </Plant_1/Leaves/Leaf_o0_r8_i0>
            float physics:coneAngle0Limit = 45
            float physics:coneAngle1Limit = 45
            point3f physics:localPos0 = (0, 0, 0.01176226)
            point3f physics:localPos1 = (0, 0, 0.17550504)
        }

        def PhysicsSphericalJoint "Joint_Leaf_o1_r2_i1" (
            prepend apiSchemas = ["PhysicsDriveAPI:rotX", "PhysicsDriveAPI:rotY", "PhysicsDriveAPI:rotZ"]
        )
        {
            float drive:rotX:physics:damping = 0.5
            float drive:rotX:physics:stiffness = 5
            float drive:rotX:physics:targetPosition = 0
            uniform token drive:rotX:physics:type = "force"
            float drive:rotY:physics:damping = 0.5
            float drive:rotY:physics:stiffness = 5
            float drive:rotY:physics:targetPosition = 0
            uniform token drive:rotY:physics:type = "force"
            float drive:rotZ:physics:damping = 0.5
            float drive:rotZ:physics:stiffness = 5
            float drive:rotZ:physics:targetPosition = 0
            uniform token drive:rotZ:physics:type = "force"
            rel physics:body0 = </Plant_1/Stem/Internode_o1_r2>
            rel physics:body1 = </Plant_1/Leaves/Leaf_o1_r2_i1>
            float physics:coneAngle0Limit = 45
            float physics:coneAngle1Limit = 45
            point3f physics:localPos0 = (0, 0, 0.010905618)
            point3f physics:localPos1 = (0, 0, 0.058554426)
        }

        def PhysicsSphericalJoint "Joint_Leaf_o1_r2_i2" (
            prepend apiSchemas = ["PhysicsDriveAPI:rotX", "PhysicsDriveAPI:rotY", "PhysicsDriveAPI:rotZ"]
        )
        {
            float drive:rotX:physics:damping = 0.5
            float drive:rotX:physics:stiffness = 5
            float drive:rotX:physics:targetPosition = 0
            uniform token drive:rotX:physics:type = "force"
            float drive:rotY:physics:damping = 0.5
            float drive:rotY:physics:stiffness = 5
            float drive:rotY:physics:targetPosition = 0
            uniform token drive:rotY:physics:type = "force"
            float drive:rotZ:physics:damping = 0.5
            float drive:rotZ:physics:stiffness = 5
            float drive:rotZ:physics:targetPosition = 0
            uniform token drive:rotZ:physics:type = "force"
            rel physics:body0 = </Plant_1/Stem/Internode_o1_r2>
            rel physics:body1 = </Plant_1/Leaves/Leaf_o1_r2_i2>
            float physics:coneAngle0Limit = 45
            float physics:coneAngle1Limit = 45
            point3f physics:localPos0 = (0, 0, 0.010905618)
            point3f physics:localPos1 = (0, 0, 0.058554426)
        }

        def PhysicsSphericalJoint "Joint_Leaf_o1_r2_i3" (
            prepend apiSchemas = ["PhysicsDriveAPI:rotX", "PhysicsDriveAPI:rotY", "PhysicsDriveAPI:rotZ"]
        )
        {
            float drive:rotX:physics:damping = 0.5
            float drive:rotX:physics:stiffness = 5
            float drive:rotX:physics:targetPosition = 0
            uniform token drive:rotX:physics:type = "force"
            float drive:rotY:physics:damping = 0.5
            float drive:rotY:physics:stiffness = 5
            float drive:rotY:physics:targetPosition = 0
            uniform token drive:rotY:physics:type = "force"
            float drive:rotZ:physics:damping = 0.5
            float drive:rotZ:physics:stiffness = 5
            float drive:rotZ:physics:targetPosition = 0
            uniform token drive:rotZ:physics:type = "force"
            rel physics:body0 = </Plant_1/Stem/Internode_o1_r2>
            rel physics:body1 = </Plant_1/Leaves/Leaf_o1_r2_i3>
            float physics:coneAngle0Limit = 45
            float physics:coneAngle1Limit = 45
            point3f physics:localPos0 = (0, 0, 0.010905618)
            point3f physics:localPos1 = (0, 0, 0.058554426)
        }

        def PhysicsSphericalJoint "Joint_Leaf_o1_r1_i0" (
            prepend apiSchemas = ["PhysicsDriveAPI:rotX", "PhysicsDriveAPI:rotY", "PhysicsDriveAPI:rotZ"]
        )
        {
            float drive:rotX:physics:damping = 0.5
            float drive:rotX:physics:stiffness = 5
            float drive:rotX:physics:targetPosition = 0
            uniform token drive:rotX:physics:type = "force"
            float drive:rotY:physics:damping = 0.5
            float drive:rotY:physics:stiffness = 5
            float drive:rotY:physics:targetPosition = 0
            uniform token drive:rotY:physics:type = "force"
            float drive:rotZ:physics:damping = 0.5
            float drive:rotZ:physics:stiffness = 5
            float drive:rotZ:physics:targetPosition = 0
            uniform token drive:rotZ:physics:type = "force"
            rel physics:body0 = </Plant_1/Stem/Internode_o1_r1>
            rel physics:body1 = </Plant_1/Leaves/Leaf_o1_r1_i0>
            float physics:coneAngle0Limit = 45
            float physics:coneAngle1Limit = 45
            point3f physics:localPos0 = (0, 0, 0.01189557)
            point3f physics:localPos1 = (0, 0, 0.033062637)
        }

        def PhysicsSphericalJoint "Joint_Leaf_o0_r7_i0" (
            prepend apiSchemas = ["PhysicsDriveAPI:rotX", "PhysicsDriveAPI:rotY", "PhysicsDriveAPI:rotZ"]
        )
        {
            float drive:rotX:physics:damping = 0.5
            float drive:rotX:physics:stiffness = 5
            float drive:rotX:physics:targetPosition = 0
            uniform token drive:rotX:physics:type = "force"
            float drive:rotY:physics:damping = 0.5
            float drive:rotY:physics:stiffness = 5
            float drive:rotY:physics:targetPosition = 0
            uniform token drive:rotY:physics:type = "force"
            float drive:rotZ:physics:damping = 0.5
            float drive:rotZ:physics:stiffness = 5
            float drive:rotZ:physics:targetPosition = 0
            uniform token drive:rotZ:physics:type = "force"
            rel physics:body0 = </Plant_1/Stem/Internode_o0_r7>
            rel physics:body1 = </Plant_1/Leaves/Leaf_o0_r7_i0>
            float physics:coneAngle0Limit = 45
            float physics:coneAngle1Limit = 45
            point3f physics:localPos0 = (0, 0, 0.015468449)
            point3f physics:localPos1 = (0, 0, 0.15198052)
        }

        def PhysicsSphericalJoint "Joint_Leaf_o1_r1_i1" (
            prepend apiSchemas = ["PhysicsDriveAPI:rotX", "PhysicsDriveAPI:rotY", "PhysicsDriveAPI:rotZ"]
        )
        {
            float drive:rotX:physics:damping = 0.5
            float drive:rotX:physics:stiffness = 5
            float drive:rotX:physics:targetPosition = 0
            uniform token drive:rotX:physics:type = "force"
            float drive:rotY:physics:damping = 0.5
            float drive:rotY:physics:stiffness = 5
            float drive:rotY:physics:targetPosition = 0
            uniform token drive:rotY:physics:type = "force"
            float drive:rotZ:physics:damping = 0.5
            float drive:rotZ:physics:stiffness = 5
            float drive:rotZ:physics:targetPosition = 0
            uniform token drive:rotZ:physics:type = "force"
            rel physics:body0 = </Plant_1/Stem/Internode_o1_r1>
            rel physics:body1 = </Plant_1/Leaves/Leaf_o1_r1_i1>
            float physics:coneAngle0Limit = 45
            float physics:coneAngle1Limit = 45
            point3f physics:localPos0 = (0, 0, 0.013735847)
            point3f physics:localPos1 = (0, 0, 0.036743186)
        }

        def PhysicsSphericalJoint "Joint_Leaf_o1_r1_i2" (
            prepend apiSchemas = ["PhysicsDriveAPI:rotX", "PhysicsDriveAPI:rotY", "PhysicsDriveAPI:rotZ"]
        )
        {
            float drive:rotX:physics:damping = 0.5
            float drive:rotX:physics:stiffness = 5
            float drive:rotX:physics:targetPosition = 0
            uniform token drive:rotX:physics:type = "force"
            float drive:rotY:physics:damping = 0.5
            float drive:rotY:physics:stiffness = 5
            float drive:rotY:physics:targetPosition = 0
            uniform token drive:rotY:physics:type = "force"
            float drive:rotZ:physics:damping = 0.5
            float drive:rotZ:physics:stiffness = 5
            float drive:rotZ:physics:targetPosition = 0
            uniform token drive:rotZ:physics:type = "force"
            rel physics:body0 = </Plant_1/Stem/Internode_o1_r1>
            rel physics:body1 = </Plant_1/Leaves/Leaf_o1_r1_i2>
            float physics:coneAngle0Limit = 45
            float physics:coneAngle1Limit = 45
            point3f physics:localPos0 = (0, 0, 0.013735847)
            point3f physics:localPos1 = (0, 0, 0.036743186)
        }

        def PhysicsSphericalJoint "Joint_Leaf_o1_r1_i3" (
            prepend apiSchemas = ["PhysicsDriveAPI:rotX", "PhysicsDriveAPI:rotY", "PhysicsDriveAPI:rotZ"]
        )
        {
            float drive:rotX:physics:damping = 0.5
            float drive:rotX:physics:stiffness = 5
            float drive:rotX:physics:targetPosition = 0
            uniform token drive:rotX:physics:type = "force"
            float drive:rotY:physics:damping = 0.5
            float drive:rotY:physics:stiffness = 5
            float drive:rotY:physics:targetPosition = 0
            uniform token drive:rotY:physics:type = "force"
            float drive:rotZ:physics:damping = 0.5
            float drive:rotZ:physics:stiffness = 5
            float drive:rotZ:physics:targetPosition = 0
            uniform token drive:rotZ:physics:type = "force"
            rel physics:body0 = </Plant_1/Stem/Internode_o1_r1>
            rel physics:body1 = </Plant_1/Leaves/Leaf_o1_r1_i3>
            float physics:coneAngle0Limit = 45
            float physics:coneAngle1Limit = 45
            point3f physics:localPos0 = (0, 0, 0.013735847)
            point3f physics:localPos1 = (0, 0, 0.036743186)
        }

        def PhysicsSphericalJoint "Joint_Leaf_o0_r6_i0" (
            prepend apiSchemas = ["PhysicsDriveAPI:rotX", "PhysicsDriveAPI:rotY", "PhysicsDriveAPI:rotZ"]
        )
        {
            float drive:rotX:physics:damping = 0.5
            float drive:rotX:physics:stiffness = 5
            float drive:rotX:physics:targetPosition = 0
            uniform token drive:rotX:physics:type = "force"
            float drive:rotY:physics:damping = 0.5
            float drive:rotY:physics:stiffness = 5
            float drive:rotY:physics:targetPosition = 0
            uniform token drive:rotY:physics:type = "force"
            float drive:rotZ:physics:damping = 0.5
            float drive:rotZ:physics:stiffness = 5
            float drive:rotZ:physics:targetPosition = 0
            uniform token drive:rotZ:physics:type = "force"
            rel physics:body0 = </Plant_1/Stem/Internode_o0_r6>
            rel physics:body1 = </Plant_1/Leaves/Leaf_o0_r6_i0>
            float physics:coneAngle0Limit = 45
            float physics:coneAngle1Limit = 45
            point3f physics:localPos0 = (0, 0, 0.017367184)
            point3f physics:localPos1 = (0, 0, 0.12104362)
        }

        def PhysicsSphericalJoint "Joint_Leaf_o0_r5_i0" (
            prepend apiSchemas = ["PhysicsDriveAPI:rotX", "PhysicsDriveAPI:rotY", "PhysicsDriveAPI:rotZ"]
        )
        {
            float drive:rotX:physics:damping = 0.5
            float drive:rotX:physics:stiffness = 5
            float drive:rotX:physics:targetPosition = 0
            uniform token drive:rotX:physics:type = "force"
            float drive:rotY:physics:damping = 0.5
            float drive:rotY:physics:stiffness = 5
            float drive:rotY:physics:targetPosition = 0
            uniform token drive:rotY:physics:type = "force"
            float drive:rotZ:physics:damping = 0.5
            float drive:rotZ:physics:stiffness = 5
            float drive:rotZ:physics:targetPosition = 0
            uniform token drive:rotZ:physics:type = "force"
            rel physics:body0 = </Plant_1/Stem/Internode_o0_r5>
            rel physics:body1 = </Plant_1/Leaves/Leaf_o0_r5_i0>
            float physics:coneAngle0Limit = 45
            float physics:coneAngle1Limit = 45
            point3f physics:localPos0 = (0, 0, 0.008167294)
            point3f physics:localPos1 = (0, 0, 0.086309254)
        }

        def PhysicsSphericalJoint "Joint_Leaf_o0_r4_i0" (
            prepend apiSchemas = ["PhysicsDriveAPI:rotX", "PhysicsDriveAPI:rotY", "PhysicsDriveAPI:rotZ"]
        )
        {
            float drive:rotX:physics:damping = 0.5
            float drive:rotX:physics:stiffness = 5
            float drive:rotX:physics:targetPosition = 0
            uniform token drive:rotX:physics:type = "force"
            float drive:rotY:physics:damping = 0.5
            float drive:rotY:physics:stiffness = 5
            float drive:rotY:physics:targetPosition = 0
            uniform token drive:rotY:physics:type = "force"
            float drive:rotZ:physics:damping = 0.5
            float drive:rotZ:physics:stiffness = 5
            float drive:rotZ:physics:targetPosition = 0
            uniform token drive:rotZ:physics:type = "force"
            rel physics:body0 = </Plant_1/Stem/Internode_o0_r4>
            rel physics:body1 = </Plant_1/Leaves/Leaf_o0_r4_i0>
            float physics:coneAngle0Limit = 45
            float physics:coneAngle1Limit = 45
            point3f physics:localPos0 = (0, 0, 0.00854675)
            point3f physics:localPos1 = (0, 0, 0.06997467)
        }

        def PhysicsSphericalJoint "Joint_Leaf_o0_r3_i0" (
            prepend apiSchemas = ["PhysicsDriveAPI:rotX", "PhysicsDriveAPI:rotY", "PhysicsDriveAPI:rotZ"]
        )
        {
            float drive:rotX:physics:damping = 0.5
            float drive:rotX:physics:stiffness = 5
            float drive:rotX:physics:targetPosition = 0
            uniform token drive:rotX:physics:type = "force"
            float drive:rotY:physics:damping = 0.5
            float drive:rotY:physics:stiffness = 5
            float drive:rotY:physics:targetPosition = 0
            uniform token drive:rotY:physics:type = "force"
            float drive:rotZ:physics:damping = 0.5
            float drive:rotZ:physics:stiffness = 5
            float drive:rotZ:physics:targetPosition = 0
            uniform token drive:rotZ:physics:type = "force"
            rel physics:body0 = </Plant_1/Stem/Internode_o0_r3>
            rel physics:body1 = </Plant_1/Leaves/Leaf_o0_r3_i0>
            float physics:coneAngle0Limit = 45
            float physics:coneAngle1Limit = 45
            point3f physics:localPos0 = (0, 0, 0.008524526)
            point3f physics:localPos1 = (0, 0, 0.052881166)
        }

        def PhysicsSphericalJoint "Joint_Leaf_o0_r0_i0" (
            prepend apiSchemas = ["PhysicsDriveAPI:rotX", "PhysicsDriveAPI:rotY", "PhysicsDriveAPI:rotZ"]
        )
        {
            float drive:rotX:physics:damping = 0.5
            float drive:rotX:physics:stiffness = 5
            float drive:rotX:physics:targetPosition = 0
            uniform token drive:rotX:physics:type = "force"
            float drive:rotY:physics:damping = 0.5
            float drive:rotY:physics:stiffness = 5
            float drive:rotY:physics:targetPosition = 0
            uniform token drive:rotY:physics:type = "force"
            float drive:rotZ:physics:damping = 0.5
            float drive:rotZ:physics:stiffness = 5
            float drive:rotZ:physics:targetPosition = 0
            uniform token drive:rotZ:physics:type = "force"
            rel physics:body0 = </Plant_1/Stem/Internode_o0_r0>
            rel physics:body1 = </Plant_1/Leaves/Leaf_o0_r0_i0>
            float physics:coneAngle0Limit = 45
            float physics:coneAngle1Limit = 45
            point3f physics:localPos0 = (0, 0, 0.0046357475)
            point3f physics:localPos1 = (0, 0, 0.009271495)
        }

        def PhysicsSphericalJoint "Joint_Leaf_o0_r1_i0" (
            prepend apiSchemas = ["PhysicsDriveAPI:rotX", "PhysicsDriveAPI:rotY", "PhysicsDriveAPI:rotZ"]
        )
        {
            float drive:rotX:physics:damping = 0.5
            float drive:rotX:physics:stiffness = 5
            float drive:rotX:physics:targetPosition = 0
            uniform token drive:rotX:physics:type = "force"
            float drive:rotY:physics:damping = 0.5
            float drive:rotY:physics:stiffness = 5
            float drive:rotY:physics:targetPosition = 0
            uniform token drive:rotY:physics:type = "force"
            float drive:rotZ:physics:damping = 0.5
            float drive:rotZ:physics:stiffness = 5
            float drive:rotZ:physics:targetPosition = 0
            uniform token drive:rotZ:physics:type = "force"
            rel physics:body0 = </Plant_1/Stem/Internode_o0_r1>
            rel physics:body1 = </Plant_1/Leaves/Leaf_o0_r1_i0>
            float physics:coneAngle0Limit = 45
            float physics:coneAngle1Limit = 45
            point3f physics:localPos0 = (0, 0, 0.005019568)
            point3f physics:localPos1 = (0, 0, 0.01931063)
        }

        def PhysicsSphericalJoint "Joint_Leaf_o0_r2_i0" (
            prepend apiSchemas = ["PhysicsDriveAPI:rotX", "PhysicsDriveAPI:rotY", "PhysicsDriveAPI:rotZ"]
        )
        {
            float drive:rotX:physics:damping = 0.5
            float drive:rotX:physics:stiffness = 5
            float drive:rotX:physics:targetPosition = 0
            uniform token drive:rotX:physics:type = "force"
            float drive:rotY:physics:damping = 0.5
            float drive:rotY:physics:stiffness = 5
            float drive:rotY:physics:targetPosition = 0
            uniform token drive:rotY:physics:type = "force"
            float drive:rotZ:physics:damping = 0.5
            float drive:rotZ:physics:stiffness = 5
            float drive:rotZ:physics:targetPosition = 0
            uniform token drive:rotZ:physics:type = "force"
            rel physics:body0 = </Plant_1/Stem/Internode_o0_r2>
            rel physics:body1 = </Plant_1/Leaves/Leaf_o0_r2_i0>
            float physics:coneAngle0Limit = 45
            float physics:coneAngle1Limit = 45
            point3f physics:localPos0 = (0, 0, 0.008260741)
            point3f physics:localPos1 = (0, 0, 0.035832115)
        }
    }

    def Xform "Trusses"
    {
        def Xform "Truss_r6_i0"
        {
            def Cylinder "Rachis_0"
            {
                uniform token axis = "Z"
                double height = 0.012
                rel material:binding = </Plant_1/Materials/Pedicel>
                double radius = 0.00075
                matrix4d xformOp:transform = ( (-0.9659258262890682, -0.25881904510252085, 0, 0), (0.1830127018922194, -0.6830127018922193, 0.7071067811865475, 0), (-0.18301270189221938, 0.6830127018922193, 0.7071067811865476, 0), (-0.0010980762113533163, 0.004098076211353316, 0.1252862636871193, 1) )
                uniform token[] xformOpOrder = ["xformOp:transform"]
            }

            def Cylinder "Pedicel_0"
            {
                uniform token axis = "Z"
                double height = 0.003
                rel material:binding = </Plant_1/Materials/Pedicel>
                double radius = 0.0006000000000000001
                matrix4d xformOp:transform = ( (-0.25881904510252085, 0.9659258262890683, 0, 0), (0, 0, 1.0000000000000002, 0), (0.9659258262890683, 0.25881904510252085, -0, 0), (-0.0007472636832730301, 0.008584380990360413, 0.12952890437423856, 1) )
                uniform token[] xformOpOrder = ["xformOp:transform"]
            }

            def Sphere "Fruit_0" (
                prepend apiSchemas = ["PhysicsRigidBodyAPI", "PhysicsMassAPI", "PhysicsCollisionAPI"]
            )
            {
                rel material:binding = </Plant_1/Materials/FruitUnripe>
                bool physics:kinematicEnabled = 1
                float physics:mass = 0.00239765
                double radius = 0.0081690075
                matrix4d xformOp:transform = ( (1, 0, 0, 0), (0, 1, 0, 0), (0, 0, 1, 0), (0.008592280375559671, 0.011086904278599525, 0.12952890437423856, 1) )
                uniform token[] xformOpOrder = ["xformOp:transform"]
            }

            def Cylinder "Rachis_1"
            {
                uniform token axis = "Z"
                double height = 0.012
                rel material:binding = </Plant_1/Materials/Pedicel>
                double radius = 0.00075
                matrix4d xformOp:transform = ( (-0.9659258262890683, -0.25881904510252085, 0, 0), (0.1521300177236822, -0.5677569555011356, 0.8090169943749475, 0), (-0.20938900595583537, 0.7814504087735197, 0.5877852522924731, 0), (-0.0034524864584416447, 0.01288485487534775, 0.1330556158879934, 1) )
                uniform token[] xformOpOrder = ["xformOp:transform"]
            }

            def Cylinder "Pedicel_1"
            {
                uniform token axis = "Z"
                double height = 0.003
                rel material:binding = </Plant_1/Materials/Pedicel>
                double radius = 0.0006000000000000001
                matrix4d xformOp:transform = ( (0.25881904510252085, -0.9659258262890683, 0, 0), (0, 0, 1.0000000000000002, 0), (-0.9659258262890683, -0.25881904510252085, 0, 0), (-0.0061577092336102595, 0.017185328760335086, 0.13658232740174825, 1) )
                uniform token[] xformOpOrder = ["xformOp:transform"]
            }

            def Sphere "Fruit_1" (
                prepend apiSchemas = ["PhysicsRigidBodyAPI", "PhysicsMassAPI", "PhysicsCollisionAPI"]
            )
            {
                rel material:binding = </Plant_1/Materials/FruitUnripe>
                bool physics:kinematicEnabled = 1
                float physics:mass = 0.0014134368
                double radius = 0.006849615
                matrix4d xformOp:transform = ( (1, 0, 0, 0), (0, 1, 0, 0), (0, 0, 1, 0), (-0.014222818001680857, 0.015024289379061403, 0.13658232740174825, 1) )
                uniform token[] xformOpOrder = ["xformOp:transform"]
            }

            def Cylinder "Pedicel_2"
            {
                uniform token axis = "Z"
                double height = 0.003
                rel material:binding = </Plant_1/Materials/Pedicel>
                double radius = 0.0006000000000000001
                matrix4d xformOp:transform = ( (-0.9659258262890683, -0.25881904510252085, 0, 0), (0.1521300177236822, -0.5677569555011356, 0.8090169943749475, 0), (-0.20938900595583537, 0.7814504087735197, 0.5877852522924731, 0), (-0.00502290400311041, 0.01874573294114915, 0.13746400528018696, 1) )
                uniform token[] xformOpOrder = ["xformOp:transform"]
            }

            def Sphere "Fruit_2" (
                prepend apiSchemas = ["PhysicsRigidBodyAPI", "PhysicsMassAPI", "PhysicsCollisionAPI"]
            )
            {
                rel material:binding = </Plant_1/Materials/FruitUnripe>
                bool physics:kinematicEnabled = 1
                float physics:mass = 0.00021362003
                double radius = 0.0036485589
                matrix4d xformOp:transform = ( (1, 0, 0, 0), (0, 1, 0, 0), (0, 0, 1, 0), (-0.00610095563328648, 0.02276907639814869, 0.1404902522721661, 1) )
                uniform token[] xformOpOrder = ["xformOp:transform"]
            }
        }

        def Xform "Truss_r7_i0"
        {
            def Cylinder "Rachis_0"
            {
                uniform token axis = "Z"
                double height = 0.012
                rel material:binding = </Plant_1/Materials/Pedicel>
                double radius = 0.00075
                matrix4d xformOp:transform = ( (0.8870108331782215, -0.46174861323503436, 0, 0), (0.32650557562197724, 0.6272113751262499, 0.7071067811865475, 0), (-0.3265055756219772, -0.6272113751262498, 0.7071067811865476, 0), (-0.001959033453731863, -0.0037632682507574987, 0.15622316268711928, 1) )
                uniform token[] xformOpOrder = ["xformOp:transform"]
            }

            def Cylinder "Pedicel_0"
            {
                uniform token axis = "Z"
                double height = 0.003
                rel material:binding = </Plant_1/Materials/Pedicel>
                double radius = 0.0006000000000000001
                matrix4d xformOp:transform = ( (-0.46174861323503436, -0.8870108331782215, 0, 0), (0, 0, 1, 0), (-0.8870108331782215, 0.46174861323503436, -0, 0), (-0.005248583157231058, -0.006833913581662446, 0.16046580337423855, 1) )
                uniform token[] xformOpOrder = ["xformOp:transform"]
            }

            def Sphere "Fruit_0" (
                prepend apiSchemas = ["PhysicsRigidBodyAPI", "PhysicsMassAPI", "PhysicsCollisionAPI"]
            )
            {
                rel material:binding = </Plant_1/Materials/FruitUnripe>
                bool physics:kinematicEnabled = 1
                float physics:mass = 0.0005555789
                double radius = 0.005017522
                matrix4d xformOp:transform = ( (1, 0, 0, 0), (0, 1, 0, 0), (0, 0, 1, 0), (-0.011029695776708447, -0.0038244568364336185, 0.16046580337423855, 1) )
                uniform token[] xformOpOrder = ["xformOp:transform"]
            }
        }
    }
}

