#usda 1.0
(
    defaultPrim = "Plant_1"
    metersPerUnit = 1
    upAxis = "Z"
)

def Xform "Plant_1" (
    prepend apiSchemas = ["PhysicsArticulationRootAPI"]
)
{
    def Xform "Stem"
    {
        def Cylinder "Internode_o0_r0" (
            prepend apiSchemas = ["PhysicsCollisionAPI"]
        )
        {
            uniform token axis = "Z"
            double height = 0.009271495
            rel material:binding = </Plant_1/Materials/Stem>
            double radius = 0.00322005907192895
            matrix4d xformOp:transform = ( (1, 0, 0, 0), (0, 1, 0, 0), (0, 0, 1, 0), (0, 0, 0.0046357475, 1) )
            uniform token[] xformOpOrder = ["xformOp:transform"]
        }

        def Cylinder "Internode_o0_r1" (
            prepend apiSchemas = ["PhysicsCollisionAPI"]
        )
        {
            uniform token axis = "Z"
            double height = 0.010039136
            rel material:binding = </Plant_1/Materials/Stem>
            double radius = 0.00334230173118215
            matrix4d xformOp:transform = ( (1, 0, 0, 0), (0, 1, 0, 0), (0, 0, 1, 0), (0, 0, 0.014291063, 1) )
            uniform token[] xformOpOrder = ["xformOp:transform"]
        }

        def Cylinder "Internode_o0_r2" (
            prepend apiSchemas = ["PhysicsCollisionAPI"]
        )
        {
            uniform token axis = "Z"
            double height = 0.016521482
            rel material:binding = </Plant_1/Materials/Stem>
            double radius = 0.00422072051203
            matrix4d xformOp:transform = ( (1, 0, 0, 0), (0, 1, 0, 0), (0, 0, 1, 0), (0, 0, 0.027571372000000004, 1) )
            uniform token[] xformOpOrder = ["xformOp:transform"]
        }

        def Cylinder "Internode_o0_r3" (
            prepend apiSchemas = ["PhysicsCollisionAPI"]
        )
        {
            uniform token axis = "Z"
            double height = 0.017101102
            rel material:binding = </Plant_1/Materials/Stem>
            double radius = 0.00428944428698625
            matrix4d xformOp:transform = ( (1, 0, 0, 0), (0, 1, 0, 0), (0, 0, 1, 0), (0, 0, 0.044382664, 1) )
            uniform token[] xformOpOrder = ["xformOp:transform"]
        }

        def Cylinder "Internode_o0_r4" (
            prepend apiSchemas = ["PhysicsCollisionAPI"]
        )
        {
            uniform token axis = "Z"
            double height = 0.017163334
            rel material:binding = </Plant_1/Materials/Stem>
            double radius = 0.0042967489964745
            matrix4d xformOp:transform = ( (1, 0, 0, 0), (0, 1, 0, 0), (0, 0, 1, 0), (0, 0, 0.061514882, 1) )
            uniform token[] xformOpOrder = ["xformOp:transform"]
        }

        def Cylinder "Internode_o0_r5" (
            prepend apiSchemas = ["PhysicsCollisionAPI"]
        )
        {
            uniform token axis = "Z"
            double height = 0.017294025
            rel material:binding = </Plant_1/Materials/Stem>
            double radius = 0.0043120431971284
            matrix4d xformOp:transform = ( (1, 0, 0, 0), (0, 1, 0, 0), (0, 0, 1, 0), (0, 0, 0.07874356149999999, 1) )
            uniform token[] xformOpOrder = ["xformOp:transform"]
        }

        def Cylinder "Internode_o0_r6" (
            prepend apiSchemas = ["PhysicsCollisionAPI"]
        )
        {
            uniform token axis = "Z"
            double height = 0.039448373
            rel material:binding = </Plant_1/Materials/Stem>
            double radius = 0.00434767394686195
            matrix4d xformOp:transform = ( (1, 0, 0, 0), (0, 1, 0, 0), (0, 0, 1, 0), (0, 0, 0.1071147605, 1) )
            uniform token[] xformOpOrder = ["xformOp:transform"]
        }

        def Cylinder "Internode_o0_r7" (
            prepend apiSchemas = ["PhysicsCollisionAPI"]
        )
        {
            uniform token axis = "Z"
            double height = 0.03981448
            rel material:binding = </Plant_1/Materials/Stem>
            double radius = 0.00436859013986725
            matrix4d xformOp:transform = ( (1, 0, 0, 0), (0, 1, 0, 0), (0, 0, 1, 0), (0, 0, 0.146746187, 1) )
            uniform token[] xformOpOrder = ["xformOp:transform"]
        }

        def Cylinder "Internode_o0_r8" (
            prepend apiSchemas = ["PhysicsCollisionAPI"]
        )
        {
            uniform token axis = "Z"
            double height = 0.039329436
            rel material:binding = </Plant_1/Materials/Stem>
            double radius = 0.00434085888319895
            matrix4d xformOp:transform = ( (1, 0, 0, 0), (0, 1, 0, 0), (0, 0, 1, 0), (0, 0, 0.18631814500000002, 1) )
            uniform token[] xformOpOrder = ["xformOp:transform"]
        }

        def Cylinder "Internode_o0_r9" (
            prepend apiSchemas = ["PhysicsCollisionAPI"]
        )
        {
            uniform token axis = "Z"
            double height = 0.035015102
            rel material:binding = </Plant_1/Materials/Stem>
            double radius = 0.0040865700624713
            matrix4d xformOp:transform = ( (1, 0, 0, 0), (0, 1, 0, 0), (0, 0, 1, 0), (0, 0, 0.22349041400000003, 1) )
            uniform token[] xformOpOrder = ["xformOp:transform"]
        }

        def Cylinder "Internode_o1_r1" (
            prepend apiSchemas = ["PhysicsCollisionAPI"]
        )
        {
            uniform token axis = "Z"
            double height = 0.032656483
            rel material:binding = </Plant_1/Materials/Stem>
            double radius = 0.0039411635741157
            matrix4d xformOp:transform = ( (1, 0, 0, 0), (0, 1, 0, 0), (0, 0, 1, 0), (0, 0, 0.025599736499999998, 1) )
            uniform token[] xformOpOrder = ["xformOp:transform"]
        }

        def Cylinder "Internode_o1_r2" (
            prepend apiSchemas = ["PhysicsCollisionAPI"]
        )
        {
            uniform token axis = "Z"
            double height = 0.032547664
            rel material:binding = </Plant_1/Materials/Stem>
            double radius = 0.0039343350476089
            matrix4d xformOp:transform = ( (1, 0, 0, 0), (0, 1, 0, 0), (0, 0, 1, 0), (0, 0, 0.05820180999999999, 1) )
            uniform token[] xformOpOrder = ["xformOp:transform"]
        }

        def Cylinder "Internode_o1_r3" (
            prepend apiSchemas = ["PhysicsCollisionAPI"]
        )
        {
            uniform token axis = "Z"
            double height = 0.031359546
            rel material:binding = </Plant_1/Materials/Stem>
            double radius = 0.0038590543668479
            matrix4d xformOp:transform = ( (1, 0, 0, 0), (0, 1, 0, 0), (0, 0, 1, 0), (0, 0, 0.09015541499999999, 1) )
            uniform token[] xformOpOrder = ["xformOp:transform"]
        }

        def Cylinder "Internode_o1_r4" (
            prepend apiSchemas = ["PhysicsCollisionAPI"]
        )
        {
            uniform token axis = "Z"
            double height = 0.028797831
            rel material:binding = </Plant_1/Materials/Stem>
            double radius = 0.00369192682053065
            matrix4d xformOp:transform = ( (1, 0, 0, 0), (0, 1, 0, 0), (0, 0, 1, 0), (0, 0, 0.1202341035, 1) )
            uniform token[] xformOpOrder = ["xformOp:transform"]
        }
    }

    def Xform "Roots"
    {
        def Sphere "Root"
        {
            rel material:binding = </Plant_1/Materials/Root>
            double radius = 0.005
            matrix4d xformOp:transform = ( (1, 0, 0, 0), (0, 1, 0, 0), (0, 0, 1, 0), (0, 0, -0.005, 1) )
            uniform token[] xformOpOrder = ["xformOp:transform"]
        }
    }

    def Xform "Materials"
    {
        def Material "Stem"
        {
            token outputs:surface.connect = </Plant_1/Materials/Stem/Shader.outputs:surface>

            def Shader "Shader"
            {
                uniform token info:id = "UsdPreviewSurface"
                color3f inputs:diffuseColor = (0.45, 0.3, 0.1)
                float inputs:metallic = 0
                float inputs:roughness = 0.6
                token outputs:surface
            }
        }

        def Material "Root"
        {
            token outputs:surface.connect = </Plant_1/Materials/Root/Shader.outputs:surface>

            def Shader "Shader"
            {
                uniform token info:id = "UsdPreviewSurface"
                color3f inputs:diffuseColor = (0.55, 0.35, 0.15)
                float inputs:metallic = 0
                float inputs:roughness = 0.6
                token outputs:surface
            }
        }

        def Material "Leaf"
        {
            token outputs:surface.connect = </Plant_1/Materials/Leaf/Shader.outputs:surface>

            def Shader "Shader"
            {
                uniform token info:id = "UsdPreviewSurface"
                color3f inputs:diffuseColor = (0.15, 0.55, 0.1)
                float inputs:metallic = 0
                float inputs:roughness = 0.6
                token outputs:surface
            }
        }

        def Material "Pedicel"
        {
            token outputs:surface.connect = </Plant_1/Materials/Pedicel/Shader.outputs:surface>

            def Shader "Shader"
            {
                uniform token info:id = "UsdPreviewSurface"
                color3f inputs:diffuseColor = (0.2, 0.5, 0.1)
                float inputs:metallic = 0
                float inputs:roughness = 0.6
                token outputs:surface
            }
        }

        def Material "FruitRipe"
        {
            token outputs:surface.connect = </Plant_1/Materials/FruitRipe/Shader.outputs:surface>

            def Shader "Shader"
            {
                uniform token info:id = "UsdPreviewSurface"
                color3f inputs:diffuseColor = (0.9, 0.17, 0.1)
                float inputs:metallic = 0
                float inputs:roughness = 0.6
                token outputs:surface
            }
        }

        def Material "FruitUnripe"
        {
            token outputs:surface.connect = </Plant_1/Materials/FruitUnripe/Shader.outputs:surface>

            def Shader "Shader"
            {
                uniform token info:id = "UsdPreviewSurface"
                color3f inputs:diffuseColor = (0.45, 0.58, 0.25)
                float inputs:metallic = 0
                float inputs:roughness = 0.6
                token outputs:surface
            }
        }
    }

    def Xform "Leaves"
    {
        def Xform "Leaf_o1_r4_i0" (
            prepend apiSchemas = ["PhysicsRigidBodyAPI", "PhysicsMassAPI", "PhysicsFilteredPairsAPI"]
        )
        {
            prepend rel physics:filteredPairs = </Plant_1/Stem/Internode_o1_r4>
            float physics:mass = 0.05

            def Cylinder "Petiole" (
                prepend apiSchemas = ["PhysicsCollisionAPI"]
            )
            {
                uniform token axis = "Z"
                double height = 0.02107683
                rel material:binding = </Plant_1/Materials/Leaf>
                double radius = 0.0018939554
                matrix4d xformOp:transform = ( (0.17364817766693047, -0.984807753012208, 0, 0), (0.33682408883346515, 0.05939117461388475, 0.9396926207859084, 0), (-0.9254165783983234, -0.16317591116653496, 0.3420201433256687, 0), (-0.009752423951041568, -0.0017196154698760795, 0.13302383220872535, 1) )
                uniform token[] xformOpOrder = ["xformOp:transform"]
            }

            def Cylinder "Rachis" (
                prepend apiSchemas = ["PhysicsCollisionAPI"]
            )
            {
                uniform token axis = "Z"
                double height = 0.04529679
                rel material:binding = </Plant_1/Materials/Leaf>
                double radius = 0.00113637324
                matrix4d xformOp:transform = ( (0.17364817766693047, -0.984807753012208, 0, 0), (0.33682408883346515, 0.05939117461388475, 0.9396926207859084, 0), (-0.9254165783983234, -0.16317591116653496, 0.3420201433256687, 0), (-0.040464048109196835, -0.007134903430336754, 0.1443743897214471, 1) )
                uniform token[] xformOpOrder = ["xformOp:transform"]
            }

            def Cylinder "Petiolule_0" (
                prepend apiSchemas = ["PhysicsCollisionAPI"]
            )
            {
                uniform token axis = "Z"
                double height = 0.01
                rel material:binding = </Plant_1/Materials/Leaf>
                double radius = 0.00075758216
                matrix4d xformOp:transform = ( (0.8808442376695917, -0.4734061986965059, 0, 0), (0.10407660610058059, 0.19365035568255418, 0.9755345200486781, 0), (-0.4618240888334651, -0.8592939606326491, 0.2198463103929542, 0), (-0.021813968346250462, -0.007735700742915404, 0.13772741396941549, 1) )
                uniform token[] xformOpOrder = ["xformOp:transform"]
            }

            def Mesh "Blade_0" (
                prepend apiSchemas = ["PhysicsCollisionAPI", "PhysicsMeshCollisionAPI"]
            )
            {
                int[] faceVertexCounts = [3, 3, 3, 3, 3, 3, 3, 3, 3, 3, 3, 3, 3, 3]
                int[] faceVertexIndices = [0, 1, 2, 0, 2, 3, 0, 3, 4, 0, 4, 5, 0, 5, 6, 0, 6, 7, 0, 7, 8, 0, 8, 9, 0, 9, 10, 0, 10, 11, 0, 11, 12, 0, 12, 13, 0, 13, 14, 0, 14, 15]
                rel material:binding = </Plant_1/Materials/Leaf>
                uniform token physics:approximation = "convexHull"
                point3f[] points = [(0, 0, 0), (0.0017518025, 0.0016585799, 0), (0.0030961738, 0.0033171598, 0), (0.0038614667, 0.00497574, 0), (0.003980592, 0.0066343197, 0), (0.0034937079, 0.0082928995, 0), (0.002533233, 0.00995148, 0), (0.0012948106, 0.011610059, 0), (0, 0.013268639, 0), (-0.0012948106, 0.011610059, 0), (-0.002533233, 0.00995148, 0), (-0.0034937079, 0.0082928995, 0), (-0.003980592, 0.0066343197, 0), (-0.0038614667, 0.00497574, 0), (-0.0030961738, 0.0033171598, 0), (-0.0017518025, 0.0016585799, 0)]
                uniform token subdivisionScheme = "none"
                matrix4d xformOp:transform = ( (-0.8808442376695917, 0.4734061986965059, 0, 0), (-0.4618240888334651, -0.8592939606326491, 0.2198463103929542, 0), (0.10407660610058059, 0.19365035568255418, 0.9755345200486781, 0), (-0.024123088790417788, -0.012032170546078651, 0.13882664552138027, 1) )
                uniform token[] xformOpOrder = ["xformOp:transform"]
            }

            def Cylinder "Petiolule_1" (
                prepend apiSchemas = ["PhysicsCollisionAPI"]
            )
            {
                uniform token axis = "Z"
                double height = 0.01
                rel material:binding = </Plant_1/Materials/Leaf>
                double radius = 0.00075758216
                matrix4d xformOp:transform = ( (-0.665808374270465, -0.7461227839647576, 0, 0), (0.1640323411547712, -0.14637551451209285, 0.9755345200486782, 0), (-0.7278685319524434, 0.6495190528383288, 0.2198463103929542, 0), (-0.023144190561845353, -0.00019163567556051498, 0.13772741396941549, 1) )
                uniform token[] xformOpOrder = ["xformOp:transform"]
            }

            def Mesh "Blade_1" (
                prepend apiSchemas = ["PhysicsCollisionAPI", "PhysicsMeshCollisionAPI"]
            )
            {
                int[] faceVertexCounts = [3, 3, 3, 3, 3, 3, 3, 3, 3, 3, 3, 3, 3, 3]
                int[] faceVertexIndices = [0, 1, 2, 0, 2, 3, 0, 3, 4, 0, 4, 5, 0, 5, 6, 0, 6, 7, 0, 7, 8, 0, 8, 9, 0, 9, 10, 0, 10, 11, 0, 11, 12, 0, 12, 13, 0, 13, 14, 0, 14, 15]
                rel material:binding = </Plant_1/Materials/Leaf>
                uniform token physics:approximation = "convexHull"
                point3f[] points = [(0, 0, 0), (0.0017518025, 0.0016585799, 0), (0.0030961738, 0.0033171598, 0), (0.0038614667, 0.00497574, 0), (0.003980592, 0.0066343197, 0), (0.0034937079, 0.0082928995, 0), (0.002533233, 0.00995148, 0), (0.0012948106, 0.011610059, 0), (0, 0.013268639, 0), (-0.0012948106, 0.011610059, 0), (-0.002533233, 0.00995148, 0), (-0.0034937079, 0.0082928995, 0), (-0.003980592, 0.0066343197, 0), (-0.0038614667, 0.00497574, 0), (-0.0030961738, 0.0033171598, 0), (-0.0017518025, 0.0016585799, 0)]
                uniform token subdivisionScheme = "none"
                matrix4d xformOp:transform = ( (0.665808374270465, 0.7461227839647576, -0, 0), (-0.7278685319524434, 0.6495190528383288, 0.2198463103929542, 0), (0.1640323411547712, -0.14637551451209285, 0.9755345200486782, 0), (-0.02678353322160757, 0.003055959588631129, 0.13882664552138027, 1) )
                uniform token[] xformOpOrder = ["xformOp:transform"]
            }

            def Cylinder "Petiolule_2" (
                prepend apiSchemas = ["PhysicsCollisionAPI"]
            )
            {
                uniform token axis = "Z"
                double height = 0.01
                rel material:binding = </Plant_1/Materials/Leaf>
                double radius = 0.00075758216
                matrix4d xformOp:transform = ( (0.8808442376695917, -0.4734061986965059, 0, 0), (0.10407660610058059, 0.19365035568255418, 0.9755345200486781, 0), (-0.4618240888334651, -0.8592939606326491, 0.2198463103929542, 0), (-0.04632133139201563, -0.012057010073901388, 0.14678496925544038, 1) )
                uniform token[] xformOpOrder = ["xformOp:transform"]
            }

            def Mesh "Blade_2" (
                prepend apiSchemas = ["PhysicsCollisionAPI", "PhysicsMeshCollisionAPI"]
            )
            {
                int[] faceVertexCounts = [3, 3, 3, 3, 3, 3, 3, 3, 3, 3, 3, 3, 3, 3]
                int[] faceVertexIndices = [0, 1, 2, 0, 2, 3, 0, 3, 4, 0, 4, 5, 0, 5, 6, 0, 6, 7, 0, 7, 8, 0, 8, 9, 0, 9, 10, 0, 10, 11, 0, 11, 12, 0, 12, 13, 0, 13, 14, 0, 14, 15]
                rel material:binding = </Plant_1/Materials/Leaf>
                uniform token physics:approximation = "convexHull"
                point3f[] points = [(0, 0, 0), (0.0017518025, 0.0016585799, 0), (0.0030961738, 0.0033171598, 0), (0.0038614667, 0.00497574, 0), (0.003980592, 0.0066343197, 0), (0.0034937079, 0.0082928995, 0), (0.002533233, 0.00995148, 0), (0.0012948106, 0.011610059, 0), (0, 0.013268639, 0), (-0.0012948106, 0.011610059, 0), (-0.002533233, 0.00995148, 0), (-0.0034937079, 0.0082928995, 0), (-0.003980592, 0.0066343197, 0), (-0.0038614667, 0.00497574, 0), (-0.0030961738, 0.0033171598, 0), (-0.0017518025, 0.0016585799, 0)]
                uniform token subdivisionScheme = "none"
                matrix4d xformOp:transform = ( (-0.8808442376695917, 0.4734061986965059, 0, 0), (-0.4618240888334651, -0.8592939606326491, 0.2198463103929542, 0), (0.10407660610058059, 0.19365035568255418, 0.9755345200486781, 0), (-0.048630451836182954, -0.016353479877064633, 0.14788420080740516, 1) )
                uniform token[] xformOpOrder = ["xformOp:transform"]
            }

            def Cylinder "Petiolule_3" (
                prepend apiSchemas = ["PhysicsCollisionAPI"]
            )
            {
                uniform token axis = "Z"
                double height = 0.01
                rel material:binding = </Plant_1/Materials/Leaf>
                double radius = 0.00075758216
                matrix4d xformOp:transform = ( (-0.665808374270465, -0.7461227839647576, 0, 0), (0.1640323411547712, -0.14637551451209285, 0.9755345200486782, 0), (-0.7278685319524434, 0.6495190528383288, 0.2198463103929542, 0), (-0.04765155360761052, -0.004512945006546499, 0.14678496925544038, 1) )
                uniform token[] xformOpOrder = ["xformOp:transform"]
            }

            def Mesh "Blade_3" (
                prepend apiSchemas = ["PhysicsCollisionAPI", "PhysicsMeshCollisionAPI"]
            )
            {
                int[] faceVertexCounts = [3, 3, 3, 3, 3, 3, 3, 3, 3, 3, 3, 3, 3, 3]
                int[] faceVertexIndices = [0, 1, 2, 0, 2, 3, 0, 3, 4, 0, 4, 5, 0, 5, 6, 0, 6, 7, 0, 7, 8, 0, 8, 9, 0, 9, 10, 0, 10, 11, 0, 11, 12, 0, 12, 13, 0, 13, 14, 0, 14, 15]
                rel material:binding = </Plant_1/Materials/Leaf>
                uniform token physics:approximation = "convexHull"
                point3f[] points = [(0, 0, 0), (0.0017518025, 0.0016585799, 0), (0.0030961738, 0.0033171598, 0), (0.0038614667, 0.00497574, 0), (0.003980592, 0.0066343197, 0), (0.0034937079, 0.0082928995, 0), (0.002533233, 0.00995148, 0), (0.0012948106, 0.011610059, 0), (0, 0.013268639, 0), (-0.0012948106, 0.011610059, 0), (-0.002533233, 0.00995148, 0), (-0.0034937079, 0.0082928995, 0), (-0.003980592, 0.0066343197, 0), (-0.0038614667, 0.00497574, 0), (-0.0030961738, 0.0033171598, 0), (-0.0017518025, 0.0016585799, 0)]
                uniform token subdivisionScheme = "none"
                matrix4d xformOp:transform = ( (0.665808374270465, 0.7461227839647576, -0, 0), (-0.7278685319524434, 0.6495190528383288, 0.2198463103929542, 0), (0.1640323411547712, -0.14637551451209285, 0.9755345200486782, 0), (-0.05129089626737274, -0.0012653497423548554, 0.14788420080740516, 1) )
                uniform token[] xformOpOrder = ["xformOp:transform"]
            }

            def Cylinder "Petiolule_term" (
                prepend apiSchemas = ["PhysicsCollisionAPI"]
            )
            {
                uniform token axis = "Z"
                double height = 0.01
                rel material:binding = </Plant_1/Materials/Leaf>
                double radius = 0.00075758216
                matrix4d xformOp:transform = ( (0.17364817766693047, -0.984807753012208, 0, 0), (0.33682408883346515, 0.05939117461388475, 0.9396926207859084, 0), (-0.9254165783983234, -0.16317591116653496, 0.3420201433256687, 0), (-0.06605033120830214, -0.011646455476754023, 0.15383069774207178, 1) )
                uniform token[] xformOpOrder = ["xformOp:transform"]
            }

            def Mesh "Blade_4" (
                prepend apiSchemas = ["PhysicsCollisionAPI", "PhysicsMeshCollisionAPI"]
            )
            {
                int[] faceVertexCounts = [3, 3, 3, 3, 3, 3, 3, 3, 3, 3, 3, 3, 3, 3]
                int[] faceVertexIndices = [0, 1, 2, 0, 2, 3, 0, 3, 4, 0, 4, 5, 0, 5, 6, 0, 6, 7, 0, 7, 8, 0, 8, 9, 0, 9, 10, 0, 10, 11, 0, 11, 12, 0, 12, 13, 0, 13, 14, 0, 14, 15]
                rel material:binding = </Plant_1/Materials/Leaf>
                uniform token physics:approximation = "convexHull"
                point3f[] points = [(0, 0, 0), (0.0017518025, 0.0016585799, 0), (0.0030961738, 0.0033171598, 0), (0.0038614667, 0.00497574, 0), (0.003980592, 0.0066343197, 0), (0.0034937079, 0.0082928995, 0), (0.002533233, 0.00995148, 0), (0.0012948106, 0.011610059, 0), (0, 0.013268639, 0), (-0.0012948106, 0.011610059, 0), (-0.002533233, 0.00995148, 0), (-0.0034937079, 0.0082928995, 0), (-0.003980592, 0.0066343197, 0), (-0.0038614667, 0.00497574, 0), (-0.0030961738, 0.0033171598, 0), (-0.0017518025, 0.0016585799, 0)]
                uniform token subdivisionScheme = "none"
                matrix4d xformOp:transform = ( (-0.17364817766693047, 0.984807753012208, 0, 0), (-0.9254165783983234, -0.16317591116653496, 0.3420201433256687, 0), (0.33682408883346515, 0.05939117461388475, 0.9396926207859084, 0), (-0.07067741410029377, -0.012462335032586699, 0.15554079845870014, 1) )
                uniform token[] xformOpOrder = ["xformOp:transform"]
            }
        }

        def Xform "Leaf_o1_r4_i1" (
            prepend apiSchemas = ["PhysicsRigidBodyAPI", "PhysicsMassAPI", "PhysicsFilteredPairsAPI"]
        )
        {
            prepend rel physics:filteredPairs = </Plant_1/Stem/Internode_o1_r4>
            float physics:mass = 0.05

            def Cylinder "Petiole" (
                prepend apiSchemas = ["PhysicsCollisionAPI"]
            )
            {
                uniform token axis = "Z"
                double height = 0.02349938
                rel material:binding = </Plant_1/Materials/Leaf>
                double radius = 0.00206695825
                matrix4d xformOp:transform = ( (0.17364817766693047, -0.984807753012208, 0, 0), (0.33682408883346515, 0.05939117461388475, 0.9396926207859084, 0), (-0.9254165783983234, -0.16317591116653496, 0.3420201433256687, 0), (-0.010873357917040995, -0.001917266371674324, 0.13865164965783217, 1) )
                uniform token[] xformOpOrder = ["xformOp:transform"]
            }

            def Cylinder "Rachis" (
                prepend apiSchemas = ["PhysicsCollisionAPI"]
            )
            {
                uniform token axis = "Z"
                double height = 0.0528056
                rel material:binding = </Plant_1/Materials/Leaf>
                double radius = 0.00124017495
                matrix4d xformOp:transform = ( (0.17364817766693047, -0.984807753012208, 0, 0), (0.33682408883346515, 0.05939117461388475, 0.9396926207859084, 0), (-0.9254165783983234, -0.16317591116653496, 0.3420201433256687, 0), (-0.04618030467021725, -0.008142833690696436, 0.1517005697558633, 1) )
                uniform token[] xformOpOrder = ["xformOp:transform"]
            }

            def Cylinder "Petiolule_0" (
                prepend apiSchemas = ["PhysicsCollisionAPI"]
            )
            {
                uniform token axis = "Z"
                double height = 0.01
                rel material:binding = </Plant_1/Materials/Leaf>
                double radius = 0.0008267833000000001
                matrix4d xformOp:transform = ( (0.8808442376695917, -0.4734061986965059, 0, 0), (0.10407660610058059, 0.19365035568255418, 0.9755345200486781, 0), (-0.4618240888334651, -0.8592939606326491, 0.2198463103929542, 0), (-0.024055836278249317, -0.008131002546511893, 0.1437695118676291, 1) )
                uniform token[] xformOpOrder = ["xformOp:transform"]
            }

            def Mesh "Blade_0" (
                prepend apiSchemas = ["PhysicsCollisionAPI", "PhysicsMeshCollisionAPI"]
            )
            {
                int[] faceVertexCounts = [3, 3, 3, 3, 3, 3, 3, 3, 3, 3, 3, 3, 3, 3]
                int[] faceVertexIndices = [0, 1, 2, 0, 2, 3, 0, 3, 4, 0, 4, 5, 0, 5, 6, 0, 6, 7, 0, 7, 8, 0, 8, 9, 0, 9, 10, 0, 10, 11, 0, 11, 12, 0, 12, 13, 0, 13, 14, 0, 14, 15]
                rel material:binding = </Plant_1/Materials/Leaf>
                uniform token physics:approximation = "convexHull"
                point3f[] points = [(0, 0, 0), (0.00238976, 0.0022625884, 0), (0.0042237137, 0.0045251767, 0), (0.005267705, 0.006787765, 0), (0.0054302122, 0.009050353, 0), (0.0047660186, 0.011312942, 0), (0.0034557658, 0.01357553, 0), (0.0017663443, 0.015838118, 0), (0, 0.018100707, 0), (-0.0017663443, 0.015838118, 0), (-0.0034557658, 0.01357553, 0), (-0.0047660186, 0.011312942, 0), (-0.0054302122, 0.009050353, 0), (-0.005267705, 0.006787765, 0), (-0.0042237137, 0.0045251767, 0), (-0.00238976, 0.0022625884, 0)]
                uniform token subdivisionScheme = "none"
                matrix4d xformOp:transform = ( (-0.8808442376695917, 0.4734061986965059, 0, 0), (-0.4618240888334651, -0.8592939606326491, 0.2198463103929542, 0), (0.10407660610058059, 0.19365035568255418, 0.9755345200486781, 0), (-0.026364956722416642, -0.01242747234967514, 0.14486874341959388, 1) )
                uniform token[] xformOpOrder = ["xformOp:transform"]
            }

            def Cylinder "Petiolule_1" (
                prepend apiSchemas = ["PhysicsCollisionAPI"]
            )
            {
                uniform token axis = "Z"
                double height = 0.01
                rel material:binding = </Plant_1/Materials/Leaf>
                double radius = 0.0008267833000000001
                matrix4d xformOp:transform = ( (-0.665808374270465, -0.7461227839647576, 0, 0), (0.1640323411547712, -0.14637551451209285, 0.9755345200486782, 0), (-0.7278685319524434, 0.6495190528383288, 0.2198463103929542, 0), (-0.025386058493844208, -0.000586937479157004, 0.1437695118676291, 1) )
                uniform token[] xformOpOrder = ["xformOp:transform"]
            }

            def Mesh "Blade_1" (
                prepend apiSchemas = ["PhysicsCollisionAPI", "PhysicsMeshCollisionAPI"]
            )
            {
                int[] faceVertexCounts = [3, 3, 3, 3, 3, 3, 3, 3, 3, 3, 3, 3, 3, 3]
                int[] faceVertexIndices = [0, 1, 2, 0, 2, 3, 0, 3, 4, 0, 4, 5, 0, 5, 6, 0, 6, 7, 0, 7, 8, 0, 8, 9, 0, 9, 10, 0, 10, 11, 0, 11, 12, 0, 12, 13, 0, 13, 14, 0, 14, 15]
                rel material:binding = </Plant_1/Materials/Leaf>
                uniform token physics:approximation = "convexHull"
                point3f[] points = [(0, 0, 0), (0.00238976, 0.0022625884, 0), (0.0042237137, 0.0045251767, 0), (0.005267705, 0.006787765, 0), (0.0054302122, 0.009050353, 0), (0.0047660186, 0.011312942, 0), (0.0034557658, 0.01357553, 0), (0.0017663443, 0.015838118, 0), (0, 0.018100707, 0), (-0.0017663443, 0.015838118, 0), (-0.0034557658, 0.01357553, 0), (-0.0047660186, 0.011312942, 0), (-0.0054302122, 0.009050353, 0), (-0.005267705, 0.006787765, 0), (-0.0042237137, 0.0045251767, 0), (-0.00238976, 0.0022625884, 0)]
                uniform token subdivisionScheme = "none"
                matrix4d xformOp:transform = ( (0.665808374270465, 0.7461227839647576, -0, 0), (-0.7278685319524434, 0.6495190528383288, 0.2198463103929542, 0), (0.1640323411547712, -0.14637551451209285, 0.9755345200486782, 0), (-0.029025401153606425, 0.00266065778503464, 0.14486874341959388, 1) )
                uniform token[] xformOpOrder = ["xformOp:transform"]
            }

            def Cylinder "Petiolule_2" (
                prepend apiSchemas = ["PhysicsCollisionAPI"]
            )
            {
                uniform token axis = "Z"
                double height = 0.01
                rel material:binding = </Plant_1/Materials/Leaf>
                double radius = 0.0008267833000000001
                matrix4d xformOp:transform = ( (0.8808442376695917, -0.4734061986965059, 0, 0), (0.10407660610058059, 0.19365035568255418, 0.9755345200486781, 0), (-0.4618240888334651, -0.8592939606326491, 0.2198463103929542, 0), (-0.053510768783770694, -0.013324701862182105, 0.1546556149182383, 1) )
                uniform token[] xformOpOrder = ["xformOp:transform"]
            }

            def Mesh "Blade_2" (
                prepend apiSchemas = ["PhysicsCollisionAPI", "PhysicsMeshCollisionAPI"]
            )
            {
                int[] faceVertexCounts = [3, 3, 3, 3, 3, 3, 3, 3, 3, 3, 3, 3, 3, 3]
                int[] faceVertexIndices = [0, 1, 2, 0, 2, 3, 0, 3, 4, 0, 4, 5, 0, 5, 6, 0, 6, 7, 0, 7, 8, 0, 8, 9, 0, 9, 10, 0, 10, 11, 0, 11, 12, 0, 12, 13, 0, 13, 14, 0, 14, 15]
                rel material:binding = </Plant_1/Materials/Leaf>
                uniform token physics:approximation = "convexHull"
                point3f[] points = [(0, 0, 0), (0.00238976, 0.0022625884, 0), (0.0042237137, 0.0045251767, 0), (0.005267705, 0.006787765, 0), (0.0054302122, 0.009050353, 0), (0.0047660186, 0.011312942, 0), (0.0034557658, 0.01357553, 0), (0.0017663443, 0.015838118, 0), (0, 0.018100707, 0), (-0.0017663443, 0.015838118, 0), (-0.0034557658, 0.01357553, 0), (-0.0047660186, 0.011312942, 0), (-0.0054302122, 0.009050353, 0), (-0.005267705, 0.006787765, 0), (-0.0042237137, 0.0045251767, 0), (-0.00238976, 0.0022625884, 0)]
                uniform token subdivisionScheme = "none"
                matrix4d xformOp:transform = ( (-0.8808442376695917, 0.4734061986965059, 0, 0), (-0.4618240888334651, -0.8592939606326491, 0.2198463103929542, 0), (0.10407660610058059, 0.19365035568255418, 0.9755345200486781, 0), (-0.05581988922793802, -0.01762117166534535, 0.15575484647020307, 1) )
                uniform token[] xformOpOrder = ["xformOp:transform"]
            }

            def Cylinder "Petiolule_3" (
                prepend apiSchemas = ["PhysicsCollisionAPI"]
            )
            {
                uniform token axis = "Z"
                double height = 0.01
                rel material:binding = </Plant_1/Materials/Leaf>
                double radius = 0.0008267833000000001
                matrix4d xformOp:transform = ( (-0.665808374270465, -0.7461227839647576, 0, 0), (0.1640323411547712, -0.14637551451209285, 0.9755345200486782, 0), (-0.7278685319524434, 0.6495190528383288, 0.2198463103929542, 0), (-0.05484099099936558, -0.005780636794827214, 0.1546556149182383, 1) )
                uniform token[] xformOpOrder = ["xformOp:transform"]
            }

            def Mesh "Blade_3" (
                prepend apiSchemas = ["PhysicsCollisionAPI", "PhysicsMeshCollisionAPI"]
            )
            {
                int[] faceVertexCounts = [3, 3, 3, 3, 3, 3, 3, 3, 3, 3, 3, 3, 3, 3]
                int[] faceVertexIndices = [0, 1, 2, 0, 2, 3, 0, 3, 4, 0, 4, 5, 0, 5, 6, 0, 6, 7, 0, 7, 8, 0, 8, 9, 0, 9, 10, 0, 10, 11, 0, 11, 12, 0, 12, 13, 0, 13, 14, 0, 14, 15]
                rel material:binding = </Plant_1/Materials/Leaf>
                uniform token physics:approximation = "convexHull"
                point3f[] points = [(0, 0, 0), (0.00238976, 0.0022625884, 0), (0.0042237137, 0.0045251767, 0), (0.005267705, 0.006787765, 0), (0.0054302122, 0.009050353, 0), (0.0047660186, 0.011312942, 0), (0.0034557658, 0.01357553, 0), (0.0017663443, 0.015838118, 0), (0, 0.018100707, 0), (-0.0017663443, 0.015838118, 0), (-0.0034557658, 0.01357553, 0), (-0.0047660186, 0.011312942, 0), (-0.0054302122, 0.009050353, 0), (-0.005267705, 0.006787765, 0), (-0.0042237137, 0.0045251767, 0), (-0.00238976, 0.0022625884, 0)]
                uniform token subdivisionScheme = "none"
                matrix4d xformOp:transform = ( (0.665808374270465, 0.7461227839647576, -0, 0), (-0.7278685319524434, 0.6495190528383288, 0.2198463103929542, 0), (0.1640323411547712, -0.14637551451209285, 0.9755345200486782, 0), (-0.0584803336591278, -0.00253304153063557, 0.15575484647020307, 1) )
                uniform token[] xformOpOrder = ["xformOp:transform"]
            }

            def Cylinder "Petiolule_term" (
                prepend apiSchemas = ["PhysicsCollisionAPI"]
            )
            {
                uniform token axis = "Z"
                double height = 0.01
                rel material:binding = </Plant_1/Materials/Leaf>
                double radius = 0.0008267833000000001
                matrix4d xformOp:transform = ( (0.17364817766693047, -0.984807753012208, 0, 0), (0.33682408883346515, 0.05939117461388475, 0.9396926207859084, 0), (-0.9254165783983234, -0.16317591116653496, 0.3420201433256687, 0), (-0.07524097639834412, -0.013267014193876901, 0.1624409599126906, 1) )
                uniform token[] xformOpOrder = ["xformOp:transform"]
            }

            def Mesh "Blade_4" (
                prepend apiSchemas = ["PhysicsCollisionAPI", "PhysicsMeshCollisionAPI"]
            )
            {
                int[] faceVertexCounts = [3, 3, 3, 3, 3, 3, 3, 3, 3, 3, 3, 3, 3, 3]
                int[] faceVertexIndices = [0, 1, 2, 0, 2, 3, 0, 3, 4, 0, 4, 5, 0, 5, 6, 0, 6, 7, 0, 7, 8, 0, 8, 9, 0, 9, 10, 0, 10, 11, 0, 11, 12, 0, 12, 13, 0, 13, 14, 0, 14, 15]
                rel material:binding = </Plant_1/Materials/Leaf>
                uniform token physics:approximation = "convexHull"
                point3f[] points = [(0, 0, 0), (0.00238976, 0.0022625884, 0), (0.0042237137, 0.0045251767, 0), (0.005267705, 0.0067877653, 0), (0.0054302122, 0.009050353, 0), (0.0047660186, 0.011312942, 0), (0.0034557658, 0.013575531, 0), (0.0017663444, 0.015838118, 0), (0, 0.018100707, 0), (-0.0017663444, 0.015838118, 0), (-0.0034557658, 0.013575531, 0), (-0.0047660186, 0.011312942, 0), (-0.0054302122, 0.009050353, 0), (-0.005267705, 0.0067877653, 0), (-0.0042237137, 0.0045251767, 0), (-0.00238976, 0.0022625884, 0)]
                uniform token subdivisionScheme = "none"
                matrix4d xformOp:transform = ( (-0.17364817766693047, 0.984807753012208, 0, 0), (-0.9254165783983234, -0.16317591116653496, 0.3420201433256687, 0), (0.33682408883346515, 0.05939117461388475, 0.9396926207859084, 0), (-0.07986805929033573, -0.014082893749709575, 0.16415106062931897, 1) )
                uniform token[] xformOpOrder = ["xformOp:transform"]
            }
        }

        def Xform "Leaf_o1_r4_i2" (
            prepend apiSchemas = ["PhysicsRigidBodyAPI", "PhysicsMassAPI", "PhysicsFilteredPairsAPI"]
        )
        {
            prepend rel physics:filteredPairs = </Plant_1/Stem/Internode_o1_r4>
            float physics:mass = 0.05

            def Cylinder "Petiole" (
                prepend apiSchemas = ["PhysicsCollisionAPI"]
            )
            {
                uniform token axis = "Z"
                double height = 0.02349938
                rel material:binding = </Plant_1/Materials/Leaf>
                double radius = 0.00206695825
                matrix4d xformOp:transform = ( (0.17364817766693047, -0.984807753012208, 0, 0), (0.33682408883346515, 0.05939117461388475, 0.9396926207859084, 0), (-0.9254165783983234, -0.16317591116653496, 0.3420201433256687, 0), (-0.010873357917040995, -0.001917266371674324, 0.13865164965783217, 1) )
                uniform token[] xformOpOrder = ["xformOp:transform"]
            }

            def Cylinder "Rachis" (
                prepend apiSchemas = ["PhysicsCollisionAPI"]
            )
            {
                uniform token axis = "Z"
                double height = 0.0528056
                rel material:binding = </Plant_1/Materials/Leaf>
                double radius = 0.00124017495
                matrix4d xformOp:transform = ( (0.17364817766693047, -0.984807753012208, 0, 0), (0.33682408883346515, 0.05939117461388475, 0.9396926207859084, 0), (-0.9254165783983234, -0.16317591116653496, 0.3420201433256687, 0), (-0.04618030467021725, -0.008142833690696436, 0.1517005697558633, 1) )
                uniform token[] xformOpOrder = ["xformOp:transform"]
            }

            def Cylinder "Petiolule_0" (
                prepend apiSchemas = ["PhysicsCollisionAPI"]
            )
            {
                uniform token axis = "Z"
                double height = 0.01
                rel material:binding = </Plant_1/Materials/Leaf>
                double radius = 0.0008267833000000001
                matrix4d xformOp:transform = ( (0.8808442376695917, -0.4734061986965059, 0, 0), (0.10407660610058059, 0.19365035568255418, 0.9755345200486781, 0), (-0.4618240888334651, -0.8592939606326491, 0.2198463103929542, 0), (-0.024055836278249317, -0.008131002546511893, 0.1437695118676291, 1) )
                uniform token[] xformOpOrder = ["xformOp:transform"]
            }

            def Mesh "Blade_0" (
                prepend apiSchemas = ["PhysicsCollisionAPI", "PhysicsMeshCollisionAPI"]
            )
            {
                int[] faceVertexCounts = [3, 3, 3, 3, 3, 3, 3, 3, 3, 3, 3, 3, 3, 3]
                int[] faceVertexIndices = [0, 1, 2, 0, 2, 3, 0, 3, 4, 0, 4, 5, 0, 5, 6, 0, 6, 7, 0, 7, 8, 0, 8, 9, 0, 9, 10, 0, 10, 11, 0, 11, 12, 0, 12, 13, 0, 13, 14, 0, 14, 15]
                rel material:binding = </Plant_1/Materials/Leaf>
                uniform token physics:approximation = "convexHull"
                point3f[] points = [(0, 0, 0), (0.00238976, 0.0022625884, 0), (0.0042237137, 0.0045251767, 0), (0.005267705, 0.006787765, 0), (0.0054302122, 0.009050353, 0), (0.0047660186, 0.011312942, 0), (0.0034557658, 0.01357553, 0), (0.0017663443, 0.015838118, 0), (0, 0.018100707, 0), (-0.0017663443, 0.015838118, 0), (-0.0034557658, 0.01357553, 0), (-0.0047660186, 0.011312942, 0), (-0.0054302122, 0.009050353, 0), (-0.005267705, 0.006787765, 0), (-0.0042237137, 0.0045251767, 0), (-0.00238976, 0.0022625884, 0)]
                uniform token subdivisionScheme = "none"
                matrix4d xformOp:transform = ( (-0.8808442376695917, 0.4734061986965059, 0, 0), (-0.4618240888334651, -0.8592939606326491, 0.2198463103929542, 0), (0.10407660610058059, 0.19365035568255418, 0.9755345200486781, 0), (-0.026364956722416642, -0.01242747234967514, 0.14486874341959388, 1) )
                uniform token[] xformOpOrder = ["xformOp:transform"]
            }

            def Cylinder "Petiolule_1" (
                prepend apiSchemas = ["PhysicsCollisionAPI"]
            )
            {
                uniform token axis = "Z"
                double height = 0.01
                rel material:binding = </Plant_1/Materials/Leaf>
                double radius = 0.0008267833000000001
                matrix4d xformOp:transform = ( (-0.665808374270465, -0.7461227839647576, 0, 0), (0.1640323411547712, -0.14637551451209285, 0.9755345200486782, 0), (-0.7278685319524434, 0.6495190528383288, 0.2198463103929542, 0), (-0.025386058493844208, -0.000586937479157004, 0.1437695118676291, 1) )
                uniform token[] xformOpOrder = ["xformOp:transform"]
            }

            def Mesh "Blade_1" (
                prepend apiSchemas = ["PhysicsCollisionAPI", "PhysicsMeshCollisionAPI"]
            )
            {
                int[] faceVertexCounts = [3, 3, 3, 3, 3, 3, 3, 3, 3, 3, 3, 3, 3, 3]
                int[] faceVertexIndices = [0, 1, 2, 0, 2, 3, 0, 3, 4, 0, 4, 5, 0, 5, 6, 0, 6, 7, 0, 7, 8, 0, 8, 9, 0, 9, 10, 0, 10, 11, 0, 11, 12, 0, 12, 13, 0, 13, 14, 0, 14, 15]
                rel material:binding = </Plant_1/Materials/Leaf>
                uniform token physics:approximation = "convexHull"
                point3f[] points = [(0, 0, 0), (0.00238976, 0.0022625884, 0), (0.0042237137, 0.0045251767, 0), (0.005267705, 0.006787765, 0), (0.0054302122, 0.009050353, 0), (0.0047660186, 0.011312942, 0), (0.0034557658, 0.01357553, 0), (0.0017663443, 0.015838118, 0), (0, 0.018100707, 0), (-0.0017663443, 0.015838118, 0), (-0.0034557658, 0.01357553, 0), (-0.0047660186, 0.011312942, 0), (-0.0054302122, 0.009050353, 0), (-0.005267705, 0.006787765, 0), (-0.0042237137, 0.0045251767, 0), (-0.00238976, 0.0022625884, 0)]
                uniform token subdivisionScheme = "none"
                matrix4d xformOp:transform = ( (0.665808374270465, 0.7461227839647576, -0, 0), (-0.7278685319524434, 0.6495190528383288, 0.2198463103929542, 0), (0.1640323411547712, -0.14637551451209285, 0.9755345200486782, 0), (-0.029025401153606425, 0.00266065778503464, 0.14486874341959388, 1) )
                uniform token[] xformOpOrder = ["xformOp:transform"]
            }

            def Cylinder "Petiolule_2" (
                prepend apiSchemas = ["PhysicsCollisionAPI"]
            )
            {
                uniform token axis = "Z"
                double height = 0.01
                rel material:binding = </Plant_1/Materials/Leaf>
                double radius = 0.0008267833000000001
                matrix4d xformOp:transform = ( (0.8808442376695917, -0.4734061986965059, 0, 0), (0.10407660610058059, 0.19365035568255418, 0.9755345200486781, 0), (-0.4618240888334651, -0.8592939606326491, 0.2198463103929542, 0), (-0.053510768783770694, -0.013324701862182105, 0.1546556149182383, 1) )
                uniform token[] xformOpOrder = ["xformOp:transform"]
            }

            def Mesh "Blade_2" (
                prepend apiSchemas = ["PhysicsCollisionAPI", "PhysicsMeshCollisionAPI"]
            )
            {
                int[] faceVertexCounts = [3, 3, 3, 3, 3, 3, 3, 3, 3, 3, 3, 3, 3, 3]
                int[] faceVertexIndices = [0, 1, 2, 0, 2, 3, 0, 3, 4, 0, 4, 5, 0, 5, 6, 0, 6, 7, 0, 7, 8, 0, 8, 9, 0, 9, 10, 0, 10, 11, 0, 11, 12, 0, 12, 13, 0, 13, 14, 0, 14, 15]
                rel material:binding = </Plant_1/Materials/Leaf>
                uniform token physics:approximation = "convexHull"
                point3f[] points = [(0, 0, 0), (0.00238976, 0.0022625884, 0), (0.0042237137, 0.0045251767, 0), (0.005267705, 0.006787765, 0), (0.0054302122, 0.009050353, 0), (0.0047660186, 0.011312942, 0), (0.0034557658, 0.01357553, 0), (0.0017663443, 0.015838118, 0), (0, 0.018100707, 0), (-0.0017663443, 0.015838118, 0), (-0.0034557658, 0.01357553, 0), (-0.0047660186, 0.011312942, 0), (-0.0054302122, 0.009050353, 0), (-0.005267705, 0.006787765, 0), (-0.0042237137, 0.0045251767, 0), (-0.00238976, 0.0022625884, 0)]
                uniform token subdivisionScheme = "none"
                matrix4d xformOp:transform = ( (-0.8808442376695917, 0.4734061986965059, 0, 0), (-0.4618240888334651, -0.8592939606326491, 0.2198463103929542, 0), (0.10407660610058059, 0.19365035568255418, 0.9755345200486781, 0), (-0.05581988922793802, -0.01762117166534535, 0.15575484647020307, 1) )
                uniform token[] xformOpOrder = ["xformOp:transform"]
            }

            def Cylinder "Petiolule_3" (
                prepend apiSchemas = ["PhysicsCollisionAPI"]
            )
            {
                uniform token axis = "Z"
                double height = 0.01
                rel material:binding = </Plant_1/Materials/Leaf>
                double radius = 0.0008267833000000001
                matrix4d xformOp:transform = ( (-0.665808374270465, -0.7461227839647576, 0, 0), (0.1640323411547712, -0.14637551451209285, 0.9755345200486782, 0), (-0.7278685319524434, 0.6495190528383288, 0.2198463103929542, 0), (-0.05484099099936558, -0.005780636794827214, 0.1546556149182383, 1) )
                uniform token[] xformOpOrder = ["xformOp:transform"]
            }

            def Mesh "Blade_3" (
                prepend apiSchemas = ["PhysicsCollisionAPI", "PhysicsMeshCollisionAPI"]
            )
            {
                int[] faceVertexCounts = [3, 3, 3, 3, 3, 3, 3, 3, 3, 3, 3, 3, 3, 3]
                int[] faceVertexIndices = [0, 1, 2, 0, 2, 3, 0, 3, 4, 0, 4, 5, 0, 5, 6, 0, 6, 7, 0, 7, 8, 0, 8, 9, 0, 9, 10, 0, 10, 11, 0, 11, 12, 0, 12, 13, 0, 13, 14, 0, 14, 15]
                rel material:binding = </Plant_1/Materials/Leaf>
                uniform token physics:approximation = "convexHull"
                point3f[] points = [(0, 0, 0), (0.00238976, 0.0022625884, 0), (0.0042237137, 0.0045251767, 0), (0.005267705, 0.006787765, 0), (0.0054302122, 0.009050353, 0), (0.0047660186, 0.011312942, 0), (0.0034557658, 0.01357553, 0), (0.0017663443, 0.015838118, 0), (0, 0.018100707, 0), (-0.0017663443, 0.015838118, 0), (-0.0034557658, 0.01357553, 0), (-0.0047660186, 0.011312942, 0), (-0.0054302122, 0.009050353, 0), (-0.005267705, 0.006787765, 0), (-0.0042237137, 0.0045251767, 0), (-0.00238976, 0.0022625884, 0)]
                uniform token subdivisionScheme = "none"
                matrix4d xformOp:transform = ( (0.665808374270465, 0.7461227839647576, -0, 0), (-0.7278685319524434, 0.6495190528383288, 0.2198463103929542, 0), (0.1640323411547712, -0.14637551451209285, 0.9755345200486782, 0), (-0.0584803336591278, -0.00253304153063557, 0.15575484647020307, 1) )
                uniform token[] xformOpOrder = ["xformOp:transform"]
            }

            def Cylinder "Petiolule_term" (
                prepend apiSchemas = ["PhysicsCollisionAPI"]
            )
            {
                uniform token axis = "Z"
                double height = 0.01
                rel material:binding = </Plant_1/Materials/Leaf>
                double radius = 0.0008267833000000001
                matrix4d xformOp:transform = ( (0.17364817766693047, -0.984807753012208, 0, 0), (0.33682408883346515, 0.05939117461388475, 0.9396926207859084, 0), (-0.9254165783983234, -0.16317591116653496, 0.3420201433256687, 0), (-0.07524097639834412, -0.013267014193876901, 0.1624409599126906, 1) )
                uniform token[] xformOpOrder = ["xformOp:transform"]
            }

            def Mesh "Blade_4" (
                prepend apiSchemas = ["PhysicsCollisionAPI", "PhysicsMeshCollisionAPI"]
            )
            {
                int[] faceVertexCounts = [3, 3, 3, 3, 3, 3, 3, 3, 3, 3, 3, 3, 3, 3]
                int[] faceVertexIndices = [0, 1, 2, 0, 2, 3, 0, 3, 4, 0, 4, 5, 0, 5, 6, 0, 6, 7, 0, 7, 8, 0, 8, 9, 0, 9, 10, 0, 10, 11, 0, 11, 12, 0, 12, 13, 0, 13, 14, 0, 14, 15]
                rel material:binding = </Plant_1/Materials/Leaf>
                uniform token physics:approximation = "convexHull"
                point3f[] points = [(0, 0, 0), (0.00238976, 0.0022625884, 0), (0.0042237137, 0.0045251767, 0), (0.005267705, 0.0067877653, 0), (0.0054302122, 0.009050353, 0), (0.0047660186, 0.011312942, 0), (0.0034557658, 0.013575531, 0), (0.0017663444, 0.015838118, 0), (0, 0.018100707, 0), (-0.0017663444, 0.015838118, 0), (-0.0034557658, 0.013575531, 0), (-0.0047660186, 0.011312942, 0), (-0.0054302122, 0.009050353, 0), (-0.005267705, 0.0067877653, 0), (-0.0042237137, 0.0045251767, 0), (-0.00238976, 0.0022625884, 0)]
                uniform token subdivisionScheme = "none"
                matrix4d xformOp:transform = ( (-0.17364817766693047, 0.984807753012208, 0, 0), (-0.9254165783983234, -0.16317591116653496, 0.3420201433256687, 0), (0.33682408883346515, 0.05939117461388475, 0.9396926207859084, 0), (-0.07986805929033573, -0.014082893749709575, 0.16415106062931897, 1) )
                uniform token[] xformOpOrder = ["xformOp:transform"]
            }
        }

        def Xform "Leaf_o1_r4_i3" (
            prepend apiSchemas = ["PhysicsRigidBodyAPI", "PhysicsMassAPI", "PhysicsFilteredPairsAPI"]
        )
        {
            prepend rel physics:filteredPairs = </Plant_1/Stem/Internode_o1_r4>
            float physics:mass = 0.05

            def Cylinder "Petiole" (
                prepend apiSchemas = ["PhysicsCollisionAPI"]
            )
            {
                uniform token axis = "Z"
                double height = 0.02349938
                rel material:binding = </Plant_1/Materials/Leaf>
                double radius = 0.00206695825
                matrix4d xformOp:transform = ( (0.17364817766693047, -0.984807753012208, 0, 0), (0.33682408883346515, 0.05939117461388475, 0.9396926207859084, 0), (-0.9254165783983234, -0.16317591116653496, 0.3420201433256687, 0), (-0.010873357917040995, -0.001917266371674324, 0.13865164965783217, 1) )
                uniform token[] xformOpOrder = ["xformOp:transform"]
            }

            def Cylinder "Rachis" (
                prepend apiSchemas = ["PhysicsCollisionAPI"]
            )
            {
                uniform token axis = "Z"
                double height = 0.0528056
                rel material:binding = </Plant_1/Materials/Leaf>
                double radius = 0.00124017495
                matrix4d xformOp:transform = ( (0.17364817766693047, -0.984807753012208, 0, 0), (0.33682408883346515, 0.05939117461388475, 0.9396926207859084, 0), (-0.9254165783983234, -0.16317591116653496, 0.3420201433256687, 0), (-0.04618030467021725, -0.008142833690696436, 0.1517005697558633, 1) )
                uniform token[] xformOpOrder = ["xformOp:transform"]
            }

            def Cylinder "Petiolule_0" (
                prepend apiSchemas = ["PhysicsCollisionAPI"]
            )
            {
                uniform token axis = "Z"
                double height = 0.01
                rel material:binding = </Plant_1/Materials/Leaf>
                double radius = 0.0008267833000000001
                matrix4d xformOp:transform = ( (0.8808442376695917, -0.4734061986965059, 0, 0), (0.10407660610058059, 0.19365035568255418, 0.9755345200486781, 0), (-0.4618240888334651, -0.8592939606326491, 0.2198463103929542, 0), (-0.024055836278249317, -0.008131002546511893, 0.1437695118676291, 1) )
                uniform token[] xformOpOrder = ["xformOp:transform"]
            }

            def Mesh "Blade_0" (
                prepend apiSchemas = ["PhysicsCollisionAPI", "PhysicsMeshCollisionAPI"]
            )
            {
                int[] faceVertexCounts = [3, 3, 3, 3, 3, 3, 3, 3, 3, 3, 3, 3, 3, 3]
                int[] faceVertexIndices = [0, 1, 2, 0, 2, 3, 0, 3, 4, 0, 4, 5, 0, 5, 6, 0, 6, 7, 0, 7, 8, 0, 8, 9, 0, 9, 10, 0, 10, 11, 0, 11, 12, 0, 12, 13, 0, 13, 14, 0, 14, 15]
                rel material:binding = </Plant_1/Materials/Leaf>
                uniform token physics:approximation = "convexHull"
                point3f[] points = [(0, 0, 0), (0.00238976, 0.0022625884, 0), (0.0042237137, 0.0045251767, 0), (0.005267705, 0.006787765, 0), (0.0054302122, 0.009050353, 0), (0.0047660186, 0.011312942, 0), (0.0034557658, 0.01357553, 0), (0.0017663443, 0.015838118, 0), (0, 0.018100707, 0), (-0.0017663443, 0.015838118, 0), (-0.0034557658, 0.01357553, 0), (-0.0047660186, 0.011312942, 0), (-0.0054302122, 0.009050353, 0), (-0.005267705, 0.006787765, 0), (-0.0042237137, 0.0045251767, 0), (-0.00238976, 0.0022625884, 0)]
                uniform token subdivisionScheme = "none"
                matrix4d xformOp:transform = ( (-0.8808442376695917, 0.4734061986965059, 0, 0), (-0.4618240888334651, -0.8592939606326491, 0.2198463103929542, 0), (0.10407660610058059, 0.19365035568255418, 0.9755345200486781, 0), (-0.026364956722416642, -0.01242747234967514, 0.14486874341959388, 1) )
                uniform token[] xformOpOrder = ["xformOp:transform"]
            }

            def Cylinder "Petiolule_1" (
                prepend apiSchemas = ["PhysicsCollisionAPI"]
            )
            {
                uniform token axis = "Z"
                double height = 0.01
                rel material:binding = </Plant_1/Materials/Leaf>
                double radius = 0.0008267833000000001
                matrix4d xformOp:transform = ( (-0.665808374270465, -0.7461227839647576, 0, 0), (0.1640323411547712, -0.14637551451209285, 0.9755345200486782, 0), (-0.7278685319524434, 0.6495190528383288, 0.2198463103929542, 0), (-0.025386058493844208, -0.000586937479157004, 0.1437695118676291, 1) )
                uniform token[] xformOpOrder = ["xformOp:transform"]
            }

            def Mesh "Blade_1" (
                prepend apiSchemas = ["PhysicsCollisionAPI", "PhysicsMeshCollisionAPI"]
            )
            {
                int[] faceVertexCounts = [3, 3, 3, 3, 3, 3, 3, 3, 3, 3, 3, 3, 3, 3]
                int[] faceVertexIndices = [0, 1, 2, 0, 2, 3, 0, 3, 4, 0, 4, 5, 0, 5, 6, 0, 6, 7, 0, 7, 8, 0, 8, 9, 0, 9, 10, 0, 10, 11, 0, 11, 12, 0, 12, 13, 0, 13, 14, 0, 14, 15]
                rel material:binding = </Plant_1/Materials/Leaf>
                uniform token physics:approximation = "convexHull"
                point3f[] points = [(0, 0, 0), (0.00238976, 0.0022625884, 0), (0.0042237137, 0.0045251767, 0), (0.005267705, 0.006787765, 0), (0.0054302122, 0.009050353, 0), (0.0047660186, 0.011312942, 0), (0.0034557658, 0.01357553, 0), (0.0017663443, 0.015838118, 0), (0, 0.018100707, 0), (-0.0017663443, 0.015838118, 0), (-0.0034557658, 0.01357553, 0), (-0.0047660186, 0.011312942, 0), (-0.0054302122, 0.009050353, 0), (-0.005267705, 0.006787765, 0), (-0.0042237137, 0.0045251767, 0), (-0.00238976, 0.0022625884, 0)]
                uniform token subdivisionScheme = "none"
                matrix4d xformOp:transform = ( (0.665808374270465, 0.7461227839647576, -0, 0), (-0.7278685319524434, 0.6495190528383288, 0.2198463103929542, 0), (0.1640323411547712, -0.14637551451209285, 0.9755345200486782, 0), (-0.029025401153606425, 0.00266065778503464, 0.14486874341959388, 1) )
                uniform token[] xformOpOrder = ["xformOp:transform"]
            }

            def Cylinder "Petiolule_2" (
                prepend apiSchemas = ["PhysicsCollisionAPI"]
            )
            {
                uniform token axis = "Z"
                double height = 0.01
                rel material:binding = </Plant_1/Materials/Leaf>
                double radius = 0.0008267833000000001
                matrix4d xformOp:transform = ( (0.8808442376695917, -0.4734061986965059, 0, 0), (0.10407660610058059, 0.19365035568255418, 0.9755345200486781, 0), (-0.4618240888334651, -0.8592939606326491, 0.2198463103929542, 0), (-0.053510768783770694, -0.013324701862182105, 0.1546556149182383, 1) )
                uniform token[] xformOpOrder = ["xformOp:transform"]
            }

            def Mesh "Blade_2" (
                prepend apiSchemas = ["PhysicsCollisionAPI", "PhysicsMeshCollisionAPI"]
            )
            {
                int[] faceVertexCounts = [3, 3, 3, 3, 3, 3, 3, 3, 3, 3, 3, 3, 3, 3]
                int[] faceVertexIndices = [0, 1, 2, 0, 2, 3, 0, 3, 4, 0, 4, 5, 0, 5, 6, 0, 6, 7, 0, 7, 8, 0, 8, 9, 0, 9, 10, 0, 10, 11, 0, 11, 12, 0, 12, 13, 0, 13, 14, 0, 14, 15]
                rel material:binding = </Plant_1/Materials/Leaf>
                uniform token physics:approximation = "convexHull"
                point3f[] points = [(0, 0, 0), (0.00238976, 0.0022625884, 0), (0.0042237137, 0.0045251767, 0), (0.005267705, 0.006787765, 0), (0.0054302122, 0.009050353, 0), (0.0047660186, 0.011312942, 0), (0.0034557658, 0.01357553, 0), (0.0017663443, 0.015838118, 0), (0, 0.018100707, 0), (-0.0017663443, 0.015838118, 0), (-0.0034557658, 0.01357553, 0), (-0.0047660186, 0.011312942, 0), (-0.0054302122, 0.009050353, 0), (-0.005267705, 0.006787765, 0), (-0.0042237137, 0.0045251767, 0), (-0.00238976, 0.0022625884, 0)]
                uniform token subdivisionScheme = "none"
                matrix4d xformOp:transform = ( (-0.8808442376695917, 0.4734061986965059, 0, 0), (-0.4618240888334651, -0.8592939606326491, 0.2198463103929542, 0), (0.10407660610058059, 0.19365035568255418, 0.9755345200486781, 0), (-0.05581988922793802, -0.01762117166534535, 0.15575484647020307, 1) )
                uniform token[] xformOpOrder = ["xformOp:transform"]
            }

            def Cylinder "Petiolule_3" (
                prepend apiSchemas = ["PhysicsCollisionAPI"]
            )
            {
                uniform token axis = "Z"
                double height = 0.01
                rel material:binding = </Plant_1/Materials/Leaf>
                double radius = 0.0008267833000000001
                matrix4d xformOp:transform = ( (-0.665808374270465, -0.7461227839647576, 0, 0), (0.1640323411547712, -0.14637551451209285, 0.9755345200486782, 0), (-0.7278685319524434, 0.6495190528383288, 0.2198463103929542, 0), (-0.05484099099936558, -0.005780636794827214, 0.1546556149182383, 1) )
                uniform token[] xformOpOrder = ["xformOp:transform"]
            }

            def Mesh "Blade_3" (
                prepend apiSchemas = ["PhysicsCollisionAPI", "PhysicsMeshCollisionAPI"]
            )
            {
                int[] faceVertexCounts = [3, 3, 3, 3, 3, 3, 3, 3, 3, 3, 3, 3, 3, 3]
                int[] faceVertexIndices = [0, 1, 2, 0, 2, 3, 0, 3, 4, 0, 4, 5, 0, 5, 6, 0, 6, 7, 0, 7, 8, 0, 8, 9, 0, 9, 10, 0, 10, 11, 0, 11, 12, 0, 12, 13, 0, 13, 14, 0, 14, 15]
                rel material:binding = </Plant_1/Materials/Leaf>
                uniform token physics:approximation = "convexHull"
                point3f[] points = [(0, 0, 0), (0.00238976, 0.0022625884, 0), (0.0042237137, 0.0045251767, 0), (0.005267705, 0.006787765, 0), (0.0054302122, 0.009050353, 0), (0.0047660186, 0.011312942, 0), (0.0034557658, 0.01357553, 0), (0.0017663443, 0.015838118, 0), (0, 0.018100707, 0), (-0.0017663443, 0.015838118, 0), (-0.0034557658, 0.01357553, 0), (-0.0047660186, 0.011312942, 0), (-0.0054302122, 0.009050353, 0), (-0.005267705, 0.006787765, 0), (-0.0042237137, 0.0045251767, 0), (-0.00238976, 0.0022625884, 0)]
                uniform token subdivisionScheme = "none"
                matrix4d xformOp:transform = ( (0.665808374270465, 0.7461227839647576, -0, 0), (-0.7278685319524434, 0.6495190528383288, 0.2198463103929542, 0), (0.1640323411547712, -0.14637551451209285, 0.9755345200486782, 0), (-0.0584803336591278, -0.00253304153063557, 0.15575484647020307, 1) )
                uniform token[] xformOpOrder = ["xformOp:transform"]
            }

            def Cylinder "Petiolule_term" (
                prepend apiSchemas = ["PhysicsCollisionAPI"]
            )
            {
                uniform token axis = "Z"
                double height = 0.01
                rel material:binding = </Plant_1/Materials/Leaf>
                double radius = 0.0008267833000000001
                matrix4d xformOp:transform = ( (0.17364817766693047, -0.984807753012208, 0, 0), (0.33682408883346515, 0.05939117461388475, 0.9396926207859084, 0), (-0.9254165783983234, -0.16317591116653496, 0.3420201433256687, 0), (-0.07524097639834412, -0.013267014193876901, 0.1624409599126906, 1) )
                uniform token[] xformOpOrder = ["xformOp:transform"]
            }

            def Mesh "Blade_4" (
                prepend apiSchemas = ["PhysicsCollisionAPI", "PhysicsMeshCollisionAPI"]
            )
            {
                int[] faceVertexCounts = [3, 3, 3, 3, 3, 3, 3, 3, 3, 3, 3, 3, 3, 3]
                int[] faceVertexIndices = [0, 1, 2, 0, 2, 3, 0, 3, 4, 0, 4, 5, 0, 5, 6, 0, 6, 7, 0, 7, 8, 0, 8, 9, 0, 9, 10, 0, 10, 11, 0, 11, 12, 0, 12, 13, 0, 13, 14, 0, 14, 15]
                rel material:binding = </Plant_1/Materials/Leaf>
                uniform token physics:approximation = "convexHull"
                point3f[] points = [(0, 0, 0), (0.00238976, 0.0022625884, 0), (0.0042237137, 0.0045251767, 0), (0.005267705, 0.0067877653, 0), (0.0054302122, 0.009050353, 0), (0.0047660186, 0.011312942, 0), (0.0034557658, 0.013575531, 0), (0.0017663444, 0.015838118, 0), (0, 0.018100707, 0), (-0.0017663444, 0.015838118, 0), (-0.0034557658, 0.013575531, 0), (-0.0047660186, 0.011312942, 0), (-0.0054302122, 0.009050353, 0), (-0.005267705, 0.0067877653, 0), (-0.0042237137, 0.0045251767, 0), (-0.00238976, 0.0022625884, 0)]
                uniform token subdivisionScheme = "none"
                matrix4d xformOp:transform = ( (-0.17364817766693047, 0.984807753012208, 0, 0), (-0.9254165783983234, -0.16317591116653496, 0.3420201433256687, 0), (0.33682408883346515, 0.05939117461388475, 0.9396926207859084, 0), (-0.07986805929033573, -0.014082893749709575, 0.16415106062931897, 1) )
                uniform token[] xformOpOrder = ["xformOp:transform"]
            }
        }

        def Xform "Leaf_o1_r3_i0" (
            prepend apiSchemas = ["PhysicsRigidBodyAPI", "PhysicsMassAPI", "PhysicsFilteredPairsAPI"]
        )
        {
            prepend rel physics:filteredPairs = </Plant_1/Stem/Internode_o1_r3>
            float physics:mass = 0.05

            def Cylinder "Petiole" (
                prepend apiSchemas = ["PhysicsCollisionAPI"]
            )
            {
                uniform token axis = "Z"
                double height = 0.02425155
                rel material:binding = </Plant_1/Materials/Leaf>
                double radius = 0.002119946
                matrix4d xformOp:transform = ( (-0.7933533402912352, 0.6087614290087207, 0, 0), (-0.20820867120070155, -0.2713428231543063, 0.9396926207859084, 0), (0.5720486226585795, 0.7455082795475254, 0.3420201433256687, 0), (0.006936532887417837, 0.009039865658430395, 0.1075972543034348, 1) )
                uniform token[] xformOpOrder = ["xformOp:transform"]
            }

            def Cylinder "Rachis" (
                prepend apiSchemas = ["PhysicsCollisionAPI"]
            )
            {
                uniform token axis = "Z"
                double height = 0.055217866
                rel material:binding = </Plant_1/Materials/Leaf>
                double radius = 0.0012719676000000001
                matrix4d xformOp:transform = ( (-0.7933533402912352, 0.6087614290087207, 0, 0), (-0.20820867120070155, -0.2713428231543063, 0.9396926207859084, 0), (0.5720486226585795, 0.7455082795475254, 0.3420201433256687, 0), (0.029666717870558676, 0.03866241945783369, 0.1211873248285984, 1) )
                uniform token[] xformOpOrder = ["xformOp:transform"]
            }

            def Cylinder "Petiolule_0" (
                prepend apiSchemas = ["PhysicsCollisionAPI"]
            )
            {
                uniform token axis = "Z"
                double height = 0.01
                rel material:binding = </Plant_1/Materials/Leaf>
                double radius = 0.0008479784000000001
                matrix4d xformOp:transform = ( (-0.9692550857574936, -0.24605807999989301, 0, 0), (0.05409496103035083, -0.21308715443339138, 0.9755345200486782, 0), (-0.24003815097679487, 0.9455417948891769, 0.2198463103929542, 0), (0.012672875019951698, 0.022807440291306675, 0.11284374515883439, 1) )
                uniform token[] xformOpOrder = ["xformOp:transform"]
            }

            def Mesh "Blade_0" (
                prepend apiSchemas = ["PhysicsCollisionAPI", "PhysicsMeshCollisionAPI"]
            )
            {
                int[] faceVertexCounts = [3, 3, 3, 3, 3, 3, 3, 3, 3, 3, 3, 3, 3, 3]
                int[] faceVertexIndices = [0, 1, 2, 0, 2, 3, 0, 3, 4, 0, 4, 5, 0, 5, 6, 0, 6, 7, 0, 7, 8, 0, 8, 9, 0, 9, 10, 0, 10, 11, 0, 11, 12, 0, 12, 13, 0, 13, 14, 0, 14, 15]
                rel material:binding = </Plant_1/Materials/Leaf>
                uniform token physics:approximation = "convexHull"
                point3f[] points = [(0, 0, 0), (0.002614628, 0.00247549, 0), (0.0046211504, 0.00495098, 0), (0.0057633775, 0.00742647, 0), (0.0059411763, 0.00990196, 0), (0.0052144844, 0.01237745, 0), (0.0037809412, 0.01485294, 0), (0.0019325513, 0.01732843, 0), (0, 0.01980392, 0), (-0.0019325513, 0.01732843, 0), (-0.0037809412, 0.01485294, 0), (-0.0052144844, 0.01237745, 0), (-0.0059411763, 0.00990196, 0), (-0.0057633775, 0.00742647, 0), (-0.0046211504, 0.00495098, 0), (-0.002614628, 0.00247549, 0)]
                uniform token subdivisionScheme = "none"
                matrix4d xformOp:transform = ( (0.9692550857574936, 0.24605807999989301, -0, 0), (-0.24003815097679487, 0.9455417948891769, 0.2198463103929542, 0), (0.05409496103035083, -0.21308715443339138, 0.9755345200486782, 0), (0.011472684265067725, 0.02753514926575256, 0.11394297671079916, 1) )
                uniform token[] xformOpOrder = ["xformOp:transform"]
            }

            def Cylinder "Petiolule_1" (
                prepend apiSchemas = ["PhysicsCollisionAPI"]
            )
            {
                uniform token axis = "Z"
                double height = 0.01
                rel material:binding = </Plant_1/Materials/Leaf>
                double radius = 0.0008479784000000001
                matrix4d xformOp:transform = ( (-0.013187821517518024, 0.9999130369005207, 0, 0), (-0.21982719187639332, -0.0028992939027471477, 0.9755345200486782, 0), (0.9754496845431657, 0.012865175134579576, 0.2198463103929542, 0), (0.0187503141975515, 0.01814405719253369, 0.11284374515883439, 1) )
                uniform token[] xformOpOrder = ["xformOp:transform"]
            }

            def Mesh "Blade_1" (
                prepend apiSchemas = ["PhysicsCollisionAPI", "PhysicsMeshCollisionAPI"]
            )
            {
                int[] faceVertexCounts = [3, 3, 3, 3, 3, 3, 3, 3, 3, 3, 3, 3, 3, 3]
                int[] faceVertexIndices = [0, 1, 2, 0, 2, 3, 0, 3, 4, 0, 4, 5, 0, 5, 6, 0, 6, 7, 0, 7, 8, 0, 8, 9, 0, 9, 10, 0, 10, 11, 0, 11, 12, 0, 12, 13, 0, 13, 14, 0, 14, 15]
                rel material:binding = </Plant_1/Materials/Leaf>
                uniform token physics:approximation = "convexHull"
                point3f[] points = [(0, 0, 0), (0.002614628, 0.00247549, 0), (0.0046211504, 0.00495098, 0), (0.0057633775, 0.00742647, 0), (0.0059411763, 0.00990196, 0), (0.0052144844, 0.01237745, 0), (0.0037809412, 0.01485294, 0), (0.0019325513, 0.01732843, 0), (0, 0.01980392, 0), (-0.0019325513, 0.01732843, 0), (-0.0037809412, 0.01485294, 0), (-0.0052144844, 0.01237745, 0), (-0.0059411763, 0.00990196, 0), (-0.0057633775, 0.00742647, 0), (-0.0046211504, 0.00495098, 0), (-0.002614628, 0.00247549, 0)]
                uniform token subdivisionScheme = "none"
                matrix4d xformOp:transform = ( (0.013187821517518024, -0.9999130369005207, 0, 0), (0.9754496845431657, 0.012865175134579576, 0.2198463103929542, 0), (-0.21982719187639332, -0.0028992939027471477, 0.9755345200486782, 0), (0.02362756262026733, 0.018208383068206584, 0.11394297671079916, 1) )
                uniform token[] xformOpOrder = ["xformOp:transform"]
            }

            def Cylinder "Petiolule_2" (
                prepend apiSchemas = ["PhysicsCollisionAPI"]
            )
            {
                uniform token axis = "Z"
                double height = 0.01
                rel material:binding = </Plant_1/Materials/Leaf>
                double radius = 0.0008479784000000001
                matrix4d xformOp:transform = ( (-0.9692550857574936, -0.24605807999989301, 0, 0), (0.05409496103035083, -0.21308715443339138, 0.9755345200486782, 0), (-0.24003815097679487, 0.9455417948891769, 0.2198463103929542, 0), (0.03187636422704096, 0.04783391467306764, 0.12432525192383122, 1) )
                uniform token[] xformOpOrder = ["xformOp:transform"]
            }

            def Mesh "Blade_2" (
                prepend apiSchemas = ["PhysicsCollisionAPI", "PhysicsMeshCollisionAPI"]
            )
            {
                int[] faceVertexCounts = [3, 3, 3, 3, 3, 3, 3, 3, 3, 3, 3, 3, 3, 3]
                int[] faceVertexIndices = [0, 1, 2, 0, 2, 3, 0, 3, 4, 0, 4, 5, 0, 5, 6, 0, 6, 7, 0, 7, 8, 0, 8, 9, 0, 9, 10, 0, 10, 11, 0, 11, 12, 0, 12, 13, 0, 13, 14, 0, 14, 15]
                rel material:binding = </Plant_1/Materials/Leaf>
                uniform token physics:approximation = "convexHull"
                point3f[] points = [(0, 0, 0), (0.002614628, 0.00247549, 0), (0.0046211504, 0.00495098, 0), (0.0057633775, 0.00742647, 0), (0.0059411763, 0.00990196, 0), (0.0052144844, 0.01237745, 0), (0.0037809412, 0.01485294, 0), (0.0019325513, 0.01732843, 0), (0, 0.01980392, 0), (-0.0019325513, 0.01732843, 0), (-0.0037809412, 0.01485294, 0), (-0.0052144844, 0.01237745, 0), (-0.0059411763, 0.00990196, 0), (-0.0057633775, 0.00742647, 0), (-0.0046211504, 0.00495098, 0), (-0.002614628, 0.00247549, 0)]
                uniform token subdivisionScheme = "none"
                matrix4d xformOp:transform = ( (0.9692550857574936, 0.24605807999989301, -0, 0), (-0.24003815097679487, 0.9455417948891769, 0.2198463103929542, 0), (0.05409496103035083, -0.21308715443339138, 0.9755345200486782, 0), (0.03067617347215698, 0.05256162364751353, 0.125424483475796, 1) )
                uniform token[] xformOpOrder = ["xformOp:transform"]
            }

            def Cylinder "Petiolule_3" (
                prepend apiSchemas = ["PhysicsCollisionAPI"]
            )
            {
                uniform token axis = "Z"
                double height = 0.01
                rel material:binding = </Plant_1/Materials/Leaf>
                double radius = 0.0008479784000000001
                matrix4d xformOp:transform = ( (-0.013187821517518024, 0.9999130369005207, 0, 0), (-0.21982719187639332, -0.0028992939027471477, 0.9755345200486782, 0), (0.9754496845431657, 0.012865175134579576, 0.2198463103929542, 0), (0.03795380340464076, 0.04317053157429466, 0.12432525192383122, 1) )
                uniform token[] xformOpOrder = ["xformOp:transform"]
            }

            def Mesh "Blade_3" (
                prepend apiSchemas = ["PhysicsCollisionAPI", "PhysicsMeshCollisionAPI"]
            )
            {
                int[] faceVertexCounts = [3, 3, 3, 3, 3, 3, 3, 3, 3, 3, 3, 3, 3, 3]
                int[] faceVertexIndices = [0, 1, 2, 0, 2, 3, 0, 3, 4, 0, 4, 5, 0, 5, 6, 0, 6, 7, 0, 7, 8, 0, 8, 9, 0, 9, 10, 0, 10, 11, 0, 11, 12, 0, 12, 13, 0, 13, 14, 0, 14, 15]
                rel material:binding = </Plant_1/Materials/Leaf>
                uniform token physics:approximation = "convexHull"
                point3f[] points = [(0, 0, 0), (0.002614628, 0.00247549, 0), (0.0046211504, 0.00495098, 0), (0.0057633775, 0.00742647, 0), (0.0059411763, 0.00990196, 0), (0.0052144844, 0.01237745, 0), (0.0037809412, 0.01485294, 0), (0.0019325513, 0.01732843, 0), (0, 0.01980392, 0), (-0.0019325513, 0.01732843, 0), (-0.0037809412, 0.01485294, 0), (-0.0052144844, 0.01237745, 0), (-0.0059411763, 0.00990196, 0), (-0.0057633775, 0.00742647, 0), (-0.0046211504, 0.00495098, 0), (-0.002614628, 0.00247549, 0)]
                uniform token subdivisionScheme = "none"
                matrix4d xformOp:transform = ( (0.013187821517518024, -0.9999130369005207, 0, 0), (0.9754496845431657, 0.012865175134579576, 0.2198463103929542, 0), (-0.21982719187639332, -0.0028992939027471477, 0.9755345200486782, 0), (0.04283105182735659, 0.04323485744996756, 0.125424483475796, 1) )
                uniform token[] xformOpOrder = ["xformOp:transform"]
            }

            def Cylinder "Petiolule_term" (
                prepend apiSchemas = ["PhysicsCollisionAPI"]
            )
            {
                uniform token axis = "Z"
                double height = 0.01
                rel material:binding = </Plant_1/Materials/Leaf>
                double radius = 0.0008479784000000001
                matrix4d xformOp:transform = ( (-0.7933533402912352, 0.6087614290087207, 0, 0), (-0.20820867120070155, -0.2713428231543063, 0.9396926207859084, 0), (0.5720486226585795, 0.7455082795475254, 0.3420201433256687, 0), (0.04832061307957457, 0.06297264899654421, 0.13234023676695553, 1) )
                uniform token[] xformOpOrder = ["xformOp:transform"]
            }

            def Mesh "Blade_4" (
                prepend apiSchemas = ["PhysicsCollisionAPI", "PhysicsMeshCollisionAPI"]
            )
            {
                int[] faceVertexCounts = [3, 3, 3, 3, 3, 3, 3, 3, 3, 3, 3, 3, 3, 3]
                int[] faceVertexIndices = [0, 1, 2, 0, 2, 3, 0, 3, 4, 0, 4, 5, 0, 5, 6, 0, 6, 7, 0, 7, 8, 0, 8, 9, 0, 9, 10, 0, 10, 11, 0, 11, 12, 0, 12, 13, 0, 13, 14, 0, 14, 15]
                rel material:binding = </Plant_1/Materials/Leaf>
                uniform token physics:approximation = "convexHull"
                point3f[] points = [(0, 0, 0), (0.002614628, 0.00247549, 0), (0.0046211504, 0.00495098, 0), (0.0057633775, 0.00742647, 0), (0.0059411763, 0.00990196, 0), (0.0052144844, 0.01237745, 0), (0.0037809412, 0.01485294, 0), (0.0019325513, 0.01732843, 0), (0, 0.01980392, 0), (-0.0019325513, 0.01732843, 0), (-0.0037809412, 0.01485294, 0), (-0.0052144844, 0.01237745, 0), (-0.0059411763, 0.00990196, 0), (-0.0057633775, 0.00742647, 0), (-0.0046211504, 0.00495098, 0), (-0.002614628, 0.00247549, 0)]
                uniform token subdivisionScheme = "none"
                matrix4d xformOp:transform = ( (0.7933533402912352, -0.6087614290087207, 0, 0), (0.5720486226585795, 0.7455082795475254, 0.3420201433256687, 0), (-0.20820867120070155, -0.2713428231543063, 0.9396926207859084, 0), (0.05118085619286747, 0.06670019039428184, 0.1340503374835839, 1) )
                uniform token[] xformOpOrder = ["xformOp:transform"]
            }
        }

        def Xform "Leaf_o1_r3_i1" (
            prepend apiSchemas = ["PhysicsRigidBodyAPI", "PhysicsMassAPI", "PhysicsFilteredPairsAPI"]
        )
        {
            prepend rel physics:filteredPairs = </Plant_1/Stem/Internode_o1_r3>
            float physics:mass = 0.05

            def Cylinder "Petiole" (
                prepend apiSchemas = ["PhysicsCollisionAPI"]
            )
            {
                uniform token axis = "Z"
                double height = 0.025633903
                rel material:binding = </Plant_1/Materials/Leaf>
                double radius = 0.0022164965
                matrix4d xformOp:transform = ( (-0.7933533402912352, 0.6087614290087207, 0, 0), (-0.20820867120070155, -0.2713428231543063, 0.9396926207859084, 0), (0.5720486226585795, 0.7455082795475254, 0.3420201433256687, 0), (0.007331919452256814, 0.009555143461809076, 0.11021884358902814, 1) )
                uniform token[] xformOpOrder = ["xformOp:transform"]
            }

            def Cylinder "Rachis" (
                prepend apiSchemas = ["PhysicsCollisionAPI"]
            )
            {
                uniform token axis = "Z"
                double height = 0.059749156
                rel material:binding = </Plant_1/Materials/Leaf>
                double radius = 0.0013298979
                matrix4d xformOp:transform = ( (-0.7933533402912352, 0.6087614290087207, 0, 0), (-0.20820867120070155, -0.2713428231543063, 0.9396926207859084, 0), (0.5720486226585795, 0.7455082795475254, 0.3420201433256687, 0), (0.03175355010191993, 0.0413820321706065, 0.12482020662741015, 1) )
                uniform token[] xformOpOrder = ["xformOp:transform"]
            }

            def Cylinder "Petiolule_0" (
                prepend apiSchemas = ["PhysicsCollisionAPI"]
            )
            {
                uniform token axis = "Z"
                double height = 0.01
                rel material:binding = </Plant_1/Materials/Leaf>
                double radius = 0.0008865985999999999
                matrix4d xformOp:transform = ( (-0.9692550857574936, -0.24605807999989301, 0, 0), (0.05409496103035083, -0.21308715443339138, 0.9755345200486782, 0), (-0.24003815097679487, 0.9455417948891769, 0.2198463103929542, 0), (0.013463648149629652, 0.023837995898064037, 0.11570173073002106, 1) )
                uniform token[] xformOpOrder = ["xformOp:transform"]
            }

            def Mesh "Blade_0" (
                prepend apiSchemas = ["PhysicsCollisionAPI", "PhysicsMeshCollisionAPI"]
            )
            {
                int[] faceVertexCounts = [3, 3, 3, 3, 3, 3, 3, 3, 3, 3, 3, 3, 3, 3]
                int[] faceVertexIndices = [0, 1, 2, 0, 2, 3, 0, 3, 4, 0, 4, 5, 0, 5, 6, 0, 6, 7, 0, 7, 8, 0, 8, 9, 0, 9, 10, 0, 10, 11, 0, 11, 12, 0, 12, 13, 0, 13, 14, 0, 14, 15]
                rel material:binding = </Plant_1/Materials/Leaf>
                uniform token physics:approximation = "convexHull"
                point3f[] points = [(0, 0, 0), (0.003062866, 0.0028998747, 0), (0.005413376, 0.0057997494, 0), (0.00675142, 0.008699624, 0), (0.0069596996, 0.011599499, 0), (0.0061084274, 0.014499374, 0), (0.0044291257, 0.017399248, 0), (0.0022638573, 0.020299124, 0), (0, 0.023198998, 0), (-0.0022638573, 0.020299124, 0), (-0.0044291257, 0.017399248, 0), (-0.0061084274, 0.014499374, 0), (-0.0069596996, 0.011599499, 0), (-0.00675142, 0.008699624, 0), (-0.005413376, 0.0057997494, 0), (-0.003062866, 0.0028998747, 0)]
                uniform token subdivisionScheme = "none"
                matrix4d xformOp:transform = ( (0.9692550857574936, 0.24605807999989301, -0, 0), (-0.24003815097679487, 0.9455417948891769, 0.2198463103929542, 0), (0.05409496103035083, -0.21308715443339138, 0.9755345200486782, 0), (0.012263457394745679, 0.028565704872509923, 0.11680096228198583, 1) )
                uniform token[] xformOpOrder = ["xformOp:transform"]
            }

            def Cylinder "Petiolule_1" (
                prepend apiSchemas = ["PhysicsCollisionAPI"]
            )
            {
                uniform token axis = "Z"
                double height = 0.01
                rel material:binding = </Plant_1/Materials/Leaf>
                double radius = 0.0008865985999999999
                matrix4d xformOp:transform = ( (-0.013187821517518024, 0.9999130369005207, 0, 0), (-0.21982719187639332, -0.0028992939027471477, 0.9755345200486782, 0), (0.9754496845431657, 0.012865175134579576, 0.2198463103929542, 0), (0.019541087327229457, 0.01917461279929105, 0.11570173073002106, 1) )
                uniform token[] xformOpOrder = ["xformOp:transform"]
            }

            def Mesh "Blade_1" (
                prepend apiSchemas = ["PhysicsCollisionAPI", "PhysicsMeshCollisionAPI"]
            )
            {
                int[] faceVertexCounts = [3, 3, 3, 3, 3, 3, 3, 3, 3, 3, 3, 3, 3, 3]
                int[] faceVertexIndices = [0, 1, 2, 0, 2, 3, 0, 3, 4, 0, 4, 5, 0, 5, 6, 0, 6, 7, 0, 7, 8, 0, 8, 9, 0, 9, 10, 0, 10, 11, 0, 11, 12, 0, 12, 13, 0, 13, 14, 0, 14, 15]
                rel material:binding = </Plant_1/Materials/Leaf>
                uniform token physics:approximation = "convexHull"
                point3f[] points = [(0, 0, 0), (0.003062866, 0.0028998747, 0), (0.005413376, 0.0057997494, 0), (0.00675142, 0.008699624, 0), (0.0069596996, 0.011599499, 0), (0.0061084274, 0.014499374, 0), (0.0044291257, 0.017399248, 0), (0.0022638573, 0.020299124, 0), (0, 0.023198998, 0), (-0.0022638573, 0.020299124, 0), (-0.0044291257, 0.017399248, 0), (-0.0061084274, 0.014499374, 0), (-0.0069596996, 0.011599499, 0), (-0.00675142, 0.008699624, 0), (-0.005413376, 0.0057997494, 0), (-0.003062866, 0.0028998747, 0)]
                uniform token subdivisionScheme = "none"
                matrix4d xformOp:transform = ( (0.013187821517518024, -0.9999130369005207, 0, 0), (0.9754496845431657, 0.012865175134579576, 0.2198463103929542, 0), (-0.21982719187639332, -0.0028992939027471477, 0.9755345200486782, 0), (0.024418335749945286, 0.019238938674963946, 0.11680096228198583, 1) )
                uniform token[] xformOpOrder = ["xformOp:transform"]
            }

            def Cylinder "Petiolule_2" (
                prepend apiSchemas = ["PhysicsCollisionAPI"]
            )
            {
                uniform token axis = "Z"
                double height = 0.01
                rel material:binding = </Plant_1/Materials/Leaf>
                double radius = 0.0008865985999999999
                matrix4d xformOp:transform = ( (-0.9692550857574936, -0.24605807999989301, 0, 0), (0.05409496103035083, -0.21308715443339138, 0.9755345200486782, 0), (-0.24003815097679487, 0.9455417948891769, 0.2198463103929542, 0), (0.03455336929757249, 0.051322655604208886, 0.12831099009016964, 1) )
                uniform token[] xformOpOrder = ["xformOp:transform"]
            }

            def Mesh "Blade_2" (
                prepend apiSchemas = ["PhysicsCollisionAPI", "PhysicsMeshCollisionAPI"]
            )
            {
                int[] faceVertexCounts = [3, 3, 3, 3, 3, 3, 3, 3, 3, 3, 3, 3, 3, 3]
                int[] faceVertexIndices = [0, 1, 2, 0, 2, 3, 0, 3, 4, 0, 4, 5, 0, 5, 6, 0, 6, 7, 0, 7, 8, 0, 8, 9, 0, 9, 10, 0, 10, 11, 0, 11, 12, 0, 12, 13, 0, 13, 14, 0, 14, 15]
                rel material:binding = </Plant_1/Materials/Leaf>
                uniform token physics:approximation = "convexHull"
                point3f[] points = [(0, 0, 0), (0.003062866, 0.0028998747, 0), (0.005413376, 0.0057997494, 0), (0.00675142, 0.008699624, 0), (0.0069596996, 0.011599499, 0), (0.0061084274, 0.014499374, 0), (0.0044291257, 0.017399248, 0), (0.0022638573, 0.020299124, 0), (0, 0.023198998, 0), (-0.0022638573, 0.020299124, 0), (-0.0044291257, 0.017399248, 0), (-0.0061084274, 0.014499374, 0), (-0.0069596996, 0.011599499, 0), (-0.00675142, 0.008699624, 0), (-0.005413376, 0.0057997494, 0), (-0.003062866, 0.0028998747, 0)]
                uniform token subdivisionScheme = "none"
                matrix4d xformOp:transform = ( (0.9692550857574936, 0.24605807999989301, -0, 0), (-0.24003815097679487, 0.9455417948891769, 0.2198463103929542, 0), (0.05409496103035083, -0.21308715443339138, 0.9755345200486782, 0), (0.03335317854268851, 0.056050364578654775, 0.12941022164213442, 1) )
                uniform token[] xformOpOrder = ["xformOp:transform"]
            }

            def Cylinder "Petiolule_3" (
                prepend apiSchemas = ["PhysicsCollisionAPI"]
            )
            {
                uniform token axis = "Z"
                double height = 0.01
                rel material:binding = </Plant_1/Materials/Leaf>
                double radius = 0.0008865985999999999
                matrix4d xformOp:transform = ( (-0.013187821517518024, 0.9999130369005207, 0, 0), (-0.21982719187639332, -0.0028992939027471477, 0.9755345200486782, 0), (0.9754496845431657, 0.012865175134579576, 0.2198463103929542, 0), (0.04063080847517229, 0.0466592725054359, 0.12831099009016964, 1) )
                uniform token[] xformOpOrder = ["xformOp:transform"]
            }

            def Mesh "Blade_3" (
                prepend apiSchemas = ["PhysicsCollisionAPI", "PhysicsMeshCollisionAPI"]
            )
            {
                int[] faceVertexCounts = [3, 3, 3, 3, 3, 3, 3, 3, 3, 3, 3, 3, 3, 3]
                int[] faceVertexIndices = [0, 1, 2, 0, 2, 3, 0, 3, 4, 0, 4, 5, 0, 5, 6, 0, 6, 7, 0, 7, 8, 0, 8, 9, 0, 9, 10, 0, 10, 11, 0, 11, 12, 0, 12, 13, 0, 13, 14, 0, 14, 15]
                rel material:binding = </Plant_1/Materials/Leaf>
                uniform token physics:approximation = "convexHull"
                point3f[] points = [(0, 0, 0), (0.003062866, 0.0028998747, 0), (0.005413376, 0.0057997494, 0), (0.00675142, 0.008699624, 0), (0.0069596996, 0.011599499, 0), (0.0061084274, 0.014499374, 0), (0.0044291257, 0.017399248, 0), (0.0022638573, 0.020299124, 0), (0, 0.023198998, 0), (-0.0022638573, 0.020299124, 0), (-0.0044291257, 0.017399248, 0), (-0.0061084274, 0.014499374, 0), (-0.0069596996, 0.011599499, 0), (-0.00675142, 0.008699624, 0), (-0.005413376, 0.0057997494, 0), (-0.003062866, 0.0028998747, 0)]
                uniform token subdivisionScheme = "none"
                matrix4d xformOp:transform = ( (0.013187821517518024, -0.9999130369005207, 0, 0), (0.9754496845431657, 0.012865175134579576, 0.2198463103929542, 0), (-0.21982719187639332, -0.0028992939027471477, 0.9755345200486782, 0), (0.045508056897888116, 0.0467235983811088, 0.12941022164213442, 1) )
                uniform token[] xformOpOrder = ["xformOp:transform"]
            }

            def Cylinder "Petiolule_term" (
                prepend apiSchemas = ["PhysicsCollisionAPI"]
            )
            {
                uniform token axis = "Z"
                double height = 0.01
                rel material:binding = </Plant_1/Materials/Leaf>
                double radius = 0.0008865985999999999
                matrix4d xformOp:transform = ( (-0.7933533402912352, 0.6087614290087207, 0, 0), (-0.20820867120070155, -0.2713428231543063, 0.9396926207859084, 0), (0.5720486226585795, 0.7455082795475254, 0.3420201433256687, 0), (0.051703504412619124, 0.06738131881533248, 0.13674801479339235, 1) )
                uniform token[] xformOpOrder = ["xformOp:transform"]
            }

            def Mesh "Blade_4" (
                prepend apiSchemas = ["PhysicsCollisionAPI", "PhysicsMeshCollisionAPI"]
            )
            {
                int[] faceVertexCounts = [3, 3, 3, 3, 3, 3, 3, 3, 3, 3, 3, 3, 3, 3]
                int[] faceVertexIndices = [0, 1, 2, 0, 2, 3, 0, 3, 4, 0, 4, 5, 0, 5, 6, 0, 6, 7, 0, 7, 8, 0, 8, 9, 0, 9, 10, 0, 10, 11, 0, 11, 12, 0, 12, 13, 0, 13, 14, 0, 14, 15]
                rel material:binding = </Plant_1/Materials/Leaf>
                uniform token physics:approximation = "convexHull"
                point3f[] points = [(0, 0, 0), (0.003062866, 0.0028998747, 0), (0.005413376, 0.0057997494, 0), (0.00675142, 0.008699624, 0), (0.0069596996, 0.011599499, 0), (0.0061084274, 0.014499374, 0), (0.0044291257, 0.017399248, 0), (0.0022638573, 0.020299124, 0), (0, 0.023198998, 0), (-0.0022638573, 0.020299124, 0), (-0.0044291257, 0.017399248, 0), (-0.0061084274, 0.014499374, 0), (-0.0069596996, 0.011599499, 0), (-0.00675142, 0.008699624, 0), (-0.005413376, 0.0057997494, 0), (-0.003062866, 0.0028998747, 0)]
                uniform token subdivisionScheme = "none"
                matrix4d xformOp:transform = ( (0.7933533402912352, -0.6087614290087207, 0, 0), (0.5720486226585795, 0.7455082795475254, 0.3420201433256687, 0), (-0.20820867120070155, -0.2713428231543063, 0.9396926207859084, 0), (0.054563747525912025, 0.07110886021307011, 0.1384581155100207, 1) )
                uniform token[] xformOpOrder = ["xformOp:transform"]
            }
        }

        def Xform "Leaf_o1_r3_i2" (
            prepend apiSchemas = ["PhysicsRigidBodyAPI", "PhysicsMassAPI", "PhysicsFilteredPairsAPI"]
        )
        {
            prepend rel physics:filteredPairs = </Plant_1/Stem/Internode_o1_r3>
            float physics:mass = 0.05

            def Cylinder "Petiole" (
                prepend apiSchemas = ["PhysicsCollisionAPI"]
            )
            {
                uniform token axis = "Z"
                double height = 0.025633903
                rel material:binding = </Plant_1/Materials/Leaf>
                double radius = 0.0022164965
                matrix4d xformOp:transform = ( (-0.7933533402912352, 0.6087614290087207, 0, 0), (-0.20820867120070155, -0.2713428231543063, 0.9396926207859084, 0), (0.5720486226585795, 0.7455082795475254, 0.3420201433256687, 0), (0.007331919452256814, 0.009555143461809076, 0.11021884358902814, 1) )
                uniform token[] xformOpOrder = ["xformOp:transform"]
            }

            def Cylinder "Rachis" (
                prepend apiSchemas = ["PhysicsCollisionAPI"]
            )
            {
                uniform token axis = "Z"
                double height = 0.059749156
                rel material:binding = </Plant_1/Materials/Leaf>
                double radius = 0.0013298979
                matrix4d xformOp:transform = ( (-0.7933533402912352, 0.6087614290087207, 0, 0), (-0.20820867120070155, -0.2713428231543063, 0.9396926207859084, 0), (0.5720486226585795, 0.7455082795475254, 0.3420201433256687, 0), (0.03175355010191993, 0.0413820321706065, 0.12482020662741015, 1) )
                uniform token[] xformOpOrder = ["xformOp:transform"]
            }

            def Cylinder "Petiolule_0" (
                prepend apiSchemas = ["PhysicsCollisionAPI"]
            )
            {
                uniform token axis = "Z"
                double height = 0.01
                rel material:binding = </Plant_1/Materials/Leaf>
                double radius = 0.0008865985999999999
                matrix4d xformOp:transform = ( (-0.9692550857574936, -0.24605807999989301, 0, 0), (0.05409496103035083, -0.21308715443339138, 0.9755345200486782, 0), (-0.24003815097679487, 0.9455417948891769, 0.2198463103929542, 0), (0.013463648149629652, 0.023837995898064037, 0.11570173073002106, 1) )
                uniform token[] xformOpOrder = ["xformOp:transform"]
            }

            def Mesh "Blade_0" (
                prepend apiSchemas = ["PhysicsCollisionAPI", "PhysicsMeshCollisionAPI"]
            )
            {
                int[] faceVertexCounts = [3, 3, 3, 3, 3, 3, 3, 3, 3, 3, 3, 3, 3, 3]
                int[] faceVertexIndices = [0, 1, 2, 0, 2, 3, 0, 3, 4, 0, 4, 5, 0, 5, 6, 0, 6, 7, 0, 7, 8, 0, 8, 9, 0, 9, 10, 0, 10, 11, 0, 11, 12, 0, 12, 13, 0, 13, 14, 0, 14, 15]
                rel material:binding = </Plant_1/Materials/Leaf>
                uniform token physics:approximation = "convexHull"
                point3f[] points = [(0, 0, 0), (0.003062866, 0.0028998747, 0), (0.005413376, 0.0057997494, 0), (0.00675142, 0.008699624, 0), (0.0069596996, 0.011599499, 0), (0.0061084274, 0.014499374, 0), (0.0044291257, 0.017399248, 0), (0.0022638573, 0.020299124, 0), (0, 0.023198998, 0), (-0.0022638573, 0.020299124, 0), (-0.0044291257, 0.017399248, 0), (-0.0061084274, 0.014499374, 0), (-0.0069596996, 0.011599499, 0), (-0.00675142, 0.008699624, 0), (-0.005413376, 0.0057997494, 0), (-0.003062866, 0.0028998747, 0)]
                uniform token subdivisionScheme = "none"
                matrix4d xformOp:transform = ( (0.9692550857574936, 0.24605807999989301, -0, 0), (-0.24003815097679487, 0.9455417948891769, 0.2198463103929542, 0), (0.05409496103035083, -0.21308715443339138, 0.9755345200486782, 0), (0.012263457394745679, 0.028565704872509923, 0.11680096228198583, 1) )
                uniform token[] xformOpOrder = ["xformOp:transform"]
            }

            def Cylinder "Petiolule_1" (
                prepend apiSchemas = ["PhysicsCollisionAPI"]
            )
            {
                uniform token axis = "Z"
                double height = 0.01
                rel material:binding = </Plant_1/Materials/Leaf>
                double radius = 0.0008865985999999999
                matrix4d xformOp:transform = ( (-0.013187821517518024, 0.9999130369005207, 0, 0), (-0.21982719187639332, -0.0028992939027471477, 0.9755345200486782, 0), (0.9754496845431657, 0.012865175134579576, 0.2198463103929542, 0), (0.019541087327229457, 0.01917461279929105, 0.11570173073002106, 1) )
                uniform token[] xformOpOrder = ["xformOp:transform"]
            }

            def Mesh "Blade_1" (
                prepend apiSchemas = ["PhysicsCollisionAPI", "PhysicsMeshCollisionAPI"]
            )
            {
                int[] faceVertexCounts = [3, 3, 3, 3, 3, 3, 3, 3, 3, 3, 3, 3, 3, 3]
                int[] faceVertexIndices = [0, 1, 2, 0, 2, 3, 0, 3, 4, 0, 4, 5, 0, 5, 6, 0, 6, 7, 0, 7, 8, 0, 8, 9, 0, 9, 10, 0, 10, 11, 0, 11, 12, 0, 12, 13, 0, 13, 14, 0, 14, 15]
                rel material:binding = </Plant_1/Materials/Leaf>
                uniform token physics:approximation = "convexHull"
                point3f[] points = [(0, 0, 0), (0.003062866, 0.0028998747, 0), (0.005413376, 0.0057997494, 0), (0.00675142, 0.008699624, 0), (0.0069596996, 0.011599499, 0), (0.0061084274, 0.014499374, 0), (0.0044291257, 0.017399248, 0), (0.0022638573, 0.020299124, 0), (0, 0.023198998, 0), (-0.0022638573, 0.020299124, 0), (-0.0044291257, 0.017399248, 0), (-0.0061084274, 0.014499374, 0), (-0.0069596996, 0.011599499, 0), (-0.00675142, 0.008699624, 0), (-0.005413376, 0.0057997494, 0), (-0.003062866, 0.0028998747, 0)]
                uniform token subdivisionScheme = "none"
                matrix4d xformOp:transform = ( (0.013187821517518024, -0.9999130369005207, 0, 0), (0.9754496845431657, 0.012865175134579576, 0.2198463103929542, 0), (-0.21982719187639332, -0.0028992939027471477, 0.9755345200486782, 0), (0.024418335749945286, 0.019238938674963946, 0.11680096228198583, 1) )
                uniform token[] xformOpOrder = ["xformOp:transform"]
            }

            def Cylinder "Petiolule_2" (
                prepend apiSchemas = ["PhysicsCollisionAPI"]
            )
            {
                uniform token axis = "Z"
                double height = 0.01
                rel material:binding = </Plant_1/Materials/Leaf>
                double radius = 0.0008865985999999999
                matrix4d xformOp:transform = ( (-0.9692550857574936, -0.24605807999989301, 0, 0), (0.05409496103035083, -0.21308715443339138, 0.9755345200486782, 0), (-0.24003815097679487, 0.9455417948891769, 0.2198463103929542, 0), (0.03455336929757249, 0.051322655604208886, 0.12831099009016964, 1) )
                uniform token[] xformOpOrder = ["xformOp:transform"]
            }

            def Mesh "Blade_2" (
                prepend apiSchemas = ["PhysicsCollisionAPI", "PhysicsMeshCollisionAPI"]
            )
            {
                int[] faceVertexCounts = [3, 3, 3, 3, 3, 3, 3, 3, 3, 3, 3, 3, 3, 3]
                int[] faceVertexIndices = [0, 1, 2, 0, 2, 3, 0, 3, 4, 0, 4, 5, 0, 5, 6, 0, 6, 7, 0, 7, 8, 0, 8, 9, 0, 9, 10, 0, 10, 11, 0, 11, 12, 0, 12, 13, 0, 13, 14, 0, 14, 15]
                rel material:binding = </Plant_1/Materials/Leaf>
                uniform token physics:approximation = "convexHull"
                point3f[] points = [(0, 0, 0), (0.003062866, 0.0028998747, 0), (0.005413376, 0.0057997494, 0), (0.00675142, 0.008699624, 0), (0.0069596996, 0.011599499, 0), (0.0061084274, 0.014499374, 0), (0.0044291257, 0.017399248, 0), (0.0022638573, 0.020299124, 0), (0, 0.023198998, 0), (-0.0022638573, 0.020299124, 0), (-0.0044291257, 0.017399248, 0), (-0.0061084274, 0.014499374, 0), (-0.0069596996, 0.011599499, 0), (-0.00675142, 0.008699624, 0), (-0.005413376, 0.0057997494, 0), (-0.003062866, 0.0028998747, 0)]
                uniform token subdivisionScheme = "none"
                matrix4d xformOp:transform = ( (0.9692550857574936, 0.24605807999989301, -0, 0), (-0.24003815097679487, 0.9455417948891769, 0.2198463103929542, 0), (0.05409496103035083, -0.21308715443339138, 0.9755345200486782, 0), (0.03335317854268851, 0.056050364578654775, 0.12941022164213442, 1) )
                uniform token[] xformOpOrder = ["xformOp:transform"]
            }

            def Cylinder "Petiolule_3" (
                prepend apiSchemas = ["PhysicsCollisionAPI"]
            )
            {
                uniform token axis = "Z"
                double height = 0.01
                rel material:binding = </Plant_1/Materials/Leaf>
                double radius = 0.0008865985999999999
                matrix4d xformOp:transform = ( (-0.013187821517518024, 0.9999130369005207, 0, 0), (-0.21982719187639332, -0.0028992939027471477, 0.9755345200486782, 0), (0.9754496845431657, 0.012865175134579576, 0.2198463103929542, 0), (0.04063080847517229, 0.0466592725054359, 0.12831099009016964, 1) )
                uniform token[] xformOpOrder = ["xformOp:transform"]
            }

            def Mesh "Blade_3" (
                prepend apiSchemas = ["PhysicsCollisionAPI", "PhysicsMeshCollisionAPI"]
            )
            {
                int[] faceVertexCounts = [3, 3, 3, 3, 3, 3, 3, 3, 3, 3, 3, 3, 3, 3]
                int[] faceVertexIndices = [0, 1, 2, 0, 2, 3, 0, 3, 4, 0, 4, 5, 0, 5, 6, 0, 6, 7, 0, 7, 8, 0, 8, 9, 0, 9, 10, 0, 10, 11, 0, 11, 12, 0, 12, 13, 0, 13, 14, 0, 14, 15]
                rel material:binding = </Plant_1/Materials/Leaf>
                uniform token physics:approximation = "convexHull"
                point3f[] points = [(0, 0, 0), (0.003062866, 0.0028998747, 0), (0.005413376, 0.0057997494, 0), (0.00675142, 0.008699624, 0), (0.0069596996, 0.011599499, 0), (0.0061084274, 0.014499374, 0), (0.0044291257, 0.017399248, 0), (0.0022638573, 0.020299124, 0), (0, 0.023198998, 0), (-0.0022638573, 0.020299124, 0), (-0.0044291257, 0.017399248, 0), (-0.0061084274, 0.014499374, 0), (-0.0069596996, 0.011599499, 0), (-0.00675142, 0.008699624, 0), (-0.005413376, 0.0057997494, 0), (-0.003062866, 0.0028998747, 0)]
                uniform token subdivisionScheme = "none"
                matrix4d xformOp:transform = ( (0.013187821517518024, -0.9999130369005207, 0, 0), (0.9754496845431657, 0.012865175134579576, 0.2198463103929542, 0), (-0.21982719187639332, -0.0028992939027471477, 0.9755345200486782, 0), (0.045508056897888116, 0.0467235983811088, 0.12941022164213442, 1) )
                uniform token[] xformOpOrder = ["xformOp:transform"]
            }

            def Cylinder "Petiolule_term" (
                prepend apiSchemas = ["PhysicsCollisionAPI"]
            )
            {
                uniform token axis = "Z"
                double height = 0.01
                rel material:binding = </Plant_1/Materials/Leaf>
                double radius = 0.0008865985999999999
                matrix4d xformOp:transform = ( (-0.7933533402912352, 0.6087614290087207, 0, 0), (-0.20820867120070155, -0.2713428231543063, 0.9396926207859084, 0), (0.5720486226585795, 0.7455082795475254, 0.3420201433256687, 0), (0.051703504412619124, 0.06738131881533248, 0.13674801479339235, 1) )
                uniform token[] xformOpOrder = ["xformOp:transform"]
            }

            def Mesh "Blade_4" (
                prepend apiSchemas = ["PhysicsCollisionAPI", "PhysicsMeshCollisionAPI"]
            )
            {
                int[] faceVertexCounts = [3, 3, 3, 3, 3, 3, 3, 3, 3, 3, 3, 3, 3, 3]
                int[] faceVertexIndices = [0, 1, 2, 0, 2, 3, 0, 3, 4, 0, 4, 5, 0, 5, 6, 0, 6, 7, 0, 7, 8, 0, 8, 9, 0, 9, 10, 0, 10, 11, 0, 11, 12, 0, 12, 13, 0, 13, 14, 0, 14, 15]
                rel material:binding = </Plant_1/Materials/Leaf>
                uniform token physics:approximation = "convexHull"
                point3f[] points = [(0, 0, 0), (0.003062866, 0.0028998747, 0), (0.005413376, 0.0057997494, 0), (0.00675142, 0.008699624, 0), (0.0069596996, 0.011599499, 0), (0.0061084274, 0.014499374, 0), (0.0044291257, 0.017399248, 0), (0.0022638573, 0.020299124, 0), (0, 0.023198998, 0), (-0.0022638573, 0.020299124, 0), (-0.0044291257, 0.017399248, 0), (-0.0061084274, 0.014499374, 0), (-0.0069596996, 0.011599499, 0), (-0.00675142, 0.008699624, 0), (-0.005413376, 0.0057997494, 0), (-0.003062866, 0.0028998747, 0)]
                uniform token subdivisionScheme = "none"
                matrix4d xformOp:transform = ( (0.7933533402912352, -0.6087614290087207, 0, 0), (0.5720486226585795, 0.7455082795475254, 0.3420201433256687, 0), (-0.20820867120070155, -0.2713428231543063, 0.9396926207859084, 0), (0.054563747525912025, 0.07110886021307011, 0.1384581155100207, 1) )
                uniform token[] xformOpOrder = ["xformOp:transform"]
            }
        }

        def Xform "Leaf_o1_r3_i3" (
            prepend apiSchemas = ["PhysicsRigidBodyAPI", "PhysicsMassAPI", "PhysicsFilteredPairsAPI"]
        )
        {
            prepend rel physics:filteredPairs = </Plant_1/Stem/Internode_o1_r3>
            float physics:mass = 0.05

            def Cylinder "Petiole" (
                prepend apiSchemas = ["PhysicsCollisionAPI"]
            )
            {
                uniform token axis = "Z"
                double height = 0.025633903
                rel material:binding = </Plant_1/Materials/Leaf>
                double radius = 0.0022164965
                matrix4d xformOp:transform = ( (-0.7933533402912352, 0.6087614290087207, 0, 0), (-0.20820867120070155, -0.2713428231543063, 0.9396926207859084, 0), (0.5720486226585795, 0.7455082795475254, 0.3420201433256687, 0), (0.007331919452256814, 0.009555143461809076, 0.11021884358902814, 1) )
                uniform token[] xformOpOrder = ["xformOp:transform"]
            }

            def Cylinder "Rachis" (
                prepend apiSchemas = ["PhysicsCollisionAPI"]
            )
            {
                uniform token axis = "Z"
                double height = 0.059749156
                rel material:binding = </Plant_1/Materials/Leaf>
                double radius = 0.0013298979
                matrix4d xformOp:transform = ( (-0.7933533402912352, 0.6087614290087207, 0, 0), (-0.20820867120070155, -0.2713428231543063, 0.9396926207859084, 0), (0.5720486226585795, 0.7455082795475254, 0.3420201433256687, 0), (0.03175355010191993, 0.0413820321706065, 0.12482020662741015, 1) )
                uniform token[] xformOpOrder = ["xformOp:transform"]
            }

            def Cylinder "Petiolule_0" (
                prepend apiSchemas = ["PhysicsCollisionAPI"]
            )
            {
                uniform token axis = "Z"
                double height = 0.01
                rel material:binding = </Plant_1/Materials/Leaf>
                double radius = 0.0008865985999999999
                matrix4d xformOp:transform = ( (-0.9692550857574936, -0.24605807999989301, 0, 0), (0.05409496103035083, -0.21308715443339138, 0.9755345200486782, 0), (-0.24003815097679487, 0.9455417948891769, 0.2198463103929542, 0), (0.013463648149629652, 0.023837995898064037, 0.11570173073002106, 1) )
                uniform token[] xformOpOrder = ["xformOp:transform"]
            }

            def Mesh "Blade_0" (
                prepend apiSchemas = ["PhysicsCollisionAPI", "PhysicsMeshCollisionAPI"]
            )
            {
                int[] faceVertexCounts = [3, 3, 3, 3, 3, 3, 3, 3, 3, 3, 3, 3, 3, 3]
                int[] faceVertexIndices = [0, 1, 2, 0, 2, 3, 0, 3, 4, 0, 4, 5, 0, 5, 6, 0, 6, 7, 0, 7, 8, 0, 8, 9, 0, 9, 10, 0, 10, 11, 0, 11, 12, 0, 12, 13, 0, 13, 14, 0, 14, 15]
                rel material:binding = </Plant_1/Materials/Leaf>
                uniform token physics:approximation = "convexHull"
                point3f[] points = [(0, 0, 0), (0.003062866, 0.0028998747, 0), (0.005413376, 0.0057997494, 0), (0.00675142, 0.008699624, 0), (0.0069596996, 0.011599499, 0), (0.0061084274, 0.014499374, 0), (0.0044291257, 0.017399248, 0), (0.0022638573, 0.020299124, 0), (0, 0.023198998, 0), (-0.0022638573, 0.020299124, 0), (-0.0044291257, 0.017399248, 0), (-0.0061084274, 0.014499374, 0), (-0.0069596996, 0.011599499, 0), (-0.00675142, 0.008699624, 0), (-0.005413376, 0.0057997494, 0), (-0.003062866, 0.0028998747, 0)]
                uniform token subdivisionScheme = "none"
                matrix4d xformOp:transform = ( (0.9692550857574936, 0.24605807999989301, -0, 0), (-0.24003815097679487, 0.9455417948891769, 0.2198463103929542, 0), (0.05409496103035083, -0.21308715443339138, 0.9755345200486782, 0), (0.012263457394745679, 0.028565704872509923, 0.11680096228198583, 1) )
                uniform token[] xformOpOrder = ["xformOp:transform"]
            }

            def Cylinder "Petiolule_1" (
                prepend apiSchemas = ["PhysicsCollisionAPI"]
            )
            {
                uniform token axis = "Z"
                double height = 0.01
                rel material:binding = </Plant_1/Materials/Leaf>
                double radius = 0.0008865985999999999
                matrix4d xformOp:transform = ( (-0.013187821517518024, 0.9999130369005207, 0, 0), (-0.21982719187639332, -0.0028992939027471477, 0.9755345200486782, 0), (0.9754496845431657, 0.012865175134579576, 0.2198463103929542, 0), (0.019541087327229457, 0.01917461279929105, 0.11570173073002106, 1) )
                uniform token[] xformOpOrder = ["xformOp:transform"]
            }

            def Mesh "Blade_1" (
                prepend apiSchemas = ["PhysicsCollisionAPI", "PhysicsMeshCollisionAPI"]
            )
            {
                int[] faceVertexCounts = [3, 3, 3, 3, 3, 3, 3, 3, 3, 3, 3, 3, 3, 3]
                int[] faceVertexIndices = [0, 1, 2, 0, 2, 3, 0, 3, 4, 0, 4, 5, 0, 5, 6, 0, 6, 7, 0, 7, 8, 0, 8, 9, 0, 9, 10, 0, 10, 11, 0, 11, 12, 0, 12, 13, 0, 13, 14, 0, 14, 15]
                rel material:binding = </Plant_1/Materials/Leaf>
                uniform token physics:approximation = "convexHull"
                point3f[] points = [(0, 0, 0), (0.003062866, 0.0028998747, 0), (0.005413376, 0.0057997494, 0), (0.00675142, 0.008699624, 0), (0.0069596996, 0.011599499, 0), (0.0061084274, 0.014499374, 0), (0.0044291257, 0.017399248, 0), (0.0022638573, 0.020299124, 0), (0, 0.023198998, 0), (-0.0022638573, 0.020299124, 0), (-0.0044291257, 0.017399248, 0), (-0.0061084274, 0.014499374, 0), (-0.0069596996, 0.011599499, 0), (-0.00675142, 0.008699624, 0), (-0.005413376, 0.0057997494, 0), (-0.003062866, 0.0028998747, 0)]
                uniform token subdivisionScheme = "none"
                matrix4d xformOp:transform = ( (0.013187821517518024, -0.9999130369005207, 0, 0), (0.9754496845431657, 0.012865175134579576, 0.2198463103929542, 0), (-0.21982719187639332, -0.0028992939027471477, 0.9755345200486782, 0), (0.024418335749945286, 0.019238938674963946, 0.11680096228198583, 1) )
                uniform token[] xformOpOrder = ["xformOp:transform"]
            }

            def Cylinder "Petiolule_2" (
                prepend apiSchemas = ["PhysicsCollisionAPI"]
            )
            {
                uniform token axis = "Z"
                double height = 0.01
                rel material:binding = </Plant_1/Materials/Leaf>
                double radius = 0.0008865985999999999
                matrix4d xformOp:transform = ( (-0.9692550857574936, -0.24605807999989301, 0, 0), (0.05409496103035083, -0.21308715443339138, 0.9755345200486782, 0), (-0.24003815097679487, 0.9455417948891769, 0.2198463103929542, 0), (0.03455336929757249, 0.051322655604208886, 0.12831099009016964, 1) )
                uniform token[] xformOpOrder = ["xformOp:transform"]
            }

            def Mesh "Blade_2" (
                prepend apiSchemas = ["PhysicsCollisionAPI", "PhysicsMeshCollisionAPI"]
            )
            {
                int[] faceVertexCounts = [3, 3, 3, 3, 3, 3, 3, 3, 3, 3, 3, 3, 3, 3]
                int[] faceVertexIndices = [0, 1, 2, 0, 2, 3, 0, 3, 4, 0, 4, 5, 0, 5, 6, 0, 6, 7, 0, 7, 8, 0, 8, 9, 0, 9, 10, 0, 10, 11, 0, 11, 12, 0, 12, 13, 0, 13, 14, 0, 14, 15]
                rel material:binding = </Plant_1/Materials/Leaf>
                uniform token physics:approximation = "convexHull"
                point3f[] points = [(0, 0, 0), (0.003062866, 0.0028998747, 0), (0.005413376, 0.0057997494, 0), (0.00675142, 0.008699624, 0), (0.0069596996, 0.011599499, 0), (0.0061084274, 0.014499374, 0), (0.0044291257, 0.017399248, 0), (0.0022638573, 0.020299124, 0), (0, 0.023198998, 0), (-0.0022638573, 0.020299124, 0), (-0.0044291257, 0.017399248, 0), (-0.0061084274, 0.014499374, 0), (-0.0069596996, 0.011599499, 0), (-0.00675142, 0.008699624, 0), (-0.005413376, 0.0057997494, 0), (-0.003062866, 0.0028998747, 0)]
                uniform token subdivisionScheme = "none"
                matrix4d xformOp:transform = ( (0.9692550857574936, 0.24605807999989301, -0, 0), (-0.24003815097679487, 0.9455417948891769, 0.2198463103929542, 0), (0.05409496103035083, -0.21308715443339138, 0.9755345200486782, 0), (0.03335317854268851, 0.056050364578654775, 0.12941022164213442, 1) )
                uniform token[] xformOpOrder = ["xformOp:transform"]
            }

            def Cylinder "Petiolule_3" (
                prepend apiSchemas = ["PhysicsCollisionAPI"]
            )
            {
                uniform token axis = "Z"
                double height = 0.01
                rel material:binding = </Plant_1/Materials/Leaf>
                double radius = 0.0008865985999999999
                matrix4d xformOp:transform = ( (-0.013187821517518024, 0.9999130369005207, 0, 0), (-0.21982719187639332, -0.0028992939027471477, 0.9755345200486782, 0), (0.9754496845431657, 0.012865175134579576, 0.2198463103929542, 0), (0.04063080847517229, 0.0466592725054359, 0.12831099009016964, 1) )
                uniform token[] xformOpOrder = ["xformOp:transform"]
            }

            def Mesh "Blade_3" (
                prepend apiSchemas = ["PhysicsCollisionAPI", "PhysicsMeshCollisionAPI"]
            )
            {
                int[] faceVertexCounts = [3, 3, 3, 3, 3, 3, 3, 3, 3, 3, 3, 3, 3, 3]
                int[] faceVertexIndices = [0, 1, 2, 0, 2, 3, 0, 3, 4, 0, 4, 5, 0, 5, 6, 0, 6, 7, 0, 7, 8, 0, 8, 9, 0, 9, 10, 0, 10, 11, 0, 11, 12, 0, 12, 13, 0, 13, 14, 0, 14, 15]
                rel material:binding = </Plant_1/Materials/Leaf>
                uniform token physics:approximation = "convexHull"
                point3f[] points = [(0, 0, 0), (0.003062866, 0.0028998747, 0), (0.005413376, 0.0057997494, 0), (0.00675142, 0.008699624, 0), (0.0069596996, 0.011599499, 0), (0.0061084274, 0.014499374, 0), (0.0044291257, 0.017399248, 0), (0.0022638573, 0.020299124, 0), (0, 0.023198998, 0), (-0.0022638573, 0.020299124, 0), (-0.0044291257, 0.017399248, 0), (-0.0061084274, 0.014499374, 0), (-0.0069596996, 0.011599499, 0), (-0.00675142, 0.008699624, 0), (-0.005413376, 0.0057997494, 0), (-0.003062866, 0.0028998747, 0)]
                uniform token subdivisionScheme = "none"
                matrix4d xformOp:transform = ( (0.013187821517518024, -0.9999130369005207, 0, 0), (0.9754496845431657, 0.012865175134579576, 0.2198463103929542, 0), (-0.21982719187639332, -0.0028992939027471477, 0.9755345200486782, 0), (0.045508056897888116, 0.0467235983811088, 0.12941022164213442, 1) )
                uniform token[] xformOpOrder = ["xformOp:transform"]
            }

            def Cylinder "Petiolule_term" (
                prepend apiSchemas = ["PhysicsCollisionAPI"]
            )
            {
                uniform token axis = "Z"
                double height = 0.01
                rel material:binding = </Plant_1/Materials/Leaf>
                double radius = 0.0008865985999999999
                matrix4d xformOp:transform = ( (-0.7933533402912352, 0.6087614290087207, 0, 0), (-0.20820867120070155, -0.2713428231543063, 0.9396926207859084, 0), (0.5720486226585795, 0.7455082795475254, 0.3420201433256687, 0), (0.051703504412619124, 0.06738131881533248, 0.13674801479339235, 1) )
                uniform token[] xformOpOrder = ["xformOp:transform"]
            }

            def Mesh "Blade_4" (
                prepend apiSchemas = ["PhysicsCollisionAPI", "PhysicsMeshCollisionAPI"]
            )
            {
                int[] faceVertexCounts = [3, 3, 3, 3, 3, 3, 3, 3, 3, 3, 3, 3, 3, 3]
                int[] faceVertexIndices = [0, 1, 2, 0, 2, 3, 0, 3, 4, 0, 4, 5, 0, 5, 6, 0, 6, 7, 0, 7, 8, 0, 8, 9, 0, 9, 10, 0, 10, 11, 0, 11, 12, 0, 12, 13, 0, 13, 14, 0, 14, 15]
                rel material:binding = </Plant_1/Materials/Leaf>
                uniform token physics:approximation = "convexHull"
                point3f[] points = [(0, 0, 0), (0.003062866, 0.0028998747, 0), (0.005413376, 0.0057997494, 0), (0.00675142, 0.008699624, 0), (0.0069596996, 0.011599499, 0), (0.0061084274, 0.014499374, 0), (0.0044291257, 0.017399248, 0), (0.0022638573, 0.020299124, 0), (0, 0.023198998, 0), (-0.0022638573, 0.020299124, 0), (-0.0044291257, 0.017399248, 0), (-0.0061084274, 0.014499374, 0), (-0.0069596996, 0.011599499, 0), (-0.00675142, 0.008699624, 0), (-0.005413376, 0.0057997494, 0), (-0.003062866, 0.0028998747, 0)]
                uniform token subdivisionScheme = "none"
                matrix4d xformOp:transform = ( (0.7933533402912352, -0.6087614290087207, 0, 0), (0.5720486226585795, 0.7455082795475254, 0.3420201433256687, 0), (-0.20820867120070155, -0.2713428231543063, 0.9396926207859084, 0), (0.054563747525912025, 0.07110886021307011, 0.1384581155100207, 1) )
                uniform token[] xformOpOrder = ["xformOp:transform"]
            }
        }

        def Xform "Leaf_o1_r2_i0" (
            prepend apiSchemas = ["PhysicsRigidBodyAPI", "PhysicsMassAPI", "PhysicsFilteredPairsAPI"]
        )
        {
            prepend rel physics:filteredPairs = </Plant_1/Stem/Internode_o1_r2>
            float physics:mass = 0.05

            def Cylinder "Petiole" (
                prepend apiSchemas = ["PhysicsCollisionAPI"]
            )
            {
                uniform token axis = "Z"
                double height = 0.02598075
                rel material:binding = </Plant_1/Materials/Leaf>
                double radius = 0.0022405598
                matrix4d xformOp:transform = ( (0.9961946980917457, 0.08715574274765789, -0, 0), (-0.029809019626209063, 0.3407186534216101, 0.9396926207859085, 0), (0.08189960831908907, -0.9361168066628592, 0.3420201433256687, 0), (0.0010639066244180868, -0.01216050836235304, 0.07821477491935418, 1) )
                uniform token[] xformOpOrder = ["xformOp:transform"]
            }

            def Cylinder "Rachis" (
                prepend apiSchemas = ["PhysicsCollisionAPI"]
            )
            {
                uniform token axis = "Z"
                double height = 0.060905814
                rel material:binding = </Plant_1/Materials/Leaf>
                double radius = 0.0013443358799999998
                matrix4d xformOp:transform = ( (0.9961946980917457, 0.08715574274765789, -0, 0), (-0.029809019626209063, 0.3407186534216101, 0.9396926207859085, 0), (0.08189960831908907, -0.9361168066628592, 0.3420201433256687, 0), (0.00462189440431382, -0.05282849477914711, 0.09307325245553162, 1) )
                uniform token[] xformOpOrder = ["xformOp:transform"]
            }

            def Cylinder "Petiolule_0" (
                prepend apiSchemas = ["PhysicsCollisionAPI"]
            )
            {
                uniform token axis = "Z"
                double height = 0.01
                rel material:binding = </Plant_1/Materials/Leaf>
                double radius = 0.00089622392
                matrix4d xformOp:transform = ( (0.548375378964315, 0.8362322905423731, -0, 0), (-0.18384258370718962, 0.12055830377564267, 0.9755345200486784, 0), (0.8157734662034608, -0.5349591121244651, 0.2198463103929542, 0), (0.006206680579853477, -0.026995812285328408, 0.08375697639067313, 1) )
                uniform token[] xformOpOrder = ["xformOp:transform"]
            }

            def Mesh "Blade_0" (
                prepend apiSchemas = ["PhysicsCollisionAPI", "PhysicsMeshCollisionAPI"]
            )
            {
                int[] faceVertexCounts = [3, 3, 3, 3, 3, 3, 3, 3, 3, 3, 3, 3, 3, 3]
                int[] faceVertexIndices = [0, 1, 2, 0, 2, 3, 0, 3, 4, 0, 4, 5, 0, 5, 6, 0, 6, 7, 0, 7, 8, 0, 8, 9, 0, 9, 10, 0, 10, 11, 0, 11, 12, 0, 12, 13, 0, 13, 14, 0, 14, 15]
                rel material:binding = </Plant_1/Materials/Leaf>
                uniform token physics:approximation = "convexHull"
                point3f[] points = [(0, 0, 0), (0.0031826468, 0.0030132816, 0), (0.0056250794, 0.0060265632, 0), (0.0070154513, 0.009039844, 0), (0.007231876, 0.0120531265, 0), (0.006347313, 0.015066408, 0), (0.0046023377, 0.018079689, 0), (0.0023523911, 0.021092972, 0), (0, 0.024106253, 0), (-0.0023523911, 0.021092972, 0), (-0.0046023377, 0.018079689, 0), (-0.006347313, 0.015066408, 0), (-0.007231876, 0.0120531265, 0), (-0.0070154513, 0.009039844, 0), (-0.0056250794, 0.0060265632, 0), (-0.0031826468, 0.0030132816, 0)]
                uniform token subdivisionScheme = "none"
                matrix4d xformOp:transform = ( (-0.548375378964315, -0.8362322905423731, 0, 0), (0.8157734662034608, -0.5349591121244651, 0.2198463103929542, 0), (-0.18384258370718962, 0.12055830377564267, 0.9755345200486784, 0), (0.01028554791087078, -0.02967060784595073, 0.0848562079426379, 1) )
                uniform token[] xformOpOrder = ["xformOp:transform"]
            }

            def Cylinder "Petiolule_1" (
                prepend apiSchemas = ["PhysicsCollisionAPI"]
            )
            {
                uniform token axis = "Z"
                double height = 0.01
                rel material:binding = </Plant_1/Materials/Leaf>
                double radius = 0.00089622392
                matrix4d xformOp:transform = ( (0.685254538123991, -0.7283036578107212, 0, 0), (0.1601148720153797, 0.15065068188658737, 0.9755345200486782, 0), (-0.7104853592720786, -0.6684894569599661, 0.2198463103929542, 0), (-0.0014246135475242195, -0.027663464009505912, 0.08375697639067313, 1) )
                uniform token[] xformOpOrder = ["xformOp:transform"]
            }

            def Mesh "Blade_1" (
                prepend apiSchemas = ["PhysicsCollisionAPI", "PhysicsMeshCollisionAPI"]
            )
            {
                int[] faceVertexCounts = [3, 3, 3, 3, 3, 3, 3, 3, 3, 3, 3, 3, 3, 3]
                int[] faceVertexIndices = [0, 1, 2, 0, 2, 3, 0, 3, 4, 0, 4, 5, 0, 5, 6, 0, 6, 7, 0, 7, 8, 0, 8, 9, 0, 9, 10, 0, 10, 11, 0, 11, 12, 0, 12, 13, 0, 13, 14, 0, 14, 15]
                rel material:binding = </Plant_1/Materials/Leaf>
                uniform token physics:approximation = "convexHull"
                point3f[] points = [(0, 0, 0), (0.0031826468, 0.0030132816, 0), (0.0056250794, 0.0060265632, 0), (0.0070154513, 0.009039844, 0), (0.007231876, 0.0120531265, 0), (0.006347313, 0.015066408, 0), (0.0046023377, 0.018079689, 0), (0.0023523911, 0.021092972, 0), (0, 0.024106253, 0), (-0.0023523911, 0.021092972, 0), (-0.0046023377, 0.018079689, 0), (-0.006347313, 0.015066408, 0), (-0.007231876, 0.0120531265, 0), (-0.0070154513, 0.009039844, 0), (-0.0056250794, 0.0060265632, 0), (-0.0031826468, 0.0030132816, 0)]
                uniform token subdivisionScheme = "none"
                matrix4d xformOp:transform = ( (-0.685254538123991, 0.7283036578107212, 0, 0), (-0.7104853592720786, -0.6684894569599661, 0.2198463103929542, 0), (0.1601148720153797, 0.15065068188658737, 0.9755345200486782, 0), (-0.004977040343884612, -0.031005911294305744, 0.0848562079426379, 1) )
                uniform token[] xformOpOrder = ["xformOp:transform"]
            }

            def Cylinder "Petiolule_2" (
                prepend apiSchemas = ["PhysicsCollisionAPI"]
            )
            {
                uniform token axis = "Z"
                double height = 0.01
                rel material:binding = </Plant_1/Materials/Leaf>
                double radius = 0.00089622392
                matrix4d xformOp:transform = ( (0.548375378964315, 0.8362322905423731, -0, 0), (-0.18384258370718962, 0.12055830377564267, 0.9755345200486784, 0), (0.8157734662034608, -0.5349591121244651, 0.2198463103929542, 0), (0.009295446748678843, -0.06230057114600223, 0.096655942203125, 1) )
                uniform token[] xformOpOrder = ["xformOp:transform"]
            }

            def Mesh "Blade_2" (
                prepend apiSchemas = ["PhysicsCollisionAPI", "PhysicsMeshCollisionAPI"]
            )
            {
                int[] faceVertexCounts = [3, 3, 3, 3, 3, 3, 3, 3, 3, 3, 3, 3, 3, 3]
                int[] faceVertexIndices = [0, 1, 2, 0, 2, 3, 0, 3, 4, 0, 4, 5, 0, 5, 6, 0, 6, 7, 0, 7, 8, 0, 8, 9, 0, 9, 10, 0, 10, 11, 0, 11, 12, 0, 12, 13, 0, 13, 14, 0, 14, 15]
                rel material:binding = </Plant_1/Materials/Leaf>
                uniform token physics:approximation = "convexHull"
                point3f[] points = [(0, 0, 0), (0.0031826468, 0.0030132816, 0), (0.0056250794, 0.0060265632, 0), (0.0070154513, 0.009039844, 0), (0.007231876, 0.0120531265, 0), (0.006347313, 0.015066408, 0), (0.0046023377, 0.018079689, 0), (0.0023523911, 0.021092972, 0), (0, 0.024106253, 0), (-0.0023523911, 0.021092972, 0), (-0.0046023377, 0.018079689, 0), (-0.006347313, 0.015066408, 0), (-0.007231876, 0.0120531265, 0), (-0.0070154513, 0.009039844, 0), (-0.0056250794, 0.0060265632, 0), (-0.0031826468, 0.0030132816, 0)]
                uniform token subdivisionScheme = "none"
                matrix4d xformOp:transform = ( (-0.548375378964315, -0.8362322905423731, 0, 0), (0.8157734662034608, -0.5349591121244651, 0.2198463103929542, 0), (-0.18384258370718962, 0.12055830377564267, 0.9755345200486784, 0), (0.013374314079696147, -0.06497536670662456, 0.09775517375508977, 1) )
                uniform token[] xformOpOrder = ["xformOp:transform"]
            }

            def Cylinder "Petiolule_3" (
                prepend apiSchemas = ["PhysicsCollisionAPI"]
            )
            {
                uniform token axis = "Z"
                double height = 0.01
                rel material:binding = </Plant_1/Materials/Leaf>
                double radius = 0.00089622392
                matrix4d xformOp:transform = ( (0.685254538123991, -0.7283036578107212, 0, 0), (0.1601148720153797, 0.15065068188658737, 0.9755345200486782, 0), (-0.7104853592720786, -0.6684894569599661, 0.2198463103929542, 0), (0.0016641526213011467, -0.06296822287017974, 0.096655942203125, 1) )
                uniform token[] xformOpOrder = ["xformOp:transform"]
            }

            def Mesh "Blade_3" (
                prepend apiSchemas = ["PhysicsCollisionAPI", "PhysicsMeshCollisionAPI"]
            )
            {
                int[] faceVertexCounts = [3, 3, 3, 3, 3, 3, 3, 3, 3, 3, 3, 3, 3, 3]
                int[] faceVertexIndices = [0, 1, 2, 0, 2, 3, 0, 3, 4, 0, 4, 5, 0, 5, 6, 0, 6, 7, 0, 7, 8, 0, 8, 9, 0, 9, 10, 0, 10, 11, 0, 11, 12, 0, 12, 13, 0, 13, 14, 0, 14, 15]
                rel material:binding = </Plant_1/Materials/Leaf>
                uniform token physics:approximation = "convexHull"
                point3f[] points = [(0, 0, 0), (0.0031826468, 0.0030132816, 0), (0.0056250794, 0.0060265632, 0), (0.0070154513, 0.009039844, 0), (0.007231876, 0.0120531265, 0), (0.006347313, 0.015066408, 0), (0.0046023377, 0.018079689, 0), (0.0023523911, 0.021092972, 0), (0, 0.024106253, 0), (-0.0023523911, 0.021092972, 0), (-0.0046023377, 0.018079689, 0), (-0.006347313, 0.015066408, 0), (-0.007231876, 0.0120531265, 0), (-0.0070154513, 0.009039844, 0), (-0.0056250794, 0.0060265632, 0), (-0.0031826468, 0.0030132816, 0)]
                uniform token subdivisionScheme = "none"
                matrix4d xformOp:transform = ( (-0.685254538123991, 0.7283036578107212, 0, 0), (-0.7104853592720786, -0.6684894569599661, 0.2198463103929542, 0), (0.1601148720153797, 0.15065068188658737, 0.9755345200486782, 0), (-0.0018882741750592463, -0.06631067015497956, 0.09775517375508977, 1) )
                uniform token[] xformOpOrder = ["xformOp:transform"]
            }

            def Cylinder "Petiolule_term" (
                prepend apiSchemas = ["PhysicsCollisionAPI"]
            )
            {
                uniform token axis = "Z"
                double height = 0.01
                rel material:binding = </Plant_1/Materials/Leaf>
                double radius = 0.00089622392
                matrix4d xformOp:transform = ( (0.9961946980917457, 0.08715574274765789, -0, 0), (-0.029809019626209063, 0.3407186534216101, 0.9396926207859085, 0), (0.08189960831908907, -0.9361168066628592, 0.3420201433256687, 0), (0.00752547360138691, -0.08601655686690245, 0.10519886078898323, 1) )
                uniform token[] xformOpOrder = ["xformOp:transform"]
            }

            def Mesh "Blade_4" (
                prepend apiSchemas = ["PhysicsCollisionAPI", "PhysicsMeshCollisionAPI"]
            )
            {
                int[] faceVertexCounts = [3, 3, 3, 3, 3, 3, 3, 3, 3, 3, 3, 3, 3, 3]
                int[] faceVertexIndices = [0, 1, 2, 0, 2, 3, 0, 3, 4, 0, 4, 5, 0, 5, 6, 0, 6, 7, 0, 7, 8, 0, 8, 9, 0, 9, 10, 0, 10, 11, 0, 11, 12, 0, 12, 13, 0, 13, 14, 0, 14, 15]
                rel material:binding = </Plant_1/Materials/Leaf>
                uniform token physics:approximation = "convexHull"
                point3f[] points = [(0, 0, 0), (0.003182647, 0.0030132816, 0), (0.0056250794, 0.0060265632, 0), (0.0070154513, 0.009039845, 0), (0.007231876, 0.0120531265, 0), (0.006347313, 0.015066409, 0), (0.0046023377, 0.01807969, 0), (0.0023523911, 0.021092972, 0), (0, 0.024106253, 0), (-0.0023523911, 0.021092972, 0), (-0.0046023377, 0.01807969, 0), (-0.006347313, 0.015066409, 0), (-0.007231876, 0.0120531265, 0), (-0.0070154513, 0.009039845, 0), (-0.0056250794, 0.0060265632, 0), (-0.003182647, 0.0030132816, 0)]
                uniform token subdivisionScheme = "none"
                matrix4d xformOp:transform = ( (-0.9961946980917457, -0.08715574274765789, 0, 0), (0.08189960831908907, -0.9361168066628592, 0.3420201433256687, 0), (-0.029809019626209063, 0.3407186534216101, 0.9396926207859085, 0), (0.007934971642982356, -0.09069714090021674, 0.10690896150561158, 1) )
                uniform token[] xformOpOrder = ["xformOp:transform"]
            }
        }

        def Xform "Leaf_o0_r8_i0" (
            prepend apiSchemas = ["PhysicsRigidBodyAPI", "PhysicsMassAPI", "PhysicsFilteredPairsAPI"]
        )
        {
            prepend rel physics:filteredPairs = </Plant_1/Stem/Internode_o0_r8>
            float physics:mass = 0.05

            def Cylinder "Petiole" (
                prepend apiSchemas = ["PhysicsCollisionAPI"]
            )
            {
                uniform token axis = "Z"
                double height = 0.03473016
                rel material:binding = </Plant_1/Materials/Leaf>
                double radius = 0.00282898265
                matrix4d xformOp:transform = ( (-0.3420201433256687, 0.9396926207859084, 0, 0), (-0.3213938048432697, -0.11697777844051097, 0.9396926207859084, 0), (0.8830222215594891, 0.3213938048432697, 0.3420201433256687, 0), (0.015333751519158254, 0.005581029132607766, 0.21192207015046172, 1) )
                uniform token[] xformOpOrder = ["xformOp:transform"]
            }

            def Cylinder "Rachis" (
                prepend apiSchemas = ["PhysicsCollisionAPI"]
            )
            {
                uniform token axis = "Z"
                double height = 0.14417732
                rel material:binding = </Plant_1/Materials/Leaf>
                double radius = 0.00169738959
                matrix4d xformOp:transform = ( (-0.3420201433256687, 0.9396926207859084, 0, 0), (-0.3213938048432697, -0.11697777844051097, 0.9396926207859084, 0), (0.8830222215594891, 0.3213938048432697, 0.3420201433256687, 0), (0.09432339174076318, 0.03433090698866835, 0.2425170511262788, 1) )
                uniform token[] xformOpOrder = ["xformOp:transform"]
            }

            def Cylinder "Petiolule_0" (
                prepend apiSchemas = ["PhysicsCollisionAPI"]
            )
            {
                uniform token axis = "Z"
                double height = 0.01
                rel material:binding = </Plant_1/Materials/Leaf>
                double radius = 0.00113159306
                matrix4d xformOp:transform = ( (-0.949668358153019, 0.31325709812061603, 0, 0), (-0.06886841722622106, -0.2087810846368758, 0.9755345200486782, 0), (0.30559311286693686, 0.9264342659762217, 0.2198463103929542, 0), (0.03219546860265119, 0.015794229595096642, 0.21896050885288817, 1) )
                uniform token[] xformOpOrder = ["xformOp:transform"]
            }

            def Mesh "Blade_0" (
                prepend apiSchemas = ["PhysicsCollisionAPI", "PhysicsMeshCollisionAPI"]
            )
            {
                int[] faceVertexCounts = [3, 3, 3, 3, 3, 3, 3, 3, 3, 3, 3, 3, 3, 3]
                int[] faceVertexIndices = [0, 1, 2, 0, 2, 3, 0, 3, 4, 0, 4, 5, 0, 5, 6, 0, 6, 7, 0, 7, 8, 0, 8, 9, 0, 9, 10, 0, 10, 11, 0, 11, 12, 0, 12, 13, 0, 13, 14, 0, 14, 15]
                rel material:binding = </Plant_1/Materials/Leaf>
                uniform token physics:approximation = "convexHull"
                point3f[] points = [(0, 0, 0), (0.006159044, 0.0058312886, 0), (0.010885628, 0.011662577, 0), (0.013576269, 0.017493866, 0), (0.013995093, 0.023325155, 0), (0.012283291, 0.029156445, 0), (0.008906423, 0.034987733, 0), (0.004552337, 0.040819023, 0), (0, 0.04665031, 0), (-0.004552337, 0.040819023, 0), (-0.008906423, 0.034987733, 0), (-0.012283291, 0.029156445, 0), (-0.013995093, 0.023325155, 0), (-0.013576269, 0.017493866, 0), (-0.010885628, 0.011662577, 0), (-0.006159044, 0.0058312886, 0)]
                uniform token subdivisionScheme = "none"
                matrix4d xformOp:transform = ( (0.949668358153019, -0.31325709812061603, 0, 0), (0.30559311286693686, 0.9264342659762217, 0.2198463103929542, 0), (-0.06886841722622106, -0.2087810846368758, 0.9755345200486782, 0), (0.03372343416698588, 0.02042640092497775, 0.22005974040485296, 1) )
                uniform token[] xformOpOrder = ["xformOp:transform"]
            }

            def Cylinder "Petiolule_1" (
                prepend apiSchemas = ["PhysicsCollisionAPI"]
            )
            {
                uniform token axis = "Z"
                double height = 0.01
                rel material:binding = </Plant_1/Materials/Leaf>
                double radius = 0.00113159306
                matrix4d xformOp:transform = ( (0.5261303872507512, 0.8504039132149938, -0, 0), (-0.18695816266404638, 0.11566782442269384, 0.9755345200486782, 0), (0.8295983733257066, -0.5132583548096867, 0.2198463103929542, 0), (0.03481549490494504, 0.008595766491167098, 0.21896050885288817, 1) )
                uniform token[] xformOpOrder = ["xformOp:transform"]
            }

            def Mesh "Blade_1" (
                prepend apiSchemas = ["PhysicsCollisionAPI", "PhysicsMeshCollisionAPI"]
            )
            {
                int[] faceVertexCounts = [3, 3, 3, 3, 3, 3, 3, 3, 3, 3, 3, 3, 3, 3]
                int[] faceVertexIndices = [0, 1, 2, 0, 2, 3, 0, 3, 4, 0, 4, 5, 0, 5, 6, 0, 6, 7, 0, 7, 8, 0, 8, 9, 0, 9, 10, 0, 10, 11, 0, 11, 12, 0, 12, 13, 0, 13, 14, 0, 14, 15]
                rel material:binding = </Plant_1/Materials/Leaf>
                uniform token physics:approximation = "convexHull"
                point3f[] points = [(0, 0, 0), (0.006159044, 0.0058312886, 0), (0.010885628, 0.011662577, 0), (0.013576269, 0.017493866, 0), (0.013995093, 0.023325155, 0), (0.012283291, 0.029156445, 0), (0.008906423, 0.034987733, 0), (0.004552337, 0.040819023, 0), (0, 0.04665031, 0), (-0.004552337, 0.040819023, 0), (-0.008906423, 0.034987733, 0), (-0.012283291, 0.029156445, 0), (-0.013995093, 0.023325155, 0), (-0.013576269, 0.017493866, 0), (-0.010885628, 0.011662577, 0), (-0.006159044, 0.0058312886, 0)]
                uniform token subdivisionScheme = "none"
                matrix4d xformOp:transform = ( (-0.5261303872507512, -0.8504039132149938, 0, 0), (0.8295983733257066, -0.5132583548096867, 0.2198463103929542, 0), (-0.18695816266404638, 0.11566782442269384, 0.9755345200486782, 0), (0.038963486771573574, 0.006029474717118665, 0.22005974040485296, 1) )
                uniform token[] xformOpOrder = ["xformOp:transform"]
            }

            def Cylinder "Petiolule_2" (
                prepend apiSchemas = ["PhysicsCollisionAPI"]
            )
            {
                uniform token axis = "Z"
                double height = 0.01
                rel material:binding = </Plant_1/Materials/Leaf>
                double radius = 0.00113159306
                matrix4d xformOp:transform = ( (-0.949668358153019, 0.31325709812061603, 0, 0), (-0.06886841722622106, -0.2087810846368758, 0.9755345200486782, 0), (0.30559311286693686, 0.9264342659762217, 0.2198463103929542, 0), (0.07649516141473635, 0.03191799916583207, 0.23611906603858832, 1) )
                uniform token[] xformOpOrder = ["xformOp:transform"]
            }

            def Mesh "Blade_2" (
                prepend apiSchemas = ["PhysicsCollisionAPI", "PhysicsMeshCollisionAPI"]
            )
            {
                int[] faceVertexCounts = [3, 3, 3, 3, 3, 3, 3, 3, 3, 3, 3, 3, 3, 3]
                int[] faceVertexIndices = [0, 1, 2, 0, 2, 3, 0, 3, 4, 0, 4, 5, 0, 5, 6, 0, 6, 7, 0, 7, 8, 0, 8, 9, 0, 9, 10, 0, 10, 11, 0, 11, 12, 0, 12, 13, 0, 13, 14, 0, 14, 15]
                rel material:binding = </Plant_1/Materials/Leaf>
                uniform token physics:approximation = "convexHull"
                point3f[] points = [(0, 0, 0), (0.006159044, 0.0058312886, 0), (0.010885628, 0.011662577, 0), (0.013576269, 0.017493866, 0), (0.013995093, 0.023325155, 0), (0.012283291, 0.029156445, 0), (0.008906423, 0.034987733, 0), (0.004552337, 0.040819023, 0), (0, 0.04665031, 0), (-0.004552337, 0.040819023, 0), (-0.008906423, 0.034987733, 0), (-0.012283291, 0.029156445, 0), (-0.013995093, 0.023325155, 0), (-0.013576269, 0.017493866, 0), (-0.010885628, 0.011662577, 0), (-0.006159044, 0.0058312886, 0)]
                uniform token subdivisionScheme = "none"
                matrix4d xformOp:transform = ( (0.949668358153019, -0.31325709812061603, 0, 0), (0.30559311286693686, 0.9264342659762217, 0.2198463103929542, 0), (-0.06886841722622106, -0.2087810846368758, 0.9755345200486782, 0), (0.07802312697907103, 0.036550170495713186, 0.2372182975905531, 1) )
                uniform token[] xformOpOrder = ["xformOp:transform"]
            }

            def Cylinder "Petiolule_3" (
                prepend apiSchemas = ["PhysicsCollisionAPI"]
            )
            {
                uniform token axis = "Z"
                double height = 0.01
                rel material:binding = </Plant_1/Materials/Leaf>
                double radius = 0.00113159306
                matrix4d xformOp:transform = ( (0.5261303872507512, 0.8504039132149938, -0, 0), (-0.18695816266404638, 0.11566782442269384, 0.9755345200486782, 0), (0.8295983733257066, -0.5132583548096867, 0.2198463103929542, 0), (0.0791151877170302, 0.024719536061902532, 0.23611906603858832, 1) )
                uniform token[] xformOpOrder = ["xformOp:transform"]
            }

            def Mesh "Blade_3" (
                prepend apiSchemas = ["PhysicsCollisionAPI", "PhysicsMeshCollisionAPI"]
            )
            {
                int[] faceVertexCounts = [3, 3, 3, 3, 3, 3, 3, 3, 3, 3, 3, 3, 3, 3]
                int[] faceVertexIndices = [0, 1, 2, 0, 2, 3, 0, 3, 4, 0, 4, 5, 0, 5, 6, 0, 6, 7, 0, 7, 8, 0, 8, 9, 0, 9, 10, 0, 10, 11, 0, 11, 12, 0, 12, 13, 0, 13, 14, 0, 14, 15]
                rel material:binding = </Plant_1/Materials/Leaf>
                uniform token physics:approximation = "convexHull"
                point3f[] points = [(0, 0, 0), (0.006159044, 0.0058312886, 0), (0.010885628, 0.011662577, 0), (0.013576269, 0.017493866, 0), (0.013995093, 0.023325155, 0), (0.012283291, 0.029156445, 0), (0.008906423, 0.034987733, 0), (0.004552337, 0.040819023, 0), (0, 0.04665031, 0), (-0.004552337, 0.040819023, 0), (-0.008906423, 0.034987733, 0), (-0.012283291, 0.029156445, 0), (-0.013995093, 0.023325155, 0), (-0.013576269, 0.017493866, 0), (-0.010885628, 0.011662577, 0), (-0.006159044, 0.0058312886, 0)]
                uniform token subdivisionScheme = "none"
                matrix4d xformOp:transform = ( (-0.5261303872507512, -0.8504039132149938, 0, 0), (0.8295983733257066, -0.5132583548096867, 0.2198463103929542, 0), (-0.18695816266404638, 0.11566782442269384, 0.9755345200486782, 0), (0.08326317958365873, 0.022153244287854097, 0.2372182975905531, 1) )
                uniform token[] xformOpOrder = ["xformOp:transform"]
            }

            def Cylinder "Petiolule_4" (
                prepend apiSchemas = ["PhysicsCollisionAPI"]
            )
            {
                uniform token axis = "Z"
                double height = 0.01
                rel material:binding = </Plant_1/Materials/Leaf>
                double radius = 0.00113159306
                matrix4d xformOp:transform = ( (-0.949668358153019, 0.31325709812061603, 0, 0), (-0.06886841722622106, -0.2087810846368758, 0.9755345200486782, 0), (0.30559311286693686, 0.9264342659762217, 0.2198463103929542, 0), (0.12079485422682151, 0.04804176873656751, 0.2532776232242885, 1) )
                uniform token[] xformOpOrder = ["xformOp:transform"]
            }

            def Mesh "Blade_4" (
                prepend apiSchemas = ["PhysicsCollisionAPI", "PhysicsMeshCollisionAPI"]
            )
            {
                int[] faceVertexCounts = [3, 3, 3, 3, 3, 3, 3, 3, 3, 3, 3, 3, 3, 3]
                int[] faceVertexIndices = [0, 1, 2, 0, 2, 3, 0, 3, 4, 0, 4, 5, 0, 5, 6, 0, 6, 7, 0, 7, 8, 0, 8, 9, 0, 9, 10, 0, 10, 11, 0, 11, 12, 0, 12, 13, 0, 13, 14, 0, 14, 15]
                rel material:binding = </Plant_1/Materials/Leaf>
                uniform token physics:approximation = "convexHull"
                point3f[] points = [(0, 0, 0), (0.006159044, 0.0058312886, 0), (0.010885628, 0.011662577, 0), (0.013576269, 0.017493866, 0), (0.013995093, 0.023325155, 0), (0.012283291, 0.029156445, 0), (0.008906423, 0.034987733, 0), (0.004552337, 0.040819023, 0), (0, 0.04665031, 0), (-0.004552337, 0.040819023, 0), (-0.008906423, 0.034987733, 0), (-0.012283291, 0.029156445, 0), (-0.013995093, 0.023325155, 0), (-0.013576269, 0.017493866, 0), (-0.010885628, 0.011662577, 0), (-0.006159044, 0.0058312886, 0)]
                uniform token subdivisionScheme = "none"
                matrix4d xformOp:transform = ( (0.949668358153019, -0.31325709812061603, 0, 0), (0.30559311286693686, 0.9264342659762217, 0.2198463103929542, 0), (-0.06886841722622106, -0.2087810846368758, 0.9755345200486782, 0), (0.1223228197911562, 0.05267394006644862, 0.2543768547762532, 1) )
                uniform token[] xformOpOrder = ["xformOp:transform"]
            }

            def Cylinder "Petiolule_5" (
                prepend apiSchemas = ["PhysicsCollisionAPI"]
            )
            {
                uniform token axis = "Z"
                double height = 0.01
                rel material:binding = </Plant_1/Materials/Leaf>
                double radius = 0.00113159306
                matrix4d xformOp:transform = ( (0.5261303872507512, 0.8504039132149938, -0, 0), (-0.18695816266404638, 0.11566782442269384, 0.9755345200486782, 0), (0.8295983733257066, -0.5132583548096867, 0.2198463103929542, 0), (0.12341488052911537, 0.040843305632637966, 0.2532776232242885, 1) )
                uniform token[] xformOpOrder = ["xformOp:transform"]
            }

            def Mesh "Blade_5" (
                prepend apiSchemas = ["PhysicsCollisionAPI", "PhysicsMeshCollisionAPI"]
            )
            {
                int[] faceVertexCounts = [3, 3, 3, 3, 3, 3, 3, 3, 3, 3, 3, 3, 3, 3]
                int[] faceVertexIndices = [0, 1, 2, 0, 2, 3, 0, 3, 4, 0, 4, 5, 0, 5, 6, 0, 6, 7, 0, 7, 8, 0, 8, 9, 0, 9, 10, 0, 10, 11, 0, 11, 12, 0, 12, 13, 0, 13, 14, 0, 14, 15]
                rel material:binding = </Plant_1/Materials/Leaf>
                uniform token physics:approximation = "convexHull"
                point3f[] points = [(0, 0, 0), (0.006159044, 0.0058312886, 0), (0.010885628, 0.011662577, 0), (0.013576269, 0.017493866, 0), (0.013995093, 0.023325155, 0), (0.012283291, 0.029156445, 0), (0.008906423, 0.034987733, 0), (0.004552337, 0.040819023, 0), (0, 0.04665031, 0), (-0.004552337, 0.040819023, 0), (-0.008906423, 0.034987733, 0), (-0.012283291, 0.029156445, 0), (-0.013995093, 0.023325155, 0), (-0.013576269, 0.017493866, 0), (-0.010885628, 0.011662577, 0), (-0.006159044, 0.0058312886, 0)]
                uniform token subdivisionScheme = "none"
                matrix4d xformOp:transform = ( (-0.5261303872507512, -0.8504039132149938, 0, 0), (0.8295983733257066, -0.5132583548096867, 0.2198463103929542, 0), (-0.18695816266404638, 0.11566782442269384, 0.9755345200486782, 0), (0.1275628723957439, 0.03827701385858953, 0.2543768547762532, 1) )
                uniform token[] xformOpOrder = ["xformOp:transform"]
            }

            def Cylinder "Petiolule_term" (
                prepend apiSchemas = ["PhysicsCollisionAPI"]
            )
            {
                uniform token axis = "Z"
                double height = 0.01
                rel material:binding = </Plant_1/Materials/Leaf>
                double radius = 0.00113159306
                matrix4d xformOp:transform = ( (-0.3420201433256687, 0.9396926207859084, 0, 0), (-0.3213938048432697, -0.11697777844051097, 0.9396926207859084, 0), (0.8830222215594891, 0.3213938048432697, 0.3420201433256687, 0), (0.1623943915510073, 0.059106724736337525, 0.26888292566826255, 1) )
                uniform token[] xformOpOrder = ["xformOp:transform"]
            }

            def Mesh "Blade_6" (
                prepend apiSchemas = ["PhysicsCollisionAPI", "PhysicsMeshCollisionAPI"]
            )
            {
                int[] faceVertexCounts = [3, 3, 3, 3, 3, 3, 3, 3, 3, 3, 3, 3, 3, 3]
                int[] faceVertexIndices = [0, 1, 2, 0, 2, 3, 0, 3, 4, 0, 4, 5, 0, 5, 6, 0, 6, 7, 0, 7, 8, 0, 8, 9, 0, 9, 10, 0, 10, 11, 0, 11, 12, 0, 12, 13, 0, 13, 14, 0, 14, 15]
                rel material:binding = </Plant_1/Materials/Leaf>
                uniform token physics:approximation = "convexHull"
                point3f[] points = [(0, 0, 0), (0.006160122, 0.00583231, 0), (0.010887533, 0.01166462, 0), (0.013578646, 0.017496929, 0), (0.013997544, 0.02332924, 0), (0.012285441, 0.029161548, 0), (0.008907982, 0.034993857, 0), (0.0045531336, 0.040826168, 0), (0, 0.04665848, 0), (-0.0045531336, 0.040826168, 0), (-0.008907982, 0.034993857, 0), (-0.012285441, 0.029161548, 0), (-0.013997544, 0.02332924, 0), (-0.013578646, 0.017496929, 0), (-0.010887533, 0.01166462, 0), (-0.006160122, 0.00583231, 0)]
                uniform token subdivisionScheme = "none"
                matrix4d xformOp:transform = ( (0.3420201433256687, -0.9396926207859084, 0, 0), (0.8830222215594891, 0.3213938048432697, 0.3420201433256687, 0), (-0.3213938048432697, -0.11697777844051097, 0.9396926207859084, 0), (0.16680950265880476, 0.06071369376055387, 0.27059302638489086, 1) )
                uniform token[] xformOpOrder = ["xformOp:transform"]
            }
        }

        def Xform "Leaf_o1_r2_i1" (
            prepend apiSchemas = ["PhysicsRigidBodyAPI", "PhysicsMassAPI", "PhysicsFilteredPairsAPI"]
        )
        {
            prepend rel physics:filteredPairs = </Plant_1/Stem/Internode_o1_r2>
            float physics:mass = 0.05

            def Cylinder "Petiole" (
                prepend apiSchemas = ["PhysicsCollisionAPI"]
            )
            {
                uniform token axis = "Z"
                double height = 0.026372936
                rel material:binding = </Plant_1/Materials/Leaf>
                double radius = 0.00226769225
                matrix4d xformOp:transform = ( (0.9961946980917457, 0.08715574274765789, -0, 0), (-0.029809019626209063, 0.3407186534216101, 0.9396926207859085, 0), (0.08189960831908907, -0.9361168066628592, 0.3420201433256687, 0), (0.001079966564312202, -0.01234407431532198, 0.07898567967531933, 1) )
                uniform token[] xformOpOrder = ["xformOp:transform"]
            }

            def Cylinder "Rachis" (
                prepend apiSchemas = ["PhysicsCollisionAPI"]
            )
            {
                uniform token axis = "Z"
                double height = 0.062223107
                rel material:binding = </Plant_1/Materials/Leaf>
                double radius = 0.0013606153499999998
                matrix4d xformOp:transform = ( (0.9961946980917457, 0.08715574274765789, -0, 0), (-0.029809019626209063, 0.3407186534216101, 0.9396926207859085, 0), (0.08189960831908907, -0.9361168066628592, 0.3420201433256687, 0), (0.004707957174472789, -0.053812196743384666, 0.09413649533779289, 1) )
                uniform token[] xformOpOrder = ["xformOp:transform"]
            }

            def Cylinder "Petiolule_0" (
                prepend apiSchemas = ["PhysicsCollisionAPI"]
            )
            {
                uniform token axis = "Z"
                double height = 0.01
                rel material:binding = </Plant_1/Materials/Leaf>
                double radius = 0.0009070769
                matrix4d xformOp:transform = ( (0.548375378964315, 0.8362322905423731, -0, 0), (-0.18384258370718962, 0.12055830377564267, 0.9755345200486784, 0), (0.8157734662034608, -0.5349591121244651, 0.2198463103929542, 0), (0.006238800459641708, -0.027362944191266288, 0.08459494890260345, 1) )
                uniform token[] xformOpOrder = ["xformOp:transform"]
            }

            def Mesh "Blade_0" (
                prepend apiSchemas = ["PhysicsCollisionAPI", "PhysicsMeshCollisionAPI"]
            )
            {
                int[] faceVertexCounts = [3, 3, 3, 3, 3, 3, 3, 3, 3, 3, 3, 3, 3, 3]
                int[] faceVertexIndices = [0, 1, 2, 0, 2, 3, 0, 3, 4, 0, 4, 5, 0, 5, 6, 0, 6, 7, 0, 7, 8, 0, 8, 9, 0, 9, 10, 0, 10, 11, 0, 11, 12, 0, 12, 13, 0, 13, 14, 0, 14, 15]
                rel material:binding = </Plant_1/Materials/Leaf>
                uniform token physics:approximation = "convexHull"
                point3f[] points = [(0, 0, 0), (0.003321703, 0.0031449378, 0), (0.0058708503, 0.0062898756, 0), (0.00732197, 0.009434814, 0), (0.0075478507, 0.012579751, 0), (0.0066246395, 0.015724689, 0), (0.004803423, 0.018869627, 0), (0.002455172, 0.022014566, 0), (0, 0.025159502, 0), (-0.002455172, 0.022014566, 0), (-0.004803423, 0.018869627, 0), (-0.0066246395, 0.015724689, 0), (-0.0075478507, 0.012579751, 0), (-0.00732197, 0.009434814, 0), (-0.0058708503, 0.0062898756, 0), (-0.003321703, 0.0031449378, 0)]
                uniform token subdivisionScheme = "none"
                matrix4d xformOp:transform = ( (-0.548375378964315, -0.8362322905423731, 0, 0), (0.8157734662034608, -0.5349591121244651, 0.2198463103929542, 0), (-0.18384258370718962, 0.12055830377564267, 0.9755345200486784, 0), (0.010317667790659011, -0.03003773975188861, 0.08569418045456823, 1) )
                uniform token[] xformOpOrder = ["xformOp:transform"]
            }

            def Cylinder "Petiolule_1" (
                prepend apiSchemas = ["PhysicsCollisionAPI"]
            )
            {
                uniform token axis = "Z"
                double height = 0.01
                rel material:binding = </Plant_1/Materials/Leaf>
                double radius = 0.0009070769
                matrix4d xformOp:transform = ( (0.685254538123991, -0.7283036578107212, 0, 0), (0.1601148720153797, 0.15065068188658737, 0.9755345200486782, 0), (-0.7104853592720786, -0.6684894569599661, 0.2198463103929542, 0), (-0.0013924936677359892, -0.028030595915443792, 0.08459494890260345, 1) )
                uniform token[] xformOpOrder = ["xformOp:transform"]
            }

            def Mesh "Blade_1" (
                prepend apiSchemas = ["PhysicsCollisionAPI", "PhysicsMeshCollisionAPI"]
            )
            {
                int[] faceVertexCounts = [3, 3, 3, 3, 3, 3, 3, 3, 3, 3, 3, 3, 3, 3]
                int[] faceVertexIndices = [0, 1, 2, 0, 2, 3, 0, 3, 4, 0, 4, 5, 0, 5, 6, 0, 6, 7, 0, 7, 8, 0, 8, 9, 0, 9, 10, 0, 10, 11, 0, 11, 12, 0, 12, 13, 0, 13, 14, 0, 14, 15]
                rel material:binding = </Plant_1/Materials/Leaf>
                uniform token physics:approximation = "convexHull"
                point3f[] points = [(0, 0, 0), (0.003321703, 0.0031449378, 0), (0.0058708503, 0.0062898756, 0), (0.00732197, 0.009434814, 0), (0.0075478507, 0.012579751, 0), (0.0066246395, 0.015724689, 0), (0.004803423, 0.018869627, 0), (0.002455172, 0.022014566, 0), (0, 0.025159502, 0), (-0.002455172, 0.022014566, 0), (-0.004803423, 0.018869627, 0), (-0.0066246395, 0.015724689, 0), (-0.0075478507, 0.012579751, 0), (-0.00732197, 0.009434814, 0), (-0.0058708503, 0.0062898756, 0), (-0.003321703, 0.0031449378, 0)]
                uniform token subdivisionScheme = "none"
                matrix4d xformOp:transform = ( (-0.685254538123991, 0.7283036578107212, 0, 0), (-0.7104853592720786, -0.6684894569599661, 0.2198463103929542, 0), (0.1601148720153797, 0.15065068188658737, 0.9755345200486782, 0), (-0.004944920464096382, -0.031373043200243624, 0.08569418045456823, 1) )
                uniform token[] xformOpOrder = ["xformOp:transform"]
            }

            def Cylinder "Petiolule_2" (
                prepend apiSchemas = ["PhysicsCollisionAPI"]
            )
            {
                uniform token axis = "Z"
                double height = 0.01
                rel material:binding = </Plant_1/Materials/Leaf>
                double radius = 0.0009070769
                matrix4d xformOp:transform = ( (0.548375378964315, 0.8362322905423731, -0, 0), (-0.18384258370718962, 0.12055830377564267, 0.9755345200486784, 0), (0.8157734662034608, -0.5349591121244651, 0.2198463103929542, 0), (0.009406780502930555, -0.06357312178016207, 0.09782471899182091, 1) )
                uniform token[] xformOpOrder = ["xformOp:transform"]
            }

            def Mesh "Blade_2" (
                prepend apiSchemas = ["PhysicsCollisionAPI", "PhysicsMeshCollisionAPI"]
            )
            {
                int[] faceVertexCounts = [3, 3, 3, 3, 3, 3, 3, 3, 3, 3, 3, 3, 3, 3]
                int[] faceVertexIndices = [0, 1, 2, 0, 2, 3, 0, 3, 4, 0, 4, 5, 0, 5, 6, 0, 6, 7, 0, 7, 8, 0, 8, 9, 0, 9, 10, 0, 10, 11, 0, 11, 12, 0, 12, 13, 0, 13, 14, 0, 14, 15]
                rel material:binding = </Plant_1/Materials/Leaf>
                uniform token physics:approximation = "convexHull"
                point3f[] points = [(0, 0, 0), (0.003321703, 0.0031449378, 0), (0.0058708503, 0.0062898756, 0), (0.00732197, 0.009434814, 0), (0.0075478507, 0.012579751, 0), (0.0066246395, 0.015724689, 0), (0.004803423, 0.018869627, 0), (0.002455172, 0.022014566, 0), (0, 0.025159502, 0), (-0.002455172, 0.022014566, 0), (-0.004803423, 0.018869627, 0), (-0.0066246395, 0.015724689, 0), (-0.0075478507, 0.012579751, 0), (-0.00732197, 0.009434814, 0), (-0.0058708503, 0.0062898756, 0), (-0.003321703, 0.0031449378, 0)]
                uniform token subdivisionScheme = "none"
                matrix4d xformOp:transform = ( (-0.548375378964315, -0.8362322905423731, 0, 0), (0.8157734662034608, -0.5349591121244651, 0.2198463103929542, 0), (-0.18384258370718962, 0.12055830377564267, 0.9755345200486784, 0), (0.013485647833947859, -0.0662479173407844, 0.09892395054378568, 1) )
                uniform token[] xformOpOrder = ["xformOp:transform"]
            }

            def Cylinder "Petiolule_3" (
                prepend apiSchemas = ["PhysicsCollisionAPI"]
            )
            {
                uniform token axis = "Z"
                double height = 0.01
                rel material:binding = </Plant_1/Materials/Leaf>
                double radius = 0.0009070769
                matrix4d xformOp:transform = ( (0.685254538123991, -0.7283036578107212, 0, 0), (0.1601148720153797, 0.15065068188658737, 0.9755345200486782, 0), (-0.7104853592720786, -0.6684894569599661, 0.2198463103929542, 0), (0.001775486375552858, -0.06424077350433958, 0.09782471899182091, 1) )
                uniform token[] xformOpOrder = ["xformOp:transform"]
            }

            def Mesh "Blade_3" (
                prepend apiSchemas = ["PhysicsCollisionAPI", "PhysicsMeshCollisionAPI"]
            )
            {
                int[] faceVertexCounts = [3, 3, 3, 3, 3, 3, 3, 3, 3, 3, 3, 3, 3, 3]
                int[] faceVertexIndices = [0, 1, 2, 0, 2, 3, 0, 3, 4, 0, 4, 5, 0, 5, 6, 0, 6, 7, 0, 7, 8, 0, 8, 9, 0, 9, 10, 0, 10, 11, 0, 11, 12, 0, 12, 13, 0, 13, 14, 0, 14, 15]
                rel material:binding = </Plant_1/Materials/Leaf>
                uniform token physics:approximation = "convexHull"
                point3f[] points = [(0, 0, 0), (0.003321703, 0.0031449378, 0), (0.0058708503, 0.0062898756, 0), (0.00732197, 0.009434814, 0), (0.0075478507, 0.012579751, 0), (0.0066246395, 0.015724689, 0), (0.004803423, 0.018869627, 0), (0.002455172, 0.022014566, 0), (0, 0.025159502, 0), (-0.002455172, 0.022014566, 0), (-0.004803423, 0.018869627, 0), (-0.0066246395, 0.015724689, 0), (-0.0075478507, 0.012579751, 0), (-0.00732197, 0.009434814, 0), (-0.0058708503, 0.0062898756, 0), (-0.003321703, 0.0031449378, 0)]
                uniform token subdivisionScheme = "none"
                matrix4d xformOp:transform = ( (-0.685254538123991, 0.7283036578107212, 0, 0), (-0.7104853592720786, -0.6684894569599661, 0.2198463103929542, 0), (0.1601148720153797, 0.15065068188658737, 0.9755345200486782, 0), (-0.001776940420807535, -0.0675832207891394, 0.09892395054378568, 1) )
                uniform token[] xformOpOrder = ["xformOp:transform"]
            }

            def Cylinder "Petiolule_term" (
                prepend apiSchemas = ["PhysicsCollisionAPI"]
            )
            {
                uniform token axis = "Z"
                double height = 0.01
                rel material:binding = </Plant_1/Materials/Leaf>
                double radius = 0.0009070769
                matrix4d xformOp:transform = ( (0.9961946980917457, 0.08715574274765789, -0, 0), (-0.029809019626209063, 0.3407186534216101, 0.9396926207859085, 0), (0.08189960831908907, -0.9361168066628592, 0.3420201433256687, 0), (0.007665479261916619, -0.08761682888943965, 0.10648737404157545, 1) )
                uniform token[] xformOpOrder = ["xformOp:transform"]
            }

            def Mesh "Blade_4" (
                prepend apiSchemas = ["PhysicsCollisionAPI", "PhysicsMeshCollisionAPI"]
            )
            {
                int[] faceVertexCounts = [3, 3, 3, 3, 3, 3, 3, 3, 3, 3, 3, 3, 3, 3]
                int[] faceVertexIndices = [0, 1, 2, 0, 2, 3, 0, 3, 4, 0, 4, 5, 0, 5, 6, 0, 6, 7, 0, 7, 8, 0, 8, 9, 0, 9, 10, 0, 10, 11, 0, 11, 12, 0, 12, 13, 0, 13, 14, 0, 14, 15]
                rel material:binding = </Plant_1/Materials/Leaf>
                uniform token physics:approximation = "convexHull"
                point3f[] points = [(0, 0, 0), (0.003321703, 0.0031449378, 0), (0.0058708503, 0.0062898756, 0), (0.00732197, 0.009434814, 0), (0.0075478507, 0.012579751, 0), (0.00662464, 0.015724689, 0), (0.004803423, 0.018869627, 0), (0.002455172, 0.022014566, 0), (0, 0.025159502, 0), (-0.002455172, 0.022014566, 0), (-0.004803423, 0.018869627, 0), (-0.00662464, 0.015724689, 0), (-0.0075478507, 0.012579751, 0), (-0.00732197, 0.009434814, 0), (-0.0058708503, 0.0062898756, 0), (-0.003321703, 0.0031449378, 0)]
                uniform token subdivisionScheme = "none"
                matrix4d xformOp:transform = ( (-0.9961946980917457, -0.08715574274765789, 0, 0), (0.08189960831908907, -0.9361168066628592, 0.3420201433256687, 0), (-0.029809019626209063, 0.3407186534216101, 0.9396926207859085, 0), (0.008074977303512065, -0.09229741292275395, 0.1081974747582038, 1) )
                uniform token[] xformOpOrder = ["xformOp:transform"]
            }
        }

        def Xform "Leaf_o1_r2_i2" (
            prepend apiSchemas = ["PhysicsRigidBodyAPI", "PhysicsMassAPI", "PhysicsFilteredPairsAPI"]
        )
        {
            prepend rel physics:filteredPairs = </Plant_1/Stem/Internode_o1_r2>
            float physics:mass = 0.05

            def Cylinder "Petiole" (
                prepend apiSchemas = ["PhysicsCollisionAPI"]
            )
            {
                uniform token axis = "Z"
                double height = 0.026372936
                rel material:binding = </Plant_1/Materials/Leaf>
                double radius = 0.00226769225
                matrix4d xformOp:transform = ( (0.9961946980917457, 0.08715574274765789, -0, 0), (-0.029809019626209063, 0.3407186534216101, 0.9396926207859085, 0), (0.08189960831908907, -0.9361168066628592, 0.3420201433256687, 0), (0.001079966564312202, -0.01234407431532198, 0.07898567967531933, 1) )
                uniform token[] xformOpOrder = ["xformOp:transform"]
            }

            def Cylinder "Rachis" (
                prepend apiSchemas = ["PhysicsCollisionAPI"]
            )
            {
                uniform token axis = "Z"
                double height = 0.062223107
                rel material:binding = </Plant_1/Materials/Leaf>
                double radius = 0.0013606153499999998
                matrix4d xformOp:transform = ( (0.9961946980917457, 0.08715574274765789, -0, 0), (-0.029809019626209063, 0.3407186534216101, 0.9396926207859085, 0), (0.08189960831908907, -0.9361168066628592, 0.3420201433256687, 0), (0.004707957174472789, -0.053812196743384666, 0.09413649533779289, 1) )
                uniform token[] xformOpOrder = ["xformOp:transform"]
            }

            def Cylinder "Petiolule_0" (
                prepend apiSchemas = ["PhysicsCollisionAPI"]
            )
            {
                uniform token axis = "Z"
                double height = 0.01
                rel material:binding = </Plant_1/Materials/Leaf>
                double radius = 0.0009070769
                matrix4d xformOp:transform = ( (0.548375378964315, 0.8362322905423731, -0, 0), (-0.18384258370718962, 0.12055830377564267, 0.9755345200486784, 0), (0.8157734662034608, -0.5349591121244651, 0.2198463103929542, 0), (0.006238800459641708, -0.027362944191266288, 0.08459494890260345, 1) )
                uniform token[] xformOpOrder = ["xformOp:transform"]
            }

            def Mesh "Blade_0" (
                prepend apiSchemas = ["PhysicsCollisionAPI", "PhysicsMeshCollisionAPI"]
            )
            {
                int[] faceVertexCounts = [3, 3, 3, 3, 3, 3, 3, 3, 3, 3, 3, 3, 3, 3]
                int[] faceVertexIndices = [0, 1, 2, 0, 2, 3, 0, 3, 4, 0, 4, 5, 0, 5, 6, 0, 6, 7, 0, 7, 8, 0, 8, 9, 0, 9, 10, 0, 10, 11, 0, 11, 12, 0, 12, 13, 0, 13, 14, 0, 14, 15]
                rel material:binding = </Plant_1/Materials/Leaf>
                uniform token physics:approximation = "convexHull"
                point3f[] points = [(0, 0, 0), (0.003321703, 0.0031449378, 0), (0.0058708503, 0.0062898756, 0), (0.00732197, 0.009434814, 0), (0.0075478507, 0.012579751, 0), (0.0066246395, 0.015724689, 0), (0.004803423, 0.018869627, 0), (0.002455172, 0.022014566, 0), (0, 0.025159502, 0), (-0.002455172, 0.022014566, 0), (-0.004803423, 0.018869627, 0), (-0.0066246395, 0.015724689, 0), (-0.0075478507, 0.012579751, 0), (-0.00732197, 0.009434814, 0), (-0.0058708503, 0.0062898756, 0), (-0.003321703, 0.0031449378, 0)]
                uniform token subdivisionScheme = "none"
                matrix4d xformOp:transform = ( (-0.548375378964315, -0.8362322905423731, 0, 0), (0.8157734662034608, -0.5349591121244651, 0.2198463103929542, 0), (-0.18384258370718962, 0.12055830377564267, 0.9755345200486784, 0), (0.010317667790659011, -0.03003773975188861, 0.08569418045456823, 1) )
                uniform token[] xformOpOrder = ["xformOp:transform"]
            }

            def Cylinder "Petiolule_1" (
                prepend apiSchemas = ["PhysicsCollisionAPI"]
            )
            {
                uniform token axis = "Z"
                double height = 0.01
                rel material:binding = </Plant_1/Materials/Leaf>
                double radius = 0.0009070769
                matrix4d xformOp:transform = ( (0.685254538123991, -0.7283036578107212, 0, 0), (0.1601148720153797, 0.15065068188658737, 0.9755345200486782, 0), (-0.7104853592720786, -0.6684894569599661, 0.2198463103929542, 0), (-0.0013924936677359892, -0.028030595915443792, 0.08459494890260345, 1) )
                uniform token[] xformOpOrder = ["xformOp:transform"]
            }

            def Mesh "Blade_1" (
                prepend apiSchemas = ["PhysicsCollisionAPI", "PhysicsMeshCollisionAPI"]
            )
            {
                int[] faceVertexCounts = [3, 3, 3, 3, 3, 3, 3, 3, 3, 3, 3, 3, 3, 3]
                int[] faceVertexIndices = [0, 1, 2, 0, 2, 3, 0, 3, 4, 0, 4, 5, 0, 5, 6, 0, 6, 7, 0, 7, 8, 0, 8, 9, 0, 9, 10, 0, 10, 11, 0, 11, 12, 0, 12, 13, 0, 13, 14, 0, 14, 15]
                rel material:binding = </Plant_1/Materials/Leaf>
                uniform token physics:approximation = "convexHull"
                point3f[] points = [(0, 0, 0), (0.003321703, 0.0031449378, 0), (0.0058708503, 0.0062898756, 0), (0.00732197, 0.009434814, 0), (0.0075478507, 0.012579751, 0), (0.0066246395, 0.015724689, 0), (0.004803423, 0.018869627, 0), (0.002455172, 0.022014566, 0), (0, 0.025159502, 0), (-0.002455172, 0.022014566, 0), (-0.004803423, 0.018869627, 0), (-0.0066246395, 0.015724689, 0), (-0.0075478507, 0.012579751, 0), (-0.00732197, 0.009434814, 0), (-0.0058708503, 0.0062898756, 0), (-0.003321703, 0.0031449378, 0)]
                uniform token subdivisionScheme = "none"
                matrix4d xformOp:transform = ( (-0.685254538123991, 0.7283036578107212, 0, 0), (-0.7104853592720786, -0.6684894569599661, 0.2198463103929542, 0), (0.1601148720153797, 0.15065068188658737, 0.9755345200486782, 0), (-0.004944920464096382, -0.031373043200243624, 0.08569418045456823, 1) )
                uniform token[] xformOpOrder = ["xformOp:transform"]
            }

            def Cylinder "Petiolule_2" (
                prepend apiSchemas = ["PhysicsCollisionAPI"]
            )
            {
                uniform token axis = "Z"
                double height = 0.01
                rel material:binding = </Plant_1/Materials/Leaf>
                double radius = 0.0009070769
                matrix4d xformOp:transform = ( (0.548375378964315, 0.8362322905423731, -0, 0), (-0.18384258370718962, 0.12055830377564267, 0.9755345200486784, 0), (0.8157734662034608, -0.5349591121244651, 0.2198463103929542, 0), (0.009406780502930555, -0.06357312178016207, 0.09782471899182091, 1) )
                uniform token[] xformOpOrder = ["xformOp:transform"]
            }

            def Mesh "Blade_2" (
                prepend apiSchemas = ["PhysicsCollisionAPI", "PhysicsMeshCollisionAPI"]
            )
            {
                int[] faceVertexCounts = [3, 3, 3, 3, 3, 3, 3, 3, 3, 3, 3, 3, 3, 3]
                int[] faceVertexIndices = [0, 1, 2, 0, 2, 3, 0, 3, 4, 0, 4, 5, 0, 5, 6, 0, 6, 7, 0, 7, 8, 0, 8, 9, 0, 9, 10, 0, 10, 11, 0, 11, 12, 0, 12, 13, 0, 13, 14, 0, 14, 15]
                rel material:binding = </Plant_1/Materials/Leaf>
                uniform token physics:approximation = "convexHull"
                point3f[] points = [(0, 0, 0), (0.003321703, 0.0031449378, 0), (0.0058708503, 0.0062898756, 0), (0.00732197, 0.009434814, 0), (0.0075478507, 0.012579751, 0), (0.0066246395, 0.015724689, 0), (0.004803423, 0.018869627, 0), (0.002455172, 0.022014566, 0), (0, 0.025159502, 0), (-0.002455172, 0.022014566, 0), (-0.004803423, 0.018869627, 0), (-0.0066246395, 0.015724689, 0), (-0.0075478507, 0.012579751, 0), (-0.00732197, 0.009434814, 0), (-0.0058708503, 0.0062898756, 0), (-0.003321703, 0.0031449378, 0)]
                uniform token subdivisionScheme = "none"
                matrix4d xformOp:transform = ( (-0.548375378964315, -0.8362322905423731, 0, 0), (0.8157734662034608, -0.5349591121244651, 0.2198463103929542, 0), (-0.18384258370718962, 0.12055830377564267, 0.9755345200486784, 0), (0.013485647833947859, -0.0662479173407844, 0.09892395054378568, 1) )
                uniform token[] xformOpOrder = ["xformOp:transform"]
            }

            def Cylinder "Petiolule_3" (
                prepend apiSchemas = ["PhysicsCollisionAPI"]
            )
            {
                uniform token axis = "Z"
                double height = 0.01
                rel material:binding = </Plant_1/Materials/Leaf>
                double radius = 0.0009070769
                matrix4d xformOp:transform = ( (0.685254538123991, -0.7283036578107212, 0, 0), (0.1601148720153797, 0.15065068188658737, 0.9755345200486782, 0), (-0.7104853592720786, -0.6684894569599661, 0.2198463103929542, 0), (0.001775486375552858, -0.06424077350433958, 0.09782471899182091, 1) )
                uniform token[] xformOpOrder = ["xformOp:transform"]
            }

            def Mesh "Blade_3" (
                prepend apiSchemas = ["PhysicsCollisionAPI", "PhysicsMeshCollisionAPI"]
            )
            {
                int[] faceVertexCounts = [3, 3, 3, 3, 3, 3, 3, 3, 3, 3, 3, 3, 3, 3]
                int[] faceVertexIndices = [0, 1, 2, 0, 2, 3, 0, 3, 4, 0, 4, 5, 0, 5, 6, 0, 6, 7, 0, 7, 8, 0, 8, 9, 0, 9, 10, 0, 10, 11, 0, 11, 12, 0, 12, 13, 0, 13, 14, 0, 14, 15]
                rel material:binding = </Plant_1/Materials/Leaf>
                uniform token physics:approximation = "convexHull"
                point3f[] points = [(0, 0, 0), (0.003321703, 0.0031449378, 0), (0.0058708503, 0.0062898756, 0), (0.00732197, 0.009434814, 0), (0.0075478507, 0.012579751, 0), (0.0066246395, 0.015724689, 0), (0.004803423, 0.018869627, 0), (0.002455172, 0.022014566, 0), (0, 0.025159502, 0), (-0.002455172, 0.022014566, 0), (-0.004803423, 0.018869627, 0), (-0.0066246395, 0.015724689, 0), (-0.0075478507, 0.012579751, 0), (-0.00732197, 0.009434814, 0), (-0.0058708503, 0.0062898756, 0), (-0.003321703, 0.0031449378, 0)]
                uniform token subdivisionScheme = "none"
                matrix4d xformOp:transform = ( (-0.685254538123991, 0.7283036578107212, 0, 0), (-0.7104853592720786, -0.6684894569599661, 0.2198463103929542, 0), (0.1601148720153797, 0.15065068188658737, 0.9755345200486782, 0), (-0.001776940420807535, -0.0675832207891394, 0.09892395054378568, 1) )
                uniform token[] xformOpOrder = ["xformOp:transform"]
            }

            def Cylinder "Petiolule_term" (
                prepend apiSchemas = ["PhysicsCollisionAPI"]
            )
            {
                uniform token axis = "Z"
                double height = 0.01
                rel material:binding = </Plant_1/Materials/Leaf>
                double radius = 0.0009070769
                matrix4d xformOp:transform = ( (0.9961946980917457, 0.08715574274765789, -0, 0), (-0.029809019626209063, 0.3407186534216101, 0.9396926207859085, 0), (0.08189960831908907, -0.9361168066628592, 0.3420201433256687, 0), (0.007665479261916619, -0.08761682888943965, 0.10648737404157545, 1) )
                uniform token[] xformOpOrder = ["xformOp:transform"]
            }

            def Mesh "Blade_4" (
                prepend apiSchemas = ["PhysicsCollisionAPI", "PhysicsMeshCollisionAPI"]
            )
            {
                int[] faceVertexCounts = [3, 3, 3, 3, 3, 3, 3, 3, 3, 3, 3, 3, 3, 3]
                int[] faceVertexIndices = [0, 1, 2, 0, 2, 3, 0, 3, 4, 0, 4, 5, 0, 5, 6, 0, 6, 7, 0, 7, 8, 0, 8, 9, 0, 9, 10, 0, 10, 11, 0, 11, 12, 0, 12, 13, 0, 13, 14, 0, 14, 15]
                rel material:binding = </Plant_1/Materials/Leaf>
                uniform token physics:approximation = "convexHull"
                point3f[] points = [(0, 0, 0), (0.003321703, 0.0031449378, 0), (0.0058708503, 0.0062898756, 0), (0.00732197, 0.009434814, 0), (0.0075478507, 0.012579751, 0), (0.00662464, 0.015724689, 0), (0.004803423, 0.018869627, 0), (0.002455172, 0.022014566, 0), (0, 0.025159502, 0), (-0.002455172, 0.022014566, 0), (-0.004803423, 0.018869627, 0), (-0.00662464, 0.015724689, 0), (-0.0075478507, 0.012579751, 0), (-0.00732197, 0.009434814, 0), (-0.0058708503, 0.0062898756, 0), (-0.003321703, 0.0031449378, 0)]
                uniform token subdivisionScheme = "none"
                matrix4d xformOp:transform = ( (-0.9961946980917457, -0.08715574274765789, 0, 0), (0.08189960831908907, -0.9361168066628592, 0.3420201433256687, 0), (-0.029809019626209063, 0.3407186534216101, 0.9396926207859085, 0), (0.008074977303512065, -0.09229741292275395, 0.1081974747582038, 1) )
                uniform token[] xformOpOrder = ["xformOp:transform"]
            }
        }

        def Xform "Leaf_o1_r2_i3" (
            prepend apiSchemas = ["PhysicsRigidBodyAPI", "PhysicsMassAPI", "PhysicsFilteredPairsAPI"]
        )
        {
            prepend rel physics:filteredPairs = </Plant_1/Stem/Internode_o1_r2>
            float physics:mass = 0.05

            def Cylinder "Petiole" (
                prepend apiSchemas = ["PhysicsCollisionAPI"]
            )
            {
                uniform token axis = "Z"
                double height = 0.026372936
                rel material:binding = </Plant_1/Materials/Leaf>
                double radius = 0.00226769225
                matrix4d xformOp:transform = ( (0.9961946980917457, 0.08715574274765789, -0, 0), (-0.029809019626209063, 0.3407186534216101, 0.9396926207859085, 0), (0.08189960831908907, -0.9361168066628592, 0.3420201433256687, 0), (0.001079966564312202, -0.01234407431532198, 0.07898567967531933, 1) )
                uniform token[] xformOpOrder = ["xformOp:transform"]
            }

            def Cylinder "Rachis" (
                prepend apiSchemas = ["PhysicsCollisionAPI"]
            )
            {
                uniform token axis = "Z"
                double height = 0.062223107
                rel material:binding = </Plant_1/Materials/Leaf>
                double radius = 0.0013606153499999998
                matrix4d xformOp:transform = ( (0.9961946980917457, 0.08715574274765789, -0, 0), (-0.029809019626209063, 0.3407186534216101, 0.9396926207859085, 0), (0.08189960831908907, -0.9361168066628592, 0.3420201433256687, 0), (0.004707957174472789, -0.053812196743384666, 0.09413649533779289, 1) )
                uniform token[] xformOpOrder = ["xformOp:transform"]
            }

            def Cylinder "Petiolule_0" (
                prepend apiSchemas = ["PhysicsCollisionAPI"]
            )
            {
                uniform token axis = "Z"
                double height = 0.01
                rel material:binding = </Plant_1/Materials/Leaf>
                double radius = 0.0009070769
                matrix4d xformOp:transform = ( (0.548375378964315, 0.8362322905423731, -0, 0), (-0.18384258370718962, 0.12055830377564267, 0.9755345200486784, 0), (0.8157734662034608, -0.5349591121244651, 0.2198463103929542, 0), (0.006238800459641708, -0.027362944191266288, 0.08459494890260345, 1) )
                uniform token[] xformOpOrder = ["xformOp:transform"]
            }

            def Mesh "Blade_0" (
                prepend apiSchemas = ["PhysicsCollisionAPI", "PhysicsMeshCollisionAPI"]
            )
            {
                int[] faceVertexCounts = [3, 3, 3, 3, 3, 3, 3, 3, 3, 3, 3, 3, 3, 3]
                int[] faceVertexIndices = [0, 1, 2, 0, 2, 3, 0, 3, 4, 0, 4, 5, 0, 5, 6, 0, 6, 7, 0, 7, 8, 0, 8, 9, 0, 9, 10, 0, 10, 11, 0, 11, 12, 0, 12, 13, 0, 13, 14, 0, 14, 15]
                rel material:binding = </Plant_1/Materials/Leaf>
                uniform token physics:approximation = "convexHull"
                point3f[] points = [(0, 0, 0), (0.003321703, 0.0031449378, 0), (0.0058708503, 0.0062898756, 0), (0.00732197, 0.009434814, 0), (0.0075478507, 0.012579751, 0), (0.0066246395, 0.015724689, 0), (0.004803423, 0.018869627, 0), (0.002455172, 0.022014566, 0), (0, 0.025159502, 0), (-0.002455172, 0.022014566, 0), (-0.004803423, 0.018869627, 0), (-0.0066246395, 0.015724689, 0), (-0.0075478507, 0.012579751, 0), (-0.00732197, 0.009434814, 0), (-0.0058708503, 0.0062898756, 0), (-0.003321703, 0.0031449378, 0)]
                uniform token subdivisionScheme = "none"
                matrix4d xformOp:transform = ( (-0.548375378964315, -0.8362322905423731, 0, 0), (0.8157734662034608, -0.5349591121244651, 0.2198463103929542, 0), (-0.18384258370718962, 0.12055830377564267, 0.9755345200486784, 0), (0.010317667790659011, -0.03003773975188861, 0.08569418045456823, 1) )
                uniform token[] xformOpOrder = ["xformOp:transform"]
            }

            def Cylinder "Petiolule_1" (
                prepend apiSchemas = ["PhysicsCollisionAPI"]
            )
            {
                uniform token axis = "Z"
                double height = 0.01
                rel material:binding = </Plant_1/Materials/Leaf>
                double radius = 0.0009070769
                matrix4d xformOp:transform = ( (0.685254538123991, -0.7283036578107212, 0, 0), (0.1601148720153797, 0.15065068188658737, 0.9755345200486782, 0), (-0.7104853592720786, -0.6684894569599661, 0.2198463103929542, 0), (-0.0013924936677359892, -0.028030595915443792, 0.08459494890260345, 1) )
                uniform token[] xformOpOrder = ["xformOp:transform"]
            }

            def Mesh "Blade_1" (
                prepend apiSchemas = ["PhysicsCollisionAPI", "PhysicsMeshCollisionAPI"]
            )
            {
                int[] faceVertexCounts = [3, 3, 3, 3, 3, 3, 3, 3, 3, 3, 3, 3, 3, 3]
                int[] faceVertexIndices = [0, 1, 2, 0, 2, 3, 0, 3, 4, 0, 4, 5, 0, 5, 6, 0, 6, 7, 0, 7, 8, 0, 8, 9, 0, 9, 10, 0, 10, 11, 0, 11, 12, 0, 12, 13, 0, 13, 14, 0, 14, 15]
                rel material:binding = </Plant_1/Materials/Leaf>
                uniform token physics:approximation = "convexHull"
                point3f[] points = [(0, 0, 0), (0.003321703, 0.0031449378, 0), (0.0058708503, 0.0062898756, 0), (0.00732197, 0.009434814, 0), (0.0075478507, 0.012579751, 0), (0.0066246395, 0.015724689, 0), (0.004803423, 0.018869627, 0), (0.002455172, 0.022014566, 0), (0, 0.025159502, 0), (-0.002455172, 0.022014566, 0), (-0.004803423, 0.018869627, 0), (-0.0066246395, 0.015724689, 0), (-0.0075478507, 0.012579751, 0), (-0.00732197, 0.009434814, 0), (-0.0058708503, 0.0062898756, 0), (-0.003321703, 0.0031449378, 0)]
                uniform token subdivisionScheme = "none"
                matrix4d xformOp:transform = ( (-0.685254538123991, 0.7283036578107212, 0, 0), (-0.7104853592720786, -0.6684894569599661, 0.2198463103929542, 0), (0.1601148720153797, 0.15065068188658737, 0.9755345200486782, 0), (-0.004944920464096382, -0.031373043200243624, 0.08569418045456823, 1) )
                uniform token[] xformOpOrder = ["xformOp:transform"]
            }

            def Cylinder "Petiolule_2" (
                prepend apiSchemas = ["PhysicsCollisionAPI"]
            )
            {
                uniform token axis = "Z"
                double height = 0.01
                rel material:binding = </Plant_1/Materials/Leaf>
                double radius = 0.0009070769
                matrix4d xformOp:transform = ( (0.548375378964315, 0.8362322905423731, -0, 0), (-0.18384258370718962, 0.12055830377564267, 0.9755345200486784, 0), (0.8157734662034608, -0.5349591121244651, 0.2198463103929542, 0), (0.009406780502930555, -0.06357312178016207, 0.09782471899182091, 1) )
                uniform token[] xformOpOrder = ["xformOp:transform"]
            }

            def Mesh "Blade_2" (
                prepend apiSchemas = ["PhysicsCollisionAPI", "PhysicsMeshCollisionAPI"]
            )
            {
                int[] faceVertexCounts = [3, 3, 3, 3, 3, 3, 3, 3, 3, 3, 3, 3, 3, 3]
                int[] faceVertexIndices = [0, 1, 2, 0, 2, 3, 0, 3, 4, 0, 4, 5, 0, 5, 6, 0, 6, 7, 0, 7, 8, 0, 8, 9, 0, 9, 10, 0, 10, 11, 0, 11, 12, 0, 12, 13, 0, 13, 14, 0, 14, 15]
                rel material:binding = </Plant_1/Materials/Leaf>
                uniform token physics:approximation = "convexHull"
                point3f[] points = [(0, 0, 0), (0.003321703, 0.0031449378, 0), (0.0058708503, 0.0062898756, 0), (0.00732197, 0.009434814, 0), (0.0075478507, 0.012579751, 0), (0.0066246395, 0.015724689, 0), (0.004803423, 0.018869627, 0), (0.002455172, 0.022014566, 0), (0, 0.025159502, 0), (-0.002455172, 0.022014566, 0), (-0.004803423, 0.018869627, 0), (-0.0066246395, 0.015724689, 0), (-0.0075478507, 0.012579751, 0), (-0.00732197, 0.009434814, 0), (-0.0058708503, 0.0062898756, 0), (-0.003321703, 0.0031449378, 0)]
                uniform token subdivisionScheme = "none"
                matrix4d xformOp:transform = ( (-0.548375378964315, -0.8362322905423731, 0, 0), (0.8157734662034608, -0.5349591121244651, 0.2198463103929542, 0), (-0.18384258370718962, 0.12055830377564267, 0.9755345200486784, 0), (0.013485647833947859, -0.0662479173407844, 0.09892395054378568, 1) )
                uniform token[] xformOpOrder = ["xformOp:transform"]
            }

            def Cylinder "Petiolule_3" (
                prepend apiSchemas = ["PhysicsCollisionAPI"]
            )
            {
                uniform token axis = "Z"
                double height = 0.01
                rel material:binding = </Plant_1/Materials/Leaf>
                double radius = 0.0009070769
                matrix4d xformOp:transform = ( (0.685254538123991, -0.7283036578107212, 0, 0), (0.1601148720153797, 0.15065068188658737, 0.9755345200486782, 0), (-0.7104853592720786, -0.6684894569599661, 0.2198463103929542, 0), (0.001775486375552858, -0.06424077350433958, 0.09782471899182091, 1) )
                uniform token[] xformOpOrder = ["xformOp:transform"]
            }

            def Mesh "Blade_3" (
                prepend apiSchemas = ["PhysicsCollisionAPI", "PhysicsMeshCollisionAPI"]
            )
            {
                int[] faceVertexCounts = [3, 3, 3, 3, 3, 3, 3, 3, 3, 3, 3, 3, 3, 3]
                int[] faceVertexIndices = [0, 1, 2, 0, 2, 3, 0, 3, 4, 0, 4, 5, 0, 5, 6, 0, 6, 7, 0, 7, 8, 0, 8, 9, 0, 9, 10, 0, 10, 11, 0, 11, 12, 0, 12, 13, 0, 13, 14, 0, 14, 15]
                rel material:binding = </Plant_1/Materials/Leaf>
                uniform token physics:approximation = "convexHull"
                point3f[] points = [(0, 0, 0), (0.003321703, 0.0031449378, 0), (0.0058708503, 0.0062898756, 0), (0.00732197, 0.009434814, 0), (0.0075478507, 0.012579751, 0), (0.0066246395, 0.015724689, 0), (0.004803423, 0.018869627, 0), (0.002455172, 0.022014566, 0), (0, 0.025159502, 0), (-0.002455172, 0.022014566, 0), (-0.004803423, 0.018869627, 0), (-0.0066246395, 0.015724689, 0), (-0.0075478507, 0.012579751, 0), (-0.00732197, 0.009434814, 0), (-0.0058708503, 0.0062898756, 0), (-0.003321703, 0.0031449378, 0)]
                uniform token subdivisionScheme = "none"
                matrix4d xformOp:transform = ( (-0.685254538123991, 0.7283036578107212, 0, 0), (-0.7104853592720786, -0.6684894569599661, 0.2198463103929542, 0), (0.1601148720153797, 0.15065068188658737, 0.9755345200486782, 0), (-0.001776940420807535, -0.0675832207891394, 0.09892395054378568, 1) )
                uniform token[] xformOpOrder = ["xformOp:transform"]
            }

            def Cylinder "Petiolule_term" (
                prepend apiSchemas = ["PhysicsCollisionAPI"]
            )
            {
                uniform token axis = "Z"
                double height = 0.01
                rel material:binding = </Plant_1/Materials/Leaf>
                double radius = 0.0009070769
                matrix4d xformOp:transform = ( (0.9961946980917457, 0.08715574274765789, -0, 0), (-0.029809019626209063, 0.3407186534216101, 0.9396926207859085, 0), (0.08189960831908907, -0.9361168066628592, 0.3420201433256687, 0), (0.007665479261916619, -0.08761682888943965, 0.10648737404157545, 1) )
                uniform token[] xformOpOrder = ["xformOp:transform"]
            }

            def Mesh "Blade_4" (
                prepend apiSchemas = ["PhysicsCollisionAPI", "PhysicsMeshCollisionAPI"]
            )
            {
                int[] faceVertexCounts = [3, 3, 3, 3, 3, 3, 3, 3, 3, 3, 3, 3, 3, 3]
                int[] faceVertexIndices = [0, 1, 2, 0, 2, 3, 0, 3, 4, 0, 4, 5, 0, 5, 6, 0, 6, 7, 0, 7, 8, 0, 8, 9, 0, 9, 10, 0, 10, 11, 0, 11, 12, 0, 12, 13, 0, 13, 14, 0, 14, 15]
                rel material:binding = </Plant_1/Materials/Leaf>
                uniform token physics:approximation = "convexHull"
                point3f[] points = [(0, 0, 0), (0.003321703, 0.0031449378, 0), (0.0058708503, 0.0062898756, 0), (0.00732197, 0.009434814, 0), (0.0075478507, 0.012579751, 0), (0.00662464, 0.015724689, 0), (0.004803423, 0.018869627, 0), (0.002455172, 0.022014566, 0), (0, 0.025159502, 0), (-0.002455172, 0.022014566, 0), (-0.004803423, 0.018869627, 0), (-0.00662464, 0.015724689, 0), (-0.0075478507, 0.012579751, 0), (-0.00732197, 0.009434814, 0), (-0.0058708503, 0.0062898756, 0), (-0.003321703, 0.0031449378, 0)]
                uniform token subdivisionScheme = "none"
                matrix4d xformOp:transform = ( (-0.9961946980917457, -0.08715574274765789, 0, 0), (0.08189960831908907, -0.9361168066628592, 0.3420201433256687, 0), (-0.029809019626209063, 0.3407186534216101, 0.9396926207859085, 0), (0.008074977303512065, -0.09229741292275395, 0.1081974747582038, 1) )
                uniform token[] xformOpOrder = ["xformOp:transform"]
            }
        }

        def Xform "Leaf_o1_r1_i0" (
            prepend apiSchemas = ["PhysicsRigidBodyAPI", "PhysicsMassAPI", "PhysicsFilteredPairsAPI"]
        )
        {
            prepend rel physics:filteredPairs = </Plant_1/Stem/Internode_o1_r1>
            float physics:mass = 0.05

            def Cylinder "Petiole" (
                prepend apiSchemas = ["PhysicsCollisionAPI"]
            )
            {
                uniform token axis = "Z"
                double height = 0.02644579
                rel material:binding = </Plant_1/Materials/Leaf>
                double radius = 0.002272724
                matrix4d xformOp:transform = ( (-0.6755902076156604, -0.737277336810124, 0, 0), (0.25216370040656594, -0.23106545963812644, 0.9396926207859084, 0), (-0.6928140728731603, 0.6348471327716558, 0.3420201433256687, 0), (-0.009161007740124147, 0.008394516977690664, 0.04645764144308027, 1) )
                uniform token[] xformOpOrder = ["xformOp:transform"]
            }

            def Cylinder "Rachis" (
                prepend apiSchemas = ["PhysicsCollisionAPI"]
            )
            {
                uniform token axis = "Z"
                double height = 0.062468912
                rel material:binding = </Plant_1/Materials/Leaf>
                double radius = 0.0013636343999999998
                matrix4d xformOp:transform = ( (-0.6755902076156604, -0.737277336810124, 0, 0), (0.25216370040656594, -0.23106545963812644, 0.9396926207859084, 0), (-0.6928140728731603, 0.6348471327716558, 0.3420201433256687, 0), (-0.03996168615558582, 0.03661813879066377, 0.06166295100397983, 1) )
                uniform token[] xformOpOrder = ["xformOp:transform"]
            }

            def Cylinder "Petiolule_0" (
                prepend apiSchemas = ["PhysicsCollisionAPI"]
            )
            {
                uniform token axis = "Z"
                double height = 0.01
                rel material:binding = </Plant_1/Materials/Leaf>
                double radius = 0.0009090896
                matrix4d xformOp:transform = ( (0.16064560780738846, -0.9870121522515286, 0, 0), (0.21699097998550732, 0.035317344157287905, 0.9755345200486782, 0), (-0.9628644262289079, -0.1567153359103089, 0.2198463103929542, 0), (-0.023136337611392832, 0.016005457275829783, 0.05207936943812531, 1) )
                uniform token[] xformOpOrder = ["xformOp:transform"]
            }

            def Mesh "Blade_0" (
                prepend apiSchemas = ["PhysicsCollisionAPI", "PhysicsMeshCollisionAPI"]
            )
            {
                int[] faceVertexCounts = [3, 3, 3, 3, 3, 3, 3, 3, 3, 3, 3, 3, 3, 3]
                int[] faceVertexIndices = [0, 1, 2, 0, 2, 3, 0, 3, 4, 0, 4, 5, 0, 5, 6, 0, 6, 7, 0, 7, 8, 0, 8, 9, 0, 9, 10, 0, 10, 11, 0, 11, 12, 0, 12, 13, 0, 13, 14, 0, 14, 15]
                rel material:binding = </Plant_1/Materials/Leaf>
                uniform token physics:approximation = "convexHull"
                point3f[] points = [(0, 0, 0), (0.0033479615, 0.0031697988, 0), (0.0059172595, 0.0063395975, 0), (0.007379851, 0.009509397, 0), (0.0076075173, 0.012679195, 0), (0.006677008, 0.015848994, 0), (0.0048413943, 0.019018793, 0), (0.0024745802, 0.02218859, 0), (0, 0.02535839, 0), (-0.0024745802, 0.02218859, 0), (-0.0048413943, 0.019018793, 0), (-0.006677008, 0.015848994, 0), (-0.0076075173, 0.012679195, 0), (-0.007379851, 0.009509397, 0), (-0.0059172595, 0.0063395975, 0), (-0.0033479615, 0.0031697988, 0)]
                uniform token subdivisionScheme = "none"
                matrix4d xformOp:transform = ( (-0.16064560780738846, 0.9870121522515286, 0, 0), (-0.9628644262289079, -0.1567153359103089, 0.2198463103929542, 0), (0.21699097998550732, 0.035317344157287905, 0.9755345200486782, 0), (-0.027950659742537375, 0.015221880596278239, 0.05317860099009008, 1) )
                uniform token[] xformOpOrder = ["xformOp:transform"]
            }

            def Cylinder "Petiolule_1" (
                prepend apiSchemas = ["PhysicsCollisionAPI"]
            )
            {
                uniform token axis = "Z"
                double height = 0.01
                rel material:binding = </Plant_1/Materials/Leaf>
                double radius = 0.0009090896
                matrix4d xformOp:transform = ( (-0.9972574602926975, 0.07401052553899984, 0, 0), (-0.016270940969992622, -0.21924337315719755, 0.9755345200486782, 0), (0.07219982251023865, 0.9728590778916004, 0.2198463103929542, 0), (-0.017961016367697098, 0.02165332934483933, 0.05207936943812531, 1) )
                uniform token[] xformOpOrder = ["xformOp:transform"]
            }

            def Mesh "Blade_1" (
                prepend apiSchemas = ["PhysicsCollisionAPI", "PhysicsMeshCollisionAPI"]
            )
            {
                int[] faceVertexCounts = [3, 3, 3, 3, 3, 3, 3, 3, 3, 3, 3, 3, 3, 3]
                int[] faceVertexIndices = [0, 1, 2, 0, 2, 3, 0, 3, 4, 0, 4, 5, 0, 5, 6, 0, 6, 7, 0, 7, 8, 0, 8, 9, 0, 9, 10, 0, 10, 11, 0, 11, 12, 0, 12, 13, 0, 13, 14, 0, 14, 15]
                rel material:binding = </Plant_1/Materials/Leaf>
                uniform token physics:approximation = "convexHull"
                point3f[] points = [(0, 0, 0), (0.0033479615, 0.0031697988, 0), (0.0059172595, 0.0063395975, 0), (0.007379851, 0.009509397, 0), (0.0076075173, 0.012679195, 0), (0.006677008, 0.015848994, 0), (0.0048413943, 0.019018793, 0), (0.0024745802, 0.02218859, 0), (0, 0.02535839, 0), (-0.0024745802, 0.02218859, 0), (-0.0048413943, 0.019018793, 0), (-0.006677008, 0.015848994, 0), (-0.0076075173, 0.012679195, 0), (-0.007379851, 0.009509397, 0), (-0.0059172595, 0.0063395975, 0), (-0.0033479615, 0.0031697988, 0)]
                uniform token subdivisionScheme = "none"
                matrix4d xformOp:transform = ( (0.9972574602926975, -0.07401052553899984, 0, 0), (0.07219982251023865, 0.9728590778916004, 0.2198463103929542, 0), (-0.016270940969992622, -0.21924337315719755, 0.9755345200486782, 0), (-0.017600017255145907, 0.026517624734297335, 0.05317860099009008, 1) )
                uniform token[] xformOpOrder = ["xformOp:transform"]
            }

            def Cylinder "Petiolule_2" (
                prepend apiSchemas = ["PhysicsCollisionAPI"]
            )
            {
                uniform token axis = "Z"
                double height = 0.01
                rel material:binding = </Plant_1/Materials/Leaf>
                double radius = 0.0009090896
                matrix4d xformOp:transform = ( (0.16064560780738846, -0.9870121522515286, 0, 0), (0.21699097998550732, 0.035317344157287905, 0.9755345200486782, 0), (-0.9628644262289079, -0.1567153359103089, 0.2198463103929542, 0), (-0.050060502359882145, 0.04067690876925153, 0.06537096821875246, 1) )
                uniform token[] xformOpOrder = ["xformOp:transform"]
            }

            def Mesh "Blade_2" (
                prepend apiSchemas = ["PhysicsCollisionAPI", "PhysicsMeshCollisionAPI"]
            )
            {
                int[] faceVertexCounts = [3, 3, 3, 3, 3, 3, 3, 3, 3, 3, 3, 3, 3, 3]
                int[] faceVertexIndices = [0, 1, 2, 0, 2, 3, 0, 3, 4, 0, 4, 5, 0, 5, 6, 0, 6, 7, 0, 7, 8, 0, 8, 9, 0, 9, 10, 0, 10, 11, 0, 11, 12, 0, 12, 13, 0, 13, 14, 0, 14, 15]
                rel material:binding = </Plant_1/Materials/Leaf>
                uniform token physics:approximation = "convexHull"
                point3f[] points = [(0, 0, 0), (0.0033479615, 0.0031697988, 0), (0.0059172595, 0.0063395975, 0), (0.007379851, 0.009509397, 0), (0.0076075173, 0.012679195, 0), (0.006677008, 0.015848994, 0), (0.0048413943, 0.019018793, 0), (0.0024745802, 0.02218859, 0), (0, 0.02535839, 0), (-0.0024745802, 0.02218859, 0), (-0.0048413943, 0.019018793, 0), (-0.006677008, 0.015848994, 0), (-0.0076075173, 0.012679195, 0), (-0.007379851, 0.009509397, 0), (-0.0059172595, 0.0063395975, 0), (-0.0033479615, 0.0031697988, 0)]
                uniform token subdivisionScheme = "none"
                matrix4d xformOp:transform = ( (-0.16064560780738846, 0.9870121522515286, 0, 0), (-0.9628644262289079, -0.1567153359103089, 0.2198463103929542, 0), (0.21699097998550732, 0.035317344157287905, 0.9755345200486782, 0), (-0.05487482449102668, 0.03989333208969998, 0.06647019977071723, 1) )
                uniform token[] xformOpOrder = ["xformOp:transform"]
            }

            def Cylinder "Petiolule_3" (
                prepend apiSchemas = ["PhysicsCollisionAPI"]
            )
            {
                uniform token axis = "Z"
                double height = 0.01
                rel material:binding = </Plant_1/Materials/Leaf>
                double radius = 0.0009090896
                matrix4d xformOp:transform = ( (-0.9972574602926975, 0.07401052553899984, 0, 0), (-0.016270940969992622, -0.21924337315719755, 0.9755345200486782, 0), (0.07219982251023865, 0.9728590778916004, 0.2198463103929542, 0), (-0.04488518111618641, 0.046324780838261075, 0.06537096821875246, 1) )
                uniform token[] xformOpOrder = ["xformOp:transform"]
            }

            def Mesh "Blade_3" (
                prepend apiSchemas = ["PhysicsCollisionAPI", "PhysicsMeshCollisionAPI"]
            )
            {
                int[] faceVertexCounts = [3, 3, 3, 3, 3, 3, 3, 3, 3, 3, 3, 3, 3, 3]
                int[] faceVertexIndices = [0, 1, 2, 0, 2, 3, 0, 3, 4, 0, 4, 5, 0, 5, 6, 0, 6, 7, 0, 7, 8, 0, 8, 9, 0, 9, 10, 0, 10, 11, 0, 11, 12, 0, 12, 13, 0, 13, 14, 0, 14, 15]
                rel material:binding = </Plant_1/Materials/Leaf>
                uniform token physics:approximation = "convexHull"
                point3f[] points = [(0, 0, 0), (0.0033479615, 0.0031697988, 0), (0.0059172595, 0.0063395975, 0), (0.007379851, 0.009509397, 0), (0.0076075173, 0.012679195, 0), (0.006677008, 0.015848994, 0), (0.0048413943, 0.019018793, 0), (0.0024745802, 0.02218859, 0), (0, 0.02535839, 0), (-0.0024745802, 0.02218859, 0), (-0.0048413943, 0.019018793, 0), (-0.006677008, 0.015848994, 0), (-0.0076075173, 0.012679195, 0), (-0.007379851, 0.009509397, 0), (-0.0059172595, 0.0063395975, 0), (-0.0033479615, 0.0031697988, 0)]
                uniform token subdivisionScheme = "none"
                matrix4d xformOp:transform = ( (0.9972574602926975, -0.07401052553899984, 0, 0), (0.07219982251023865, 0.9728590778916004, 0.2198463103929542, 0), (-0.016270940969992622, -0.21924337315719755, 0.9755345200486782, 0), (-0.04452418200363521, 0.05118907622771907, 0.06647019977071723, 1) )
                uniform token[] xformOpOrder = ["xformOp:transform"]
            }

            def Cylinder "Petiolule_term" (
                prepend apiSchemas = ["PhysicsCollisionAPI"]
            )
            {
                uniform token axis = "Z"
                double height = 0.01
                rel material:binding = </Plant_1/Materials/Leaf>
                double radius = 0.0009090896
                matrix4d xformOp:transform = ( (-0.6755902076156604, -0.737277336810124, 0, 0), (0.25216370040656594, -0.23106545963812644, 0.9396926207859084, 0), (-0.6928140728731603, 0.6348471327716558, 0.3420201433256687, 0), (-0.06506542719528914, 0.0596214792898045, 0.07405586483842747, 1) )
                uniform token[] xformOpOrder = ["xformOp:transform"]
            }

            def Mesh "Blade_4" (
                prepend apiSchemas = ["PhysicsCollisionAPI", "PhysicsMeshCollisionAPI"]
            )
            {
                int[] faceVertexCounts = [3, 3, 3, 3, 3, 3, 3, 3, 3, 3, 3, 3, 3, 3]
                int[] faceVertexIndices = [0, 1, 2, 0, 2, 3, 0, 3, 4, 0, 4, 5, 0, 5, 6, 0, 6, 7, 0, 7, 8, 0, 8, 9, 0, 9, 10, 0, 10, 11, 0, 11, 12, 0, 12, 13, 0, 13, 14, 0, 14, 15]
                rel material:binding = </Plant_1/Materials/Leaf>
                uniform token physics:approximation = "convexHull"
                point3f[] points = [(0, 0, 0), (0.0033479615, 0.0031697988, 0), (0.0059172595, 0.0063395975, 0), (0.007379851, 0.009509397, 0), (0.0076075173, 0.012679195, 0), (0.006677008, 0.015848994, 0), (0.0048413943, 0.019018793, 0), (0.0024745802, 0.02218859, 0), (0, 0.02535839, 0), (-0.0024745802, 0.02218859, 0), (-0.0048413943, 0.019018793, 0), (-0.006677008, 0.015848994, 0), (-0.0076075173, 0.012679195, 0), (-0.007379851, 0.009509397, 0), (-0.0059172595, 0.0063395975, 0), (-0.0033479615, 0.0031697988, 0)]
                uniform token subdivisionScheme = "none"
                matrix4d xformOp:transform = ( (0.6755902076156604, 0.737277336810124, -0, 0), (-0.6928140728731603, 0.6348471327716558, 0.3420201433256687, 0), (0.25216370040656594, -0.23106545963812644, 0.9396926207859084, 0), (-0.06852949755965494, 0.06279571495366278, 0.07576596555505581, 1) )
                uniform token[] xformOpOrder = ["xformOp:transform"]
            }
        }

        def Xform "Leaf_o0_r7_i0" (
            prepend apiSchemas = ["PhysicsRigidBodyAPI", "PhysicsMassAPI", "PhysicsFilteredPairsAPI"]
        )
        {
            prepend rel physics:filteredPairs = </Plant_1/Stem/Internode_o0_r7>
            float physics:mass = 0.05

            def Cylinder "Petiole" (
                prepend apiSchemas = ["PhysicsCollisionAPI"]
            )
            {
                uniform token axis = "Z"
                double height = 0.03503078
                rel material:binding = </Plant_1/Materials/Leaf>
                double radius = 0.00284863915
                matrix4d xformOp:transform = ( (0.8870108331782215, -0.46174861323503436, 0, 0), (0.1579273268790752, 0.30337557229503614, 0.9396926207859084, 0), (-0.4339017645150882, -0.8335175344947352, 0.3420201433256687, 0), (-0.00759995862716993, -0.014599384688513739, 0.172644043198205, 1) )
                uniform token[] xformOpOrder = ["xformOp:transform"]
            }

            def Cylinder "Rachis" (
                prepend apiSchemas = ["PhysicsCollisionAPI"]
            )
            {
                uniform token axis = "Z"
                double height = 0.14602907
                rel material:binding = </Plant_1/Materials/Leaf>
                double radius = 0.00170918349
                matrix4d xformOp:transform = ( (0.8870108331782215, -0.46174861323503436, 0, 0), (0.1579273268790752, 0.30337557229503614, 0.9396926207859084, 0), (-0.4339017645150882, -0.8335175344947352, 0.3420201433256687, 0), (-0.04688105282608853, -0.09005766457250702, 0.20360710112196706, 1) )
                uniform token[] xformOpOrder = ["xformOp:transform"]
            }

            def Cylinder "Petiolule_0" (
                prepend apiSchemas = ["PhysicsCollisionAPI"]
            )
            {
                uniform token axis = "Z"
                double height = 0.01
                rel material:binding = </Plant_1/Materials/Leaf>
                double radius = 0.00113945566
                matrix4d xformOp:transform = ( (0.9118023859082873, 0.4106292842113854, -0, 0), (-0.09027533307317283, 0.20045639034942953, 0.9755345200486782, 0), (0.40058304169108616, -0.8894947029162807, 0.2198463103929542, 0), (-0.01319700204588443, -0.033646242891608884, 0.17973389094837475, 1) )
                uniform token[] xformOpOrder = ["xformOp:transform"]
            }

            def Mesh "Blade_0" (
                prepend apiSchemas = ["PhysicsCollisionAPI", "PhysicsMeshCollisionAPI"]
            )
            {
                int[] faceVertexCounts = [3, 3, 3, 3, 3, 3, 3, 3, 3, 3, 3, 3, 3, 3]
                int[] faceVertexIndices = [0, 1, 2, 0, 2, 3, 0, 3, 4, 0, 4, 5, 0, 5, 6, 0, 6, 7, 0, 7, 8, 0, 8, 9, 0, 9, 10, 0, 10, 11, 0, 11, 12, 0, 12, 13, 0, 13, 14, 0, 14, 15]
                rel material:binding = </Plant_1/Materials/Leaf>
                uniform token physics:approximation = "convexHull"
                point3f[] points = [(0, 0, 0), (0.006312436, 0.005976518, 0), (0.011156736, 0.011953036, 0), (0.013914389, 0.017929554, 0), (0.014343644, 0.023906073, 0), (0.012589209, 0.02988259, 0), (0.009128239, 0.035859108, 0), (0.0046657133, 0.041835625, 0), (0, 0.047812145, 0), (-0.0046657133, 0.041835625, 0), (-0.009128239, 0.035859108, 0), (-0.012589209, 0.02988259, 0), (-0.014343644, 0.023906073, 0), (-0.013914389, 0.017929554, 0), (-0.011156736, 0.011953036, 0), (-0.006312436, 0.005976518, 0)]
                uniform token subdivisionScheme = "none"
                matrix4d xformOp:transform = ( (-0.9118023859082873, -0.4106292842113854, 0, 0), (0.40058304169108616, -0.8894947029162807, 0.2198463103929542, 0), (-0.09027533307317283, 0.20045639034942953, 0.9755345200486782, 0), (-0.011194086837428998, -0.03809371640619029, 0.18083312250033953, 1) )
                uniform token[] xformOpOrder = ["xformOp:transform"]
            }

            def Cylinder "Petiolule_1" (
                prepend apiSchemas = ["PhysicsCollisionAPI"]
            )
            {
                uniform token axis = "Z"
                double height = 0.01
                rel material:binding = </Plant_1/Materials/Leaf>
                double radius = 0.00113945566
                matrix4d xformOp:transform = ( (0.18662054555897403, -0.9824320699037012, 0, 0), (0.2159840657800416, 0.04102783838466066, 0.9755345200486784, 0), (-0.9583963977939367, -0.18205478434309622, 0.21984631039295421, 0), (-0.019991899243309543, -0.03010904329874296, 0.17973389094837475, 1) )
                uniform token[] xformOpOrder = ["xformOp:transform"]
            }

            def Mesh "Blade_1" (
                prepend apiSchemas = ["PhysicsCollisionAPI", "PhysicsMeshCollisionAPI"]
            )
            {
                int[] faceVertexCounts = [3, 3, 3, 3, 3, 3, 3, 3, 3, 3, 3, 3, 3, 3]
                int[] faceVertexIndices = [0, 1, 2, 0, 2, 3, 0, 3, 4, 0, 4, 5, 0, 5, 6, 0, 6, 7, 0, 7, 8, 0, 8, 9, 0, 9, 10, 0, 10, 11, 0, 11, 12, 0, 12, 13, 0, 13, 14, 0, 14, 15]
                rel material:binding = </Plant_1/Materials/Leaf>
                uniform token physics:approximation = "convexHull"
                point3f[] points = [(0, 0, 0), (0.006312436, 0.005976518, 0), (0.011156736, 0.011953036, 0), (0.013914389, 0.017929554, 0), (0.014343644, 0.023906073, 0), (0.012589209, 0.02988259, 0), (0.009128239, 0.035859108, 0), (0.0046657133, 0.041835625, 0), (0, 0.047812145, 0), (-0.0046657133, 0.041835625, 0), (-0.009128239, 0.035859108, 0), (-0.012589209, 0.02988259, 0), (-0.014343644, 0.023906073, 0), (-0.013914389, 0.017929554, 0), (-0.011156736, 0.011953036, 0), (-0.006312436, 0.005976518, 0)]
                uniform token subdivisionScheme = "none"
                matrix4d xformOp:transform = ( (-0.18662054555897403, 0.9824320699037012, 0, 0), (-0.9583963977939367, -0.18205478434309622, 0.21984631039295421, 0), (0.2159840657800416, 0.04102783838466066, 0.9755345200486784, 0), (-0.024783881232279228, -0.03101931722045844, 0.18083312250033953, 1) )
                uniform token[] xformOpOrder = ["xformOp:transform"]
            }

            def Cylinder "Petiolule_2" (
                prepend apiSchemas = ["PhysicsCollisionAPI"]
            )
            {
                uniform token axis = "Z"
                double height = 0.01
                rel material:binding = </Plant_1/Materials/Leaf>
                double radius = 0.00113945566
                matrix4d xformOp:transform = ( (0.9118023859082873, 0.4106292842113854, -0, 0), (-0.09027533307317283, 0.20045639034942953, 0.9755345200486782, 0), (0.40058304169108616, -0.8894947029162807, 0.2198463103929542, 0), (-0.035284509725760985, -0.07607595037399008, 0.19714422010622148, 1) )
                uniform token[] xformOpOrder = ["xformOp:transform"]
            }

            def Mesh "Blade_2" (
                prepend apiSchemas = ["PhysicsCollisionAPI", "PhysicsMeshCollisionAPI"]
            )
            {
                int[] faceVertexCounts = [3, 3, 3, 3, 3, 3, 3, 3, 3, 3, 3, 3, 3, 3]
                int[] faceVertexIndices = [0, 1, 2, 0, 2, 3, 0, 3, 4, 0, 4, 5, 0, 5, 6, 0, 6, 7, 0, 7, 8, 0, 8, 9, 0, 9, 10, 0, 10, 11, 0, 11, 12, 0, 12, 13, 0, 13, 14, 0, 14, 15]
                rel material:binding = </Plant_1/Materials/Leaf>
                uniform token physics:approximation = "convexHull"
                point3f[] points = [(0, 0, 0), (0.006312436, 0.005976518, 0), (0.011156736, 0.011953036, 0), (0.013914389, 0.017929554, 0), (0.014343644, 0.023906073, 0), (0.012589209, 0.02988259, 0), (0.009128239, 0.035859108, 0), (0.0046657133, 0.041835625, 0), (0, 0.047812145, 0), (-0.0046657133, 0.041835625, 0), (-0.009128239, 0.035859108, 0), (-0.012589209, 0.02988259, 0), (-0.014343644, 0.023906073, 0), (-0.013914389, 0.017929554, 0), (-0.011156736, 0.011953036, 0), (-0.006312436, 0.005976518, 0)]
                uniform token subdivisionScheme = "none"
                matrix4d xformOp:transform = ( (-0.9118023859082873, -0.4106292842113854, 0, 0), (0.40058304169108616, -0.8894947029162807, 0.2198463103929542, 0), (-0.09027533307317283, 0.20045639034942953, 0.9755345200486782, 0), (-0.03328159451730556, -0.08052342388857149, 0.19824345165818627, 1) )
                uniform token[] xformOpOrder = ["xformOp:transform"]
            }

            def Cylinder "Petiolule_3" (
                prepend apiSchemas = ["PhysicsCollisionAPI"]
            )
            {
                uniform token axis = "Z"
                double height = 0.01
                rel material:binding = </Plant_1/Materials/Leaf>
                double radius = 0.00113945566
                matrix4d xformOp:transform = ( (0.18662054555897403, -0.9824320699037012, 0, 0), (0.2159840657800416, 0.04102783838466066, 0.9755345200486784, 0), (-0.9583963977939367, -0.18205478434309622, 0.21984631039295421, 0), (-0.042079406923186104, -0.07253875078112416, 0.19714422010622148, 1) )
                uniform token[] xformOpOrder = ["xformOp:transform"]
            }

            def Mesh "Blade_3" (
                prepend apiSchemas = ["PhysicsCollisionAPI", "PhysicsMeshCollisionAPI"]
            )
            {
                int[] faceVertexCounts = [3, 3, 3, 3, 3, 3, 3, 3, 3, 3, 3, 3, 3, 3]
                int[] faceVertexIndices = [0, 1, 2, 0, 2, 3, 0, 3, 4, 0, 4, 5, 0, 5, 6, 0, 6, 7, 0, 7, 8, 0, 8, 9, 0, 9, 10, 0, 10, 11, 0, 11, 12, 0, 12, 13, 0, 13, 14, 0, 14, 15]
                rel material:binding = </Plant_1/Materials/Leaf>
                uniform token physics:approximation = "convexHull"
                point3f[] points = [(0, 0, 0), (0.006312436, 0.005976518, 0), (0.011156736, 0.011953036, 0), (0.013914389, 0.017929554, 0), (0.014343644, 0.023906073, 0), (0.012589209, 0.02988259, 0), (0.009128239, 0.035859108, 0), (0.0046657133, 0.041835625, 0), (0, 0.047812145, 0), (-0.0046657133, 0.041835625, 0), (-0.009128239, 0.035859108, 0), (-0.012589209, 0.02988259, 0), (-0.014343644, 0.023906073, 0), (-0.013914389, 0.017929554, 0), (-0.011156736, 0.011953036, 0), (-0.006312436, 0.005976518, 0)]
                uniform token subdivisionScheme = "none"
                matrix4d xformOp:transform = ( (-0.18662054555897403, 0.9824320699037012, 0, 0), (-0.9583963977939367, -0.18205478434309622, 0.21984631039295421, 0), (0.2159840657800416, 0.04102783838466066, 0.9755345200486784, 0), (-0.04687138891215579, -0.07344902470283964, 0.19824345165818627, 1) )
                uniform token[] xformOpOrder = ["xformOp:transform"]
            }

            def Cylinder "Petiolule_4" (
                prepend apiSchemas = ["PhysicsCollisionAPI"]
            )
            {
                uniform token axis = "Z"
                double height = 0.01
                rel material:binding = </Plant_1/Materials/Leaf>
                double radius = 0.00113945566
                matrix4d xformOp:transform = ( (0.9118023859082873, 0.4106292842113854, -0, 0), (-0.09027533307317283, 0.20045639034942953, 0.9755345200486782, 0), (0.40058304169108616, -0.8894947029162807, 0.2198463103929542, 0), (-0.05737201740563755, -0.11850565785637127, 0.21455454926406822, 1) )
                uniform token[] xformOpOrder = ["xformOp:transform"]
            }

            def Mesh "Blade_4" (
                prepend apiSchemas = ["PhysicsCollisionAPI", "PhysicsMeshCollisionAPI"]
            )
            {
                int[] faceVertexCounts = [3, 3, 3, 3, 3, 3, 3, 3, 3, 3, 3, 3, 3, 3]
                int[] faceVertexIndices = [0, 1, 2, 0, 2, 3, 0, 3, 4, 0, 4, 5, 0, 5, 6, 0, 6, 7, 0, 7, 8, 0, 8, 9, 0, 9, 10, 0, 10, 11, 0, 11, 12, 0, 12, 13, 0, 13, 14, 0, 14, 15]
                rel material:binding = </Plant_1/Materials/Leaf>
                uniform token physics:approximation = "convexHull"
                point3f[] points = [(0, 0, 0), (0.006312436, 0.005976518, 0), (0.011156736, 0.011953036, 0), (0.013914389, 0.017929554, 0), (0.014343644, 0.023906073, 0), (0.012589209, 0.02988259, 0), (0.009128239, 0.035859108, 0), (0.0046657133, 0.041835625, 0), (0, 0.047812145, 0), (-0.0046657133, 0.041835625, 0), (-0.009128239, 0.035859108, 0), (-0.012589209, 0.02988259, 0), (-0.014343644, 0.023906073, 0), (-0.013914389, 0.017929554, 0), (-0.011156736, 0.011953036, 0), (-0.006312436, 0.005976518, 0)]
                uniform token subdivisionScheme = "none"
                matrix4d xformOp:transform = ( (-0.9118023859082873, -0.4106292842113854, 0, 0), (0.40058304169108616, -0.8894947029162807, 0.2198463103929542, 0), (-0.09027533307317283, 0.20045639034942953, 0.9755345200486782, 0), (-0.05536910219718212, -0.12295313137095268, 0.215653780816033, 1) )
                uniform token[] xformOpOrder = ["xformOp:transform"]
            }

            def Cylinder "Petiolule_5" (
                prepend apiSchemas = ["PhysicsCollisionAPI"]
            )
            {
                uniform token axis = "Z"
                double height = 0.01
                rel material:binding = </Plant_1/Materials/Leaf>
                double radius = 0.00113945566
                matrix4d xformOp:transform = ( (0.18662054555897403, -0.9824320699037012, 0, 0), (0.2159840657800416, 0.04102783838466066, 0.9755345200486784, 0), (-0.9583963977939367, -0.18205478434309622, 0.21984631039295421, 0), (-0.06416691460306266, -0.11496845826350535, 0.21455454926406822, 1) )
                uniform token[] xformOpOrder = ["xformOp:transform"]
            }

            def Mesh "Blade_5" (
                prepend apiSchemas = ["PhysicsCollisionAPI", "PhysicsMeshCollisionAPI"]
            )
            {
                int[] faceVertexCounts = [3, 3, 3, 3, 3, 3, 3, 3, 3, 3, 3, 3, 3, 3]
                int[] faceVertexIndices = [0, 1, 2, 0, 2, 3, 0, 3, 4, 0, 4, 5, 0, 5, 6, 0, 6, 7, 0, 7, 8, 0, 8, 9, 0, 9, 10, 0, 10, 11, 0, 11, 12, 0, 12, 13, 0, 13, 14, 0, 14, 15]
                rel material:binding = </Plant_1/Materials/Leaf>
                uniform token physics:approximation = "convexHull"
                point3f[] points = [(0, 0, 0), (0.006312436, 0.005976518, 0), (0.011156736, 0.011953036, 0), (0.013914389, 0.017929554, 0), (0.014343644, 0.023906073, 0), (0.012589209, 0.02988259, 0), (0.009128239, 0.035859108, 0), (0.0046657133, 0.041835625, 0), (0, 0.047812145, 0), (-0.0046657133, 0.041835625, 0), (-0.009128239, 0.035859108, 0), (-0.012589209, 0.02988259, 0), (-0.014343644, 0.023906073, 0), (-0.013914389, 0.017929554, 0), (-0.011156736, 0.011953036, 0), (-0.006312436, 0.005976518, 0)]
                uniform token subdivisionScheme = "none"
                matrix4d xformOp:transform = ( (-0.18662054555897403, 0.9824320699037012, 0, 0), (-0.9583963977939367, -0.18205478434309622, 0.21984631039295421, 0), (0.2159840657800416, 0.04102783838466066, 0.9755345200486784, 0), (-0.06895889659203235, -0.11587873218522082, 0.215653780816033, 1) )
                uniform token[] xformOpOrder = ["xformOp:transform"]
            }

            def Cylinder "Petiolule_term" (
                prepend apiSchemas = ["PhysicsCollisionAPI"]
            )
            {
                uniform token axis = "Z"
                double height = 0.01
                rel material:binding = </Plant_1/Materials/Leaf>
                double radius = 0.00113945566
                matrix4d xformOp:transform = ( (0.8870108331782215, -0.46174861323503436, 0, 0), (0.1579273268790752, 0.30337557229503614, 0.9396926207859084, 0), (-0.4339017645150882, -0.8335175344947352, 0.3420201433256687, 0), (-0.08073169722041264, -0.15508414744046026, 0.23028964356415244, 1) )
                uniform token[] xformOpOrder = ["xformOp:transform"]
            }

            def Mesh "Blade_6" (
                prepend apiSchemas = ["PhysicsCollisionAPI", "PhysicsMeshCollisionAPI"]
            )
            {
                int[] faceVertexCounts = [3, 3, 3, 3, 3, 3, 3, 3, 3, 3, 3, 3, 3, 3]
                int[] faceVertexIndices = [0, 1, 2, 0, 2, 3, 0, 3, 4, 0, 4, 5, 0, 5, 6, 0, 6, 7, 0, 7, 8, 0, 8, 9, 0, 9, 10, 0, 10, 11, 0, 11, 12, 0, 12, 13, 0, 13, 14, 0, 14, 15]
                rel material:binding = </Plant_1/Materials/Leaf>
                uniform token physics:approximation = "convexHull"
                point3f[] points = [(0, 0, 0), (0.006313541, 0.005977564, 0), (0.011158689, 0.011955128, 0), (0.013916824, 0.017932693, 0), (0.014346154, 0.023910256, 0), (0.012591412, 0.029887822, 0), (0.009129836, 0.035865385, 0), (0.00466653, 0.04184295, 0), (0, 0.047820512, 0), (-0.00466653, 0.04184295, 0), (-0.009129836, 0.035865385, 0), (-0.012591412, 0.029887822, 0), (-0.014346154, 0.023910256, 0), (-0.013916824, 0.017932693, 0), (-0.011158689, 0.011955128, 0), (-0.006313541, 0.005977564, 0)]
                uniform token subdivisionScheme = "none"
                matrix4d xformOp:transform = ( (-0.8870108331782215, 0.46174861323503436, 0, 0), (-0.4339017645150882, -0.8335175344947352, 0.3420201433256687, 0), (0.1579273268790752, 0.30337557229503614, 0.9396926207859084, 0), (-0.08290120604298808, -0.15925173511293392, 0.2319997442807808, 1) )
                uniform token[] xformOpOrder = ["xformOp:transform"]
            }
        }

        def Xform "Leaf_o1_r1_i1" (
            prepend apiSchemas = ["PhysicsRigidBodyAPI", "PhysicsMassAPI", "PhysicsFilteredPairsAPI"]
        )
        {
            prepend rel physics:filteredPairs = </Plant_1/Stem/Internode_o1_r1>
            float physics:mass = 0.05

            def Cylinder "Petiole" (
                prepend apiSchemas = ["PhysicsCollisionAPI"]
            )
            {
                uniform token axis = "Z"
                double height = 0.026231157
                rel material:binding = </Plant_1/Materials/Leaf>
                double radius = 0.00225789285
                matrix4d xformOp:transform = ( (-0.6755902076156604, -0.737277336810124, 0, 0), (0.25216370040656594, -0.23106545963812644, 0.9396926207859084, 0), (-0.6928140728731603, 0.6348471327716558, 0.3420201433256687, 0), (-0.009086657358672656, 0.008326387405366575, 0.04641377003836906, 1) )
                uniform token[] xformOpOrder = ["xformOp:transform"]
            }

            def Cylinder "Rachis" (
                prepend apiSchemas = ["PhysicsCollisionAPI"]
            )
            {
                uniform token axis = "Z"
                double height = 0.06174574
                rel material:binding = </Plant_1/Materials/Leaf>
                double radius = 0.0013547357100000001
                matrix4d xformOp:transform = ( (-0.6755902076156604, -0.737277336810124, 0, 0), (0.25216370040656594, -0.23106545963812644, 0.9396926207859084, 0), (-0.6928140728731603, 0.6348471327716558, 0.3420201433256687, 0), (-0.039562473523328916, 0.036252327810665216, 0.061458705499012854, 1) )
                uniform token[] xformOpOrder = ["xformOp:transform"]
            }

            def Cylinder "Petiolule_0" (
                prepend apiSchemas = ["PhysicsCollisionAPI"]
            )
            {
                uniform token axis = "Z"
                double height = 0.01
                rel material:binding = </Plant_1/Materials/Leaf>
                double radius = 0.0009031571400000001
                matrix4d xformOp:transform = ( (0.16064560780738846, -0.9870121522515286, 0, 0), (0.21699097998550732, 0.035317344157287905, 0.9755345200486782, 0), (-0.9628644262289079, -0.1567153359103089, 0.2198463103929542, 0), (-0.02298763684848985, 0.015869198131181605, 0.05199879362870289, 1) )
                uniform token[] xformOpOrder = ["xformOp:transform"]
            }

            def Mesh "Blade_0" (
                prepend apiSchemas = ["PhysicsCollisionAPI", "PhysicsMeshCollisionAPI"]
            )
            {
                int[] faceVertexCounts = [3, 3, 3, 3, 3, 3, 3, 3, 3, 3, 3, 3, 3, 3]
                int[] faceVertexIndices = [0, 1, 2, 0, 2, 3, 0, 3, 4, 0, 4, 5, 0, 5, 6, 0, 6, 7, 0, 7, 8, 0, 8, 9, 0, 9, 10, 0, 10, 11, 0, 11, 12, 0, 12, 13, 0, 13, 14, 0, 14, 15]
                rel material:binding = </Plant_1/Materials/Leaf>
                uniform token physics:approximation = "convexHull"
                point3f[] points = [(0, 0, 0), (0.003270987, 0.0030969207, 0), (0.0057812133, 0.0061938413, 0), (0.0072101774, 0.009290762, 0), (0.0074326093, 0.012387683, 0), (0.006523494, 0.015484603, 0), (0.0047300835, 0.018581524, 0), (0.002417686, 0.021678444, 0), (0, 0.024775365, 0), (-0.002417686, 0.021678444, 0), (-0.0047300835, 0.018581524, 0), (-0.006523494, 0.015484603, 0), (-0.0074326093, 0.012387683, 0), (-0.0072101774, 0.009290762, 0), (-0.0057812133, 0.0061938413, 0), (-0.003270987, 0.0030969207, 0)]
                uniform token subdivisionScheme = "none"
                matrix4d xformOp:transform = ( (-0.16064560780738846, 0.9870121522515286, 0, 0), (-0.9628644262289079, -0.1567153359103089, 0.2198463103929542, 0), (0.21699097998550732, 0.035317344157287905, 0.9755345200486782, 0), (-0.02780195897963439, 0.01508562145163006, 0.05309802518066766, 1) )
                uniform token[] xformOpOrder = ["xformOp:transform"]
            }

            def Cylinder "Petiolule_1" (
                prepend apiSchemas = ["PhysicsCollisionAPI"]
            )
            {
                uniform token axis = "Z"
                double height = 0.01
                rel material:binding = </Plant_1/Materials/Leaf>
                double radius = 0.0009031571400000001
                matrix4d xformOp:transform = ( (-0.9972574602926975, 0.07401052553899984, 0, 0), (-0.016270940969992622, -0.21924337315719755, 0.9755345200486782, 0), (0.07219982251023865, 0.9728590778916004, 0.2198463103929542, 0), (-0.017812315604794116, 0.02151707020019115, 0.05199879362870289, 1) )
                uniform token[] xformOpOrder = ["xformOp:transform"]
            }

            def Mesh "Blade_1" (
                prepend apiSchemas = ["PhysicsCollisionAPI", "PhysicsMeshCollisionAPI"]
            )
            {
                int[] faceVertexCounts = [3, 3, 3, 3, 3, 3, 3, 3, 3, 3, 3, 3, 3, 3]
                int[] faceVertexIndices = [0, 1, 2, 0, 2, 3, 0, 3, 4, 0, 4, 5, 0, 5, 6, 0, 6, 7, 0, 7, 8, 0, 8, 9, 0, 9, 10, 0, 10, 11, 0, 11, 12, 0, 12, 13, 0, 13, 14, 0, 14, 15]
                rel material:binding = </Plant_1/Materials/Leaf>
                uniform token physics:approximation = "convexHull"
                point3f[] points = [(0, 0, 0), (0.003270987, 0.0030969207, 0), (0.0057812133, 0.0061938413, 0), (0.0072101774, 0.009290762, 0), (0.0074326093, 0.012387683, 0), (0.006523494, 0.015484603, 0), (0.0047300835, 0.018581524, 0), (0.002417686, 0.021678444, 0), (0, 0.024775365, 0), (-0.002417686, 0.021678444, 0), (-0.0047300835, 0.018581524, 0), (-0.006523494, 0.015484603, 0), (-0.0074326093, 0.012387683, 0), (-0.0072101774, 0.009290762, 0), (-0.0057812133, 0.0061938413, 0), (-0.003270987, 0.0030969207, 0)]
                uniform token subdivisionScheme = "none"
                matrix4d xformOp:transform = ( (0.9972574602926975, -0.07401052553899984, 0, 0), (0.07219982251023865, 0.9728590778916004, 0.2198463103929542, 0), (-0.016270940969992622, -0.21924337315719755, 0.9755345200486782, 0), (-0.017451316492242925, 0.026381365589649153, 0.05309802518066766, 1) )
                uniform token[] xformOpOrder = ["xformOp:transform"]
            }

            def Cylinder "Petiolule_2" (
                prepend apiSchemas = ["PhysicsCollisionAPI"]
            )
            {
                uniform token axis = "Z"
                double height = 0.01
                rel material:binding = </Plant_1/Materials/Leaf>
                double radius = 0.0009031571400000001
                matrix4d xformOp:transform = ( (0.16064560780738846, -0.9870121522515286, 0, 0), (0.21699097998550732, 0.035317344157287905, 0.9755345200486782, 0), (-0.9628644262289079, -0.1567153359103089, 0.2198463103929542, 0), (-0.04954351479930717, 0.040203176950917456, 0.06510858099952084, 1) )
                uniform token[] xformOpOrder = ["xformOp:transform"]
            }

            def Mesh "Blade_2" (
                prepend apiSchemas = ["PhysicsCollisionAPI", "PhysicsMeshCollisionAPI"]
            )
            {
                int[] faceVertexCounts = [3, 3, 3, 3, 3, 3, 3, 3, 3, 3, 3, 3, 3, 3]
                int[] faceVertexIndices = [0, 1, 2, 0, 2, 3, 0, 3, 4, 0, 4, 5, 0, 5, 6, 0, 6, 7, 0, 7, 8, 0, 8, 9, 0, 9, 10, 0, 10, 11, 0, 11, 12, 0, 12, 13, 0, 13, 14, 0, 14, 15]
                rel material:binding = </Plant_1/Materials/Leaf>
                uniform token physics:approximation = "convexHull"
                point3f[] points = [(0, 0, 0), (0.003270987, 0.0030969207, 0), (0.0057812133, 0.0061938413, 0), (0.0072101774, 0.009290762, 0), (0.0074326093, 0.012387683, 0), (0.006523494, 0.015484603, 0), (0.0047300835, 0.018581524, 0), (0.002417686, 0.021678444, 0), (0, 0.024775365, 0), (-0.002417686, 0.021678444, 0), (-0.0047300835, 0.018581524, 0), (-0.006523494, 0.015484603, 0), (-0.0074326093, 0.012387683, 0), (-0.0072101774, 0.009290762, 0), (-0.0057812133, 0.0061938413, 0), (-0.003270987, 0.0030969207, 0)]
                uniform token subdivisionScheme = "none"
                matrix4d xformOp:transform = ( (-0.16064560780738846, 0.9870121522515286, 0, 0), (-0.9628644262289079, -0.1567153359103089, 0.2198463103929542, 0), (0.21699097998550732, 0.035317344157287905, 0.9755345200486782, 0), (-0.05435783693045171, 0.03941960027136591, 0.06620781255148561, 1) )
                uniform token[] xformOpOrder = ["xformOp:transform"]
            }

            def Cylinder "Petiolule_3" (
                prepend apiSchemas = ["PhysicsCollisionAPI"]
            )
            {
                uniform token axis = "Z"
                double height = 0.01
                rel material:binding = </Plant_1/Materials/Leaf>
                double radius = 0.0009031571400000001
                matrix4d xformOp:transform = ( (-0.9972574602926975, 0.07401052553899984, 0, 0), (-0.016270940969992622, -0.21924337315719755, 0.9755345200486782, 0), (0.07219982251023865, 0.9728590778916004, 0.2198463103929542, 0), (-0.04436819355561144, 0.045851049019927, 0.06510858099952084, 1) )
                uniform token[] xformOpOrder = ["xformOp:transform"]
            }

            def Mesh "Blade_3" (
                prepend apiSchemas = ["PhysicsCollisionAPI", "PhysicsMeshCollisionAPI"]
            )
            {
                int[] faceVertexCounts = [3, 3, 3, 3, 3, 3, 3, 3, 3, 3, 3, 3, 3, 3]
                int[] faceVertexIndices = [0, 1, 2, 0, 2, 3, 0, 3, 4, 0, 4, 5, 0, 5, 6, 0, 6, 7, 0, 7, 8, 0, 8, 9, 0, 9, 10, 0, 10, 11, 0, 11, 12, 0, 12, 13, 0, 13, 14, 0, 14, 15]
                rel material:binding = </Plant_1/Materials/Leaf>
                uniform token physics:approximation = "convexHull"
                point3f[] points = [(0, 0, 0), (0.003270987, 0.0030969207, 0), (0.0057812133, 0.0061938413, 0), (0.0072101774, 0.009290762, 0), (0.0074326093, 0.012387683, 0), (0.006523494, 0.015484603, 0), (0.0047300835, 0.018581524, 0), (0.002417686, 0.021678444, 0), (0, 0.024775365, 0), (-0.002417686, 0.021678444, 0), (-0.0047300835, 0.018581524, 0), (-0.006523494, 0.015484603, 0), (-0.0074326093, 0.012387683, 0), (-0.0072101774, 0.009290762, 0), (-0.0057812133, 0.0061938413, 0), (-0.003270987, 0.0030969207, 0)]
                uniform token subdivisionScheme = "none"
                matrix4d xformOp:transform = ( (0.9972574602926975, -0.07401052553899984, 0, 0), (0.07219982251023865, 0.9728590778916004, 0.2198463103929542, 0), (-0.016270940969992622, -0.21924337315719755, 0.9755345200486782, 0), (-0.04400719444306024, 0.050715344409385, 0.06620781255148561, 1) )
                uniform token[] xformOpOrder = ["xformOp:transform"]
            }

            def Cylinder "Petiolule_term" (
                prepend apiSchemas = ["PhysicsCollisionAPI"]
            )
            {
                uniform token axis = "Z"
                double height = 0.01
                rel material:binding = </Plant_1/Materials/Leaf>
                double radius = 0.0009031571400000001
                matrix4d xformOp:transform = ( (-0.6755902076156604, -0.737277336810124, 0, 0), (0.25216370040656594, -0.23106545963812644, 0.9396926207859084, 0), (-0.6928140728731603, 0.6348471327716558, 0.3420201433256687, 0), (-0.06441570269367833, 0.05902611647445557, 0.07372794963791594, 1) )
                uniform token[] xformOpOrder = ["xformOp:transform"]
            }

            def Mesh "Blade_4" (
                prepend apiSchemas = ["PhysicsCollisionAPI", "PhysicsMeshCollisionAPI"]
            )
            {
                int[] faceVertexCounts = [3, 3, 3, 3, 3, 3, 3, 3, 3, 3, 3, 3, 3, 3]
                int[] faceVertexIndices = [0, 1, 2, 0, 2, 3, 0, 3, 4, 0, 4, 5, 0, 5, 6, 0, 6, 7, 0, 7, 8, 0, 8, 9, 0, 9, 10, 0, 10, 11, 0, 11, 12, 0, 12, 13, 0, 13, 14, 0, 14, 15]
                rel material:binding = </Plant_1/Materials/Leaf>
                uniform token physics:approximation = "convexHull"
                point3f[] points = [(0, 0, 0), (0.003270987, 0.0030969207, 0), (0.0057812133, 0.0061938413, 0), (0.0072101774, 0.009290762, 0), (0.0074326093, 0.012387683, 0), (0.006523494, 0.015484603, 0), (0.0047300835, 0.018581524, 0), (0.002417686, 0.021678444, 0), (0, 0.024775365, 0), (-0.002417686, 0.021678444, 0), (-0.0047300835, 0.018581524, 0), (-0.006523494, 0.015484603, 0), (-0.0074326093, 0.012387683, 0), (-0.0072101774, 0.009290762, 0), (-0.0057812133, 0.0061938413, 0), (-0.003270987, 0.0030969207, 0)]
                uniform token subdivisionScheme = "none"
                matrix4d xformOp:transform = ( (0.6755902076156604, 0.737277336810124, -0, 0), (-0.6928140728731603, 0.6348471327716558, 0.3420201433256687, 0), (0.25216370040656594, -0.23106545963812644, 0.9396926207859084, 0), (-0.06787977305804413, 0.06220035213831385, 0.07543805035454429, 1) )
                uniform token[] xformOpOrder = ["xformOp:transform"]
            }
        }

        def Xform "Leaf_o1_r1_i2" (
            prepend apiSchemas = ["PhysicsRigidBodyAPI", "PhysicsMassAPI", "PhysicsFilteredPairsAPI"]
        )
        {
            prepend rel physics:filteredPairs = </Plant_1/Stem/Internode_o1_r1>
            float physics:mass = 0.05

            def Cylinder "Petiole" (
                prepend apiSchemas = ["PhysicsCollisionAPI"]
            )
            {
                uniform token axis = "Z"
                double height = 0.026231157
                rel material:binding = </Plant_1/Materials/Leaf>
                double radius = 0.00225789285
                matrix4d xformOp:transform = ( (-0.6755902076156604, -0.737277336810124, 0, 0), (0.25216370040656594, -0.23106545963812644, 0.9396926207859084, 0), (-0.6928140728731603, 0.6348471327716558, 0.3420201433256687, 0), (-0.009086657358672656, 0.008326387405366575, 0.04641377003836906, 1) )
                uniform token[] xformOpOrder = ["xformOp:transform"]
            }

            def Cylinder "Rachis" (
                prepend apiSchemas = ["PhysicsCollisionAPI"]
            )
            {
                uniform token axis = "Z"
                double height = 0.06174574
                rel material:binding = </Plant_1/Materials/Leaf>
                double radius = 0.0013547357100000001
                matrix4d xformOp:transform = ( (-0.6755902076156604, -0.737277336810124, 0, 0), (0.25216370040656594, -0.23106545963812644, 0.9396926207859084, 0), (-0.6928140728731603, 0.6348471327716558, 0.3420201433256687, 0), (-0.039562473523328916, 0.036252327810665216, 0.061458705499012854, 1) )
                uniform token[] xformOpOrder = ["xformOp:transform"]
            }

            def Cylinder "Petiolule_0" (
                prepend apiSchemas = ["PhysicsCollisionAPI"]
            )
            {
                uniform token axis = "Z"
                double height = 0.01
                rel material:binding = </Plant_1/Materials/Leaf>
                double radius = 0.0009031571400000001
                matrix4d xformOp:transform = ( (0.16064560780738846, -0.9870121522515286, 0, 0), (0.21699097998550732, 0.035317344157287905, 0.9755345200486782, 0), (-0.9628644262289079, -0.1567153359103089, 0.2198463103929542, 0), (-0.02298763684848985, 0.015869198131181605, 0.05199879362870289, 1) )
                uniform token[] xformOpOrder = ["xformOp:transform"]
            }

            def Mesh "Blade_0" (
                prepend apiSchemas = ["PhysicsCollisionAPI", "PhysicsMeshCollisionAPI"]
            )
            {
                int[] faceVertexCounts = [3, 3, 3, 3, 3, 3, 3, 3, 3, 3, 3, 3, 3, 3]
                int[] faceVertexIndices = [0, 1, 2, 0, 2, 3, 0, 3, 4, 0, 4, 5, 0, 5, 6, 0, 6, 7, 0, 7, 8, 0, 8, 9, 0, 9, 10, 0, 10, 11, 0, 11, 12, 0, 12, 13, 0, 13, 14, 0, 14, 15]
                rel material:binding = </Plant_1/Materials/Leaf>
                uniform token physics:approximation = "convexHull"
                point3f[] points = [(0, 0, 0), (0.003270987, 0.0030969207, 0), (0.0057812133, 0.0061938413, 0), (0.0072101774, 0.009290762, 0), (0.0074326093, 0.012387683, 0), (0.006523494, 0.015484603, 0), (0.0047300835, 0.018581524, 0), (0.002417686, 0.021678444, 0), (0, 0.024775365, 0), (-0.002417686, 0.021678444, 0), (-0.0047300835, 0.018581524, 0), (-0.006523494, 0.015484603, 0), (-0.0074326093, 0.012387683, 0), (-0.0072101774, 0.009290762, 0), (-0.0057812133, 0.0061938413, 0), (-0.003270987, 0.0030969207, 0)]
                uniform token subdivisionScheme = "none"
                matrix4d xformOp:transform = ( (-0.16064560780738846, 0.9870121522515286, 0, 0), (-0.9628644262289079, -0.1567153359103089, 0.2198463103929542, 0), (0.21699097998550732, 0.035317344157287905, 0.9755345200486782, 0), (-0.02780195897963439, 0.01508562145163006, 0.05309802518066766, 1) )
                uniform token[] xformOpOrder = ["xformOp:transform"]
            }

            def Cylinder "Petiolule_1" (
                prepend apiSchemas = ["PhysicsCollisionAPI"]
            )
            {
                uniform token axis = "Z"
                double height = 0.01
                rel material:binding = </Plant_1/Materials/Leaf>
                double radius = 0.0009031571400000001
                matrix4d xformOp:transform = ( (-0.9972574602926975, 0.07401052553899984, 0, 0), (-0.016270940969992622, -0.21924337315719755, 0.9755345200486782, 0), (0.07219982251023865, 0.9728590778916004, 0.2198463103929542, 0), (-0.017812315604794116, 0.02151707020019115, 0.05199879362870289, 1) )
                uniform token[] xformOpOrder = ["xformOp:transform"]
            }

            def Mesh "Blade_1" (
                prepend apiSchemas = ["PhysicsCollisionAPI", "PhysicsMeshCollisionAPI"]
            )
            {
                int[] faceVertexCounts = [3, 3, 3, 3, 3, 3, 3, 3, 3, 3, 3, 3, 3, 3]
                int[] faceVertexIndices = [0, 1, 2, 0, 2, 3, 0, 3, 4, 0, 4, 5, 0, 5, 6, 0, 6, 7, 0, 7, 8, 0, 8, 9, 0, 9, 10, 0, 10, 11, 0, 11, 12, 0, 12, 13, 0, 13, 14, 0, 14, 15]
                rel material:binding = </Plant_1/Materials/Leaf>
                uniform token physics:approximation = "convexHull"
                point3f[] points = [(0, 0, 0), (0.003270987, 0.0030969207, 0), (0.0057812133, 0.0061938413, 0), (0.0072101774, 0.009290762, 0), (0.0074326093, 0.012387683, 0), (0.006523494, 0.015484603, 0), (0.0047300835, 0.018581524, 0), (0.002417686, 0.021678444, 0), (0, 0.024775365, 0), (-0.002417686, 0.021678444, 0), (-0.0047300835, 0.018581524, 0), (-0.006523494, 0.015484603, 0), (-0.0074326093, 0.012387683, 0), (-0.0072101774, 0.009290762, 0), (-0.0057812133, 0.0061938413, 0), (-0.003270987, 0.0030969207, 0)]
                uniform token subdivisionScheme = "none"
                matrix4d xformOp:transform = ( (0.9972574602926975, -0.07401052553899984, 0, 0), (0.07219982251023865, 0.9728590778916004, 0.2198463103929542, 0), (-0.016270940969992622, -0.21924337315719755, 0.9755345200486782, 0), (-0.017451316492242925, 0.026381365589649153, 0.05309802518066766, 1) )
                uniform token[] xformOpOrder = ["xformOp:transform"]
            }

            def Cylinder "Petiolule_2" (
                prepend apiSchemas = ["PhysicsCollisionAPI"]
            )
            {
                uniform token axis = "Z"
                double height = 0.01
                rel material:binding = </Plant_1/Materials/Leaf>
                double radius = 0.0009031571400000001
                matrix4d xformOp:transform = ( (0.16064560780738846, -0.9870121522515286, 0, 0), (0.21699097998550732, 0.035317344157287905, 0.9755345200486782, 0), (-0.9628644262289079, -0.1567153359103089, 0.2198463103929542, 0), (-0.04954351479930717, 0.040203176950917456, 0.06510858099952084, 1) )
                uniform token[] xformOpOrder = ["xformOp:transform"]
            }

            def Mesh "Blade_2" (
                prepend apiSchemas = ["PhysicsCollisionAPI", "PhysicsMeshCollisionAPI"]
            )
            {
                int[] faceVertexCounts = [3, 3, 3, 3, 3, 3, 3, 3, 3, 3, 3, 3, 3, 3]
                int[] faceVertexIndices = [0, 1, 2, 0, 2, 3, 0, 3, 4, 0, 4, 5, 0, 5, 6, 0, 6, 7, 0, 7, 8, 0, 8, 9, 0, 9, 10, 0, 10, 11, 0, 11, 12, 0, 12, 13, 0, 13, 14, 0, 14, 15]
                rel material:binding = </Plant_1/Materials/Leaf>
                uniform token physics:approximation = "convexHull"
                point3f[] points = [(0, 0, 0), (0.003270987, 0.0030969207, 0), (0.0057812133, 0.0061938413, 0), (0.0072101774, 0.009290762, 0), (0.0074326093, 0.012387683, 0), (0.006523494, 0.015484603, 0), (0.0047300835, 0.018581524, 0), (0.002417686, 0.021678444, 0), (0, 0.024775365, 0), (-0.002417686, 0.021678444, 0), (-0.0047300835, 0.018581524, 0), (-0.006523494, 0.015484603, 0), (-0.0074326093, 0.012387683, 0), (-0.0072101774, 0.009290762, 0), (-0.0057812133, 0.0061938413, 0), (-0.003270987, 0.0030969207, 0)]
                uniform token subdivisionScheme = "none"
                matrix4d xformOp:transform = ( (-0.16064560780738846, 0.9870121522515286, 0, 0), (-0.9628644262289079, -0.1567153359103089, 0.2198463103929542, 0), (0.21699097998550732, 0.035317344157287905, 0.9755345200486782, 0), (-0.05435783693045171, 0.03941960027136591, 0.06620781255148561, 1) )
                uniform token[] xformOpOrder = ["xformOp:transform"]
            }

            def Cylinder "Petiolule_3" (
                prepend apiSchemas = ["PhysicsCollisionAPI"]
            )
            {
                uniform token axis = "Z"
                double height = 0.01
                rel material:binding = </Plant_1/Materials/Leaf>
                double radius = 0.0009031571400000001
                matrix4d xformOp:transform = ( (-0.9972574602926975, 0.07401052553899984, 0, 0), (-0.016270940969992622, -0.21924337315719755, 0.9755345200486782, 0), (0.07219982251023865, 0.9728590778916004, 0.2198463103929542, 0), (-0.04436819355561144, 0.045851049019927, 0.06510858099952084, 1) )
                uniform token[] xformOpOrder = ["xformOp:transform"]
            }

            def Mesh "Blade_3" (
                prepend apiSchemas = ["PhysicsCollisionAPI", "PhysicsMeshCollisionAPI"]
            )
            {
                int[] faceVertexCounts = [3, 3, 3, 3, 3, 3, 3, 3, 3, 3, 3, 3, 3, 3]
                int[] faceVertexIndices = [0, 1, 2, 0, 2, 3, 0, 3, 4, 0, 4, 5, 0, 5, 6, 0, 6, 7, 0, 7, 8, 0, 8, 9, 0, 9, 10, 0, 10, 11, 0, 11, 12, 0, 12, 13, 0, 13, 14, 0, 14, 15]
                rel material:binding = </Plant_1/Materials/Leaf>
                uniform token physics:approximation = "convexHull"
                point3f[] points = [(0, 0, 0), (0.003270987, 0.0030969207, 0), (0.0057812133, 0.0061938413, 0), (0.0072101774, 0.009290762, 0), (0.0074326093, 0.012387683, 0), (0.006523494, 0.015484603, 0), (0.0047300835, 0.018581524, 0), (0.002417686, 0.021678444, 0), (0, 0.024775365, 0), (-0.002417686, 0.021678444, 0), (-0.0047300835, 0.018581524, 0), (-0.006523494, 0.015484603, 0), (-0.0074326093, 0.012387683, 0), (-0.0072101774, 0.009290762, 0), (-0.0057812133, 0.0061938413, 0), (-0.003270987, 0.0030969207, 0)]
                uniform token subdivisionScheme = "none"
                matrix4d xformOp:transform = ( (0.9972574602926975, -0.07401052553899984, 0, 0), (0.07219982251023865, 0.9728590778916004, 0.2198463103929542, 0), (-0.016270940969992622, -0.21924337315719755, 0.9755345200486782, 0), (-0.04400719444306024, 0.050715344409385, 0.06620781255148561, 1) )
                uniform token[] xformOpOrder = ["xformOp:transform"]
            }

            def Cylinder "Petiolule_term" (
                prepend apiSchemas = ["PhysicsCollisionAPI"]
            )
            {
                uniform token axis = "Z"
                double height = 0.01
                rel material:binding = </Plant_1/Materials/Leaf>
                double radius = 0.0009031571400000001
                matrix4d xformOp:transform = ( (-0.6755902076156604, -0.737277336810124, 0, 0), (0.25216370040656594, -0.23106545963812644, 0.9396926207859084, 0), (-0.6928140728731603, 0.6348471327716558, 0.3420201433256687, 0), (-0.06441570269367833, 0.05902611647445557, 0.07372794963791594, 1) )
                uniform token[] xformOpOrder = ["xformOp:transform"]
            }

            def Mesh "Blade_4" (
                prepend apiSchemas = ["PhysicsCollisionAPI", "PhysicsMeshCollisionAPI"]
            )
            {
                int[] faceVertexCounts = [3, 3, 3, 3, 3, 3, 3, 3, 3, 3, 3, 3, 3, 3]
                int[] faceVertexIndices = [0, 1, 2, 0, 2, 3, 0, 3, 4, 0, 4, 5, 0, 5, 6, 0, 6, 7, 0, 7, 8, 0, 8, 9, 0, 9, 10, 0, 10, 11, 0, 11, 12, 0, 12, 13, 0, 13, 14, 0, 14, 15]
                rel material:binding = </Plant_1/Materials/Leaf>
                uniform token physics:approximation = "convexHull"
                point3f[] points = [(0, 0, 0), (0.003270987, 0.0030969207, 0), (0.0057812133, 0.0061938413, 0), (0.0072101774, 0.009290762, 0), (0.0074326093, 0.012387683, 0), (0.006523494, 0.015484603, 0), (0.0047300835, 0.018581524, 0), (0.002417686, 0.021678444, 0), (0, 0.024775365, 0), (-0.002417686, 0.021678444, 0), (-0.0047300835, 0.018581524, 0), (-0.006523494, 0.015484603, 0), (-0.0074326093, 0.012387683, 0), (-0.0072101774, 0.009290762, 0), (-0.0057812133, 0.0061938413, 0), (-0.003270987, 0.0030969207, 0)]
                uniform token subdivisionScheme = "none"
                matrix4d xformOp:transform = ( (0.6755902076156604, 0.737277336810124, -0, 0), (-0.6928140728731603, 0.6348471327716558, 0.3420201433256687, 0), (0.25216370040656594, -0.23106545963812644, 0.9396926207859084, 0), (-0.06787977305804413, 0.06220035213831385, 0.07543805035454429, 1) )
                uniform token[] xformOpOrder = ["xformOp:transform"]
            }
        }

        def Xform "Leaf_o1_r1_i3" (
            prepend apiSchemas = ["PhysicsRigidBodyAPI", "PhysicsMassAPI", "PhysicsFilteredPairsAPI"]
        )
        {
            prepend rel physics:filteredPairs = </Plant_1/Stem/Internode_o1_r1>
            float physics:mass = 0.05

            def Cylinder "Petiole" (
                prepend apiSchemas = ["PhysicsCollisionAPI"]
            )
            {
                uniform token axis = "Z"
                double height = 0.026231157
                rel material:binding = </Plant_1/Materials/Leaf>
                double radius = 0.00225789285
                matrix4d xformOp:transform = ( (-0.6755902076156604, -0.737277336810124, 0, 0), (0.25216370040656594, -0.23106545963812644, 0.9396926207859084, 0), (-0.6928140728731603, 0.6348471327716558, 0.3420201433256687, 0), (-0.009086657358672656, 0.008326387405366575, 0.04641377003836906, 1) )
                uniform token[] xformOpOrder = ["xformOp:transform"]
            }

            def Cylinder "Rachis" (
                prepend apiSchemas = ["PhysicsCollisionAPI"]
            )
            {
                uniform token axis = "Z"
                double height = 0.06174574
                rel material:binding = </Plant_1/Materials/Leaf>
                double radius = 0.0013547357100000001
                matrix4d xformOp:transform = ( (-0.6755902076156604, -0.737277336810124, 0, 0), (0.25216370040656594, -0.23106545963812644, 0.9396926207859084, 0), (-0.6928140728731603, 0.6348471327716558, 0.3420201433256687, 0), (-0.039562473523328916, 0.036252327810665216, 0.061458705499012854, 1) )
                uniform token[] xformOpOrder = ["xformOp:transform"]
            }

            def Cylinder "Petiolule_0" (
                prepend apiSchemas = ["PhysicsCollisionAPI"]
            )
            {
                uniform token axis = "Z"
                double height = 0.01
                rel material:binding = </Plant_1/Materials/Leaf>
                double radius = 0.0009031571400000001
                matrix4d xformOp:transform = ( (0.16064560780738846, -0.9870121522515286, 0, 0), (0.21699097998550732, 0.035317344157287905, 0.9755345200486782, 0), (-0.9628644262289079, -0.1567153359103089, 0.2198463103929542, 0), (-0.02298763684848985, 0.015869198131181605, 0.05199879362870289, 1) )
                uniform token[] xformOpOrder = ["xformOp:transform"]
            }

            def Mesh "Blade_0" (
                prepend apiSchemas = ["PhysicsCollisionAPI", "PhysicsMeshCollisionAPI"]
            )
            {
                int[] faceVertexCounts = [3, 3, 3, 3, 3, 3, 3, 3, 3, 3, 3, 3, 3, 3]
                int[] faceVertexIndices = [0, 1, 2, 0, 2, 3, 0, 3, 4, 0, 4, 5, 0, 5, 6, 0, 6, 7, 0, 7, 8, 0, 8, 9, 0, 9, 10, 0, 10, 11, 0, 11, 12, 0, 12, 13, 0, 13, 14, 0, 14, 15]
                rel material:binding = </Plant_1/Materials/Leaf>
                uniform token physics:approximation = "convexHull"
                point3f[] points = [(0, 0, 0), (0.003270987, 0.0030969207, 0), (0.0057812133, 0.0061938413, 0), (0.0072101774, 0.009290762, 0), (0.0074326093, 0.012387683, 0), (0.006523494, 0.015484603, 0), (0.0047300835, 0.018581524, 0), (0.002417686, 0.021678444, 0), (0, 0.024775365, 0), (-0.002417686, 0.021678444, 0), (-0.0047300835, 0.018581524, 0), (-0.006523494, 0.015484603, 0), (-0.0074326093, 0.012387683, 0), (-0.0072101774, 0.009290762, 0), (-0.0057812133, 0.0061938413, 0), (-0.003270987, 0.0030969207, 0)]
                uniform token subdivisionScheme = "none"
                matrix4d xformOp:transform = ( (-0.16064560780738846, 0.9870121522515286, 0, 0), (-0.9628644262289079, -0.1567153359103089, 0.2198463103929542, 0), (0.21699097998550732, 0.035317344157287905, 0.9755345200486782, 0), (-0.02780195897963439, 0.01508562145163006, 0.05309802518066766, 1) )
                uniform token[] xformOpOrder = ["xformOp:transform"]
            }

            def Cylinder "Petiolule_1" (
                prepend apiSchemas = ["PhysicsCollisionAPI"]
            )
            {
                uniform token axis = "Z"
                double height = 0.01
                rel material:binding = </Plant_1/Materials/Leaf>
                double radius = 0.0009031571400000001
                matrix4d xformOp:transform = ( (-0.9972574602926975, 0.07401052553899984, 0, 0), (-0.016270940969992622, -0.21924337315719755, 0.9755345200486782, 0), (0.07219982251023865, 0.9728590778916004, 0.2198463103929542, 0), (-0.017812315604794116, 0.02151707020019115, 0.05199879362870289, 1) )
                uniform token[] xformOpOrder = ["xformOp:transform"]
            }

            def Mesh "Blade_1" (
                prepend apiSchemas = ["PhysicsCollisionAPI", "PhysicsMeshCollisionAPI"]
            )
            {
                int[] faceVertexCounts = [3, 3, 3, 3, 3, 3, 3, 3, 3, 3, 3, 3, 3, 3]
                int[] faceVertexIndices = [0, 1, 2, 0, 2, 3, 0, 3, 4, 0, 4, 5, 0, 5, 6, 0, 6, 7, 0, 7, 8, 0, 8, 9, 0, 9, 10, 0, 10, 11, 0, 11, 12, 0, 12, 13, 0, 13, 14, 0, 14, 15]
                rel material:binding = </Plant_1/Materials/Leaf>
                uniform token physics:approximation = "convexHull"
                point3f[] points = [(0, 0, 0), (0.003270987, 0.0030969207, 0), (0.0057812133, 0.0061938413, 0), (0.0072101774, 0.009290762, 0), (0.0074326093, 0.012387683, 0), (0.006523494, 0.015484603, 0), (0.0047300835, 0.018581524, 0), (0.002417686, 0.021678444, 0), (0, 0.024775365, 0), (-0.002417686, 0.021678444, 0), (-0.0047300835, 0.018581524, 0), (-0.006523494, 0.015484603, 0), (-0.0074326093, 0.012387683, 0), (-0.0072101774, 0.009290762, 0), (-0.0057812133, 0.0061938413, 0), (-0.003270987, 0.0030969207, 0)]
                uniform token subdivisionScheme = "none"
                matrix4d xformOp:transform = ( (0.9972574602926975, -0.07401052553899984, 0, 0), (0.07219982251023865, 0.9728590778916004, 0.2198463103929542, 0), (-0.016270940969992622, -0.21924337315719755, 0.9755345200486782, 0), (-0.017451316492242925, 0.026381365589649153, 0.05309802518066766, 1) )
                uniform token[] xformOpOrder = ["xformOp:transform"]
            }

            def Cylinder "Petiolule_2" (
                prepend apiSchemas = ["PhysicsCollisionAPI"]
            )
            {
                uniform token axis = "Z"
                double height = 0.01
                rel material:binding = </Plant_1/Materials/Leaf>
                double radius = 0.0009031571400000001
                matrix4d xformOp:transform = ( (0.16064560780738846, -0.9870121522515286, 0, 0), (0.21699097998550732, 0.035317344157287905, 0.9755345200486782, 0), (-0.9628644262289079, -0.1567153359103089, 0.2198463103929542, 0), (-0.04954351479930717, 0.040203176950917456, 0.06510858099952084, 1) )
                uniform token[] xformOpOrder = ["xformOp:transform"]
            }

            def Mesh "Blade_2" (
                prepend apiSchemas = ["PhysicsCollisionAPI", "PhysicsMeshCollisionAPI"]
            )
            {
                int[] faceVertexCounts = [3, 3, 3, 3, 3, 3, 3, 3, 3, 3, 3, 3, 3, 3]
                int[] faceVertexIndices = [0, 1, 2, 0, 2, 3, 0, 3, 4, 0, 4, 5, 0, 5, 6, 0, 6, 7, 0, 7, 8, 0, 8, 9, 0, 9, 10, 0, 10, 11, 0, 11, 12, 0, 12, 13, 0, 13, 14, 0, 14, 15]
                rel material:binding = </Plant_1/Materials/Leaf>
                uniform token physics:approximation = "convexHull"
                point3f[] points = [(0, 0, 0), (0.003270987, 0.0030969207, 0), (0.0057812133, 0.0061938413, 0), (0.0072101774, 0.009290762, 0), (0.0074326093, 0.012387683, 0), (0.006523494, 0.015484603, 0), (0.0047300835, 0.018581524, 0), (0.002417686, 0.021678444, 0), (0, 0.024775365, 0), (-0.002417686, 0.021678444, 0), (-0.0047300835, 0.018581524, 0), (-0.006523494, 0.015484603, 0), (-0.0074326093, 0.012387683, 0), (-0.0072101774, 0.009290762, 0), (-0.0057812133, 0.0061938413, 0), (-0.003270987, 0.0030969207, 0)]
                uniform token subdivisionScheme = "none"
                matrix4d xformOp:transform = ( (-0.16064560780738846, 0.9870121522515286, 0, 0), (-0.9628644262289079, -0.1567153359103089, 0.2198463103929542, 0), (0.21699097998550732, 0.035317344157287905, 0.9755345200486782, 0), (-0.05435783693045171, 0.03941960027136591, 0.06620781255148561, 1) )
                uniform token[] xformOpOrder = ["xformOp:transform"]
            }

            def Cylinder "Petiolule_3" (
                prepend apiSchemas = ["PhysicsCollisionAPI"]
            )
            {
                uniform token axis = "Z"
                double height = 0.01
                rel material:binding = </Plant_1/Materials/Leaf>
                double radius = 0.0009031571400000001
                matrix4d xformOp:transform = ( (-0.9972574602926975, 0.07401052553899984, 0, 0), (-0.016270940969992622, -0.21924337315719755, 0.9755345200486782, 0), (0.07219982251023865, 0.9728590778916004, 0.2198463103929542, 0), (-0.04436819355561144, 0.045851049019927, 0.06510858099952084, 1) )
                uniform token[] xformOpOrder = ["xformOp:transform"]
            }

            def Mesh "Blade_3" (
                prepend apiSchemas = ["PhysicsCollisionAPI", "PhysicsMeshCollisionAPI"]
            )
            {
                int[] faceVertexCounts = [3, 3, 3, 3, 3, 3, 3, 3, 3, 3, 3, 3, 3, 3]
                int[] faceVertexIndices = [0, 1, 2, 0, 2, 3, 0, 3, 4, 0, 4, 5, 0, 5, 6, 0, 6, 7, 0, 7, 8, 0, 8, 9, 0, 9, 10, 0, 10, 11, 0, 11, 12, 0, 12, 13, 0, 13, 14, 0, 14, 15]
                rel material:binding = </Plant_1/Materials/Leaf>
                uniform token physics:approximation = "convexHull"
                point3f[] points = [(0, 0, 0), (0.003270987, 0.0030969207, 0), (0.0057812133, 0.0061938413, 0), (0.0072101774, 0.009290762, 0), (0.0074326093, 0.012387683, 0), (0.006523494, 0.015484603, 0), (0.0047300835, 0.018581524, 0), (0.002417686, 0.021678444, 0), (0, 0.024775365, 0), (-0.002417686, 0.021678444, 0), (-0.0047300835, 0.018581524, 0), (-0.006523494, 0.015484603, 0), (-0.0074326093, 0.012387683, 0), (-0.0072101774, 0.009290762, 0), (-0.0057812133, 0.0061938413, 0), (-0.003270987, 0.0030969207, 0)]
                uniform token subdivisionScheme = "none"
                matrix4d xformOp:transform = ( (0.9972574602926975, -0.07401052553899984, 0, 0), (0.07219982251023865, 0.9728590778916004, 0.2198463103929542, 0), (-0.016270940969992622, -0.21924337315719755, 0.9755345200486782, 0), (-0.04400719444306024, 0.050715344409385, 0.06620781255148561, 1) )
                uniform token[] xformOpOrder = ["xformOp:transform"]
            }

            def Cylinder "Petiolule_term" (
                prepend apiSchemas = ["PhysicsCollisionAPI"]
            )
            {
                uniform token axis = "Z"
                double height = 0.01
                rel material:binding = </Plant_1/Materials/Leaf>
                double radius = 0.0009031571400000001
                matrix4d xformOp:transform = ( (-0.6755902076156604, -0.737277336810124, 0, 0), (0.25216370040656594, -0.23106545963812644, 0.9396926207859084, 0), (-0.6928140728731603, 0.6348471327716558, 0.3420201433256687, 0), (-0.06441570269367833, 0.05902611647445557, 0.07372794963791594, 1) )
                uniform token[] xformOpOrder = ["xformOp:transform"]
            }

            def Mesh "Blade_4" (
                prepend apiSchemas = ["PhysicsCollisionAPI", "PhysicsMeshCollisionAPI"]
            )
            {
                int[] faceVertexCounts = [3, 3, 3, 3, 3, 3, 3, 3, 3, 3, 3, 3, 3, 3]
                int[] faceVertexIndices = [0, 1, 2, 0, 2, 3, 0, 3, 4, 0, 4, 5, 0, 5, 6, 0, 6, 7, 0, 7, 8, 0, 8, 9, 0, 9, 10, 0, 10, 11, 0, 11, 12, 0, 12, 13, 0, 13, 14, 0, 14, 15]
                rel material:binding = </Plant_1/Materials/Leaf>
                uniform token physics:approximation = "convexHull"
                point3f[] points = [(0, 0, 0), (0.003270987, 0.0030969207, 0), (0.0057812133, 0.0061938413, 0), (0.0072101774, 0.009290762, 0), (0.0074326093, 0.012387683, 0), (0.006523494, 0.015484603, 0), (0.0047300835, 0.018581524, 0), (0.002417686, 0.021678444, 0), (0, 0.024775365, 0), (-0.002417686, 0.021678444, 0), (-0.0047300835, 0.018581524, 0), (-0.006523494, 0.015484603, 0), (-0.0074326093, 0.012387683, 0), (-0.0072101774, 0.009290762, 0), (-0.0057812133, 0.0061938413, 0), (-0.003270987, 0.0030969207, 0)]
                uniform token subdivisionScheme = "none"
                matrix4d xformOp:transform = ( (0.6755902076156604, 0.737277336810124, -0, 0), (-0.6928140728731603, 0.6348471327716558, 0.3420201433256687, 0), (0.25216370040656594, -0.23106545963812644, 0.9396926207859084, 0), (-0.06787977305804413, 0.06220035213831385, 0.07543805035454429, 1) )
                uniform token[] xformOpOrder = ["xformOp:transform"]
            }
        }

        def Xform "Leaf_o0_r6_i0" (
            prepend apiSchemas = ["PhysicsRigidBodyAPI", "PhysicsMassAPI", "PhysicsFilteredPairsAPI"]
        )
        {
            prepend rel physics:filteredPairs = </Plant_1/Stem/Internode_o0_r6>
            float physics:mass = 0.05

            def Cylinder "Petiole" (
                prepend apiSchemas = ["PhysicsCollisionAPI"]
            )
            {
                uniform token axis = "Z"
                double height = 0.034439
                rel material:binding = </Plant_1/Materials/Leaf>
                double radius = 0.00280991265
                matrix4d xformOp:transform = ( (-0.9659258262890683, -0.25881904510252085, 0, 0), (0.0885213269013769, -0.33036608954935215, 0.9396926207859085, 0), (-0.24321034680169407, 0.9076733711903687, 0.3420201433256687, 0), (-0.004187960566751771, 0.015629681615212554, 0.13272836285799636, 1) )
                uniform token[] xformOpOrder = ["xformOp:transform"]
            }

            def Cylinder "Rachis" (
                prepend apiSchemas = ["PhysicsCollisionAPI"]
            )
            {
                uniform token axis = "Z"
                double height = 0.1423922
                rel material:binding = </Plant_1/Materials/Leaf>
                double radius = 0.00168594759
                matrix4d xformOp:transform = ( (-0.9659258262890683, -0.25881904510252085, 0, 0), (0.0885213269013769, -0.33036608954935215, 0.9396926207859085, 0), (-0.24321034680169407, 0.9076733711903687, 0.3420201433256687, 0), (-0.025691549305431632, 0.09588216733303172, 0.16296827904222136, 1) )
                uniform token[] xformOpOrder = ["xformOp:transform"]
            }

            def Cylinder "Petiolule_0" (
                prepend apiSchemas = ["PhysicsCollisionAPI"]
            )
            {
                uniform token axis = "Z"
                double height = 0.01
                rel material:binding = </Plant_1/Materials/Leaf>
                double radius = 0.00112396506
                matrix4d xformOp:transform = ( (-0.3948341114061387, -0.9187524282798522, 0, 0), (0.20198433152189277, -0.08680282260992023, 0.9755345200486782, 0), (-0.8962747091655432, 0.38517430536943387, 0.2198463103929542, 0), (-0.012857294679331256, 0.03318523475727228, 0.13971701026795746, 1) )
                uniform token[] xformOpOrder = ["xformOp:transform"]
            }

            def Mesh "Blade_0" (
                prepend apiSchemas = ["PhysicsCollisionAPI", "PhysicsMeshCollisionAPI"]
            )
            {
                int[] faceVertexCounts = [3, 3, 3, 3, 3, 3, 3, 3, 3, 3, 3, 3, 3, 3]
                int[] faceVertexIndices = [0, 1, 2, 0, 2, 3, 0, 3, 4, 0, 4, 5, 0, 5, 6, 0, 6, 7, 0, 7, 8, 0, 8, 9, 0, 9, 10, 0, 10, 11, 0, 11, 12, 0, 12, 13, 0, 13, 14, 0, 14, 15]
                rel material:binding = </Plant_1/Materials/Leaf>
                uniform token physics:approximation = "convexHull"
                point3f[] points = [(0, 0, 0), (0.006012807, 0.005692834, 0), (0.010627165, 0.011385668, 0), (0.013253922, 0.017078502, 0), (0.013662802, 0.022771336, 0), (0.011991643, 0.02846417, 0), (0.008694954, 0.034157004, 0), (0.0044442485, 0.03984984, 0), (0, 0.045542672, 0), (-0.0044442485, 0.03984984, 0), (-0.008694954, 0.034157004, 0), (-0.011991643, 0.02846417, 0), (-0.013662802, 0.022771336, 0), (-0.013253922, 0.017078502, 0), (-0.010627165, 0.011385668, 0), (-0.006012807, 0.005692834, 0)]
                uniform token subdivisionScheme = "none"
                matrix4d xformOp:transform = ( (0.3948341114061387, 0.9187524282798522, -0, 0), (-0.8962747091655432, 0.38517430536943387, 0.2198463103929542, 0), (0.20198433152189277, -0.08680282260992023, 0.9755345200486782, 0), (-0.017338668225158973, 0.035111106284119446, 0.14081624181992225, 1) )
                uniform token[] xformOpOrder = ["xformOp:transform"]
            }

            def Cylinder "Petiolule_1" (
                prepend apiSchemas = ["PhysicsCollisionAPI"]
            )
            {
                uniform token axis = "Z"
                double height = 0.01
                rel material:binding = </Plant_1/Materials/Leaf>
                double radius = 0.00112396506
                matrix4d xformOp:transform = ( (-0.8013125848982975, 0.5982458869759231, 0, 0), (-0.13152215095941697, -0.17616561526133157, 0.9755345200486782, 0), (0.5836095142221529, 0.7817080879177263, 0.2198463103929542, 0), (-0.005457873562392777, 0.03516790367001374, 0.13971701026795746, 1) )
                uniform token[] xformOpOrder = ["xformOp:transform"]
            }

            def Mesh "Blade_1" (
                prepend apiSchemas = ["PhysicsCollisionAPI", "PhysicsMeshCollisionAPI"]
            )
            {
                int[] faceVertexCounts = [3, 3, 3, 3, 3, 3, 3, 3, 3, 3, 3, 3, 3, 3]
                int[] faceVertexIndices = [0, 1, 2, 0, 2, 3, 0, 3, 4, 0, 4, 5, 0, 5, 6, 0, 6, 7, 0, 7, 8, 0, 8, 9, 0, 9, 10, 0, 10, 11, 0, 11, 12, 0, 12, 13, 0, 13, 14, 0, 14, 15]
                rel material:binding = </Plant_1/Materials/Leaf>
                uniform token physics:approximation = "convexHull"
                point3f[] points = [(0, 0, 0), (0.006012807, 0.005692834, 0), (0.010627165, 0.011385668, 0), (0.013253922, 0.017078502, 0), (0.013662802, 0.022771336, 0), (0.011991643, 0.02846417, 0), (0.008694954, 0.034157004, 0), (0.0044442485, 0.03984984, 0), (0, 0.045542672, 0), (-0.0044442485, 0.03984984, 0), (-0.008694954, 0.034157004, 0), (-0.011991643, 0.02846417, 0), (-0.013662802, 0.022771336, 0), (-0.013253922, 0.017078502, 0), (-0.010627165, 0.011385668, 0), (-0.006012807, 0.005692834, 0)]
                uniform token subdivisionScheme = "none"
                matrix4d xformOp:transform = ( (0.8013125848982975, -0.5982458869759231, 0, 0), (0.5836095142221529, 0.7817080879177263, 0.2198463103929542, 0), (-0.13152215095941697, -0.17616561526133157, 0.9755345200486782, 0), (-0.002539825991282012, 0.03907644410960237, 0.14081624181992225, 1) )
                uniform token[] xformOpOrder = ["xformOp:transform"]
            }

            def Cylinder "Petiolule_2" (
                prepend apiSchemas = ["PhysicsCollisionAPI"]
            )
            {
                uniform token axis = "Z"
                double height = 0.01
                rel material:binding = </Plant_1/Materials/Leaf>
                double radius = 0.00112396506
                matrix4d xformOp:transform = ( (-0.3948341114061387, -0.9187524282798522, 0, 0), (0.20198433152189277, -0.08680282260992023, 0.9755345200486782, 0), (-0.8962747091655432, 0.38517430536943387, 0.2198463103929542, 0), (-0.024886350017079933, 0.07807828044480793, 0.15663314597020936, 1) )
                uniform token[] xformOpOrder = ["xformOp:transform"]
            }

            def Mesh "Blade_2" (
                prepend apiSchemas = ["PhysicsCollisionAPI", "PhysicsMeshCollisionAPI"]
            )
            {
                int[] faceVertexCounts = [3, 3, 3, 3, 3, 3, 3, 3, 3, 3, 3, 3, 3, 3]
                int[] faceVertexIndices = [0, 1, 2, 0, 2, 3, 0, 3, 4, 0, 4, 5, 0, 5, 6, 0, 6, 7, 0, 7, 8, 0, 8, 9, 0, 9, 10, 0, 10, 11, 0, 11, 12, 0, 12, 13, 0, 13, 14, 0, 14, 15]
                rel material:binding = </Plant_1/Materials/Leaf>
                uniform token physics:approximation = "convexHull"
                point3f[] points = [(0, 0, 0), (0.006012807, 0.005692834, 0), (0.010627165, 0.011385668, 0), (0.013253922, 0.017078502, 0), (0.013662802, 0.022771336, 0), (0.011991643, 0.02846417, 0), (0.008694954, 0.034157004, 0), (0.0044442485, 0.03984984, 0), (0, 0.045542672, 0), (-0.0044442485, 0.03984984, 0), (-0.008694954, 0.034157004, 0), (-0.011991643, 0.02846417, 0), (-0.013662802, 0.022771336, 0), (-0.013253922, 0.017078502, 0), (-0.010627165, 0.011385668, 0), (-0.006012807, 0.005692834, 0)]
                uniform token subdivisionScheme = "none"
                matrix4d xformOp:transform = ( (0.3948341114061387, 0.9187524282798522, -0, 0), (-0.8962747091655432, 0.38517430536943387, 0.2198463103929542, 0), (0.20198433152189277, -0.08680282260992023, 0.9755345200486782, 0), (-0.02936772356290765, 0.0800041519716551, 0.15773237752217414, 1) )
                uniform token[] xformOpOrder = ["xformOp:transform"]
            }

            def Cylinder "Petiolule_3" (
                prepend apiSchemas = ["PhysicsCollisionAPI"]
            )
            {
                uniform token axis = "Z"
                double height = 0.01
                rel material:binding = </Plant_1/Materials/Leaf>
                double radius = 0.00112396506
                matrix4d xformOp:transform = ( (-0.8013125848982975, 0.5982458869759231, 0, 0), (-0.13152215095941697, -0.17616561526133157, 0.9755345200486782, 0), (0.5836095142221529, 0.7817080879177263, 0.2198463103929542, 0), (-0.017486928900141453, 0.08006094935754939, 0.15663314597020936, 1) )
                uniform token[] xformOpOrder = ["xformOp:transform"]
            }

            def Mesh "Blade_3" (
                prepend apiSchemas = ["PhysicsCollisionAPI", "PhysicsMeshCollisionAPI"]
            )
            {
                int[] faceVertexCounts = [3, 3, 3, 3, 3, 3, 3, 3, 3, 3, 3, 3, 3, 3]
                int[] faceVertexIndices = [0, 1, 2, 0, 2, 3, 0, 3, 4, 0, 4, 5, 0, 5, 6, 0, 6, 7, 0, 7, 8, 0, 8, 9, 0, 9, 10, 0, 10, 11, 0, 11, 12, 0, 12, 13, 0, 13, 14, 0, 14, 15]
                rel material:binding = </Plant_1/Materials/Leaf>
                uniform token physics:approximation = "convexHull"
                point3f[] points = [(0, 0, 0), (0.006012807, 0.005692834, 0), (0.010627165, 0.011385668, 0), (0.013253922, 0.017078502, 0), (0.013662802, 0.022771336, 0), (0.011991643, 0.02846417, 0), (0.008694954, 0.034157004, 0), (0.0044442485, 0.03984984, 0), (0, 0.045542672, 0), (-0.0044442485, 0.03984984, 0), (-0.008694954, 0.034157004, 0), (-0.011991643, 0.02846417, 0), (-0.013662802, 0.022771336, 0), (-0.013253922, 0.017078502, 0), (-0.010627165, 0.011385668, 0), (-0.006012807, 0.005692834, 0)]
                uniform token subdivisionScheme = "none"
                matrix4d xformOp:transform = ( (0.8013125848982975, -0.5982458869759231, 0, 0), (0.5836095142221529, 0.7817080879177263, 0.2198463103929542, 0), (-0.13152215095941697, -0.17616561526133157, 0.9755345200486782, 0), (-0.014568881329030687, 0.08396948979713802, 0.15773237752217414, 1) )
                uniform token[] xformOpOrder = ["xformOp:transform"]
            }

            def Cylinder "Petiolule_4" (
                prepend apiSchemas = ["PhysicsCollisionAPI"]
            )
            {
                uniform token axis = "Z"
                double height = 0.01
                rel material:binding = </Plant_1/Materials/Leaf>
                double radius = 0.00112396506
                matrix4d xformOp:transform = ( (-0.3948341114061387, -0.9187524282798522, 0, 0), (0.20198433152189277, -0.08680282260992023, 0.9755345200486782, 0), (-0.8962747091655432, 0.38517430536943387, 0.2198463103929542, 0), (-0.03691540535482861, 0.12297132613234357, 0.17354928167246125, 1) )
                uniform token[] xformOpOrder = ["xformOp:transform"]
            }

            def Mesh "Blade_4" (
                prepend apiSchemas = ["PhysicsCollisionAPI", "PhysicsMeshCollisionAPI"]
            )
            {
                int[] faceVertexCounts = [3, 3, 3, 3, 3, 3, 3, 3, 3, 3, 3, 3, 3, 3]
                int[] faceVertexIndices = [0, 1, 2, 0, 2, 3, 0, 3, 4, 0, 4, 5, 0, 5, 6, 0, 6, 7, 0, 7, 8, 0, 8, 9, 0, 9, 10, 0, 10, 11, 0, 11, 12, 0, 12, 13, 0, 13, 14, 0, 14, 15]
                rel material:binding = </Plant_1/Materials/Leaf>
                uniform token physics:approximation = "convexHull"
                point3f[] points = [(0, 0, 0), (0.006012807, 0.005692834, 0), (0.010627165, 0.011385668, 0), (0.013253922, 0.017078502, 0), (0.013662802, 0.022771336, 0), (0.011991643, 0.02846417, 0), (0.008694954, 0.034157004, 0), (0.0044442485, 0.03984984, 0), (0, 0.045542672, 0), (-0.0044442485, 0.03984984, 0), (-0.008694954, 0.034157004, 0), (-0.011991643, 0.02846417, 0), (-0.013662802, 0.022771336, 0), (-0.013253922, 0.017078502, 0), (-0.010627165, 0.011385668, 0), (-0.006012807, 0.005692834, 0)]
                uniform token subdivisionScheme = "none"
                matrix4d xformOp:transform = ( (0.3948341114061387, 0.9187524282798522, -0, 0), (-0.8962747091655432, 0.38517430536943387, 0.2198463103929542, 0), (0.20198433152189277, -0.08680282260992023, 0.9755345200486782, 0), (-0.04139677890065633, 0.12489719765919075, 0.17464851322442604, 1) )
                uniform token[] xformOpOrder = ["xformOp:transform"]
            }

            def Cylinder "Petiolule_5" (
                prepend apiSchemas = ["PhysicsCollisionAPI"]
            )
            {
                uniform token axis = "Z"
                double height = 0.01
                rel material:binding = </Plant_1/Materials/Leaf>
                double radius = 0.00112396506
                matrix4d xformOp:transform = ( (-0.8013125848982975, 0.5982458869759231, 0, 0), (-0.13152215095941697, -0.17616561526133157, 0.9755345200486782, 0), (0.5836095142221529, 0.7817080879177263, 0.2198463103929542, 0), (-0.029515984237890133, 0.12495399504508503, 0.17354928167246125, 1) )
                uniform token[] xformOpOrder = ["xformOp:transform"]
            }

            def Mesh "Blade_5" (
                prepend apiSchemas = ["PhysicsCollisionAPI", "PhysicsMeshCollisionAPI"]
            )
            {
                int[] faceVertexCounts = [3, 3, 3, 3, 3, 3, 3, 3, 3, 3, 3, 3, 3, 3]
                int[] faceVertexIndices = [0, 1, 2, 0, 2, 3, 0, 3, 4, 0, 4, 5, 0, 5, 6, 0, 6, 7, 0, 7, 8, 0, 8, 9, 0, 9, 10, 0, 10, 11, 0, 11, 12, 0, 12, 13, 0, 13, 14, 0, 14, 15]
                rel material:binding = </Plant_1/Materials/Leaf>
                uniform token physics:approximation = "convexHull"
                point3f[] points = [(0, 0, 0), (0.006012807, 0.005692834, 0), (0.010627165, 0.011385668, 0), (0.013253922, 0.017078502, 0), (0.013662802, 0.022771336, 0), (0.011991643, 0.02846417, 0), (0.008694954, 0.034157004, 0), (0.0044442485, 0.03984984, 0), (0, 0.045542672, 0), (-0.0044442485, 0.03984984, 0), (-0.008694954, 0.034157004, 0), (-0.011991643, 0.02846417, 0), (-0.013662802, 0.022771336, 0), (-0.013253922, 0.017078502, 0), (-0.010627165, 0.011385668, 0), (-0.006012807, 0.005692834, 0)]
                uniform token subdivisionScheme = "none"
                matrix4d xformOp:transform = ( (0.8013125848982975, -0.5982458869759231, 0, 0), (0.5836095142221529, 0.7817080879177263, 0.2198463103929542, 0), (-0.13152215095941697, -0.17616561526133157, 0.9755345200486782, 0), (-0.026597936666779367, 0.12886253548467366, 0.17464851322442604, 1) )
                uniform token[] xformOpOrder = ["xformOp:transform"]
            }

            def Cylinder "Petiolule_term" (
                prepend apiSchemas = ["PhysicsCollisionAPI"]
            )
            {
                uniform token axis = "Z"
                double height = 0.01
                rel material:binding = </Plant_1/Materials/Leaf>
                double radius = 0.00112396506
                matrix4d xformOp:transform = ( (-0.9659258262890683, -0.25881904510252085, 0, 0), (0.0885213269013769, -0.33036608954935215, 0.9396926207859085, 0), (-0.24321034680169407, 0.9076733711903687, 0.3420201433256687, 0), (-0.04422322921136819, 0.16504333829159018, 0.18902888008507832, 1) )
                uniform token[] xformOpOrder = ["xformOp:transform"]
            }

            def Mesh "Blade_6" (
                prepend apiSchemas = ["PhysicsCollisionAPI", "PhysicsMeshCollisionAPI"]
            )
            {
                int[] faceVertexCounts = [3, 3, 3, 3, 3, 3, 3, 3, 3, 3, 3, 3, 3, 3]
                int[] faceVertexIndices = [0, 1, 2, 0, 2, 3, 0, 3, 4, 0, 4, 5, 0, 5, 6, 0, 6, 7, 0, 7, 8, 0, 8, 9, 0, 9, 10, 0, 10, 11, 0, 11, 12, 0, 12, 13, 0, 13, 14, 0, 14, 15]
                rel material:binding = </Plant_1/Materials/Leaf>
                uniform token physics:approximation = "convexHull"
                point3f[] points = [(0, 0, 0), (0.0060138595, 0.0056938305, 0), (0.010629026, 0.011387661, 0), (0.013256242, 0.017081492, 0), (0.013665193, 0.022775322, 0), (0.011993743, 0.028469153, 0), (0.008696476, 0.034162983, 0), (0.0044450266, 0.039856814, 0), (0, 0.045550644, 0), (-0.0044450266, 0.039856814, 0), (-0.008696476, 0.034162983, 0), (-0.011993743, 0.028469153, 0), (-0.013665193, 0.022775322, 0), (-0.013256242, 0.017081492, 0), (-0.010629026, 0.011387661, 0), (-0.0060138595, 0.0056938305, 0)]
                uniform token subdivisionScheme = "none"
                matrix4d xformOp:transform = ( (0.9659258262890683, 0.25881904510252085, -0, 0), (-0.24321034680169407, 0.9076733711903687, 0.3420201433256687, 0), (0.0885213269013769, -0.33036608954935215, 0.9396926207859085, 0), (-0.045439280945376664, 0.169581705147542, 0.19073898080170668, 1) )
                uniform token[] xformOpOrder = ["xformOp:transform"]
            }
        }

        def Xform "Leaf_o0_r5_i0" (
            prepend apiSchemas = ["PhysicsRigidBodyAPI", "PhysicsMassAPI", "PhysicsFilteredPairsAPI"]
        )
        {
            prepend rel physics:filteredPairs = </Plant_1/Stem/Internode_o0_r5>
            float physics:mass = 0.05

            def Cylinder "Petiole" (
                prepend apiSchemas = ["PhysicsCollisionAPI"]
            )
            {
                uniform token axis = "Z"
                double height = 0.034185283
                rel material:binding = </Plant_1/Materials/Leaf>
                double radius = 0.00279326925
                matrix4d xformOp:transform = ( (0.5372996083468242, 0.8433914458128855, -0, 0), (-0.28845686317656605, 0.1837672890556065, 0.9396926207859086, 0), (0.7925287180643269, -0.5048964771146695, 0.3420201433256687, 0), (0.013546409256328112, -0.008630014477933998, 0.09323660169564427, 1) )
                uniform token[] xformOpOrder = ["xformOp:transform"]
            }

            def Cylinder "Rachis" (
                prepend apiSchemas = ["PhysicsCollisionAPI"]
            )
            {
                uniform token axis = "Z"
                double height = 0.14084336
                rel material:binding = </Plant_1/Materials/Leaf>
                double radius = 0.0016759615499999999
                matrix4d xformOp:transform = ( (0.5372996083468242, 0.8433914458128855, -0, 0), (-0.28845686317656605, 0.1837672890556065, 0.9396926207859086, 0), (0.7925287180643269, -0.5048964771146695, 0.3420201433256687, 0), (0.08290402228699248, -0.05281568710036458, 0.12316826247812293, 1) )
                uniform token[] xformOpOrder = ["xformOp:transform"]
            }

            def Cylinder "Petiolule_0" (
                prepend apiSchemas = ["PhysicsCollisionAPI"]
            )
            {
                uniform token axis = "Z"
                double height = 0.01
                rel material:binding = </Plant_1/Materials/Leaf>
                double radius = 0.0011173077000000001
                matrix4d xformOp:transform = ( (-0.3295979016296671, 0.944121402808622, 0, 0), (-0.20756160697049564, -0.07246088258654218, 0.9755345200486782, 0), (0.9210230195565939, 0.32153413077534876, 0.2198463103929542, 0), (0.0316979336104392, -0.015652358301991253, 0.10018186094325332, 1) )
                uniform token[] xformOpOrder = ["xformOp:transform"]
            }

            def Mesh "Blade_0" (
                prepend apiSchemas = ["PhysicsCollisionAPI", "PhysicsMeshCollisionAPI"]
            )
            {
                int[] faceVertexCounts = [3, 3, 3, 3, 3, 3, 3, 3, 3, 3, 3, 3, 3, 3]
                int[] faceVertexIndices = [0, 1, 2, 0, 2, 3, 0, 3, 4, 0, 4, 5, 0, 5, 6, 0, 6, 7, 0, 7, 8, 0, 8, 9, 0, 9, 10, 0, 10, 11, 0, 11, 12, 0, 12, 13, 0, 13, 14, 0, 14, 15]
                rel material:binding = </Plant_1/Materials/Leaf>
                uniform token physics:approximation = "convexHull"
                point3f[] points = [(0, 0, 0), (0.0058872304, 0.00557394, 0), (0.010405218, 0.01114788, 0), (0.012977116, 0.01672182, 0), (0.013377456, 0.02229576, 0), (0.0117411995, 0.0278697, 0), (0.00851336, 0.03344364, 0), (0.004351431, 0.03901758, 0), (0, 0.04459152, 0), (-0.004351431, 0.03901758, 0), (-0.00851336, 0.03344364, 0), (-0.0117411995, 0.0278697, 0), (-0.013377456, 0.02229576, 0), (-0.012977116, 0.01672182, 0), (-0.010405218, 0.01114788, 0), (-0.0058872304, 0.00557394, 0)]
                uniform token subdivisionScheme = "none"
                matrix4d xformOp:transform = ( (0.3295979016296671, -0.944121402808622, 0, 0), (0.9210230195565939, 0.32153413077534876, 0.2198463103929542, 0), (-0.20756160697049564, -0.07246088258654218, 0.9755345200486782, 0), (0.036303048708222166, -0.014044687648114508, 0.10128109249521809, 1) )
                uniform token[] xformOpOrder = ["xformOp:transform"]
            }

            def Cylinder "Petiolule_1" (
                prepend apiSchemas = ["PhysicsCollisionAPI"]
            )
            {
                uniform token axis = "Z"
                double height = 0.01
                rel material:binding = </Plant_1/Materials/Leaf>
                double radius = 0.0011173077000000001
                matrix4d xformOp:transform = ( (0.9949586715335319, 0.10028580128926272, -0, 0), (-0.022047463398245377, 0.2187379929301222, 0.9755345200486784, 0), (0.09783226102841802, -0.9706165301027345, 0.2198463103929542, 0), (0.027581979817798315, -0.02211311160638167, 0.10018186094325332, 1) )
                uniform token[] xformOpOrder = ["xformOp:transform"]
            }

            def Mesh "Blade_1" (
                prepend apiSchemas = ["PhysicsCollisionAPI", "PhysicsMeshCollisionAPI"]
            )
            {
                int[] faceVertexCounts = [3, 3, 3, 3, 3, 3, 3, 3, 3, 3, 3, 3, 3, 3]
                int[] faceVertexIndices = [0, 1, 2, 0, 2, 3, 0, 3, 4, 0, 4, 5, 0, 5, 6, 0, 6, 7, 0, 7, 8, 0, 8, 9, 0, 9, 10, 0, 10, 11, 0, 11, 12, 0, 12, 13, 0, 13, 14, 0, 14, 15]
                rel material:binding = </Plant_1/Materials/Leaf>
                uniform token physics:approximation = "convexHull"
                point3f[] points = [(0, 0, 0), (0.0058872304, 0.00557394, 0), (0.010405218, 0.01114788, 0), (0.012977116, 0.01672182, 0), (0.013377456, 0.02229576, 0), (0.0117411995, 0.0278697, 0), (0.00851336, 0.03344364, 0), (0.004351431, 0.03901758, 0), (0, 0.04459152, 0), (-0.004351431, 0.03901758, 0), (-0.00851336, 0.03344364, 0), (-0.0117411995, 0.0278697, 0), (-0.013377456, 0.02229576, 0), (-0.012977116, 0.01672182, 0), (-0.010405218, 0.01114788, 0), (-0.0058872304, 0.00557394, 0)]
                uniform token subdivisionScheme = "none"
                matrix4d xformOp:transform = ( (-0.9949586715335319, -0.10028580128926272, 0, 0), (0.09783226102841802, -0.9706165301027345, 0.2198463103929542, 0), (-0.022047463398245377, 0.2187379929301222, 0.9755345200486784, 0), (0.028071141122940405, -0.02696619425689534, 0.10128109249521809, 1) )
                uniform token[] xformOpOrder = ["xformOp:transform"]
            }

            def Cylinder "Petiolule_2" (
                prepend apiSchemas = ["PhysicsCollisionAPI"]
            )
            {
                uniform token axis = "Z"
                double height = 0.01
                rel material:binding = </Plant_1/Materials/Leaf>
                double radius = 0.0011173077000000001
                matrix4d xformOp:transform = ( (-0.3295979016296671, 0.944121402808622, 0, 0), (-0.20756160697049564, -0.07246088258654218, 0.9755345200486782, 0), (0.9210230195565939, 0.32153413077534876, 0.2198463103929542, 0), (0.07040914704716152, -0.0403141211422985, 0.11688789880176241, 1) )
                uniform token[] xformOpOrder = ["xformOp:transform"]
            }

            def Mesh "Blade_2" (
                prepend apiSchemas = ["PhysicsCollisionAPI", "PhysicsMeshCollisionAPI"]
            )
            {
                int[] faceVertexCounts = [3, 3, 3, 3, 3, 3, 3, 3, 3, 3, 3, 3, 3, 3]
                int[] faceVertexIndices = [0, 1, 2, 0, 2, 3, 0, 3, 4, 0, 4, 5, 0, 5, 6, 0, 6, 7, 0, 7, 8, 0, 8, 9, 0, 9, 10, 0, 10, 11, 0, 11, 12, 0, 12, 13, 0, 13, 14, 0, 14, 15]
                rel material:binding = </Plant_1/Materials/Leaf>
                uniform token physics:approximation = "convexHull"
                point3f[] points = [(0, 0, 0), (0.0058872304, 0.00557394, 0), (0.010405218, 0.01114788, 0), (0.012977116, 0.01672182, 0), (0.013377456, 0.02229576, 0), (0.0117411995, 0.0278697, 0), (0.00851336, 0.03344364, 0), (0.004351431, 0.03901758, 0), (0, 0.04459152, 0), (-0.004351431, 0.03901758, 0), (-0.00851336, 0.03344364, 0), (-0.0117411995, 0.0278697, 0), (-0.013377456, 0.02229576, 0), (-0.012977116, 0.01672182, 0), (-0.010405218, 0.01114788, 0), (-0.0058872304, 0.00557394, 0)]
                uniform token subdivisionScheme = "none"
                matrix4d xformOp:transform = ( (0.3295979016296671, -0.944121402808622, 0, 0), (0.9210230195565939, 0.32153413077534876, 0.2198463103929542, 0), (-0.20756160697049564, -0.07246088258654218, 0.9755345200486782, 0), (0.07501426214494449, -0.03870645048842176, 0.11798713035372718, 1) )
                uniform token[] xformOpOrder = ["xformOp:transform"]
            }

            def Cylinder "Petiolule_3" (
                prepend apiSchemas = ["PhysicsCollisionAPI"]
            )
            {
                uniform token axis = "Z"
                double height = 0.01
                rel material:binding = </Plant_1/Materials/Leaf>
                double radius = 0.0011173077000000001
                matrix4d xformOp:transform = ( (0.9949586715335319, 0.10028580128926272, -0, 0), (-0.022047463398245377, 0.2187379929301222, 0.9755345200486784, 0), (0.09783226102841802, -0.9706165301027345, 0.2198463103929542, 0), (0.06629319325452064, -0.046774874446688916, 0.11688789880176241, 1) )
                uniform token[] xformOpOrder = ["xformOp:transform"]
            }

            def Mesh "Blade_3" (
                prepend apiSchemas = ["PhysicsCollisionAPI", "PhysicsMeshCollisionAPI"]
            )
            {
                int[] faceVertexCounts = [3, 3, 3, 3, 3, 3, 3, 3, 3, 3, 3, 3, 3, 3]
                int[] faceVertexIndices = [0, 1, 2, 0, 2, 3, 0, 3, 4, 0, 4, 5, 0, 5, 6, 0, 6, 7, 0, 7, 8, 0, 8, 9, 0, 9, 10, 0, 10, 11, 0, 11, 12, 0, 12, 13, 0, 13, 14, 0, 14, 15]
                rel material:binding = </Plant_1/Materials/Leaf>
                uniform token physics:approximation = "convexHull"
                point3f[] points = [(0, 0, 0), (0.0058872304, 0.00557394, 0), (0.010405218, 0.01114788, 0), (0.012977116, 0.01672182, 0), (0.013377456, 0.02229576, 0), (0.0117411995, 0.0278697, 0), (0.00851336, 0.03344364, 0), (0.004351431, 0.03901758, 0), (0, 0.04459152, 0), (-0.004351431, 0.03901758, 0), (-0.00851336, 0.03344364, 0), (-0.0117411995, 0.0278697, 0), (-0.013377456, 0.02229576, 0), (-0.012977116, 0.01672182, 0), (-0.010405218, 0.01114788, 0), (-0.0058872304, 0.00557394, 0)]
                uniform token subdivisionScheme = "none"
                matrix4d xformOp:transform = ( (-0.9949586715335319, -0.10028580128926272, 0, 0), (0.09783226102841802, -0.9706165301027345, 0.2198463103929542, 0), (-0.022047463398245377, 0.2187379929301222, 0.9755345200486784, 0), (0.06678235455966272, -0.05162795709720259, 0.11798713035372718, 1) )
                uniform token[] xformOpOrder = ["xformOp:transform"]
            }

            def Cylinder "Petiolule_4" (
                prepend apiSchemas = ["PhysicsCollisionAPI"]
            )
            {
                uniform token axis = "Z"
                double height = 0.01
                rel material:binding = </Plant_1/Materials/Leaf>
                double radius = 0.0011173077000000001
                matrix4d xformOp:transform = ( (-0.3295979016296671, 0.944121402808622, 0, 0), (-0.20756160697049564, -0.07246088258654218, 0.9755345200486782, 0), (0.9210230195565939, 0.32153413077534876, 0.2198463103929542, 0), (0.10912036048388385, -0.06497588398260574, 0.1335939366602715, 1) )
                uniform token[] xformOpOrder = ["xformOp:transform"]
            }

            def Mesh "Blade_4" (
                prepend apiSchemas = ["PhysicsCollisionAPI", "PhysicsMeshCollisionAPI"]
            )
            {
                int[] faceVertexCounts = [3, 3, 3, 3, 3, 3, 3, 3, 3, 3, 3, 3, 3, 3]
                int[] faceVertexIndices = [0, 1, 2, 0, 2, 3, 0, 3, 4, 0, 4, 5, 0, 5, 6, 0, 6, 7, 0, 7, 8, 0, 8, 9, 0, 9, 10, 0, 10, 11, 0, 11, 12, 0, 12, 13, 0, 13, 14, 0, 14, 15]
                rel material:binding = </Plant_1/Materials/Leaf>
                uniform token physics:approximation = "convexHull"
                point3f[] points = [(0, 0, 0), (0.0058872304, 0.00557394, 0), (0.010405218, 0.01114788, 0), (0.012977116, 0.01672182, 0), (0.013377456, 0.02229576, 0), (0.0117411995, 0.0278697, 0), (0.00851336, 0.03344364, 0), (0.004351431, 0.03901758, 0), (0, 0.04459152, 0), (-0.004351431, 0.03901758, 0), (-0.00851336, 0.03344364, 0), (-0.0117411995, 0.0278697, 0), (-0.013377456, 0.02229576, 0), (-0.012977116, 0.01672182, 0), (-0.010405218, 0.01114788, 0), (-0.0058872304, 0.00557394, 0)]
                uniform token subdivisionScheme = "none"
                matrix4d xformOp:transform = ( (0.3295979016296671, -0.944121402808622, 0, 0), (0.9210230195565939, 0.32153413077534876, 0.2198463103929542, 0), (-0.20756160697049564, -0.07246088258654218, 0.9755345200486782, 0), (0.11372547558166682, -0.06336821332872901, 0.13469316821223629, 1) )
                uniform token[] xformOpOrder = ["xformOp:transform"]
            }

            def Cylinder "Petiolule_5" (
                prepend apiSchemas = ["PhysicsCollisionAPI"]
            )
            {
                uniform token axis = "Z"
                double height = 0.01
                rel material:binding = </Plant_1/Materials/Leaf>
                double radius = 0.0011173077000000001
                matrix4d xformOp:transform = ( (0.9949586715335319, 0.10028580128926272, -0, 0), (-0.022047463398245377, 0.2187379929301222, 0.9755345200486784, 0), (0.09783226102841802, -0.9706165301027345, 0.2198463103929542, 0), (0.10500440669124297, -0.07143663728699617, 0.1335939366602715, 1) )
                uniform token[] xformOpOrder = ["xformOp:transform"]
            }

            def Mesh "Blade_5" (
                prepend apiSchemas = ["PhysicsCollisionAPI", "PhysicsMeshCollisionAPI"]
            )
            {
                int[] faceVertexCounts = [3, 3, 3, 3, 3, 3, 3, 3, 3, 3, 3, 3, 3, 3]
                int[] faceVertexIndices = [0, 1, 2, 0, 2, 3, 0, 3, 4, 0, 4, 5, 0, 5, 6, 0, 6, 7, 0, 7, 8, 0, 8, 9, 0, 9, 10, 0, 10, 11, 0, 11, 12, 0, 12, 13, 0, 13, 14, 0, 14, 15]
                rel material:binding = </Plant_1/Materials/Leaf>
                uniform token physics:approximation = "convexHull"
                point3f[] points = [(0, 0, 0), (0.0058872304, 0.00557394, 0), (0.010405218, 0.01114788, 0), (0.012977116, 0.01672182, 0), (0.013377456, 0.02229576, 0), (0.0117411995, 0.0278697, 0), (0.00851336, 0.03344364, 0), (0.004351431, 0.03901758, 0), (0, 0.04459152, 0), (-0.004351431, 0.03901758, 0), (-0.00851336, 0.03344364, 0), (-0.0117411995, 0.0278697, 0), (-0.013377456, 0.02229576, 0), (-0.012977116, 0.01672182, 0), (-0.010405218, 0.01114788, 0), (-0.0058872304, 0.00557394, 0)]
                uniform token subdivisionScheme = "none"
                matrix4d xformOp:transform = ( (-0.9949586715335319, -0.10028580128926272, 0, 0), (0.09783226102841802, -0.9706165301027345, 0.2198463103929542, 0), (-0.022047463398245377, 0.2187379929301222, 0.9755345200486784, 0), (0.10549356799638505, -0.07628971993750984, 0.13469316821223629, 1) )
                uniform token[] xformOpOrder = ["xformOp:transform"]
            }

            def Cylinder "Petiolule_term" (
                prepend apiSchemas = ["PhysicsCollisionAPI"]
            )
            {
                uniform token axis = "Z"
                double height = 0.01
                rel material:binding = </Plant_1/Materials/Leaf>
                double radius = 0.0011173077000000001
                matrix4d xformOp:transform = ( (0.5372996083468242, 0.8433914458128855, -0, 0), (-0.28845686317656605, 0.1837672890556065, 0.9396926207859086, 0), (0.7925287180643269, -0.5048964771146695, 0.3420201433256687, 0), (0.14267786965165036, -0.0908958276304345, 0.14896399628158563, 1) )
                uniform token[] xformOpOrder = ["xformOp:transform"]
            }

            def Mesh "Blade_6" (
                prepend apiSchemas = ["PhysicsCollisionAPI", "PhysicsMeshCollisionAPI"]
            )
            {
                int[] faceVertexCounts = [3, 3, 3, 3, 3, 3, 3, 3, 3, 3, 3, 3, 3, 3]
                int[] faceVertexIndices = [0, 1, 2, 0, 2, 3, 0, 3, 4, 0, 4, 5, 0, 5, 6, 0, 6, 7, 0, 7, 8, 0, 8, 9, 0, 9, 10, 0, 10, 11, 0, 11, 12, 0, 12, 13, 0, 13, 14, 0, 14, 15]
                rel material:binding = </Plant_1/Materials/Leaf>
                uniform token physics:approximation = "convexHull"
                point3f[] points = [(0, 0, 0), (0.0058882604, 0.005574915, 0), (0.010407039, 0.01114983, 0), (0.012979386, 0.016724745, 0), (0.013379796, 0.02229966, 0), (0.011743254, 0.027874576, 0), (0.00851485, 0.03344949, 0), (0.0043521924, 0.039024405, 0), (0, 0.04459932, 0), (-0.0043521924, 0.039024405, 0), (-0.00851485, 0.03344949, 0), (-0.011743254, 0.027874576, 0), (-0.013379796, 0.02229966, 0), (-0.012979386, 0.016724745, 0), (-0.010407039, 0.01114983, 0), (-0.0058882604, 0.005574915, 0)]
                uniform token subdivisionScheme = "none"
                matrix4d xformOp:transform = ( (-0.5372996083468242, -0.8433914458128855, 0, 0), (0.7925287180643269, -0.5048964771146695, 0.3420201433256687, 0), (-0.28845686317656605, 0.1837672890556065, 0.9396926207859086, 0), (0.146640513241972, -0.09342031001600784, 0.150674096998214, 1) )
                uniform token[] xformOpOrder = ["xformOp:transform"]
            }
        }

        def Xform "Leaf_o0_r4_i0" (
            prepend apiSchemas = ["PhysicsRigidBodyAPI", "PhysicsMassAPI", "PhysicsFilteredPairsAPI"]
        )
        {
            prepend rel physics:filteredPairs = </Plant_1/Stem/Internode_o0_r4>
            float physics:mass = 0.05

            def Cylinder "Petiole" (
                prepend apiSchemas = ["PhysicsCollisionAPI"]
            )
            {
                uniform token axis = "Z"
                double height = 0.034005996
                rel material:binding = </Plant_1/Materials/Leaf>
                double radius = 0.0027814935
                matrix4d xformOp:transform = ( (0.17364817766693047, -0.984807753012208, 0, 0), (0.33682408883346515, 0.05939117461388475, 0.9396926207859084, 0), (-0.9254165783983234, -0.16317591116653496, 0.3420201433256687, 0), (-0.015734856231673533, -0.0027744796912127713, 0.07591191681292606, 1) )
                uniform token[] xformOpOrder = ["xformOp:transform"]
            }

            def Cylinder "Rachis" (
                prepend apiSchemas = ["PhysicsCollisionAPI"]
            )
            {
                uniform token axis = "Z"
                double height = 0.13975267
                rel material:binding = </Plant_1/Materials/Leaf>
                double radius = 0.0016688961
                matrix4d xformOp:transform = ( (0.17364817766693047, -0.984807753012208, 0, 0), (0.33682408883346515, 0.05939117461388475, 0.9396926207859084, 0), (-0.9254165783983234, -0.16317591116653496, 0.3420201433256687, 0), (-0.09613443131006207, -0.01695109401502858, 0.10562639873762454, 1) )
                uniform token[] xformOpOrder = ["xformOp:transform"]
            }

            def Cylinder "Petiolule_0" (
                prepend apiSchemas = ["PhysicsCollisionAPI"]
            )
            {
                uniform token axis = "Z"
                double height = 0.01
                rel material:binding = </Plant_1/Materials/Leaf>
                double radius = 0.0011125974
                matrix4d xformOp:transform = ( (0.8808442376695917, -0.4734061986965059, 0, 0), (0.10407660610058059, 0.19365035568255418, 0.9755345200486781, 0), (-0.4618240888334651, -0.8592939606326491, 0.2198463103929542, 0), (-0.03377883290751439, -0.009845429185588788, 0.08282651617781688, 1) )
                uniform token[] xformOpOrder = ["xformOp:transform"]
            }

            def Mesh "Blade_0" (
                prepend apiSchemas = ["PhysicsCollisionAPI", "PhysicsMeshCollisionAPI"]
            )
            {
                int[] faceVertexCounts = [3, 3, 3, 3, 3, 3, 3, 3, 3, 3, 3, 3, 3, 3]
                int[] faceVertexIndices = [0, 1, 2, 0, 2, 3, 0, 3, 4, 0, 4, 5, 0, 5, 6, 0, 6, 7, 0, 7, 8, 0, 8, 9, 0, 9, 10, 0, 10, 11, 0, 11, 12, 0, 12, 13, 0, 13, 14, 0, 14, 15]
                rel material:binding = </Plant_1/Materials/Leaf>
                uniform token physics:approximation = "convexHull"
                point3f[] points = [(0, 0, 0), (0.005799529, 0.0054909056, 0), (0.010250214, 0.010981811, 0), (0.012783797, 0.016472718, 0), (0.013178174, 0.021963622, 0), (0.011566293, 0.027454529, 0), (0.008386538, 0.032945435, 0), (0.0042866087, 0.038436342, 0), (0, 0.043927245, 0), (-0.0042866087, 0.038436342, 0), (-0.008386538, 0.032945435, 0), (-0.011566293, 0.027454529, 0), (-0.013178174, 0.021963622, 0), (-0.012783797, 0.016472718, 0), (-0.010250214, 0.010981811, 0), (-0.005799529, 0.0054909056, 0)]
                uniform token subdivisionScheme = "none"
                matrix4d xformOp:transform = ( (-0.8808442376695917, 0.4734061986965059, 0, 0), (-0.4618240888334651, -0.8592939606326491, 0.2198463103929542, 0), (0.10407660610058059, 0.19365035568255418, 0.9755345200486781, 0), (-0.03608795335168172, -0.014141898988752035, 0.08392574772978165, 1) )
                uniform token[] xformOpOrder = ["xformOp:transform"]
            }

            def Cylinder "Petiolule_1" (
                prepend apiSchemas = ["PhysicsCollisionAPI"]
            )
            {
                uniform token axis = "Z"
                double height = 0.01
                rel material:binding = </Plant_1/Materials/Leaf>
                double radius = 0.0011125974
                matrix4d xformOp:transform = ( (-0.665808374270465, -0.7461227839647576, 0, 0), (0.1640323411547712, -0.14637551451209285, 0.9755345200486782, 0), (-0.7278685319524434, 0.6495190528383288, 0.2198463103929542, 0), (-0.03510905512310928, -0.0023013641182338986, 0.08282651617781688, 1) )
                uniform token[] xformOpOrder = ["xformOp:transform"]
            }

            def Mesh "Blade_1" (
                prepend apiSchemas = ["PhysicsCollisionAPI", "PhysicsMeshCollisionAPI"]
            )
            {
                int[] faceVertexCounts = [3, 3, 3, 3, 3, 3, 3, 3, 3, 3, 3, 3, 3, 3]
                int[] faceVertexIndices = [0, 1, 2, 0, 2, 3, 0, 3, 4, 0, 4, 5, 0, 5, 6, 0, 6, 7, 0, 7, 8, 0, 8, 9, 0, 9, 10, 0, 10, 11, 0, 11, 12, 0, 12, 13, 0, 13, 14, 0, 14, 15]
                rel material:binding = </Plant_1/Materials/Leaf>
                uniform token physics:approximation = "convexHull"
                point3f[] points = [(0, 0, 0), (0.005799529, 0.0054909056, 0), (0.010250214, 0.010981811, 0), (0.012783797, 0.016472718, 0), (0.013178174, 0.021963622, 0), (0.011566293, 0.027454529, 0), (0.008386538, 0.032945435, 0), (0.0042866087, 0.038436342, 0), (0, 0.043927245, 0), (-0.0042866087, 0.038436342, 0), (-0.008386538, 0.032945435, 0), (-0.011566293, 0.027454529, 0), (-0.013178174, 0.021963622, 0), (-0.012783797, 0.016472718, 0), (-0.010250214, 0.010981811, 0), (-0.005799529, 0.0054909056, 0)]
                uniform token subdivisionScheme = "none"
                matrix4d xformOp:transform = ( (0.665808374270465, 0.7461227839647576, -0, 0), (-0.7278685319524434, 0.6495190528383288, 0.2198463103929542, 0), (0.1640323411547712, -0.14637551451209285, 0.9755345200486782, 0), (-0.0387483977828715, 0.0009462311459577455, 0.08392574772978165, 1) )
                uniform token[] xformOpOrder = ["xformOp:transform"]
            }

            def Cylinder "Petiolule_2" (
                prepend apiSchemas = ["PhysicsCollisionAPI"]
            )
            {
                uniform token axis = "Z"
                double height = 0.01
                rel material:binding = </Plant_1/Materials/Leaf>
                double radius = 0.0011125974
                matrix4d xformOp:transform = ( (0.8808442376695917, -0.4734061986965059, 0, 0), (0.10407660610058059, 0.19365035568255418, 0.9755345200486781, 0), (-0.4618240888334651, -0.8592939606326491, 0.2198463103929542, 0), (-0.0785810303445953, -0.0177452653887738, 0.0993847390867432, 1) )
                uniform token[] xformOpOrder = ["xformOp:transform"]
            }

            def Mesh "Blade_2" (
                prepend apiSchemas = ["PhysicsCollisionAPI", "PhysicsMeshCollisionAPI"]
            )
            {
                int[] faceVertexCounts = [3, 3, 3, 3, 3, 3, 3, 3, 3, 3, 3, 3, 3, 3]
                int[] faceVertexIndices = [0, 1, 2, 0, 2, 3, 0, 3, 4, 0, 4, 5, 0, 5, 6, 0, 6, 7, 0, 7, 8, 0, 8, 9, 0, 9, 10, 0, 10, 11, 0, 11, 12, 0, 12, 13, 0, 13, 14, 0, 14, 15]
                rel material:binding = </Plant_1/Materials/Leaf>
                uniform token physics:approximation = "convexHull"
                point3f[] points = [(0, 0, 0), (0.005799529, 0.0054909056, 0), (0.010250214, 0.010981811, 0), (0.012783797, 0.016472718, 0), (0.013178174, 0.021963622, 0), (0.011566293, 0.027454529, 0), (0.008386538, 0.032945435, 0), (0.0042866087, 0.038436342, 0), (0, 0.043927245, 0), (-0.0042866087, 0.038436342, 0), (-0.008386538, 0.032945435, 0), (-0.011566293, 0.027454529, 0), (-0.013178174, 0.021963622, 0), (-0.012783797, 0.016472718, 0), (-0.010250214, 0.010981811, 0), (-0.005799529, 0.0054909056, 0)]
                uniform token subdivisionScheme = "none"
                matrix4d xformOp:transform = ( (-0.8808442376695917, 0.4734061986965059, 0, 0), (-0.4618240888334651, -0.8592939606326491, 0.2198463103929542, 0), (0.10407660610058059, 0.19365035568255418, 0.9755345200486781, 0), (-0.08089015078876263, -0.02204173519193705, 0.10048397063870797, 1) )
                uniform token[] xformOpOrder = ["xformOp:transform"]
            }

            def Cylinder "Petiolule_3" (
                prepend apiSchemas = ["PhysicsCollisionAPI"]
            )
            {
                uniform token axis = "Z"
                double height = 0.01
                rel material:binding = </Plant_1/Materials/Leaf>
                double radius = 0.0011125974
                matrix4d xformOp:transform = ( (-0.665808374270465, -0.7461227839647576, 0, 0), (0.1640323411547712, -0.14637551451209285, 0.9755345200486782, 0), (-0.7278685319524434, 0.6495190528383288, 0.2198463103929542, 0), (-0.0799112525601902, -0.010201200321418913, 0.0993847390867432, 1) )
                uniform token[] xformOpOrder = ["xformOp:transform"]
            }

            def Mesh "Blade_3" (
                prepend apiSchemas = ["PhysicsCollisionAPI", "PhysicsMeshCollisionAPI"]
            )
            {
                int[] faceVertexCounts = [3, 3, 3, 3, 3, 3, 3, 3, 3, 3, 3, 3, 3, 3]
                int[] faceVertexIndices = [0, 1, 2, 0, 2, 3, 0, 3, 4, 0, 4, 5, 0, 5, 6, 0, 6, 7, 0, 7, 8, 0, 8, 9, 0, 9, 10, 0, 10, 11, 0, 11, 12, 0, 12, 13, 0, 13, 14, 0, 14, 15]
                rel material:binding = </Plant_1/Materials/Leaf>
                uniform token physics:approximation = "convexHull"
                point3f[] points = [(0, 0, 0), (0.005799529, 0.0054909056, 0), (0.010250214, 0.010981811, 0), (0.012783797, 0.016472718, 0), (0.013178174, 0.021963622, 0), (0.011566293, 0.027454529, 0), (0.008386538, 0.032945435, 0), (0.0042866087, 0.038436342, 0), (0, 0.043927245, 0), (-0.0042866087, 0.038436342, 0), (-0.008386538, 0.032945435, 0), (-0.011566293, 0.027454529, 0), (-0.013178174, 0.021963622, 0), (-0.012783797, 0.016472718, 0), (-0.010250214, 0.010981811, 0), (-0.005799529, 0.0054909056, 0)]
                uniform token subdivisionScheme = "none"
                matrix4d xformOp:transform = ( (0.665808374270465, 0.7461227839647576, -0, 0), (-0.7278685319524434, 0.6495190528383288, 0.2198463103929542, 0), (0.1640323411547712, -0.14637551451209285, 0.9755345200486782, 0), (-0.08355059521995241, -0.006953605057227268, 0.10048397063870797, 1) )
                uniform token[] xformOpOrder = ["xformOp:transform"]
            }

            def Cylinder "Petiolule_4" (
                prepend apiSchemas = ["PhysicsCollisionAPI"]
            )
            {
                uniform token axis = "Z"
                double height = 0.01
                rel material:binding = </Plant_1/Materials/Leaf>
                double radius = 0.0011125974
                matrix4d xformOp:transform = ( (0.8808442376695917, -0.4734061986965059, 0, 0), (0.10407660610058059, 0.19365035568255418, 0.9755345200486781, 0), (-0.4618240888334651, -0.8592939606326491, 0.2198463103929542, 0), (-0.12338322778167624, -0.025645101591958812, 0.11594296199566952, 1) )
                uniform token[] xformOpOrder = ["xformOp:transform"]
            }

            def Mesh "Blade_4" (
                prepend apiSchemas = ["PhysicsCollisionAPI", "PhysicsMeshCollisionAPI"]
            )
            {
                int[] faceVertexCounts = [3, 3, 3, 3, 3, 3, 3, 3, 3, 3, 3, 3, 3, 3]
                int[] faceVertexIndices = [0, 1, 2, 0, 2, 3, 0, 3, 4, 0, 4, 5, 0, 5, 6, 0, 6, 7, 0, 7, 8, 0, 8, 9, 0, 9, 10, 0, 10, 11, 0, 11, 12, 0, 12, 13, 0, 13, 14, 0, 14, 15]
                rel material:binding = </Plant_1/Materials/Leaf>
                uniform token physics:approximation = "convexHull"
                point3f[] points = [(0, 0, 0), (0.005799529, 0.0054909056, 0), (0.010250214, 0.010981811, 0), (0.012783797, 0.016472718, 0), (0.013178174, 0.021963622, 0), (0.011566293, 0.027454529, 0), (0.008386538, 0.032945435, 0), (0.0042866087, 0.038436342, 0), (0, 0.043927245, 0), (-0.0042866087, 0.038436342, 0), (-0.008386538, 0.032945435, 0), (-0.011566293, 0.027454529, 0), (-0.013178174, 0.021963622, 0), (-0.012783797, 0.016472718, 0), (-0.010250214, 0.010981811, 0), (-0.005799529, 0.0054909056, 0)]
                uniform token subdivisionScheme = "none"
                matrix4d xformOp:transform = ( (-0.8808442376695917, 0.4734061986965059, 0, 0), (-0.4618240888334651, -0.8592939606326491, 0.2198463103929542, 0), (0.10407660610058059, 0.19365035568255418, 0.9755345200486781, 0), (-0.12569234822584355, -0.02994157139512206, 0.11704219354763429, 1) )
                uniform token[] xformOpOrder = ["xformOp:transform"]
            }

            def Cylinder "Petiolule_5" (
                prepend apiSchemas = ["PhysicsCollisionAPI"]
            )
            {
                uniform token axis = "Z"
                double height = 0.01
                rel material:binding = </Plant_1/Materials/Leaf>
                double radius = 0.0011125974
                matrix4d xformOp:transform = ( (-0.665808374270465, -0.7461227839647576, 0, 0), (0.1640323411547712, -0.14637551451209285, 0.9755345200486782, 0), (-0.7278685319524434, 0.6495190528383288, 0.2198463103929542, 0), (-0.12471344999727113, -0.018101036524603924, 0.11594296199566952, 1) )
                uniform token[] xformOpOrder = ["xformOp:transform"]
            }

            def Mesh "Blade_5" (
                prepend apiSchemas = ["PhysicsCollisionAPI", "PhysicsMeshCollisionAPI"]
            )
            {
                int[] faceVertexCounts = [3, 3, 3, 3, 3, 3, 3, 3, 3, 3, 3, 3, 3, 3]
                int[] faceVertexIndices = [0, 1, 2, 0, 2, 3, 0, 3, 4, 0, 4, 5, 0, 5, 6, 0, 6, 7, 0, 7, 8, 0, 8, 9, 0, 9, 10, 0, 10, 11, 0, 11, 12, 0, 12, 13, 0, 13, 14, 0, 14, 15]
                rel material:binding = </Plant_1/Materials/Leaf>
                uniform token physics:approximation = "convexHull"
                point3f[] points = [(0, 0, 0), (0.005799529, 0.0054909056, 0), (0.010250214, 0.010981811, 0), (0.012783797, 0.016472718, 0), (0.013178174, 0.021963622, 0), (0.011566293, 0.027454529, 0), (0.008386538, 0.032945435, 0), (0.0042866087, 0.038436342, 0), (0, 0.043927245, 0), (-0.0042866087, 0.038436342, 0), (-0.008386538, 0.032945435, 0), (-0.011566293, 0.027454529, 0), (-0.013178174, 0.021963622, 0), (-0.012783797, 0.016472718, 0), (-0.010250214, 0.010981811, 0), (-0.005799529, 0.0054909056, 0)]
                uniform token subdivisionScheme = "none"
                matrix4d xformOp:transform = ( (0.665808374270465, 0.7461227839647576, -0, 0), (-0.7278685319524434, 0.6495190528383288, 0.2198463103929542, 0), (0.1640323411547712, -0.14637551451209285, 0.9755345200486782, 0), (-0.12835279265703334, -0.014853441260412279, 0.11704219354763429, 1) )
                uniform token[] xformOpOrder = ["xformOp:transform"]
            }

            def Cylinder "Petiolule_term" (
                prepend apiSchemas = ["PhysicsCollisionAPI"]
            )
            {
                uniform token axis = "Z"
                double height = 0.01
                rel material:binding = </Plant_1/Materials/Leaf>
                double radius = 0.0011125974
                matrix4d xformOp:transform = ( (0.17364817766693047, -0.984807753012208, 0, 0), (0.33682408883346515, 0.05939117461388475, 0.9396926207859084, 0), (-0.9254165783983234, -0.16317591116653496, 0.3420201433256687, 0), (-0.1654262330487687, -0.02916910820346429, 0.1312356135660253, 1) )
                uniform token[] xformOpOrder = ["xformOp:transform"]
            }

            def Mesh "Blade_6" (
                prepend apiSchemas = ["PhysicsCollisionAPI", "PhysicsMeshCollisionAPI"]
            )
            {
                int[] faceVertexCounts = [3, 3, 3, 3, 3, 3, 3, 3, 3, 3, 3, 3, 3, 3]
                int[] faceVertexIndices = [0, 1, 2, 0, 2, 3, 0, 3, 4, 0, 4, 5, 0, 5, 6, 0, 6, 7, 0, 7, 8, 0, 8, 9, 0, 9, 10, 0, 10, 11, 0, 11, 12, 0, 12, 13, 0, 13, 14, 0, 14, 15]
                rel material:binding = </Plant_1/Materials/Leaf>
                uniform token physics:approximation = "convexHull"
                point3f[] points = [(0, 0, 0), (0.005800544, 0.0054918667, 0), (0.010252007, 0.010983733, 0), (0.0127860345, 0.0164756, 0), (0.01318048, 0.021967467, 0), (0.011568317, 0.027459333, 0), (0.008388006, 0.0329512, 0), (0.0042873584, 0.038443066, 0), (0, 0.043934934, 0), (-0.0042873584, 0.038443066, 0), (-0.008388006, 0.0329512, 0), (-0.011568317, 0.027459333, 0), (-0.01318048, 0.021967467, 0), (-0.0127860345, 0.0164756, 0), (-0.010252007, 0.010983733, 0), (-0.005800544, 0.0054918667, 0)]
                uniform token subdivisionScheme = "none"
                matrix4d xformOp:transform = ( (-0.17364817766693047, 0.984807753012208, 0, 0), (-0.9254165783983234, -0.16317591116653496, 0.3420201433256687, 0), (0.33682408883346515, 0.05939117461388475, 0.9396926207859084, 0), (-0.17005331594076029, -0.029984987759296967, 0.13294571428265367, 1) )
                uniform token[] xformOpOrder = ["xformOp:transform"]
            }
        }

        def Xform "Leaf_o0_r3_i0" (
            prepend apiSchemas = ["PhysicsRigidBodyAPI", "PhysicsMassAPI", "PhysicsFilteredPairsAPI"]
        )
        {
            prepend rel physics:filteredPairs = </Plant_1/Stem/Internode_o0_r3>
            float physics:mass = 0.05

            def Cylinder "Petiole" (
                prepend apiSchemas = ["PhysicsCollisionAPI"]
            )
            {
                uniform token axis = "Z"
                double height = 0.033872094
                rel material:binding = </Plant_1/Materials/Leaf>
                double radius = 0.002772691
                matrix4d xformOp:transform = ( (-0.7933533402912352, 0.6087614290087207, 0, 0), (-0.20820867120070155, -0.2713428231543063, 0.9396926207859084, 0), (0.5720486226585795, 0.7455082795475254, 0.3420201433256687, 0), (0.009688242359630967, 0.012625963261306028, 0.05872568422231026, 1) )
                uniform token[] xformOpOrder = ["xformOp:transform"]
            }

            def Cylinder "Rachis" (
                prepend apiSchemas = ["PhysicsCollisionAPI"]
            )
            {
                uniform token axis = "Z"
                double height = 0.08928219
                rel material:binding = </Plant_1/Materials/Leaf>
                double radius = 0.0016636145999999999
                matrix4d xformOp:transform = ( (-0.7933533402912352, 0.6087614290087207, 0, 0), (-0.20820867120070155, -0.2713428231543063, 0.9396926207859084, 0), (0.5720486226585795, 0.7455082795475254, 0.3420201433256687, 0), (0.044913361627982734, 0.05853223245317969, 0.07978630715473531, 1) )
                uniform token[] xformOpOrder = ["xformOp:transform"]
            }

            def Cylinder "Petiolule_0" (
                prepend apiSchemas = ["PhysicsCollisionAPI"]
            )
            {
                uniform token axis = "Z"
                double height = 0.01
                rel material:binding = </Plant_1/Materials/Leaf>
                double radius = 0.0011090764
                matrix4d xformOp:transform = ( (-0.9692550857574936, -0.24605807999989301, 0, 0), (0.05409496103035083, -0.21308715443339138, 0.9755345200486782, 0), (-0.24003815097679487, 0.9455417948891769, 0.2198463103929542, 0), (0.01817629396437796, 0.02997963549705794, 0.06561738499658529, 1) )
                uniform token[] xformOpOrder = ["xformOp:transform"]
            }

            def Mesh "Blade_0" (
                prepend apiSchemas = ["PhysicsCollisionAPI", "PhysicsMeshCollisionAPI"]
            )
            {
                int[] faceVertexCounts = [3, 3, 3, 3, 3, 3, 3, 3, 3, 3, 3, 3, 3, 3]
                int[] faceVertexIndices = [0, 1, 2, 0, 2, 3, 0, 3, 4, 0, 4, 5, 0, 5, 6, 0, 6, 7, 0, 7, 8, 0, 8, 9, 0, 9, 10, 0, 10, 11, 0, 11, 12, 0, 12, 13, 0, 13, 14, 0, 14, 15]
                rel material:binding = </Plant_1/Materials/Leaf>
                uniform token physics:approximation = "convexHull"
                point3f[] points = [(0, 0, 0), (0.006785423, 0.006424335, 0), (0.011992704, 0.01284867, 0), (0.014956986, 0.019273005, 0), (0.015418404, 0.02569734, 0), (0.013532511, 0.032121677, 0), (0.009812213, 0.03854601, 0), (0.0050153127, 0.044970345, 0), (0, 0.05139468, 0), (-0.0050153127, 0.044970345, 0), (-0.009812213, 0.03854601, 0), (-0.013532511, 0.032121677, 0), (-0.015418404, 0.02569734, 0), (-0.014956986, 0.019273005, 0), (-0.011992704, 0.01284867, 0), (-0.006785423, 0.006424335, 0)]
                uniform token subdivisionScheme = "none"
                matrix4d xformOp:transform = ( (0.9692550857574936, 0.24605807999989301, -0, 0), (-0.24003815097679487, 0.9455417948891769, 0.2198463103929542, 0), (0.05409496103035083, -0.21308715443339138, 0.9755345200486782, 0), (0.016976103209493984, 0.03470734447150382, 0.06671661654855006, 1) )
                uniform token[] xformOpOrder = ["xformOp:transform"]
            }

            def Cylinder "Petiolule_1" (
                prepend apiSchemas = ["PhysicsCollisionAPI"]
            )
            {
                uniform token axis = "Z"
                double height = 0.01
                rel material:binding = </Plant_1/Materials/Leaf>
                double radius = 0.0011090764
                matrix4d xformOp:transform = ( (-0.013187821517518024, 0.9999130369005207, 0, 0), (-0.21982719187639332, -0.0028992939027471477, 0.9755345200486782, 0), (0.9754496845431657, 0.012865175134579576, 0.2198463103929542, 0), (0.024253733141977762, 0.025316252398284955, 0.06561738499658529, 1) )
                uniform token[] xformOpOrder = ["xformOp:transform"]
            }

            def Mesh "Blade_1" (
                prepend apiSchemas = ["PhysicsCollisionAPI", "PhysicsMeshCollisionAPI"]
            )
            {
                int[] faceVertexCounts = [3, 3, 3, 3, 3, 3, 3, 3, 3, 3, 3, 3, 3, 3]
                int[] faceVertexIndices = [0, 1, 2, 0, 2, 3, 0, 3, 4, 0, 4, 5, 0, 5, 6, 0, 6, 7, 0, 7, 8, 0, 8, 9, 0, 9, 10, 0, 10, 11, 0, 11, 12, 0, 12, 13, 0, 13, 14, 0, 14, 15]
                rel material:binding = </Plant_1/Materials/Leaf>
                uniform token physics:approximation = "convexHull"
                point3f[] points = [(0, 0, 0), (0.006785423, 0.006424335, 0), (0.011992704, 0.01284867, 0), (0.014956986, 0.019273005, 0), (0.015418404, 0.02569734, 0), (0.013532511, 0.032121677, 0), (0.009812213, 0.03854601, 0), (0.0050153127, 0.044970345, 0), (0, 0.05139468, 0), (-0.0050153127, 0.044970345, 0), (-0.009812213, 0.03854601, 0), (-0.013532511, 0.032121677, 0), (-0.015418404, 0.02569734, 0), (-0.014956986, 0.019273005, 0), (-0.011992704, 0.01284867, 0), (-0.006785423, 0.006424335, 0)]
                uniform token subdivisionScheme = "none"
                matrix4d xformOp:transform = ( (0.013187821517518024, -0.9999130369005207, 0, 0), (0.9754496845431657, 0.012865175134579576, 0.2198463103929542, 0), (-0.21982719187639332, -0.0028992939027471477, 0.9755345200486782, 0), (0.02913098156469359, 0.02538057827395785, 0.06671661654855006, 1) )
                uniform token[] xformOpOrder = ["xformOp:transform"]
            }

            def Cylinder "Petiolule_2" (
                prepend apiSchemas = ["PhysicsCollisionAPI"]
            )
            {
                uniform token axis = "Z"
                double height = 0.01
                rel material:binding = </Plant_1/Materials/Leaf>
                double radius = 0.0011090764
                matrix4d xformOp:transform = ( (-0.9692550857574936, -0.24605807999989301, 0, 0), (0.05409496103035083, -0.21308715443339138, 0.9755345200486782, 0), (-0.24003815097679487, 0.9455417948891769, 0.2198463103929542, 0), (0.05195359706808721, 0.07399907392795983, 0.08581237820362282, 1) )
                uniform token[] xformOpOrder = ["xformOp:transform"]
            }

            def Mesh "Blade_2" (
                prepend apiSchemas = ["PhysicsCollisionAPI", "PhysicsMeshCollisionAPI"]
            )
            {
                int[] faceVertexCounts = [3, 3, 3, 3, 3, 3, 3, 3, 3, 3, 3, 3, 3, 3]
                int[] faceVertexIndices = [0, 1, 2, 0, 2, 3, 0, 3, 4, 0, 4, 5, 0, 5, 6, 0, 6, 7, 0, 7, 8, 0, 8, 9, 0, 9, 10, 0, 10, 11, 0, 11, 12, 0, 12, 13, 0, 13, 14, 0, 14, 15]
                rel material:binding = </Plant_1/Materials/Leaf>
                uniform token physics:approximation = "convexHull"
                point3f[] points = [(0, 0, 0), (0.006785423, 0.006424335, 0), (0.011992704, 0.01284867, 0), (0.014956986, 0.019273005, 0), (0.015418404, 0.02569734, 0), (0.013532511, 0.032121677, 0), (0.009812213, 0.03854601, 0), (0.0050153127, 0.044970345, 0), (0, 0.05139468, 0), (-0.0050153127, 0.044970345, 0), (-0.009812213, 0.03854601, 0), (-0.013532511, 0.032121677, 0), (-0.015418404, 0.02569734, 0), (-0.014956986, 0.019273005, 0), (-0.011992704, 0.01284867, 0), (-0.006785423, 0.006424335, 0)]
                uniform token subdivisionScheme = "none"
                matrix4d xformOp:transform = ( (0.9692550857574936, 0.24605807999989301, -0, 0), (-0.24003815097679487, 0.9455417948891769, 0.2198463103929542, 0), (0.05409496103035083, -0.21308715443339138, 0.9755345200486782, 0), (0.05075340631320323, 0.07872678290240571, 0.0869116097555876, 1) )
                uniform token[] xformOpOrder = ["xformOp:transform"]
            }

            def Cylinder "Petiolule_3" (
                prepend apiSchemas = ["PhysicsCollisionAPI"]
            )
            {
                uniform token axis = "Z"
                double height = 0.01
                rel material:binding = </Plant_1/Materials/Leaf>
                double radius = 0.0011090764
                matrix4d xformOp:transform = ( (-0.013187821517518024, 0.9999130369005207, 0, 0), (-0.21982719187639332, -0.0028992939027471477, 0.9755345200486782, 0), (0.9754496845431657, 0.012865175134579576, 0.2198463103929542, 0), (0.05803103624568701, 0.06933569082918685, 0.08581237820362282, 1) )
                uniform token[] xformOpOrder = ["xformOp:transform"]
            }

            def Mesh "Blade_3" (
                prepend apiSchemas = ["PhysicsCollisionAPI", "PhysicsMeshCollisionAPI"]
            )
            {
                int[] faceVertexCounts = [3, 3, 3, 3, 3, 3, 3, 3, 3, 3, 3, 3, 3, 3]
                int[] faceVertexIndices = [0, 1, 2, 0, 2, 3, 0, 3, 4, 0, 4, 5, 0, 5, 6, 0, 6, 7, 0, 7, 8, 0, 8, 9, 0, 9, 10, 0, 10, 11, 0, 11, 12, 0, 12, 13, 0, 13, 14, 0, 14, 15]
                rel material:binding = </Plant_1/Materials/Leaf>
                uniform token physics:approximation = "convexHull"
                point3f[] points = [(0, 0, 0), (0.006785423, 0.006424335, 0), (0.011992704, 0.01284867, 0), (0.014956986, 0.019273005, 0), (0.015418404, 0.02569734, 0), (0.013532511, 0.032121677, 0), (0.009812213, 0.03854601, 0), (0.0050153127, 0.044970345, 0), (0, 0.05139468, 0), (-0.0050153127, 0.044970345, 0), (-0.009812213, 0.03854601, 0), (-0.013532511, 0.032121677, 0), (-0.015418404, 0.02569734, 0), (-0.014956986, 0.019273005, 0), (-0.011992704, 0.01284867, 0), (-0.006785423, 0.006424335, 0)]
                uniform token subdivisionScheme = "none"
                matrix4d xformOp:transform = ( (0.013187821517518024, -0.9999130369005207, 0, 0), (0.9754496845431657, 0.012865175134579576, 0.2198463103929542, 0), (-0.21982719187639332, -0.0028992939027471477, 0.9755345200486782, 0), (0.06290828466840284, 0.06940001670485975, 0.0869116097555876, 1) )
                uniform token[] xformOpOrder = ["xformOp:transform"]
            }

            def Cylinder "Petiolule_term" (
                prepend apiSchemas = ["PhysicsCollisionAPI"]
            )
            {
                uniform token axis = "Z"
                double height = 0.01
                rel material:binding = </Plant_1/Materials/Leaf>
                double radius = 0.0011090764
                matrix4d xformOp:transform = ( (-0.7933533402912352, 0.6087614290087207, 0, 0), (-0.20820867120070155, -0.2713428231543063, 0.9396926207859084, 0), (0.5720486226585795, 0.7455082795475254, 0.3420201433256687, 0), (0.07331048164999643, 0.09554007978148496, 0.09676456158147845, 1) )
                uniform token[] xformOpOrder = ["xformOp:transform"]
            }

            def Mesh "Blade_4" (
                prepend apiSchemas = ["PhysicsCollisionAPI", "PhysicsMeshCollisionAPI"]
            )
            {
                int[] faceVertexCounts = [3, 3, 3, 3, 3, 3, 3, 3, 3, 3, 3, 3, 3, 3]
                int[] faceVertexIndices = [0, 1, 2, 0, 2, 3, 0, 3, 4, 0, 4, 5, 0, 5, 6, 0, 6, 7, 0, 7, 8, 0, 8, 9, 0, 9, 10, 0, 10, 11, 0, 11, 12, 0, 12, 13, 0, 13, 14, 0, 14, 15]
                rel material:binding = </Plant_1/Materials/Leaf>
                uniform token physics:approximation = "convexHull"
                point3f[] points = [(0, 0, 0), (0.006785423, 0.006424335, 0), (0.011992704, 0.01284867, 0), (0.014956986, 0.019273005, 0), (0.015418404, 0.02569734, 0), (0.013532511, 0.032121677, 0), (0.009812213, 0.03854601, 0), (0.0050153127, 0.044970345, 0), (0, 0.05139468, 0), (-0.0050153127, 0.044970345, 0), (-0.009812213, 0.03854601, 0), (-0.013532511, 0.032121677, 0), (-0.015418404, 0.02569734, 0), (-0.014956986, 0.019273005, 0), (-0.011992704, 0.01284867, 0), (-0.006785423, 0.006424335, 0)]
                uniform token subdivisionScheme = "none"
                matrix4d xformOp:transform = ( (0.7933533402912352, -0.6087614290087207, 0, 0), (0.5720486226585795, 0.7455082795475254, 0.3420201433256687, 0), (-0.20820867120070155, -0.2713428231543063, 0.9396926207859084, 0), (0.07617072476328932, 0.0992676211792226, 0.0984746622981068, 1) )
                uniform token[] xformOpOrder = ["xformOp:transform"]
            }
        }

        def Xform "Leaf_o0_r0_i0" (
            prepend apiSchemas = ["PhysicsRigidBodyAPI", "PhysicsMassAPI", "PhysicsFilteredPairsAPI"]
        )
        {
            prepend rel physics:filteredPairs = </Plant_1/Stem/Internode_o0_r0>
            float physics:mass = 0.05

            def Cylinder "Petiole" (
                prepend apiSchemas = ["PhysicsCollisionAPI"]
            )
            {
                uniform token axis = "Z"
                double height = 0.0140959285
                rel material:binding = </Plant_1/Materials/Leaf>
                double radius = 0.0013708973
                matrix4d xformOp:transform = ( (-1.2246467991473532e-16, -1, 0, 0), (0, 0, 1, 0), (-1, 1.2246467991473532e-16, 0, 0), (-0.00704796425, 8.631266859267476e-19, 0.009271495, 1) )
                uniform token[] xformOpOrder = ["xformOp:transform"]
            }

            def Cylinder "Rachis" (
                prepend apiSchemas = ["PhysicsCollisionAPI"]
            )
            {
                uniform token axis = "Z"
                double height = 0.0001
                rel material:binding = </Plant_1/Materials/Leaf>
                double radius = 0.0008225383799999999
                matrix4d xformOp:transform = ( (-1.2246467991473532e-16, -1, 0, 0), (0, 0, 1, 0), (-1, 1.2246467991473532e-16, 0, 0), (-0.0141459285, 1.732376605849232e-18, 0.009271495, 1) )
                uniform token[] xformOpOrder = ["xformOp:transform"]
            }

            def Cylinder "Petiolule_term" (
                prepend apiSchemas = ["PhysicsCollisionAPI"]
            )
            {
                uniform token axis = "Z"
                double height = 0.01
                rel material:binding = </Plant_1/Materials/Leaf>
                double radius = 0.00054835892
                matrix4d xformOp:transform = ( (-1.2246467991473532e-16, -1, 0, 0), (0, 0, 1, 0), (-1, 1.2246467991473532e-16, 0, 0), (-0.0191959285, 2.3508232394186455e-18, 0.009271495, 1) )
                uniform token[] xformOpOrder = ["xformOp:transform"]
            }

            def Mesh "Blade_0" (
                prepend apiSchemas = ["PhysicsCollisionAPI", "PhysicsMeshCollisionAPI"]
            )
            {
                int[] faceVertexCounts = [3, 3, 3, 3, 3, 3, 3, 3, 3, 3, 3, 3, 3, 3]
                int[] faceVertexIndices = [0, 1, 2, 0, 2, 3, 0, 3, 4, 0, 4, 5, 0, 5, 6, 0, 6, 7, 0, 7, 8, 0, 8, 9, 0, 9, 10, 0, 10, 11, 0, 11, 12, 0, 12, 13, 0, 13, 14, 0, 14, 15]
                rel material:binding = </Plant_1/Materials/Leaf>
                uniform token physics:approximation = "convexHull"
                point3f[] points = [(0, 0, 0), (0.001977589, 0.0018723512, 0), (0.0034952338, 0.0037447023, 0), (0.004359164, 0.0056170537, 0), (0.004493643, 0.0074894046, 0), (0.0039440054, 0.009361756, 0), (0.0028597368, 0.011234107, 0), (0.0014616962, 0.013106458, 0), (0, 0.014978809, 0), (-0.0014616962, 0.013106458, 0), (-0.0028597368, 0.011234107, 0), (-0.0039440054, 0.009361756, 0), (-0.004493643, 0.0074894046, 0), (-0.004359164, 0.0056170537, 0), (-0.0034952338, 0.0037447023, 0), (-0.001977589, 0.0018723512, 0)]
                uniform token subdivisionScheme = "none"
                matrix4d xformOp:transform = ( (1.2246467991473532e-16, 1, -0, 0), (-1, 1.2246467991473532e-16, 0, 0), (0, 0, 1, 0), (-0.024195928499999998, 2.963146638992322e-18, 0.009271495, 1) )
                uniform token[] xformOpOrder = ["xformOp:transform"]
            }
        }

        def Xform "Leaf_o0_r0_i1" (
            prepend apiSchemas = ["PhysicsRigidBodyAPI", "PhysicsMassAPI"]
        )
        {
            float physics:mass = 0.05

            def Cylinder "Petiole" (
                prepend apiSchemas = ["PhysicsCollisionAPI"]
            )
            {
                uniform token axis = "Z"
                double height = 0.0140959285
                rel material:binding = </Plant_1/Materials/Leaf>
                double radius = 0.0013708973
                matrix4d xformOp:transform = ( (0, 1, 0, 0), (0, 0, 1, 0), (1, 0, 0, 0), (0.00704796425, 0, 0, 1) )
                uniform token[] xformOpOrder = ["xformOp:transform"]
            }

            def Cylinder "Rachis" (
                prepend apiSchemas = ["PhysicsCollisionAPI"]
            )
            {
                uniform token axis = "Z"
                double height = 0.0001
                rel material:binding = </Plant_1/Materials/Leaf>
                double radius = 0.0008225383799999999
                matrix4d xformOp:transform = ( (0, 1, 0, 0), (0, 0, 1, 0), (1, 0, 0, 0), (0.0141459285, 0, 0, 1) )
                uniform token[] xformOpOrder = ["xformOp:transform"]
            }

            def Cylinder "Petiolule_term" (
                prepend apiSchemas = ["PhysicsCollisionAPI"]
            )
            {
                uniform token axis = "Z"
                double height = 0.01
                rel material:binding = </Plant_1/Materials/Leaf>
                double radius = 0.00054835892
                matrix4d xformOp:transform = ( (0, 1, 0, 0), (0, 0, 1, 0), (1, 0, 0, 0), (0.0191959285, 0, 0, 1) )
                uniform token[] xformOpOrder = ["xformOp:transform"]
            }

            def Mesh "Blade_0" (
                prepend apiSchemas = ["PhysicsCollisionAPI", "PhysicsMeshCollisionAPI"]
            )
            {
                int[] faceVertexCounts = [3, 3, 3, 3, 3, 3, 3, 3, 3, 3, 3, 3, 3, 3]
                int[] faceVertexIndices = [0, 1, 2, 0, 2, 3, 0, 3, 4, 0, 4, 5, 0, 5, 6, 0, 6, 7, 0, 7, 8, 0, 8, 9, 0, 9, 10, 0, 10, 11, 0, 11, 12, 0, 12, 13, 0, 13, 14, 0, 14, 15]
                rel material:binding = </Plant_1/Materials/Leaf>
                uniform token physics:approximation = "convexHull"
                point3f[] points = [(0, 0, 0), (0.001977589, 0.0018723512, 0), (0.0034952338, 0.0037447023, 0), (0.004359164, 0.0056170537, 0), (0.004493643, 0.0074894046, 0), (0.0039440054, 0.009361756, 0), (0.0028597368, 0.011234107, 0), (0.0014616962, 0.013106458, 0), (0, 0.014978809, 0), (-0.0014616962, 0.013106458, 0), (-0.0028597368, 0.011234107, 0), (-0.0039440054, 0.009361756, 0), (-0.004493643, 0.0074894046, 0), (-0.004359164, 0.0056170537, 0), (-0.0034952338, 0.0037447023, 0), (-0.001977589, 0.0018723512, 0)]
                uniform token subdivisionScheme = "none"
                matrix4d xformOp:transform = ( (0, -1, 0, 0), (1, 0, 0, 0), (-0, 0, 1, 0), (0.024195928499999998, 0, 0, 1) )
                uniform token[] xformOpOrder = ["xformOp:transform"]
            }
        }

        def Xform "Leaf_o0_r1_i0" (
            prepend apiSchemas = ["PhysicsRigidBodyAPI", "PhysicsMassAPI", "PhysicsFilteredPairsAPI"]
        )
        {
            prepend rel physics:filteredPairs = </Plant_1/Stem/Internode_o0_r1>
            float physics:mass = 0.05

            def Cylinder "Petiole" (
                prepend apiSchemas = ["PhysicsCollisionAPI"]
            )
            {
                uniform token axis = "Z"
                double height = 0.026974974
                rel material:binding = </Plant_1/Materials/Leaf>
                double radius = 0.00230918965
                matrix4d xformOp:transform = ( (-1, 6.123233995736766e-17, 0, 0), (0, -0, 1, 0), (6.123233995736766e-17, 1, 0, 0), (8.258703891545769e-19, 0.013487487, 0.019310631, 1) )
                uniform token[] xformOpOrder = ["xformOp:transform"]
            }

            def Cylinder "Rachis" (
                prepend apiSchemas = ["PhysicsCollisionAPI"]
            )
            {
                uniform token axis = "Z"
                double height = 0.032086246
                rel material:binding = </Plant_1/Materials/Leaf>
                double radius = 0.00138551379
                matrix4d xformOp:transform = ( (-1, 6.123233995736766e-17, 0, 0), (0, -0, 1, 0), (6.123233995736766e-17, 1, 0, 0), (2.634098739823018e-18, 0.043018097, 0.019310631, 1) )
                uniform token[] xformOpOrder = ["xformOp:transform"]
            }

            def Cylinder "Petiolule_0" (
                prepend apiSchemas = ["PhysicsCollisionAPI"]
            )
            {
                uniform token axis = "Z"
                double height = 0.01
                rel material:binding = </Plant_1/Materials/Leaf>
                double radius = 0.0009236758600000001
                matrix4d xformOp:transform = ( (-0.6427876096865394, -0.766044443118978, 0, 0), (0, 0, 1, 0), (-0.766044443118978, 0.6427876096865394, 0, 0), (-0.0038302222155948886, 0.030188912048432697, 0.019310631, 1) )
                uniform token[] xformOpOrder = ["xformOp:transform"]
            }

            def Mesh "Blade_0" (
                prepend apiSchemas = ["PhysicsCollisionAPI", "PhysicsMeshCollisionAPI"]
            )
            {
                int[] faceVertexCounts = [3, 3, 3, 3, 3, 3, 3, 3, 3, 3, 3, 3, 3, 3]
                int[] faceVertexIndices = [0, 1, 2, 0, 2, 3, 0, 3, 4, 0, 4, 5, 0, 5, 6, 0, 6, 7, 0, 7, 8, 0, 8, 9, 0, 9, 10, 0, 10, 11, 0, 11, 12, 0, 12, 13, 0, 13, 14, 0, 14, 15]
                rel material:binding = </Plant_1/Materials/Leaf>
                uniform token physics:approximation = "convexHull"
                point3f[] points = [(0, 0, 0), (0.004147845, 0.0039271163, 0), (0.0073309913, 0.007854233, 0), (0.00914302, 0.011781349, 0), (0.009425079, 0.015708465, 0), (0.008272256, 0.019635582, 0), (0.005998084, 0.023562698, 0), (0.0030657984, 0.027489815, 0), (0, 0.03141693, 0), (-0.0030657984, 0.027489815, 0), (-0.005998084, 0.023562698, 0), (-0.008272256, 0.019635582, 0), (-0.009425079, 0.015708465, 0), (-0.00914302, 0.011781349, 0), (-0.0073309913, 0.007854233, 0), (-0.004147845, 0.0039271163, 0)]
                uniform token subdivisionScheme = "none"
                matrix4d xformOp:transform = ( (0.6427876096865394, 0.766044443118978, -0, 0), (-0.766044443118978, 0.6427876096865394, 0, 0), (0, 0, 1, 0), (-0.007660444431189779, 0.033402850096865395, 0.019310631, 1) )
                uniform token[] xformOpOrder = ["xformOp:transform"]
            }

            def Cylinder "Petiolule_1" (
                prepend apiSchemas = ["PhysicsCollisionAPI"]
            )
            {
                uniform token axis = "Z"
                double height = 0.01
                rel material:binding = </Plant_1/Materials/Leaf>
                double radius = 0.0009236758600000001
                matrix4d xformOp:transform = ( (-0.6427876096865394, 0.766044443118978, 0, 0), (0, -0, 1, 0), (0.766044443118978, 0.6427876096865394, 0, 0), (0.003830222215594892, 0.030188912048432697, 0.019310631, 1) )
                uniform token[] xformOpOrder = ["xformOp:transform"]
            }

            def Mesh "Blade_1" (
                prepend apiSchemas = ["PhysicsCollisionAPI", "PhysicsMeshCollisionAPI"]
            )
            {
                int[] faceVertexCounts = [3, 3, 3, 3, 3, 3, 3, 3, 3, 3, 3, 3, 3, 3]
                int[] faceVertexIndices = [0, 1, 2, 0, 2, 3, 0, 3, 4, 0, 4, 5, 0, 5, 6, 0, 6, 7, 0, 7, 8, 0, 8, 9, 0, 9, 10, 0, 10, 11, 0, 11, 12, 0, 12, 13, 0, 13, 14, 0, 14, 15]
                rel material:binding = </Plant_1/Materials/Leaf>
                uniform token physics:approximation = "convexHull"
                point3f[] points = [(0, 0, 0), (0.004147845, 0.0039271163, 0), (0.0073309913, 0.007854233, 0), (0.00914302, 0.011781349, 0), (0.009425079, 0.015708465, 0), (0.008272256, 0.019635582, 0), (0.005998084, 0.023562698, 0), (0.0030657984, 0.027489815, 0), (0, 0.03141693, 0), (-0.0030657984, 0.027489815, 0), (-0.005998084, 0.023562698, 0), (-0.008272256, 0.019635582, 0), (-0.009425079, 0.015708465, 0), (-0.00914302, 0.011781349, 0), (-0.0073309913, 0.007854233, 0), (-0.004147845, 0.0039271163, 0)]
                uniform token subdivisionScheme = "none"
                matrix4d xformOp:transform = ( (0.6427876096865394, -0.766044443118978, 0, 0), (0.766044443118978, 0.6427876096865394, 0, 0), (-0, 0, 1, 0), (0.007660444431189782, 0.033402850096865395, 0.019310631, 1) )
                uniform token[] xformOpOrder = ["xformOp:transform"]
            }

            def Cylinder "Petiolule_term" (
                prepend apiSchemas = ["PhysicsCollisionAPI"]
            )
            {
                uniform token axis = "Z"
                double height = 0.01
                rel material:binding = </Plant_1/Materials/Leaf>
                double radius = 0.0009236758600000001
                matrix4d xformOp:transform = ( (-1, 6.123233995736766e-17, 0, 0), (0, -0, 1, 0), (6.123233995736766e-17, 1, 0, 0), (3.922618401123721e-18, 0.06406122, 0.019310631, 1) )
                uniform token[] xformOpOrder = ["xformOp:transform"]
            }

            def Mesh "Blade_2" (
                prepend apiSchemas = ["PhysicsCollisionAPI", "PhysicsMeshCollisionAPI"]
            )
            {
                int[] faceVertexCounts = [3, 3, 3, 3, 3, 3, 3, 3, 3, 3, 3, 3, 3, 3]
                int[] faceVertexIndices = [0, 1, 2, 0, 2, 3, 0, 3, 4, 0, 4, 5, 0, 5, 6, 0, 6, 7, 0, 7, 8, 0, 8, 9, 0, 9, 10, 0, 10, 11, 0, 11, 12, 0, 12, 13, 0, 13, 14, 0, 14, 15]
                rel material:binding = </Plant_1/Materials/Leaf>
                uniform token physics:approximation = "convexHull"
                point3f[] points = [(0, 0, 0), (0.0042102225, 0.0039861742, 0), (0.0074412385, 0.0079723485, 0), (0.009280517, 0.011958523, 0), (0.009566818, 0.015944697, 0), (0.008396658, 0.019930871, 0), (0.006088286, 0.023917045, 0), (0.0031119036, 0.02790322, 0), (0, 0.031889394, 0), (-0.0031119036, 0.02790322, 0), (-0.006088286, 0.023917045, 0), (-0.008396658, 0.019930871, 0), (-0.009566818, 0.015944697, 0), (-0.009280517, 0.011958523, 0), (-0.0074412385, 0.0079723485, 0), (-0.0042102225, 0.0039861742, 0)]
                uniform token subdivisionScheme = "none"
                matrix4d xformOp:transform = ( (1, -6.123233995736766e-17, 0, 0), (6.123233995736766e-17, 1, 0, 0), (-0, 0, 1, 0), (4.228780100910559e-18, 0.06906121999999999, 0.019310631, 1) )
                uniform token[] xformOpOrder = ["xformOp:transform"]
            }
        }

        def Xform "Leaf_o0_r1_i1" (
            prepend apiSchemas = ["PhysicsRigidBodyAPI", "PhysicsMassAPI"]
        )
        {
            float physics:mass = 0.05

            def Cylinder "Petiole" (
                prepend apiSchemas = ["PhysicsCollisionAPI"]
            )
            {
                uniform token axis = "Z"
                double height = 0.026974974
                rel material:binding = </Plant_1/Materials/Leaf>
                double radius = 0.00230918965
                matrix4d xformOp:transform = ( (1, -1.8369701987210297e-16, 0, 0), (0, 0, 1, 0), (-1.8369701987210297e-16, -1, 0, 0), (-2.4776111674637304e-18, -0.013487487, 0, 1) )
                uniform token[] xformOpOrder = ["xformOp:transform"]
            }

            def Cylinder "Rachis" (
                prepend apiSchemas = ["PhysicsCollisionAPI"]
            )
            {
                uniform token axis = "Z"
                double height = 0.032086246
                rel material:binding = </Plant_1/Materials/Leaf>
                double radius = 0.00138551379
                matrix4d xformOp:transform = ( (1, -1.8369701987210297e-16, 0, 0), (0, 0, 1, 0), (-1.8369701987210297e-16, -1, 0, 0), (-7.902296219469053e-18, -0.043018097, 0, 1) )
                uniform token[] xformOpOrder = ["xformOp:transform"]
            }

            def Cylinder "Petiolule_0" (
                prepend apiSchemas = ["PhysicsCollisionAPI"]
            )
            {
                uniform token axis = "Z"
                double height = 0.01
                rel material:binding = </Plant_1/Materials/Leaf>
                double radius = 0.0009236758600000001
                matrix4d xformOp:transform = ( (0.6427876096865395, 0.7660444431189779, -0, 0), (0, 0, 1, 0), (0.7660444431189779, -0.6427876096865395, 0, 0), (0.0038302222155948847, -0.030188912048432697, 0, 1) )
                uniform token[] xformOpOrder = ["xformOp:transform"]
            }

            def Mesh "Blade_0" (
                prepend apiSchemas = ["PhysicsCollisionAPI", "PhysicsMeshCollisionAPI"]
            )
            {
                int[] faceVertexCounts = [3, 3, 3, 3, 3, 3, 3, 3, 3, 3, 3, 3, 3, 3]
                int[] faceVertexIndices = [0, 1, 2, 0, 2, 3, 0, 3, 4, 0, 4, 5, 0, 5, 6, 0, 6, 7, 0, 7, 8, 0, 8, 9, 0, 9, 10, 0, 10, 11, 0, 11, 12, 0, 12, 13, 0, 13, 14, 0, 14, 15]
                rel material:binding = </Plant_1/Materials/Leaf>
                uniform token physics:approximation = "convexHull"
                point3f[] points = [(0, 0, 0), (0.004147845, 0.0039271163, 0), (0.0073309913, 0.007854233, 0), (0.00914302, 0.011781349, 0), (0.009425079, 0.015708465, 0), (0.008272256, 0.019635582, 0), (0.005998084, 0.023562698, 0), (0.0030657984, 0.027489815, 0), (0, 0.03141693, 0), (-0.0030657984, 0.027489815, 0), (-0.005998084, 0.023562698, 0), (-0.008272256, 0.019635582, 0), (-0.009425079, 0.015708465, 0), (-0.00914302, 0.011781349, 0), (-0.0073309913, 0.007854233, 0), (-0.004147845, 0.0039271163, 0)]
                uniform token subdivisionScheme = "none"
                matrix4d xformOp:transform = ( (-0.6427876096865395, -0.7660444431189779, 0, 0), (0.7660444431189779, -0.6427876096865395, 0, 0), (0, 0, 1, 0), (0.007660444431189774, -0.033402850096865395, 0, 1) )
                uniform token[] xformOpOrder = ["xformOp:transform"]
            }

            def Cylinder "Petiolule_1" (
                prepend apiSchemas = ["PhysicsCollisionAPI"]
            )
            {
                uniform token axis = "Z"
                double height = 0.01
                rel material:binding = </Plant_1/Materials/Leaf>
                double radius = 0.0009236758600000001
                matrix4d xformOp:transform = ( (0.6427876096865393, -0.7660444431189781, 0, 0), (0, 0, 1, 0), (-0.7660444431189781, -0.6427876096865393, 0, 0), (-0.0038302222155948955, -0.030188912048432694, 0, 1) )
                uniform token[] xformOpOrder = ["xformOp:transform"]
            }

            def Mesh "Blade_1" (
                prepend apiSchemas = ["PhysicsCollisionAPI", "PhysicsMeshCollisionAPI"]
            )
            {
                int[] faceVertexCounts = [3, 3, 3, 3, 3, 3, 3, 3, 3, 3, 3, 3, 3, 3]
                int[] faceVertexIndices = [0, 1, 2, 0, 2, 3, 0, 3, 4, 0, 4, 5, 0, 5, 6, 0, 6, 7, 0, 7, 8, 0, 8, 9, 0, 9, 10, 0, 10, 11, 0, 11, 12, 0, 12, 13, 0, 13, 14, 0, 14, 15]
                rel material:binding = </Plant_1/Materials/Leaf>
                uniform token physics:approximation = "convexHull"
                point3f[] points = [(0, 0, 0), (0.004147845, 0.0039271163, 0), (0.0073309913, 0.007854233, 0), (0.00914302, 0.011781349, 0), (0.009425079, 0.015708465, 0), (0.008272256, 0.019635582, 0), (0.005998084, 0.023562698, 0), (0.0030657984, 0.027489815, 0), (0, 0.03141693, 0), (-0.0030657984, 0.027489815, 0), (-0.005998084, 0.023562698, 0), (-0.008272256, 0.019635582, 0), (-0.009425079, 0.015708465, 0), (-0.00914302, 0.011781349, 0), (-0.0073309913, 0.007854233, 0), (-0.004147845, 0.0039271163, 0)]
                uniform token subdivisionScheme = "none"
                matrix4d xformOp:transform = ( (-0.6427876096865393, 0.7660444431189781, 0, 0), (-0.7660444431189781, -0.6427876096865393, 0, 0), (0, 0, 1, 0), (-0.007660444431189787, -0.03340285009686539, 0, 1) )
                uniform token[] xformOpOrder = ["xformOp:transform"]
            }

            def Cylinder "Petiolule_term" (
                prepend apiSchemas = ["PhysicsCollisionAPI"]
            )
            {
                uniform token axis = "Z"
                double height = 0.01
                rel material:binding = </Plant_1/Materials/Leaf>
                double radius = 0.0009236758600000001
                matrix4d xformOp:transform = ( (1, -1.8369701987210297e-16, 0, 0), (0, 0, 1, 0), (-1.8369701987210297e-16, -1, 0, 0), (-1.1767855203371159e-17, -0.06406122, 0, 1) )
                uniform token[] xformOpOrder = ["xformOp:transform"]
            }

            def Mesh "Blade_2" (
                prepend apiSchemas = ["PhysicsCollisionAPI", "PhysicsMeshCollisionAPI"]
            )
            {
                int[] faceVertexCounts = [3, 3, 3, 3, 3, 3, 3, 3, 3, 3, 3, 3, 3, 3]
                int[] faceVertexIndices = [0, 1, 2, 0, 2, 3, 0, 3, 4, 0, 4, 5, 0, 5, 6, 0, 6, 7, 0, 7, 8, 0, 8, 9, 0, 9, 10, 0, 10, 11, 0, 11, 12, 0, 12, 13, 0, 13, 14, 0, 14, 15]
                rel material:binding = </Plant_1/Materials/Leaf>
                uniform token physics:approximation = "convexHull"
                point3f[] points = [(0, 0, 0), (0.0042102225, 0.0039861742, 0), (0.0074412385, 0.0079723485, 0), (0.009280517, 0.011958523, 0), (0.009566818, 0.015944697, 0), (0.008396658, 0.019930871, 0), (0.006088286, 0.023917045, 0), (0.0031119036, 0.02790322, 0), (0, 0.031889394, 0), (-0.0031119036, 0.02790322, 0), (-0.006088286, 0.023917045, 0), (-0.008396658, 0.019930871, 0), (-0.009566818, 0.015944697, 0), (-0.009280517, 0.011958523, 0), (-0.0074412385, 0.0079723485, 0), (-0.0042102225, 0.0039861742, 0)]
                uniform token subdivisionScheme = "none"
                matrix4d xformOp:transform = ( (-1, 1.8369701987210297e-16, 0, 0), (-1.8369701987210297e-16, -1, 0, 0), (0, 0, 1, 0), (-1.2686340302731673e-17, -0.06906121999999999, 0, 1) )
                uniform token[] xformOpOrder = ["xformOp:transform"]
            }
        }

        def Xform "Leaf_o0_r2_i0" (
            prepend apiSchemas = ["PhysicsRigidBodyAPI", "PhysicsMassAPI", "PhysicsFilteredPairsAPI"]
        )
        {
            prepend rel physics:filteredPairs = </Plant_1/Stem/Internode_o0_r2>
            float physics:mass = 0.05

            def Cylinder "Petiole" (
                prepend apiSchemas = ["PhysicsCollisionAPI"]
            )
            {
                uniform token axis = "Z"
                double height = 0.033851825
                rel material:binding = </Plant_1/Materials/Leaf>
                double radius = 0.00277135775
                matrix4d xformOp:transform = ( (-1.2246467991473532e-16, -1, 0, 0), (0.3420201433256687, -4.188538737676992e-17, 0.9396926207859084, 0), (-0.9396926207859084, 1.1507915602278503e-16, 0.3420201433256687, 0), (-0.015905155076317967, 1.9478197254155075e-18, 0.04162111601916773, 1) )
                uniform token[] xformOpOrder = ["xformOp:transform"]
            }

            def Cylinder "Rachis" (
                prepend apiSchemas = ["PhysicsCollisionAPI"]
            )
            {
                uniform token axis = "Z"
                double height = 0.09449794
                rel material:binding = </Plant_1/Materials/Leaf>
                double radius = 0.0016628146499999999
                matrix4d xformOp:transform = ( (-1.2246467991473532e-16, -1, 0, 0), (0.3420201433256687, -4.188538737676992e-17, 0.9396926207859084, 0), (-0.9396926207859084, 1.1507915602278503e-16, 0.3420201433256687, 0), (-0.07620981860137069, 9.333011041376904e-18, 0.06357021852972568, 1) )
                uniform token[] xformOpOrder = ["xformOp:transform"]
            }

            def Cylinder "Petiolule_0" (
                prepend apiSchemas = ["PhysicsCollisionAPI"]
            )
            {
                uniform token axis = "Z"
                double height = 0.01
                rel material:binding = </Plant_1/Materials/Leaf>
                double radius = 0.0011085431
                matrix4d xformOp:transform = ( (0.7852561107532648, -0.6191710914800983, 0, 0), (0.1361224799638779, 0.17263565866262628, 0.9755345200486781, 0), (-0.6040227735550538, -0.7660444431189779, 0.2198463103929542, 0), (-0.0348304240204112, -0.0038302222155948856, 0.048509350590300225, 1) )
                uniform token[] xformOpOrder = ["xformOp:transform"]
            }

            def Mesh "Blade_0" (
                prepend apiSchemas = ["PhysicsCollisionAPI", "PhysicsMeshCollisionAPI"]
            )
            {
                int[] faceVertexCounts = [3, 3, 3, 3, 3, 3, 3, 3, 3, 3, 3, 3, 3, 3]
                int[] faceVertexIndices = [0, 1, 2, 0, 2, 3, 0, 3, 4, 0, 4, 5, 0, 5, 6, 0, 6, 7, 0, 7, 8, 0, 8, 9, 0, 9, 10, 0, 10, 11, 0, 11, 12, 0, 12, 13, 0, 13, 14, 0, 14, 15]
                rel material:binding = </Plant_1/Materials/Leaf>
                uniform token physics:approximation = "convexHull"
                point3f[] points = [(0, 0, 0), (0.006773839, 0.006413367, 0), (0.01197223, 0.012826734, 0), (0.014931451, 0.019240102, 0), (0.015392082, 0.025653468, 0), (0.013509408, 0.032066837, 0), (0.009795461, 0.038480204, 0), (0.0050067506, 0.04489357, 0), (0, 0.051306937, 0), (-0.0050067506, 0.04489357, 0), (-0.009795461, 0.038480204, 0), (-0.013509408, 0.032066837, 0), (-0.015392082, 0.025653468, 0), (-0.014931451, 0.019240102, 0), (-0.01197223, 0.012826734, 0), (-0.006773839, 0.006413367, 0)]
                uniform token subdivisionScheme = "none"
                matrix4d xformOp:transform = ( (-0.7852561107532648, 0.6191710914800983, 0, 0), (-0.6040227735550538, -0.7660444431189779, 0.2198463103929542, 0), (0.1361224799638779, 0.17263565866262628, 0.9755345200486781, 0), (-0.03785053788818647, -0.0076604444311897755, 0.049608582142265, 1) )
                uniform token[] xformOpOrder = ["xformOp:transform"]
            }

            def Cylinder "Petiolule_1" (
                prepend apiSchemas = ["PhysicsCollisionAPI"]
            )
            {
                uniform token axis = "Z"
                double height = 0.01
                rel material:binding = </Plant_1/Materials/Leaf>
                double radius = 0.0011085431
                matrix4d xformOp:transform = ( (-0.7852561107532651, -0.6191710914800981, 0, 0), (0.13612247996387788, -0.1726356586626263, 0.9755345200486782, 0), (-0.6040227735550536, 0.7660444431189781, 0.2198463103929542, 0), (-0.0348304240204112, 0.0038302222155948947, 0.048509350590300225, 1) )
                uniform token[] xformOpOrder = ["xformOp:transform"]
            }

            def Mesh "Blade_1" (
                prepend apiSchemas = ["PhysicsCollisionAPI", "PhysicsMeshCollisionAPI"]
            )
            {
                int[] faceVertexCounts = [3, 3, 3, 3, 3, 3, 3, 3, 3, 3, 3, 3, 3, 3]
                int[] faceVertexIndices = [0, 1, 2, 0, 2, 3, 0, 3, 4, 0, 4, 5, 0, 5, 6, 0, 6, 7, 0, 7, 8, 0, 8, 9, 0, 9, 10, 0, 10, 11, 0, 11, 12, 0, 12, 13, 0, 13, 14, 0, 14, 15]
                rel material:binding = </Plant_1/Materials/Leaf>
                uniform token physics:approximation = "convexHull"
                point3f[] points = [(0, 0, 0), (0.006773839, 0.006413367, 0), (0.01197223, 0.012826734, 0), (0.014931451, 0.019240102, 0), (0.015392082, 0.025653468, 0), (0.013509408, 0.032066837, 0), (0.009795461, 0.038480204, 0), (0.0050067506, 0.04489357, 0), (0, 0.051306937, 0), (-0.0050067506, 0.04489357, 0), (-0.009795461, 0.038480204, 0), (-0.013509408, 0.032066837, 0), (-0.015392082, 0.025653468, 0), (-0.014931451, 0.019240102, 0), (-0.01197223, 0.012826734, 0), (-0.006773839, 0.006413367, 0)]
                uniform token subdivisionScheme = "none"
                matrix4d xformOp:transform = ( (0.7852561107532651, 0.6191710914800981, -0, 0), (-0.6040227735550536, 0.7660444431189781, 0.2198463103929542, 0), (0.13612247996387788, -0.1726356586626263, 0.9755345200486782, 0), (-0.03785053788818647, 0.007660444431189785, 0.049608582142265, 1) )
                uniform token[] xformOpOrder = ["xformOp:transform"]
            }

            def Cylinder "Petiolule_2" (
                prepend apiSchemas = ["PhysicsCollisionAPI"]
            )
            {
                uniform token axis = "Z"
                double height = 0.01
                rel material:binding = </Plant_1/Materials/Leaf>
                double radius = 0.0011085431
                matrix4d xformOp:transform = ( (0.7852561107532648, -0.6191710914800983, 0, 0), (0.1361224799638779, 0.17263565866262628, 0.9755345200486781, 0), (-0.6040227735550538, -0.7660444431189779, 0.2198463103929542, 0), (-0.09025959903762872, -0.0038302222155948786, 0.0686839204064992, 1) )
                uniform token[] xformOpOrder = ["xformOp:transform"]
            }

            def Mesh "Blade_2" (
                prepend apiSchemas = ["PhysicsCollisionAPI", "PhysicsMeshCollisionAPI"]
            )
            {
                int[] faceVertexCounts = [3, 3, 3, 3, 3, 3, 3, 3, 3, 3, 3, 3, 3, 3]
                int[] faceVertexIndices = [0, 1, 2, 0, 2, 3, 0, 3, 4, 0, 4, 5, 0, 5, 6, 0, 6, 7, 0, 7, 8, 0, 8, 9, 0, 9, 10, 0, 10, 11, 0, 11, 12, 0, 12, 13, 0, 13, 14, 0, 14, 15]
                rel material:binding = </Plant_1/Materials/Leaf>
                uniform token physics:approximation = "convexHull"
                point3f[] points = [(0, 0, 0), (0.006773839, 0.006413367, 0), (0.01197223, 0.012826734, 0), (0.014931451, 0.019240102, 0), (0.015392082, 0.025653468, 0), (0.013509408, 0.032066837, 0), (0.009795461, 0.038480204, 0), (0.0050067506, 0.04489357, 0), (0, 0.051306937, 0), (-0.0050067506, 0.04489357, 0), (-0.009795461, 0.038480204, 0), (-0.013509408, 0.032066837, 0), (-0.015392082, 0.025653468, 0), (-0.014931451, 0.019240102, 0), (-0.01197223, 0.012826734, 0), (-0.006773839, 0.006413367, 0)]
                uniform token subdivisionScheme = "none"
                matrix4d xformOp:transform = ( (-0.7852561107532648, 0.6191710914800983, 0, 0), (-0.6040227735550538, -0.7660444431189779, 0.2198463103929542, 0), (0.1361224799638779, 0.17263565866262628, 0.9755345200486781, 0), (-0.09327971290540397, -0.0076604444311897685, 0.06978315195846398, 1) )
                uniform token[] xformOpOrder = ["xformOp:transform"]
            }

            def Cylinder "Petiolule_3" (
                prepend apiSchemas = ["PhysicsCollisionAPI"]
            )
            {
                uniform token axis = "Z"
                double height = 0.01
                rel material:binding = </Plant_1/Materials/Leaf>
                double radius = 0.0011085431
                matrix4d xformOp:transform = ( (-0.7852561107532651, -0.6191710914800981, 0, 0), (0.13612247996387788, -0.1726356586626263, 0.9755345200486782, 0), (-0.6040227735550536, 0.7660444431189781, 0.2198463103929542, 0), (-0.09025959903762872, 0.0038302222155949016, 0.0686839204064992, 1) )
                uniform token[] xformOpOrder = ["xformOp:transform"]
            }

            def Mesh "Blade_3" (
                prepend apiSchemas = ["PhysicsCollisionAPI", "PhysicsMeshCollisionAPI"]
            )
            {
                int[] faceVertexCounts = [3, 3, 3, 3, 3, 3, 3, 3, 3, 3, 3, 3, 3, 3]
                int[] faceVertexIndices = [0, 1, 2, 0, 2, 3, 0, 3, 4, 0, 4, 5, 0, 5, 6, 0, 6, 7, 0, 7, 8, 0, 8, 9, 0, 9, 10, 0, 10, 11, 0, 11, 12, 0, 12, 13, 0, 13, 14, 0, 14, 15]
                rel material:binding = </Plant_1/Materials/Leaf>
                uniform token physics:approximation = "convexHull"
                point3f[] points = [(0, 0, 0), (0.006773839, 0.006413367, 0), (0.01197223, 0.012826734, 0), (0.014931451, 0.019240102, 0), (0.015392082, 0.025653468, 0), (0.013509408, 0.032066837, 0), (0.009795461, 0.038480204, 0), (0.0050067506, 0.04489357, 0), (0, 0.051306937, 0), (-0.0050067506, 0.04489357, 0), (-0.009795461, 0.038480204, 0), (-0.013509408, 0.032066837, 0), (-0.015392082, 0.025653468, 0), (-0.014931451, 0.019240102, 0), (-0.01197223, 0.012826734, 0), (-0.006773839, 0.006413367, 0)]
                uniform token subdivisionScheme = "none"
                matrix4d xformOp:transform = ( (0.7852561107532651, 0.6191710914800981, -0, 0), (-0.6040227735550536, 0.7660444431189781, 0.2198463103929542, 0), (0.13612247996387788, -0.1726356586626263, 0.9755345200486782, 0), (-0.09327971290540397, 0.007660444431189792, 0.06978315195846398, 1) )
                uniform token[] xformOpOrder = ["xformOp:transform"]
            }

            def Cylinder "Petiolule_term" (
                prepend apiSchemas = ["PhysicsCollisionAPI"]
            )
            {
                uniform token axis = "Z"
                double height = 0.01
                rel material:binding = </Plant_1/Materials/Leaf>
                double radius = 0.0011085431
                matrix4d xformOp:transform = ( (-1.2246467991473532e-16, -1, 0, 0), (0.3420201433256687, -4.188538737676992e-17, 0.9396926207859084, 0), (-0.9396926207859084, 1.1507915602278503e-16, 0.3420201433256687, 0), (-0.125307790154035, 1.5345778412036718e-17, 0.08144041873774424, 1) )
                uniform token[] xformOpOrder = ["xformOp:transform"]
            }

            def Mesh "Blade_4" (
                prepend apiSchemas = ["PhysicsCollisionAPI", "PhysicsMeshCollisionAPI"]
            )
            {
                int[] faceVertexCounts = [3, 3, 3, 3, 3, 3, 3, 3, 3, 3, 3, 3, 3, 3]
                int[] faceVertexIndices = [0, 1, 2, 0, 2, 3, 0, 3, 4, 0, 4, 5, 0, 5, 6, 0, 6, 7, 0, 7, 8, 0, 8, 9, 0, 9, 10, 0, 10, 11, 0, 11, 12, 0, 12, 13, 0, 13, 14, 0, 14, 15]
                rel material:binding = </Plant_1/Materials/Leaf>
                uniform token physics:approximation = "convexHull"
                point3f[] points = [(0, 0, 0), (0.006773839, 0.006413367, 0), (0.01197223, 0.012826734, 0), (0.014931451, 0.019240102, 0), (0.015392081, 0.025653468, 0), (0.013509408, 0.032066837, 0), (0.009795461, 0.038480204, 0), (0.00500675, 0.04489357, 0), (0, 0.051306937, 0), (-0.00500675, 0.04489357, 0), (-0.009795461, 0.038480204, 0), (-0.013509408, 0.032066837, 0), (-0.015392081, 0.025653468, 0), (-0.014931451, 0.019240102, 0), (-0.01197223, 0.012826734, 0), (-0.006773839, 0.006413367, 0)]
                uniform token subdivisionScheme = "none"
                matrix4d xformOp:transform = ( (1.2246467991473532e-16, 1, -0, 0), (-0.9396926207859084, 1.1507915602278503e-16, 0.3420201433256687, 0), (0.3420201433256687, -4.188538737676992e-17, 0.9396926207859084, 0), (-0.13000625325796455, 1.5921174192150642e-17, 0.08315051945437259, 1) )
                uniform token[] xformOpOrder = ["xformOp:transform"]
            }
        }
    }

    def "Joints"
    {
        def PhysicsSphericalJoint "Joint_Leaf_o1_r4_i0" (
            prepend apiSchemas = ["PhysicsDriveAPI:rotX", "PhysicsDriveAPI:rotY", "PhysicsDriveAPI:rotZ"]
        )
        {
            float drive:rotX:physics:damping = 0.5
            float drive:rotX:physics:stiffness = 5
            float drive:rotX:physics:targetPosition = 0
            uniform token drive:rotX:physics:type = "force"
            float drive:rotY:physics:damping = 0.5
            float drive:rotY:physics:stiffness = 5
            float drive:rotY:physics:targetPosition = 0
            uniform token drive:rotY:physics:type = "force"
            float drive:rotZ:physics:damping = 0.5
            float drive:rotZ:physics:stiffness = 5
            float drive:rotZ:physics:targetPosition = 0
            uniform token drive:rotZ:physics:type = "force"
            rel physics:body0 = </Plant_1/Stem/Internode_o1_r4>
            rel physics:body1 = </Plant_1/Leaves/Leaf_o1_r4_i0>
            float physics:coneAngle0Limit = 45
            float physics:coneAngle1Limit = 45
            point3f physics:localPos0 = (0, 0, 0.012984743)
            point3f physics:localPos1 = (0, 0, 0.12941948)
        }

        def PhysicsSphericalJoint "Joint_Leaf_o1_r4_i1" (
            prepend apiSchemas = ["PhysicsDriveAPI:rotX", "PhysicsDriveAPI:rotY", "PhysicsDriveAPI:rotZ"]
        )
        {
            float drive:rotX:physics:damping = 0.5
            float drive:rotX:physics:stiffness = 5
            float drive:rotX:physics:targetPosition = 0
            uniform token drive:rotX:physics:type = "force"
            float drive:rotY:physics:damping = 0.5
            float drive:rotY:physics:stiffness = 5
            float drive:rotY:physics:targetPosition = 0
            uniform token drive:rotY:physics:type = "force"
            float drive:rotZ:physics:damping = 0.5
            float drive:rotZ:physics:stiffness = 5
            float drive:rotZ:physics:targetPosition = 0
            uniform token drive:rotZ:physics:type = "force"
            rel physics:body0 = </Plant_1/Stem/Internode_o1_r4>
            rel physics:body1 = </Plant_1/Leaves/Leaf_o1_r4_i1>
            float physics:coneAngle0Limit = 45
            float physics:coneAngle1Limit = 45
            point3f physics:localPos0 = (0, 0, 0.014398916)
            point3f physics:localPos1 = (0, 0, 0.13463302)
        }

        def PhysicsSphericalJoint "Joint_Leaf_o1_r4_i2" (
            prepend apiSchemas = ["PhysicsDriveAPI:rotX", "PhysicsDriveAPI:rotY", "PhysicsDriveAPI:rotZ"]
        )
        {
            float drive:rotX:physics:damping = 0.5
            float drive:rotX:physics:stiffness = 5
            float drive:rotX:physics:targetPosition = 0
            uniform token drive:rotX:physics:type = "force"
            float drive:rotY:physics:damping = 0.5
            float drive:rotY:physics:stiffness = 5
            float drive:rotY:physics:targetPosition = 0
            uniform token drive:rotY:physics:type = "force"
            float drive:rotZ:physics:damping = 0.5
            float drive:rotZ:physics:stiffness = 5
            float drive:rotZ:physics:targetPosition = 0
            uniform token drive:rotZ:physics:type = "force"
            rel physics:body0 = </Plant_1/Stem/Internode_o1_r4>
            rel physics:body1 = </Plant_1/Leaves/Leaf_o1_r4_i2>
            float physics:coneAngle0Limit = 45
            float physics:coneAngle1Limit = 45
            point3f physics:localPos0 = (0, 0, 0.014398916)
            point3f physics:localPos1 = (0, 0, 0.13463302)
        }

        def PhysicsSphericalJoint "Joint_Leaf_o1_r4_i3" (
            prepend apiSchemas = ["PhysicsDriveAPI:rotX", "PhysicsDriveAPI:rotY", "PhysicsDriveAPI:rotZ"]
        )
        {
            float drive:rotX:physics:damping = 0.5
            float drive:rotX:physics:stiffness = 5
            float drive:rotX:physics:targetPosition = 0
            uniform token drive:rotX:physics:type = "force"
            float drive:rotY:physics:damping = 0.5
            float drive:rotY:physics:stiffness = 5
            float drive:rotY:physics:targetPosition = 0
            uniform token drive:rotY:physics:type = "force"
            float drive:rotZ:physics:damping = 0.5
            float drive:rotZ:physics:stiffness = 5
            float drive:rotZ:physics:targetPosition = 0
            uniform token drive:rotZ:physics:type = "force"
            rel physics:body0 = </Plant_1/Stem/Internode_o1_r4>
            rel physics:body1 = </Plant_1/Leaves/Leaf_o1_r4_i3>
            float physics:coneAngle0Limit = 45
            float physics:coneAngle1Limit = 45
            point3f physics:localPos0 = (0, 0, 0.014398916)
            point3f physics:localPos1 = (0, 0, 0.13463302)
        }

        def PhysicsSphericalJoint "Joint_Leaf_o1_r3_i0" (
            prepend apiSchemas = ["PhysicsDriveAPI:rotX", "PhysicsDriveAPI:rotY", "PhysicsDriveAPI:rotZ"]
        )
        {
            float drive:rotX:physics:damping = 0.5
            float drive:rotX:physics:stiffness = 5
            float drive:rotX:physics:targetPosition = 0
            uniform token drive:rotX:physics:type = "force"
            float drive:rotY:physics:damping = 0.5
            float drive:rotY:physics:stiffness = 5
            float drive:rotY:physics:targetPosition = 0
            uniform token drive:rotY:physics:type = "force"
            float drive:rotZ:physics:damping = 0.5
            float drive:rotZ:physics:stiffness = 5
            float drive:rotZ:physics:targetPosition = 0
            uniform token drive:rotZ:physics:type = "force"
            rel physics:body0 = </Plant_1/Stem/Internode_o1_r3>
            rel physics:body1 = </Plant_1/Leaves/Leaf_o1_r3_i0>
            float physics:coneAngle0Limit = 45
            float physics:coneAngle1Limit = 45
            point3f physics:localPos0 = (0, 0, 0.014839095)
            point3f physics:localPos1 = (0, 0, 0.10344999)
        }

        def PhysicsSphericalJoint "Joint_Leaf_o1_r3_i1" (
            prepend apiSchemas = ["PhysicsDriveAPI:rotX", "PhysicsDriveAPI:rotY", "PhysicsDriveAPI:rotZ"]
        )
        {
            float drive:rotX:physics:damping = 0.5
            float drive:rotX:physics:stiffness = 5
            float drive:rotX:physics:targetPosition = 0
            uniform token drive:rotX:physics:type = "force"
            float drive:rotY:physics:damping = 0.5
            float drive:rotY:physics:stiffness = 5
            float drive:rotY:physics:targetPosition = 0
            uniform token drive:rotY:physics:type = "force"
            float drive:rotZ:physics:damping = 0.5
            float drive:rotZ:physics:stiffness = 5
            float drive:rotZ:physics:targetPosition = 0
            uniform token drive:rotZ:physics:type = "force"
            rel physics:body0 = </Plant_1/Stem/Internode_o1_r3>
            rel physics:body1 = </Plant_1/Leaves/Leaf_o1_r3_i1>
            float physics:coneAngle0Limit = 45
            float physics:coneAngle1Limit = 45
            point3f physics:localPos0 = (0, 0, 0.015679773)
            point3f physics:localPos1 = (0, 0, 0.105835184)
        }

        def PhysicsSphericalJoint "Joint_Leaf_o1_r3_i2" (
            prepend apiSchemas = ["PhysicsDriveAPI:rotX", "PhysicsDriveAPI:rotY", "PhysicsDriveAPI:rotZ"]
        )
        {
            float drive:rotX:physics:damping = 0.5
            float drive:rotX:physics:stiffness = 5
            float drive:rotX:physics:targetPosition = 0
            uniform token drive:rotX:physics:type = "force"
            float drive:rotY:physics:damping = 0.5
            float drive:rotY:physics:stiffness = 5
            float drive:rotY:physics:targetPosition = 0
            uniform token drive:rotY:physics:type = "force"
            float drive:rotZ:physics:damping = 0.5
            float drive:rotZ:physics:stiffness = 5
            float drive:rotZ:physics:targetPosition = 0
            uniform token drive:rotZ:physics:type = "force"
            rel physics:body0 = </Plant_1/Stem/Internode_o1_r3>
            rel physics:body1 = </Plant_1/Leaves/Leaf_o1_r3_i2>
            float physics:coneAngle0Limit = 45
            float physics:coneAngle1Limit = 45
            point3f physics:localPos0 = (0, 0, 0.015679773)
            point3f physics:localPos1 = (0, 0, 0.105835184)
        }

        def PhysicsSphericalJoint "Joint_Leaf_o1_r3_i3" (
            prepend apiSchemas = ["PhysicsDriveAPI:rotX", "PhysicsDriveAPI:rotY", "PhysicsDriveAPI:rotZ"]
        )
        {
            float drive:rotX:physics:damping = 0.5
            float drive:rotX:physics:stiffness = 5
            float drive:rotX:physics:targetPosition = 0
            uniform token drive:rotX:physics:type = "force"
            float drive:rotY:physics:damping = 0.5
            float drive:rotY:physics:stiffness = 5
            float drive:rotY:physics:targetPosition = 0
            uniform token drive:rotY:physics:type = "force"
            float drive:rotZ:physics:damping = 0.5
            float drive:rotZ:physics:stiffness = 5
            float drive:rotZ:physics:targetPosition = 0
            uniform token drive:rotZ:physics:type = "force"
            rel physics:body0 = </Plant_1/Stem/Internode_o1_r3>
            rel physics:body1 = </Plant_1/Leaves/Leaf_o1_r3_i3>
            float physics:coneAngle0Limit = 45
            float physics:coneAngle1Limit = 45
            point3f physics:localPos0 = (0, 0, 0.015679773)
            point3f physics:localPos1 = (0, 0, 0.105835184)
        }

        def PhysicsSphericalJoint "Joint_Leaf_o1_r2_i0" (
            prepend apiSchemas = ["PhysicsDriveAPI:rotX", "PhysicsDriveAPI:rotY", "PhysicsDriveAPI:rotZ"]
        )
        {
            float drive:rotX:physics:damping = 0.5
            float drive:rotX:physics:stiffness = 5
            float drive:rotX:physics:targetPosition = 0
            uniform token drive:rotX:physics:type = "force"
            float drive:rotY:physics:damping = 0.5
            float drive:rotY:physics:stiffness = 5
            float drive:rotY:physics:targetPosition = 0
            uniform token drive:rotY:physics:type = "force"
            float drive:rotZ:physics:damping = 0.5
            float drive:rotZ:physics:stiffness = 5
            float drive:rotZ:physics:targetPosition = 0
            uniform token drive:rotZ:physics:type = "force"
            rel physics:body0 = </Plant_1/Stem/Internode_o1_r2>
            rel physics:body1 = </Plant_1/Leaves/Leaf_o1_r2_i0>
            float physics:coneAngle0Limit = 45
            float physics:coneAngle1Limit = 45
            point3f physics:localPos0 = (0, 0, 0.01591833)
            point3f physics:localPos1 = (0, 0, 0.073771805)
        }

        def PhysicsSphericalJoint "Joint_Leaf_o0_r8_i0" (
            prepend apiSchemas = ["PhysicsDriveAPI:rotX", "PhysicsDriveAPI:rotY", "PhysicsDriveAPI:rotZ"]
        )
        {
            float drive:rotX:physics:damping = 0.5
            float drive:rotX:physics:stiffness = 5
            float drive:rotX:physics:targetPosition = 0
            uniform token drive:rotX:physics:type = "force"
            float drive:rotY:physics:damping = 0.5
            float drive:rotY:physics:stiffness = 5
            float drive:rotY:physics:targetPosition = 0
            uniform token drive:rotY:physics:type = "force"
            float drive:rotZ:physics:damping = 0.5
            float drive:rotZ:physics:stiffness = 5
            float drive:rotZ:physics:targetPosition = 0
            uniform token drive:rotZ:physics:type = "force"
            rel physics:body0 = </Plant_1/Stem/Internode_o0_r8>
            rel physics:body1 = </Plant_1/Leaves/Leaf_o0_r8_i0>
            float physics:coneAngle0Limit = 45
            float physics:coneAngle1Limit = 45
            point3f physics:localPos0 = (0, 0, 0.019664718)
            point3f physics:localPos1 = (0, 0, 0.20598286)
        }

        def PhysicsSphericalJoint "Joint_Leaf_o1_r2_i1" (
            prepend apiSchemas = ["PhysicsDriveAPI:rotX", "PhysicsDriveAPI:rotY", "PhysicsDriveAPI:rotZ"]
        )
        {
            float drive:rotX:physics:damping = 0.5
            float drive:rotX:physics:stiffness = 5
            float drive:rotX:physics:targetPosition = 0
            uniform token drive:rotX:physics:type = "force"
            float drive:rotY:physics:damping = 0.5
            float drive:rotY:physics:stiffness = 5
            float drive:rotY:physics:targetPosition = 0
            uniform token drive:rotY:physics:type = "force"
            float drive:rotZ:physics:damping = 0.5
            float drive:rotZ:physics:stiffness = 5
            float drive:rotZ:physics:targetPosition = 0
            uniform token drive:rotZ:physics:type = "force"
            rel physics:body0 = </Plant_1/Stem/Internode_o1_r2>
            rel physics:body1 = </Plant_1/Leaves/Leaf_o1_r2_i1>
            float physics:coneAngle0Limit = 45
            float physics:coneAngle1Limit = 45
            point3f physics:localPos0 = (0, 0, 0.016273832)
            point3f physics:localPos1 = (0, 0, 0.07447564)
        }

        def PhysicsSphericalJoint "Joint_Leaf_o1_r2_i2" (
            prepend apiSchemas = ["PhysicsDriveAPI:rotX", "PhysicsDriveAPI:rotY", "PhysicsDriveAPI:rotZ"]
        )
        {
            float drive:rotX:physics:damping = 0.5
            float drive:rotX:physics:stiffness = 5
            float drive:rotX:physics:targetPosition = 0
            uniform token drive:rotX:physics:type = "force"
            float drive:rotY:physics:damping = 0.5
            float drive:rotY:physics:stiffness = 5
            float drive:rotY:physics:targetPosition = 0
            uniform token drive:rotY:physics:type = "force"
            float drive:rotZ:physics:damping = 0.5
            float drive:rotZ:physics:stiffness = 5
            float drive:rotZ:physics:targetPosition = 0
            uniform token drive:rotZ:physics:type = "force"
            rel physics:body0 = </Plant_1/Stem/Internode_o1_r2>
            rel physics:body1 = </Plant_1/Leaves/Leaf_o1_r2_i2>
            float physics:coneAngle0Limit = 45
            float physics:coneAngle1Limit = 45
            point3f physics:localPos0 = (0, 0, 0.016273832)
            point3f physics:localPos1 = (0, 0, 0.07447564)
        }

        def PhysicsSphericalJoint "Joint_Leaf_o1_r2_i3" (
            prepend apiSchemas = ["PhysicsDriveAPI:rotX", "PhysicsDriveAPI:rotY", "PhysicsDriveAPI:rotZ"]
        )
        {
            float drive:rotX:physics:damping = 0.5
            float drive:rotX:physics:stiffness = 5
            float drive:rotX:physics:targetPosition = 0
            uniform token drive:rotX:physics:type = "force"
            float drive:rotY:physics:damping = 0.5
            float drive:rotY:physics:stiffness = 5
            float drive:rotY:physics:targetPosition = 0
            uniform token drive:rotY:physics:type = "force"
            float drive:rotZ:physics:damping = 0.5
            float drive:rotZ:physics:stiffness = 5
            float drive:rotZ:physics:targetPosition = 0
            uniform token drive:rotZ:physics:type = "force"
            rel physics:body0 = </Plant_1/Stem/Internode_o1_r2>
            rel physics:body1 = </Plant_1/Leaves/Leaf_o1_r2_i3>
            float physics:coneAngle0Limit = 45
            float physics:coneAngle1Limit = 45
            point3f physics:localPos0 = (0, 0, 0.016273832)
            point3f physics:localPos1 = (0, 0, 0.07447564)
        }

        def PhysicsSphericalJoint "Joint_Leaf_o1_r1_i0" (
            prepend apiSchemas = ["PhysicsDriveAPI:rotX", "PhysicsDriveAPI:rotY", "PhysicsDriveAPI:rotZ"]
        )
        {
            float drive:rotX:physics:damping = 0.5
            float drive:rotX:physics:stiffness = 5
            float drive:rotX:physics:targetPosition = 0
            uniform token drive:rotX:physics:type = "force"
            float drive:rotY:physics:damping = 0.5
            float drive:rotY:physics:stiffness = 5
            float drive:rotY:physics:targetPosition = 0
            uniform token drive:rotY:physics:type = "force"
            float drive:rotZ:physics:damping = 0.5
            float drive:rotZ:physics:stiffness = 5
            float drive:rotZ:physics:targetPosition = 0
            uniform token drive:rotZ:physics:type = "force"
            rel physics:body0 = </Plant_1/Stem/Internode_o1_r1>
            rel physics:body1 = </Plant_1/Leaves/Leaf_o1_r1_i0>
            float physics:coneAngle0Limit = 45
            float physics:coneAngle1Limit = 45
            point3f physics:localPos0 = (0, 0, 0.016331825)
            point3f physics:localPos1 = (0, 0, 0.041935146)
        }

        def PhysicsSphericalJoint "Joint_Leaf_o0_r7_i0" (
            prepend apiSchemas = ["PhysicsDriveAPI:rotX", "PhysicsDriveAPI:rotY", "PhysicsDriveAPI:rotZ"]
        )
        {
            float drive:rotX:physics:damping = 0.5
            float drive:rotX:physics:stiffness = 5
            float drive:rotX:physics:targetPosition = 0
            uniform token drive:rotX:physics:type = "force"
            float drive:rotY:physics:damping = 0.5
            float drive:rotY:physics:stiffness = 5
            float drive:rotY:physics:targetPosition = 0
            uniform token drive:rotY:physics:type = "force"
            float drive:rotZ:physics:damping = 0.5
            float drive:rotZ:physics:stiffness = 5
            float drive:rotZ:physics:targetPosition = 0
            uniform token drive:rotZ:physics:type = "force"
            rel physics:body0 = </Plant_1/Stem/Internode_o0_r7>
            rel physics:body1 = </Plant_1/Leaves/Leaf_o0_r7_i0>
            float physics:coneAngle0Limit = 45
            float physics:coneAngle1Limit = 45
            point3f physics:localPos0 = (0, 0, 0.01990724)
            point3f physics:localPos1 = (0, 0, 0.16665342)
        }

        def PhysicsSphericalJoint "Joint_Leaf_o1_r1_i1" (
            prepend apiSchemas = ["PhysicsDriveAPI:rotX", "PhysicsDriveAPI:rotY", "PhysicsDriveAPI:rotZ"]
        )
        {
            float drive:rotX:physics:damping = 0.5
            float drive:rotX:physics:stiffness = 5
            float drive:rotX:physics:targetPosition = 0
            uniform token drive:rotX:physics:type = "force"
            float drive:rotY:physics:damping = 0.5
            float drive:rotY:physics:stiffness = 5
            float drive:rotY:physics:targetPosition = 0
            uniform token drive:rotY:physics:type = "force"
            float drive:rotZ:physics:damping = 0.5
            float drive:rotZ:physics:stiffness = 5
            float drive:rotZ:physics:targetPosition = 0
            uniform token drive:rotZ:physics:type = "force"
            rel physics:body0 = </Plant_1/Stem/Internode_o1_r1>
            rel physics:body1 = </Plant_1/Leaves/Leaf_o1_r1_i1>
            float physics:coneAngle0Limit = 45
            float physics:coneAngle1Limit = 45
            point3f physics:localPos0 = (0, 0, 0.016328242)
            point3f physics:localPos1 = (0, 0, 0.04192798)
        }

        def PhysicsSphericalJoint "Joint_Leaf_o1_r1_i2" (
            prepend apiSchemas = ["PhysicsDriveAPI:rotX", "PhysicsDriveAPI:rotY", "PhysicsDriveAPI:rotZ"]
        )
        {
            float drive:rotX:physics:damping = 0.5
            float drive:rotX:physics:stiffness = 5
            float drive:rotX:physics:targetPosition = 0
            uniform token drive:rotX:physics:type = "force"
            float drive:rotY:physics:damping = 0.5
            float drive:rotY:physics:stiffness = 5
            float drive:rotY:physics:targetPosition = 0
            uniform token drive:rotY:physics:type = "force"
            float drive:rotZ:physics:damping = 0.5
            float drive:rotZ:physics:stiffness = 5
            float drive:rotZ:physics:targetPosition = 0
            uniform token drive:rotZ:physics:type = "force"
            rel physics:body0 = </Plant_1/Stem/Internode_o1_r1>
            rel physics:body1 = </Plant_1/Leaves/Leaf_o1_r1_i2>
            float physics:coneAngle0Limit = 45
            float physics:coneAngle1Limit = 45
            point3f physics:localPos0 = (0, 0, 0.016328242)
            point3f physics:localPos1 = (0, 0, 0.04192798)
        }

        def PhysicsSphericalJoint "Joint_Leaf_o1_r1_i3" (
            prepend apiSchemas = ["PhysicsDriveAPI:rotX", "PhysicsDriveAPI:rotY", "PhysicsDriveAPI:rotZ"]
        )
        {
            float drive:rotX:physics:damping = 0.5
            float drive:rotX:physics:stiffness = 5
            float drive:rotX:physics:targetPosition = 0
            uniform token drive:rotX:physics:type = "force"
            float drive:rotY:physics:damping = 0.5
            float drive:rotY:physics:stiffness = 5
            float drive:rotY:physics:targetPosition = 0
            uniform token drive:rotY:physics:type = "force"
            float drive:rotZ:physics:damping = 0.5
            float drive:rotZ:physics:stiffness = 5
            float drive:rotZ:physics:targetPosition = 0
            uniform token drive:rotZ:physics:type = "force"
            rel physics:body0 = </Plant_1/Stem/Internode_o1_r1>
            rel physics:body1 = </Plant_1/Leaves/Leaf_o1_r1_i3>
            float physics:coneAngle0Limit = 45
            float physics:coneAngle1Limit = 45
            point3f physics:localPos0 = (0, 0, 0.016328242)
            point3f physics:localPos1 = (0, 0, 0.04192798)
        }

        def PhysicsSphericalJoint "Joint_Leaf_o0_r6_i0" (
            prepend apiSchemas = ["PhysicsDriveAPI:rotX", "PhysicsDriveAPI:rotY", "PhysicsDriveAPI:rotZ"]
        )
        {
            float drive:rotX:physics:damping = 0.5
            float drive:rotX:physics:stiffness = 5
            float drive:rotX:physics:targetPosition = 0
            uniform token drive:rotX:physics:type = "force"
            float drive:rotY:physics:damping = 0.5
            float drive:rotY:physics:stiffness = 5
            float drive:rotY:physics:targetPosition = 0
            uniform token drive:rotY:physics:type = "force"
            float drive:rotZ:physics:damping = 0.5
            float drive:rotZ:physics:stiffness = 5
            float drive:rotZ:physics:targetPosition = 0
            uniform token drive:rotZ:physics:type = "force"
            rel physics:body0 = </Plant_1/Stem/Internode_o0_r6>
            rel physics:body1 = </Plant_1/Leaves/Leaf_o0_r6_i0>
            float physics:coneAngle0Limit = 45
            float physics:coneAngle1Limit = 45
            point3f physics:localPos0 = (0, 0, 0.019724187)
            point3f physics:localPos1 = (0, 0, 0.12683895)
        }

        def PhysicsSphericalJoint "Joint_Leaf_o0_r5_i0" (
            prepend apiSchemas = ["PhysicsDriveAPI:rotX", "PhysicsDriveAPI:rotY", "PhysicsDriveAPI:rotZ"]
        )
        {
            float drive:rotX:physics:damping = 0.5
            float drive:rotX:physics:stiffness = 5
            float drive:rotX:physics:targetPosition = 0
            uniform token drive:rotX:physics:type = "force"
            float drive:rotY:physics:damping = 0.5
            float drive:rotY:physics:stiffness = 5
            float drive:rotY:physics:targetPosition = 0
            uniform token drive:rotY:physics:type = "force"
            float drive:rotZ:physics:damping = 0.5
            float drive:rotZ:physics:stiffness = 5
            float drive:rotZ:physics:targetPosition = 0
            uniform token drive:rotZ:physics:type = "force"
            rel physics:body0 = </Plant_1/Stem/Internode_o0_r5>
            rel physics:body1 = </Plant_1/Leaves/Leaf_o0_r5_i0>
            float physics:coneAngle0Limit = 45
            float physics:coneAngle1Limit = 45
            point3f physics:localPos0 = (0, 0, 0.0086470125)
            point3f physics:localPos1 = (0, 0, 0.08739057)
        }

        def PhysicsSphericalJoint "Joint_Leaf_o0_r4_i0" (
            prepend apiSchemas = ["PhysicsDriveAPI:rotX", "PhysicsDriveAPI:rotY", "PhysicsDriveAPI:rotZ"]
        )
        {
            float drive:rotX:physics:damping = 0.5
            float drive:rotX:physics:stiffness = 5
            float drive:rotX:physics:targetPosition = 0
            uniform token drive:rotX:physics:type = "force"
            float drive:rotY:physics:damping = 0.5
            float drive:rotY:physics:stiffness = 5
            float drive:rotY:physics:targetPosition = 0
            uniform token drive:rotY:physics:type = "force"
            float drive:rotZ:physics:damping = 0.5
            float drive:rotZ:physics:stiffness = 5
            float drive:rotZ:physics:targetPosition = 0
            uniform token drive:rotZ:physics:type = "force"
            rel physics:body0 = </Plant_1/Stem/Internode_o0_r4>
            rel physics:body1 = </Plant_1/Leaves/Leaf_o0_r4_i0>
            float physics:coneAngle0Limit = 45
            float physics:coneAngle1Limit = 45
            point3f physics:localPos0 = (0, 0, 0.008581667)
            point3f physics:localPos1 = (0, 0, 0.07009655)
        }

        def PhysicsSphericalJoint "Joint_Leaf_o0_r3_i0" (
            prepend apiSchemas = ["PhysicsDriveAPI:rotX", "PhysicsDriveAPI:rotY", "PhysicsDriveAPI:rotZ"]
        )
        {
            float drive:rotX:physics:damping = 0.5
            float drive:rotX:physics:stiffness = 5
            float drive:rotX:physics:targetPosition = 0
            uniform token drive:rotX:physics:type = "force"
            float drive:rotY:physics:damping = 0.5
            float drive:rotY:physics:stiffness = 5
            float drive:rotY:physics:targetPosition = 0
            uniform token drive:rotY:physics:type = "force"
            float drive:rotZ:physics:damping = 0.5
            float drive:rotZ:physics:stiffness = 5
            float drive:rotZ:physics:targetPosition = 0
            uniform token drive:rotZ:physics:type = "force"
            rel physics:body0 = </Plant_1/Stem/Internode_o0_r3>
            rel physics:body1 = </Plant_1/Leaves/Leaf_o0_r3_i0>
            float physics:coneAngle0Limit = 45
            float physics:coneAngle1Limit = 45
            point3f physics:localPos0 = (0, 0, 0.008550551)
            point3f physics:localPos1 = (0, 0, 0.052933216)
        }

        def PhysicsSphericalJoint "Joint_Leaf_o0_r0_i0" (
            prepend apiSchemas = ["PhysicsDriveAPI:rotX", "PhysicsDriveAPI:rotY", "PhysicsDriveAPI:rotZ"]
        )
        {
            float drive:rotX:physics:damping = 0.5
            float drive:rotX:physics:stiffness = 5
            float drive:rotX:physics:targetPosition = 0
            uniform token drive:rotX:physics:type = "force"
            float drive:rotY:physics:damping = 0.5
            float drive:rotY:physics:stiffness = 5
            float drive:rotY:physics:targetPosition = 0
            uniform token drive:rotY:physics:type = "force"
            float drive:rotZ:physics:damping = 0.5
            float drive:rotZ:physics:stiffness = 5
            float drive:rotZ:physics:targetPosition = 0
            uniform token drive:rotZ:physics:type = "force"
            rel physics:body0 = </Plant_1/Stem/Internode_o0_r0>
            rel physics:body1 = </Plant_1/Leaves/Leaf_o0_r0_i0>
            float physics:coneAngle0Limit = 45
            float physics:coneAngle1Limit = 45
            point3f physics:localPos0 = (0, 0, 0.0046357475)
            point3f physics:localPos1 = (0, 0, 0.009271495)
        }

        def PhysicsSphericalJoint "Joint_Leaf_o0_r1_i0" (
            prepend apiSchemas = ["PhysicsDriveAPI:rotX", "PhysicsDriveAPI:rotY", "PhysicsDriveAPI:rotZ"]
        )
        {
            float drive:rotX:physics:damping = 0.5
            float drive:rotX:physics:stiffness = 5
            float drive:rotX:physics:targetPosition = 0
            uniform token drive:rotX:physics:type = "force"
            float drive:rotY:physics:damping = 0.5
            float drive:rotY:physics:stiffness = 5
            float drive:rotY:physics:targetPosition = 0
            uniform token drive:rotY:physics:type = "force"
            float drive:rotZ:physics:damping = 0.5
            float drive:rotZ:physics:stiffness = 5
            float drive:rotZ:physics:targetPosition = 0
            uniform token drive:rotZ:physics:type = "force"
            rel physics:body0 = </Plant_1/Stem/Internode_o0_r1>
            rel physics:body1 = </Plant_1/Leaves/Leaf_o0_r1_i0>
            float physics:coneAngle0Limit = 45
            float physics:coneAngle1Limit = 45
            point3f physics:localPos0 = (0, 0, 0.005019568)
            point3f physics:localPos1 = (0, 0, 0.01931063)
        }

        def PhysicsSphericalJoint "Joint_Leaf_o0_r2_i0" (
            prepend apiSchemas = ["PhysicsDriveAPI:rotX", "PhysicsDriveAPI:rotY", "PhysicsDriveAPI:rotZ"]
        )
        {
            float drive:rotX:physics:damping = 0.5
            float drive:rotX:physics:stiffness = 5
            float drive:rotX:physics:targetPosition = 0
            uniform token drive:rotX:physics:type = "force"
            float drive:rotY:physics:damping = 0.5
            float drive:rotY:physics:stiffness = 5
            float drive:rotY:physics:targetPosition = 0
            uniform token drive:rotY:physics:type = "force"
            float drive:rotZ:physics:damping = 0.5
            float drive:rotZ:physics:stiffness = 5
            float drive:rotZ:physics:targetPosition = 0
            uniform token drive:rotZ:physics:type = "force"
            rel physics:body0 = </Plant_1/Stem/Internode_o0_r2>
            rel physics:body1 = </Plant_1/Leaves/Leaf_o0_r2_i0>
            float physics:coneAngle0Limit = 45
            float physics:coneAngle1Limit = 45
            point3f physics:localPos0 = (0, 0, 0.008260741)
            point3f physics:localPos1 = (0, 0, 0.035832115)
        }
    }

    def Xform "Trusses"
    {
        def Xform "Truss_r5_i0"
        {
            def Cylinder "Rachis_0"
            {
                uniform token axis = "Z"
                double height = 0.012
                rel material:binding = </Plant_1/Materials/Pedicel>
                double radius = 0.00075
                matrix4d xformOp:transform = ( (0.5372996083468242, 0.8433914458128854, -0, 0), (-0.596367810529018, 0.37992819659091553, 0.7071067811865475, 0), (0.5963678105290179, -0.3799281965909155, 0.7071067811865476, 0), (0.0035782068631741073, -0.002279569179545493, 0.09163321468711928, 1) )
                uniform token[] xformOpOrder = ["xformOp:transform"]
            }

            def Cylinder "Pedicel_0"
            {
                uniform token axis = "Z"
                double height = 0.003
                rel material:binding = </Plant_1/Materials/Pedicel>
                double radius = 0.0006000000000000001
                matrix4d xformOp:transform = ( (0.8433914458128855, -0.5372996083468242, 0, 0), (-0, 0, 1, 0), (-0.5372996083468242, -0.8433914458128855, -0, 0), (0.0063504643138279785, -0.005824225527810314, 0.09587585537423857, 1) )
                uniform token[] xformOpOrder = ["xformOp:transform"]
            }

            def Sphere "Fruit_0" (
                prepend apiSchemas = ["PhysicsRigidBodyAPI", "PhysicsMassAPI", "PhysicsCollisionAPI"]
            )
            {
                rel material:binding = </Plant_1/Materials/FruitUnripe>
                bool physics:kinematicEnabled = 1
                float physics:mass = 0.0009387
                double radius = 0.0059760786
                matrix4d xformOp:transform = ( (1, 0, 0, 0), (0, 1, 0, 0), (0, 0, 1, 0), (0.002333570210077905, -0.012129486267275086, 0.09587585537423857, 1) )
                uniform token[] xformOpOrder = ["xformOp:transform"]
            }

            def Cylinder "Pedicel_1"
            {
                uniform token axis = "Z"
                double height = 0.003
                rel material:binding = </Plant_1/Materials/Pedicel>
                double radius = 0.0006000000000000001
                matrix4d xformOp:transform = ( (0.5372996083468242, 0.8433914458128854, -0, 0), (-0.596367810529018, 0.37992819659091553, 0.7071067811865475, 0), (0.5963678105290179, -0.3799281965909155, 0.7071067811865476, 0), (0.008050965442141742, -0.005129030653977359, 0.09693651554601838, 1) )
                uniform token[] xformOpOrder = ["xformOp:transform"]
            }

            def Sphere "Fruit_1" (
                prepend apiSchemas = ["PhysicsRigidBodyAPI", "PhysicsMassAPI", "PhysicsCollisionAPI"]
            )
            {
                rel material:binding = </Plant_1/Materials/FruitUnripe>
                bool physics:kinematicEnabled = 1
                float physics:mass = 0.00036193492
                double radius = 0.0043496154
                matrix4d xformOp:transform = ( (1, 0, 0, 0), (0, 1, 0, 0), (0, 0, 1, 0), (0.011539487770676567, -0.007351464483649806, 0.10107281826269164, 1) )
                uniform token[] xformOpOrder = ["xformOp:transform"]
            }
        }

        def Xform "Truss_r5_i1"
        {
            def Cylinder "Rachis_0"
            {
                uniform token axis = "Z"
                double height = 0.012
                rel material:binding = </Plant_1/Materials/Pedicel>
                double radius = 0.00075
                matrix4d xformOp:transform = ( (0.5372996083468242, 0.8433914458128854, -0, 0), (-0.596367810529018, 0.37992819659091553, 0.7071067811865475, 0), (0.5963678105290179, -0.3799281965909155, 0.7071067811865476, 0), (0.0035782068631741073, -0.002279569179545493, 0.09163321468711928, 1) )
                uniform token[] xformOpOrder = ["xformOp:transform"]
            }

            def Cylinder "Pedicel_0"
            {
                uniform token axis = "Z"
                double height = 0.003
                rel material:binding = </Plant_1/Materials/Pedicel>
                double radius = 0.0006000000000000001
                matrix4d xformOp:transform = ( (0.8433914458128855, -0.5372996083468242, 0, 0), (-0, 0, 1, 0), (-0.5372996083468242, -0.8433914458128855, -0, 0), (0.0063504643138279785, -0.005824225527810314, 0.09587585537423857, 1) )
                uniform token[] xformOpOrder = ["xformOp:transform"]
            }

            def Sphere "Fruit_0" (
                prepend apiSchemas = ["PhysicsRigidBodyAPI", "PhysicsMassAPI", "PhysicsCollisionAPI"]
            )
            {
                rel material:binding = </Plant_1/Materials/FruitUnripe>
                bool physics:kinematicEnabled = 1
                float physics:mass = 0.0009387
                double radius = 0.0059760786
                matrix4d xformOp:transform = ( (1, 0, 0, 0), (0, 1, 0, 0), (0, 0, 1, 0), (0.002333570210077905, -0.012129486267275086, 0.09587585537423857, 1) )
                uniform token[] xformOpOrder = ["xformOp:transform"]
            }

            def Cylinder "Pedicel_1"
            {
                uniform token axis = "Z"
                double height = 0.003
                rel material:binding = </Plant_1/Materials/Pedicel>
                double radius = 0.0006000000000000001
                matrix4d xformOp:transform = ( (0.5372996083468242, 0.8433914458128854, -0, 0), (-0.596367810529018, 0.37992819659091553, 0.7071067811865475, 0), (0.5963678105290179, -0.3799281965909155, 0.7071067811865476, 0), (0.008050965442141742, -0.005129030653977359, 0.09693651554601838, 1) )
                uniform token[] xformOpOrder = ["xformOp:transform"]
            }

            def Sphere "Fruit_1" (
                prepend apiSchemas = ["PhysicsRigidBodyAPI", "PhysicsMassAPI", "PhysicsCollisionAPI"]
            )
            {
                rel material:binding = </Plant_1/Materials/FruitUnripe>
                bool physics:kinematicEnabled = 1
                float physics:mass = 0.00036193492
                double radius = 0.0043496154
                matrix4d xformOp:transform = ( (1, 0, 0, 0), (0, 1, 0, 0), (0, 0, 1, 0), (0.011539487770676567, -0.007351464483649806, 0.10107281826269164, 1) )
                uniform token[] xformOpOrder = ["xformOp:transform"]
            }
        }

        def Xform "Truss_r5_i2"
        {
            def Cylinder "Rachis_0"
            {
                uniform token axis = "Z"
                double height = 0.012
                rel material:binding = </Plant_1/Materials/Pedicel>
                double radius = 0.00075
                matrix4d xformOp:transform = ( (0.5372996083468242, 0.8433914458128854, -0, 0), (-0.596367810529018, 0.37992819659091553, 0.7071067811865475, 0), (0.5963678105290179, -0.3799281965909155, 0.7071067811865476, 0), (0.0035782068631741073, -0.002279569179545493, 0.09163321468711928, 1) )
                uniform token[] xformOpOrder = ["xformOp:transform"]
            }

            def Cylinder "Pedicel_0"
            {
                uniform token axis = "Z"
                double height = 0.003
                rel material:binding = </Plant_1/Materials/Pedicel>
                double radius = 0.0006000000000000001
                matrix4d xformOp:transform = ( (0.8433914458128855, -0.5372996083468242, 0, 0), (-0, 0, 1, 0), (-0.5372996083468242, -0.8433914458128855, -0, 0), (0.0063504643138279785, -0.005824225527810314, 0.09587585537423857, 1) )
                uniform token[] xformOpOrder = ["xformOp:transform"]
            }

            def Sphere "Fruit_0" (
                prepend apiSchemas = ["PhysicsRigidBodyAPI", "PhysicsMassAPI", "PhysicsCollisionAPI"]
            )
            {
                rel material:binding = </Plant_1/Materials/FruitUnripe>
                bool physics:kinematicEnabled = 1
                float physics:mass = 0.0009387
                double radius = 0.0059760786
                matrix4d xformOp:transform = ( (1, 0, 0, 0), (0, 1, 0, 0), (0, 0, 1, 0), (0.002333570210077905, -0.012129486267275086, 0.09587585537423857, 1) )
                uniform token[] xformOpOrder = ["xformOp:transform"]
            }

            def Cylinder "Pedicel_1"
            {
                uniform token axis = "Z"
                double height = 0.003
                rel material:binding = </Plant_1/Materials/Pedicel>
                double radius = 0.0006000000000000001
                matrix4d xformOp:transform = ( (0.5372996083468242, 0.8433914458128854, -0, 0), (-0.596367810529018, 0.37992819659091553, 0.7071067811865475, 0), (0.5963678105290179, -0.3799281965909155, 0.7071067811865476, 0), (0.008050965442141742, -0.005129030653977359, 0.09693651554601838, 1) )
                uniform token[] xformOpOrder = ["xformOp:transform"]
            }

            def Sphere "Fruit_1" (
                prepend apiSchemas = ["PhysicsRigidBodyAPI", "PhysicsMassAPI", "PhysicsCollisionAPI"]
            )
            {
                rel material:binding = </Plant_1/Materials/FruitUnripe>
                bool physics:kinematicEnabled = 1
                float physics:mass = 0.00036193492
                double radius = 0.0043496154
                matrix4d xformOp:transform = ( (1, 0, 0, 0), (0, 1, 0, 0), (0, 0, 1, 0), (0.011539487770676567, -0.007351464483649806, 0.10107281826269164, 1) )
                uniform token[] xformOpOrder = ["xformOp:transform"]
            }
        }

        def Xform "Truss_r6_i0"
        {
            def Cylinder "Rachis_0"
            {
                uniform token axis = "Z"
                double height = 0.012
                rel material:binding = </Plant_1/Materials/Pedicel>
                double radius = 0.00075
                matrix4d xformOp:transform = ( (-0.9659258262890682, -0.25881904510252085, 0, 0), (0.1830127018922194, -0.6830127018922193, 0.7071067811865475, 0), (-0.18301270189221938, 0.6830127018922193, 0.7071067811865476, 0), (-0.0010980762113533163, 0.004098076211353316, 0.1310815876871193, 1) )
                uniform token[] xformOpOrder = ["xformOp:transform"]
            }

            def Cylinder "Pedicel_0"
            {
                uniform token axis = "Z"
                double height = 0.003
                rel material:binding = </Plant_1/Materials/Pedicel>
                double radius = 0.0006000000000000001
                matrix4d xformOp:transform = ( (-0.25881904510252085, 0.9659258262890683, 0, 0), (0, 0, 1.0000000000000002, 0), (0.9659258262890683, 0.25881904510252085, -0, 0), (-0.0007472636832730301, 0.008584380990360413, 0.13532422837423858, 1) )
                uniform token[] xformOpOrder = ["xformOp:transform"]
            }

            def Sphere "Fruit_0" (
                prepend apiSchemas = ["PhysicsRigidBodyAPI", "PhysicsMassAPI", "PhysicsCollisionAPI"]
            )
            {
                rel material:binding = </Plant_1/Materials/FruitUnripe>
                bool physics:kinematicEnabled = 1
                float physics:mass = 0.011163425
                double radius = 0.0136408
                matrix4d xformOp:transform = ( (1, 0, 0, 0), (0, 1, 0, 0), (0, 0, 1, 0), (0.013877626067404496, 0.012503108388448661, 0.13532422837423858, 1) )
                uniform token[] xformOpOrder = ["xformOp:transform"]
            }

            def Cylinder "Rachis_1"
            {
                uniform token axis = "Z"
                double height = 0.012
                rel material:binding = </Plant_1/Materials/Pedicel>
                double radius = 0.00075
                matrix4d xformOp:transform = ( (-0.9659258262890683, -0.25881904510252085, 0, 0), (0.1521300177236822, -0.5677569555011356, 0.8090169943749475, 0), (-0.20938900595583537, 0.7814504087735197, 0.5877852522924731, 0), (-0.0034524864584416447, 0.01288485487534775, 0.1388509398879934, 1) )
                uniform token[] xformOpOrder = ["xformOp:transform"]
            }

            def Cylinder "Pedicel_1"
            {
                uniform token axis = "Z"
                double height = 0.003
                rel material:binding = </Plant_1/Materials/Pedicel>
                double radius = 0.0006000000000000001
                matrix4d xformOp:transform = ( (0.25881904510252085, -0.9659258262890683, 0, 0), (0, 0, 1.0000000000000002, 0), (-0.9659258262890683, -0.25881904510252085, 0, 0), (-0.0061577092336102595, 0.017185328760335086, 0.14237765140174824, 1) )
                uniform token[] xformOpOrder = ["xformOp:transform"]
            }

            def Sphere "Fruit_1" (
                prepend apiSchemas = ["PhysicsRigidBodyAPI", "PhysicsMassAPI", "PhysicsCollisionAPI"]
            )
            {
                rel material:binding = </Plant_1/Materials/FruitUnripe>
                bool physics:kinematicEnabled = 1
                float physics:mass = 0.010968955
                double radius = 0.013561127
                matrix4d xformOp:transform = ( (1, 0, 0, 0), (0, 1, 0, 0), (0, 0, 1, 0), (-0.020705640775929856, 0.013287222252027293, 0.14237765140174824, 1) )
                uniform token[] xformOpOrder = ["xformOp:transform"]
            }

            def Cylinder "Rachis_2"
            {
                uniform token axis = "Z"
                double height = 0.012
                rel material:binding = </Plant_1/Materials/Pedicel>
                double radius = 0.00075
                matrix4d xformOp:transform = ( (-0.9659258262890683, -0.25881904510252085, 0, 0), (0.11750138762820576, -0.4385211485883089, 0.8910065241883679, 0), (-0.23060945777054953, 0.8606462131056, 0.45399049973954686, 0), (-0.0060924772407999536, 0.02273743460662247, 0.14510159440018552, 1) )
                uniform token[] xformOpOrder = ["xformOp:transform"]
            }

            def Cylinder "Pedicel_2"
            {
                uniform token axis = "Z"
                double height = 0.003
                rel material:binding = </Plant_1/Materials/Pedicel>
                double radius = 0.0006000000000000001
                matrix4d xformOp:transform = ( (-0.25881904510252085, 0.9659258262890683, 0, 0), (0, 0, 1.0000000000000002, 0), (0.9659258262890683, 0.25881904510252085, -0, 0), (-0.006027245247989648, 0.02828954045290985, 0.1478255373986228, 1) )
                uniform token[] xformOpOrder = ["xformOp:transform"]
            }

            def Sphere "Fruit_2" (
                prepend apiSchemas = ["PhysicsRigidBodyAPI", "PhysicsMassAPI", "PhysicsCollisionAPI"]
            )
            {
                rel material:binding = </Plant_1/Materials/FruitUnripe>
                bool physics:kinematicEnabled = 1
                float physics:mass = 0.010421314
                double radius = 0.013331577
                matrix4d xformOp:transform = ( (1, 0, 0, 0), (0, 1, 0, 0), (0, 0, 1, 0), (0.008298958020905293, 0.03212823504941436, 0.1478255373986228, 1) )
                uniform token[] xformOpOrder = ["xformOp:transform"]
            }

            def Cylinder "Rachis_3"
            {
                uniform token axis = "Z"
                double height = 0.012
                rel material:binding = </Plant_1/Materials/Pedicel>
                double radius = 0.00075
                matrix4d xformOp:transform = ( (-0.9659258262890683, -0.25881904510252085, 0, 0), (0.07997948340457497, -0.2984874956289855, 0.9510565162951536, 0), (-0.24615153938604173, 0.918650051349999, 0.3090169943749475, 0), (-0.008953043223739502, 0.033413212193356065, 0.1496796393648725, 1) )
                uniform token[] xformOpOrder = ["xformOp:transform"]
            }

            def Cylinder "Pedicel_3"
            {
                uniform token axis = "Z"
                double height = 0.003
                rel material:binding = </Plant_1/Materials/Pedicel>
                double radius = 0.0006000000000000001
                matrix4d xformOp:transform = ( (0.25881904510252085, -0.9659258262890683, 0, 0), (0, 0, 1.0000000000000002, 0), (-0.9659258262890683, -0.25881904510252085, 0, 0), (-0.011878841199489353, 0.03853688393380227, 0.15153374133112218, 1) )
                uniform token[] xformOpOrder = ["xformOp:transform"]
            }

            def Sphere "Fruit_3" (
                prepend apiSchemas = ["PhysicsRigidBodyAPI", "PhysicsMassAPI", "PhysicsCollisionAPI"]
            )
            {
                rel material:binding = </Plant_1/Materials/FruitUnripe>
                bool physics:kinematicEnabled = 1
                float physics:mass = 0.009583997
                double radius = 0.012964514
                matrix4d xformOp:transform = ( (1, 0, 0, 0), (0, 1, 0, 0), (0, 0, 1, 0), (-0.025850488836809148, 0.034793192232450226, 0.15153374133112218, 1) )
                uniform token[] xformOpOrder = ["xformOp:transform"]
            }

            def Cylinder "Rachis_4"
            {
                uniform token axis = "Z"
                double height = 0.012
                rel material:binding = </Plant_1/Materials/Pedicel>
                double radius = 0.00075
                matrix4d xformOp:transform = ( (-0.9659258262890683, -0.25881904510252085, 0, 0), (0.040488218862836246, -0.15110408990407342, 0.9876883405951378, 0), (-0.25563255317172695, 0.9540336765054371, 0.15643446504023092, 0), (-0.011963747779086114, 0.04464931456048868, 0.15247234812136357, 1) )
                uniform token[] xformOpOrder = ["xformOp:transform"]
            }

            def Cylinder "Pedicel_4"
            {
                uniform token axis = "Z"
                double height = 0.003
                rel material:binding = </Plant_1/Materials/Pedicel>
                double radius = 0.0006000000000000001
                matrix4d xformOp:transform = ( (-0.25881904510252085, 0.9659258262890683, 0, 0), (0, 0, 1.0000000000000002, 0), (0.9659258262890683, 0.25881904510252085, -0, 0), (-0.012048654358682872, 0.050761745187175085, 0.15341095491160495, 1) )
                uniform token[] xformOpOrder = ["xformOp:transform"]
            }

            def Sphere "Fruit_4" (
                prepend apiSchemas = ["PhysicsRigidBodyAPI", "PhysicsMassAPI", "PhysicsCollisionAPI"]
            )
            {
                rel material:binding = </Plant_1/Materials/FruitUnripe>
                bool physics:kinematicEnabled = 1
                float physics:mass = 0.008886668
                double radius = 0.012642133
                matrix4d xformOp:transform = ( (1, 0, 0, 0), (0, 1, 0, 0), (0, 0, 1, 0), (0.0016115971448320277, 0.05442199854594793, 0.15341095491160495, 1) )
                uniform token[] xformOpOrder = ["xformOp:transform"]
            }

            def Cylinder "Rachis_5"
            {
                uniform token axis = "Z"
                double height = 0.012
                rel material:binding = </Plant_1/Materials/Pedicel>
                double radius = 0.00075
                matrix4d xformOp:transform = ( (-0.9659258262890683, -0.25881904510252085, 0, 0), (1.584809575715883e-17, -5.914589856893349e-17, 1.0000000000000002, 0), (-0.25881904510252085, 0.9659258262890683, 6.123233995736766e-17, 0), (-0.015050457368731599, 0.05616907157725571, 0.15341095491160495, 1) )
                uniform token[] xformOpOrder = ["xformOp:transform"]
            }

            def Cylinder "Pedicel_5"
            {
                uniform token axis = "Z"
                double height = 0.003
                rel material:binding = </Plant_1/Materials/Pedicel>
                double radius = 0.0006000000000000001
                matrix4d xformOp:transform = ( (0.25881904510252085, -0.9659258262890683, 0, 0), (0, 0, 1.0000000000000002, 0), (-0.9659258262890683, -0.25881904510252085, 0, 0), (-0.018052260378780327, 0.06157639796733634, 0.15341095491160495, 1) )
                uniform token[] xformOpOrder = ["xformOp:transform"]
            }

            def Sphere "Fruit_5" (
                prepend apiSchemas = ["PhysicsRigidBodyAPI", "PhysicsMassAPI", "PhysicsCollisionAPI"]
            )
            {
                rel material:binding = </Plant_1/Materials/FruitUnripe>
                bool physics:kinematicEnabled = 1
                float physics:mass = 0.007665298
                double radius = 0.012034195
                matrix4d xformOp:transform = ( (1, 0, 0, 0), (0, 1, 0, 0), (0, 0, 1, 0), (-0.031125288867312702, 0.05807349054120503, 0.15341095491160495, 1) )
                uniform token[] xformOpOrder = ["xformOp:transform"]
            }

            def Cylinder "Rachis_6"
            {
                uniform token axis = "Z"
                double height = 0.012
                rel material:binding = </Plant_1/Materials/Pedicel>
                double radius = 0.00075
                matrix4d xformOp:transform = ( (-0.9659258262890683, -0.25881904510252085, 0, 0), (-0.04048821886283622, 0.1511040899040733, 0.9876883405951378, 0), (-0.25563255317172695, 0.9540336765054371, -0.1564344650402308, 0), (-0.018137166958377086, 0.06768882859402274, 0.15247234812136357, 1) )
                uniform token[] xformOpOrder = ["xformOp:transform"]
            }

            def Cylinder "Pedicel_6"
            {
                uniform token axis = "Z"
                double height = 0.003
                rel material:binding = </Plant_1/Materials/Pedicel>
                double radius = 0.0006000000000000001
                matrix4d xformOp:transform = ( (-0.25881904510252085, 0.9659258262890683, 0, 0), (0, 0, 1.0000000000000002, 0), (0.9659258262890683, 0.25881904510252085, -0, 0), (-0.018222073537973844, 0.07380125922070914, 0.15153374133112218, 1) )
                uniform token[] xformOpOrder = ["xformOp:transform"]
            }

            def Sphere "Fruit_6" (
                prepend apiSchemas = ["PhysicsRigidBodyAPI", "PhysicsMassAPI", "PhysicsCollisionAPI"]
            )
            {
                rel material:binding = </Plant_1/Materials/FruitUnripe>
                bool physics:kinematicEnabled = 1
                float physics:mass = 0.0062806536
                double radius = 0.011260966
                matrix4d xformOp:transform = ( (1, 0, 0, 0), (0, 1, 0, 0), (0, 0, 1, 0), (-0.005895926910177138, 0.07710404025541488, 0.15153374133112218, 1) )
                uniform token[] xformOpOrder = ["xformOp:transform"]
            }

            def Cylinder "Pedicel_7"
            {
                uniform token axis = "Z"
                double height = 0.003
                rel material:binding = </Plant_1/Materials/Pedicel>
                double radius = 0.0006000000000000001
                matrix4d xformOp:transform = ( (-0.9659258262890683, -0.25881904510252085, 0, 0), (-0.04048821886283622, 0.1511040899040733, 0.9876883405951378, 0), (-0.25563255317172695, 0.9540336765054371, -0.1564344650402308, 0), (-0.02005441110716504, 0.07484408116781352, 0.15129908963356184, 1) )
                uniform token[] xformOpOrder = ["xformOp:transform"]
            }

            def Sphere "Fruit_7" (
                prepend apiSchemas = ["PhysicsRigidBodyAPI", "PhysicsMassAPI", "PhysicsCollisionAPI"]
            )
            {
                rel material:binding = </Plant_1/Materials/FruitUnripe>
                bool physics:kinematicEnabled = 1
                float physics:mass = 0.004799874
                double radius = 0.010295576
                matrix4d xformOp:transform = ( (1, 0, 0, 0), (0, 1, 0, 0), (0, 0, 1, 0), (-0.023069744316176186, 0.08609745790559281, 0.14945385501216046, 1) )
                uniform token[] xformOpOrder = ["xformOp:transform"]
            }
        }

        def Xform "Truss_r7_i0"
        {
            def Cylinder "Rachis_0"
            {
                uniform token axis = "Z"
                double height = 0.012
                rel material:binding = </Plant_1/Materials/Pedicel>
                double radius = 0.00075
                matrix4d xformOp:transform = ( (0.8870108331782215, -0.46174861323503436, 0, 0), (0.32650557562197724, 0.6272113751262499, 0.7071067811865475, 0), (-0.3265055756219772, -0.6272113751262498, 0.7071067811865476, 0), (-0.001959033453731863, -0.0037632682507574987, 0.17089606768711932, 1) )
                uniform token[] xformOpOrder = ["xformOp:transform"]
            }

            def Cylinder "Pedicel_0"
            {
                uniform token axis = "Z"
                double height = 0.003
                rel material:binding = </Plant_1/Materials/Pedicel>
                double radius = 0.0006000000000000001
                matrix4d xformOp:transform = ( (-0.46174861323503436, -0.8870108331782215, 0, 0), (0, 0, 1, 0), (-0.8870108331782215, 0.46174861323503436, -0, 0), (-0.005248583157231058, -0.006833913581662446, 0.1751387083742386, 1) )
                uniform token[] xformOpOrder = ["xformOp:transform"]
            }

            def Sphere "Fruit_0" (
                prepend apiSchemas = ["PhysicsRigidBodyAPI", "PhysicsMassAPI", "PhysicsCollisionAPI"]
            )
            {
                rel material:binding = </Plant_1/Materials/FruitUnripe>
                bool physics:kinematicEnabled = 1
                float physics:mass = 0.010638154
                double radius = 0.013423408
                matrix4d xformOp:transform = ( (1, 0, 0, 0), (0, 1, 0, 0), (0, 0, 1, 0), (-0.018485807721169596, 0.00005694936707817226, 0.1751387083742386, 1) )
                uniform token[] xformOpOrder = ["xformOp:transform"]
            }

            def Cylinder "Rachis_1"
            {
                uniform token axis = "Z"
                double height = 0.012
                rel material:binding = </Plant_1/Materials/Pedicel>
                double radius = 0.00075
                matrix4d xformOp:transform = ( (0.8870108331782215, -0.46174861323503436, 0, 0), (0.27140902512605425, 0.5213718863658178, 0.8090169943749475, 0), (-0.37356247523620756, -0.7176068382358627, 0.5877852522924731, 0), (-0.006159441758880972, -0.011832177530930174, 0.17866541988799342, 1) )
                uniform token[] xformOpOrder = ["xformOp:transform"]
            }

            def Cylinder "Pedicel_1"
            {
                uniform token axis = "Z"
                double height = 0.003
                rel material:binding = </Plant_1/Materials/Pedicel>
                double radius = 0.0006000000000000001
                matrix4d xformOp:transform = ( (0.46174861323503436, 0.8870108331782215, -0, 0), (0, 0, 1, 0), (0.8870108331782215, -0.46174861323503436, 0, 0), (-0.0070703003605308845, -0.0168304414801979, 0.18219213140174828, 1) )
                uniform token[] xformOpOrder = ["xformOp:transform"]
            }

            def Sphere "Fruit_1" (
                prepend apiSchemas = ["PhysicsRigidBodyAPI", "PhysicsMassAPI", "PhysicsCollisionAPI"]
            )
            {
                rel material:binding = </Plant_1/Materials/FruitUnripe>
                bool physics:kinematicEnabled = 1
                float physics:mass = 0.010172171
                double radius = 0.013224479
                matrix4d xformOp:transform = ( (1, 0, 0, 0), (0, 1, 0, 0), (0, 0, 1, 0), (0.005990472025374342, -0.023629449239056285, 0.18219213140174828, 1) )
                uniform token[] xformOpOrder = ["xformOp:transform"]
            }

            def Cylinder "Rachis_2"
            {
                uniform token axis = "Z"
                double height = 0.012
                rel material:binding = </Plant_1/Materials/Pedicel>
                double radius = 0.00075
                matrix4d xformOp:transform = ( (0.8870108331782215, -0.4617486132350344, 0, 0), (0.20962948367661602, 0.4026944914289726, 0.891006524188368, 0), (-0.411421026927347, -0.7903324393875554, 0.45399049973954686, 0), (-0.010869342771862299, -0.02087981319667068, 0.18491607440018556, 1) )
                uniform token[] xformOpOrder = ["xformOp:transform"]
            }

            def Cylinder "Pedicel_2"
            {
                uniform token axis = "Z"
                double height = 0.003
                rel material:binding = </Plant_1/Materials/Pedicel>
                double radius = 0.0006000000000000001
                matrix4d xformOp:transform = ( (-0.46174861323503436, -0.8870108331782215, 0, 0), (0, 0, 1, 0), (-0.8870108331782215, 0.46174861323503436, -0, 0), (-0.014668385183193713, -0.02492918491314346, 0.18764001739862285, 1) )
                uniform token[] xformOpOrder = ["xformOp:transform"]
            }

            def Sphere "Fruit_2" (
                prepend apiSchemas = ["PhysicsRigidBodyAPI", "PhysicsMassAPI", "PhysicsCollisionAPI"]
            )
            {
                rel material:binding = </Plant_1/Materials/FruitUnripe>
                bool physics:kinematicEnabled = 1
                float physics:mass = 0.009248182
                double radius = 0.012811289
                matrix4d xformOp:transform = ( (1, 0, 0, 0), (0, 1, 0, 0), (0, 0, 1, 0), (-0.02736265356293803, -0.01832096706378766, 0.18764001739862285, 1) )
                uniform token[] xformOpOrder = ["xformOp:transform"]
            }

            def Cylinder "Rachis_3"
            {
                uniform token axis = "Z"
                double height = 0.012
                rel material:binding = </Plant_1/Materials/Pedicel>
                double radius = 0.00075
                matrix4d xformOp:transform = ( (0.8870108331782215, -0.46174861323503436, 0, 0), (0.1426881686186904, 0.27410142164675194, 0.9510565162951535, 0), (-0.43914902750743, -0.843597432918541, 0.30901699437494745, 0), (-0.01597276309847096, -0.03068339243050726, 0.18949411936487254, 1) )
                uniform token[] xformOpOrder = ["xformOp:transform"]
            }

            def Cylinder "Pedicel_3"
            {
                uniform token axis = "Z"
                double height = 0.003
                rel material:binding = </Plant_1/Materials/Pedicel>
                double radius = 0.0006000000000000001
                matrix4d xformOp:transform = ( (0.46174861323503436, 0.8870108331782215, -0, 0), (0, 0, 1, 0), (0.8870108331782215, -0.46174861323503436, 0, 0), (-0.01727714101374821, -0.036437599947871054, 0.19134822133112223, 1) )
                uniform token[] xformOpOrder = ["xformOp:transform"]
            }

            def Sphere "Fruit_3" (
                prepend apiSchemas = ["PhysicsRigidBodyAPI", "PhysicsMassAPI", "PhysicsCollisionAPI"]
            )
            {
                rel material:binding = </Plant_1/Materials/FruitUnripe>
                bool physics:kinematicEnabled = 1
                float physics:mass = 0.00809318
                double radius = 0.012254072
                matrix4d xformOp:transform = ( (1, 0, 0, 0), (0, 1, 0, 0), (0, 0, 1, 0), (-0.005077130149434962, -0.04278852362020587, 0.19134822133112223, 1) )
                uniform token[] xformOpOrder = ["xformOp:transform"]
            }

            def Cylinder "Rachis_4"
            {
                uniform token axis = "Z"
                double height = 0.012
                rel material:binding = </Plant_1/Materials/Pedicel>
                double radius = 0.00075
                matrix4d xformOp:transform = ( (0.8870108331782215, -0.46174861323503436, 0, 0), (0.07223339729449109, 0.13875906517312458, 0.9876883405951378, 0), (-0.4560637215782172, -0.8760902579117081, 0.15643446504023092, 0), (-0.021344039592984844, -0.04100151857548875, 0.1922868281213636, 1) )
                uniform token[] xformOpOrder = ["xformOp:transform"]
            }

            def Cylinder "Pedicel_4"
            {
                uniform token axis = "Z"
                double height = 0.003
                rel material:binding = </Plant_1/Materials/Pedicel>
                double radius = 0.0006000000000000001
                matrix4d xformOp:transform = ( (-0.46174861323503436, -0.8870108331782215, 0, 0), (0, 0, 1, 0), (-0.8870108331782215, 0.46174861323503436, -0, 0), (-0.02541093817222148, -0.04556543720310645, 0.193225434911605, 1) )
                uniform token[] xformOpOrder = ["xformOp:transform"]
            }

            def Sphere "Fruit_4" (
                prepend apiSchemas = ["PhysicsRigidBodyAPI", "PhysicsMassAPI", "PhysicsCollisionAPI"]
            )
            {
                rel material:binding = </Plant_1/Materials/FruitUnripe>
                bool physics:kinematicEnabled = 1
                float physics:mass = 0.0072180354
                double radius = 0.011795428
                matrix4d xformOp:transform = ( (1, 0, 0, 0), (0, 1, 0, 0), (0, 0, 1, 0), (-0.037204126839962534, -0.0394262917617402, 0.193225434911605, 1) )
                uniform token[] xformOpOrder = ["xformOp:transform"]
            }

            def Cylinder "Rachis_5"
            {
                uniform token axis = "Z"
                double height = 0.012
                rel material:binding = </Plant_1/Materials/Pedicel>
                double radius = 0.00075
                matrix4d xformOp:transform = ( (0.8870108331782215, -0.46174861323503436, 0, 0), (2.82739480604507e-17, 5.431374888303679e-17, 1, 0), (-0.46174861323503436, -0.8870108331782215, 6.123233995736766e-17, 0), (-0.026850913601864354, -0.05158012512202833, 0.193225434911605, 1) )
                uniform token[] xformOpOrder = ["xformOp:transform"]
            }

            def Cylinder "Pedicel_5"
            {
                uniform token axis = "Z"
                double height = 0.003
                rel material:binding = </Plant_1/Materials/Pedicel>
                double radius = 0.0006000000000000001
                matrix4d xformOp:transform = ( (0.46174861323503436, 0.8870108331782215, -0, 0), (0, 0, 1, 0), (0.8870108331782215, -0.46174861323503436, 0, 0), (-0.02829088903150723, -0.05759481304095021, 0.193225434911605, 1) )
                uniform token[] xformOpOrder = ["xformOp:transform"]
            }

            def Sphere "Fruit_5" (
                prepend apiSchemas = ["PhysicsRigidBodyAPI", "PhysicsMassAPI", "PhysicsCollisionAPI"]
            )
            {
                rel material:binding = </Plant_1/Materials/FruitUnripe>
                bool physics:kinematicEnabled = 1
                float physics:mass = 0.0057935347
                double radius = 0.010961969
                matrix4d xformOp:transform = ( (1, 0, 0, 0), (0, 1, 0, 0), (0, 0, 1, 0), (-0.017236987525776064, -0.0633491099448782, 0.193225434911605, 1) )
                uniform token[] xformOpOrder = ["xformOp:transform"]
            }

            def Cylinder "Rachis_6"
            {
                uniform token axis = "Z"
                double height = 0.012
                rel material:binding = </Plant_1/Materials/Pedicel>
                double radius = 0.00075
                matrix4d xformOp:transform = ( (0.8870108331782215, -0.46174861323503436, 0, 0), (-0.07223339729449105, -0.1387590651731245, 0.9876883405951378, 0), (-0.4560637215782172, -0.8760902579117081, -0.1564344650402308, 0), (-0.032357787610743864, -0.062158731668567904, 0.1922868281213636, 1) )
                uniform token[] xformOpOrder = ["xformOp:transform"]
            }

            def Cylinder "Pedicel_6"
            {
                uniform token axis = "Z"
                double height = 0.003
                rel material:binding = </Plant_1/Materials/Pedicel>
                double radius = 0.0006000000000000001
                matrix4d xformOp:transform = ( (-0.46174861323503436, -0.8870108331782215, 0, 0), (0, 0, 1, 0), (-0.8870108331782215, 0.46174861323503436, -0, 0), (-0.0364246861899805, -0.06672265029618561, 0.19134822133112223, 1) )
                uniform token[] xformOpOrder = ["xformOp:transform"]
            }

            def Sphere "Fruit_6" (
                prepend apiSchemas = ["PhysicsRigidBodyAPI", "PhysicsMassAPI", "PhysicsCollisionAPI"]
            )
            {
                rel material:binding = </Plant_1/Materials/FruitUnripe>
                bool physics:kinematicEnabled = 1
                float physics:mass = 0.004301523
                double radius = 0.009926164
                matrix4d xformOp:transform = ( (1, 0, 0, 0), (0, 1, 0, 0), (0, 0, 1, 0), (-0.0465598174396515, -0.06144663491458953, 0.19134822133112223, 1) )
                uniform token[] xformOpOrder = ["xformOp:transform"]
            }

            def Cylinder "Pedicel_7"
            {
                uniform token axis = "Z"
                double height = 0.003
                rel material:binding = </Plant_1/Materials/Pedicel>
                double radius = 0.0006000000000000001
                matrix4d xformOp:transform = ( (0.8870108331782215, -0.46174861323503436, 0, 0), (-0.07223339729449105, -0.1387590651731245, 0.9876883405951378, 0), (-0.4560637215782172, -0.8760902579117081, -0.1564344650402308, 0), (-0.03577826552258049, -0.06872940860290572, 0.19111356963356188, 1) )
                uniform token[] xformOpOrder = ["xformOp:transform"]
            }

            def Sphere "Fruit_7" (
                prepend apiSchemas = ["PhysicsRigidBodyAPI", "PhysicsMassAPI", "PhysicsCollisionAPI"]
            )
            {
                rel material:binding = </Plant_1/Materials/FruitUnripe>
                bool physics:kinematicEnabled = 1
                float physics:mass = 0.0028770568
                double radius = 0.008680742
                matrix4d xformOp:transform = ( (1, 0, 0, 0), (0, 1, 0, 0), (0, 0, 1, 0), (-0.04042133260752816, -0.07764865748741828, 0.18952095070507927, 1) )
                uniform token[] xformOpOrder = ["xformOp:transform"]
            }
        }

        def Xform "Truss_r8_i0"
        {
            def Cylinder "Rachis_0"
            {
                uniform token axis = "Z"
                double height = 0.012
                rel material:binding = </Plant_1/Materials/Pedicel>
                double radius = 0.00075
                matrix4d xformOp:transform = ( (-0.3420201433256687, 0.9396926207859084, 0, 0), (-0.6644630243886748, -0.24184476264797528, 0.7071067811865475, 0), (0.6644630243886747, 0.24184476264797522, 0.7071067811865476, 0), (0.003986778146332048, 0.0014510685758878513, 0.21022550368711931, 1) )
                uniform token[] xformOpOrder = ["xformOp:transform"]
            }

            def Cylinder "Pedicel_0"
            {
                uniform token axis = "Z"
                double height = 0.003
                rel material:binding = </Plant_1/Materials/Pedicel>
                double radius = 0.0006000000000000001
                matrix4d xformOp:transform = ( (0.9396926207859084, 0.3420201433256687, -0, 0), (0, 0, 1, 0), (0.3420201433256687, -0.9396926207859084, -0, 0), (0.0084865865076526, 0.00149259822059684, 0.21446814437423858, 1) )
                uniform token[] xformOpOrder = ["xformOp:transform"]
            }

            def Sphere "Fruit_0" (
                prepend apiSchemas = ["PhysicsRigidBodyAPI", "PhysicsMassAPI", "PhysicsCollisionAPI"]
            )
            {
                rel material:binding = </Plant_1/Materials/FruitUnripe>
                bool physics:kinematicEnabled = 1
                float physics:mass = 0.009248185
                double radius = 0.01281129
                matrix4d xformOp:transform = ( (1, 0, 0, 0), (0, 1, 0, 0), (0, 0, 1, 0), (0.013381335964627808, -0.011955615386330323, 0.21446814437423858, 1) )
                uniform token[] xformOpOrder = ["xformOp:transform"]
            }

            def Cylinder "Rachis_1"
            {
                uniform token axis = "Z"
                double height = 0.012
                rel material:binding = </Plant_1/Materials/Pedicel>
                double radius = 0.00075
                matrix4d xformOp:transform = ( (-0.3420201433256687, 0.9396926207859085, 0, 0), (-0.5523374641860206, -0.201034396233786, 0.8090169943749476, 0), (0.760227299704533, 0.27670010836902126, 0.5877852522924731, 0), (0.012534920090891292, 0.00456233780198983, 0.21799485588799342, 1) )
                uniform token[] xformOpOrder = ["xformOp:transform"]
            }

            def Cylinder "Pedicel_1"
            {
                uniform token axis = "Z"
                double height = 0.003
                rel material:binding = </Plant_1/Materials/Pedicel>
                double radius = 0.0006000000000000001
                matrix4d xformOp:transform = ( (-0.9396926207859084, -0.3420201433256687, 0, 0), (0, 0, 1, 0), (-0.3420201433256687, 0.9396926207859084, 0, 0), (0.016583253674129987, 0.00763207738338282, 0.22152156740174828, 1) )
                uniform token[] xformOpOrder = ["xformOp:transform"]
            }

            def Sphere "Fruit_1" (
                prepend apiSchemas = ["PhysicsRigidBodyAPI", "PhysicsMassAPI", "PhysicsCollisionAPI"]
            )
            {
                rel material:binding = </Plant_1/Materials/FruitUnripe>
                bool physics:kinematicEnabled = 1
                float physics:mass = 0.008499681
                double radius = 0.012455894
                matrix4d xformOp:transform = ( (1, 0, 0, 0), (0, 1, 0, 0), (0, 0, 1, 0), (0.011810056808012148, 0.020746327991653157, 0.22152156740174828, 1) )
                uniform token[] xformOpOrder = ["xformOp:transform"]
            }

            def Cylinder "Rachis_2"
            {
                uniform token axis = "Z"
                double height = 0.012
                rel material:binding = </Plant_1/Materials/Pedicel>
                double radius = 0.00075
                matrix4d xformOp:transform = ( (-0.3420201433256687, 0.9396926207859084, 0, 0), (-0.42661152251215906, -0.15527389578941178, 0.8910065241883679, 0), (0.8372722558519103, 0.3047421791070115, 0.45399049973954686, 0), (0.022119917424229953, 0.008050991526846027, 0.22424551040018556, 1) )
                uniform token[] xformOpOrder = ["xformOp:transform"]
            }

            def Cylinder "Pedicel_2"
            {
                uniform token axis = "Z"
                double height = 0.003
                rel material:binding = </Plant_1/Materials/Pedicel>
                double radius = 0.0006000000000000001
                matrix4d xformOp:transform = ( (0.9396926207859084, 0.3420201433256687, -0, 0), (0, 0, 1, 0), (0.3420201433256687, -0.9396926207859084, -0, 0), (0.027656581174329918, 0.008469905670309233, 0.22696945339862284, 1) )
                uniform token[] xformOpOrder = ["xformOp:transform"]
            }

            def Sphere "Fruit_2" (
                prepend apiSchemas = ["PhysicsRigidBodyAPI", "PhysicsMassAPI", "PhysicsCollisionAPI"]
            )
            {
                rel material:binding = </Plant_1/Materials/FruitUnripe>
                bool physics:kinematicEnabled = 1
                float physics:mass = 0.0072180354
                double radius = 0.011795428
                matrix4d xformOp:transform = ( (1, 0, 0, 0), (0, 1, 0, 0), (0, 0, 1, 0), (0.03220388536446603, -0.004023709911481115, 0.22696945339862284, 1) )
                uniform token[] xformOpOrder = ["xformOp:transform"]
            }

            def Cylinder "Rachis_3"
            {
                uniform token axis = "Z"
                double height = 0.012
                rel material:binding = </Plant_1/Materials/Pedicel>
                double radius = 0.00075
                matrix4d xformOp:transform = ( (-0.3420201433256687, 0.9396926207859084, 0, 0), (-0.2903809893115787, -0.10569003670618689, 0.9510565162951536, 0), (0.8937007903129088, 0.3252804860140796, 0.30901699437494745, 0), (0.032505755701218865, 0.011831127517572574, 0.22882355536487253, 1) )
                uniform token[] xformOpOrder = ["xformOp:transform"]
            }

            def Cylinder "Pedicel_3"
            {
                uniform token axis = "Z"
                double height = 0.003
                rel material:binding = </Plant_1/Materials/Pedicel>
                double radius = 0.0006000000000000001
                matrix4d xformOp:transform = ( (-0.9396926207859084, -0.3420201433256687, 0, 0), (0, 0, 1, 0), (-0.3420201433256687, 0.9396926207859084, 0, 0), (0.03735493022810782, 0.015192349364835916, 0.23067765733112222, 1) )
                uniform token[] xformOpOrder = ["xformOp:transform"]
            }

            def Sphere "Fruit_3" (
                prepend apiSchemas = ["PhysicsRigidBodyAPI", "PhysicsMassAPI", "PhysicsCollisionAPI"]
            )
            {
                rel material:binding = </Plant_1/Materials/FruitUnripe>
                bool physics:kinematicEnabled = 1
                float physics:mass = 0.0057935347
                double radius = 0.010961969
                matrix4d xformOp:transform = ( (1, 0, 0, 0), (0, 1, 0, 0), (0, 0, 1, 0), (0.03309268580460778, 0.02690276967459866, 0.23067765733112222, 1) )
                uniform token[] xformOpOrder = ["xformOp:transform"]
            }

            def Cylinder "Rachis_4"
            {
                uniform token axis = "Z"
                double height = 0.012
                rel material:binding = </Plant_1/Materials/Pedicel>
                double radius = 0.00075
                matrix4d xformOp:transform = ( (-0.3420201433256687, 0.9396926207859084, 0, 0), (-0.14700031243489617, -0.05350373815413409, 0.9876883405951378, 0), (0.92812344529353, 0.3378093078114409, 0.15643446504023092, 0), (0.0434367011148575, 0.0158096662805257, 0.2316162641213636, 1) )
                uniform token[] xformOpOrder = ["xformOp:transform"]
            }

            def Cylinder "Pedicel_4"
            {
                uniform token axis = "Z"
                double height = 0.003
                rel material:binding = </Plant_1/Materials/Pedicel>
                double radius = 0.0006000000000000001
                matrix4d xformOp:transform = ( (0.9396926207859084, 0.3420201433256687, -0, 0), (0, 0, 1, 0), (0.3420201433256687, -0.9396926207859084, -0, 0), (0.04951847200160719, 0.016426983196215484, 0.23255487091160498, 1) )
                uniform token[] xformOpOrder = ["xformOp:transform"]
            }

            def Sphere "Fruit_4" (
                prepend apiSchemas = ["PhysicsRigidBodyAPI", "PhysicsMassAPI", "PhysicsCollisionAPI"]
            )
            {
                rel material:binding = </Plant_1/Materials/FruitUnripe>
                bool physics:kinematicEnabled = 1
                float physics:mass = 0.0047998754
                double radius = 0.010295577
                matrix4d xformOp:transform = ( (1, 0, 0, 0), (0, 1, 0, 0), (0, 0, 1, 0), (0.05355279693775615, 0.0053427665314035, 0.23255487091160498, 1) )
                uniform token[] xformOpOrder = ["xformOp:transform"]
            }

            def Cylinder "Rachis_5"
            {
                uniform token axis = "Z"
                double height = 0.012
                rel material:binding = </Plant_1/Materials/Pedicel>
                double radius = 0.00075
                matrix4d xformOp:transform = ( (-0.3420201433256687, 0.9396926207859084, 0, 0), (-5.753957801139251e-17, -2.094269368838496e-17, 1, 0), (0.9396926207859084, 0.3420201433256687, 6.123233995736766e-17, 0), (0.05464359751133414, 0.019888642987348357, 0.23255487091160498, 1) )
                uniform token[] xformOpOrder = ["xformOp:transform"]
            }

            def Cylinder "Pedicel_5"
            {
                uniform token axis = "Z"
                double height = 0.003
                rel material:binding = </Plant_1/Materials/Pedicel>
                double radius = 0.0006000000000000001
                matrix4d xformOp:transform = ( (-0.9396926207859084, -0.3420201433256687, 0, 0), (0, 0, 1, 0), (-0.3420201433256687, 0.9396926207859084, 0, 0), (0.05976872302106108, 0.02335030277848123, 0.23255487091160498, 1) )
                uniform token[] xformOpOrder = ["xformOp:transform"]
            }

            def Sphere "Fruit_5" (
                prepend apiSchemas = ["PhysicsRigidBodyAPI", "PhysicsMassAPI", "PhysicsCollisionAPI"]
            )
            {
                rel material:binding = </Plant_1/Materials/FruitUnripe>
                bool physics:kinematicEnabled = 1
                float physics:mass = 0.0033288058
                double radius = 0.009113185
                matrix4d xformOp:transform = ( (1, 0, 0, 0), (0, 1, 0, 0), (0, 0, 1, 0), (0.05613879996621925, 0.03332343440601692, 0.23255487091160498, 1) )
                uniform token[] xformOpOrder = ["xformOp:transform"]
            }

            def Cylinder "Rachis_6"
            {
                uniform token axis = "Z"
                double height = 0.012
                rel material:binding = </Plant_1/Materials/Pedicel>
                double radius = 0.00075
                matrix4d xformOp:transform = ( (-0.3420201433256687, 0.9396926207859084, 0, 0), (0.14700031243489606, 0.053503738154134055, 0.9876883405951378, 0), (0.92812344529353, 0.3378093078114409, -0.1564344650402308, 0), (0.06585049390781077, 0.023967619694171015, 0.2316162641213636, 1) )
                uniform token[] xformOpOrder = ["xformOp:transform"]
            }

            def Cylinder "Pedicel_6"
            {
                uniform token axis = "Z"
                double height = 0.003
                rel material:binding = </Plant_1/Materials/Pedicel>
                double radius = 0.0006000000000000001
                matrix4d xformOp:transform = ( (0.9396926207859084, 0.3420201433256687, -0, 0), (0, 0, 1, 0), (0.3420201433256687, -0.9396926207859084, -0, 0), (0.07193226479456044, 0.0245849366098608, 0.23067765733112222, 1) )
                uniform token[] xformOpOrder = ["xformOp:transform"]
            }

            def Sphere "Fruit_6" (
                prepend apiSchemas = ["PhysicsRigidBodyAPI", "PhysicsMassAPI", "PhysicsCollisionAPI"]
            )
            {
                rel material:binding = </Plant_1/Materials/FruitUnripe>
                bool physics:kinematicEnabled = 1
                float physics:mass = 0.0020556145
                double radius = 0.007760468
                matrix4d xformOp:transform = ( (1, 0, 0, 0), (0, 1, 0, 0), (0, 0, 1, 0), (0.07509953138718321, 0.01588294316523676, 0.23067765733112222, 1) )
                uniform token[] xformOpOrder = ["xformOp:transform"]
            }

            def Cylinder "Pedicel_7"
            {
                uniform token axis = "Z"
                double height = 0.003
                rel material:binding = </Plant_1/Materials/Pedicel>
                double radius = 0.0006000000000000001
                matrix4d xformOp:transform = ( (-0.3420201433256687, 0.9396926207859084, 0, 0), (0.14700031243489606, 0.053503738154134055, 0.9876883405951378, 0), (0.92812344529353, 0.3378093078114409, -0.1564344650402308, 0), (0.07281141974751223, 0.026501189502756824, 0.23044300563356188, 1) )
                uniform token[] xformOpOrder = ["xformOp:transform"]
            }

            def Sphere "Fruit_7" (
                prepend apiSchemas = ["PhysicsRigidBodyAPI", "PhysicsMassAPI", "PhysicsCollisionAPI"]
            )
            {
                rel material:binding = </Plant_1/Materials/FruitUnripe>
                bool physics:kinematicEnabled = 1
                float physics:mass = 0.00093870016
                double radius = 0.005976079
                matrix4d xformOp:transform = ( (1, 0, 0, 0), (0, 1, 0, 0), (0, 0, 1, 0), (0.07975014394627884, 0.029026678574890472, 0.22927348921459836, 1) )
                uniform token[] xformOpOrder = ["xformOp:transform"]
            }
        }

        def Xform "Truss_r9_i0"
        {
            def Cylinder "Rachis_0"
            {
                uniform token axis = "Z"
                double height = 0.012
                rel material:binding = </Plant_1/Materials/Pedicel>
                double radius = 0.00075
                matrix4d xformOp:transform = ( (-0.3826834323650899, -0.9238795325112867, 0, 0), (0.6532814824381883, -0.2705980500730986, 0.7071067811865475, 0), (-0.6532814824381882, 0.27059805007309856, 0.7071067811865476, 0), (-0.003919688894629129, 0.0016235883004385914, 0.2452406056871193, 1) )
                uniform token[] xformOpOrder = ["xformOp:transform"]
            }

            def Cylinder "Pedicel_0"
            {
                uniform token axis = "Z"
                double height = 0.003
                rel material:binding = </Plant_1/Materials/Pedicel>
                double radius = 0.0006000000000000001
                matrix4d xformOp:transform = ( (-0.9238795325112867, 0.3826834323650899, 0, 0), (0, 0, 1, 0), (0.3826834323650899, 0.9238795325112867, -0, 0), (-0.007265352640710623, 0.004632995899644113, 0.24948324637423858, 1) )
                uniform token[] xformOpOrder = ["xformOp:transform"]
            }

            def Sphere "Fruit_0" (
                prepend apiSchemas = ["PhysicsRigidBodyAPI", "PhysicsMassAPI", "PhysicsCollisionAPI"]
            )
            {
                rel material:binding = </Plant_1/Materials/FruitUnripe>
                bool physics:kinematicEnabled = 1
                float physics:mass = 0.0067573856
                double radius = 0.011538967
                matrix4d xformOp:transform = ( (1, 0, 0, 0), (0, 1, 0, 0), (0, 0, 1, 0), (-0.0022755559946554833, 0.016679430636034207, 0.24948324637423858, 1) )
                uniform token[] xformOpOrder = ["xformOp:transform"]
            }

            def Cylinder "Rachis_1"
            {
                uniform token axis = "Z"
                double height = 0.012
                rel material:binding = </Plant_1/Materials/Pedicel>
                double radius = 0.00075
                matrix4d xformOp:transform = ( (-0.38268343236508984, -0.9238795325112867, 0, 0), (0.5430427641049989, -0.2249356778408639, 0.8090169943749475, 0), (-0.7474342425568128, 0.3095974002490935, 0.5877852522924731, 0), (-0.012323983244599135, 0.005104761002371744, 0.2530099578879934, 1) )
                uniform token[] xformOpOrder = ["xformOp:transform"]
            }

            def Cylinder "Pedicel_1"
            {
                uniform token axis = "Z"
                double height = 0.003
                rel material:binding = </Plant_1/Materials/Pedicel>
                double radius = 0.0006000000000000001
                matrix4d xformOp:transform = ( (0.9238795325112867, -0.3826834323650899, 0, 0), (0, 0, 1, 0), (-0.3826834323650899, -0.9238795325112867, 0, 0), (-0.017382613848487646, 0.005576526105099375, 0.25653666940174824, 1) )
                uniform token[] xformOpOrder = ["xformOp:transform"]
            }

            def Sphere "Fruit_1" (
                prepend apiSchemas = ["PhysicsRigidBodyAPI", "PhysicsMassAPI", "PhysicsCollisionAPI"]
            )
            {
                rel material:binding = </Plant_1/Materials/FruitUnripe>
                bool physics:kinematicEnabled = 1
                float physics:mass = 0.0057935347
                double radius = 0.010961969
                matrix4d xformOp:transform = ( (1, 0, 0, 0), (0, 1, 0, 0), (0, 0, 1, 0), (-0.022151602919434993, -0.005936831988790773, 0.25653666940174824, 1) )
                uniform token[] xformOpOrder = ["xformOp:transform"]
            }

            def Cylinder "Rachis_2"
            {
                uniform token axis = "Z"
                double height = 0.012
                rel material:binding = </Plant_1/Materials/Pedicel>
                double radius = 0.00075
                matrix4d xformOp:transform = ( (-0.38268343236508984, -0.9238795325112866, 0, 0), (0.4194325306639379, -0.1737346427014722, 0.8910065241883678, 0), (-0.8231826910316558, 0.34097343493609306, 0.4539904997395468, 0), (-0.021747684846129947, 0.009008186013482864, 0.2592606124001855, 1) )
                uniform token[] xformOpOrder = ["xformOp:transform"]
            }

            def Cylinder "Pedicel_2"
            {
                uniform token axis = "Z"
                double height = 0.003
                rel material:binding = </Plant_1/Materials/Pedicel>
                double radius = 0.0006000000000000001
                matrix4d xformOp:transform = ( (-0.9238795325112867, 0.3826834323650899, 0, 0), (0, 0, 1, 0), (0.3826834323650899, 0.9238795325112867, -0, 0), (-0.026112755843772244, 0.01243984592186635, 0.2619845553986228, 1) )
                uniform token[] xformOpOrder = ["xformOp:transform"]
            }

            def Sphere "Fruit_2" (
                prepend apiSchemas = ["PhysicsRigidBodyAPI", "PhysicsMassAPI", "PhysicsCollisionAPI"]
            )
            {
                rel material:binding = </Plant_1/Materials/FruitUnripe>
                bool physics:kinematicEnabled = 1
                float physics:mass = 0.004301523
                double radius = 0.009926164
                matrix4d xformOp:transform = ( (1, 0, 0, 0), (0, 1, 0, 0), (0, 0, 1, 0), (-0.02174015218548582, 0.022996244976583646, 0.2619845553986228, 1) )
                uniform token[] xformOpOrder = ["xformOp:transform"]
            }

            def Cylinder "Rachis_3"
            {
                uniform token axis = "Z"
                double height = 0.012
                rel material:binding = </Plant_1/Materials/Pedicel>
                double radius = 0.00075
                matrix4d xformOp:transform = ( (-0.3826834323650899, -0.9238795325112867, 0, 0), (0.28549447630116936, -0.11825568406654857, 0.9510565162951536, 0), (-0.8786616496665794, 0.3639535720290144, 0.30901699437494745, 0), (-0.031958750890319354, 0.013237748055273507, 0.2638386573648725, 1) )
                uniform token[] xformOpOrder = ["xformOp:transform"]
            }

            def Cylinder "Pedicel_3"
            {
                uniform token axis = "Z"
                double height = 0.003
                rel material:binding = </Plant_1/Materials/Pedicel>
                double radius = 0.0006000000000000001
                matrix4d xformOp:transform = ( (0.9238795325112867, -0.3826834323650899, 0, 0), (0, 0, 1, 0), (-0.3826834323650899, -0.9238795325112867, 0, 0), (-0.037804745936866474, 0.014035650188680663, 0.2656927593311222, 1) )
                uniform token[] xformOpOrder = ["xformOp:transform"]
            }

            def Sphere "Fruit_3" (
                prepend apiSchemas = ["PhysicsRigidBodyAPI", "PhysicsMassAPI", "PhysicsCollisionAPI"]
            )
            {
                rel material:binding = </Plant_1/Materials/FruitUnripe>
                bool physics:kinematicEnabled = 1
                float physics:mass = 0.0028770568
                double radius = 0.008680742
                matrix4d xformOp:transform = ( (1, 0, 0, 0), (0, 1, 0, 0), (0, 0, 1, 0), (-0.0417007472294499, 0.004629871029102639, 0.2656927593311222, 1) )
                uniform token[] xformOpOrder = ["xformOp:transform"]
            }

            def Cylinder "Rachis_4"
            {
                uniform token axis = "Z"
                double height = 0.012
                rel material:binding = </Plant_1/Materials/Pedicel>
                double radius = 0.00075
                matrix4d xformOp:transform = ( (-0.38268343236508984, -0.9238795325112866, 0, 0), (0.14452660043002175, -0.059864878021792224, 0.9876883405951378, 0), (-0.9125050423758845, 0.3779719642859273, 0.15643446504023092, 0), (-0.04270575104257414, 0.017689301273163156, 0.26663136612136357, 1) )
                uniform token[] xformOpOrder = ["xformOp:transform"]
            }

            def Cylinder "Pedicel_4"
            {
                uniform token axis = "Z"
                double height = 0.003
                rel material:binding = </Plant_1/Materials/Pedicel>
                double radius = 0.0006000000000000001
                matrix4d xformOp:transform = ( (-0.9238795325112867, 0.3826834323650899, 0, 0), (0, 0, 1, 0), (0.3826834323650899, 0.9238795325112867, -0, 0), (-0.04760675614828182, 0.02134295235764565, 0.26756997291160495, 1) )
                uniform token[] xformOpOrder = ["xformOp:transform"]
            }

            def Sphere "Fruit_4" (
                prepend apiSchemas = ["PhysicsRigidBodyAPI", "PhysicsMassAPI", "PhysicsCollisionAPI"]
            )
            {
                rel material:binding = </Plant_1/Materials/FruitUnripe>
                bool physics:kinematicEnabled = 1
                float physics:mass = 0.001661514
                double radius = 0.0072289524
                matrix4d xformOp:transform = ( (1, 0, 0, 0), (0, 1, 0, 0), (0, 0, 1, 0), (-0.04426633068289833, 0.029407452820270925, 0.26756997291160495, 1) )
                uniform token[] xformOpOrder = ["xformOp:transform"]
            }

            def Cylinder "Rachis_5"
            {
                uniform token axis = "Z"
                double height = 0.012
                rel material:binding = </Plant_1/Materials/Pedicel>
                double radius = 0.00075
                matrix4d xformOp:transform = ( (-0.3826834323650899, -0.9238795325112867, 0, 0), (5.657130561438501e-17, -2.34326020266315e-17, 1, 0), (-0.9238795325112867, 0.3826834323650899, 6.123233995736766e-17, 0), (-0.05372405849189717, 0.02225323365306926, 0.26756997291160495, 1) )
                uniform token[] xformOpOrder = ["xformOp:transform"]
            }

            def Cylinder "Pedicel_5"
            {
                uniform token axis = "Z"
                double height = 0.003
                rel material:binding = </Plant_1/Materials/Pedicel>
                double radius = 0.0006000000000000001
                matrix4d xformOp:transform = ( (0.9238795325112867, -0.3826834323650899, 0, 0), (0, 0, 1, 0), (-0.3826834323650899, -0.9238795325112867, 0, 0), (-0.05984136083551253, 0.023163514948492867, 0.26756997291160495, 1) )
                uniform token[] xformOpOrder = ["xformOp:transform"]
            }

            def Sphere "Fruit_5" (
                prepend apiSchemas = ["PhysicsRigidBodyAPI", "PhysicsMassAPI", "PhysicsCollisionAPI"]
            )
            {
                rel material:binding = </Plant_1/Materials/FruitUnripe>
                bool physics:kinematicEnabled = 1
                float physics:mass = 0.00093870016
                double radius = 0.005976079
                matrix4d xformOp:transform = ( (1, 0, 0, 0), (0, 1, 0, 0), (0, 0, 1, 0), (-0.0627023324078651, 0.01625651857695542, 0.26756997291160495, 1) )
                uniform token[] xformOpOrder = ["xformOp:transform"]
            }

            def Cylinder "Pedicel_6"
            {
                uniform token axis = "Z"
                double height = 0.003
                rel material:binding = </Plant_1/Materials/Pedicel>
                double radius = 0.0006000000000000001
                matrix4d xformOp:transform = ( (-0.3826834323650899, -0.9238795325112867, 0, 0), (5.657130561438501e-17, -2.34326020266315e-17, 1, 0), (-0.9238795325112867, 0.3826834323650899, 6.123233995736766e-17, 0), (-0.06065315498573182, 0.025123359395807433, 0.26756997291160495, 1) )
                uniform token[] xformOpOrder = ["xformOp:transform"]
            }

            def Sphere "Fruit_6" (
                prepend apiSchemas = ["PhysicsRigidBodyAPI", "PhysicsMassAPI", "PhysicsCollisionAPI"]
            )
            {
                rel material:binding = </Plant_1/Materials/FruitUnripe>
                bool physics:kinematicEnabled = 1
                float physics:mass = 0.00013813934
                double radius = 0.0031551002
                matrix4d xformOp:transform = ( (1, 0, 0, 0), (0, 1, 0, 0), (0, 0, 1, 0), (-0.06495390678230102, 0.02690478911834685, 0.26756997291160495, 1) )
                uniform token[] xformOpOrder = ["xformOp:transform"]
            }
        }

        def Xform "Truss_r10_i0"
        {
            def Cylinder "Rachis_0"
            {
                uniform token axis = "Z"
                double height = 0.012
                rel material:binding = </Plant_1/Materials/Pedicel>
                double radius = 0.00075
                matrix4d xformOp:transform = ( (0.9063077870366498, 0.42261826174069966, -0, 0), (-0.29883623873012, 0.6408563820557885, 0.7071067811865475, 0), (0.29883623873011994, -0.6408563820557884, 0.7071067811865476, 0), (0.0017930174323807196, -0.0038451382923347308, 0.004242640687119286, 1) )
                uniform token[] xformOpOrder = ["xformOp:transform"]
            }

            def Cylinder "Pedicel_0"
            {
                uniform token axis = "Z"
                double height = 0.003
                rel material:binding = </Plant_1/Materials/Pedicel>
                double radius = 0.0006000000000000001
                matrix4d xformOp:transform = ( (0.4226182617406996, -0.9063077870366499, 0, 0), (-0, 0, 1, 0), (-0.9063077870366499, -0.4226182617406996, -0, 0), (0.0022265731842064642, -0.00832420397728051, 0.008485281374238571, 1) )
                uniform token[] xformOpOrder = ["xformOp:transform"]
            }

            def Sphere "Fruit_0" (
                prepend apiSchemas = ["PhysicsRigidBodyAPI", "PhysicsMassAPI", "PhysicsCollisionAPI"]
            )
            {
                rel material:binding = </Plant_1/Materials/FruitUnripe>
                bool physics:kinematicEnabled = 1
                float physics:mass = 0.0012839675
                double radius = 0.006633744
                matrix4d xformOp:transform = ( (1, 0, 0, 0), (0, 1, 0, 0), (0, 0, 1, 0), (-0.005145102340756165, -0.011761672728004356, 0.008485281374238571, 1) )
                uniform token[] xformOpOrder = ["xformOp:transform"]
            }

            def Cylinder "Pedicel_1"
            {
                uniform token axis = "Z"
                double height = 0.003
                rel material:binding = </Plant_1/Materials/Pedicel>
                double radius = 0.0006000000000000001
                matrix4d xformOp:transform = ( (0.9063077870366498, 0.42261826174069966, -0, 0), (-0.29883623873012, 0.6408563820557885, 0.7071067811865475, 0), (0.29883623873011994, -0.6408563820557884, 0.7071067811865476, 0), (0.004034289222856619, -0.008651561157753144, 0.009545941546018392, 1) )
                uniform token[] xformOpOrder = ["xformOp:transform"]
            }

            def Sphere "Fruit_1" (
                prepend apiSchemas = ["PhysicsRigidBodyAPI", "PhysicsMassAPI", "PhysicsCollisionAPI"]
            )
            {
                rel material:binding = </Plant_1/Materials/FruitUnripe>
                bool physics:kinematicEnabled = 1
                float physics:mass = 0.0006339375
                double radius = 0.0052431165
                matrix4d xformOp:transform = ( (1, 0, 0, 0), (0, 1, 0, 0), (0, 0, 1, 0), (0.00604937679503563, -0.012972930401723835, 0.014314044949499291, 1) )
                uniform token[] xformOpOrder = ["xformOp:transform"]
            }
        }
    }
}

